date,code,direction,qty,price,cost
20220104,601728,buy,276710,3.61,2999.99
20220104,300139,buy,79744,12.54,2999.97
20220104,688981,buy,18818,53.14,2999.97
20220104,603037,buy,135782,7.36,2999.99
20220104,300660,buy,64554,15.49,3000.0
20220104,603005,buy,30397,32.9,2999.91
20220104,300580,buy,83633,11.96,2999.99
20220104,600033,buy,413969,2.42,3000.0
20220104,600050,buy,282069,3.55,2999.99
20220104,688378,buy,47918,20.87,2999.96
20220104,601169,buy,286058,3.5,2999.99
20220104,600015,buy,229938,4.35,2999.99
20220104,002296,buy,135020,7.41,2999.99
20220104,603327,buy,150236,6.66,2999.99
20220104,002818,buy,112973,8.85,2999.99
20220104,002406,buy,171681,5.82,2999.99
20220104,603881,buy,58251,17.17,2999.99
20220104,603926,buy,85485,11.7,2999.97
20220104,000429,buy,168012,5.95,3000.0
20220104,603095,buy,90332,11.07,2999.99
20220104,301000,buy,76974,12.99,2999.98
20220104,601518,buy,546622,1.83,3000.0
20220104,300394,buy,56218,17.79,2999.99
20220104,688318,buy,25577,39.1,2999.97
20220104,603006,buy,105214,9.5,3000.0
20220104,688678,buy,62668,15.96,2999.99
20220104,000807,buy,97231,10.28,3000.0
20220104,000823,buy,78023,12.82,3000.0
20220104,000975,buy,125541,7.97,2999.98
20220104,601229,buy,184702,5.41,3000.0
20220104,601339,buy,226630,4.41,3000.0
20220104,002195,buy,396797,2.52,3000.0
20220104,603637,buy,105445,9.48,2999.98
20220104,601811,buy,125419,7.97,2999.99
20220104,002106,buy,92571,10.8,2999.98
20220104,002379,buy,305896,3.27,2999.99
20220104,603685,buy,80097,12.48,2999.97
20220104,603239,buy,62383,16.03,2999.98
20220104,603809,buy,132644,7.54,2999.99
20220104,600012,buy,170375,5.87,2999.99
20220104,600901,buy,352205,2.84,3000.0
20220104,603698,buy,55996,17.86,2999.96
20220104,000425,buy,186315,5.37,3000.0
20220104,000612,buy,142114,7.04,2999.98
20220104,600353,buy,188650,5.3,2999.99
20220104,002048,buy,51303,19.49,2999.97
20220104,601985,buy,133367,7.5,3000.0
20220104,605100,buy,83315,12.0,2999.99
20220104,600020,buy,337275,2.96,3000.0
20220104,003025,buy,83126,12.03,2999.97
20220104,600742,buy,99762,10.02,2999.99
20220104,300458,buy,50111,19.96,3000.0
20220104,601928,buy,151572,6.6,2999.99
20220104,603599,buy,57807,17.3,3000.0
20220104,600219,buy,267219,3.74,2999.99
20220104,300893,buy,79559,12.57,2999.99
20220104,603100,buy,69475,14.39,2999.98
20220104,002483,buy,127750,7.83,2999.98
20220104,601988,buy,415463,2.41,3000.0
20220104,600888,buy,136339,7.33,2999.98
20220104,002913,buy,27798,35.97,2999.95
20220104,002839,buy,255571,3.91,3000.0
20220104,688618,buy,49344,20.27,2999.96
20220104,601019,buy,189115,5.29,2999.99
20220104,600016,buy,327157,3.06,3000.0
20220104,002428,buy,82472,12.13,2999.98
20220104,300303,buy,167166,5.98,2999.99
20220104,300738,buy,95180,10.51,2999.99
20220104,603002,buy,149099,6.71,2999.98
20220104,688313,buy,78623,12.72,2999.97
20220104,601919,buy,90054,11.1,2999.99
20220104,002757,buy,76451,13.08,2999.97
20220104,601717,buy,102643,9.74,2999.97
20220104,000960,buy,56398,17.73,2999.97
20220104,300493,buy,125443,7.97,2999.98
20220104,002722,buy,64913,15.41,3000.0
20220104,000603,buy,80279,12.46,2999.98
20220104,600377,buy,136781,7.31,3000.0
20220104,601199,buy,169801,5.89,2999.99
20220104,002815,buy,63779,15.68,2999.96
20220104,600039,buy,150213,6.66,3000.0
20220104,002039,buy,72705,13.75,2999.97
20220104,600582,buy,268736,3.72,2999.99
20220104,002725,buy,95538,10.47,3000.0
20220104,000630,buy,316363,3.16,3000.0
20220104,603890,buy,77766,12.86,2999.97
20220104,003816,buy,352051,2.84,2999.99
20220104,000800,buy,105586,9.47,2999.98
20220104,002034,buy,63648,15.71,2999.96
20220104,300547,buy,77243,12.95,2999.98
20220104,002101,buy,94765,10.55,2999.98
20220104,002031,buy,458715,2.18,3000.0
20220104,605259,buy,60137,16.63,2999.96
20220104,605208,buy,84046,11.9,2999.97
20220104,002636,buy,69648,14.36,2999.98
20220104,300570,buy,58262,17.16,2999.99
20220104,603386,buy,68247,14.65,2999.99
20220104,603966,buy,168131,5.95,3000.0
20220104,002138,buy,29187,34.26,2999.99
20220104,300304,buy,104778,6.69,2104.23
20220207,688981,sell,18818,49.97,2821.01
20220207,300394,sell,56218,16.36,2759.26
20220207,603006,sell,105214,8.53,2690.86
20220207,688678,sell,62668,13.21,2483.63
20220207,002195,sell,396797,2.45,2918.29
20220207,603637,sell,105445,7.93,2508.33
20220207,002379,sell,305896,3.18,2918.18
20220207,603685,sell,80097,11.0,2644.28
20220207,603239,sell,62383,12.54,2347.07
20220207,603809,sell,132644,7.5,2985.0
20220207,600012,sell,170375,6.6,3373.43
20220207,603698,sell,55996,14.81,2487.77
20220207,600353,sell,188650,5.1,2884.46
20220207,605100,sell,83315,11.29,2821.69
20220207,300893,sell,79559,10.49,2504.21
20220207,601988,sell,415463,2.45,3058.63
20220207,002839,sell,255571,4.34,3329.33
20220207,002428,sell,82472,13.22,3271.14
20220207,300303,sell,167166,4.98,2496.17
20220207,603002,sell,149099,6.0,2685.47
20220207,688313,sell,78623,11.03,2601.84
20220207,002757,sell,76451,11.8,2705.44
20220207,601717,sell,102643,9.84,3030.22
20220207,300493,sell,125443,7.26,2732.66
20220207,002722,sell,64913,14.93,2907.35
20220207,000603,sell,80279,12.66,3049.94
20220207,600377,sell,136781,7.63,3130.43
20220207,002815,sell,63779,13.37,2557.97
20220207,600039,sell,150213,6.32,2848.84
20220207,002725,sell,95538,8.97,2571.43
20220207,603890,sell,77766,12.27,2862.69
20220207,003816,sell,352051,2.67,2818.46
20220207,300547,sell,77243,13.5,3127.6
20220207,002031,sell,458715,1.92,2642.2
20220207,002636,sell,69648,11.51,2404.41
20220207,300570,sell,58262,14.89,2602.42
20220207,603966,sell,168131,5.3,2673.04
20220207,002138,sell,29187,30.74,2691.55
20220207,300304,sell,104778,5.81,1827.28
20220207,601728,sell,6958,3.47,72.51
20220207,600050,sell,1597,3.34,16.01
20220207,002296,sell,1123,7.0,23.58
20220207,000612,buy,5569,6.34,106.0
20220207,600219,sell,12369,3.68,136.43
20220207,600015,sell,19709,4.46,263.54
20220207,000807,sell,9197,10.64,293.68
20220207,600033,sell,37867,2.49,283.02
20220207,601169,sell,24468,3.58,262.93
20220207,002818,sell,3488,8.56,89.56
20220207,603599,buy,6505,14.57,284.33
20220207,002034,sell,9391,17.27,486.55
20220207,605208,buy,3093,10.75,99.78
20220207,601677,buy,32525,28.81,2810.96
20220207,600533,buy,297858,3.15,2811.04
20220207,603327,buy,14139,5.7,241.8
20220207,002677,buy,68989,13.58,2811.04
20220207,300139,buy,4595,11.11,153.15
20220207,600888,sell,888,6.92,18.43
20220207,601019,sell,5830,5.11,89.42
20220207,300660,buy,1115,14.27,47.73
20220207,603587,buy,65385,14.33,2811.02
20220207,601919,buy,10000,9.37,280.95
20220207,600901,sell,14294,2.77,118.91
20220207,600020,sell,15408,2.91,134.57
20220207,000830,buy,79840,11.74,2811.02
20220207,600016,sell,21387,3.06,196.62
20220207,000501,buy,93938,9.97,2811.04
20220207,603037,buy,12057,6.34,229.25
20220207,600997,buy,171651,5.46,2811.04
20220207,000800,buy,1976,8.71,51.64
20220207,601518,sell,30703,1.82,167.29
20220207,600548,buy,111303,8.42,2811.03
20220207,600582,buy,7625,3.39,77.56
20220207,600325,buy,169664,5.52,2811.03
20220207,603005,buy,5829,25.87,452.3
20220207,002106,buy,5786,9.53,165.36
20220207,603095,sell,11344,11.86,403.71
20220207,601811,sell,3702,7.7,85.5
20220207,600603,buy,237821,3.94,2811.04
20220207,002039,buy,7005,11.76,247.03
20220207,000949,buy,188867,4.96,2811.04
20220207,000425,sell,3881,5.14,59.8
20220207,002406,buy,5585,5.29,88.57
20220207,002913,buy,2685,30.74,247.6
20220207,601339,sell,47313,5.23,741.7
20220207,688378,buy,7953,16.77,400.14
20220207,688618,sell,7400,22.34,495.95
20220207,000690,buy,209829,4.47,2811.04
20220207,601828,buy,109264,8.58,2811.04
20220207,003025,sell,3006,11.7,105.47
20220207,688318,sell,4005,43.44,521.91
20220207,300771,buy,85106,11.01,2811.04
20220207,002978,buy,26119,35.87,2811.03
20220207,605108,buy,51690,18.13,2811.02
20220207,600398,buy,216247,4.33,2811.03
20220207,000883,buy,221982,4.22,2811.04
20220207,600742,buy,3845,9.04,104.32
20220207,600694,buy,82606,11.34,2811.02
20220207,601318,buy,22053,42.49,2811.01
20220207,600123,buy,151414,6.19,2811.04
20220207,603881,buy,1518,15.68,71.39
20220207,300916,buy,37276,25.14,2811.0
20220207,603926,buy,1256,10.8,40.7
20220207,000630,sell,14799,3.11,137.95
20220207,600971,buy,203177,4.61,2811.04
20220207,000823,buy,6082,11.14,203.28
20220207,601199,sell,265,5.53,4.39
20220207,601985,buy,6705,6.69,134.56
20220207,002483,sell,573,7.37,12.67
20220207,002508,buy,31070,30.16,2811.03
20220207,002833,buy,58499,16.02,2811.04
20220207,601928,buy,4088,6.02,73.82
20220207,601229,sell,10418,5.38,168.03
20220207,600308,buy,239955,3.9,2811.04
20220207,002649,buy,83650,11.2,2811.02
20220207,300580,sell,6454,12.14,235.07
20220207,601336,buy,28577,32.79,2810.96
20220207,000960,sell,8831,19.7,521.88
20220207,300738,buy,1954,9.65,56.55
20220207,000429,sell,16519,6.19,306.52
20220207,600966,buy,106227,8.82,2811.02
20220207,603136,buy,82248,11.39,2811.03
20220207,688068,buy,10841,86.43,2811.01
20220207,603100,buy,9743,11.83,345.73
20220207,605368,buy,132174,7.09,2811.02
20220207,605399,buy,36345,25.78,2811.01
20220207,603386,buy,6147,12.6,232.27
20220207,301000,buy,1245,11.98,44.74
20220207,002048,buy,1326,17.8,70.82
20220207,002237,buy,87338,10.73,2811.03
20220207,002763,buy,129512,7.23,2811.03
20220207,300458,buy,4550,17.14,233.99
20220207,605259,buy,5310,14.32,228.07
20220207,002101,sell,19133,12.39,711.13
20220207,000975,sell,1277,7.54,28.89
20220207,605277,buy,84682,11.07,2811.04
20220207,600283,buy,103637,9.04,2811.04
20220207,002563,buy,167678,5.59,2811.04
20220207,601233,buy,39440,20.68,2447.32
20220301,603881,sell,59769,17.95,3219.45
20220301,000975,sell,124264,8.21,3060.47
20220301,300458,sell,54661,18.17,2979.56
20220301,300738,sell,97134,12.52,3648.43
20220301,000960,sell,47567,23.47,3349.89
20220301,601199,sell,169536,5.51,2801.61
20220301,605259,sell,65447,13.79,2707.8
20220301,603386,sell,74394,12.22,2726.17
20220301,600966,sell,106227,9.07,2889.61
20220301,688068,sell,10841,109.62,3565.2
20220301,002563,sell,167678,5.43,2730.61
20220301,601728,buy,14332,3.41,146.51
20220301,600050,buy,2515,3.42,25.81
20220301,600015,buy,11183,4.37,146.68
20220301,002296,sell,8773,7.74,203.62
20220301,601169,buy,10449,3.56,111.55
20220301,000612,sell,2004,6.65,39.95
20220301,600033,buy,15099,2.47,112.09
20220301,000807,sell,12177,12.76,466.19
20220301,002818,buy,2710,8.63,70.15
20220301,600219,sell,8048,3.92,94.7
20220301,002034,sell,5284,19.77,313.35
20220301,603599,sell,1260,15.35,58.04
20220301,600533,buy,2731,3.22,26.39
20220301,605208,buy,920,10.99,30.34
20220301,603037,buy,4645,6.35,88.47
20220301,000800,buy,5704,8.55,146.25
20220301,300660,buy,1576,14.4,68.06
20220301,603327,buy,10406,5.54,172.91
20220301,601919,sell,4114,10.09,124.53
20220301,000501,buy,4932,9.79,144.87
20220301,603095,buy,3092,11.79,109.4
20220301,601019,sell,1930,5.34,30.91
20220301,600997,sell,13175,6.11,241.44
20220301,002677,buy,6625,12.8,254.45
20220301,000830,sell,7406,13.36,296.94
20220301,601677,buy,1261,28.65,108.39
20220301,000425,buy,13147,4.95,195.22
20220301,600020,buy,7619,2.94,67.16
20220301,600016,buy,10934,3.06,100.26
20220301,600888,sell,7339,7.56,166.37
20220301,603587,buy,3720,14.01,156.33
20220301,600582,sell,4441,3.56,47.43
20220301,002406,sell,1540,5.51,25.45
20220301,600901,buy,5043,2.82,42.7
20220301,002039,sell,3256,12.66,123.68
20220301,600548,buy,4942,8.33,123.47
20220301,600603,buy,2390,4.03,28.9
20220301,000949,buy,3265,5.04,49.35
20220301,003025,sell,1352,12.29,49.85
20220301,300139,sell,3668,12.0,132.05
20220301,002106,buy,2469,9.6,71.12
20220301,601518,sell,3412,1.89,19.33
20220301,000690,buy,4477,4.52,60.67
20220301,600325,buy,14875,5.25,234.09
20220301,600123,sell,20577,7.4,456.74
20220301,601811,buy,1555,7.85,36.63
20220301,000883,buy,2933,4.3,37.87
20220301,600971,sell,11253,5.04,170.28
20220301,002913,sell,126,31.89,12.05
20220301,688378,buy,1181,16.97,60.12
20220301,601339,buy,5415,5.24,85.13
20220301,600742,sell,268,9.37,7.53
20220301,601828,buy,7844,8.27,194.52
20220301,002048,buy,8149,15.93,389.38
20220301,600398,buy,12350,4.23,156.9
20220301,605108,buy,7170,16.45,353.76
20220301,002833,buy,2426,15.89,115.64
20220301,601985,buy,771,6.87,15.9
20220301,002978,sell,1411,39.18,165.85
20220301,603005,sell,633,27.2,51.65
20220301,600694,buy,1175,11.55,40.73
20220301,300580,buy,4986,11.78,176.23
20220301,688318,buy,4813,36.69,529.75
20220301,601229,buy,8337,5.3,132.58
20220301,300771,buy,392,11.32,13.32
20220301,603926,buy,1662,10.95,54.6
20220301,600483,buy,105983,9.13,2904.13
20220301,601318,buy,992,42.01,125.01
20220301,601928,sell,3564,6.36,68.05
20220301,000823,sell,4504,12.16,164.32
20220301,002722,buy,67960,14.24,2904.14
20220301,301000,buy,3219,11.89,114.79
20220301,002483,sell,6486,8.02,156.07
20220301,002237,sell,5424,11.82,192.3
20220301,300916,buy,885,25.37,67.35
20220301,000429,buy,9843,6.0,177.18
20220301,000651,buy,35242,27.47,2904.12
20220301,688618,sell,1716,24.06,123.88
20220301,605368,sell,1485,7.41,33.0
20220301,603100,buy,1481,12.0,53.3
20220301,002649,sell,7896,12.78,302.71
20220301,300861,buy,25156,38.48,2904.13
20220301,603277,buy,84749,11.42,2904.14
20220301,002101,sell,1264,13.02,49.36
20220301,603136,sell,10085,13.41,405.87
20220301,605277,buy,215,11.4,7.35
20220301,002508,buy,3054,28.37,259.91
20220301,002763,buy,6313,7.13,134.98
20220301,605399,sell,2487,28.59,213.32
20220301,000581,buy,56458,17.15,2904.13
20220301,603809,buy,134594,7.19,2904.13
20220301,601233,buy,6885,20.9,431.62
20220301,601336,buy,908,32.83,89.43
20220301,000630,sell,23650,3.48,247.14
20220301,600720,buy,97967,9.88,2904.13
20220301,600308,buy,448,4.03,5.41
20220301,002145,buy,130359,7.43,2904.15
20220301,002027,buy,155412,6.23,2904.15
20220301,600283,buy,5047,8.91,134.86
20220301,603886,buy,59659,15.49,2772.69
20220401,603100,sell,80699,9.5,2300.93
20220401,002101,sell,74368,12.18,2718.07
20220401,603136,sell,72163,14.77,3198.44
20220401,002237,sell,81914,10.42,2559.97
20220401,002763,sell,135825,6.75,2750.47
20220401,600283,sell,108684,8.85,2884.42
20220401,002722,sell,67960,14.2,2894.44
20220401,300861,sell,25156,39.79,3002.96
20220401,603277,sell,84749,10.68,2715.67
20220401,002027,sell,155412,5.08,2367.47
20220401,601728,sell,8659,3.31,85.95
20220401,600050,buy,3492,3.18,33.32
20220401,600015,sell,12246,4.36,160.06
20220401,002296,buy,4195,7.05,88.68
20220401,601169,sell,20389,3.62,221.5
20220401,002818,sell,2312,8.29,57.52
20220401,600033,sell,24193,2.48,180.21
20220401,000612,buy,14492,5.69,247.35
20220401,000807,sell,2599,12.44,96.99
20220401,600219,buy,27296,3.32,272.25
20220401,002034,buy,6346,16.47,313.61
20220401,300660,buy,13328,11.31,452.21
20220401,603599,buy,1845,14.04,77.72
20220401,603037,sell,1204,6.02,21.76
20220401,605208,buy,5321,9.76,155.78
20220401,000800,buy,1332,7.95,31.78
20220401,600997,sell,16302,6.41,313.47
20220401,600888,buy,14396,6.39,276.17
20220401,000830,sell,10231,14.65,449.66
20220401,600016,sell,14713,3.02,133.19
20220401,002406,buy,3603,5.08,54.93
20220401,002677,buy,6314,11.12,210.69
20220401,600533,sell,81708,4.16,1020.53
20220401,002039,buy,3358,11.42,115.02
20220401,603587,sell,1039,13.39,41.73
20220401,300139,buy,13371,9.69,388.69
20220401,601677,sell,2116,28.77,182.66
20220401,600742,buy,9900,8.05,239.0
20220401,601019,sell,15315,5.49,252.16
20220401,600020,sell,23062,2.97,205.75
20220401,600901,sell,12351,2.76,102.13
20220401,603327,sell,795,5.24,12.49
20220401,000501,sell,3928,9.6,113.11
20220401,000949,buy,2529,4.68,35.52
20220401,601919,sell,1602,9.66,46.42
20220401,603095,buy,1870,10.85,60.9
20220401,600548,sell,3576,8.09,86.77
20220401,600582,sell,56473,4.23,716.59
20220401,000425,buy,2773,4.59,38.22
20220401,600603,sell,3517,3.85,40.62
20220401,603926,buy,4909,9.77,143.82
20220401,601518,sell,26663,1.88,150.03
20220401,002106,buy,18801,7.62,429.65
20220401,002978,buy,2990,32.9,295.11
20220401,600325,sell,47970,6.67,960.26
20220401,601339,buy,3502,4.84,50.86
20220401,002048,buy,1452,14.64,63.79
20220401,000690,buy,3139,4.19,39.46
20220401,002913,buy,2130,28.05,179.24
20220401,600694,sell,3118,11.3,105.68
20220401,601811,sell,15921,8.49,405.45
20220401,601828,sell,1316,7.87,31.07
20220401,601229,sell,3569,5.09,54.49
20220401,600398,buy,11253,3.8,128.26
20220401,600123,sell,14381,7.83,337.6
20220401,300580,buy,21969,8.75,576.75
20220401,688378,sell,4125,17.22,213.07
20220401,000883,sell,199,4.06,2.42
20220401,603809,buy,19857,5.9,351.47
20220401,301000,sell,1240,11.36,42.27
20220401,688618,buy,9853,18.2,537.84
20220401,600971,sell,32129,5.7,549.67
20220401,003025,buy,10891,10.16,332.08
20220401,601318,sell,274,40.02,32.9
20220401,688318,buy,1209,33.02,119.78
20220401,601985,sell,16723,7.34,368.34
20220401,603005,buy,4992,22.45,336.26
20220401,605399,buy,1096,26.07,85.72
20220401,000581,sell,647,16.33,31.69
20220401,002833,buy,5927,13.63,242.37
20220401,605368,buy,805,6.93,16.74
20220401,300916,buy,4701,21.26,299.84
20220401,000823,buy,8886,10.3,274.53
20220401,300771,sell,10907,12.22,399.75
20220401,002508,buy,937,25.99,73.06
20220401,601601,buy,45588,19.99,2733.81
20220401,600483,buy,12987,7.66,298.43
20220401,000651,buy,1761,24.63,130.1
20220401,605108,sell,4740,16.84,239.44
20220401,605169,buy,85312,10.68,2733.79
20220401,002649,sell,1440,12.26,52.97
20220401,601336,buy,346,30.55,31.71
20220401,000630,sell,2867,3.31,28.5
20220401,601233,buy,8502,16.62,423.93
20220401,603529,buy,51530,17.68,2733.77
20220401,600308,buy,1338,3.77,15.13
20220401,003816,buy,367648,2.48,2733.81
20220401,002145,buy,10920,6.45,211.31
20220401,600223,buy,85227,10.69,2733.79
20220401,688556,buy,61454,14.83,2733.78
20220401,603886,buy,5995,13.88,249.63
20220401,601928,sell,14474,6.62,287.52
20220401,603881,buy,56894,16.02,2733.78
20220401,300443,buy,28258,32.25,2733.81
20220401,000429,sell,18102,6.36,345.5
20220401,002483,buy,14649,6.73,295.9
20220401,002839,buy,209533,4.35,2733.81
20220401,600720,sell,2526,9.55,72.36
20220401,605277,sell,2992,11.13,99.87
20220401,688068,buy,7206,120.09,2596.18
20220505,000823,sell,88487,8.44,2239.23
20220505,601928,sell,137622,5.64,2329.55
20220505,605108,sell,54120,16.25,2637.69
20220505,300916,sell,42862,16.38,2106.34
20220505,002649,sell,74314,9.0,2005.36
20220505,605277,sell,81905,8.71,2139.31
20220505,000651,sell,37003,26.27,2916.01
20220505,603886,sell,65654,12.53,2468.72
20220505,603881,sell,56894,10.51,1793.22
20220505,002839,sell,209533,4.31,2710.44
20220505,688068,sell,7206,84.98,1837.11
20220505,601728,sell,14838,3.19,142.14
20220505,600050,sell,21190,3.14,199.39
20220505,000612,buy,10047,4.89,147.34
20220505,600015,sell,8948,4.16,111.56
20220505,002296,buy,17020,5.69,290.32
20220505,601169,sell,16786,3.54,178.41
20220505,002818,sell,13133,8.6,338.84
20220505,000807,buy,12972,9.65,375.52
20220505,600033,sell,13942,2.36,98.57
20220505,300660,buy,3197,9.93,95.27
20220505,603599,sell,13654,16.24,665.14
20220505,603037,buy,9827,5.16,152.26
20220505,600219,buy,39521,2.65,314.56
20220505,605208,buy,1497,8.77,39.39
20220505,002034,sell,5157,16.59,256.63
20220505,000800,sell,2337,7.41,51.97
20220505,600888,sell,30818,7.45,688.77
20220505,002039,sell,9581,11.85,340.54
20220505,300139,buy,12908,7.78,301.27
20220505,603587,buy,2106,11.86,74.92
20220505,002677,sell,9323,11.46,320.53
20220505,000830,sell,6439,14.92,288.24
20220505,601677,buy,5201,22.57,352.11
20220505,002406,buy,22857,4.12,282.2
20220505,601919,buy,3508,8.5,89.5
20220505,600016,sell,12757,2.88,110.1
20220505,600742,buy,8059,6.86,165.85
20220505,600997,buy,1103,5.81,19.22
20220505,600901,sell,35242,2.82,297.85
20220505,000425,sell,11825,4.46,158.25
20220505,000949,buy,48172,3.43,495.19
20220505,600582,sell,8784,4.03,106.1
20220505,601019,sell,2211,5.08,33.69
20220505,600020,sell,859,2.72,7.02
20220505,600548,sell,5295,7.75,123.1
20220505,603095,buy,10279,8.83,272.3
20220505,600533,buy,5645,3.71,62.76
20220505,000501,sell,6903,9.45,195.73
20220505,000690,buy,14908,3.58,160.16
20220505,603926,buy,7633,8.24,188.75
20220505,000883,sell,6115,3.81,69.83
20220505,600398,sell,11560,3.64,126.4
20220505,601985,buy,1647,6.62,32.69
20220505,002048,buy,5615,12.26,206.59
20220505,600603,sell,36675,4.16,457.7
20220505,002833,buy,4303,11.69,150.95
20220505,003025,sell,5195,9.85,153.53
20220505,600483,sell,19264,8.35,482.3
20220505,002978,buy,2000,28.02,168.1
20220505,601518,sell,3129,1.72,16.18
20220505,601811,buy,3964,7.47,88.89
20220505,603327,sell,20523,5.42,333.83
20220505,301000,buy,64,10.37,1.99
20220505,600720,sell,9109,9.64,263.38
20220505,600694,sell,11554,12.04,417.34
20220505,601339,buy,7214,4.26,92.14
20220505,300443,buy,7459,23.3,521.29
20220505,000630,sell,12551,3.17,119.36
20220505,688318,buy,4084,26.27,321.82
20220505,601229,sell,9000,4.89,132.11
20220505,300771,buy,2660,10.77,85.95
20220505,600325,sell,9470,6.55,185.99
20220505,601828,buy,46591,5.12,716.22
20220505,300932,buy,150458,5.53,2496.22
20220505,601318,sell,159,36.8,17.55
20220505,600971,sell,3603,5.33,57.58
20220505,600223,buy,16350,8.19,401.8
20220505,605368,sell,15403,7.17,331.2
20220505,300580,buy,23539,6.52,460.23
20220505,600308,sell,14058,3.65,154.13
20220505,600123,sell,16880,8.36,423.16
20220505,601601,buy,841,17.92,45.22
20220505,002508,sell,3664,26.5,291.31
20220505,688378,buy,3592,14.72,158.64
20220505,605399,buy,83,23.75,5.91
20220505,605169,sell,3689,10.19,112.82
20220505,000581,sell,5530,16.55,274.54
20220505,002913,sell,3026,28.24,256.4
20220505,601336,buy,3870,24.69,286.64
20220505,603809,sell,13691,5.91,242.8
20220505,002106,buy,4290,6.71,86.42
20220505,603005,buy,5889,17.9,316.31
20220505,003816,sell,44906,2.58,347.32
20220505,002237,buy,90237,9.22,2496.2
20220505,600966,buy,123909,6.72,2496.22
20220505,603100,buy,85913,9.69,2496.2
20220505,603529,sell,11214,20.64,694.34
20220505,002145,buy,20601,5.14,317.67
20220505,002722,buy,68424,12.16,2496.21
20220505,688556,sell,6958,15.27,318.72
20220505,603277,buy,70468,11.81,2496.2
20220505,002563,buy,173756,4.79,2496.23
20220505,002483,buy,35017,4.88,513.1
20220505,000429,sell,11950,6.34,227.22
20220505,002763,buy,145111,5.73,2496.22
20220505,605259,buy,69675,11.94,2496.22
20220505,300856,buy,78258,10.63,2496.21
20220505,688618,sell,991,16.95,50.39
20220505,601233,buy,1387,14.8,61.59
20220505,000975,buy,90684,8.65,2353.96
20220601,300139,sell,106950,8.41,2698.35
20220601,300660,sell,83770,10.72,2693.6
20220601,603005,sell,46474,19.43,2708.81
20220601,300580,sell,127673,8.15,3120.27
20220601,688378,sell,56519,16.18,2743.06
20220601,600015,sell,200218,4.14,2486.96
20220601,603327,sell,153463,6.5,2993.4
20220601,002406,sell,202186,4.77,2890.67
20220601,000429,sell,131284,6.72,2648.3
20220601,601518,sell,482715,1.85,2677.95
20220601,688318,sell,31678,28.45,2703.81
20220601,000807,sell,86230,10.35,2677.24
20220601,601229,sell,170052,4.84,2469.28
20220601,002106,sell,123917,7.34,2727.95
20220601,000425,sell,186529,4.7,2630.5
20220601,601985,sell,125767,6.57,2478.88
20220601,600020,sell,305565,2.85,2611.19
20220601,003025,sell,84464,10.41,2636.62
20220601,600742,sell,121298,7.69,2798.42
20220601,002483,sell,170357,5.58,2853.49
20220601,002913,sell,29461,26.88,2375.36
20220601,688618,sell,49090,17.95,2643.11
20220601,002039,sell,70231,13.16,2772.38
20220601,000800,sell,112261,8.33,2804.41
20220601,605208,sell,94877,9.79,2787.17
20220601,600533,sell,224526,3.45,2326.46
20220601,002677,sell,72605,11.8,2569.74
20220601,603587,sell,70172,12.37,2604.74
20220601,000501,sell,88039,9.59,2531.62
20220601,600548,sell,107374,7.97,2568.1
20220601,600325,sell,127099,6.18,2357.0
20220601,600603,sell,200019,4.6,2760.26
20220601,000949,sell,242833,3.61,2633.06
20220601,000690,sell,232353,3.76,2624.16
20220601,000883,sell,218601,4.16,2725.92
20220601,600971,sell,156192,5.94,2781.86
20220601,002508,sell,31397,26.26,2473.8
20220601,002833,sell,71155,12.49,2665.6
20220601,600308,sell,227683,3.97,2713.5
20220601,601336,sell,33701,24.01,2427.87
20220601,605399,sell,35037,29.57,3108.56
20220601,600483,sell,99706,8.89,2658.29
20220601,600720,sell,86332,12.28,3179.78
20220601,002145,sell,161880,7.47,3625.73
20220601,601601,sell,46429,18.21,2535.82
20220601,003816,sell,322742,2.54,2461.2
20220601,600223,sell,101577,8.71,2653.89
20220601,688556,sell,54496,17.59,2875.96
20220601,300443,sell,35717,31.27,3350.69
20220601,002237,sell,90237,9.14,2475.41
20220601,600966,sell,123909,6.9,2563.21
20220601,603100,sell,85913,11.01,2837.52
20220601,002722,sell,68424,12.73,2613.41
20220601,603277,sell,70468,12.07,2551.73
20220601,002563,sell,173756,4.78,2493.64
20220601,002763,sell,145111,5.71,2486.17
20220601,000975,sell,90684,9.19,2499.73
20220601,601728,buy,15514,3.21,149.38
20220601,600016,buy,10654,2.96,94.45
20220601,601169,buy,20350,3.47,211.98
20220601,600050,buy,22131,3.08,204.7
20220601,600901,buy,9382,2.91,81.85
20220601,601811,sell,410,7.99,9.83
20220601,600123,sell,8184,9.7,238.07
20220601,601019,sell,3339,5.52,55.31
20220601,603037,sell,4265,5.65,72.29
20220601,601328,buy,233725,3.79,2658.51
20220601,002818,buy,2630,8.92,70.35
20220601,601339,buy,10916,4.29,140.63
20220601,301000,buy,2046,10.77,66.08
20220601,600757,buy,186719,4.75,2658.52
20220601,603599,buy,1198,16.9,60.73
20220601,600598,buy,62595,14.16,2658.5
20220601,600941,buy,16292,54.39,2658.41
20220601,000581,buy,1426,17.14,73.32
20220601,600061,buy,155455,5.7,2658.51
20220601,603118,buy,134385,6.59,2658.5
20220601,603013,buy,69385,12.77,2658.52
20220601,600694,buy,9520,11.27,321.88
20220601,002396,buy,55637,15.93,2658.5
20220601,600348,buy,131040,6.76,2658.51
20220601,601156,buy,43080,20.57,2658.52
20220601,002048,buy,131,13.04,5.12
20220601,000612,sell,4374,5.34,70.12
20220601,603529,sell,3371,23.99,242.57
20220601,603926,sell,5800,9.31,162.06
20220601,603086,buy,119473,7.42,2658.51
20220601,600894,buy,167953,5.28,2658.52
20220601,600582,sell,4445,4.38,58.44
20220601,603299,buy,84982,10.43,2658.49
20220601,603809,sell,3640,6.46,70.57
20220601,301219,buy,13472,65.78,2658.5
20220601,002061,buy,218072,4.06,2658.52
20220601,600546,buy,63739,13.9,2658.52
20220601,601828,buy,3065,5.36,49.25
20220601,600998,buy,229262,3.87,2658.52
20220601,002978,buy,1089,28.78,94.04
20220601,600888,buy,4768,7.61,108.84
20220601,601233,sell,1690,16.25,82.4
20220601,300771,sell,3868,12.08,140.13
20220601,601368,buy,150686,5.88,2658.51
20220601,002267,buy,144030,6.15,2658.52
20220601,601916,buy,343473,2.58,2658.51
20220601,000529,buy,135630,6.53,2658.51
20220601,300856,sell,408,11.38,13.93
20220601,603095,buy,1637,9.24,45.4
20220601,002687,buy,212491,4.17,2658.51
20220601,688636,buy,25683,34.5,2658.43
20220601,601318,buy,1932,36.1,209.26
20220601,000731,buy,105972,8.36,2658.51
20220601,600997,sell,5190,6.42,99.92
20220601,600398,buy,15311,3.64,167.1
20220601,000651,buy,36382,24.36,2658.45
20220601,600219,buy,58,2.83,0.49
20220601,000623,buy,69279,12.79,2658.49
20220601,603006,buy,118377,7.49,2658.52
20220601,600426,buy,34176,25.93,2658.5
20220601,601677,buy,4063,21.65,263.87
20220601,605259,buy,1634,12.43,60.92
20220601,002738,buy,18848,47.02,2658.51
20220601,600566,buy,42485,20.86,2658.51
20220601,000630,buy,38477,2.94,339.87
20220601,000960,buy,56238,15.76,2658.48
20220601,601919,buy,3788,8.72,99.09
20220601,605500,buy,128912,6.87,2658.52
20220601,000719,buy,141669,6.26,2658.52
20220601,603565,buy,95060,9.32,2658.49
20220601,002737,buy,63744,13.9,2658.52
20220601,600741,buy,45727,19.38,2658.5
20220601,300482,buy,24057,36.83,2658.41
20220601,000830,buy,2410,15.23,110.13
20220601,000028,buy,42612,20.8,2658.48
20220601,601218,buy,196167,4.52,2658.52
20220601,605368,buy,6042,7.26,131.52
20220601,605169,buy,1558,10.65,49.79
20220601,600528,buy,111319,7.96,2658.51
20220601,600033,buy,7500,2.46,55.3
20220601,300401,buy,64908,13.65,2658.5
20220601,300893,buy,102161,8.67,2658.51
20220601,603966,buy,153695,5.77,2658.51
20220601,002060,buy,121725,7.28,2658.51
20220601,601881,buy,111256,7.97,2658.5
20220601,601211,buy,70847,12.51,2658.5
20220601,300897,buy,95029,9.33,2658.52
20220601,002745,buy,107168,8.27,2658.51
20220601,000517,buy,341422,2.6,2658.51
20220601,300932,sell,10630,6.34,202.11
20220601,000030,buy,181817,4.87,2658.51
20220601,600284,buy,124994,7.09,2658.52
20220601,300636,buy,52980,16.73,2658.49
20220601,002533,buy,151807,5.84,2658.51
20220601,002034,sell,1832,18.34,100.78
20220601,603758,buy,138124,6.42,2658.51
20220601,002296,sell,13818,6.69,277.2
20220601,600390,buy,204247,4.34,2658.51
20220601,605189,buy,71254,12.44,2658.49
20220601,605277,buy,75831,9.63,2191.1
20220701,603599,sell,52441,18.41,2895.58
20220701,600888,sell,116458,8.79,3070.93
20220701,601919,sell,101634,8.35,2545.4
20220701,002034,sell,48330,18.37,2663.77
20220701,601677,sell,40934,21.98,2699.59
20220701,000830,sell,58174,13.95,2434.15
20220701,600997,sell,138087,6.48,2682.88
20220701,601828,sell,165448,5.67,2812.07
20220701,300771,sell,73383,12.33,2715.45
20220701,002978,sell,30787,36.74,3393.77
20220701,600694,sell,78629,11.29,2662.95
20220701,601318,sell,24544,39.09,2878.47
20220701,605368,sell,122133,6.97,2553.38
20220701,601233,sell,54524,15.56,2544.6
20220701,605169,sell,83181,10.6,2644.48
20220701,603529,sell,36945,30.48,3378.38
20220701,300932,sell,139828,6.93,2907.41
20220701,300856,sell,77850,13.86,3235.91
20220701,603086,sell,119473,7.43,2663.51
20220701,301219,sell,13472,66.09,2671.11
20220701,002061,sell,218072,4.35,2848.33
20220701,600546,sell,63739,14.72,2814.2
20220701,600998,sell,229262,3.96,2724.75
20220701,601368,sell,150686,5.96,2693.21
20220701,601916,sell,343473,2.61,2691.13
20220701,000529,sell,135630,6.52,2651.08
20220701,002687,sell,212491,4.2,2676.57
20220701,688636,sell,25683,34.14,2630.09
20220701,000731,sell,105972,8.43,2679.86
20220701,000623,sell,69279,13.14,2730.09
20220701,600426,sell,34176,26.66,2733.01
20220701,600566,sell,42485,22.69,2891.95
20220701,605500,sell,128912,7.21,2788.53
20220701,000719,sell,141669,6.22,2644.21
20220701,603565,sell,95060,7.92,2258.72
20220701,002737,sell,63744,13.96,2670.35
20220701,600741,sell,45727,18.92,2595.47
20220701,300482,sell,24057,38.69,2792.48
20220701,000028,sell,42612,21.74,2778.83
20220701,600528,sell,111319,7.82,2611.2
20220701,300401,sell,64908,16.64,3240.69
20220701,002060,sell,121725,7.41,2706.15
20220701,601881,sell,111256,8.64,2885.08
20220701,601211,sell,70847,13.1,2783.86
20220701,002745,sell,107168,8.99,2888.8
20220701,000517,sell,341422,2.52,2577.46
20220701,000030,sell,181817,5.0,2729.69
20220701,600284,sell,124994,6.51,2440.82
20220701,300636,sell,52980,15.51,2465.32
20220701,600390,sell,204247,4.51,2765.76
20220701,605189,sell,71254,12.39,2647.89
20220701,605277,sell,75831,11.31,2573.27
20220701,601728,buy,10274,3.21,98.9
20220701,000408,buy,31863,28.84,2756.75
20220701,300308,buy,41700,22.04,2756.78
20220701,603118,sell,5585,7.13,119.54
20220701,301000,sell,1465,11.37,49.96
20220701,603037,sell,7493,6.15,138.31
20220701,601328,buy,5241,3.85,60.46
20220701,002902,buy,60236,15.26,2756.78
20220701,000612,sell,4821,5.71,82.54
20220701,600050,buy,7211,3.12,67.47
20220701,600901,sell,8634,3.1,80.38
20220701,603881,buy,75930,12.1,2756.78
20220701,600941,buy,1422,51.88,221.3
20220701,603083,buy,91327,10.06,2756.79
20220701,601169,buy,3023,3.56,32.27
20220701,603926,buy,2157,9.44,61.11
20220701,300695,buy,26017,35.32,2756.72
20220701,601811,buy,3183,8.05,76.91
20220701,600016,buy,24,3.06,0.22
20220701,002396,sell,18,16.52,0.89
20220701,600598,buy,8955,12.84,345.03
20220701,603203,buy,39002,23.56,2756.74
20220701,603095,sell,2338,9.83,68.91
20220701,600894,buy,947,5.44,15.46
20220701,000960,buy,2080,15.76,98.33
20220701,300897,buy,1446,9.53,41.32
20220701,000807,buy,98138,9.36,2756.78
20220701,000975,buy,102820,8.94,2756.8
20220701,300893,sell,11484,10.13,349.14
20220701,600757,buy,11726,4.63,162.9
20220701,601339,buy,15629,4.14,194.09
20220701,002533,sell,763,6.08,13.93
20220701,000630,buy,5365,3.0,48.28
20220701,002048,sell,4820,14.55,210.4
20220701,002296,buy,6515,6.61,129.18
20220701,600219,sell,7108,3.0,63.92
20220701,603013,buy,1030,13.05,40.32
20220701,600123,sell,4214,10.54,133.26
20220701,603299,sell,2020,11.08,67.12
20220701,603006,sell,3439,8.0,82.49
20220701,000425,buy,186663,4.92,2756.79
20220701,601101,buy,133083,6.9,2756.79
20220701,603100,buy,74351,12.36,2756.79
20220701,002818,sell,1792,9.42,50.62
20220701,300328,buy,108878,8.44,2756.79
20220701,300738,buy,96365,9.54,2756.8
20220701,603966,sell,1234,6.03,22.31
20220701,301016,buy,134650,6.82,2756.8
20220701,601019,buy,3942,5.59,66.09
20220701,601702,buy,72094,12.75,2756.8
20220701,600348,sell,16080,7.99,385.61
20220701,002429,buy,255376,3.6,2756.79
20220701,600531,buy,188554,4.87,2756.79
20220701,603809,buy,1245,6.64,24.81
20220701,600582,buy,19248,4.15,239.6
20220701,002039,buy,66809,13.75,2756.78
20220701,603758,sell,35797,8.98,964.41
20220701,605259,sell,784,13.03,30.65
20220701,002155,buy,102066,9.0,2756.8
20220701,605117,buy,18392,49.96,2756.7
20220701,603979,buy,49432,18.59,2756.77
20220701,002565,buy,192962,4.76,2756.8
20220701,601598,buy,298533,3.08,2756.8
20220701,000603,buy,82178,11.18,2756.78
20220701,002787,buy,159450,5.76,2756.8
20220701,301061,buy,65163,14.1,2756.77
20220701,600846,buy,130184,7.06,2756.79
20220701,000581,buy,2473,16.96,125.83
20220701,603040,buy,52957,17.35,2756.76
20220701,605100,buy,95453,9.63,2756.78
20220701,601229,buy,185795,4.95,2756.8
20220701,600835,buy,75776,12.13,2756.77
20220701,688182,buy,63615,14.45,2756.8
20220701,601958,buy,112185,8.19,2756.78
20220701,688283,buy,28979,31.71,2756.75
20220701,002833,buy,65724,13.98,2756.77
20220701,601601,buy,45461,20.21,2756.75
20220701,300627,buy,40731,22.56,2756.75
20220701,603298,buy,88217,10.42,2756.79
20220701,002892,buy,140349,6.55,2756.8
20220701,000338,buy,82818,11.1,2756.77
20220701,002014,buy,167724,5.48,2756.8
20220701,002267,buy,13428,5.84,235.1
20220701,601218,sell,3688,4.77,52.82
20220701,600033,buy,13400,2.46,98.78
20220701,600398,buy,1340,3.75,15.08
20220701,688313,buy,82097,11.19,2756.78
20220701,002195,buy,418314,2.2,2756.8
20220701,003031,buy,18380,49.99,2756.68
20220701,002276,buy,121278,7.58,2756.79
20220701,000651,sell,593,25.68,45.68
20220701,603969,buy,226275,4.06,2756.79
20220701,600061,sell,1767,5.98,31.7
20220701,601156,buy,6434,18.56,358.23
20220701,688318,buy,26234,35.03,2756.76
20220701,002378,buy,152206,6.04,2756.8
20220701,688159,buy,43859,20.95,2756.74
20220701,002738,sell,4760,65.23,931.46
20220701,601717,buy,72207,12.73,2756.78
20220701,002281,buy,45205,17.02,2308.74
20220801,600033,sell,373966,2.58,2896.14
20220801,002818,sell,97588,8.63,2525.44
20220801,601339,sell,221993,4.47,2976.27
20220801,601019,sell,164432,5.26,2596.56
20220801,600398,sell,244941,3.57,2619.82
20220801,600123,sell,87178,9.31,2436.05
20220801,000581,sell,54180,17.44,2834.42
20220801,600061,sell,153688,5.77,2660.24
20220801,600348,sell,114960,12.39,4272.07
20220801,601156,sell,49514,16.36,2430.35
20220801,603299,sell,82962,11.45,2850.91
20220801,002267,sell,157458,6.78,3202.35
20220801,000651,sell,35789,25.34,2720.62
20220801,603758,sell,102327,9.67,2969.66
20220801,601598,sell,298533,3.16,2825.85
20220801,600846,sell,130184,7.87,3074.07
20220801,601229,sell,185795,4.77,2658.19
20220801,688283,sell,28979,37.7,3277.7
20220801,601601,sell,45461,17.94,2446.52
20220801,002014,sell,167724,5.76,2896.91
20220801,688313,sell,82097,10.87,2678.29
20220801,002276,sell,121278,9.85,3582.39
20220801,002378,sell,152206,6.31,2879.02
20220801,002281,sell,45205,18.66,2530.15
20220801,000408,buy,3101,27.66,257.3
20220801,300308,sell,451,23.44,31.72
20220801,601728,buy,15801,3.2,151.7
20220801,603118,buy,2806,7.35,61.85
20220801,603037,sell,1933,6.56,38.04
20220801,603881,buy,5749,11.84,204.19
20220801,000612,buy,3890,5.86,68.43
20220801,301000,sell,963,12.11,34.97
20220801,002902,sell,10444,19.42,608.51
20220801,603095,buy,4715,9.84,139.23
20220801,603926,buy,473,9.89,14.03
20220801,603083,buy,2747,10.28,84.71
20220801,000807,buy,4728,9.4,133.34
20220801,600894,buy,2872,5.63,48.51
20220801,603203,buy,1030,24.16,74.64
20220801,000960,buy,8129,14.55,354.91
20220801,301016,sell,7546,7.61,172.24
20220801,300897,sell,1727,10.21,52.88
20220801,300893,sell,20200,13.72,831.51
20220801,600901,buy,25311,3.01,228.45
20220801,600219,buy,8176,3.07,75.36
20220801,603006,sell,9557,9.18,263.1
20220801,300695,sell,1134,38.86,132.21
20220801,002533,sell,24026,7.61,548.76
20220801,600050,buy,20876,3.07,191.96
20220801,002048,sell,1381,15.65,64.86
20220801,603013,sell,7927,15.48,368.02
20220801,002296,sell,10491,7.52,236.77
20220801,601811,buy,5971,8.05,144.28
20220801,600757,buy,11527,4.61,159.26
20220801,000630,buy,38302,2.81,322.42
20220801,600941,buy,1541,50.22,232.17
20220801,601218,sell,2064,5.08,31.45
20220801,601702,sell,25430,20.72,1581.01
20220801,000425,buy,8013,4.97,119.41
20220801,002892,sell,14508,7.68,334.46
20220801,600531,buy,5065,4.99,75.89
20220801,000975,sell,5092,9.9,151.16
20220801,002155,sell,1376,9.6,39.65
20220801,605117,sell,2540,61.01,464.87
20220801,300328,sell,13227,10.11,401.17
20220801,603100,sell,5796,14.11,245.28
20220801,300823,buy,70388,13.74,2901.08
20220801,605100,buy,4719,9.65,136.67
20220801,600835,sell,7867,14.24,336.08
20220801,300738,buy,13034,8.84,345.64
20220801,000338,buy,9580,10.47,300.79
20220801,000603,sell,2263,12.1,82.15
20220801,603966,sell,11923,6.88,246.12
20220801,605259,sell,375,13.79,15.51
20220801,600582,sell,5773,4.48,77.65
20220801,300099,buy,144746,6.68,2901.09
20220801,603969,sell,33403,5.01,502.43
20220801,002498,buy,220187,4.39,2901.09
20220801,603979,sell,191,19.64,11.25
20220801,300921,buy,100209,9.65,2901.08
20220801,600016,buy,24439,2.98,218.59
20220801,603040,sell,896,18.58,49.93
20220801,002406,buy,177919,5.44,2901.08
20220801,002017,buy,99112,9.76,2901.06
20220801,002565,buy,19269,4.56,263.4
20220801,603809,sell,4641,7.23,100.69
20220801,600598,buy,8576,12.07,310.51
20220801,688080,buy,29173,33.15,2901.01
20220801,603298,buy,10447,9.8,307.18
20220801,301061,buy,10942,12.71,417.1
20220801,688318,buy,3644,32.37,353.82
20220801,688182,buy,2559,14.61,112.19
20220801,002757,buy,95132,10.17,2901.07
20220801,002738,buy,2033,59.98,365.83
20220801,600338,buy,33660,28.73,2901.01
20220801,002396,buy,1996,16.78,100.5
20220801,002429,buy,7868,3.67,86.71
20220801,002787,sell,2175,6.15,40.12
20220801,600480,buy,140636,6.88,2901.08
20220801,605389,buy,44881,21.55,2901.06
20220801,002195,buy,17964,2.22,119.45
20220801,002833,buy,5923,13.5,239.83
20220801,601328,buy,15247,3.8,174.0
20220801,601169,buy,18390,3.5,192.86
20220801,300932,buy,130540,7.41,2901.08
20220801,002606,buy,91154,10.61,2901.06
20220801,300660,buy,37933,25.49,2901.03
20220801,300817,buy,83377,11.6,2901.09
20220801,601717,sell,3269,14.03,137.57
20220801,688159,sell,41,22.07,2.71
20220801,300836,buy,51314,18.85,2901.07
20220801,300627,buy,133,23.66,9.44
20220801,000951,buy,83492,11.58,2901.06
20220801,600114,buy,103216,9.37,2901.07
20220801,603527,buy,46262,20.9,2901.07
20220801,601958,buy,11940,7.79,279.06
20220801,002978,buy,23673,40.85,2901.02
20220801,000880,buy,141448,6.84,2901.08
20220801,600452,buy,131226,7.37,2901.08
20220801,003031,sell,4131,67.87,841.13
20220801,002039,buy,2600,13.93,108.67
20220801,601101,buy,27654,6.02,499.12
20220801,605305,buy,25179,38.4,2900.99
20220801,300990,buy,17419,50.56,2641.91
20220901,603926,sell,97775,9.66,2832.9
20220901,600582,sell,215693,4.4,2844.21
20220901,603809,sell,133724,5.53,2216.63
20220901,601328,sell,254213,3.79,2888.45
20220901,600757,sell,209972,5.23,3296.43
20220901,603013,sell,62488,13.28,2488.85
20220901,603006,sell,105381,7.89,2493.89
20220901,300893,sell,70477,14.64,3096.28
20220901,002902,sell,49792,14.96,2234.03
20220901,601101,sell,160737,6.32,3049.43
20220901,300328,sell,95651,8.09,2321.45
20220901,300738,sell,109399,7.7,2528.23
20220901,601702,sell,46664,16.84,2357.6
20220901,002155,sell,100690,9.01,2721.9
20220901,603979,sell,49241,18.8,2777.82
20220901,002565,sell,212231,4.06,2582.9
20220901,000603,sell,79915,10.77,2581.4
20220901,002787,sell,157275,6.25,2947.74
20220901,603040,sell,52061,15.79,2465.59
20220901,605100,sell,100172,9.47,2847.08
20220901,600835,sell,67909,11.44,2329.79
20220901,688182,sell,66174,12.15,2412.0
20220901,601958,sell,124125,7.09,2640.11
20220901,002833,sell,71647,12.07,2594.1
20220901,300627,sell,40864,21.24,2603.75
20220901,002892,sell,125841,6.21,2346.04
20220901,000338,sell,92398,10.08,2794.6
20220901,003031,sell,14249,62.93,2690.17
20220901,603969,sell,192872,4.46,2578.13
20220901,688318,sell,29878,31.38,2812.84
20220901,688159,sell,43818,19.54,2569.16
20220901,300823,sell,70388,11.85,2502.9
20220901,300099,sell,144746,6.05,2626.29
20220901,300921,sell,100209,9.17,2755.42
20220901,002017,sell,99112,9.05,2689.6
20220901,688080,sell,29173,31.14,2725.53
20220901,600338,sell,33660,27.8,2807.46
20220901,600480,sell,140636,5.92,2496.07
20220901,605389,sell,44881,18.46,2485.39
20220901,300932,sell,130540,6.88,2692.4
20220901,002606,sell,91154,9.27,2535.41
20220901,300817,sell,83377,9.4,2351.76
20220901,000951,sell,83492,9.64,2414.12
20220901,603527,sell,46262,16.8,2331.36
20220901,000880,sell,141448,6.27,2660.45
20220901,605305,sell,25179,28.42,2146.65
20220901,300990,sell,17419,47.53,2484.02
20220901,000408,buy,394,25.4,30.02
20220901,601728,sell,25276,3.24,245.94
20220901,603881,sell,1035,11.14,34.58
20220901,601339,buy,197058,4.56,2694.24
20220901,603118,sell,21051,8.12,513.02
20220901,600941,sell,2915,54.96,480.64
20220901,600050,sell,33255,3.18,317.44
20220901,002792,buy,88556,10.14,2694.23
20220901,603095,sell,6251,9.76,183.08
20220901,300308,buy,2832,20.37,173.09
20220901,300695,buy,253,35.73,27.12
20220901,600894,sell,9160,5.52,151.77
20220901,603037,buy,7628,5.79,132.55
20220901,600901,sell,27544,3.06,252.52
20220901,300580,buy,109721,8.19,2694.23
20220901,000960,buy,3876,12.77,148.5
20220901,000719,buy,127248,7.06,2694.23
20220901,300897,buy,1761,9.31,49.16
20220901,603083,sell,18229,11.84,647.56
20220901,600219,buy,5315,2.81,44.74
20220901,601169,sell,18481,3.48,192.89
20220901,000807,sell,6858,9.35,192.46
20220901,002483,buy,158862,5.65,2694.24
20220901,603615,buy,120466,7.46,2694.23
20220901,301016,sell,5717,7.4,126.89
20220901,002195,sell,6142,2.09,38.47
20220901,002533,buy,20392,6.09,372.71
20220901,600888,buy,110137,8.15,2694.23
20220901,600531,sell,27135,5.39,439.13
20220901,601218,buy,3092,4.64,43.05
20220901,002429,sell,5589,3.49,58.44
20220901,002428,buy,87175,10.3,2694.23
20220901,600598,sell,10763,12.95,418.07
20220901,300488,buy,41563,21.61,2694.24
20220901,688618,buy,39817,22.56,2694.24
20220901,000425,sell,319,4.62,4.42
20220901,002757,sell,1270,9.57,36.45
20220901,688027,buy,8994,99.85,2694.07
20220901,300660,buy,19072,15.75,901.4
20220901,605259,sell,8984,14.68,395.73
20220901,603100,sell,953,13.28,37.98
20220901,301000,sell,2191,11.56,75.98
20220901,000630,sell,7959,2.67,63.69
20220901,002014,buy,136394,6.58,2694.23
20220901,600000,buy,138659,6.48,2694.24
20220901,600482,buy,58194,15.43,2694.21
20220901,000612,buy,3055,5.35,49.0
20220901,002039,sell,1240,13.17,49.01
20220901,603298,buy,1240,8.99,33.44
20220901,300548,buy,44203,20.32,2694.21
20220901,002396,buy,3767,14.63,165.34
20220901,603966,buy,12594,5.86,221.58
20220901,603339,buy,75580,11.88,2694.23
20220901,300926,buy,100485,8.94,2694.24
20220901,300678,buy,81334,11.04,2694.23
20220901,600033,buy,350304,2.56,2694.24
20220901,301061,sell,9832,13.55,399.71
20220901,601038,buy,94804,9.47,2694.22
20220901,002296,sell,2488,7.12,53.18
20220901,601717,buy,8466,11.6,294.68
20220901,600114,sell,4035,9.06,109.61
20220901,002738,sell,1781,62.63,334.63
20220901,600452,sell,12599,7.57,286.15
20220901,603859,buy,52528,17.1,2694.21
20220901,601319,buy,196060,4.58,2694.25
20220901,300502,buy,74157,12.11,2694.22
20220901,002595,buy,54173,16.58,2694.25
20220901,000975,sell,14046,10.73,452.23
20220901,601601,buy,47875,18.76,2694.19
20220901,002571,buy,126668,7.09,2694.23
20220901,300302,buy,117396,7.65,2694.24
20220901,600061,buy,143134,6.27,2694.24
20220901,600016,sell,23124,2.98,206.83
20220901,002756,buy,10291,87.26,2694.11
20220901,000762,buy,19116,46.98,2694.24
20220901,002871,buy,102570,8.76,2694.22
20220901,002177,buy,331252,2.71,2694.24
20220901,002498,sell,1745,4.11,21.52
20220901,002406,buy,7246,4.85,105.43
20220901,002515,buy,209107,4.29,2694.24
20220901,002978,buy,3325,33.26,331.81
20220901,601881,buy,102861,8.73,2694.23
20220901,601518,buy,476836,1.88,2694.25
20220901,603203,buy,833,21.98,54.92
20220901,300789,buy,71660,12.53,2694.23
20220901,688697,buy,96220,9.33,2694.23
20220901,603556,buy,58892,15.25,2694.21
20220901,000429,buy,142036,6.32,2694.23
20220901,002552,buy,61620,14.57,2694.24
20220901,002048,buy,9627,12.58,363.26
20220901,300698,buy,41574,21.6,2694.2
20220901,000063,buy,39540,22.71,2694.24
20220901,605117,sell,2844,69.05,589.1
20220901,601811,sell,24321,9.38,684.44
20220901,605398,buy,77806,11.54,2694.22
20220901,000657,buy,96631,9.29,2694.24
20220901,300836,buy,4176,16.18,202.76
20220901,300711,buy,96814,9.28,2694.24
20220901,002106,buy,108431,8.28,2694.25
20220901,002283,buy,148292,5.13,2280.96
20221010,002296,sell,126057,6.31,2385.5
20221010,000612,sell,167968,4.99,2512.76
20221010,000630,sell,336681,2.38,2405.25
20221010,603966,sell,153132,6.49,2979.68
20221010,300308,sell,44081,18.05,2386.81
20221010,603881,sell,80644,9.38,2269.72
20221010,603083,sell,75845,9.57,2177.0
20221010,603203,sell,40865,20.3,2488.78
20221010,000975,sell,83682,11.99,3009.47
20221010,000425,sell,194357,4.07,2373.85
20221010,603100,sell,67602,19.67,3989.87
20221010,301016,sell,121387,6.53,2378.07
20221010,002429,sell,257655,3.03,2345.67
20221010,600531,sell,166484,4.84,2415.53
20221010,002039,sell,68169,12.35,2525.86
20221010,605117,sell,13008,74.9,2922.96
20221010,301061,sell,66273,12.41,2467.16
20221010,603298,sell,99904,8.05,2411.66
20221010,002195,sell,430136,1.89,2438.87
20221010,601717,sell,77404,11.29,2621.61
20221010,002498,sell,218442,3.63,2377.28
20221010,002406,sell,185165,4.18,2322.08
20221010,002757,sell,93862,8.38,2360.56
20221010,300660,sell,57005,13.53,2313.5
20221010,300836,sell,55490,13.94,2320.71
20221010,600114,sell,99181,7.42,2207.48
20221010,002792,sell,88556,7.67,2037.69
20221010,002483,sell,158862,4.86,2314.4
20221010,603615,sell,120466,6.59,2380.62
20221010,002428,sell,87175,9.21,2407.61
20221010,300488,sell,41563,18.56,2314.33
20221010,688027,sell,8994,88.69,2392.96
20221010,002014,sell,136394,6.14,2513.28
20221010,600482,sell,58194,14.54,2538.64
20221010,300548,sell,44203,20.39,2703.39
20221010,603339,sell,75580,11.77,2668.67
20221010,300678,sell,81334,9.58,2337.81
20221010,601038,sell,94804,8.1,2303.64
20221010,603859,sell,52528,15.14,2386.48
20221010,300502,sell,74157,10.29,2288.4
20221010,002595,sell,54173,14.81,2407.29
20221010,002571,sell,126668,6.1,2318.02
20221010,300302,sell,117396,6.58,2317.4
20221010,000762,sell,19116,39.04,2238.87
20221010,002871,sell,102570,8.9,2739.31
20221010,002177,sell,331252,2.41,2397.08
20221010,002515,sell,209107,3.83,2403.81
20221010,688697,sell,96220,8.37,2417.02
20221010,603556,sell,58892,13.5,2385.42
20221010,000429,sell,142036,6.31,2686.87
20221010,002552,sell,61620,13.66,2524.49
20221010,300698,sell,41574,22.54,2810.64
20221010,000063,sell,39540,19.47,2309.67
20221010,605398,sell,77806,10.5,2451.77
20221010,000657,sell,96631,8.68,2515.62
20221010,300711,sell,96814,8.06,2341.9
20221010,002106,sell,108431,7.06,2297.94
20221010,002283,sell,148292,4.37,1942.01
20221010,601339,sell,18265,4.63,253.69
20221010,601728,sell,37342,3.46,387.1
20221010,600941,sell,3089,62.47,578.92
20221010,600050,sell,9783,3.04,89.16
20221010,601169,sell,19056,3.46,197.93
20221010,600901,sell,8052,2.9,69.96
20221010,603118,sell,4741,7.82,111.27
20221010,600016,sell,6436,2.81,54.22
20221010,603037,buy,1780,5.28,28.19
20221010,600061,buy,1285,5.73,22.1
20221010,600888,buy,7641,7.03,161.11
20221010,000719,sell,1472,6.58,29.06
20221010,600219,buy,12434,2.49,92.87
20221010,300695,sell,804,34.02,82.06
20221010,601233,buy,63508,13.03,2483.29
20221010,002756,buy,95,79.69,22.71
20221010,601811,buy,3310,8.36,82.99
20221010,000581,buy,54581,15.17,2483.27
20221010,600000,sell,7219,6.3,136.39
20221010,000408,sell,547,23.78,39.02
20221010,002818,buy,85717,9.66,2483.29
20221010,002267,buy,116461,7.11,2483.31
20221010,300580,buy,7990,7.03,168.56
20221010,002396,buy,2395,12.98,93.25
20221010,000960,buy,2072,11.43,71.07
20221010,600598,buy,2924,11.45,100.45
20221010,002978,buy,1081,29.48,95.6
20221010,603393,buy,37662,21.98,2483.29
20221010,600742,buy,123038,6.73,2483.29
20221010,600998,buy,216983,3.81,2483.3
20221010,600694,buy,80711,10.26,2483.3
20221010,601218,buy,19822,3.88,230.74
20221010,301318,buy,39433,20.99,2483.29
20221010,603565,buy,107469,7.7,2483.29
20221010,601677,buy,48125,17.2,2483.27
20221010,603599,buy,50040,16.54,2483.29
20221010,600033,sell,9749,2.43,71.09
20221010,300628,buy,21947,37.72,2483.22
20221010,000913,buy,45467,18.21,2483.27
20221010,601881,sell,6501,8.59,167.54
20221010,002738,sell,744,60.88,135.89
20221010,605189,buy,71021,11.66,2483.28
20221010,688618,sell,407,21.0,25.65
20221010,603095,sell,12074,10.36,375.18
20221010,600894,buy,2773,5.01,41.64
20221010,000731,buy,105946,7.81,2483.3
20221010,600271,buy,85551,9.68,2483.28
20221010,600452,sell,4966,7.28,108.5
20221010,601318,buy,23668,34.97,2483.24
20221010,600426,buy,31922,25.93,2483.24
20221010,603086,buy,85138,9.72,2483.3
20221010,002061,buy,243587,3.4,2483.3
20221010,601319,sell,16784,4.62,232.49
20221010,601919,buy,126263,6.56,2483.3
20221010,002034,buy,51535,16.06,2483.28
20221010,603201,buy,67567,12.25,2483.31
20221010,300231,buy,139538,5.93,2483.3
20221010,603013,buy,70958,11.67,2483.28
20221010,605500,buy,130431,6.35,2483.29
20221010,600123,buy,81421,10.17,2483.31
20221010,000930,buy,112144,7.38,2483.29
20221010,600295,buy,95239,8.69,2483.29
20221010,300856,buy,38770,21.35,2483.28
20221010,300771,buy,68193,12.14,2483.28
20221010,600757,buy,173732,4.76,2483.3
20221010,002555,buy,58837,14.07,2483.31
20221010,300789,buy,1784,11.27,60.32
20221010,601019,buy,154660,5.35,2483.3
20221010,000651,buy,31437,26.33,2483.26
20221010,301000,buy,8149,9.64,235.75
20221010,605368,buy,124086,6.67,2483.29
20221010,601368,buy,165794,4.99,2483.3
20221010,002048,buy,6057,10.69,194.18
20221010,301179,buy,73666,11.24,2483.28
20221010,300926,sell,12263,9.38,345.18
20221010,600780,buy,161265,5.13,2483.31
20221010,000807,buy,1186,8.52,30.3
20221010,688080,buy,33935,24.39,2483.29
20221010,688636,buy,22323,37.08,2483.27
20221010,603896,buy,25920,31.93,2483.26
20221010,600618,buy,92562,8.94,2483.3
20221010,605259,sell,7255,15.35,334.19
20221010,300332,buy,70383,11.76,2483.28
20221010,002543,buy,75995,10.89,2483.28
20221010,600874,buy,145722,5.68,2483.29
20221010,605377,buy,100286,8.25,2483.29
20221010,002533,buy,11770,5.2,183.62
20221010,002432,buy,20807,39.78,2483.21
20221010,600741,buy,59241,13.97,2483.3
20221010,300897,buy,2054,8.4,51.75
20221010,601916,buy,352164,2.35,2483.31
20221010,300618,buy,19600,42.23,2483.26
20221010,601601,sell,2189,18.12,118.99
20221010,600348,buy,83284,9.94,2483.28
20221010,600338,buy,37996,21.79,2483.28
20221010,601518,buy,3393,1.72,17.55
20221010,688169,buy,9452,87.57,2483.11
20221010,000001,buy,85244,9.71,2483.31
20221010,600662,buy,173147,4.78,2483.31
20221010,688767,buy,23740,28.59,2036.25
20221101,603037,sell,156824,5.94,2796.7
20221101,601811,sell,99048,8.37,2485.93
20221101,600901,sell,285824,3.22,2762.62
20221101,002048,sell,77459,13.27,3082.57
20221101,603118,sell,105814,8.91,2827.96
20221101,002396,sell,63777,15.5,2965.83
20221101,601218,sell,213329,4.11,2629.38
20221101,300897,sell,98563,9.23,2728.33
20221101,002533,sell,159180,5.61,2678.08
20221101,300695,sell,24332,30.07,2195.33
20221101,002978,sell,28079,31.62,2663.6
20221101,688618,sell,39410,32.05,3789.71
20221101,300789,sell,73444,10.78,2375.1
20221101,601233,sell,63508,12.27,2338.32
20221101,000581,sell,54581,15.41,2523.81
20221101,002267,sell,116461,6.35,2218.5
20221101,603393,sell,37662,20.08,2268.71
20221101,600742,sell,123038,7.47,2758.86
20221101,600998,sell,216983,4.25,2763.33
20221101,603565,sell,107469,7.19,2317.74
20221101,601677,sell,48125,12.81,1849.34
20221101,603599,sell,50040,18.55,2784.81
20221101,300628,sell,21947,40.74,2682.52
20221101,605189,sell,71021,11.8,2515.0
20221101,000731,sell,105946,7.23,2298.92
20221101,600271,sell,85551,11.11,2852.11
20221101,600426,sell,31922,25.58,2449.8
20221101,603086,sell,85138,10.32,2636.28
20221101,002061,sell,243587,3.37,2460.18
20221101,601919,sell,126263,6.89,2608.61
20221101,002034,sell,51535,16.69,2580.56
20221101,603201,sell,67567,13.43,2721.92
20221101,300231,sell,139538,7.25,3036.01
20221101,603013,sell,70958,12.93,2752.99
20221101,605500,sell,130431,6.64,2599.04
20221101,600123,sell,81421,9.0,2197.92
20221101,000930,sell,112144,7.65,2573.99
20221101,300856,sell,38770,18.81,2188.16
20221101,300771,sell,68193,11.43,2338.11
20221101,002555,sell,58837,12.45,2198.02
20221101,601019,sell,154660,5.3,2458.67
20221101,605368,sell,124086,7.2,2678.42
20221101,601368,sell,165794,5.1,2536.65
20221101,301179,sell,73666,12.72,2812.17
20221101,688080,sell,33935,28.1,2860.64
20221101,688636,sell,22323,43.68,2925.45
20221101,603896,sell,25920,34.29,2666.73
20221101,600618,sell,92562,8.92,2478.18
20221101,300332,sell,70383,11.79,2489.5
20221101,002543,sell,75995,8.48,1932.33
20221101,600874,sell,145722,5.62,2455.12
20221101,605377,sell,100286,9.2,2768.9
20221101,002432,sell,20807,46.51,2903.26
20221101,600741,sell,59241,15.1,2682.77
20221101,601916,sell,352164,2.26,2382.97
20221101,300618,sell,19600,41.76,2455.39
20221101,600348,sell,83284,9.38,2343.59
20221101,600338,sell,37996,22.06,2515.08
20221101,688169,sell,9452,86.63,2456.48
20221101,000001,sell,85244,9.03,2310.1
20221101,600662,sell,173147,4.59,2383.97
20221101,688767,sell,23740,33.02,2351.56
20221101,000408,sell,529,24.79,39.34
20221101,601339,buy,21052,4.25,268.54
20221101,002818,buy,5095,9.36,143.02
20221101,601169,buy,9973,3.41,102.08
20221101,601319,buy,6976,4.56,95.48
20221101,603556,buy,49776,17.07,2549.22
20221101,600016,buy,12342,2.77,102.44
20221101,601601,buy,8,18.6,0.45
20221101,603889,buy,277737,3.06,2549.23
20221101,600938,buy,64851,13.1,2549.22
20221101,002039,buy,68179,12.46,2549.2
20221101,002195,buy,408921,2.08,2549.23
20221101,601985,buy,149425,5.69,2549.23
20221101,603095,sell,3736,11.15,125.02
20221101,601318,buy,2611,32.33,253.28
20221101,601038,buy,78888,10.77,2549.23
20221101,601328,buy,228865,3.71,2549.22
20221101,000807,sell,381,8.78,10.03
20221101,000617,buy,196936,4.31,2549.22
20221101,300033,buy,14382,59.08,2549.07
20221101,000651,buy,3944,24.02,284.16
20221101,601881,buy,2127,8.63,55.05
20221101,002884,buy,69924,12.15,2549.2
20221101,600219,sell,9535,2.63,75.26
20221101,600888,sell,5030,7.54,113.73
20221101,600000,buy,9294,6.04,168.35
20221101,601728,buy,1391,3.53,14.72
20221101,600598,sell,2332,12.15,84.98
20221101,002483,buy,153842,5.52,2549.22
20221101,000719,buy,8001,6.35,152.47
20221101,601900,buy,126094,6.74,2549.23
20221101,603881,buy,72327,11.75,2549.22
20221101,002014,buy,123229,6.9,2549.23
20221101,600295,buy,8867,8.16,217.12
20221101,002871,buy,90220,9.42,2549.21
20221101,601699,buy,69023,12.31,2549.21
20221101,688981,buy,20367,41.72,2549.13
20221101,605259,sell,529,15.92,25.26
20221101,002177,buy,304468,2.79,2549.23
20221101,600050,buy,4771,3.07,43.87
20221101,301042,buy,25912,32.79,2549.18
20221101,002558,buy,114661,7.41,2549.23
20221101,601688,buy,75856,11.2,2549.22
20221101,300130,buy,66814,12.72,2549.22
20221101,301318,sell,5830,25.29,442.29
20221101,000913,buy,3624,17.31,188.19
20221101,600582,buy,189161,4.49,2549.23
20221101,002270,buy,117296,7.24,2549.21
20221101,603298,buy,77391,10.98,2549.2
20221101,600061,buy,6338,5.64,107.17
20221101,300580,sell,17777,8.5,453.48
20221101,000429,buy,137973,6.16,2549.23
20221101,600025,buy,141249,6.02,2549.22
20221101,000960,buy,2732,11.31,92.7
20221101,300360,buy,62712,13.55,2549.21
20221101,600694,buy,4123,10.02,123.89
20221101,600894,sell,5333,5.31,84.94
20221101,300540,buy,64905,13.09,2549.2
20221101,002833,buy,66670,12.75,2549.21
20221101,000425,buy,192831,4.41,2549.23
20221101,600999,buy,71178,11.94,2549.2
20221101,300488,buy,35752,23.77,2549.2
20221101,600941,buy,692,60.94,126.52
20221101,688318,buy,25639,33.14,2549.16
20221101,600757,buy,16997,4.46,227.18
20221101,000603,buy,85423,9.95,2549.21
20221101,003816,buy,343258,2.48,2549.23
20221101,000878,buy,82929,10.25,2549.22
20221101,300756,buy,83890,10.13,2549.22
20221101,600030,buy,51064,16.64,2549.19
20221101,002757,buy,65540,12.97,2549.23
20221101,600452,buy,2649,7.31,58.06
20221101,300515,buy,73096,11.62,2549.21
20221101,000997,buy,64918,13.09,2549.21
20221101,600114,buy,92578,9.18,2549.23
20221101,002429,buy,256945,3.31,2549.23
20221101,002756,buy,45,81.46,11.0
20221101,301061,buy,68056,12.49,2549.22
20221101,601928,buy,141536,6.0,2549.22
20221101,300308,buy,40384,21.04,2549.21
20221101,002738,sell,71,62.83,13.38
20221101,600483,buy,112323,7.57,2549.23
20221101,600033,buy,9039,2.43,65.91
20221101,600660,buy,27013,31.46,2549.16
20221101,601229,buy,186679,4.55,2549.23
20221101,002448,buy,153493,5.54,2549.23
20221101,301000,sell,4140,10.4,129.18
20221101,600251,buy,111763,7.6,2549.23
20221101,600566,buy,30421,27.93,2549.23
20221101,603203,buy,34420,24.69,2549.17
20221101,600012,buy,143231,5.93,2549.23
20221101,601336,buy,38754,21.93,2549.23
20221101,000630,buy,355457,2.39,2549.23
20221101,601211,buy,69584,12.21,2549.21
20221101,300926,buy,2269,9.39,63.92
20221101,300913,buy,80877,10.51,2549.2
20221101,600780,sell,28026,6.38,536.22
20221101,601518,sell,3805,1.78,20.36
20221101,002718,buy,65267,13.02,2549.19
20221101,301004,buy,26978,25.48,2062.57
20221201,301000,sell,81698,10.59,2596.6
20221201,000960,sell,75127,12.75,2874.02
20221201,600452,sell,116310,8.15,2844.53
20221201,300926,sell,90491,8.96,2432.37
20221201,601518,sell,476424,1.9,2720.45
20221201,301318,sell,33603,23.58,2377.25
20221201,600757,sell,190729,5.07,2898.23
20221201,002195,sell,408921,2.1,2573.51
20221201,000617,sell,196936,6.4,3782.18
20221201,300033,sell,14382,71.74,3095.3
20221201,601900,sell,126094,7.36,2784.7
20221201,002014,sell,123229,6.6,2440.24
20221201,002871,sell,90220,10.37,2806.02
20221201,601699,sell,69023,14.4,2981.17
20221201,688981,sell,20367,40.98,2503.92
20221201,002177,sell,304468,3.33,3040.86
20221201,301042,sell,25912,32.86,2554.08
20221201,002558,sell,114661,7.76,2670.16
20221201,601688,sell,75856,12.01,2733.97
20221201,002270,sell,117296,7.2,2533.91
20221201,603298,sell,77391,12.08,2804.58
20221201,000429,sell,137973,6.42,2656.49
20221201,600025,sell,141249,6.34,2688.63
20221201,300540,sell,64905,13.01,2533.96
20221201,002833,sell,66670,11.39,2278.59
20221201,000425,sell,192831,4.9,2834.87
20221201,600999,sell,71178,12.67,2705.15
20221201,300488,sell,35752,24.35,2611.25
20221201,688318,sell,25639,32.02,2463.22
20221201,000603,sell,85423,12.54,3212.46
20221201,003816,sell,343258,2.55,2625.9
20221201,300756,sell,83890,11.33,2851.22
20221201,600030,sell,51064,18.56,2843.98
20221201,002757,sell,65540,10.38,2040.08
20221201,300515,sell,73096,14.13,3098.79
20221201,600114,sell,92578,8.85,2456.77
20221201,002429,sell,256945,3.29,2534.74
20221201,301061,sell,68056,12.81,2614.58
20221201,601928,sell,141536,7.14,3032.7
20221201,300308,sell,40384,20.22,2450.17
20221201,600660,sell,27013,32.96,2671.12
20221201,601229,sell,186679,4.8,2688.85
20221201,002448,sell,153493,5.55,2553.6
20221201,603203,sell,34420,27.89,2880.11
20221201,600012,sell,143231,6.22,2673.12
20221201,601336,sell,38754,25.68,2985.61
20221201,000630,sell,355457,2.71,2893.72
20221201,300913,sell,80877,11.17,2709.78
20221201,002718,sell,65267,14.6,2858.53
20221201,301004,sell,26978,20.5,1659.46
20221201,601339,buy,2300,4.44,30.67
20221201,601728,sell,10601,3.9,124.05
20221201,600050,sell,69637,4.33,904.18
20221201,000408,buy,238,26.03,18.58
20221201,600016,buy,2824,2.9,24.56
20221201,601169,buy,176,3.61,1.9
20221201,600941,sell,99,64.9,19.28
20221201,002818,buy,4508,9.43,127.48
20221201,300628,buy,23068,38.95,2695.52
20221201,000651,sell,1488,26.51,118.34
20221201,603889,sell,651,3.24,6.33
20221201,601318,sell,3059,38.7,355.12
20221201,600295,sell,8625,9.41,243.5
20221201,000913,buy,1740,17.68,92.27
20221201,600888,buy,2445,7.8,57.21
20221201,601319,sell,1549,4.86,22.61
20221201,601601,sell,4450,21.79,290.84
20221201,002756,buy,2682,68.52,551.3
20221201,002884,sell,1296,13.09,50.9
20221201,603095,buy,5519,11.0,182.09
20221201,601038,sell,947,11.53,32.75
20221201,688618,buy,24579,36.55,2695.45
20221201,002039,sell,362,13.25,14.39
20221201,600219,sell,22367,2.99,200.58
20221201,600251,sell,1830,8.17,44.87
20221201,600582,buy,115,4.75,1.64
20221201,600000,sell,1815,6.47,35.22
20221201,002483,buy,16849,5.26,266.08
20221201,600598,buy,434,12.76,16.62
20221201,300580,buy,1467,8.86,39.0
20221201,002677,buy,94691,9.49,2695.52
20221201,603556,buy,1280,17.6,67.58
20221201,601012,buy,19609,45.82,2695.42
20221201,601828,buy,190656,4.71,2695.54
20221201,603529,buy,29957,29.99,2695.49
20221201,000915,buy,22896,39.24,2695.51
20221201,002738,buy,3901,51.56,603.42
20221201,603201,buy,68077,13.2,2695.51
20221201,601985,buy,3765,5.87,66.25
20221201,300494,buy,106924,8.4,2695.53
20221201,600780,sell,770,6.78,15.67
20221201,000997,buy,4683,12.91,181.36
20221201,601881,sell,1897,9.3,52.94
20221201,601328,buy,1319,3.9,15.45
20221201,603565,buy,99811,9.0,2695.53
20221201,603599,buy,47753,18.82,2695.54
20221201,605259,buy,1256,16.44,61.96
20221201,600938,sell,1667,14.22,71.12
20221201,002048,buy,66154,13.58,2695.53
20221201,002091,buy,118298,7.6,2695.53
20221201,000063,buy,37722,23.82,2695.51
20221201,300360,buy,74,14.31,3.18
20221201,002432,buy,16615,54.08,2695.47
20221201,601811,buy,96056,9.35,2695.52
20221201,300856,buy,51038,17.6,2695.51
20221201,002978,buy,26179,34.32,2695.48
20221201,300770,buy,32050,28.03,2695.48
20221201,688767,buy,26680,33.68,2695.54
20221201,603236,buy,12298,73.06,2695.44
20221201,600338,buy,39234,22.9,2695.51
20221201,603881,buy,7542,11.25,254.54
20221201,603299,buy,91420,9.83,2695.52
20221201,300771,buy,68006,13.21,2695.55
20221201,000719,sell,6466,7.06,136.91
20221201,600566,buy,2884,26.98,233.41
20221201,002410,buy,23835,37.7,2695.52
20221201,688068,buy,9655,93.05,2695.28
20221201,600873,buy,105207,8.54,2695.52
20221201,300130,buy,6641,12.23,243.7
20221201,603809,buy,159326,5.64,2695.53
20221201,605368,buy,120179,7.48,2695.54
20221201,600694,sell,2485,10.91,81.34
20221201,600483,buy,1424,7.9,33.75
20221201,002555,buy,61275,14.66,2695.51
20221201,600894,buy,17,5.61,0.29
20221201,003019,buy,47807,18.79,2695.5
20221201,688181,buy,32561,27.59,2695.49
20221201,600741,buy,55493,16.19,2695.54
20221201,002835,buy,81937,10.97,2695.53
20221201,600123,buy,97069,9.26,2695.52
20221201,601919,buy,118375,7.59,2695.55
20221201,600618,buy,93620,9.6,2695.53
20221201,601211,buy,450,12.83,17.32
20221201,688032,buy,2108,426.13,2694.84
20221201,600373,buy,106055,8.47,2695.52
20221201,688169,buy,9455,95.03,2695.45
20221201,002986,buy,56803,15.82,2695.53
20221201,002327,buy,156617,5.74,2695.54
20221201,600061,sell,6458,6.23,120.64
20221201,600033,buy,4555,2.54,34.67
20221201,601916,buy,383553,2.34,2695.54
20221201,605377,buy,79012,11.37,2695.52
20221201,000878,sell,2073,11.11,69.11
20221201,002815,buy,90269,9.95,2695.54
20221201,601368,buy,167835,5.35,2695.53
20221201,000731,buy,117314,7.66,2695.53
20221201,603013,buy,65060,13.81,2695.51
20221201,605189,buy,75015,11.98,2695.52
20221201,000807,sell,8005,10.12,242.97
20221201,603339,buy,61551,12.32,2275.66
20230103,600941,sell,13844,63.18,2624.11
20230103,002738,sell,17426,47.84,2500.92
20230103,600061,sell,144299,5.9,2555.43
20230103,601881,sell,96590,8.6,2491.97
20230103,600694,sell,82349,11.32,2796.72
20230103,600566,sell,33305,24.27,2424.91
20230103,601211,sell,70034,12.22,2567.61
20230103,300628,sell,23068,36.55,2529.62
20230103,688618,sell,24579,36.64,2701.71
20230103,002677,sell,94691,9.36,2659.61
20230103,601012,sell,19609,40.97,2409.88
20230103,601828,sell,190656,4.62,2644.89
20230103,603529,sell,29957,29.69,2667.99
20230103,000915,sell,22896,35.97,2470.89
20230103,300494,sell,106924,8.47,2716.81
20230103,603565,sell,99811,7.96,2383.21
20230103,603599,sell,47753,19.04,2727.73
20230103,002091,sell,118298,7.35,2609.57
20230103,000063,sell,37722,24.51,2773.6
20230103,002432,sell,16615,47.9,2387.37
20230103,601811,sell,96056,8.95,2580.11
20230103,300856,sell,51038,17.4,2664.84
20230103,002978,sell,26179,31.33,2460.28
20230103,300770,sell,32050,30.69,2950.54
20230103,688767,sell,26680,29.19,2336.7
20230103,603236,sell,12298,74.31,2741.69
20230103,603299,sell,91420,8.96,2456.83
20230103,300771,sell,68006,14.08,2872.71
20230103,002410,sell,23835,42.99,3073.74
20230103,688068,sell,9655,60.64,1756.5
20230103,600873,sell,105207,8.89,2805.54
20230103,605368,sell,120179,6.91,2490.64
20230103,002555,sell,61275,15.52,2852.53
20230103,003019,sell,47807,17.68,2535.09
20230103,688181,sell,32561,26.46,2584.88
20230103,600741,sell,55493,14.9,2481.17
20230103,002835,sell,81937,10.37,2548.8
20230103,600123,sell,97069,8.69,2530.11
20230103,600618,sell,93620,9.15,2568.65
20230103,688032,sell,2108,400.06,2529.96
20230103,600373,sell,106055,8.48,2698.31
20230103,688169,sell,9455,89.94,2551.03
20230103,002986,sell,56803,14.83,2526.99
20230103,002327,sell,156617,5.82,2733.94
20230103,601916,sell,383553,2.32,2668.22
20230103,605377,sell,79012,12.17,2883.83
20230103,002815,sell,90269,9.45,2558.86
20230103,601368,sell,167835,5.15,2592.43
20230103,000731,sell,117314,7.31,2571.12
20230103,603013,sell,65060,12.91,2518.87
20230103,605189,sell,75015,11.65,2621.53
20230103,000408,buy,3485,22.87,239.06
20230103,601339,sell,10451,4.53,142.13
20230103,601038,buy,2387,10.82,77.47
20230103,603556,buy,434,16.88,21.97
20230103,002483,buy,6231,4.91,91.82
20230103,002039,sell,6473,14.17,275.09
20230103,300488,buy,39425,22.04,2606.97
20230103,603095,buy,4354,10.1,131.9
20230103,300033,buy,13143,66.12,2606.96
20230103,600016,sell,4078,2.84,34.76
20230103,601169,sell,8184,3.61,88.51
20230103,002195,buy,422213,2.06,2607.02
20230103,600219,buy,11889,2.78,99.19
20230103,300540,buy,70884,12.26,2607.0
20230103,603889,sell,23430,3.43,240.81
20230103,601985,sell,1380,5.72,23.7
20230103,000807,sell,4847,10.35,150.5
20230103,603298,buy,76324,11.39,2607.0
20230103,002871,buy,93233,9.32,2607.03
20230103,002884,sell,2695,13.18,106.56
20230103,601601,sell,921,21.55,59.55
20230103,002270,buy,126967,6.84,2607.01
20230103,600888,sell,1126,7.62,25.74
20230103,600598,buy,1876,12.03,67.68
20230103,000997,sell,1485,12.76,56.84
20230103,002833,buy,82707,10.51,2607.02
20230103,002177,buy,273304,3.18,2607.03
20230103,002757,buy,87068,9.98,2607.0
20230103,600000,sell,4748,6.48,92.26
20230103,301042,buy,29129,29.83,2607.01
20230103,000425,buy,181472,4.79,2607.02
20230103,300756,buy,77186,11.26,2607.03
20230103,600894,buy,2354,5.35,37.78
20230103,600938,buy,2109,13.31,84.21
20230103,301000,buy,86676,10.03,2607.03
20230103,300515,buy,70487,12.33,2607.02
20230103,002048,buy,1287,12.89,49.75
20230103,603809,buy,3051,5.35,48.98
20230103,600114,buy,104058,8.35,2607.02
20230103,000617,buy,161332,5.39,2607.02
20230103,601328,sell,8967,3.93,105.68
20230103,002558,buy,112500,7.72,2607.01
20230103,603881,sell,5816,11.74,204.75
20230103,600295,buy,2748,8.85,72.93
20230103,000719,sell,8917,7.34,196.35
20230103,002448,buy,167285,5.19,2607.02
20230103,300823,buy,79820,10.89,2607.01
20230103,600251,buy,3019,7.69,69.68
20230103,000960,buy,64730,13.42,2607.0
20230103,688981,buy,20919,41.54,2606.93
20230103,601728,sell,6027,3.87,70.05
20230103,600582,sell,3112,4.67,43.58
20230103,300360,buy,753,13.68,30.9
20230103,601900,buy,115918,7.5,2607.03
20230103,600660,buy,27813,31.24,2607.03
20230103,601318,sell,1867,40.7,227.96
20230103,601717,buy,89345,9.73,2607.02
20230103,002818,sell,2218,9.33,62.11
20230103,603203,buy,32203,26.99,2607.03
20230103,300817,buy,75715,11.48,2607.02
20230103,601319,sell,5390,4.85,78.37
20230103,002283,buy,198665,4.37,2607.02
20230103,300836,buy,61580,14.11,2607.0
20230103,688188,buy,8047,107.99,2607.02
20230103,000878,sell,817,10.86,26.61
20230103,600050,sell,15370,4.52,208.45
20230103,600455,buy,39179,22.18,2606.97
20230103,300580,buy,2197,8.39,55.29
20230103,300926,buy,107446,8.09,2607.03
20230103,000651,sell,1193,26.58,95.12
20230103,300130,buy,468,11.76,16.5
20230103,000603,buy,66343,13.1,2606.99
20230103,003816,buy,344564,2.52,2607.03
20230103,002533,buy,163112,5.33,2607.02
20230103,600482,buy,57440,15.13,2606.99
20230103,002150,buy,41743,20.82,2607.01
20230103,600033,sell,18667,2.59,145.06
20230103,600835,buy,84017,10.34,2607.02
20230103,002014,buy,130518,6.66,2607.02
20230103,301125,buy,99777,8.71,2607.02
20230103,300308,buy,43197,20.12,2607.02
20230103,601919,buy,392,7.32,8.6
20230103,600483,buy,1867,7.52,42.1
20230103,601218,buy,223957,3.88,2607.02
20230103,300652,buy,54969,15.81,2607.0
20230103,300780,buy,61170,14.21,2607.01
20230103,600338,sell,1403,22.97,96.68
20230103,000913,buy,903,16.8,45.5
20230103,000738,buy,33778,25.73,2607.0
20230103,603201,buy,2695,12.28,99.27
20230103,601688,buy,80120,10.85,2607.0
20230103,002756,buy,1019,61.49,187.97
20230103,002842,buy,108085,8.04,2607.01
20230103,002429,buy,260550,3.34,2607.02
20230103,605305,buy,34850,24.94,2606.98
20230103,603339,buy,12048,11.81,426.76
20230103,688059,buy,11270,77.1,2606.86
20230103,600780,buy,766,6.52,14.99
20230103,000630,buy,236396,2.92,2068.47
20230103,605259,sell,2552,16.68,127.73
20230201,605259,sell,52086,18.95,2960.92
20230201,600780,sell,133235,6.57,2626.3
20230201,300130,sell,73923,12.88,2855.69
20230201,000997,sell,68116,13.76,2812.21
20230201,603201,sell,70772,13.02,2764.35
20230201,603339,sell,73599,12.88,2843.46
20230201,002833,sell,82707,12.6,3125.11
20230201,002177,sell,273304,3.25,2664.23
20230201,002757,sell,87068,11.52,3008.26
20230201,301042,sell,29129,33.71,2945.86
20230201,300515,sell,70487,13.47,2847.54
20230201,600114,sell,104058,9.66,3016.78
20230201,603203,sell,32203,29.97,2895.42
20230201,300817,sell,75715,12.72,2890.42
20230201,300836,sell,61580,16.46,3041.71
20230201,688188,sell,8047,106.85,2579.39
20230201,600455,sell,39179,24.77,2911.39
20230201,002533,sell,163112,5.9,2885.6
20230201,600482,sell,57440,15.75,2713.3
20230201,002150,sell,41743,25.27,3164.59
20230201,600835,sell,84017,11.02,2776.85
20230201,002014,sell,130518,7.07,2767.36
20230201,301125,sell,99777,9.13,2731.92
20230201,601218,sell,223957,4.06,2728.43
20230201,300652,sell,54969,19.36,3192.55
20230201,300780,sell,61170,15.56,2855.55
20230201,000738,sell,33778,25.59,2593.09
20230201,605305,sell,34850,28.77,3008.22
20230201,688059,sell,11270,76.39,2582.6
20230201,000408,buy,1284,24.24,93.36
20230201,601728,sell,11751,4.48,157.92
20230201,601339,buy,17612,4.55,240.37
20230201,603881,sell,882,13.01,34.43
20230201,600050,buy,4443,4.84,64.53
20230201,002884,buy,3460,13.72,142.44
20230201,002039,buy,6501,14.04,273.73
20230201,300308,buy,1708,21.2,108.65
20230201,603889,buy,16698,3.52,176.44
20230201,600941,buy,14073,67.66,2856.6
20230201,601601,buy,341,23.42,23.96
20230201,600219,sell,3393,3.08,31.36
20230201,601169,buy,24941,3.58,267.85
20230201,601328,buy,15196,4.03,183.62
20230201,600016,buy,23542,2.89,204.15
20230201,002818,buy,2903,9.92,86.38
20230201,300913,buy,90074,10.57,2856.65
20230201,000807,sell,9827,12.84,378.68
20230201,600295,sell,736,9.77,21.57
20230201,600000,buy,10250,6.59,202.75
20230201,601038,buy,438,11.79,15.49
20230201,601985,buy,14535,5.72,249.61
20230201,601318,buy,129,44.32,17.15
20230201,002483,buy,6228,5.2,97.14
20230201,600888,sell,1065,8.43,26.92
20230201,002558,sell,8751,9.18,240.95
20230201,603556,buy,2589,17.61,136.76
20230201,000719,buy,9340,7.45,208.88
20230201,603095,sell,651,11.15,21.78
20230201,603083,buy,70166,13.57,2856.63
20230201,000960,sell,2386,15.27,109.33
20230201,600660,sell,142,34.41,14.66
20230201,002555,buy,54957,17.33,2856.63
20230201,000651,buy,618,28.58,52.99
20230201,002195,sell,107737,3.03,978.67
20230201,002448,buy,2394,5.61,40.3
20230201,600251,buy,3293,8.19,80.92
20230201,600938,buy,3797,13.78,156.99
20230201,600598,buy,4692,12.37,174.17
20230201,301205,buy,40765,23.36,2856.61
20230201,601900,buy,9738,7.58,221.38
20230201,301000,sell,4595,11.6,159.92
20230201,300620,buy,33342,28.56,2856.64
20230201,000063,buy,37339,25.5,2856.61
20230201,000617,sell,290,5.91,5.14
20230201,300488,buy,173,24.05,12.48
20230201,300540,buy,1105,13.23,43.85
20230201,300570,buy,61134,15.58,2856.65
20230201,000603,sell,812,14.53,35.4
20230201,002871,sell,574,10.28,17.7
20230201,002792,buy,104275,9.13,2856.63
20230201,688027,buy,8046,118.35,2856.64
20230201,002270,sell,387,7.52,8.73
20230201,601319,buy,20955,4.75,298.91
20230201,002048,sell,1089,14.35,46.89
20230201,300502,buy,72865,13.07,2856.63
20230201,301191,buy,16042,59.36,2856.56
20230201,300926,sell,19683,10.85,640.68
20230201,000425,sell,8237,5.5,135.83
20230201,600025,buy,151876,6.27,2856.64
20230201,601717,sell,1925,10.89,62.9
20230201,600757,buy,184452,5.16,2856.65
20230201,601229,buy,197009,4.83,2856.65
20230201,003816,buy,31605,2.53,240.01
20230201,002283,sell,14234,5.16,220.47
20230201,688313,buy,91590,10.4,2856.65
20230201,300033,sell,1658,82.92,412.43
20230201,300756,buy,6602,11.36,225.09
20230201,002027,buy,164403,5.79,2856.66
20230201,300738,buy,109783,8.67,2856.63
20230201,300823,buy,2478,11.57,86.01
20230201,600582,buy,18596,4.65,259.44
20230201,600894,buy,5493,5.67,93.45
20230201,600338,buy,1074,24.48,78.86
20230201,000878,sell,2204,12.23,80.89
20230201,002756,sell,1477,75.25,333.41
20230201,300580,sell,8591,10.02,258.31
20230201,603298,sell,456,12.55,17.17
20230201,000630,buy,50974,3.31,506.72
20230201,603809,sell,19320,6.66,385.8
20230201,600483,sell,7627,8.82,201.76
20230201,688981,buy,991,43.46,129.21
20230201,600033,buy,30868,2.6,240.7
20230201,600392,buy,56282,16.92,2856.65
20230201,300548,buy,49803,19.12,2856.62
20230201,000737,buy,150028,6.35,2856.65
20230201,002842,sell,6243,9.35,175.12
20230201,300628,buy,25418,37.46,2856.56
20230201,002429,sell,3962,3.71,44.11
20230201,601688,sell,1159,12.06,41.93
20230201,000913,sell,9298,22.44,625.92
20230201,000923,buy,67926,14.02,2856.63
20230201,688182,buy,71343,13.35,2856.64
20230201,600595,buy,282604,3.37,2856.65
20230201,000429,buy,141150,6.75,2856.65
20230201,300360,sell,1950,15.46,90.45
20230201,600030,buy,46369,20.54,2856.65
20230201,300563,buy,80426,11.84,2856.64
20230201,601919,buy,4649,7.72,107.61
20230201,600522,buy,54052,15.87,2573.96
20230301,300360,sell,61589,15.23,2814.84
20230301,000617,sell,161042,5.59,2702.25
20230301,603083,sell,70166,21.05,4431.63
20230301,002555,sell,54957,19.27,3176.95
20230301,301205,sell,40765,36.78,4498.34
20230301,300620,sell,33342,28.85,2885.71
20230301,000063,sell,37339,31.11,3484.47
20230301,300570,sell,61134,21.24,3896.24
20230301,002792,sell,104275,11.13,3481.23
20230301,688027,sell,8046,135.33,3266.49
20230301,300502,sell,72865,16.8,3672.97
20230301,301191,sell,16042,79.57,3829.61
20230301,600757,sell,184452,5.26,2910.46
20230301,688313,sell,91590,12.07,3316.34
20230301,002027,sell,164403,5.74,2831.45
20230301,300738,sell,109783,11.22,3695.05
20230301,300548,sell,49803,21.98,3283.93
20230301,300628,sell,25418,41.74,3182.94
20230301,688182,sell,71343,18.71,4004.38
20230301,600030,sell,46369,19.43,2702.76
20230301,300563,sell,80426,13.59,3278.12
20230301,600522,sell,54052,15.39,2496.24
20230301,000408,buy,3257,23.85,233.02
20230301,601339,sell,26887,5.56,448.65
20230301,002884,buy,5682,13.51,230.37
20230301,002039,buy,5079,13.91,212.0
20230301,603889,sell,1179,3.77,13.33
20230301,601169,buy,11572,3.66,126.9
20230301,002818,buy,3366,10.21,103.11
20230301,000807,buy,3619,13.05,141.68
20230301,600016,buy,28759,2.83,244.4
20230301,002483,buy,2729,5.46,44.69
20230301,601985,buy,7200,5.85,126.29
20230301,600219,buy,22050,3.06,202.69
20230301,002195,buy,19522,3.04,177.91
20230301,603095,buy,3007,11.48,103.53
20230301,601328,buy,12425,4.08,151.99
20230301,600000,buy,11587,6.5,226.08
20230301,600295,buy,8259,9.59,237.72
20230301,601728,sell,33149,5.66,562.38
20230301,603881,sell,2782,14.41,120.31
20230301,002448,buy,9909,5.65,167.95
20230301,601318,buy,2031,43.15,262.92
20230301,000651,sell,180,30.62,16.53
20230301,600251,buy,8586,8.13,209.36
20230301,600660,buy,3136,32.93,309.85
20230301,603556,sell,7469,21.77,487.78
20230301,600598,buy,4643,12.43,173.2
20230301,600888,buy,8322,8.36,208.79
20230301,000960,buy,5389,14.98,242.18
20230301,300540,sell,830,14.26,35.5
20230301,301000,buy,8035,11.26,271.4
20230301,601601,sell,1425,25.86,110.54
20230301,601038,buy,7105,11.55,246.12
20230301,002048,buy,3949,14.43,170.98
20230301,300926,sell,2322,11.88,82.72
20230301,300033,buy,545,84.34,137.89
20230301,300488,buy,3689,23.44,259.41
20230301,688981,buy,2037,42.37,258.92
20230301,002270,buy,648,7.97,15.5
20230301,603809,buy,15154,6.41,291.56
20230301,300580,sell,3528,11.09,117.39
20230301,000997,buy,66046,15.36,3043.9
20230301,002558,sell,1458,9.92,43.39
20230301,000719,sell,650,7.98,15.57
20230301,002871,buy,1290,10.8,41.8
20230301,600050,sell,6224,5.33,99.48
20230301,301042,buy,27943,36.31,3043.87
20230301,002283,sell,3027,5.59,50.79
20230301,002429,sell,21302,4.31,275.59
20230301,002833,buy,67527,15.03,3043.9
20230301,601717,sell,5010,12.31,185.05
20230301,300308,sell,5157,25.53,394.93
20230301,300130,buy,64439,15.75,3043.9
20230301,600025,sell,907,6.72,18.29
20230301,601319,buy,9889,4.83,143.23
20230301,000913,buy,4793,21.48,308.91
20230301,300823,buy,2833,11.92,101.3
20230301,000603,buy,9662,13.49,391.13
20230301,000425,sell,21762,6.7,437.32
20230301,600938,buy,4027,13.88,167.65
20230301,002756,buy,4227,60.1,762.11
20230301,600392,buy,8066,15.77,381.55
20230301,002757,buy,77889,13.03,3043.91
20230301,000878,buy,6292,12.06,227.66
20230301,301377,buy,46854,21.65,3043.86
20230301,600894,buy,4269,5.89,75.47
20230301,600033,buy,18758,2.63,148.26
20230301,003816,buy,18849,2.57,145.25
20230301,300756,buy,4128,11.54,142.92
20230301,000630,buy,31264,3.18,298.67
20230301,002177,buy,324186,3.13,3043.92
20230301,601229,buy,13264,4.83,192.01
20230301,601900,buy,4217,7.81,98.84
20230301,300652,buy,54526,18.61,3043.91
20230301,000737,buy,1865,6.68,37.37
20230301,002842,buy,1481,9.82,43.63
20230301,603298,sell,3281,13.98,137.59
20230301,300913,sell,5028,11.93,179.96
20230301,600483,buy,2041,9.22,56.46
20230301,603201,buy,73142,13.87,3043.91
20230301,600114,buy,105409,9.63,3043.92
20230301,601688,buy,8003,11.67,280.12
20230301,600338,buy,992,25.43,75.68
20230301,600582,buy,7407,4.78,106.27
20230301,002014,buy,136296,7.44,3043.9
20230301,000429,buy,6790,6.86,139.71
20230301,002638,buy,394801,2.57,3043.92
20230301,002738,buy,20185,50.26,3043.78
20230301,600941,sell,417,74.3,92.95
20230301,600595,buy,15075,3.41,154.15
20230301,603299,buy,104450,9.71,3043.9
20230301,601218,buy,248688,4.08,3043.91
20230301,688318,buy,21876,46.38,3043.86
20230301,000923,buy,1993,14.51,86.76
20230301,600236,buy,196204,5.17,3043.92
20230301,002533,buy,170586,5.95,3043.91
20230301,601919,buy,7969,7.72,184.62
20230301,605277,buy,98701,10.28,3043.91
20230301,003019,buy,50037,20.28,3043.86
20230301,601699,buy,59495,17.05,3043.9
20230301,000893,buy,32916,28.37,2801.48
20230403,601169,sell,277568,3.71,3092.89
20230403,600016,sell,358180,2.85,3061.67
20230403,600598,sell,81600,11.69,2860.72
20230403,600894,sell,172185,6.07,3137.3
20230403,300580,sell,91479,10.02,2749.37
20230403,000719,sell,127084,9.75,3716.61
20230403,600888,sell,121324,7.89,2872.05
20230403,600000,sell,156008,6.44,3014.57
20230403,600033,sell,385108,2.6,3002.92
20230403,601319,sell,210157,4.75,2991.93
20230403,601601,sell,39239,23.75,2795.77
20230403,002756,sell,16882,56.98,2885.63
20230403,002818,sell,99371,10.66,3179.12
20230403,000913,sell,47229,18.56,2629.09
20230403,601318,sell,23513,39.43,2781.37
20230403,600295,sell,105752,8.87,2813.98
20230403,000651,sell,33138,31.33,3114.14
20230403,600938,sell,73117,15.17,3326.77
20230403,002039,sell,72924,13.9,3041.85
20230403,601038,sell,87871,10.33,2723.77
20230403,600582,sell,212167,4.35,2769.74
20230403,000878,sell,84127,11.74,2963.37
20230403,600483,sell,110028,8.49,2802.68
20230403,600251,sell,124831,7.69,2881.2
20230403,002048,sell,70301,13.15,2772.9
20230403,600338,sell,39897,23.08,2762.52
20230403,603809,sell,158211,5.73,2721.4
20230403,601919,sell,131385,7.68,3027.08
20230403,300823,sell,85131,11.77,3007.0
20230403,601900,sell,129873,9.04,3521.93
20230403,601688,sell,86964,12.0,3129.56
20230403,002429,sell,235286,4.62,3262.77
20230403,000630,sell,318634,2.95,2823.34
20230403,600025,sell,150969,6.51,2950.27
20230403,601229,sell,210273,4.83,3048.98
20230403,600392,sell,64348,14.16,2733.31
20230403,000923,sell,69919,12.73,2670.35
20230403,000429,sell,147940,6.59,2925.07
20230403,000997,sell,66046,16.36,3240.95
20230403,300130,sell,64439,16.77,3242.61
20230403,603201,sell,73142,13.16,2888.24
20230403,002014,sell,136296,7.41,3030.51
20230403,002638,sell,394801,2.65,3138.67
20230403,002738,sell,20185,48.57,2941.39
20230403,603299,sell,104450,9.17,2873.11
20230403,601218,sell,248688,3.82,2852.33
20230403,688318,sell,21876,60.67,3981.77
20230403,605277,sell,98701,11.55,3420.91
20230403,003019,sell,50037,21.35,3204.45
20230403,601699,sell,59495,16.89,3015.36
20230403,000893,sell,32916,26.6,2626.7
20230403,000408,buy,6557,21.0,413.0
20230403,300308,sell,18179,47.8,2606.76
20230403,603881,sell,10526,17.22,543.82
20230403,603083,buy,25218,40.88,3092.77
20230403,300502,buy,34958,29.49,3092.81
20230403,301205,buy,20846,49.45,3092.8
20230403,300913,sell,26224,17.53,1378.85
20230403,300620,buy,31449,32.78,3092.73
20230403,300570,buy,35670,28.9,3092.78
20230403,300548,buy,32024,32.19,3092.79
20230403,688027,buy,6626,155.59,3092.72
20230403,002792,buy,86711,11.89,3092.81
20230403,601728,sell,1872,5.81,32.61
20230403,688313,buy,66107,15.59,3092.77
20230403,301165,buy,39104,26.36,3092.76
20230403,002270,buy,2327,7.96,55.55
20230403,000960,buy,6643,13.86,276.24
20230403,000807,buy,6539,12.23,239.92
20230403,688159,buy,46232,22.3,3092.8
20230403,301377,buy,3219,20.59,198.82
20230403,600522,buy,60902,16.93,3092.8
20230403,688182,buy,60230,17.12,3092.8
20230403,688668,buy,22673,45.47,3092.79
20230403,300689,buy,48019,21.47,3092.75
20230403,300563,buy,74916,13.76,3092.79
20230403,600941,sell,994,81.42,242.8
20230403,688205,buy,25820,39.93,3092.81
20230403,002842,buy,12252,8.92,327.86
20230403,002448,buy,14963,5.3,237.87
20230403,300921,buy,81451,12.66,3092.78
20230403,688143,buy,30022,34.34,3092.73
20230403,600114,buy,11513,8.82,304.54
20230403,300738,buy,79038,13.04,3092.81
20230403,601339,buy,4006,5.53,66.46
20230403,301042,sell,95,37.02,10.55
20230403,300540,buy,926,14.3,39.73
20230403,002871,buy,4827,10.44,151.14
20230403,300836,buy,60454,17.05,3092.78
20230403,603095,buy,6842,10.82,222.15
20230403,300033,sell,5614,160.7,2706.46
20230403,000737,buy,13083,6.25,245.27
20230403,601985,sell,2171,6.02,39.18
20230403,300414,buy,109101,9.45,3092.78
20230403,601179,buy,201478,5.12,3092.8
20230403,600050,buy,11759,5.1,179.85
20230403,002195,sell,31135,3.4,317.95
20230403,000603,sell,11980,16.31,586.14
20230403,301191,buy,11933,86.39,3092.79
20230403,688981,sell,5058,54.58,828.2
20230403,002017,buy,87963,11.72,3092.8
20230403,301000,buy,2734,11.1,91.07
20230403,002558,sell,25499,13.43,1026.99
20230403,603803,buy,113444,9.09,3092.81
20230403,600219,buy,35182,2.81,297.04
20230403,600236,buy,8877,5.03,133.87
20230403,300756,sell,3149,12.16,114.9
20230403,001331,buy,83164,12.4,3092.8
20230403,603699,buy,93430,11.03,3092.78
20230403,600482,buy,62445,16.51,3092.8
20230403,603203,buy,32958,31.28,3092.77
20230403,301419,buy,42265,24.39,3092.79
20230403,600595,buy,30142,3.14,284.37
20230403,000962,buy,86995,11.85,3092.8
20230403,002757,sell,6882,14.52,299.76
20230403,603115,buy,67224,15.34,3092.8
20230403,002483,buy,18233,5.05,276.27
20230403,002177,buy,10537,3.08,97.36
20230403,601717,buy,1843,12.24,67.65
20230403,002283,buy,20020,5.12,307.4
20230403,000063,buy,33788,30.51,3092.73
20230403,300652,buy,6585,16.87,333.26
20230403,300926,sell,6739,13.1,264.83
20230403,300488,buy,2425,22.55,164.07
20230403,600863,buy,356405,2.89,3092.81
20230403,300304,buy,224367,4.59,3092.8
20230403,601328,sell,4926,4.23,62.46
20230403,002533,sell,8814,6.37,168.51
20230403,003031,buy,16881,61.07,3092.67
20230403,603298,buy,8079,12.78,309.75
20230403,002833,sell,516,15.38,23.82
20230403,688147,buy,28478,36.2,3092.8
20230403,002970,buy,42820,24.08,3092.78
20230403,003816,sell,7688,2.66,61.39
20230403,000425,buy,7289,6.49,141.99
20230403,603040,buy,52914,19.48,3092.77
20230403,002884,buy,5281,12.83,203.26
20230403,002881,buy,30790,33.48,3092.75
20230403,600660,buy,2794,30.68,257.17
20230403,603516,buy,54167,19.03,3092.76
20230403,688100,buy,36421,28.31,3092.8
20230403,603556,buy,1922,21.24,122.48
20230403,603889,buy,9055,3.71,100.66
20230403,002779,buy,57904,17.8,3092.8
20230403,688611,buy,53040,19.44,3092.76
20230403,002938,buy,36673,28.11,3092.8
20230403,002730,buy,120995,8.52,3092.8
20230403,000586,buy,89959,11.46,3092.79
20230504,300033,sell,6416,119.83,2306.53
20230504,002195,sell,302863,3.07,2787.13
20230504,300756,sell,84767,13.32,3387.23
20230504,301000,sell,92850,10.97,3056.58
20230504,002558,sell,76792,16.55,3812.97
20230504,002448,sell,194551,5.8,3386.04
20230504,000960,sell,74376,14.49,3232.42
20230504,601717,sell,84253,12.35,3122.71
20230504,002283,sell,201424,5.15,3109.04
20230504,000603,sell,63213,16.67,3162.13
20230504,002842,sell,115575,8.31,2881.28
20230504,600595,sell,327821,3.18,3131.22
20230504,301042,sell,27848,27.84,2326.25
20230504,002757,sell,71007,12.82,2731.96
20230504,301377,sell,50073,18.01,2706.01
20230504,002177,sell,334723,3.6,3613.28
20230504,300652,sell,61111,15.04,2757.84
20230504,600114,sell,116922,7.27,2548.97
20230504,002533,sell,161772,6.98,3385.61
20230504,301165,sell,39104,24.22,2841.66
20230504,688668,sell,22673,39.77,2705.37
20230504,300689,sell,48019,20.33,2929.22
20230504,300563,sell,74916,11.78,2647.85
20230504,688205,sell,25820,43.8,3392.52
20230504,300836,sell,60454,17.24,3126.27
20230504,300414,sell,109101,8.57,2805.99
20230504,601179,sell,201478,5.43,3279.54
20230504,603803,sell,113444,7.45,2535.09
20230504,001331,sell,83164,10.88,2714.51
20230504,603699,sell,93430,12.08,3385.21
20230504,600482,sell,62445,16.92,3169.85
20230504,603203,sell,32958,27.51,2719.75
20230504,301419,sell,42265,23.34,2959.26
20230504,000962,sell,86995,11.12,2901.6
20230504,603115,sell,67224,12.54,2528.24
20230504,300304,sell,224367,4.59,3089.67
20230504,003031,sell,16881,85.06,4307.64
20230504,688147,sell,28478,49.48,4227.51
20230504,002970,sell,42820,28.5,3661.61
20230504,603040,sell,52914,20.64,3276.6
20230504,002881,sell,30790,28.58,2639.57
20230504,603516,sell,54167,20.82,3382.81
20230504,002779,sell,57904,17.73,3079.27
20230504,688611,sell,53040,19.0,3023.79
20230504,002938,sell,36673,22.51,2476.07
20230504,002730,sell,120995,8.67,3148.71
20230504,000586,sell,89959,11.22,3028.02
20230504,000408,buy,1359,20.45,83.37
20230504,603881,buy,6058,15.65,284.47
20230504,601728,sell,3316,5.92,58.91
20230504,601339,buy,29331,4.78,420.83
20230504,300394,buy,38476,26.82,3095.53
20230504,002039,buy,78882,13.08,3095.52
20230504,601985,sell,18055,6.73,364.54
20230504,600050,buy,4644,4.99,69.5
20230504,300308,sell,4531,60.57,823.26
20230504,002884,buy,5058,12.08,183.31
20230504,002483,buy,1692,5.01,25.45
20230504,600941,sell,1346,91.19,368.21
20230504,601038,buy,92972,11.1,3095.55
20230504,002818,buy,93522,11.03,3095.54
20230504,300130,buy,59462,17.35,3095.52
20230504,601169,buy,253176,4.08,3095.55
20230504,600251,buy,120635,8.55,3095.54
20230504,600016,buy,313132,3.3,3095.55
20230504,601319,buy,169370,6.09,3095.54
20230504,600522,buy,12880,13.99,540.38
20230504,002194,buy,106788,9.66,3095.54
20230504,603889,sell,34937,4.24,444.52
20230504,601328,sell,33598,4.91,494.52
20230504,600236,sell,916,5.05,13.89
20230504,300913,buy,170,17.49,8.92
20230504,300628,buy,27301,37.79,3095.45
20230504,603095,buy,8491,9.95,253.36
20230504,601077,buy,310312,3.33,3095.55
20230504,603331,buy,75849,13.6,3095.52
20230504,603556,sell,1610,21.99,106.22
20230504,000063,sell,1326,31.79,126.45
20230504,002270,sell,15470,9.04,419.76
20230504,600000,buy,149978,6.88,3095.55
20230504,601900,buy,56316,18.32,3095.53
20230504,605090,buy,50110,20.59,3095.54
20230504,000807,sell,5556,13.11,218.44
20230504,603859,buy,36329,28.4,3095.55
20230504,300540,sell,5193,15.43,240.32
20230504,600598,buy,86243,11.96,3095.53
20230504,003816,sell,42998,3.0,386.55
20230504,002871,sell,6765,11.21,227.6
20230504,603083,sell,9299,64.82,1808.28
20230504,600660,buy,1177,29.67,104.76
20230504,300660,buy,66817,15.44,3095.53
20230504,688981,sell,1328,58.76,234.1
20230504,000651,buy,34651,29.78,3095.52
20230504,600219,buy,5830,2.77,48.49
20230504,600835,buy,77942,13.24,3095.53
20230504,002281,buy,45915,22.47,3095.51
20230504,301191,buy,3023,68.99,625.67
20230504,300488,buy,3993,20.76,248.67
20230504,603766,buy,240709,4.29,3095.56
20230504,600863,sell,71713,3.62,779.76
20230504,301205,sell,7303,76.19,1669.31
20230504,002017,sell,639,11.82,22.65
20230504,601518,buy,435518,2.37,3095.55
20230504,600938,buy,63432,16.27,3095.53
20230504,301039,buy,81483,12.66,3095.54
20230504,600025,buy,153314,6.73,3095.54
20230504,300580,buy,98233,10.5,3095.56
20230504,601336,buy,27690,37.26,3095.55
20230504,300921,buy,17676,10.41,551.98
20230504,300620,sell,3691,37.17,411.62
20230504,600295,buy,121453,8.5,3095.55
20230504,688027,buy,280,149.4,125.49
20230504,300863,buy,50532,20.42,3095.54
20230504,300570,buy,6021,24.75,447.05
20230504,601601,buy,33604,30.71,3095.49
20230504,601916,buy,409998,2.52,3095.55
20230504,300502,sell,3243,32.54,316.54
20230504,688313,buy,14340,12.83,551.79
20230504,603299,buy,118322,8.72,3095.54
20230504,002296,buy,127599,8.09,3095.55
20230504,300548,buy,3729,28.86,322.86
20230504,600888,buy,134639,7.66,3095.55
20230504,300926,buy,11396,11.45,391.54
20230504,300384,buy,62685,16.46,3095.52
20230504,600757,buy,111276,9.27,3095.55
20230504,300823,buy,85912,12.01,3095.55
20230504,000737,buy,12080,5.83,211.2
20230504,605117,buy,21809,47.31,3095.45
20230504,600033,buy,346182,2.98,3095.55
20230504,605277,buy,106675,9.67,3095.53
20230504,300738,buy,19643,10.46,616.18
20230504,000875,buy,198623,5.2,3095.55
20230504,300590,buy,93298,11.06,3095.55
20230504,002833,buy,2945,14.75,130.32
20230504,688159,buy,3731,20.65,231.16
20230504,601000,buy,301654,3.42,3095.55
20230504,601688,buy,78880,13.08,3095.53
20230504,603298,sell,6150,13.85,255.49
20230504,688143,buy,735,33.55,73.97
20230504,002792,buy,574,11.82,20.36
20230504,603201,buy,84746,12.18,3095.55
20230504,301107,buy,76380,13.51,3095.52
20230504,002571,buy,172262,5.99,3095.55
20230504,000425,buy,15932,5.91,282.31
20230504,688100,sell,426,28.67,36.64
20230504,603809,buy,173951,4.91,2559.89
20230504,688182,sell,464,17.26,24.03
20230601,600219,sell,372150,2.52,2816.67
20230601,601339,sell,215756,4.89,3163.19
20230601,603556,sell,46922,21.22,2987.54
20230601,002483,sell,205804,5.05,3118.44
20230601,603881,sell,65921,15.31,3028.6
20230601,300488,sell,49705,21.54,3211.96
20230601,300540,sell,66892,16.32,3275.48
20230601,603298,sell,74516,13.49,3015.66
20230601,002871,sell,92011,11.32,3123.65
20230601,002270,sell,114085,8.84,3025.98
20230601,000425,sell,174694,5.5,2880.72
20230601,688981,sell,17561,54.42,2867.01
20230601,600660,sell,34778,29.48,3075.37
20230601,003816,sell,344332,2.89,2989.81
20230601,300308,sell,17038,76.8,3925.61
20230601,300913,sell,58992,23.14,4095.28
20230601,000737,sell,177056,5.35,2840.62
20230601,002833,sell,69956,14.36,3014.3
20230601,600236,sell,204165,5.22,3195.06
20230601,603083,sell,15919,67.36,3216.91
20230601,300502,sell,31715,41.45,3943.68
20230601,301205,sell,13543,125.48,5098.19
20230601,300620,sell,27758,53.63,4466.12
20230601,300570,sell,41691,30.66,3834.65
20230601,300548,sell,35753,30.31,3251.36
20230601,688027,sell,6906,163.99,3397.64
20230601,002792,sell,87285,11.31,2961.37
20230601,688313,sell,80447,13.78,3326.24
20230601,688159,sell,49963,26.48,3969.27
20230601,600522,sell,73782,14.22,3146.45
20230601,688182,sell,59766,21.69,3888.54
20230601,300921,sell,99127,12.01,3572.34
20230601,688143,sell,30757,31.84,2937.83
20230601,300738,sell,98681,10.87,3218.99
20230601,301191,sell,14956,80.0,3589.35
20230601,002017,sell,87324,11.71,3066.45
20230601,000063,sell,32462,34.38,3348.2
20230601,600863,sell,284692,3.56,3043.47
20230601,688100,sell,35995,28.74,3103.86
20230601,300394,sell,38476,37.39,4315.99
20230601,002039,sell,78882,13.21,3126.52
20230601,601038,sell,92972,10.58,2949.63
20230601,300130,sell,59462,23.65,4219.04
20230601,002194,sell,106788,9.52,3049.14
20230601,601077,sell,310312,3.18,2959.65
20230601,603331,sell,75849,13.75,3128.76
20230601,600000,sell,149978,6.52,2934.33
20230601,605090,sell,50110,19.5,2931.38
20230601,603859,sell,36329,31.55,3439.01
20230601,300660,sell,66817,18.79,3766.13
20230601,002281,sell,45915,27.07,3728.16
20230601,603766,sell,240709,4.31,3114.98
20230601,600025,sell,153314,6.86,3156.06
20230601,300580,sell,98233,13.31,3923.47
20230601,300863,sell,50532,21.87,3315.2
20230601,601916,sell,409998,2.4,2956.18
20230601,603299,sell,118322,8.32,2952.0
20230601,002296,sell,127599,8.36,3199.73
20230601,300384,sell,62685,16.28,3060.93
20230601,300823,sell,85912,12.94,3335.88
20230601,605277,sell,106675,10.43,3338.87
20230601,000875,sell,198623,5.24,3123.64
20230601,601000,sell,301654,3.15,2851.07
20230601,301107,sell,76380,14.02,3213.24
20230601,002571,sell,172262,5.76,2976.69
20230601,603809,sell,173951,4.54,2367.23
20230601,600016,buy,15920,3.23,154.23
20230601,600015,buy,224975,4.72,3187.71
20230601,000651,buy,4202,27.35,344.75
20230601,603889,buy,7707,4.23,97.88
20230601,601169,buy,15859,3.95,187.91
20230601,600971,buy,146049,7.28,3187.72
20230601,600612,buy,18572,57.21,3187.71
20230601,603688,buy,16273,65.3,3187.64
20230601,600061,buy,152253,6.98,3187.71
20230601,600894,buy,175664,6.05,3187.7
20230601,600398,buy,192133,5.53,3187.71
20230601,600483,buy,124328,8.55,3187.7
20230601,600941,buy,926,86.8,241.12
20230601,601319,buy,20769,5.59,348.2
20230601,601019,buy,114500,9.28,3187.69
20230601,601728,buy,18831,5.5,310.92
20230601,600582,buy,221782,4.79,3187.71
20230601,600938,buy,6312,15.24,288.49
20230601,601717,buy,101486,10.47,3187.69
20230601,600566,buy,40561,26.2,3187.7
20230601,000408,buy,983,20.65,60.91
20230601,603201,buy,1208,12.36,44.8
20230601,000762,buy,34775,30.55,3187.63
20230601,600251,buy,9948,8.14,242.84
20230601,600888,buy,9286,7.38,205.67
20230601,300897,buy,99694,10.66,3187.69
20230601,002034,buy,71421,14.88,3187.69
20230601,601518,buy,25929,2.3,179.12
20230601,603871,buy,152096,6.99,3187.71
20230601,601336,buy,4406,33.11,437.59
20230601,002662,buy,351456,3.02,3187.71
20230601,603037,buy,176705,6.01,3187.71
20230601,002048,buy,92755,11.46,3187.7
20230601,603095,sell,397,10.28,12.25
20230601,300628,buy,5124,32.77,503.73
20230601,002738,buy,20448,51.96,3187.67
20230601,600998,buy,200908,5.29,3187.71
20230601,300349,buy,86144,12.33,3187.69
20230601,002756,buy,18507,57.41,3187.7
20230601,600835,buy,4127,12.95,160.3
20230601,002396,buy,68030,15.62,3187.69
20230601,000878,buy,102601,10.36,3187.7
20230601,000596,buy,4541,233.97,3187.42
20230601,601601,buy,8216,25.41,626.25
20230601,600710,buy,163048,6.52,3187.72
20230601,601328,buy,9981,4.82,144.43
20230601,601619,buy,249405,4.26,3187.71
20230601,600757,buy,6570,9.02,177.72
20230601,603006,buy,118194,8.99,3187.71
20230601,605117,buy,2500,43.71,327.83
20230601,601330,buy,157045,6.77,3187.7
20230601,603568,buy,78878,13.47,3187.69
20230601,601318,buy,25942,40.96,3187.6
20230601,002543,buy,143255,7.42,3187.71
20230601,002987,buy,117565,9.04,3187.71
20230601,002091,buy,155494,6.83,3187.7
20230601,002772,buy,110832,9.59,3187.69
20230601,000915,buy,32234,32.96,3187.69
20230601,002478,buy,164424,6.46,3187.7
20230601,300910,buy,25172,42.21,3187.68
20230601,600050,buy,23981,4.6,331.16
20230601,600742,buy,153628,6.92,3187.71
20230601,600694,buy,87303,12.17,3187.7
20230601,002884,buy,368,12.39,13.68
20230601,000807,buy,13328,11.54,461.48
20230601,601688,buy,5896,12.53,221.7
20230601,601811,buy,72356,14.69,3187.68
20230601,000591,buy,167503,6.34,3187.71
20230601,002757,buy,81513,13.04,3187.69
20230601,301039,buy,14904,11.02,492.91
20230601,600352,buy,127041,8.36,3187.72
20230601,002327,buy,148424,7.16,3187.7
20230601,600528,buy,107963,9.84,3187.71
20230601,603565,buy,131690,8.07,3187.71
20230601,000623,buy,70435,15.09,3187.7
20230601,601985,buy,8173,6.58,161.33
20230601,000893,buy,46018,23.09,3187.67
20230601,300504,buy,57782,18.39,3187.71
20230601,002441,buy,110559,9.61,3187.7
20230601,301004,buy,46787,22.71,3187.65
20230601,605259,buy,60003,17.71,3187.7
20230601,601677,buy,88505,12.01,3187.69
20230601,600674,buy,78337,13.56,3187.69
20230601,002821,buy,8239,128.95,3187.34
20230601,000719,buy,96355,11.03,3187.71
20230601,600373,buy,71049,14.96,3187.7
20230601,000630,buy,394253,2.7,3187.71
20230601,002818,buy,8992,10.37,279.61
20230601,601900,sell,13203,24.65,976.22
20230601,300926,sell,9901,13.25,393.56
20230601,688063,buy,7903,134.45,3187.61
20230601,688080,buy,22165,47.94,3187.64
20230601,600033,buy,40206,2.75,331.7
20230601,600598,buy,1976,12.04,71.4
20230601,002911,buy,126047,8.43,3187.71
20230601,688360,buy,108914,9.76,3187.72
20230601,300590,buy,1232,11.24,41.55
20230601,605368,buy,135311,7.85,3187.7
20230601,000778,buy,235077,4.07,2870.82
20230703,002818,sell,102514,10.77,3311.94
20230703,601900,sell,43113,18.0,2327.8
20230703,300590,sell,94530,11.59,3287.41
20230703,000719,sell,96355,9.84,2843.44
20230703,600373,sell,71049,11.9,2537.2
20230703,688080,sell,22165,46.06,3062.94
20230703,002911,sell,126047,8.8,3326.3
20230703,605368,sell,135311,8.02,3255.31
20230703,000778,sell,235077,3.91,2757.32
20230703,600016,sell,3433,3.32,34.15
20230703,600015,sell,1677,4.84,24.33
20230703,000651,sell,4512,31.44,425.61
20230703,603889,sell,33268,4.96,494.93
20230703,601169,buy,4930,3.94,58.29
20230703,600483,buy,7820,8.17,191.68
20230703,603688,sell,373,67.91,75.99
20230703,600894,sell,3632,6.28,68.39
20230703,600971,buy,13178,6.78,268.09
20230703,600612,sell,891,61.07,163.24
20230703,600398,sell,6333,5.81,110.41
20230703,601717,sell,3888,11.06,129.04
20230703,000408,buy,855,20.65,52.95
20230703,601319,buy,4027,5.56,67.18
20230703,600582,sell,16682,5.26,263.47
20230703,600938,sell,2297,16.01,110.32
20230703,601728,buy,15420,5.18,239.58
20230703,000762,buy,2150,29.24,188.61
20230703,600566,buy,2258,25.22,170.81
20230703,600061,buy,2445,6.98,51.2
20230703,600251,buy,928,8.21,22.86
20230703,601601,buy,576,25.47,44.01
20230703,603201,sell,1496,12.78,57.38
20230703,002034,buy,2302,14.65,101.14
20230703,600941,buy,466,84.96,118.77
20230703,600888,sell,793,7.54,17.95
20230703,300897,sell,3786,11.26,127.87
20230703,601518,buy,12941,2.28,88.36
20230703,601318,sell,753,42.87,96.84
20230703,002662,sell,12443,3.18,118.89
20230703,002048,sell,5070,12.31,187.29
20230703,002756,buy,570,56.6,96.78
20230703,603095,buy,5981,9.88,177.21
20230703,603871,sell,5438,7.36,120.11
20230703,601019,buy,19329,8.07,467.84
20230703,000878,sell,1119,10.64,35.72
20230703,002738,buy,1813,48.5,263.81
20230703,601336,sell,1803,35.64,192.8
20230703,000915,buy,3676,30.07,331.59
20230703,603037,sell,17580,6.79,357.87
20230703,600835,sell,11898,15.39,549.24
20230703,002543,buy,2795,7.39,61.99
20230703,605117,sell,4093,53.41,655.86
20230703,300349,sell,126,12.55,4.74
20230703,002772,buy,4167,9.39,117.37
20230703,600998,buy,4390,5.26,69.27
20230703,000596,buy,44,235.45,31.08
20230703,601330,buy,2752,6.76,55.79
20230703,000807,sell,3962,12.26,145.67
20230703,601677,sell,9667,13.7,397.19
20230703,603568,buy,682,13.57,27.77
20230703,002478,sell,8789,6.94,182.93
20230703,603006,sell,18699,10.85,608.78
20230703,002441,sell,4345,10.17,132.51
20230703,002884,sell,2393,12.95,92.96
20230703,605259,sell,926,18.28,50.77
20230703,300910,buy,5357,35.37,568.38
20230703,600050,buy,8985,4.5,121.36
20230703,000630,sell,10988,2.82,92.87
20230703,300628,buy,3587,29.98,322.64
20230703,601619,buy,5695,4.23,72.31
20230703,600352,buy,1916,8.37,48.13
20230703,600757,buy,20466,7.81,479.31
20230703,002396,sell,2224,16.41,109.47
20230703,600710,sell,34282,8.39,862.4
20230703,601328,buy,900,4.88,13.18
20230703,000893,buy,65,23.43,4.57
20230703,002757,sell,2888,13.73,118.98
20230703,600742,sell,5640,7.3,123.45
20230703,301004,sell,3957,25.21,299.27
20230703,002091,buy,2720,6.82,55.69
20230703,000591,buy,2162,6.36,41.28
20230703,002987,buy,1468,9.07,39.95
20230703,601688,sell,769,12.85,29.65
20230703,301039,sell,12584,12.88,486.41
20230703,600528,buy,5049,9.55,144.72
20230703,605158,buy,146731,7.36,3239.22
20230703,002540,buy,220977,4.89,3239.22
20230703,000623,buy,4128,14.48,179.33
20230703,601985,buy,70,6.68,1.4
20230703,300504,sell,834,18.96,47.44
20230703,600033,buy,12,2.79,0.1
20230703,600598,buy,895,12.12,32.53
20230703,002821,buy,1180,114.63,405.8
20230703,002327,sell,2927,7.42,65.16
20230703,600295,buy,11890,8.1,288.84
20230703,603393,buy,41392,26.09,3239.21
20230703,688360,sell,8207,10.72,263.98
20230703,600262,buy,52800,20.45,3239.23
20230703,600694,buy,5566,11.63,194.14
20230703,688063,sell,387,143.66,166.79
20230703,301216,buy,66427,16.25,3239.22
20230703,601811,buy,12744,12.69,485.08
20230703,603565,sell,6709,8.64,173.88
20230703,600674,sell,1115,13.98,46.77
20230703,002296,buy,129024,8.37,3239.22
20230703,000055,buy,228844,4.72,3239.22
20230703,603298,buy,65063,16.6,3239.23
20230703,300926,sell,10106,15.41,467.05
20230703,002728,buy,98752,10.48,3104.01
20230801,601728,sell,208484,5.17,3233.58
20230801,600050,sell,239821,4.75,3419.39
20230801,300926,sell,70091,15.61,3283.31
20230801,600941,sell,12708,84.5,3221.57
20230801,600251,sell,131511,8.87,3497.92
20230801,601319,sell,194166,5.89,3432.65
20230801,300628,sell,36012,33.23,3590.0
20230801,301039,sell,83803,13.57,3410.82
20230801,600295,sell,133343,8.62,3447.76
20230801,601601,sell,42396,27.79,3534.54
20230801,600757,sell,138312,7.83,3250.59
20230801,600033,sell,386400,3.11,3604.38
20230801,600612,sell,17681,58.4,3097.56
20230801,600061,sell,154698,7.6,3525.57
20230801,601019,sell,133829,8.2,3292.96
20230801,600582,sell,205100,5.26,3233.63
20230801,600566,sell,42819,22.34,2870.08
20230801,002034,sell,73723,15.08,3335.51
20230801,603871,sell,146658,8.43,3707.35
20230801,600998,sell,205298,4.96,3055.57
20230801,300349,sell,86018,12.53,3232.2
20230801,000596,sell,4585,251.0,3452.47
20230801,601330,sell,159797,7.04,3375.62
20230801,603568,sell,79560,14.12,3369.48
20230801,601318,sell,25189,46.03,3478.64
20230801,002543,sell,146050,7.56,3312.09
20230801,002987,sell,119033,8.37,2989.04
20230801,002091,sell,158214,7.08,3362.17
20230801,000915,sell,35910,30.56,3291.82
20230801,002478,sell,155635,6.81,3179.48
20230801,300910,sell,30529,35.17,3220.86
20230801,600742,sell,147988,7.76,3443.41
20230801,600694,sell,92869,12.7,3537.93
20230801,601811,sell,85100,12.77,3260.09
20230801,000591,sell,169665,6.16,3135.04
20230801,002327,sell,145497,7.59,3311.82
20230801,600528,sell,113012,9.96,3375.82
20230801,603565,sell,124981,9.06,3395.94
20230801,000623,sell,74563,15.91,3558.78
20230801,002441,sell,106214,9.54,3040.1
20230801,605259,sell,59077,17.24,3055.97
20230801,600674,sell,77222,14.0,3242.52
20230801,002821,sell,9419,120.99,3418.86
20230801,688063,sell,7516,120.24,2711.23
20230801,605158,sell,146731,7.36,3239.22
20230801,603393,sell,41392,26.32,3268.31
20230801,000055,sell,228844,4.97,3412.16
20230801,002728,sell,98752,10.71,3173.04
20230801,000408,sell,936,21.34,59.91
20230801,600016,sell,12437,3.5,130.56
20230801,000630,sell,30699,3.11,286.27
20230801,600015,sell,9164,5.12,140.7
20230801,000651,sell,439,32.33,42.57
20230801,603688,buy,3409,56.76,580.43
20230801,000807,sell,10553,14.13,447.4
20230801,002048,sell,2025,12.79,77.72
20230801,000893,sell,6188,27.47,509.95
20230801,300652,buy,63446,17.27,3287.66
20230801,300394,buy,22463,48.79,3287.67
20230801,603037,sell,8517,7.28,185.92
20230801,000762,sell,572,30.15,51.73
20230801,600531,buy,151019,7.26,3287.67
20230801,600522,buy,71950,15.23,3287.64
20230801,688360,buy,7891,10.09,238.89
20230801,300897,buy,7009,10.65,223.9
20230801,603889,sell,23346,5.64,394.86
20230801,600894,sell,4393,6.54,86.15
20230801,000878,sell,6184,11.5,213.34
20230801,600938,sell,2807,16.95,142.77
20230801,600483,buy,6921,7.88,163.62
20230801,603095,buy,2946,9.76,86.27
20230801,000657,buy,109565,10.0,3287.68
20230801,300863,buy,55974,19.58,3287.65
20230801,603006,buy,5316,10.46,166.75
20230801,603040,buy,46126,23.76,3287.68
20230801,600835,buy,2547,15.07,115.15
20230801,600598,sell,4378,12.93,169.86
20230801,601717,buy,3153,10.88,102.89
20230801,002757,buy,6502,12.87,251.11
20230801,002533,buy,143552,7.63,3287.68
20230801,601677,sell,4694,14.78,208.14
20230801,605088,buy,66290,16.53,3287.65
20230801,600236,buy,207608,5.28,3287.67
20230801,300502,buy,28687,38.2,3287.64
20230801,600352,sell,6109,8.92,163.49
20230801,002364,buy,141489,7.75,3287.66
20230801,600262,buy,5144,18.91,291.86
20230801,300590,buy,102529,10.69,3287.67
20230801,605117,buy,6756,40.63,823.49
20230801,600480,buy,157202,6.97,3287.68
20230801,600888,sell,4801,7.92,114.11
20230801,600025,buy,160467,6.83,3287.68
20230801,600660,buy,31927,34.32,3287.68
20230801,301016,buy,128292,8.54,3287.68
20230801,601328,sell,7751,5.13,119.39
20230801,603920,buy,66613,16.45,3287.66
20230801,601336,sell,3404,40.76,416.21
20230801,601985,sell,5350,7.02,112.6
20230801,301004,buy,4420,23.19,307.54
20230801,601218,buy,292487,3.75,3287.67
20230801,000737,buy,184327,5.95,3287.67
20230801,600971,sell,1569,6.95,32.72
20230801,603201,buy,3666,12.44,136.77
20230801,300748,buy,62665,17.49,3287.63
20230801,601688,sell,11461,15.11,519.4
20230801,002396,buy,4031,15.69,189.76
20230801,300193,buy,144966,7.56,3287.67
20230801,601231,buy,77197,14.2,3287.67
20230801,600875,buy,61375,17.86,3287.64
20230801,600595,buy,342102,3.2,3287.67
20230801,603161,buy,104062,10.53,3287.68
20230801,600163,buy,206362,5.31,3287.67
20230801,002792,buy,97504,11.24,3287.66
20230801,002606,buy,124549,8.8,3287.68
20230801,002703,buy,69807,15.7,3287.66
20230801,601169,sell,12768,4.2,160.71
20230801,601016,buy,316908,3.46,3287.68
20230801,601702,buy,74833,14.64,3287.65
20230801,600863,buy,336928,3.25,3287.68
20230801,603809,buy,203669,5.38,3287.67
20230801,002662,sell,10614,3.34,106.26
20230801,002738,buy,3484,42.57,444.91
20230801,002444,buy,52452,20.89,3287.67
20230801,002342,buy,255453,4.29,3287.68
20230801,600000,buy,154021,7.12,3287.67
20230801,300695,buy,33005,33.2,3287.68
20230801,605090,buy,50733,21.6,3287.66
20230801,002540,sell,5710,5.09,87.21
20230801,601518,sell,27687,2.45,203.77
20230801,600635,buy,316379,3.46,3287.67
20230801,300611,buy,104859,10.45,3287.65
20230801,600710,buy,16606,7.54,375.55
20230801,002772,buy,9989,8.77,262.75
20230801,601101,buy,197273,5.56,3287.67
20230801,300660,buy,53992,20.3,3287.65
20230801,603328,buy,146677,7.47,3287.67
20230801,300504,buy,5839,17.45,305.74
20230801,002296,buy,9832,7.89,232.79
20230801,002297,buy,137502,7.97,3287.67
20230801,601619,buy,17537,4.02,211.48
20230801,002884,sell,5648,14.1,238.86
20230801,603298,buy,708,16.66,35.39
20230801,301125,buy,112177,9.77,3287.65
20230801,002787,buy,150830,7.27,3287.66
20230801,301216,buy,3643,15.64,170.93
20230801,600398,sell,10709,6.26,201.08
20230801,300548,buy,38369,28.56,3287.64
20230801,002756,buy,17,48.55,2.48
20230901,603095,sell,112274,9.52,3207.84
20230901,603889,sell,194386,5.57,3248.51
20230901,600835,sell,72718,14.21,3099.81
20230901,600015,sell,214134,4.91,3157.31
20230901,603688,sell,19309,58.3,3377.18
20230901,600894,sell,167639,6.76,3397.71
20230901,601717,sell,100751,11.26,3402.79
20230901,000762,sell,36353,24.49,2671.13
20230901,603037,sell,150608,7.38,3336.01
20230901,002048,sell,85660,13.71,3522.36
20230901,600710,sell,145372,7.13,3111.05
20230901,603006,sell,104811,10.49,3299.27
20230901,300504,sell,62787,16.51,3109.65
20230901,601677,sell,74144,14.22,3162.73
20230901,688360,sell,108598,10.34,3369.18
20230901,600262,sell,57944,17.74,3082.93
20230901,301216,sell,70070,14.47,3041.55
20230901,002296,sell,138856,7.37,3069.03
20230901,300652,sell,63446,17.26,3284.8
20230901,300863,sell,55974,18.78,3152.99
20230901,600236,sell,207608,5.19,3229.37
20230901,002364,sell,141489,7.39,3137.28
20230901,600480,sell,157202,6.88,3246.88
20230901,600025,sell,160467,7.0,3371.14
20230901,000737,sell,184327,5.33,2946.44
20230901,300748,sell,62665,17.28,3248.02
20230901,600595,sell,342102,2.87,2946.88
20230901,603161,sell,104062,10.13,3163.94
20230901,600163,sell,206362,4.59,2842.09
20230901,002606,sell,124549,7.83,2926.07
20230901,002703,sell,69807,16.95,3549.84
20230901,002444,sell,52452,18.83,2963.6
20230901,002342,sell,255453,4.12,3157.4
20230901,600000,sell,154021,6.56,3032.45
20230901,600635,sell,316379,3.23,3064.98
20230901,300611,sell,104859,11.83,3720.4
20230901,601101,sell,197273,5.14,3041.36
20230901,300660,sell,53992,22.41,3630.25
20230901,603328,sell,146677,7.37,3241.37
20230901,301125,sell,112177,10.28,3460.51
20230901,002787,sell,150830,8.86,4007.82
20230901,300548,sell,38369,27.68,3185.69
20230901,000408,sell,703,21.02,44.33
20230901,002738,buy,4417,35.3,467.8
20230901,600971,sell,9190,7.17,197.73
20230901,600352,buy,2939,8.47,74.64
20230901,600251,buy,118011,9.02,3194.43
20230901,002270,buy,97416,10.93,3194.44
20230901,300193,sell,7912,7.77,184.41
20230901,600219,buy,395705,2.69,3194.45
20230901,600531,buy,2543,6.93,52.9
20230901,002545,buy,160642,6.63,3194.44
20230901,600938,sell,2193,17.05,112.18
20230901,300695,sell,155,32.41,15.07
20230901,600522,buy,3905,14.04,164.45
20230901,601985,sell,2958,6.95,61.66
20230901,600016,buy,6253,3.33,62.53
20230901,000651,sell,292,31.68,27.75
20230901,002428,buy,80477,13.23,3194.42
20230901,000893,sell,1384,27.65,114.8
20230901,000630,sell,12056,3.13,113.1
20230901,002792,buy,268,10.89,8.76
20230901,002056,buy,70467,15.11,3194.45
20230901,002533,buy,14282,6.75,289.06
20230901,601688,sell,2120,15.12,96.16
20230901,601958,buy,100682,10.58,3194.43
20230901,605117,buy,8013,30.44,731.65
20230901,002757,sell,4138,13.15,163.22
20230901,601619,buy,14785,3.7,164.32
20230901,600660,sell,1344,34.82,140.39
20230901,300394,buy,3863,40.45,468.73
20230901,002884,sell,192,13.73,7.91
20230901,600483,buy,367,7.64,8.41
20230901,601336,buy,621,38.71,72.11
20230901,605088,sell,15327,20.89,960.73
20230901,002670,buy,104496,10.19,3194.44
20230901,000807,sell,5561,14.79,246.77
20230901,603040,buy,769,22.71,52.38
20230901,002716,buy,363419,2.93,3194.45
20230901,600888,sell,125,7.7,2.89
20230901,603299,buy,121879,8.74,3194.45
20230901,002756,buy,4685,44.78,629.37
20230901,000811,buy,86123,12.36,3194.45
20230901,300897,sell,13920,11.96,499.65
20230901,601328,buy,4072,4.9,59.8
20230901,601218,buy,8696,3.54,92.23
20230901,000923,buy,71232,14.95,3194.42
20230901,600566,buy,45402,23.45,3194.4
20230901,000878,sell,442,11.23,14.89
20230901,002833,buy,58742,18.13,3194.41
20230901,601728,buy,201450,5.29,3194.45
20230901,300308,buy,13332,79.87,3194.34
20230901,603809,buy,757,5.21,11.83
20230901,002842,buy,123816,8.6,3194.45
20230901,002772,buy,4428,8.23,109.3
20230901,601666,buy,133451,7.98,3194.45
20230901,600295,buy,135273,7.87,3194.44
20230901,603298,buy,2690,15.55,125.52
20230901,002552,buy,57920,18.38,3194.43
20230901,601777,buy,282445,3.77,3194.45
20230901,600033,buy,360761,2.95,3194.45
20230901,600398,sell,6528,6.32,123.71
20230901,601518,buy,26953,2.25,181.78
20230901,603871,buy,123255,8.64,3194.43
20230901,603920,sell,168,16.03,8.08
20230901,301004,sell,11288,29.61,1002.72
20230901,300502,buy,5183,31.44,488.82
20230901,600301,buy,68039,15.65,3194.43
20230901,300697,buy,130768,8.14,3194.44
20230901,002540,sell,1081,4.97,16.12
20230901,601169,sell,123,4.08,1.51
20230901,002396,buy,6529,13.94,273.11
20230901,605090,sell,1812,21.77,118.32
20230901,603337,buy,53517,19.9,3194.4
20230901,603619,buy,58233,18.29,3194.43
20230901,002662,buy,44,3.24,0.43
20230901,601229,buy,205129,5.19,3194.45
20230901,300234,buy,196783,5.41,3194.45
20230901,002297,buy,8764,7.28,191.41
20230901,300258,buy,74222,14.35,3194.42
20230901,000657,buy,6378,9.18,175.73
20230901,600598,buy,2951,12.14,107.5
20230901,300828,buy,76483,13.92,3194.45
20230901,603201,sell,2845,12.49,106.57
20230901,301016,sell,4447,8.6,114.71
20230901,000623,buy,68758,15.49,3194.45
20230901,601702,sell,7064,15.71,332.98
20230901,300328,buy,170917,6.23,3194.44
20230901,600863,buy,8848,3.08,81.74
20230901,603203,buy,44598,23.88,3194.45
20230901,603338,buy,21029,50.64,3194.45
20230901,601016,buy,23378,3.13,219.46
20230901,002034,buy,72612,14.66,3194.44
20230901,000429,buy,147901,7.2,3194.44
20230901,600875,buy,5817,15.85,276.55
20230901,002543,buy,137336,7.75,3194.44
20230901,600520,buy,79286,13.43,3194.43
20230901,300926,buy,64721,16.45,3194.43
20230901,603013,buy,73616,14.46,3194.41
20230901,601231,sell,2797,14.31,120.09
20230901,300590,sell,1544,10.54,48.84
20230901,600792,buy,254800,3.61,2762.05
20231009,600398,sell,168563,6.41,3240.58
20231009,002396,sell,76366,14.32,3280.99
20231009,603298,sell,68461,17.12,3516.76
20231009,300502,sell,33870,31.95,3246.36
20231009,300590,sell,100985,11.03,3340.09
20231009,301016,sell,123845,8.43,3133.61
20231009,601231,sell,74400,14.18,3164.24
20231009,300308,sell,13332,79.09,3163.29
20231009,601777,sell,282445,3.7,3135.14
20231009,300258,sell,74222,15.77,3510.4
20231009,300828,sell,76483,14.39,3302.88
20231009,603203,sell,44598,23.34,3122.22
20231009,603338,sell,21029,50.11,3161.08
20231009,600520,sell,79286,13.67,3251.52
20231009,300926,sell,64721,25.09,4872.33
20231009,603013,sell,73616,14.39,3177.91
20231009,600792,sell,254800,3.81,2911.75
20231009,000408,buy,527,20.97,33.16
20231009,002738,buy,1506,33.9,153.16
20231009,600971,sell,13927,7.98,333.38
20231009,600352,buy,2272,8.38,57.14
20231009,600219,buy,9595,2.65,76.24
20231009,600531,buy,20017,6.18,371.4
20231009,600938,sell,4980,18.68,279.1
20231009,002545,sell,253,6.69,5.08
20231009,600483,sell,5433,8.01,130.58
20231009,600016,buy,16697,3.19,159.98
20231009,600251,buy,2572,8.9,68.69
20231009,002716,buy,25545,2.76,211.51
20231009,002270,sell,13618,12.81,523.39
20231009,002428,buy,1712,13.06,67.09
20231009,002756,buy,2463,40.91,302.27
20231009,000893,buy,36,27.85,3.01
20231009,601688,buy,2286,14.76,101.25
20231009,000807,buy,3275,14.26,140.14
20231009,000630,buy,14517,3.02,131.69
20231009,600888,buy,4103,7.54,92.86
20231009,601619,buy,12090,3.58,130.0
20231009,002533,buy,460,6.78,9.36
20231009,601985,sell,1684,7.08,35.78
20231009,601958,buy,4351,10.22,133.41
20231009,300695,sell,27,32.71,2.65
20231009,002056,buy,103,15.21,4.7
20231009,300193,sell,3,7.83,0.07
20231009,000878,buy,2581,11.02,85.31
20231009,600566,sell,1147,24.26,83.47
20231009,601328,sell,7338,5.11,112.44
20231009,601336,buy,4200,33.85,426.57
20231009,000651,buy,358,31.6,33.94
20231009,601218,buy,1645,3.55,17.49
20231009,002757,sell,894,13.4,35.95
20231009,000923,buy,764,14.91,34.18
20231009,002842,buy,2186,8.52,55.87
20231009,002884,sell,1805,14.17,76.75
20231009,605117,buy,7149,25.48,546.44
20231009,600660,buy,105,34.98,11.02
20231009,603619,sell,2564,19.28,148.34
20231009,603871,buy,3155,8.49,80.38
20231009,002772,buy,9092,7.75,211.41
20231009,601666,sell,14415,9.02,390.01
20231009,601169,sell,2988,4.16,37.29
20231009,002670,buy,11312,9.27,314.59
20231009,600522,sell,1124,14.37,48.44
20231009,300897,buy,2176,11.77,76.87
20231009,000623,sell,729,15.78,34.51
20231009,600033,sell,12380,3.08,114.45
20231009,601319,buy,196282,5.47,3220.62
20231009,601229,sell,2354,5.29,37.39
20231009,600295,sell,820,7.98,19.64
20231009,002833,buy,5221,16.78,262.88
20231009,603299,buy,6085,8.39,153.15
20231009,601518,sell,32710,2.43,238.91
20231009,000811,buy,8656,11.33,294.13
20231009,601016,buy,10155,3.06,93.33
20231009,000657,buy,4096,8.94,109.9
20231009,002792,sell,14984,12.97,582.91
20231009,600301,buy,5040,14.69,222.11
20231009,601728,sell,3201,5.42,52.0
20231009,605088,sell,118,21.11,7.47
20231009,300234,buy,10238,5.19,159.27
20231009,000429,sell,9839,7.78,229.52
20231009,002034,buy,2057,14.38,88.72
20231009,300394,sell,2406,44.88,323.95
20231009,600012,buy,104605,10.26,3220.61
20231009,601298,buy,183256,5.86,3220.62
20231009,605090,sell,73,21.98,4.81
20231009,300328,sell,12108,6.76,245.55
20231009,300697,buy,2415,8.06,58.4
20231009,002543,sell,19,7.82,0.45
20231009,603040,buy,665,22.57,45.03
20231009,002540,sell,7840,5.2,122.37
20231009,600598,buy,3135,11.82,111.17
20231009,000915,buy,38513,27.87,3220.55
20231009,603920,buy,268,16.09,12.94
20231009,300628,buy,34044,31.53,3220.6
20231009,600725,buy,368915,2.91,3220.63
20231009,601677,buy,84672,12.68,3220.62
20231009,603568,buy,79144,13.56,3220.6
20231009,002552,buy,5752,16.86,290.94
20231009,600863,sell,11979,3.22,115.58
20231009,601601,buy,40300,26.64,3220.56
20231009,000603,buy,75001,14.31,3220.6
20231009,603201,sell,6309,13.59,257.3
20231009,600988,buy,75824,14.16,3220.6
20231009,600875,buy,4559,14.96,204.64
20231009,002297,sell,2552,7.47,57.19
20231009,600490,buy,342985,3.13,3220.63
20231009,603337,sell,556,20.27,33.81
20231009,301004,buy,301,29.6,26.73
20231009,300811,buy,44436,24.16,3220.57
20231009,600694,buy,94061,11.41,3220.63
20231009,688399,buy,32798,32.73,3220.53
20231009,603809,buy,2479,5.19,38.59
20231009,601318,buy,25101,42.77,3220.61
20231009,605376,buy,34280,29.59,3042.56
20231009,601702,buy,1,15.42,0.05
20231009,002662,sell,6741,3.34,67.49
20231101,600598,sell,90822,11.41,3108.12
20231101,000651,sell,33968,29.22,2977.71
20231101,601336,sell,31710,30.39,2890.73
20231101,601688,sell,72712,15.02,3275.73
20231101,603201,sell,78970,14.58,3455.17
20231101,600483,sell,134003,8.17,3284.68
20231101,300897,sell,91173,11.12,3041.04
20231101,002756,sell,26242,45.93,3616.27
20231101,002772,sell,138508,7.36,3059.78
20231101,002540,sell,206346,5.46,3377.87
20231101,300394,sell,23920,34.26,2458.41
20231101,600522,sell,74731,13.67,3064.92
20231101,000657,sell,120039,9.2,3312.36
20231101,002533,sell,158294,6.97,3309.14
20231101,601218,sell,302828,3.72,3377.73
20231101,300193,sell,137051,6.78,2785.73
20231101,600875,sell,71751,14.47,3114.09
20231101,002792,sell,82788,14.04,3487.92
20231101,605090,sell,48848,22.97,3365.53
20231101,002297,sell,143714,7.7,3319.79
20231101,002545,sell,160389,6.64,3193.87
20231101,002428,sell,82189,12.8,3156.74
20231101,002670,sell,115808,9.83,3415.18
20231101,002716,sell,388964,2.73,3185.62
20231101,000811,sell,94779,9.43,2681.72
20231101,601728,sell,198249,4.92,2923.85
20231101,002842,sell,126002,8.63,3262.19
20231101,601666,sell,119036,8.65,3087.61
20231101,600295,sell,134453,8.15,3287.22
20231101,002552,sell,63672,15.4,2942.56
20231101,600033,sell,348381,3.02,3152.73
20231101,300234,sell,207021,5.2,3226.71
20231101,000623,sell,68029,14.59,2978.53
20231101,300328,sell,158809,7.23,3444.57
20231101,000429,sell,138062,7.42,3072.86
20231101,600012,sell,104605,9.35,2933.63
20231101,300628,sell,34044,28.93,2954.39
20231101,600725,sell,368915,2.76,3054.62
20231101,601677,sell,84672,11.91,3026.25
20231101,603568,sell,79144,14.14,3357.41
20231101,601601,sell,40300,25.75,3113.02
20231101,000603,sell,75001,12.45,2800.52
20231101,600988,sell,75824,14.3,3251.89
20231101,600490,sell,342985,3.03,3117.73
20231101,688399,sell,32798,33.4,3286.07
20231101,601318,sell,25101,40.95,3083.83
20231101,000408,sell,701,20.72,43.58
20231101,002738,sell,1342,34.5,138.89
20231101,603881,buy,83747,12.49,3138.43
20231101,600015,buy,210585,4.97,3138.43
20231101,600219,sell,7811,2.63,61.67
20231101,600531,buy,372,6.01,6.71
20231101,002270,buy,7757,11.43,265.9
20231101,601958,buy,6829,9.35,191.6
20231101,600888,buy,4083,7.15,87.53
20231101,600016,sell,14725,3.25,143.78
20231101,000612,buy,194074,5.39,3138.42
20231101,000807,buy,3773,13.24,149.82
20231101,000737,buy,192100,5.45,3138.43
20231101,600971,sell,1305,7.85,30.74
20231101,002595,buy,50473,20.73,3138.39
20231101,605117,buy,4045,22.65,274.91
20231101,300139,buy,94332,11.09,3138.43
20231101,000878,buy,3578,10.36,111.16
20231101,000630,buy,5495,2.9,47.84
20231101,601619,buy,16883,3.31,167.47
20231101,002056,buy,7596,13.38,304.99
20231101,000923,sell,4580,15.52,213.22
20231101,300109,buy,88570,11.81,3138.42
20231101,600967,buy,127394,8.21,3138.42
20231101,002757,sell,4723,13.88,196.66
20231101,300695,sell,3117,35.22,329.32
20231101,300697,sell,5176,8.17,126.9
20231101,601518,sell,9601,2.43,69.86
20231101,000893,sell,2247,28.82,194.28
20231101,603871,sell,990,8.34,24.77
20231101,300811,buy,1621,22.71,110.46
20231101,600595,buy,306922,3.41,3138.43
20231101,600566,sell,760,24.05,54.84
20231101,002833,buy,1869,15.89,89.1
20231101,600352,buy,793,8.12,19.31
20231101,600863,sell,13955,3.27,136.93
20231101,600251,buy,1745,8.55,44.77
20231101,300590,buy,95807,10.92,3138.43
20231101,300283,buy,175384,5.96,3138.44
20231101,301419,buy,42000,24.91,3138.37
20231101,600938,buy,854,17.94,45.96
20231101,688639,buy,15508,67.46,3138.38
20231101,603299,buy,3614,7.95,86.2
20231101,603556,buy,48141,21.73,3138.39
20231101,002034,buy,1326,13.77,54.76
20231101,603040,buy,3970,20.3,241.79
20231101,601702,sell,1841,15.87,87.64
20231101,600066,buy,93947,11.14,3138.42
20231101,603920,sell,4901,16.92,248.85
20231101,002884,sell,1577,14.11,66.73
20231101,600301,buy,3843,13.6,156.79
20231101,688313,buy,79805,13.11,3138.4
20231101,300502,buy,47995,21.8,3138.41
20231101,600660,buy,275,33.79,27.87
20231101,600901,buy,248972,4.2,3138.44
20231101,000915,sell,1404,28.19,118.74
20231101,605088,buy,5608,18.53,311.77
20231101,600025,buy,139060,7.52,3138.42
20231101,301004,sell,1842,30.39,167.95
20231101,002048,buy,86248,12.13,3138.42
20231101,601985,sell,6043,7.19,130.32
20231101,603328,buy,137726,7.6,3138.43
20231101,603337,sell,1498,20.33,91.36
20231101,601777,buy,272433,3.84,3138.43
20231101,600941,buy,12208,85.69,3138.22
20231101,000960,buy,77433,13.51,3138.44
20231101,601016,buy,751,2.98,6.71
20231101,601319,buy,13793,4.98,206.06
20231101,300563,buy,68747,15.22,3138.41
20231101,688589,buy,37229,28.1,3138.39
20231101,603809,sell,28263,5.86,496.53
20231101,601328,sell,3212,5.05,48.71
20231101,688027,buy,8263,126.6,3138.19
20231101,301165,buy,57876,18.08,3138.42
20231101,603619,buy,63,18.77,3.55
20231101,600163,buy,236394,4.43,3138.44
20231101,603228,buy,50540,20.7,3138.38
20231101,300376,buy,167370,6.25,3138.44
20231101,300258,buy,86105,12.15,3138.42
20231101,300620,buy,27359,38.24,3138.4
20231101,603338,buy,20332,51.45,3138.43
20231101,603161,buy,88332,11.84,3138.42
20231101,002364,buy,126998,8.24,3138.43
20231101,601169,sell,1023,4.07,12.49
20231101,601298,buy,7268,5.49,119.72
20231101,002871,buy,104386,10.02,3138.43
20231101,001332,buy,47510,22.02,3138.38
20231101,000617,buy,183910,5.69,3138.43
20231101,600694,buy,654,11.05,21.67
20231101,601229,sell,2900,5.23,45.54
20231101,002938,buy,52132,20.07,3138.43
20231101,603757,buy,49160,21.28,3138.39
20231101,688100,buy,39363,26.58,3138.41
20231101,002543,sell,2066,7.73,47.94
20231101,300403,buy,149358,7.0,3138.42
20231101,600885,buy,54761,19.1,3138.42
20231101,605158,buy,141431,7.4,3138.42
20231101,605376,buy,3575,27.64,296.39
20231101,603558,buy,104324,8.0,2504.86
20231101,002662,sell,17737,3.44,183.13
20231201,000807,sell,79036,12.04,2854.52
20231201,601328,sell,206966,5.12,3176.91
20231201,000630,sell,360522,2.86,3097.8
20231201,603040,sell,51530,21.9,3385.59
20231201,605088,sell,56453,21.45,3632.59
20231201,600660,sell,30963,34.19,3175.69
20231201,603920,sell,61812,16.89,3131.45
20231201,601016,sell,351192,2.89,3049.32
20231201,601702,sell,65929,16.41,3246.04
20231201,600863,sell,319842,3.54,3391.96
20231201,603809,sell,178642,6.19,3317.32
20231201,600301,sell,76922,12.58,2903.04
20231201,300697,sell,128007,9.37,3597.04
20231201,603337,sell,51463,20.39,3147.37
20231201,601229,sell,199875,5.13,3076.5
20231201,601298,sell,190524,5.68,3248.63
20231201,300811,sell,46057,27.83,3845.53
20231201,605376,sell,37855,28.4,3224.76
20231201,000612,sell,194074,5.39,3138.42
20231201,000737,sell,192100,5.45,3138.43
20231201,300139,sell,94332,10.67,3019.57
20231201,600595,sell,306922,3.28,3021.53
20231201,300283,sell,175384,6.33,3332.3
20231201,301419,sell,42000,25.35,3194.73
20231201,600066,sell,93947,10.96,3089.46
20231201,688313,sell,79805,13.64,3265.09
20231201,300502,sell,47995,35.4,5097.36
20231201,600025,sell,139060,8.05,3359.43
20231201,002048,sell,86248,12.56,3250.6
20231201,603328,sell,137726,7.86,3249.1
20231201,601777,sell,272433,4.22,3449.0
20231201,000960,sell,77433,13.24,3076.24
20231201,300563,sell,68747,15.67,3231.07
20231201,688027,sell,8263,137.79,3415.57
20231201,301165,sell,57876,19.69,3419.12
20231201,600163,sell,236394,4.38,3103.95
20231201,603228,sell,50540,21.43,3249.24
20231201,300258,sell,86105,13.64,3522.57
20231201,300620,sell,27359,51.41,4219.9
20231201,002364,sell,126998,7.94,3025.94
20231201,002871,sell,104386,10.35,3242.66
20231201,001332,sell,47510,22.6,3220.49
20231201,000617,sell,183910,5.44,3001.28
20231201,002938,sell,52132,20.52,3209.97
20231201,603757,sell,49160,21.81,3216.31
20231201,300403,sell,149358,7.96,3566.38
20231201,600885,sell,54761,19.8,3251.99
20231201,603558,sell,104324,8.53,2671.08
20231201,002738,buy,1553,33.77,157.32
20231201,000408,sell,1993,22.2,132.73
20231201,600015,sell,1325,5.14,20.45
20231201,600971,sell,19314,9.45,547.52
20231201,600016,sell,2641,3.38,26.76
20231201,300109,sell,1131,12.31,41.77
20231201,600888,buy,9619,6.9,199.12
20231201,600251,buy,5621,8.41,141.88
20231201,000915,sell,620,29.5,54.87
20231201,600219,buy,44080,2.44,322.38
20231201,688639,sell,1312,75.83,298.48
20231201,600566,sell,5510,28.34,468.46
20231201,601619,buy,14743,3.25,143.78
20231201,002034,sell,851,14.33,36.57
20231201,600967,buy,2641,8.28,65.59
20231201,603299,buy,2736,8.01,65.78
20231201,002833,buy,3726,15.48,172.99
20231201,601518,sell,738,2.5,5.53
20231201,002884,buy,2058,14.12,87.19
20231201,603338,buy,3045,46.05,420.65
20231201,603871,buy,9049,8.01,217.32
20231201,603339,buy,93347,11.53,3229.44
20231201,000923,buy,2756,15.34,126.84
20231201,603556,sell,4585,24.72,339.96
20231201,600352,buy,7251,7.91,172.05
20231201,002757,sell,9097,16.24,443.29
20231201,600531,buy,8499,5.9,150.44
20231201,002543,buy,4256,7.72,98.52
20231201,600941,buy,466,84.94,118.74
20231201,601117,buy,171285,6.28,3229.46
20231201,605117,buy,6083,20.6,375.89
20231201,603619,buy,3594,18.15,195.64
20231201,601169,buy,5712,4.1,70.2
20231201,002662,sell,5212,3.6,56.34
20231201,002595,buy,4983,19.41,290.18
20231201,000878,buy,5356,10.12,162.61
20231201,002056,buy,8294,12.45,309.8
20231201,000651,buy,38358,28.06,3229.4
20231201,600694,buy,738,11.28,24.97
20231201,600901,sell,3559,4.39,46.83
20231201,601163,buy,79634,13.52,3229.46
20231201,603881,sell,1464,13.08,57.46
20231201,600486,buy,17259,62.37,3229.43
20231201,000063,buy,43013,25.03,3229.43
20231201,605259,buy,68911,15.62,3229.43
20231201,601319,buy,15919,4.76,227.48
20231201,603161,buy,1321,12.01,47.58
20231201,601601,buy,48084,22.39,3229.42
20231201,000027,buy,183008,5.88,3229.47
20231201,603688,buy,20668,52.08,3229.47
20231201,600325,buy,156576,6.88,3229.45
20231201,601699,buy,54722,19.67,3229.44
20231201,301004,sell,406,31.65,38.55
20231201,600398,buy,173136,6.22,3229.45
20231201,601958,buy,10325,8.81,272.9
20231201,300695,sell,928,37.41,104.14
20231201,601038,buy,81896,13.14,3229.47
20231201,601369,buy,151053,7.13,3229.45
20231201,600938,buy,699,18.24,38.25
20231201,300628,buy,37384,28.8,3229.42
20231201,002978,buy,34884,30.86,3229.47
20231201,600582,buy,224734,4.79,3229.47
20231201,601985,buy,12024,6.83,246.47
20231201,601818,buy,420603,2.56,3229.47
20231201,601928,buy,118527,9.08,3229.44
20231201,002818,buy,95069,11.32,3229.44
20231201,300590,sell,2866,11.58,99.59
20231201,600757,buy,144663,7.44,3229.46
20231201,300360,buy,82375,13.07,3229.44
20231201,300073,buy,27508,39.13,3229.4
20231201,002270,sell,4537,12.37,168.38
20231201,688589,buy,2145,27.34,175.93
20231201,688100,sell,976,28.04,82.11
20231201,605158,buy,3728,7.42,82.94
20231201,002540,buy,190256,5.66,3229.46
20231201,300349,buy,91524,11.76,3229.45
20231201,603013,buy,62783,17.15,3229.43
20231201,600873,buy,125734,8.56,3229.46
20231201,600720,buy,109851,9.8,3229.45
20231201,601336,buy,37068,29.04,3229.44
20231201,600874,buy,201293,5.35,3229.47
20231201,600211,buy,30175,35.67,3229.38
20231201,600480,buy,170071,6.33,3229.46
20231201,688080,buy,26799,40.17,3229.44
20231201,002091,buy,153128,7.03,3229.47
20231201,000893,buy,3276,27.2,267.32
20231201,605507,buy,83364,12.91,3229.44
20231201,000902,buy,101347,10.62,3229.45
20231201,603187,buy,73138,14.72,3229.47
20231201,002158,buy,50922,21.14,3229.42
20231201,000589,buy,185799,5.79,3229.46
20231201,688618,buy,27938,38.53,3229.42
20231201,601156,buy,79186,13.59,3229.46
20231201,600230,buy,80502,13.37,3229.47
20231201,000521,buy,190513,5.65,3229.46
20231201,601318,buy,28907,37.24,3229.43
20231201,603367,buy,78697,13.68,3229.46
20231201,300514,buy,70606,15.25,3229.43
20231201,688556,buy,54061,17.31,2807.85
20231201,300376,buy,2,6.3,0.04
20240102,688100,sell,38387,28.16,3242.77
20240102,605507,sell,83364,11.7,2925.9
20240102,688618,sell,27938,36.69,3075.19
20240102,603367,sell,78697,13.88,3277.86
20240102,002738,sell,945,34.54,97.93
20240102,000408,sell,4178,24.11,302.23
20240102,600015,buy,3200,5.03,48.28
20240102,600016,buy,6915,3.28,68.07
20240102,600971,sell,4763,9.79,139.88
20240102,600888,sell,2200,6.95,45.85
20240102,300109,buy,6614,11.36,225.43
20240102,600219,sell,16480,2.51,124.28
20240102,600251,buy,4437,8.07,107.44
20240102,601619,sell,6135,3.29,60.51
20240102,000915,buy,5856,25.23,443.33
20240102,603299,buy,863,7.91,20.47
20240102,688639,sell,1068,81.4,260.81
20240102,002034,sell,1374,14.49,59.71
20240102,600531,sell,755,5.88,13.32
20240102,600566,sell,2136,29.81,191.01
20240102,002833,sell,1404,15.68,66.04
20240102,603871,buy,851,7.9,20.16
20240102,600967,buy,3654,7.99,87.62
20240102,603338,sell,1772,49.46,262.94
20240102,002884,sell,5181,15.04,233.79
20240102,603556,sell,4926,27.66,408.79
20240102,603339,sell,222,11.47,7.64
20240102,600352,buy,2514,7.71,58.14
20240102,601518,buy,50,2.48,0.37
20240102,000923,sell,2968,15.9,141.58
20240102,002543,sell,10596,8.29,263.5
20240102,605117,sell,11683,26.33,922.97
20240102,002757,buy,6779,14.63,297.47
20240102,601117,buy,7029,5.99,126.37
20240102,000063,buy,585,24.51,43.01
20240102,600325,buy,10032,6.41,193.03
20240102,002056,sell,187,12.39,6.95
20240102,600941,sell,863,90.48,234.25
20240102,601163,sell,423,13.49,17.12
20240102,601319,buy,12479,4.48,167.75
20240102,000878,sell,3094,10.35,96.04
20240102,002662,buy,17853,3.38,180.77
20240102,600901,sell,1314,4.38,17.26
20240102,600694,buy,1124,11.06,37.31
20240102,000651,buy,277,27.66,22.98
20240102,002595,sell,999,19.62,58.81
20240102,603881,buy,3522,12.45,131.58
20240102,601169,sell,1930,4.1,23.72
20240102,601958,sell,2170,8.9,57.96
20240102,601336,buy,70,28.77,6.04
20240102,000027,sell,6238,6.05,113.13
20240102,605259,sell,475,15.61,22.25
20240102,600757,buy,12220,6.81,249.7
20240102,600486,buy,514,60.12,92.71
20240102,605158,sell,6593,7.71,152.53
20240102,300628,buy,4736,25.37,360.45
20240102,300073,buy,1650,36.65,181.41
20240102,002978,buy,459,30.23,41.63
20240102,300695,buy,938,35.96,101.19
20240102,002540,sell,8433,5.88,148.68
20240102,600582,sell,13328,5.05,202.11
20240102,601601,sell,172,22.3,11.51
20240102,002818,buy,6774,10.49,213.23
20240102,300360,buy,2738,12.55,103.13
20240102,601928,buy,12872,8.13,314.04
20240102,603688,sell,452,52.86,71.68
20240102,603161,buy,7709,10.98,253.83
20240102,301004,buy,384,31.06,35.79
20240102,601038,sell,5059,13.91,211.07
20240102,601369,sell,733,7.11,15.63
20240102,601985,sell,12967,7.39,287.51
20240102,300590,buy,401,11.45,13.77
20240102,601818,sell,1649,2.55,12.62
20240102,000902,sell,2149,10.77,69.45
20240102,600230,sell,58,13.28,2.31
20240102,601677,buy,97373,10.97,3205.74
20240102,603619,buy,1441,17.58,76.02
20240102,600398,sell,3084,6.28,58.14
20240102,600720,buy,4194,9.37,117.89
20240102,603013,buy,3783,16.05,182.18
20240102,601156,sell,4616,14.33,198.44
20240102,688589,sell,142,27.24,11.6
20240102,601318,buy,914,35.83,98.25
20240102,000807,buy,91853,11.63,3205.72
20240102,300349,buy,1928,11.43,66.14
20240102,601699,sell,2002,20.27,121.74
20240102,600938,sell,3121,19.12,178.99
20240102,600874,buy,1381,5.27,21.84
20240102,000589,buy,735,5.73,12.63
20240102,002091,sell,348,6.99,7.3
20240102,000893,buy,3704,24.69,274.36
20240102,600873,sell,4282,8.8,113.02
20240102,600480,sell,8604,6.62,170.82
20240102,603187,buy,5299,13.62,216.57
20240102,300376,buy,4661,6.21,86.86
20240102,300514,sell,3000,15.81,142.26
20240102,000521,buy,9398,5.35,150.7
20240102,688556,buy,13047,15.92,623.25
20240102,688080,sell,163,40.12,19.62
20240102,002158,buy,124,20.93,7.79
20240102,603586,buy,66580,16.05,3205.72
20240102,002835,buy,58488,17.48,3067.35
20240102,002270,sell,5360,13.09,210.43
20240102,600211,buy,1464,33.77,148.33
20240201,300590,sell,93342,7.99,2236.74
20240201,300376,sell,172033,5.23,2697.45
20240201,603013,sell,66566,12.99,2593.67
20240201,688080,sell,26636,29.07,2323.24
20240201,000902,sell,99198,9.53,2836.2
20240201,603586,sell,66580,12.87,2570.04
20240201,002835,sell,58488,12.33,2164.18
20240201,002738,buy,1739,29.77,155.29
20240201,000408,sell,1700,22.82,116.39
20240201,600015,sell,29674,5.32,473.66
20240201,600016,sell,41365,3.42,424.49
20240201,600971,sell,3089,9.17,84.97
20240201,300109,buy,9076,9.43,256.77
20240201,600888,sell,907,6.36,17.31
20240201,601619,buy,9415,2.91,82.14
20240201,603299,buy,1435,7.12,30.65
20240201,600251,buy,7094,6.97,148.39
20240201,002034,buy,2348,12.78,90.0
20240201,000915,sell,120,23.03,8.29
20240201,600967,buy,8266,6.85,169.89
20240201,688639,buy,700,70.33,147.7
20240201,600219,sell,27528,2.45,202.03
20240201,603556,sell,2994,27.29,245.13
20240201,603871,sell,29736,9.21,821.72
20240201,600566,buy,403,26.83,32.43
20240201,002833,buy,1131,14.04,47.63
20240201,603339,buy,16275,8.89,434.05
20240201,603338,sell,2041,49.71,304.39
20240201,601319,sell,34298,4.76,490.12
20240201,000063,buy,2015,21.32,128.89
20240201,600531,buy,14342,4.96,213.46
20240201,601518,buy,5579,2.23,37.31
20240201,002884,sell,3956,14.5,172.05
20240201,600352,sell,542,7.04,11.45
20240201,000923,buy,2237,14.01,93.99
20240201,601117,sell,11566,5.83,202.38
20240201,002543,sell,2570,7.7,59.35
20240201,605117,buy,184,23.86,13.17
20240201,600325,sell,5711,6.04,103.56
20240201,002056,sell,1082,11.42,37.06
20240201,600941,sell,1289,92.43,357.44
20240201,002757,buy,11667,11.48,401.79
20240201,000651,sell,6710,30.46,613.24
20240201,000878,buy,268,9.39,7.55
20240201,600694,sell,1339,10.21,41.02
20240201,601163,sell,3724,12.88,143.94
20240201,002595,buy,43,17.84,2.3
20240201,601169,sell,46946,4.55,640.36
20240201,000027,sell,10073,5.83,176.31
20240201,605259,buy,4041,13.42,162.67
20240201,002662,buy,41068,2.72,335.0
20240201,601601,sell,4848,22.58,328.46
20240201,603688,buy,1964,43.85,258.35
20240201,600938,sell,7913,20.27,481.14
20240201,600486,buy,2577,47.79,369.46
20240201,600582,sell,20377,5.09,311.23
20240201,600901,sell,9698,4.15,120.71
20240201,601928,sell,18702,8.63,484.19
20240201,603619,sell,2260,16.62,112.7
20240201,002818,sell,6276,10.18,191.61
20240201,600398,sell,18089,6.4,347.31
20240201,300628,buy,2467,21.81,161.43
20240201,603881,buy,12012,9.94,358.29
20240201,601958,sell,3966,8.38,99.71
20240201,601336,sell,1558,27.33,127.76
20240201,601038,buy,1769,12.37,65.66
20240201,300360,sell,12819,13.45,517.36
20240201,600757,sell,2509,6.3,47.42
20240201,300073,buy,2961,30.28,268.97
20240201,301004,sell,7143,35.68,764.64
20240201,002978,buy,3418,25.09,257.28
20240201,601369,buy,9027,6.1,165.29
20240201,601818,sell,63396,2.74,520.22
20240201,601985,sell,21338,7.89,505.15
20240201,600874,sell,3996,4.9,58.68
20240201,600873,sell,13811,9.04,374.36
20240201,600230,buy,15075,10.18,460.47
20240201,600720,buy,3459,8.28,85.89
20240201,601156,sell,8162,14.65,358.6
20240201,300349,buy,9134,9.48,259.78
20240201,000807,buy,5469,9.99,163.96
20240201,600835,buy,94368,10.31,2917.65
20240201,601677,buy,7878,9.24,218.39
20240201,601318,sell,3238,36.59,355.39
20240201,002158,buy,7237,16.69,362.29
20240201,002270,sell,7234,13.07,283.6
20240201,605158,buy,13069,6.41,251.46
20240201,000589,buy,14253,4.84,207.11
20240201,000893,buy,4161,20.5,255.9
20240201,601199,buy,224295,4.34,2917.66
20240201,603161,buy,11273,8.95,302.76
20240201,002540,buy,17887,4.87,261.32
20240201,605507,buy,101061,9.62,2917.65
20240201,002091,buy,9721,5.98,174.54
20240201,300695,buy,6377,26.95,515.49
20240201,688390,buy,14288,68.07,2917.59
20240201,603966,buy,203197,4.79,2917.65
20240201,601699,sell,6310,20.96,396.7
20240201,603187,buy,3019,11.94,108.14
20240201,688303,buy,37936,25.64,2917.66
20240201,605368,buy,103904,9.36,2917.64
20240201,688556,buy,18885,11.31,640.75
20240201,688589,buy,4391,18.91,249.16
20240201,600480,sell,3682,6.16,68.09
20240201,000521,sell,57023,6.81,1164.37
20240201,300514,buy,17250,11.46,593.12
20240201,600211,buy,3948,27.33,323.68
20240301,300695,sell,36093,28.95,3134.17
20240301,601699,sell,46410,23.66,3293.89
20240301,600480,sell,157785,6.78,3207.73
20240301,603187,sell,81456,13.1,3200.8
20240301,300514,sell,84856,13.54,3446.14
20240301,603966,sell,203197,5.06,3086.73
20240301,002738,sell,2286,35.47,243.28
20240301,000408,sell,3198,27.35,262.36
20240301,600015,buy,9898,5.59,166.12
20240301,600016,buy,19938,3.54,211.91
20240301,600888,buy,3530,6.89,72.97
20240301,601619,buy,15086,3.08,139.58
20240301,300109,sell,2789,10.74,89.89
20240301,600251,buy,7705,7.32,169.29
20240301,603299,buy,4986,7.61,113.87
20240301,002034,buy,6547,13.04,256.11
20240301,688639,buy,987,72.76,215.43
20240301,000915,sell,2678,27.26,218.98
20240301,000063,sell,8747,29.24,767.27
20240301,600967,sell,2100,7.71,48.56
20240301,601117,sell,6298,6.72,126.93
20240301,603871,sell,8454,11.1,281.47
20240301,600971,sell,4264,10.59,135.44
20240301,601319,buy,13932,4.94,206.56
20240301,603338,sell,332,56.05,55.83
20240301,002833,sell,4647,16.68,232.49
20240301,600352,buy,121,7.8,2.83
20240301,603556,sell,3783,33.84,384.06
20240301,600941,buy,1017,93.41,285.0
20240301,600219,buy,12005,2.63,94.79
20240301,600531,buy,6163,5.33,98.57
20240301,603339,buy,1938,9.68,56.29
20240301,002056,sell,5854,13.59,238.61
20240301,601518,buy,47266,2.23,316.13
20240301,601601,buy,2493,23.66,176.96
20240301,600566,sell,3776,33.19,376.0
20240301,002543,buy,1699,8.42,42.91
20240301,600325,buy,6207,6.45,120.12
20240301,605117,sell,3155,28.66,271.29
20240301,000923,buy,3906,14.7,172.21
20240301,002884,buy,3381,15.3,155.15
20240301,000651,sell,724,34.55,75.04
20240301,000878,sell,2233,10.64,71.28
20240301,603688,sell,125,48.88,18.33
20240301,600694,buy,9326,10.31,288.42
20240301,603619,buy,685,18.21,37.42
20240301,601163,sell,2494,14.77,110.49
20240301,600901,buy,18955,4.25,241.94
20240301,600938,sell,1044,22.96,71.92
20240301,000027,buy,5348,6.27,100.52
20240301,601336,sell,320,30.57,29.35
20240301,002757,sell,4856,13.5,196.62
20240301,002662,sell,18216,3.18,173.53
20240301,002595,sell,4501,21.56,291.12
20240301,600486,sell,62,53.13,9.88
20240301,601169,buy,16337,4.68,229.46
20240301,601928,buy,3558,9.27,98.97
20240301,300628,sell,3231,26.07,252.65
20240301,603881,sell,11744,12.52,441.23
20240301,601318,buy,1036,39.03,121.3
20240301,300073,sell,285,33.86,28.95
20240301,600757,buy,3458,6.83,70.85
20240301,601958,sell,2379,9.48,67.68
20240301,002818,buy,4706,10.75,151.77
20240301,605259,buy,3929,14.11,166.29
20240301,300360,sell,4065,15.8,192.67
20240301,601985,buy,7761,8.23,191.57
20240301,301004,buy,1559,37.41,174.96
20240301,601677,buy,36,10.24,1.11
20240301,002978,buy,173,27.69,14.37
20240301,600874,buy,11793,5.12,181.19
20240301,600582,sell,15220,6.13,279.95
20240301,688390,sell,627,78.91,148.42
20240301,601818,buy,25061,2.83,212.92
20240301,600720,buy,239,9.15,6.56
20240301,600230,buy,6883,10.53,217.36
20240301,601199,buy,21606,4.38,284.14
20240301,600873,buy,2553,9.78,74.92
20240301,000617,buy,183934,5.86,3233.79
20240301,600398,buy,114,7.09,2.42
20240301,601369,sell,12312,7.33,270.78
20240301,000807,sell,914,11.18,30.66
20240301,000893,buy,170,22.64,11.55
20240301,601156,buy,6860,14.71,302.78
20240301,002158,sell,646,18.7,36.25
20240301,688303,sell,362,28.69,31.16
20240301,605507,buy,1870,10.47,58.75
20240301,605158,buy,15189,6.46,294.43
20240301,688100,buy,34183,31.53,3233.72
20240301,000589,sell,921,5.39,14.9
20240301,000521,sell,10733,8.16,262.64
20240301,002091,buy,9643,6.26,181.15
20240301,002270,sell,4540,15.42,210.08
20240301,601038,sell,4402,14.53,191.84
20240301,688589,buy,4804,22.26,320.79
20240301,600163,buy,274325,3.93,3233.79
20240301,300590,buy,118170,9.12,3233.78
20240301,603161,buy,6078,9.4,171.34
20240301,600835,sell,3262,11.83,115.78
20240301,600211,sell,928,31.1,86.59
20240301,002540,buy,33820,4.62,468.32
20240301,605368,buy,3428,10.04,103.28
20240301,002911,buy,128282,8.4,3233.78
20240301,688556,sell,3164,13.01,123.53
20240301,300349,sell,2169,10.73,69.85
20240301,002986,buy,78857,13.23,3129.32
20240401,600938,sell,46942,26.48,3729.28
20240401,002270,sell,69884,16.34,3426.08
20240401,601038,sell,74204,16.1,3583.95
20240401,601369,sell,147035,8.08,3563.47
20240401,600582,sell,175809,6.57,3464.79
20240401,601818,sell,380619,2.73,3113.28
20240401,002540,sell,233530,5.23,3663.33
20240401,300349,sell,100417,12.02,3619.92
20240401,601336,sell,35260,28.16,2978.27
20240401,002091,sell,172144,6.44,3326.05
20240401,002158,sell,57637,19.47,3366.75
20240401,000589,sell,199866,5.46,3272.9
20240401,601156,sell,73268,17.47,3840.64
20240401,601318,sell,27619,37.45,3102.84
20240401,600835,sell,91106,11.41,3118.69
20240401,688390,sell,13661,78.48,3216.37
20240401,605368,sell,107332,11.39,3668.16
20240401,002986,sell,78857,13.48,3188.76
20240401,002738,buy,487,36.74,53.68
20240401,600016,buy,19144,3.51,201.47
20240401,600015,buy,3305,5.79,57.39
20240401,300109,sell,7769,12.26,285.63
20240401,601619,buy,10759,3.15,101.64
20240401,000408,sell,891,29.45,78.71
20240401,600888,sell,7727,7.63,176.85
20240401,600251,sell,3680,7.91,87.28
20240401,000915,sell,2336,30.49,213.66
20240401,601319,buy,9274,4.99,138.81
20240401,603299,sell,6811,8.42,171.98
20240401,600531,sell,25803,6.43,497.85
20240401,600219,sell,19749,2.91,172.42
20240401,002033,buy,125410,9.05,3403.41
20240401,000063,buy,5212,26.96,421.56
20240401,600967,buy,9547,7.59,217.48
20240401,002034,buy,5094,12.93,197.55
20240401,688639,buy,568,73.74,125.66
20240401,600720,buy,2021,9.47,57.43
20240401,600352,buy,6404,7.85,150.73
20240401,002533,buy,118884,9.54,3403.4
20240401,603871,sell,854,11.78,30.19
20240401,601601,buy,5523,22.21,367.99
20240401,000807,sell,11184,13.31,446.63
20240401,600325,buy,5311,6.58,104.84
20240401,600694,sell,3097,11.18,103.88
20240401,603688,sell,2093,56.83,356.85
20240401,601677,sell,2182,11.0,72.03
20240401,600566,buy,1007,33.88,102.35
20240401,603556,buy,870,34.67,90.48
20240401,601928,sell,4877,10.19,149.03
20240401,605117,sell,3172,32.94,313.5
20240401,600486,buy,1256,52.66,198.41
20240401,000651,buy,1545,34.64,160.57
20240401,002543,sell,1870,8.99,50.44
20240401,600941,buy,296,95.85,85.12
20240401,002056,buy,3485,13.7,143.21
20240401,600874,buy,1290,5.36,20.73
20240401,600901,buy,13289,4.25,169.62
20240401,601169,sell,9566,5.14,147.54
20240401,601163,buy,1825,15.16,83.02
20240401,600971,buy,10381,10.11,314.93
20240401,603339,sell,7463,10.92,244.52
20240401,000923,sell,1366,15.76,64.59
20240401,603881,buy,4837,12.48,181.08
20240401,000027,sell,7345,6.89,151.78
20240401,300628,buy,5406,24.26,393.45
20240401,300073,sell,3093,39.47,366.27
20240401,603619,sell,11346,23.71,807.08
20240401,002833,sell,705,17.74,37.53
20240401,002818,sell,1316,11.46,45.26
20240401,600211,buy,1260,31.58,119.39
20240401,000617,buy,22440,5.5,370.07
20240401,603338,buy,563,57.31,96.8
20240401,601518,buy,21137,2.25,142.55
20240401,002662,buy,5412,3.29,53.41
20240401,600757,sell,6121,7.48,137.32
20240401,600528,buy,149559,7.59,3403.39
20240401,601958,sell,8539,10.79,276.43
20240401,301004,sell,4238,46.16,586.89
20240401,002595,sell,2092,23.68,148.62
20240401,300897,buy,111862,10.14,3403.41
20240401,601199,sell,414,4.62,5.74
20240401,688100,sell,161,33.35,16.11
20240401,601985,buy,1748,8.55,44.81
20240401,603161,sell,5355,10.37,166.66
20240401,601117,buy,16870,6.4,323.79
20240401,600163,sell,9233,4.28,118.54
20240401,600548,buy,125259,9.06,3403.39
20240401,002884,sell,2744,16.75,137.9
20240401,600230,buy,1297,10.94,42.57
20240401,000521,buy,896,8.53,22.92
20240401,002978,sell,2473,31.11,230.84
20240401,605259,sell,4498,15.78,212.89
20240401,688618,buy,34011,33.36,3403.38
20240401,688303,buy,4481,26.98,362.63
20240401,300360,buy,6571,15.17,298.98
20240401,000878,sell,10769,12.53,404.79
20240401,688556,buy,2070,13.36,82.98
20240401,688589,buy,5033,21.22,320.41
20240401,605507,buy,8070,10.22,247.43
20240401,002651,buy,189056,6.0,3403.4
20240401,002757,buy,999,14.03,42.05
20240401,000893,buy,12894,18.75,725.29
20240401,301589,buy,4583,247.51,3403.07
20240401,688080,buy,31883,35.58,3403.4
20240401,600480,buy,155192,7.31,3403.39
20240401,300590,buy,4136,9.28,115.09
20240401,600398,buy,2551,7.34,56.15
20240401,002911,sell,5922,9.27,164.72
20240401,600458,buy,103577,10.95,3403.38
20240401,603948,buy,58250,19.48,3403.35
20240401,600598,buy,102101,11.11,3403.39
20240401,605158,sell,18429,7.64,422.67
20240401,603599,buy,85925,13.2,3403.4
20240401,600873,buy,10382,9.41,293.04
20240401,600863,buy,267779,4.24,3403.4
20240401,002381,buy,151349,7.5,3403.4
20240401,601717,buy,83221,13.63,3403.39
20240401,000001,buy,114636,9.23,3173.38
20240506,601985,sell,132755,8.87,3533.72
20240506,002884,sell,67725,19.02,3864.94
20240506,601169,sell,220670,5.01,3319.97
20240506,600971,sell,112187,11.05,3717.98
20240506,002662,sell,344870,3.36,3479.32
20240506,002738,sell,30874,33.96,3145.14
20240506,002757,sell,80864,13.25,3215.33
20240506,000893,sell,60505,18.69,3392.52
20240506,301004,sell,24577,55.52,4093.67
20240506,600251,sell,143505,8.18,3522.71
20240506,600219,sell,389817,3.13,3666.14
20240506,000923,sell,71981,17.36,3748.2
20240506,002833,sell,63933,19.4,3721.78
20240506,603871,sell,96276,12.28,3545.46
20240506,603619,sell,47846,23.94,3436.96
20240506,002034,sell,87759,13.9,3660.45
20240506,002543,sell,126170,10.78,4078.52
20240506,000915,sell,37211,31.24,3487.6
20240506,688639,sell,15383,84.92,3919.03
20240506,603556,sell,32723,44.09,4328.12
20240506,600901,sell,266645,4.51,3607.33
20240506,600941,sell,11835,92.38,3279.87
20240506,688589,sell,53460,20.69,3318.51
20240506,603338,sell,19795,65.95,3916.23
20240506,603161,sell,109358,11.36,3728.53
20240506,605158,sell,148395,6.97,3101.75
20240506,603339,sell,103875,10.02,3121.05
20240506,601117,sell,177320,6.78,3608.9
20240506,000651,sell,32746,37.48,3682.4
20240506,601163,sell,74818,16.2,3636.45
20240506,600486,sell,21544,64.21,4150.29
20240506,605259,sell,71908,14.83,3199.35
20240506,601601,sell,51080,25.19,3859.65
20240506,000027,sell,164700,7.12,3517.02
20240506,600325,sell,172415,5.84,3021.53
20240506,600398,sell,154628,7.61,3530.3
20240506,002978,sell,36461,31.65,3461.45
20240506,601928,sell,111378,9.32,3113.25
20240506,600757,sell,151711,7.06,3212.26
20240506,300360,sell,74800,13.87,3113.44
20240506,300073,sell,28741,43.78,3775.1
20240506,600873,sell,120576,10.47,3785.56
20240506,600720,sell,119764,10.28,3692.05
20240506,600874,sell,211761,5.79,3679.03
20240506,600230,sell,103699,11.29,3513.68
20240506,000521,sell,133051,10.0,3990.32
20240506,688556,sell,84899,12.02,3062.29
20240506,601199,sell,245487,5.06,3725.55
20240506,605507,sell,111001,11.53,3838.48
20240506,688303,sell,42055,24.36,3072.98
20240506,000617,sell,206374,5.68,3515.86
20240506,688100,sell,34022,33.48,3417.13
20240506,600163,sell,265092,4.48,3565.85
20240506,002911,sell,122360,9.08,3331.46
20240506,002033,sell,125410,8.79,3306.16
20240506,600528,sell,149559,7.87,3530.25
20240506,600548,sell,125259,9.57,3595.18
20240506,688618,sell,34011,29.81,3042.1
20240506,002651,sell,189056,5.93,3364.22
20240506,301589,sell,4583,230.1,3163.68
20240506,688080,sell,31883,35.38,3384.45
20240506,600480,sell,155192,8.51,3963.91
20240506,603948,sell,58250,18.86,3296.11
20240506,603599,sell,85925,14.38,3706.72
20240506,600863,sell,267779,4.07,3271.66
20240506,002381,sell,151349,7.78,3531.78
20240506,601717,sell,83221,15.56,3885.48
20240506,000001,sell,114636,9.44,3247.94
20240506,000612,buy,162441,7.27,3540.57
20240506,300620,buy,25996,45.4,3540.45
20240506,600531,buy,5499,6.49,107.04
20240506,600967,buy,4099,7.69,94.55
20240506,600522,buy,87942,13.42,3540.56
20240506,000807,buy,110,13.83,4.56
20240506,600598,sell,4334,12.07,156.95
20240506,605376,buy,54468,21.67,3540.53
20240506,300109,sell,7695,13.91,321.0
20240506,601677,sell,6859,12.26,252.32
20240506,601958,buy,6755,10.55,213.75
20240506,600066,buy,52992,22.27,3540.54
20240506,605117,buy,2303,32.12,221.94
20240506,000408,buy,4368,27.51,360.54
20240506,603688,buy,6931,43.88,912.48
20240506,600211,sell,3767,36.71,414.83
20240506,603050,buy,78606,15.01,3540.56
20240506,600888,buy,5039,7.68,116.04
20240506,000878,sell,2709,13.44,109.2
20240506,600016,buy,21617,3.42,221.84
20240506,002104,buy,193027,6.11,3540.58
20240506,000960,buy,72950,16.18,3540.55
20240506,000601,buy,305315,3.87,3540.58
20240506,603881,buy,7682,11.97,275.87
20240506,000792,buy,67094,17.59,3540.55
20240506,002842,buy,187928,6.28,3540.56
20240506,000680,buy,136488,8.65,3540.57
20240506,002255,buy,210132,5.62,3540.57
20240506,002396,buy,103237,11.43,3540.58
20240506,002533,buy,12620,8.97,339.78
20240506,000063,buy,813,27.52,67.11
20240506,300897,buy,4546,10.14,138.27
20240506,300548,buy,50123,23.55,3540.58
20240506,000737,buy,115859,10.19,3540.57
20240506,002716,buy,347115,3.4,3540.57
20240506,300628,sell,8676,30.99,806.55
20240506,600458,sell,5526,12.04,199.54
20240506,603299,sell,4341,9.05,117.82
20240506,300590,sell,18691,11.39,638.69
20240506,600595,buy,372966,3.16,3540.57
20240506,600694,sell,15804,13.78,653.21
20240506,000630,buy,308786,3.82,3540.58
20240506,600988,buy,66732,17.69,3540.56
20240506,300563,buy,54185,21.78,3540.57
20240506,603011,buy,154678,7.63,3540.58
20240506,600015,buy,4537,5.89,80.11
20240506,600255,buy,611499,1.93,3540.58
20240506,600642,buy,149976,7.87,3540.56
20240506,600483,buy,124954,9.44,3540.57
20240506,688313,buy,106689,11.06,3540.57
20240506,600885,buy,60584,19.48,3540.57
20240506,002818,sell,438,11.98,15.74
20240506,688360,buy,137867,8.56,3540.56
20240506,000975,buy,66914,17.64,3540.55
20240506,002281,buy,32037,36.84,3540.58
20240506,601619,buy,718,3.27,7.04
20240506,000811,buy,135883,8.69,3540.56
20240506,002463,buy,36973,31.92,3540.51
20240506,300627,buy,57261,20.61,3540.58
20240506,002987,buy,167865,7.03,3540.57
20240506,002498,buy,317025,3.72,3540.58
20240506,002478,buy,210630,5.6,3540.58
20240506,002595,sell,4722,27.33,387.14
20240506,002056,buy,4695,13.49,189.94
20240506,603920,buy,68131,17.32,3540.58
20240506,300191,buy,81630,14.46,3540.57
20240506,000719,buy,122183,9.66,3540.57
20240506,000791,buy,199766,5.91,3540.56
20240506,002545,buy,160132,7.37,3540.58
20240506,688375,buy,24003,49.17,3540.51
20240506,600301,buy,68298,17.28,3540.57
20240506,688187,buy,25024,47.16,3540.51
20240506,000951,buy,77521,15.22,3540.57
20240506,000899,buy,113523,10.4,3540.57
20240506,603897,buy,66060,17.87,3540.57
20240506,603986,buy,14464,81.59,3540.39
20240506,300700,buy,148025,7.97,3540.57
20240506,601177,buy,142680,8.27,3540.57
20240506,601319,buy,8719,5.0,130.75
20240506,002017,buy,129832,9.09,3540.57
20240506,688697,buy,94297,12.52,3540.55
20240506,300868,buy,78253,15.08,3540.58
20240506,002350,buy,229302,5.15,3540.57
20240506,600566,sell,2061,37.56,232.23
20240506,688678,buy,140329,8.41,3540.58
20240506,300852,buy,51975,22.71,3540.53
20240506,000657,buy,101848,11.59,3540.57
20240506,002895,buy,65483,18.02,3540.54
20240506,603809,buy,195292,6.04,3540.58
20240506,600875,buy,71386,16.53,3540.56
20240506,603966,buy,201393,5.86,3540.57
20240506,002249,buy,235588,5.01,3540.57
20240506,601518,sell,23574,2.45,173.5
20240506,002237,buy,97110,12.15,3540.55
20240506,603960,buy,43844,26.92,3540.54
20240506,000543,buy,149460,7.9,3540.57
20240506,002938,buy,46650,25.3,3540.52
20240506,001207,buy,103818,11.37,3540.57
20240506,300959,buy,33223,26.36,2627.4
20240506,600352,sell,6667,8.56,171.13
20240603,600352,sell,137933,8.18,3385.88
20240603,600566,sell,31422,34.34,3236.87
20240603,601319,sell,236100,5.01,3547.24
20240603,000063,sell,42891,26.07,3354.55
20240603,600483,sell,124954,9.92,3719.7
20240603,000975,sell,66914,17.78,3568.33
20240603,300191,sell,81630,14.01,3430.54
20240603,000719,sell,122183,9.62,3527.16
20240603,000791,sell,199766,6.5,3893.57
20240603,688375,sell,24003,48.72,3508.19
20240603,688187,sell,25024,45.13,3387.64
20240603,000951,sell,77521,14.17,3295.54
20240603,000899,sell,113523,9.83,3346.39
20240603,002017,sell,129832,8.57,3336.74
20240603,688697,sell,94297,11.69,3306.4
20240603,000657,sell,101848,10.75,3283.19
20240603,600875,sell,71386,17.47,3742.36
20240603,002249,sell,235588,4.73,3339.92
20240603,002237,sell,97110,11.92,3472.24
20240603,603960,sell,43844,22.66,2980.21
20240603,000543,sell,149460,7.74,3469.25
20240603,002938,sell,46650,28.77,4025.92
20240603,000612,sell,1064,7.12,22.74
20240603,300620,buy,3188,39.4,376.79
20240603,600531,sell,8987,6.65,179.28
20240603,600522,sell,7364,14.27,315.23
20240603,000807,sell,1628,13.74,67.09
20240603,605376,sell,1970,21.9,129.44
20240603,300109,buy,2774,13.12,109.16
20240603,605117,sell,684,31.89,65.44
20240603,603050,sell,11635,17.17,599.25
20240603,600967,buy,1014,7.44,22.64
20240603,300897,buy,2383,9.68,69.19
20240603,600598,sell,2049,12.01,73.84
20240603,601677,buy,419,11.89,14.95
20240603,600694,buy,3429,12.91,132.76
20240603,601958,sell,2301,10.49,72.43
20240603,600066,buy,715,21.41,45.92
20240603,300590,buy,5029,10.58,159.66
20240603,300548,buy,3020,21.64,196.01
20240603,000408,buy,3494,24.78,259.8
20240603,300563,sell,15641,29.83,1399.73
20240603,002255,sell,13063,5.83,228.64
20240603,603881,buy,6134,10.98,202.03
20240603,600211,buy,2682,33.01,265.57
20240603,000960,buy,1413,15.46,65.54
20240603,000792,sell,479,17.26,24.8
20240603,002104,buy,17362,5.46,284.65
20240603,600888,buy,6813,7.16,146.36
20240603,002842,buy,9626,5.82,168.07
20240603,603688,buy,3279,38.11,374.85
20240603,600255,buy,23730,1.81,128.85
20240603,600016,sell,3669,3.37,37.08
20240603,688360,sell,7694,8.83,203.88
20240603,000601,sell,5651,3.84,65.05
20240603,000737,sell,5325,10.4,166.17
20240603,603011,buy,26387,6.35,502.67
20240603,002296,buy,114943,10.0,3449.28
20240603,000680,buy,6610,8.03,159.33
20240603,002498,buy,151,3.63,1.64
20240603,300627,sell,740,20.34,45.16
20240603,002716,sell,35525,3.69,393.26
20240603,688313,buy,6996,10.11,212.26
20240603,000811,buy,5874,8.11,142.93
20240603,600885,sell,2197,19.69,129.79
20240603,002396,buy,5907,10.53,186.68
20240603,300628,sell,2566,32.37,249.19
20240603,600458,buy,12336,10.42,385.47
20240603,002533,sell,3342,8.97,89.95
20240603,605378,buy,97479,11.79,3449.29
20240603,002545,buy,8836,6.8,180.38
20240603,603299,sell,4382,9.12,119.9
20240603,000878,buy,1392,12.89,53.81
20240603,002350,sell,149,5.02,2.24
20240603,300700,sell,14950,8.64,387.5
20240603,002805,buy,97769,11.76,3449.29
20240603,002281,buy,2447,33.34,244.76
20240603,001207,buy,768,10.99,25.33
20240603,600595,buy,32984,2.83,280.26
20240603,002056,sell,88,13.15,3.47
20240603,002871,buy,147174,7.81,3449.28
20240603,603161,buy,105879,10.86,3449.28
20240603,603966,sell,3268,5.8,56.89
20240603,003002,buy,98070,11.72,3449.28
20240603,300521,buy,112936,10.18,3449.28
20240603,300959,buy,13288,24.72,985.43
20240603,300689,buy,84599,13.59,3449.28
20240603,603809,sell,17391,6.46,337.19
20240603,603897,sell,290,17.48,15.21
20240603,002895,sell,2631,18.29,144.39
20240603,000630,buy,7585,3.63,82.7
20240603,601518,buy,10001,2.34,70.25
20240603,601218,buy,385551,2.98,3449.29
20240603,600988,buy,1623,16.82,81.9
20240603,002987,buy,12191,6.39,233.54
20240603,002595,buy,2260,25.3,171.53
20240603,300457,buy,68680,16.74,3449.26
20240603,002463,sell,1879,32.76,184.68
20240603,601177,buy,9305,7.56,211.18
20240603,603125,buy,86082,13.36,3449.27
20240603,002591,buy,279069,4.12,3449.29
20240603,603920,sell,687,17.05,35.14
20240603,603955,buy,111896,10.28,3449.29
20240603,600642,sell,3865,7.87,91.24
20240603,603040,buy,59170,19.43,3449.25
20240603,688633,buy,59666,19.27,3449.28
20240603,300137,buy,231807,4.96,3449.29
20240603,603986,sell,1063,85.8,273.63
20240603,002478,buy,10583,5.2,165.02
20240603,300868,sell,4223,15.53,196.76
20240603,688678,sell,1231,8.27,30.53
20240603,300005,buy,201811,5.7,3449.28
20240603,600015,sell,9185,6.01,165.58
20240603,300852,sell,3476,23.71,247.22
20240603,300321,buy,55781,20.61,3449.28
20240603,603579,buy,67578,17.01,3449.28
20240603,601619,buy,2543,3.16,24.13
20240603,002818,buy,1382,11.51,47.72
20240603,300234,buy,272363,4.22,3449.29
20240603,603903,buy,150099,7.66,3449.28
20240603,603339,buy,100036,9.24,2773.84
20240603,600301,sell,7205,18.82,406.79
20240701,000878,sell,89226,12.27,3284.03
20240701,002595,sell,45445,25.64,3496.15
20240701,002818,sell,99901,10.84,3248.09
20240701,600458,sell,110387,9.9,3277.77
20240701,000680,sell,143098,9.33,4006.98
20240701,000737,sell,110534,9.31,3087.63
20240701,000630,sell,316371,3.54,3359.4
20240701,600642,sell,146111,8.54,3741.37
20240701,600301,sell,61093,20.5,3757.22
20240701,603966,sell,198125,5.03,2992.15
20240701,002296,sell,114943,9.79,3374.81
20240701,605378,sell,97479,10.73,3137.03
20240701,603161,sell,105879,10.33,3282.13
20240701,603040,sell,59170,19.11,3391.85
20240701,300321,sell,55781,17.09,2859.93
20240701,603579,sell,67578,15.07,3055.39
20240701,603903,sell,150099,7.12,3206.11
20240701,603339,sell,100036,8.91,2675.3
20240701,000612,buy,11590,6.43,223.65
20240701,300620,buy,898,36.98,99.64
20240701,600967,buy,6533,6.91,135.39
20240701,600522,sell,8187,15.37,377.48
20240701,600531,buy,3198,6.32,60.61
20240701,605117,sell,5035,35.87,541.77
20240701,600598,sell,3240,12.03,116.94
20240701,605376,sell,1288,21.73,83.95
20240701,300109,buy,8807,11.53,304.75
20240701,300628,sell,604,31.86,57.74
20240701,601958,sell,2207,10.36,68.6
20240701,000807,buy,203,13.26,8.07
20240701,600211,buy,1887,30.3,171.51
20240701,002255,buy,29377,4.91,433.0
20240701,000792,sell,2193,17.27,113.62
20240701,601677,sell,1516,11.69,53.18
20240701,002104,buy,6663,5.13,102.46
20240701,300590,sell,8184,11.07,271.91
20240701,300457,sell,3636,17.1,186.58
20240701,600016,sell,6710,3.32,66.93
20240701,300897,buy,4280,9.04,116.07
20240701,600694,sell,3028,12.93,117.43
20240701,002498,buy,20940,3.29,206.71
20240701,000408,sell,1928,25.02,144.74
20240701,600066,sell,5143,22.91,353.47
20240701,000601,sell,6,3.71,0.07
20240701,300548,buy,3586,19.61,210.98
20240701,002396,buy,3741,9.86,110.61
20240701,688360,buy,297,8.53,7.6
20240701,600885,buy,1201,18.67,67.27
20240701,000960,sell,2224,15.42,102.9
20240701,603881,buy,428,10.58,13.59
20240701,601518,sell,12071,2.32,84.11
20240701,600888,sell,245,6.94,5.1
20240701,000811,buy,10065,7.33,221.27
20240701,002987,buy,3327,6.07,60.55
20240701,002533,sell,6652,9.16,182.72
20240701,002350,sell,51762,6.27,973.93
20240701,002842,buy,14767,5.24,232.14
20240701,603011,buy,7825,5.89,138.27
20240701,002545,sell,414,6.6,8.2
20240701,300627,sell,2685,20.67,166.47
20240701,300563,buy,5599,25.2,423.34
20240701,002463,sell,4762,36.68,524.02
20240701,002056,buy,6157,11.89,219.58
20240701,688313,buy,4614,9.4,130.18
20240701,603986,sell,1566,94.01,441.65
20240701,600255,buy,7871,1.73,40.85
20240701,601619,buy,15737,2.93,138.49
20240701,603920,sell,8632,18.92,489.89
20240701,001207,buy,7130,9.96,213.02
20240701,603897,buy,3344,16.1,161.49
20240701,601218,buy,15506,2.77,129.04
20240701,300868,sell,19292,20.33,1176.35
20240701,002895,buy,1671,17.24,86.44
20240701,600595,buy,53390,2.42,387.95
20240701,603688,buy,7130,29.83,637.96
20240701,300700,buy,11413,7.7,263.64
20240701,603299,sell,8885,9.49,253.08
20240701,003002,buy,3182,10.99,104.89
20240701,688678,buy,8890,7.52,200.5
20240701,300852,sell,9486,28.52,811.57
20240701,002716,buy,42729,3.14,402.51
20240701,603050,buy,8019,14.84,356.91
20240701,601177,buy,8625,6.93,179.24
20240701,601319,buy,225544,4.93,3337.68
20240701,603125,buy,4446,12.29,163.92
20240701,300959,sell,4408,26.43,349.45
20240701,601601,buy,41633,26.72,3337.62
20240701,600875,buy,64904,17.14,3337.68
20240701,002591,buy,22438,3.69,248.39
20240701,002938,buy,29329,37.93,3337.61
20240701,600988,sell,2862,16.99,145.86
20240701,002871,sell,2544,7.69,58.71
20240701,002281,sell,5148,37.93,585.72
20240701,688375,buy,24431,45.54,3337.6
20240701,688377,buy,104379,10.66,3337.68
20240701,000063,buy,41295,26.94,3337.66
20240701,600015,sell,7112,6.04,128.85
20240701,002034,buy,87776,12.67,3337.68
20240701,002805,buy,9725,10.35,301.96
20240701,603809,sell,2669,6.35,50.84
20240701,603217,buy,81128,13.71,3337.67
20240701,300689,sell,4385,13.87,182.46
20240701,000617,buy,209306,5.32,3337.69
20240701,601231,buy,70970,15.68,3337.66
20240701,300005,buy,21090,4.99,315.8
20240701,300521,sell,7078,10.51,223.17
20240701,300234,buy,2901,4.04,35.18
20240701,603955,buy,15874,8.71,414.67
20240701,688120,buy,13212,84.2,3337.5
20240701,000951,buy,79788,13.94,3337.68
20240701,002249,buy,246276,4.52,3337.69
20240701,002478,buy,5385,4.91,79.32
20240701,002091,buy,174108,6.39,3337.68
20240701,300137,buy,25136,4.33,326.52
20240701,688275,buy,37739,29.48,3337.64
20240701,688633,sell,59,18.67,3.3
20240701,688183,buy,53897,20.64,3337.67
20240701,688208,buy,68254,15.16,3103.21
20240801,600694,sell,86064,11.86,3062.46
20240801,603050,sell,74990,17.53,3944.52
20240801,600988,sell,65493,19.34,3800.46
20240801,300563,sell,44143,38.29,5070.34
20240801,002895,sell,64523,15.14,2930.88
20240801,603809,sell,175232,6.1,3205.8
20240801,001207,sell,111716,9.58,3209.91
20240801,002805,sell,107494,10.56,3405.41
20240801,603125,sell,90528,12.27,3332.1
20240801,688633,sell,59607,20.17,3606.14
20240801,300005,sell,222901,4.69,3137.42
20240801,300234,sell,275264,3.93,3247.04
20240801,601601,sell,41633,28.69,3583.96
20240801,600875,sell,64904,15.85,3086.46
20240801,688375,sell,24431,43.43,3183.37
20240801,002034,sell,87776,12.64,3327.58
20240801,603217,sell,81128,13.76,3349.12
20240801,002249,sell,246276,4.5,3323.78
20240801,002091,sell,174108,6.13,3201.45
20240801,688275,sell,37739,28.27,3200.64
20240801,688208,sell,68254,16.18,3313.39
20240801,300620,buy,1954,34.38,201.55
20240801,600522,buy,2661,14.68,117.16
20240801,600967,sell,12815,7.43,285.68
20240801,002104,sell,7185,5.25,113.13
20240801,603688,buy,2495,27.68,207.17
20240801,600598,sell,1341,12.09,48.62
20240801,300548,buy,2356,18.64,131.77
20240801,600531,buy,16159,5.73,277.73
20240801,002396,sell,2889,10.01,86.79
20240801,605117,sell,7703,47.24,1091.72
20240801,603881,sell,5127,11.01,169.38
20240801,605376,sell,1462,22.14,97.11
20240801,600016,buy,1775,3.27,17.44
20240801,688313,sell,2527,9.51,72.13
20240801,000612,buy,28219,5.48,463.5
20240801,601958,buy,1269,10.14,38.6
20240801,000408,buy,6002,21.83,393.03
20240801,000063,buy,58,26.64,4.63
20240801,002591,sell,30200,4.06,367.84
20240801,000601,buy,6464,3.6,69.78
20240801,300897,buy,1459,8.85,38.72
20240801,000807,buy,11596,11.53,401.22
20240801,000792,buy,8380,15.13,380.37
20240801,600888,buy,8956,6.51,174.84
20240801,688360,buy,8916,7.9,211.38
20240801,002281,buy,3747,33.3,374.27
20240801,603023,buy,556314,1.98,3304.51
20240801,600211,sell,795,30.66,73.13
20240801,000811,buy,13828,6.65,275.85
20240801,300959,buy,2726,24.57,200.94
20240801,300627,sell,1985,21.24,126.51
20240801,002255,buy,2834,4.8,40.85
20240801,603011,sell,9783,6.15,180.5
20240801,300689,sell,1815,14.05,76.5
20240801,002498,buy,8074,3.18,77.07
20240801,600595,buy,2889,2.38,20.65
20240801,601518,sell,35999,2.49,268.53
20240801,002463,buy,2657,33.39,266.15
20240801,002987,buy,7665,5.77,132.58
20240801,300700,buy,14230,6.94,296.27
20240801,002842,sell,2909,5.26,45.9
20240801,300109,sell,877,11.52,30.32
20240801,002350,buy,39559,5.08,602.55
20240801,300868,buy,3736,18.84,211.13
20240801,002056,buy,2286,11.49,78.79
20240801,300457,buy,7038,15.28,322.65
20240801,603920,sell,5076,20.5,312.15
20240801,603986,buy,918,86.37,237.86
20240801,000960,buy,8692,13.63,355.34
20240801,601619,sell,2542,2.92,22.3
20240801,300628,buy,1761,30.03,158.66
20240801,300590,sell,6220,11.69,218.11
20240801,002533,buy,5190,8.69,135.36
20240801,600255,sell,41185,1.83,226.11
20240801,600015,buy,2214,5.91,39.24
20240801,600941,buy,11199,98.35,3304.39
20240801,601677,sell,2268,11.86,80.69
20240801,688678,buy,14944,6.76,303.09
20240801,601319,sell,19901,5.36,319.79
20240801,603955,sell,12985,9.6,373.82
20240801,301419,buy,72169,15.26,3304.49
20240801,600885,buy,254,18.41,14.03
20240801,002017,buy,135491,8.13,3304.49
20240801,301205,buy,19098,57.67,3304.39
20240801,300852,buy,6930,23.98,498.45
20240801,601177,sell,13648,7.5,306.88
20240801,002545,buy,15371,5.99,276.16
20240801,603042,buy,111714,9.86,3304.5
20240801,601218,sell,40083,3.05,366.94
20240801,600066,buy,7508,19.64,442.47
20240801,003002,buy,6923,10.18,211.48
20240801,300521,sell,6880,11.13,229.7
20240801,000951,sell,4899,14.71,216.17
20240801,003031,buy,25483,43.22,3304.48
20240801,688636,buy,71074,15.5,3304.48
20240801,301165,buy,71534,15.4,3304.47
20240801,002938,buy,1661,35.54,177.11
20240801,301577,buy,18729,58.81,3304.36
20240801,603903,buy,179106,6.15,3304.51
20240801,603299,buy,6155,8.93,164.91
20240801,688120,sell,2008,98.31,592.25
20240801,002716,sell,2401,3.13,22.55
20240801,300137,sell,779,4.3,10.05
20240801,688377,buy,3379,10.22,103.62
20240801,300414,buy,168551,6.54,3304.5
20240801,603118,buy,182066,6.05,3304.5
20240801,002478,buy,2216,4.81,32.0
20240801,688183,sell,7118,23.55,502.83
20240801,600776,buy,117087,9.41,3304.5
20240801,600784,buy,232489,4.74,3304.5
20240801,002871,sell,10203,8.19,250.81
20240801,300504,buy,93904,11.73,3304.48
20240801,603040,buy,62439,17.64,3304.47
20240801,688618,buy,49503,22.25,3304.46
20240801,601231,buy,1152,15.27,52.78
20240801,002138,buy,44725,24.63,3304.5
20240801,688668,buy,27701,39.76,3304.43
20240801,603897,sell,110,15.96,5.27
20240801,000617,sell,7815,5.47,128.17
20240801,603083,buy,34336,29.59,3048.39
20240902,000408,sell,50463,22.89,3464.77
20240902,605117,sell,23317,42.21,2952.87
20240902,601619,sell,376719,2.73,3088.53
20240902,002056,sell,95872,11.27,3241.67
20240902,601958,sell,108649,9.47,3086.52
20240902,603881,sell,100027,10.51,3152.51
20240902,601677,sell,92881,11.54,3214.48
20240902,300620,sell,32036,32.37,3110.88
20240902,605376,sell,49748,19.12,2853.83
20240902,002104,sell,209867,5.16,3248.19
20240902,000960,sell,80831,13.05,3165.61
20240902,000601,sell,306122,3.42,3137.97
20240902,000792,sell,72802,14.56,3179.99
20240902,002842,sell,209412,5.21,3273.11
20240902,300548,sell,59085,17.01,3015.85
20240902,002716,sell,351918,2.86,3019.46
20240902,600595,sell,462229,2.33,3236.79
20240902,603011,sell,179107,5.5,2955.27
20240902,600255,sell,601915,1.75,3160.05
20240902,688313,sell,115772,8.57,2975.12
20240902,600885,sell,59842,18.2,3267.04
20240902,688360,sell,139386,8.98,3755.79
20240902,002281,sell,33083,27.3,2709.51
20240902,000811,sell,165650,5.98,2971.05
20240902,002463,sell,32989,32.15,3181.36
20240902,002498,sell,346190,2.93,3047.94
20240902,603920,sell,53736,18.99,3060.59
20240902,002545,sell,183925,5.88,3245.69
20240902,603897,sell,69004,15.85,3280.39
20240902,603986,sell,12753,68.25,2611.1
20240902,300700,sell,158718,5.81,2766.45
20240902,601177,sell,146962,7.03,3097.99
20240902,300868,sell,58474,19.02,3336.0
20240902,002350,sell,216950,4.76,3097.15
20240902,688678,sell,162932,6.39,3124.56
20240902,300852,sell,45943,21.55,2970.89
20240902,300959,sell,44829,25.38,3413.83
20240902,002871,sell,134427,7.47,3012.6
20240902,003002,sell,108175,10.34,3356.13
20240902,300521,sell,98978,13.2,3920.97
20240902,300689,sell,78399,14.68,3452.69
20240902,601218,sell,360974,2.69,2918.28
20240902,002591,sell,271307,4.1,3337.08
20240902,603955,sell,114785,7.66,2637.43
20240902,300137,sell,256164,3.92,3012.49
20240902,002938,sell,30990,33.97,3157.78
20240902,688377,sell,107758,10.17,3288.5
20240902,000617,sell,201491,5.01,3026.68
20240902,601231,sell,72122,14.85,3212.87
20240902,688120,sell,11204,85.68,2879.98
20240902,688183,sell,46779,17.99,2525.23
20240902,603023,sell,556314,1.99,3321.19
20240902,301419,sell,72169,15.62,3381.99
20240902,002017,sell,135491,7.81,3176.16
20240902,301205,sell,19098,55.41,3174.73
20240902,603042,sell,111714,9.67,3240.82
20240902,003031,sell,25483,37.92,2899.09
20240902,688636,sell,71074,12.4,2644.15
20240902,301165,sell,71534,15.85,3400.55
20240902,301577,sell,18729,47.86,2689.29
20240902,603903,sell,179106,5.59,3003.61
20240902,300414,sell,168551,7.04,3562.19
20240902,603118,sell,182066,6.85,3741.46
20240902,600776,sell,117087,8.37,2941.57
20240902,300504,sell,93904,14.09,3969.32
20240902,603040,sell,62439,18.78,3517.78
20240902,688618,sell,49503,17.47,2594.89
20240902,002138,sell,44725,23.63,3170.93
20240902,688668,sell,27701,36.41,3025.65
20240902,603083,sell,34336,25.62,2639.49
20240902,603688,buy,5672,22.96,390.61
20240902,600016,sell,12138,3.22,117.21
20240902,000612,buy,6917,5.02,104.08
20240902,600967,buy,11778,6.52,230.48
20240902,600888,sell,5486,6.37,104.88
20240902,300628,sell,154,28.58,13.2
20240902,600941,sell,613,98.6,181.33
20240902,600694,buy,89289,11.69,3131.28
20240902,000063,buy,2625,23.73,186.9
20240902,002818,buy,109927,9.49,3131.26
20240902,603339,buy,112864,9.25,3131.26
20240902,600528,buy,155230,6.72,3131.27
20240902,002396,sell,8368,10.27,257.83
20240902,603299,sell,12510,9.42,353.47
20240902,600015,sell,10608,5.94,188.91
20240902,300897,sell,14070,9.45,398.85
20240902,605158,buy,157758,6.62,3131.27
20240902,688080,buy,43316,24.1,3131.22
20240902,600211,sell,2879,31.58,272.8
20240902,300861,buy,86652,12.05,3131.28
20240902,601319,sell,29926,5.94,533.28
20240902,002533,buy,10593,7.6,241.6
20240902,600854,buy,276999,3.77,3131.27
20240902,301380,buy,47629,21.91,3131.23
20240902,002296,buy,139906,7.46,3131.28
20240902,300590,buy,10509,9.96,314.15
20240902,600901,buy,244994,4.26,3131.28
20240902,300349,buy,97575,10.7,3131.26
20240902,605259,buy,85883,12.15,3131.26
20240902,600582,buy,191603,5.45,3131.28
20240902,600522,buy,10301,12.23,377.9
20240902,002641,buy,273640,3.81,3131.28
20240902,300627,buy,2343,19.26,135.38
20240902,002987,sell,26697,6.35,508.64
20240902,002478,buy,8835,4.39,116.41
20240902,600566,buy,40507,25.77,3131.22
20240902,000807,sell,3939,11.4,134.7
20240902,600598,sell,4311,12.02,155.47
20240902,000997,buy,86064,12.13,3131.27
20240902,600874,buy,215529,4.84,3131.28
20240902,300130,buy,68038,15.34,3131.24
20240902,601518,buy,2796,2.34,19.64
20240902,688208,buy,69662,14.98,3131.24
20240902,600251,buy,163802,6.37,3131.28
20240902,603556,buy,22756,45.87,3131.16
20240902,601601,buy,36057,28.95,3131.27
20240902,301222,buy,71690,14.56,3131.26
20240902,000719,buy,103797,10.06,3131.28
20240902,603966,buy,218821,4.77,3131.29
20240902,000680,buy,157723,6.62,3131.28
20240902,603187,buy,117244,8.9,3131.27
20240902,601717,buy,96346,10.83,3131.28
20240902,600066,buy,1431,18.15,77.92
20240902,688556,buy,149105,7.0,3131.27
20240902,600219,buy,323923,3.22,3131.28
20240902,300109,buy,3546,10.53,112.01
20240902,600531,sell,2674,5.51,44.16
20240902,000786,buy,43643,23.92,3131.28
20240902,300441,buy,178565,5.85,3131.27
20240902,002034,buy,80283,13.0,3131.27
20240902,603817,buy,228324,4.57,3131.28
20240902,300638,buy,100146,10.42,3131.25
20240902,600458,buy,119258,8.75,3131.27
20240902,001207,buy,116338,8.97,3131.27
20240902,300457,buy,4435,13.64,181.49
20240902,600483,buy,107368,9.72,3131.28
20240902,603797,buy,334539,3.12,3131.28
20240902,688697,buy,111611,9.35,3131.28
20240902,002088,buy,110018,9.49,3131.27
20240902,002091,buy,175630,5.94,3131.27
20240902,002835,buy,76002,13.73,3131.26
20240902,002236,buy,82972,12.58,3131.26
20240902,300193,buy,147753,7.06,3131.27
20240902,300695,buy,45732,22.82,3131.22
20240902,603279,buy,66466,15.7,3131.25
20240902,600757,buy,127351,8.2,3131.27
20240902,300230,buy,322092,3.24,3131.28
20240902,001311,buy,89097,11.71,3131.27
20240902,002540,buy,227121,4.6,3131.28
20240902,300724,buy,23883,43.7,3131.16
20240902,601890,buy,158446,6.59,3131.27
20240902,002960,buy,166587,6.27,3131.27
20240902,603948,buy,70213,14.87,3131.25
20240902,600784,sell,11262,4.72,159.4
20240902,603182,buy,104459,9.99,3131.27
20240902,002595,buy,38916,26.82,3131.25
20240902,002255,buy,17492,4.23,221.96
20240902,000915,buy,44213,23.61,3131.25
20240902,002158,buy,64613,16.15,3131.28
20240902,603013,buy,84995,12.28,3131.26
20240902,000951,buy,4308,13.18,170.33
20240902,300360,buy,78928,13.22,3131.28
20240902,600020,buy,280609,3.72,3131.28
20240902,002061,buy,322345,3.24,3131.28
20240902,605507,buy,83226,12.54,3131.27
20240902,002367,buy,206811,5.05,3131.28
20240902,603331,buy,126271,8.27,3131.28
20240902,688819,buy,40796,25.58,3131.26
20240902,605123,buy,23016,45.35,3131.2
20240902,300092,buy,91441,8.96,2458.15
20241008,600016,sell,324273,3.82,3716.15
20241008,601518,sell,445790,2.66,3558.27
20241008,600888,sell,163784,7.78,3820.83
20241008,603299,sell,110824,11.4,3788.67
20241008,600015,sell,175835,7.28,3842.51
20241008,300109,sell,99126,14.68,4364.44
20241008,603688,sell,45469,32.81,4475.19
20241008,600211,sell,33047,41.65,4128.76
20241008,002533,sell,137293,9.98,4110.28
20241008,600598,sell,86826,14.3,3726.13
20241008,600066,sell,57503,22.99,3965.64
20241008,002987,sell,164351,9.04,4456.94
20241008,002478,sell,237649,5.42,3862.82
20241008,300457,sell,76517,23.09,5299.39
20241008,601319,sell,175717,7.85,4137.59
20241008,000063,sell,43978,33.61,4434.18
20241008,000951,sell,79197,16.58,3938.77
20241008,600941,sell,10586,105.54,3351.77
20241008,600784,sell,221227,5.93,3938.74
20241008,600694,sell,89289,14.68,3932.08
20241008,002818,sell,109927,11.62,3832.84
20241008,603339,sell,112864,11.3,3825.25
20241008,600528,sell,155230,8.5,3960.13
20241008,605158,sell,157758,8.57,4057.16
20241008,688080,sell,43316,36.31,4718.83
20241008,300861,sell,86652,17.75,4614.13
20241008,600854,sell,276999,4.9,4072.28
20241008,301380,sell,47629,33.18,4741.58
20241008,002296,sell,139906,9.64,4045.94
20241008,600901,sell,244994,5.2,3819.47
20241008,300349,sell,97575,14.47,4234.78
20241008,605259,sell,85883,14.72,3791.53
20241008,600582,sell,191603,6.32,3633.16
20241008,002641,sell,273640,4.67,3833.4
20241008,600566,sell,40507,30.4,3694.07
20241008,000997,sell,86064,18.0,4647.71
20241008,600874,sell,215529,5.97,3860.66
20241008,300130,sell,68038,26.66,5441.82
20241008,688208,sell,69662,23.82,4977.67
20241008,600251,sell,163802,7.97,3914.1
20241008,603556,sell,22756,46.85,3198.23
20241008,601601,sell,36057,39.59,4282.91
20241008,000719,sell,103797,12.22,3805.66
20241008,603966,sell,218821,6.1,4003.23
20241008,000680,sell,157723,8.23,3893.06
20241008,603187,sell,117244,11.42,4017.42
20241008,601717,sell,96346,13.2,3813.87
20241008,688556,sell,149105,11.65,5209.62
20241008,600219,sell,323923,3.86,3750.75
20241008,000786,sell,43643,30.71,4021.4
20241008,300441,sell,178565,8.51,4559.95
20241008,002034,sell,80283,15.56,3747.83
20241008,603817,sell,228324,5.6,3838.35
20241008,300638,sell,100146,17.47,5248.41
20241008,600458,sell,119258,10.99,3931.57
20241008,001207,sell,116338,11.44,3991.3
20241008,600483,sell,107368,10.3,3317.12
20241008,603797,sell,334539,3.95,3968.26
20241008,688697,sell,111611,13.74,4599.64
20241008,002088,sell,110018,12.42,4099.01
20241008,002091,sell,175630,7.42,3911.64
20241008,002835,sell,76002,17.17,3915.75
20241008,002236,sell,82972,17.43,4338.63
20241008,300193,sell,147753,9.9,4388.88
20241008,603279,sell,66466,19.64,3916.34
20241008,600757,sell,127351,9.1,3475.53
20241008,300230,sell,322092,4.66,4505.98
20241008,001311,sell,89097,15.78,4218.73
20241008,002540,sell,227121,5.74,3913.31
20241008,300724,sell,23883,79.71,5711.03
20241008,601890,sell,158446,8.2,3898.88
20241008,002960,sell,166587,8.15,4073.69
20241008,603948,sell,70213,18.96,3993.04
20241008,603182,sell,104459,12.13,3800.73
20241008,002595,sell,38916,31.87,3720.32
20241008,000915,sell,44213,32.89,4362.05
20241008,002158,sell,64613,20.84,4039.33
20241008,603013,sell,84995,15.17,3867.03
20241008,300360,sell,78928,17.37,4112.32
20241008,600020,sell,280609,4.16,3505.4
20241008,002061,sell,322345,4.03,3895.9
20241008,605507,sell,83226,14.78,3690.79
20241008,002367,sell,206811,6.42,3983.68
20241008,603331,sell,126271,10.28,3894.37
20241008,688819,sell,40796,38.38,4697.49
20241008,605123,sell,23016,60.76,4195.64
20241008,300092,sell,91441,12.02,3298.04
20241008,300548,buy,52649,25.98,4102.81
20241008,600522,buy,448,15.94,21.42
20241008,300394,buy,16091,84.99,4102.6
20241008,002842,buy,208796,6.55,4102.84
20241008,603083,buy,36643,37.32,4102.8
20241008,688313,buy,104969,13.03,4102.85
20241008,002281,buy,37249,36.71,4102.79
20241008,002545,buy,198211,6.9,4102.84
20241008,300328,buy,156120,8.76,4102.83
20241008,301165,buy,54482,25.1,4102.8
20241008,000408,buy,50011,27.35,4102.78
20241008,002396,sell,1148,13.61,46.88
20241008,002104,buy,185668,7.37,4102.85
20241008,300689,buy,65280,20.95,4102.85
20241008,600595,buy,443138,3.09,4102.85
20241008,300756,buy,120749,11.33,4102.85
20241008,300959,buy,39955,34.23,4102.85
20241008,000962,buy,110072,12.42,4102.83
20241008,301307,buy,45985,29.74,4102.78
20241008,002378,buy,188675,7.25,4102.83
20241008,605376,buy,51399,26.61,4102.78
20241008,688668,buy,29497,46.36,4102.8
20241008,301205,buy,15084,90.66,4102.71
20241008,002379,buy,228947,5.97,4102.84
20241008,300163,buy,633156,2.16,4102.85
20241008,000811,buy,167964,8.14,4102.84
20241008,002850,buy,13524,101.12,4102.84
20241008,003031,buy,26959,50.73,4102.7
20241008,600151,buy,187088,7.31,4102.84
20241008,688011,buy,76190,17.95,4102.83
20241008,002017,buy,123435,11.08,4102.85
20241008,301419,buy,64042,21.35,4102.82
20241008,000960,buy,83228,16.43,4102.83
20241008,688392,buy,31211,43.82,4102.74
20241008,000807,buy,2030,14.61,88.99
20241008,000969,buy,132141,10.35,4102.84
20241008,301021,buy,52082,26.26,4102.79
20241008,002353,buy,39092,34.98,4102.8
20241008,300811,buy,36725,37.24,4102.81
20241008,603063,buy,87479,15.63,4102.85
20241008,600967,buy,5364,8.27,133.08
20241008,300137,buy,253262,5.4,4102.84
20241008,002716,buy,387426,3.53,4102.84
20241008,300726,buy,37471,36.5,4102.78
20241008,002931,buy,132642,10.31,4102.83
20241008,002625,buy,50170,27.26,4102.81
20241008,000657,buy,135353,10.1,4102.83
20241008,688275,buy,34649,39.47,4102.79
20241008,603115,buy,105418,12.97,4102.83
20241008,600776,buy,115165,11.88,4102.83
20241008,601958,buy,118078,11.58,4102.85
20241008,600255,buy,624482,2.19,4102.85
20241008,688283,buy,47600,28.73,4102.83
20241008,600301,buy,73606,18.58,4102.8
20241008,688102,buy,138994,9.84,4102.83
20241008,300767,buy,102751,13.31,4102.85
20241008,002167,buy,195095,7.01,4102.85
20241008,000612,sell,10206,6.91,211.59
20241008,603040,buy,59896,22.83,4102.82
20241008,605117,buy,26438,51.73,4102.8
20241008,688456,buy,37623,36.35,4102.75
20241008,002730,buy,170102,8.04,4102.84
20241008,301150,buy,69867,19.57,4102.82
20241008,300277,buy,119001,11.49,4102.85
20241008,688059,buy,31042,44.06,4102.83
20241008,688182,buy,75766,18.05,4102.8
20241008,002364,buy,180669,7.57,4102.83
20241008,301550,buy,73295,18.66,4102.83
20241008,002272,buy,226052,6.05,4102.84
20241008,603897,buy,65872,20.76,4102.84
20241008,605196,buy,129682,10.55,4102.85
20241008,688629,buy,41912,32.63,4102.77
20241008,300628,sell,5087,43.51,663.94
20241008,300099,buy,212093,6.45,4102.83
20241008,605100,buy,148306,9.22,4102.84
20241008,002249,buy,247130,5.53,4102.85
20241008,002498,buy,371057,3.69,4102.85
20241008,002633,buy,151285,9.04,4102.85
20241008,603308,buy,101046,13.53,4102.83
20241008,300695,sell,2636,31.73,250.96
20241008,600391,buy,70532,19.39,4102.85
20241008,002283,buy,284466,4.81,4102.85
20241008,688096,buy,258721,5.29,4102.84
20241008,300590,sell,26744,17.53,1406.68
20241008,300897,buy,2754,12.08,99.8
20241008,002591,buy,257070,5.32,4102.84
20241008,300710,buy,65561,20.86,4102.81
20241008,601177,buy,159737,8.56,4102.84
20241008,603042,buy,105120,13.01,4102.83
20241008,688191,buy,107806,12.69,4102.85
20241008,300627,sell,6206,28.5,530.6
20241008,688663,buy,56233,24.32,4102.82
20241008,688377,buy,100546,13.6,4102.82
20241008,002255,buy,11295,5.3,179.57
20241008,002805,buy,100191,13.65,4102.82
20241008,600531,sell,7932,7.53,179.15
20241008,603618,buy,260117,5.26,4102.84
20241008,301222,sell,1010,19.35,58.63
20241008,002192,buy,33512,40.81,4102.75
20241008,002195,buy,323299,3.12,3026.08
20241101,600967,sell,165375,7.84,3887.4
20241101,300897,sell,113214,10.33,3509.45
20241101,600522,sell,85801,15.33,3946.6
20241101,002396,sell,100480,12.68,3823.3
20241101,300627,sell,47988,24.46,3521.49
20241101,301222,sell,70680,17.45,3700.13
20241101,300548,sell,52649,24.23,3826.66
20241101,002842,sell,208796,6.85,4290.76
20241101,002281,sell,37249,42.78,4780.48
20241101,300328,sell,156120,9.39,4397.9
20241101,301165,sell,54482,25.13,4107.73
20241101,600595,sell,443138,2.87,3817.21
20241101,000962,sell,110072,13.74,4537.63
20241101,002378,sell,188675,7.28,4119.67
20241101,688668,sell,29497,40.26,3562.33
20241101,301205,sell,15084,74.68,3379.53
20241101,002379,sell,228947,6.86,4708.4
20241101,300163,sell,633156,2.03,3855.92
20241101,000811,sell,167964,7.69,3874.91
20241101,600151,sell,187088,7.63,4282.44
20241101,688011,sell,76190,16.99,3883.4
20241101,301419,sell,64042,17.67,3395.05
20241101,000960,sell,83228,15.36,3836.25
20241101,688392,sell,31211,37.27,3489.94
20241101,000969,sell,132141,11.11,4403.43
20241101,301021,sell,52082,22.77,3557.83
20241101,002353,sell,39092,34.2,4011.29
20241101,603063,sell,87479,19.38,5086.18
20241101,300137,sell,253262,5.64,4285.19
20241101,300726,sell,37471,30.72,3453.58
20241101,002625,sell,50170,39.55,5952.67
20241101,000657,sell,135353,10.19,4138.89
20241101,603115,sell,105418,12.86,4066.44
20241101,600776,sell,115165,11.35,3920.71
20241101,600255,sell,624482,2.24,4196.52
20241101,688283,sell,47600,25.13,3589.27
20241101,688102,sell,138994,8.59,3581.71
20241101,300767,sell,102751,10.13,3122.6
20241101,002167,sell,195095,7.47,4372.08
20241101,603040,sell,59896,21.62,3884.02
20241101,688456,sell,37623,30.25,3414.84
20241101,002730,sell,170102,7.56,3859.71
20241101,301150,sell,69867,16.65,3490.66
20241101,300277,sell,119001,11.77,4200.7
20241101,688059,sell,31042,32.66,3041.46
20241101,688182,sell,75766,16.39,3724.67
20241101,002364,sell,180669,6.91,3747.47
20241101,301550,sell,73295,15.64,3438.35
20241101,002272,sell,226052,14.81,10043.49
20241101,603897,sell,65872,20.17,3986.62
20241101,605196,sell,129682,8.57,3335.02
20241101,688629,sell,41912,34.35,4319.03
20241101,605100,sell,148306,8.47,3768.42
20241101,002498,sell,371057,3.32,3695.86
20241101,002633,sell,151285,12.54,5691.34
20241101,603308,sell,101046,13.94,4226.7
20241101,600391,sell,70532,19.67,4162.09
20241101,002283,sell,284466,4.38,3740.12
20241101,688096,sell,258721,6.32,4907.97
20241101,002591,sell,257070,5.04,3886.9
20241101,300710,sell,65561,20.08,3949.39
20241101,601177,sell,159737,8.97,4298.67
20241101,603042,sell,105120,12.1,3815.86
20241101,688191,sell,107806,11.29,3650.26
20241101,688663,sell,56233,22.26,3754.59
20241101,688377,sell,100546,11.87,3580.64
20241101,002805,sell,100191,13.07,3928.49
20241101,603618,sell,260117,5.19,4048.75
20241101,002195,sell,323299,2.9,2812.7
20241101,002255,sell,11517,5.41,186.87
20241101,300756,buy,5375,10.57,170.48
20241101,000807,sell,979,14.4,42.29
20241101,000612,sell,19293,7.47,432.12
20241101,002545,buy,3844,6.6,76.1
20241101,603955,buy,138665,9.62,4000.31
20241101,300628,buy,6331,35.31,670.57
20241101,300695,buy,3485,28.63,299.28
20241101,688313,sell,16400,15.06,740.73
20241101,601958,buy,5642,10.78,182.43
20241101,000408,sell,2846,28.27,241.38
20241101,600301,sell,4729,19.36,274.66
20241101,002249,sell,2266,5.45,37.02
20241101,600531,buy,11970,6.89,247.29
20241101,600219,buy,363597,3.67,4000.31
20241101,002850,buy,191,97.22,55.71
20241101,300620,buy,27867,47.85,4000.32
20241101,600888,buy,186961,7.13,4000.31
20241101,603023,buy,557924,2.39,4000.32
20241101,002017,buy,7909,10.15,240.88
20241101,002296,buy,162486,8.21,4000.31
20241101,300394,sell,995,88.33,263.67
20241101,002104,buy,15444,6.63,307.2
20241101,688080,buy,40705,32.76,4000.31
20241101,300109,buy,109527,12.17,4000.32
20241101,002801,buy,65389,20.39,4000.31
20241101,300590,buy,24311,13.03,950.5
20241101,300099,buy,22758,5.68,387.65
20241101,600352,buy,137364,9.71,4000.31
20241101,300360,buy,85954,15.51,4000.3
20241101,003025,buy,113273,11.77,4000.32
20241101,601619,buy,424102,3.14,4000.31
20241101,300689,sell,14072,26.04,1099.3
20241101,603011,buy,187808,7.1,4000.31
20241101,003031,sell,164,49.77,24.48
20241101,600259,buy,40203,33.17,4000.28
20241101,002651,buy,224523,5.94,4000.32
20241101,605117,buy,4156,43.58,543.4
20241101,600251,buy,185631,7.18,4000.31
20241101,000630,buy,394923,3.38,4000.31
20241101,002895,buy,69060,19.31,4000.29
20241101,301307,buy,9505,24.03,685.22
20241101,603969,buy,241590,5.52,4000.32
20241101,300959,buy,5384,29.41,475.03
20241101,603979,buy,32320,41.26,4000.29
20241101,001207,buy,100662,13.25,4000.3
20241101,002716,sell,14956,3.58,160.63
20241101,002303,buy,460012,2.9,4000.32
20241101,002988,buy,70860,18.82,4000.28
20241101,000893,buy,70217,18.99,4000.26
20241101,605319,buy,108361,12.31,4000.3
20241101,601677,buy,103782,12.85,4000.31
20241101,300638,buy,87165,15.3,4000.32
20241101,000063,buy,45934,29.03,4000.28
20241101,300724,buy,19199,69.45,4000.27
20241101,301077,buy,78331,17.02,4000.29
20241101,600835,buy,80035,16.66,4000.3
20241101,002394,buy,190715,6.99,4000.3
20241101,601336,buy,29412,45.34,4000.25
20241101,600885,buy,62121,21.47,4000.32
20241101,002192,buy,4168,35.39,442.49
20241101,002549,buy,188092,7.09,4000.31
20241101,603859,buy,58931,22.63,4000.3
20241101,300127,buy,61758,21.59,4000.31
20241101,002034,buy,92348,14.44,4000.31
20241101,605305,buy,44477,29.98,4000.24
20241101,301323,buy,35192,37.89,4000.3
20241101,601717,buy,107874,12.36,4000.29
20241101,603680,buy,161522,8.26,4000.31
20241101,002972,buy,133995,9.95,4000.31
20241101,688275,buy,3093,35.33,327.83
20241101,605123,buy,24290,54.89,4000.19
20241101,300607,buy,109119,12.22,4000.3
20241101,001332,buy,57300,23.27,4000.28
20241101,300811,buy,1086,35.27,114.9
20241101,603682,buy,333915,3.99,4000.31
20241101,600988,buy,72057,18.51,4000.3
20241101,600455,buy,59876,22.27,4000.32
20241101,002931,sell,11027,10.96,362.72
20241101,002273,buy,60697,21.97,4000.31
20241101,002595,buy,43097,30.94,4000.3
20241101,301191,buy,15497,86.04,4000.3
20241101,688208,buy,70609,18.88,4000.29
20241101,600496,buy,430769,3.1,4000.31
20241101,603161,buy,135740,9.82,4000.3
20241101,000951,buy,85095,15.67,4000.3
20241101,002881,buy,54144,24.63,4000.28
20241101,301002,buy,79751,16.72,4000.31
20241101,605378,buy,113902,11.71,4000.31
20241101,002818,buy,112511,11.85,4000.29
20241101,600015,buy,199185,6.69,4000.3
20241101,600941,buy,13457,99.08,4000.06
20241101,603083,sell,3840,40.65,468.29
20241101,603966,buy,244889,5.45,4000.31
20241101,688618,buy,61295,21.75,4000.28
20241101,605376,sell,299,26.09,23.41
20241101,300853,buy,78901,16.9,4000.28
20241101,300660,buy,67531,19.75,4000.3
20241101,605098,buy,41489,32.14,4000.3
20241101,000762,buy,43512,24.09,3145.21
20241202,603083,sell,32803,43.71,4301.45
20241202,605376,sell,51100,30.26,4638.56
20241202,002192,sell,37680,38.24,4322.95
20241202,002303,sell,460012,3.7,5112.38
20241202,002972,sell,133995,10.5,4220.83
20241202,603682,sell,333915,4.41,4419.48
20241202,600455,sell,59876,23.95,4302.09
20241202,002595,sell,43097,29.74,3844.49
20241202,688208,sell,70609,24.17,5119.49
20241202,600496,sell,430769,3.11,4012.89
20241202,002881,sell,54144,24.6,3995.42
20241202,600015,sell,199185,6.96,4156.96
20241202,600941,sell,13457,101.07,4080.14
20241202,603966,sell,244889,6.08,4469.35
20241202,688618,sell,61295,23.22,4270.62
20241202,605098,sell,41489,34.11,4245.55
20241202,000762,sell,43512,23.83,3110.06
20241202,002255,buy,624,5.98,11.2
20241202,300756,sell,3268,12.04,118.01
20241202,000612,buy,46613,6.57,918.21
20241202,000807,buy,17636,13.41,709.65
20241202,300695,buy,2686,30.02,241.87
20241202,002545,sell,12722,7.81,298.1
20241202,601958,buy,20492,10.25,630.4
20241202,688313,buy,15158,14.26,648.31
20241202,603955,sell,77519,24.19,5624.48
20241202,300628,buy,4140,35.29,438.27
20241202,600301,buy,7985,19.24,460.89
20241202,002850,buy,814,101.78,248.56
20241202,002249,buy,26223,5.46,429.15
20241202,600531,buy,27676,6.68,554.81
20241202,002296,sell,20631,10.42,645.23
20241202,002801,sell,4923,24.46,361.21
20241202,300590,sell,76,14.46,3.3
20241202,000408,buy,6780,27.41,557.59
20241202,300394,buy,3728,78.56,878.59
20241202,603023,sell,49736,2.91,434.2
20241202,601619,buy,36412,3.21,350.78
20241202,600888,buy,17627,7.23,382.24
20241202,002017,buy,2247,11.07,74.62
20241202,300620,buy,1909,49.66,284.43
20241202,605117,buy,5345,41.15,659.8
20241202,300724,buy,2339,68.66,481.79
20241202,603011,sell,2259,7.97,54.01
20241202,300360,buy,5953,16.09,287.36
20241202,688080,buy,642,35.77,68.88
20241202,003025,buy,3388,12.68,128.84
20241202,002651,sell,20046,7.23,434.93
20241202,600219,buy,50533,3.57,541.35
20241202,002104,sell,17221,8.04,415.47
20241202,003031,sell,340,55.9,57.02
20241202,600885,buy,3379,22.58,228.87
20241202,605123,buy,1064,58.33,186.18
20241202,603680,buy,8004,8.72,209.46
20241202,603969,buy,3903,6.02,70.53
20241202,605319,sell,11922,15.33,548.45
20241202,300689,buy,535,28.58,45.87
20241202,688275,sell,14990,65.0,2923.05
20241202,300607,sell,64656,33.26,6451.38
20241202,300109,sell,9303,14.76,411.8
20241202,605305,buy,7340,28.54,628.43
20241202,300099,sell,16155,6.76,327.72
20241202,600259,buy,7133,31.24,668.51
20241202,300638,buy,458,16.88,23.19
20241202,000063,buy,1784,30.99,165.86
20241202,600251,buy,4942,7.76,115.05
20241202,600875,buy,98021,15.09,4436.46
20241202,600835,sell,1704,18.88,96.51
20241202,002273,buy,9517,21.06,601.33
20241202,301307,buy,5018,24.44,367.92
20241202,600352,buy,13490,9.8,396.73
20241202,603161,sell,8261,11.6,287.5
20241202,603859,sell,9918,30.17,897.76
20241202,001207,buy,8513,13.55,345.94
20241202,300959,sell,5610,37.22,626.47
20241202,688159,buy,46589,31.74,4436.45
20241202,002716,buy,19791,3.77,223.84
20241202,002988,sell,2413,21.61,156.4
20241202,001311,buy,90903,16.27,4436.44
20241202,603173,buy,60031,24.63,4436.41
20241202,001332,buy,1022,25.36,77.74
20241202,300127,sell,16795,32.89,1657.18
20241202,002931,sell,10980,13.37,440.3
20241202,603979,buy,5608,38.99,655.97
20241202,000630,buy,49370,3.33,492.98
20241202,301323,buy,5903,35.98,637.26
20241202,301191,buy,2292,83.13,571.6
20241202,300853,sell,281,18.81,15.86
20241202,300660,sell,15498,28.42,1321.42
20241202,002549,buy,15917,7.25,346.14
20241202,002125,buy,126306,11.71,4436.47
20241202,002895,buy,2597,20.64,160.79
20241202,600988,buy,17010,16.6,847.28
20241202,300286,buy,78482,18.84,4436.44
20241202,605378,buy,5361,12.4,199.42
20241202,605196,buy,119742,12.35,4436.47
20241202,601717,buy,16968,11.85,602.99
20241202,301002,sell,1464,18.89,82.96
20241202,002394,buy,1779,7.68,41.0
20241202,601677,buy,19288,12.02,695.3
20241202,002818,buy,7444,12.33,275.31
20241202,301077,buy,11404,16.48,563.81
20241202,601336,buy,2528,46.3,351.14
20241202,301292,buy,95408,15.5,4436.47
20241202,600480,buy,176438,8.38,4436.47
20241202,002138,buy,48100,30.74,4436.46
20241202,002034,buy,4651,15.25,212.72
20241202,300811,buy,4207,35.19,444.19
20241202,000893,sell,592,21.24,37.72
20241202,603228,buy,60716,24.36,4436.41
20241202,000738,buy,67938,21.77,4436.45
20241202,603201,buy,97590,15.15,4436.44
20241202,002353,buy,42831,34.53,4436.38
20241202,000951,buy,5554,16.31,271.82
20241202,002158,buy,83128,17.79,4436.47
20241202,603269,buy,221211,6.69,4436.46
20241202,603187,buy,126681,10.72,4072.83
20250102,300628,sell,41907,34.43,4329.05
20250102,300590,sell,102240,14.16,4343.9
20250102,002017,sell,133591,9.9,3965.93
20250102,300099,sell,218696,5.53,3625.31
20250102,002296,sell,141855,9.3,3956.09
20250102,688080,sell,41347,31.79,3943.6
20250102,300109,sell,100224,14.73,4427.59
20250102,600352,sell,150854,9.39,4250.34
20250102,300360,sell,91907,15.4,4246.82
20250102,003025,sell,116661,11.25,3935.83
20250102,002895,sell,71657,21.28,4575.45
20250102,601677,sell,123070,11.6,4284.58
20250102,300638,sell,87623,18.97,4986.46
20250102,000063,sell,47718,37.2,5325.12
20250102,300724,sell,21538,60.26,3893.82
20250102,600835,sell,78331,16.81,3949.74
20250102,601336,sell,31940,45.43,4352.73
20250102,600885,sell,65500,21.16,4157.81
20250102,002034,sell,96999,14.82,4312.06
20250102,605305,sell,51817,26.39,4102.05
20250102,601717,sell,124842,11.97,4482.1
20250102,603680,sell,169526,7.95,4044.87
20250102,301191,sell,17789,86.82,4633.59
20250102,000951,sell,90649,16.07,4371.13
20250102,605378,sell,119263,14.88,5325.24
20250102,002818,sell,119955,13.4,4821.54
20250102,300660,sell,52033,28.04,4376.85
20250102,688159,sell,46589,29.32,4097.44
20250102,001311,sell,90903,14.32,3906.08
20250102,002125,sell,126306,9.71,3679.66
20250102,300286,sell,78482,19.01,4475.2
20250102,600480,sell,176438,7.92,4191.09
20250102,002138,sell,48100,29.03,4189.22
20250102,000738,sell,67938,20.72,4222.31
20250102,603201,sell,97590,13.55,3965.69
20250102,002158,sell,83128,17.66,4405.09
20250102,603187,sell,126681,10.42,3958.51
20250102,300756,buy,14270,10.3,441.04
20250102,600301,buy,6238,17.0,318.14
20250102,603955,buy,14145,18.76,796.21
20250102,002545,buy,22864,6.66,456.65
20250102,000408,sell,257,26.31,20.29
20250102,002255,buy,12605,5.44,205.64
20250102,000807,sell,4698,13.38,188.63
20250102,688313,sell,20539,16.98,1046.4
20250102,601958,buy,2276,9.64,65.85
20250102,300695,sell,1863,29.8,166.56
20250102,600259,buy,4895,27.05,397.19
20250102,605376,buy,50567,27.94,4238.13
20250102,603023,buy,13107,2.71,106.56
20250102,300620,sell,1175,49.4,174.12
20250102,002716,buy,24467,3.39,248.83
20250102,603011,buy,26569,6.66,530.85
20250102,000612,buy,4319,6.15,79.75
20250102,300394,buy,3396,63.58,647.71
20250102,603115,buy,116285,12.15,4238.1
20250102,601619,sell,4243,3.1,39.41
20250102,300835,buy,47087,30.0,4238.06
20250102,300811,sell,3965,37.13,441.61
20250102,000688,buy,124316,11.36,4238.12
20250102,000893,buy,3045,19.44,177.58
20250102,301323,sell,3546,37.62,400.24
20250102,002931,sell,28947,17.29,1501.83
20250102,300607,buy,3588,29.4,316.46
20250102,600531,buy,7779,6.17,143.91
20250102,002353,sell,2496,35.02,262.26
20250102,002149,buy,85135,16.59,4238.11
20250102,600988,sell,785,16.0,37.69
20250102,603269,sell,36135,7.63,827.47
20250102,300959,sell,12842,52.54,2024.28
20250102,003031,buy,1994,49.66,297.05
20250102,603929,buy,56746,24.89,4238.07
20250102,605117,sell,686,40.07,82.47
20250102,688275,buy,5747,49.57,854.64
20250102,605319,buy,557,14.56,24.34
20250102,000630,buy,18843,3.05,172.43
20250102,002249,sell,2267,5.26,35.74
20250102,300689,buy,4073,25.31,309.26
20250102,600875,sell,1947,14.7,85.89
20250102,600888,buy,6276,6.7,126.14
20250102,002549,buy,33317,5.95,594.97
20250102,002850,buy,1057,90.64,287.41
20250102,605178,buy,99068,14.26,4238.13
20250102,603778,buy,469339,3.01,4238.13
20250102,605196,buy,672,11.73,23.65
20250102,002155,buy,115703,12.21,4238.12
20250102,600219,sell,8395,3.48,87.69
20250102,605100,buy,138838,10.18,4238.11
20250102,603979,buy,2139,35.26,226.25
20250102,002083,buy,299395,4.72,4238.13
20250102,301292,buy,14445,12.86,557.29
20250102,603969,sell,39698,6.86,817.54
20250102,002988,sell,1957,21.25,124.74
20250102,300308,buy,11641,121.35,4238.03
20250102,301307,buy,10553,19.88,629.38
20250102,601101,buy,186319,7.58,4238.12
20250102,301077,sell,8556,17.4,446.69
20250102,603083,buy,36501,38.7,4238.11
20250102,002104,buy,34749,6.46,673.58
20250102,300408,buy,38806,36.4,4238.06
20250102,301013,buy,126160,11.2,4238.12
20250102,000338,buy,109527,12.9,4238.12
20250102,603699,buy,68322,20.68,4238.11
20250102,688669,buy,94940,14.88,4238.12
20250102,300163,buy,627871,2.25,4238.13
20250102,001337,buy,68236,20.7,4238.07
20250102,002192,buy,45393,31.12,4238.06
20250102,301002,buy,9459,16.1,456.87
20250102,688786,buy,69059,20.46,4238.07
20250102,603173,buy,2687,22.52,181.57
20250102,002651,buy,441,6.89,9.12
20250102,002611,buy,146887,9.62,4238.1
20250102,603682,buy,188703,7.49,4238.11
20250102,605389,buy,74389,18.99,4238.08
20250102,002273,sell,3884,21.3,248.17
20250102,603986,buy,13775,102.55,4237.93
20250102,301205,buy,19308,73.17,4238.13
20250102,688178,buy,112926,12.51,4238.11
20250102,300127,buy,13661,24.1,987.6
20250102,603399,buy,159808,8.84,4238.11
20250102,002364,buy,119806,11.79,4238.13
20250102,603161,buy,11850,10.14,360.45
20250102,001207,sell,4030,13.44,162.44
20250102,688663,buy,68212,20.71,4238.11
20250102,001332,buy,933,23.84,66.73
20250102,002801,buy,299,23.25,20.85
20250102,603228,sell,7727,26.66,618.03
20250102,300868,buy,52717,26.8,4238.07
20250102,601126,buy,88674,15.93,4238.13
20250102,002552,buy,108682,13.0,4238.12
20250102,600251,buy,9912,7.05,209.53
20250102,002394,buy,7932,7.05,167.73
20250102,605123,buy,2513,50.69,382.18
20250102,688059,buy,47195,29.93,4238.11
20250102,603859,sell,455,29.09,39.71
20250102,603090,buy,36088,17.2,1861.87
20250102,300853,sell,23863,25.8,1847.0
20250205,600251,sell,200485,6.84,4114.67
20250205,603969,sell,205795,6.29,3883.95
20250205,001207,sell,105145,14.09,4443.07
20250205,002988,sell,66490,20.83,4154.76
20250205,301077,sell,81179,17.95,4370.47
20250205,002394,sell,200426,7.9,4750.12
20250205,603859,sell,48558,36.83,5365.01
20250205,300127,sell,58624,25.23,4437.72
20250205,001332,sell,59255,24.12,4287.51
20250205,002273,sell,66330,21.7,4318.58
20250205,603173,sell,62718,22.13,4163.89
20250205,605178,sell,99068,17.35,5156.49
20250205,603778,sell,469339,3.06,4308.53
20250205,603699,sell,68322,26.24,5378.17
20250205,001337,sell,68236,22.34,4573.66
20250205,002611,sell,146887,11.64,5130.11
20250205,603682,sell,188703,4.82,2729.28
20250205,688178,sell,112926,15.0,5081.67
20250205,603399,sell,159808,8.73,4185.37
20250205,300868,sell,52717,27.33,4321.78
20250205,002552,sell,108682,14.9,4859.67
20250205,603090,sell,36088,18.05,1954.43
20250205,300756,sell,10095,11.58,350.76
20250205,688313,buy,6017,16.49,297.72
20250205,600301,sell,350,17.78,18.67
20250205,002545,buy,5003,6.77,101.67
20250205,603955,buy,6021,18.09,326.83
20250205,002255,sell,16683,6.05,302.91
20250205,300695,sell,3152,33.25,314.39
20250205,601958,sell,3686,10.3,113.93
20250205,000408,sell,3497,29.31,307.53
20250205,300394,buy,2568,59.35,457.26
20250205,300620,buy,2700,47.0,380.72
20250205,000807,sell,13633,16.01,654.62
20250205,605117,sell,1023,42.98,131.92
20250205,603023,sell,10434,2.88,90.15
20250205,605376,buy,371,28.88,32.15
20250205,600259,sell,1730,29.13,151.2
20250205,603011,sell,3129,7.04,66.08
20250205,688275,buy,1175,49.58,174.77
20250205,605196,buy,2281,11.99,82.06
20250205,300959,buy,8815,41.21,1089.79
20250205,002716,sell,9171,3.61,99.32
20250205,600875,buy,5885,14.43,254.76
20250205,601619,buy,6033,3.18,57.6
20250205,301002,buy,619,16.65,30.92
20250205,603115,sell,1174,12.78,45.02
20250205,003031,buy,2411,47.67,344.83
20250205,600531,sell,6313,6.6,125.08
20250205,605319,sell,15986,18.16,871.01
20250205,000688,sell,2737,12.1,99.37
20250205,300811,buy,4220,34.8,440.62
20250205,300607,sell,575,30.99,53.46
20250205,002931,buy,11614,15.77,549.42
20250205,300308,buy,3427,97.64,1003.85
20250205,300835,sell,9270,38.91,1081.97
20250205,603979,sell,2370,39.03,277.5
20250205,000630,buy,5925,3.14,55.75
20250205,000893,buy,382,20.14,23.08
20250205,301323,sell,1341,40.63,163.47
20250205,301292,buy,3584,12.97,139.45
20250205,301307,buy,2539,19.99,152.26
20250205,600988,sell,11277,19.11,646.39
20250205,603083,buy,441,39.83,52.69
20250205,002850,sell,2126,109.32,697.21
20250205,601126,buy,8115,15.2,370.07
20250205,688663,buy,241,21.49,15.54
20250205,600888,buy,7801,6.73,157.47
20250205,002353,sell,1641,38.02,187.19
20250205,603269,buy,10711,7.51,241.47
20250205,002192,buy,2355,30.81,217.69
20250205,002364,buy,2494,12.03,90.01
20250205,000612,sell,15453,6.87,318.6
20250205,300286,buy,79263,18.56,4413.82
20250205,688499,buy,69399,21.2,4413.78
20250205,002249,sell,1449,5.5,23.92
20250205,000338,buy,866,13.33,34.63
20250205,002801,sell,6840,27.28,559.87
20250205,002487,buy,75863,19.39,4413.79
20250205,301205,buy,1819,69.64,380.01
20250205,300853,buy,21673,19.25,1251.62
20250205,688786,buy,4134,20.1,249.3
20250205,002149,buy,1828,16.92,92.78
20250205,300018,buy,214497,6.86,4413.82
20250205,301419,buy,73060,20.14,4413.78
20250205,300153,buy,101999,14.42,4413.83
20250205,300907,buy,67181,21.9,4413.79
20250205,300689,sell,1283,26.98,103.85
20250205,002549,sell,3478,6.29,65.65
20250205,002350,buy,240306,6.12,4413.82
20250205,603161,sell,3358,10.82,109.01
20250205,605123,buy,1498,50.1,225.16
20250205,002083,buy,13701,4.7,193.15
20250205,002104,buy,1282,6.69,25.73
20250205,605100,buy,14013,9.63,404.65
20250205,688059,sell,2291,32.77,225.19
20250205,300445,buy,86845,16.94,4413.83
20250205,002651,buy,18828,6.58,371.42
20250205,603228,sell,3854,29.94,346.21
20250205,300408,buy,817,37.13,91.01
20250205,002296,buy,141530,10.4,4413.83
20250205,600219,buy,5257,3.58,56.46
20250205,002017,buy,145203,10.13,4413.81
20250205,002448,buy,228489,6.44,4413.82
20250205,688155,buy,38716,38.0,4413.76
20250205,603929,sell,2693,27.22,219.9
20250205,300913,buy,33489,43.93,4413.71
20250205,605389,buy,3331,18.93,189.17
20250205,002048,buy,122033,12.06,4413.81
20250205,301013,sell,2478,11.9,88.43
20250205,300163,sell,36996,2.49,276.36
20250205,300304,buy,175967,8.36,4413.83
20250205,300969,buy,29957,49.11,4413.74
20250205,688669,buy,473,15.42,21.88
20250205,600480,buy,149300,9.85,4413.82
20250205,603986,sell,2858,134.77,1155.55
20250205,002155,sell,8576,13.73,353.35
20250205,002706,buy,225134,6.54,4413.83
20250205,300660,buy,45919,32.04,4413.79
20250205,300626,buy,158542,9.28,4413.81
20250205,300109,buy,106237,13.85,4413.83
20250205,601101,buy,1425,7.21,30.81
20250303,002104,sell,219922,6.57,4335.11
20250303,300689,sell,54533,34.18,5591.81
20250303,603955,sell,81312,19.45,4745.08
20250303,002801,sell,53925,30.91,5000.5
20250303,002651,sell,223746,6.67,4473.93
20250303,300607,sell,47476,33.74,4805.52
20250303,603161,sell,135971,10.86,4429.97
20250303,603929,sell,54053,31.69,5138.89
20250303,002155,sell,107127,13.62,4377.13
20250303,605389,sell,77720,21.8,5083.96
20250303,688499,sell,69399,31.56,6570.7
20250303,300018,sell,214497,6.88,4426.56
20250303,301419,sell,73060,21.14,4633.47
20250303,002296,sell,141530,10.69,4538.87
20250303,002448,sell,228489,7.63,5230.45
20250303,688155,sell,38716,52.4,6085.58
20250303,002048,sell,122033,13.44,4919.55
20250303,300304,sell,175967,8.09,4268.09
20250303,300969,sell,29957,46.96,4220.73
20250303,600480,sell,149300,11.16,4996.52
20250303,300660,sell,45919,42.59,5866.52
20250303,300109,sell,106237,16.01,5101.34
20250303,300756,buy,1808,12.52,67.91
20250303,600301,buy,401,19.4,23.34
20250303,002545,buy,1541,7.37,34.09
20250303,000807,buy,5252,16.6,261.56
20250303,601958,buy,22969,9.73,670.54
20250303,688313,buy,2029,17.68,107.63
20250303,000408,buy,1124,31.44,106.0
20250303,002255,buy,10964,6.35,208.85
20250303,300695,sell,918,37.23,102.52
20250303,300394,buy,1258,61.93,233.73
20250303,000612,buy,19017,6.92,394.81
20250303,605117,buy,1267,45.44,172.73
20250303,601619,buy,47648,3.16,452.18
20250303,600259,buy,3355,29.95,301.47
20250303,605376,sell,11966,41.39,1485.93
20250303,300620,buy,2773,47.34,393.84
20250303,600988,buy,13143,17.89,705.56
20250303,600531,buy,33559,6.29,633.58
20250303,603011,sell,16719,8.39,420.82
20250303,603115,sell,194,14.04,8.17
20250303,002249,sell,7092,6.2,131.86
20250303,603979,buy,5416,37.42,607.94
20250303,300811,buy,3451,35.28,365.25
20250303,002716,buy,62746,3.43,645.66
20250303,000630,buy,49989,3.11,466.08
20250303,600875,buy,8704,14.58,380.63
20250303,300835,buy,1891,40.62,230.47
20250303,301323,buy,2594,41.57,323.52
20250303,601101,buy,49728,6.79,1013.4
20250303,000688,buy,4356,12.81,167.39
20250303,301002,buy,4290,17.41,224.07
20250303,002931,buy,3547,16.66,177.24
20250303,605196,buy,22709,11.09,755.81
20250303,003031,buy,4421,45.72,606.41
20250303,300959,buy,2676,42.03,337.44
20250303,603023,buy,71500,2.77,594.16
20250303,603269,buy,157,8.23,3.88
20250303,301292,sell,9161,15.47,425.16
20250303,002353,buy,8374,34.27,860.99
20250303,002850,sell,795,127.37,303.78
20250303,002549,buy,15821,6.46,306.66
20250303,000893,sell,7821,24.73,580.24
20250303,688663,sell,3890,24.99,291.58
20250303,600219,buy,69510,3.36,700.08
20250303,601001,buy,147589,10.93,4839.4
20250303,301307,sell,5506,23.69,391.31
20250303,601126,buy,10810,14.99,486.19
20250303,002394,buy,224344,7.19,4839.4
20250303,002364,sell,25526,16.67,1276.5
20250303,600888,buy,21771,6.71,438.2
20250303,002056,buy,129785,12.43,4839.39
20250303,002149,sell,1188,18.81,67.03
20250303,688786,buy,2313,21.36,148.25
20250303,300308,buy,726,102.13,222.45
20250303,600482,buy,74467,21.66,4839.37
20250303,002487,buy,899,21.01,56.68
20250303,300853,sell,21691,29.47,1917.7
20250303,301205,buy,932,73.13,204.46
20250303,605123,buy,2946,49.93,441.24
20250303,603228,buy,1882,31.62,178.52
20250303,000338,sell,3509,15.09,158.88
20250303,300286,sell,1666,20.79,103.9
20250303,601717,buy,129228,12.48,4839.39
20250303,300408,buy,1296,39.42,153.27
20250303,603969,buy,278300,5.8,4839.41
20250303,603083,buy,4168,39.24,490.65
20250303,300153,sell,48077,29.92,4314.84
20250303,688275,sell,893,56.05,150.16
20250303,002192,buy,2186,32.3,211.86
20250303,001337,buy,77005,20.95,4839.4
20250303,688059,sell,5593,41.04,688.53
20250303,002083,buy,33772,4.65,471.18
20250303,301013,sell,29460,17.12,1513.13
20250303,688178,buy,106197,15.19,4839.4
20250303,601016,buy,567046,2.84,4839.42
20250303,601677,buy,132179,12.2,4839.42
20250303,605100,sell,53317,16.21,2592.33
20250303,300445,buy,4732,17.62,250.06
20250303,002017,buy,11109,10.32,343.93
20250303,605319,sell,9273,22.49,625.57
20250303,603986,buy,1585,129.03,613.53
20250303,000791,buy,293166,5.5,4839.41
20250303,600251,buy,232476,6.94,4839.4
20250303,603680,buy,195634,8.25,4839.42
20250303,002350,buy,5953,6.55,116.99
20250303,688669,buy,6943,15.76,328.27
20250303,002273,buy,66395,24.3,4839.35
20250303,300163,buy,15568,2.66,124.23
20250303,002158,buy,87626,18.41,4839.37
20250303,002552,buy,113494,14.21,4839.42
20250303,000951,buy,91202,17.69,4839.41
20250303,300913,buy,4324,42.66,553.38
20250303,600066,buy,68919,23.41,4839.4
20250303,300626,buy,1969,10.05,59.37
20250303,605098,buy,43196,37.34,4839.39
20250303,300907,buy,5157,22.3,345.0
20250303,300628,buy,43788,36.84,4839.39
20250303,002706,sell,7951,7.43,177.17
20250303,600885,buy,69356,23.26,4839.37
20250303,300868,buy,49693,29.58,4410.39
20250401,300959,sell,38378,41.67,4797.13
20250401,301307,sell,68094,22.28,4551.4
20250401,003031,sell,35281,45.35,4799.52
20250401,300811,sell,45724,33.8,4635.89
20250401,002931,sell,96849,16.99,4937.85
20250401,688275,sell,28781,42.25,3647.99
20250401,300620,sell,34074,45.83,4684.47
20250401,301323,sell,38802,42.75,4976.05
20250401,300853,sell,54739,23.35,3834.47
20250401,605196,sell,145404,13.49,5882.94
20250401,301292,sell,104276,14.19,4439.03
20250401,603228,sell,51017,33.0,5051.32
20250401,002353,sell,47068,35.92,5072.51
20250401,603269,sell,195944,8.1,4761.56
20250401,605376,sell,38972,36.12,4223.52
20250401,603115,sell,114917,14.23,4905.57
20250401,300835,sell,39708,37.16,4426.26
20250401,002149,sell,85775,20.39,5246.97
20250401,605100,sell,99534,15.9,4746.87
20250401,002083,sell,346868,4.84,5031.37
20250401,300308,sell,15794,98.0,4643.39
20250401,601101,sell,237472,6.95,4953.21
20250401,603083,sell,41110,37.42,4615.21
20250401,300408,sell,40919,38.71,4752.42
20250401,301013,sell,94222,15.97,4515.3
20250401,688669,sell,102356,15.7,4820.97
20250401,300163,sell,606443,2.99,5439.79
20250401,002192,sell,49934,30.15,4516.01
20250401,688786,sell,75506,21.22,4807.62
20250401,603986,sell,12502,116.99,4387.8
20250401,301205,sell,22059,67.92,4494.94
20250401,002364,sell,96774,14.72,4274.17
20250401,688663,sell,64563,25.37,4913.34
20250401,601126,sell,107599,16.19,5225.34
20250401,688059,sell,39311,43.93,5180.83
20250401,300286,sell,77597,22.34,5200.13
20250401,002487,sell,76762,23.37,5382.22
20250401,300153,sell,53922,39.26,6351.44
20250401,300907,sell,72338,25.88,5616.32
20250401,002350,sell,246259,6.45,4765.87
20250401,300913,sell,37813,40.07,4545.98
20250401,002706,sell,217183,8.48,5527.2
20250401,300626,sell,160511,9.94,4786.44
20250401,002056,sell,129785,14.45,5626.86
20250401,600482,sell,74467,21.83,4876.86
20250401,603969,sell,278300,6.12,5111.93
20250401,001337,sell,77005,23.47,5422.22
20250401,688178,sell,106197,20.21,6438.72
20250401,601016,sell,567046,2.88,4905.04
20250401,000791,sell,293166,6.49,5705.67
20250401,002552,sell,113494,14.92,5081.56
20250401,600066,sell,68919,23.36,4830.18
20250401,300868,sell,49693,28.72,4280.84
20250401,300756,buy,6742,12.41,251.08
20250401,002545,buy,11299,7.32,248.01
20250401,300695,sell,7510,46.98,1058.53
20250401,600988,sell,15067,22.42,1013.28
20250401,601958,sell,3327,10.36,103.41
20250401,600251,buy,8049,7.0,168.97
20250401,000807,buy,652,17.2,33.65
20250401,000612,buy,3244,7.12,69.31
20250401,300628,buy,1336,37.3,149.49
20250401,600219,buy,11698,3.42,120.0
20250401,603023,sell,42908,3.12,401.62
20250401,000915,buy,63065,26.69,5049.25
20250401,003025,buy,112494,14.96,5049.23
20250401,600531,sell,18967,7.09,403.47
20250401,002249,sell,6636,6.64,132.1
20250401,601619,sell,28905,3.5,303.4
20250401,600301,sell,6015,21.82,393.74
20250401,600352,buy,185052,9.1,5049.28
20250401,605117,buy,1813,45.11,245.36
20250401,002773,buy,63213,26.63,5049.27
20250401,002255,sell,47852,8.16,1171.72
20250401,002296,buy,155306,10.84,5049.27
20250401,002533,buy,166993,10.08,5049.25
20250401,000408,sell,4193,35.72,449.3
20250401,600888,buy,751,6.98,15.72
20250401,002850,buy,1709,117.09,600.31
20250401,000688,buy,15476,11.9,552.59
20250401,601898,buy,169505,9.93,5049.26
20250401,603979,sell,2130,41.07,262.43
20250401,603161,buy,144963,11.61,5049.25
20250401,002972,buy,155312,10.84,5049.26
20250401,000630,sell,8977,3.3,88.86
20250401,002034,buy,93780,17.95,5049.23
20250401,000951,sell,3302,19.15,189.68
20250401,603680,buy,11172,8.14,272.77
20250401,605319,buy,5588,21.77,364.89
20250401,601717,sell,12530,14.42,542.15
20250401,000975,buy,92919,18.11,5049.25
20250401,600885,sell,2209,25.07,166.11
20250401,601677,buy,596,12.68,22.67
20250401,605123,sell,2724,56.89,464.88
20250401,603011,sell,72391,14.04,3049.11
20250401,002549,sell,65989,9.16,1814.01
20250401,300360,buy,97084,17.34,5049.23
20250401,601001,sell,1336,11.51,46.12
20250401,601336,buy,33983,49.53,5049.22
20250401,002033,buy,194319,8.66,5049.26
20250401,002818,buy,131813,12.77,5049.26
20250401,600938,buy,66616,25.27,5049.24
20250401,002270,buy,116896,14.4,5049.25
20250401,603166,buy,120905,13.92,5049.27
20250401,600875,sell,2476,15.56,115.56
20250401,600598,buy,130345,12.91,5049.26
20250401,600211,buy,45799,36.75,5049.2
20250401,002394,buy,6989,7.28,152.55
20250401,002651,buy,250649,6.71,5049.27
20250401,600483,buy,186807,9.01,5049.28
20250401,000738,buy,88299,19.06,5049.24
20250401,000893,buy,2772,24.75,205.82
20250401,688080,buy,35706,47.14,5049.17
20250401,605098,buy,2275,37.01,252.62
20250401,001311,buy,102948,16.35,5049.23
20250401,600455,buy,71196,23.64,5049.22
20250401,300099,buy,266522,6.32,5049.27
20250401,002716,sell,42035,3.93,495.59
20250401,600259,sell,4187,33.89,425.64
20250401,002158,buy,1687,18.84,95.37
20250401,000923,buy,110605,15.22,5049.25
20250401,002017,buy,11264,10.04,339.4
20250401,605305,buy,59563,28.26,5049.21
20250401,600426,buy,75915,22.17,5049.22
20250401,002273,buy,8833,22.37,592.86
20250401,603299,buy,159172,10.57,5049.25
20250401,000968,buy,254920,6.6,5049.26
20250401,600901,buy,340439,4.94,5049.26
20250401,002452,buy,223875,7.52,5049.26
20250401,603187,buy,155551,10.82,5049.27
20250401,000338,buy,3656,15.23,167.0
20250401,002478,buy,298491,5.64,5049.26
20250401,600486,buy,32077,52.47,5049.24
20250401,002895,buy,78024,21.57,5049.26
20250401,601318,buy,34099,49.36,5049.25
20250401,300445,sell,12890,21.39,827.14
20250401,688313,buy,8637,16.85,436.67
20250401,603063,buy,51567,32.64,5049.26
20250401,000878,buy,133917,12.57,5049.27
20250401,300394,buy,2172,59.64,388.64
20250401,600854,buy,369195,4.56,5049.27
20250401,603948,buy,95120,17.69,5049.24
20250401,603337,buy,52105,32.3,5049.22
20250401,000792,buy,101147,16.64,5049.26
20250401,603966,buy,245299,6.86,5049.26
20250401,603201,buy,113379,14.84,5049.24
20250401,002125,buy,159427,10.56,5049.26
20250401,301002,buy,8553,16.63,426.71
20250401,603577,buy,189701,8.87,5049.26
20250401,600496,buy,532014,3.16,5049.27
20250401,688597,buy,195730,8.6,5049.25
20250401,300724,buy,27762,60.62,5049.18
20250401,002104,buy,203065,6.88,4190.55
20250506,300695,sell,35824,57.43,6172.26
20250506,300394,sell,28218,50.78,4298.96
20250506,688313,sell,99871,28.68,8593.88
20250506,300756,sell,135581,13.18,5361.6
20250506,002716,sell,428268,3.64,4676.69
20250506,603023,sell,539453,3.62,5858.46
20250506,601619,sell,481047,3.6,5201.46
20250506,600259,sell,49669,39.53,5889.84
20250506,000630,sell,510073,3.08,4711.68
20250506,002549,sell,183680,9.1,5016.33
20250506,605123,sell,29587,55.59,4933.79
20250506,000688,sell,141411,11.96,5074.64
20250506,300445,sell,78687,17.32,4088.07
20250506,002017,sell,167576,9.96,5009.57
20250506,002394,sell,231333,7.4,5134.62
20250506,601677,sell,132775,11.92,4747.64
20250506,600251,sell,240525,7.32,5281.99
20250506,002273,sell,75228,19.76,4459.52
20250506,002158,sell,89313,16.52,4426.83
20250506,000951,sell,87900,16.5,4350.04
20250506,605098,sell,45471,36.2,4938.61
20250506,300628,sell,45124,30.99,4195.23
20250506,600885,sell,67147,23.28,4689.43
20250506,000915,sell,63065,28.5,5391.81
20250506,003025,sell,112494,14.07,4749.61
20250506,002296,sell,155306,10.99,5122.45
20250506,603161,sell,144963,11.66,5070.71
20250506,002972,sell,155312,10.79,5027.6
20250506,002034,sell,93780,17.49,4920.74
20250506,300360,sell,97084,15.45,4499.98
20250506,601336,sell,33983,46.67,4758.43
20250506,002033,sell,194319,8.14,4747.81
20250506,002270,sell,116896,14.67,5143.57
20250506,600598,sell,130345,14.15,5532.04
20250506,002651,sell,250649,6.69,5026.83
20250506,600483,sell,186807,9.33,5227.1
20250506,000738,sell,88299,18.02,4773.54
20250506,688080,sell,35706,44.32,4747.33
20250506,600455,sell,71196,24.57,5247.86
20250506,300099,sell,266522,6.15,4920.0
20250506,000923,sell,110605,12.55,4163.48
20250506,605305,sell,59563,25.39,4536.11
20250506,600426,sell,75915,19.92,4537.62
20250506,603299,sell,159172,9.24,4410.68
20250506,000968,sell,254920,6.32,4836.02
20250506,600901,sell,340439,5.05,5154.46
20250506,600486,sell,32077,51.03,4910.69
20250506,601318,sell,34099,48.57,4969.04
20250506,603063,sell,51567,31.7,4904.74
20250506,000878,sell,133917,11.46,4602.6
20250506,600854,sell,369195,4.54,5027.64
20250506,603948,sell,95120,17.67,5041.11
20250506,603337,sell,52105,33.15,5181.97
20250506,000792,sell,101147,16.08,4879.33
20250506,603201,sell,113379,14.2,4831.03
20250506,002125,sell,159427,9.9,4733.98
20250506,603577,sell,189701,7.78,4427.9
20250506,600496,sell,532014,3.14,5018.2
20250506,688597,sell,195730,8.03,4712.64
20250506,300724,sell,27762,55.44,4617.62
20250506,603966,sell,8661,7.0,181.9
20250506,600219,buy,13332,3.28,131.07
20250506,600531,buy,2523,6.91,52.27
20250506,600522,buy,120345,13.77,4969.95
20250506,605117,buy,1629,42.54,207.91
20250506,600262,buy,78231,21.18,4969.95
20250506,601958,buy,8994,9.66,260.73
20250506,000809,buy,517704,3.2,4969.96
20250506,600352,sell,10082,9.47,286.38
20250506,000612,buy,14493,6.6,287.16
20250506,300767,buy,167507,9.89,4969.93
20250506,601898,buy,1326,9.7,38.58
20250506,603979,buy,4116,36.73,453.58
20250506,688096,buy,128115,12.93,4969.95
20250506,600595,buy,434939,3.81,4969.95
20250506,002478,buy,28698,5.06,435.92
20250506,002297,buy,239400,6.92,4969.94
20250506,603680,sell,22655,9.0,611.43
20250506,000975,sell,9624,19.89,574.24
20250506,002842,buy,233990,7.08,4969.95
20250506,002545,sell,9455,7.51,213.03
20250506,000720,buy,527596,3.14,4969.95
20250506,000807,buy,14132,14.8,627.34
20250506,300963,buy,127628,12.98,4969.93
20250506,002104,sell,2031,8.24,50.21
20250506,600988,sell,13361,26.84,1075.89
20250506,300234,buy,354703,4.67,4969.95
20250506,603011,buy,33799,10.78,1093.06
20250506,002342,buy,347306,4.77,4969.95
20250506,000408,sell,565,35.58,60.31
20250506,300251,buy,87366,18.96,4969.94
20250506,600301,buy,6872,19.72,406.55
20250506,002255,sell,24616,9.12,673.71
20250506,002245,buy,188357,8.8,4969.95
20250506,603166,sell,27386,17.71,1455.4
20250506,600566,buy,67760,24.45,4969.96
20250506,002249,sell,7515,6.73,151.75
20250506,002452,buy,16829,6.88,347.48
20250506,002396,buy,110677,14.97,4969.94
20250506,600875,sell,3610,15.84,171.56
20250506,603558,buy,205946,8.04,4969.95
20250506,301165,buy,43636,37.96,4969.88
20250506,601717,sell,1684,14.4,72.77
20250506,601177,buy,81999,20.2,4969.91
20250506,301222,buy,89797,18.45,4969.92
20250506,300084,buy,234653,7.06,4969.95
20250506,002533,buy,8029,9.47,227.99
20250506,000899,buy,181637,9.12,4969.95
20250506,603978,buy,117911,14.05,4969.95
20250506,002895,buy,2636,20.54,162.42
20250506,601001,buy,9228,10.65,294.97
20250506,000543,buy,230956,7.17,4969.96
20250506,002773,sell,2686,27.37,220.55
20250506,603861,buy,185649,8.92,4969.95
20250506,001311,sell,1866,16.39,91.75
20250506,600211,buy,2524,34.28,259.59
20250506,000893,sell,10199,28.66,876.91
20250506,688697,buy,121638,13.62,4969.96
20250506,605319,sell,5617,23.1,389.31
20250506,300483,buy,184277,8.99,4969.95
20250506,002818,buy,1968,12.38,73.11
20250506,002246,buy,152203,10.88,4969.94
20250506,301107,buy,94328,17.56,4969.91
20250506,603187,buy,4655,10.34,144.41
20250506,600338,buy,172339,9.61,4969.94
20250506,600583,buy,322121,5.14,4969.96
20250506,603889,buy,402246,4.12,4969.96
20250506,002769,buy,220299,7.52,4969.95
20250506,002155,buy,91908,18.03,4969.94
20250506,601083,buy,154432,10.73,4969.94
20250506,300456,buy,100374,16.5,4969.95
20250506,001332,buy,66446,24.93,4969.93
20250506,000690,buy,416903,3.97,4969.95
20250506,300545,buy,55212,30.01,4969.92
20250506,600888,buy,13770,6.5,268.42
20250506,000338,buy,1420,14.8,63.03
20250506,001207,buy,111753,14.82,4969.93
20250506,603897,buy,65099,25.45,4969.92
20250506,301150,buy,106798,15.51,4969.94
20250506,000776,buy,108607,15.25,4969.95
20250506,600967,buy,140702,11.77,4969.93
20250506,002463,buy,56323,29.41,4969.89
20250506,002237,buy,149606,11.07,4969.94
20250506,000811,buy,186405,8.89,4969.94
20250506,600938,buy,3220,23.72,229.16
20250506,002850,sell,1315,126.86,500.46
20250506,001316,buy,77613,21.34,4969.93
20250506,300420,buy,497493,3.33,4969.96
20250506,300292,buy,335355,4.94,4969.96
20250506,300139,buy,90231,18.36,4969.92
20250506,600847,buy,169392,9.78,4969.96
20250506,600236,buy,271927,6.09,4969.95
20250506,300600,buy,185723,8.92,4969.95
20250506,301002,buy,364,16.31,17.81
20250506,300897,buy,121182,13.67,4969.93
20250506,001331,buy,167218,9.91,4969.96
20250506,601609,buy,250083,6.62,4969.94
20250506,300461,buy,84008,19.72,4969.91
20250506,300811,buy,54809,30.23,4969.91
20250603,002850,sell,13059,111.48,4367.6
20250603,605319,sell,71708,21.44,4612.71
20250603,301002,sell,101572,18.74,5710.38
20250603,000338,sell,111960,14.42,4841.76
20250603,603166,sell,93519,14.41,4042.67
20250603,001311,sell,101082,15.52,4705.72
20250603,300251,sell,87366,17.37,4552.36
20250603,601177,sell,81999,17.27,4249.06
20250603,688697,sell,121638,13.16,4800.84
20250603,002769,sell,220299,7.79,5148.39
20250603,301150,sell,106798,16.09,5156.6
20250603,600967,sell,140702,12.32,5201.19
20250603,000811,sell,186405,9.3,5200.7
20250603,300420,sell,497493,3.46,5163.98
20250603,600847,sell,169392,10.16,5163.07
20250603,300897,sell,121182,13.42,4877.86
20250603,300461,sell,84008,19.41,4891.79
20250603,601898,sell,615,10.0,18.44
20250603,603966,buy,3408,7.09,72.48
20250603,600219,sell,6993,3.41,71.61
20250603,000809,buy,19095,3.17,181.59
20250603,600531,buy,4793,6.95,100.0
20250603,600352,buy,4029,9.51,114.9
20250603,600262,buy,620,21.58,40.14
20250603,600522,buy,11322,12.92,438.97
20250603,601958,sell,7967,10.41,248.8
20250603,605117,buy,4346,39.31,512.55
20250603,603979,sell,826,38.44,95.24
20250603,603558,sell,11659,8.76,306.34
20250603,000612,sell,12801,7.15,274.53
20250603,603680,sell,19445,10.33,602.69
20250603,002478,buy,52,5.2,0.81
20250603,300767,sell,5906,10.53,186.57
20250603,002545,buy,11072,7.35,243.99
20250603,300234,buy,2013,4.77,28.81
20250603,000720,sell,27109,3.4,276.51
20250603,601001,sell,5641,11.36,192.19
20250603,600566,sell,1576,25.71,121.56
20250603,000975,buy,1646,20.03,98.92
20250603,002104,sell,26356,9.74,770.26
20250603,002297,sell,9757,7.41,216.9
20250603,688096,buy,31660,10.65,1011.56
20250603,600988,buy,1214,27.04,98.47
20250603,002842,sell,34733,8.54,889.86
20250603,002818,buy,3634,12.38,135.0
20250603,002452,buy,8647,6.82,177.03
20250603,600595,buy,43726,3.55,466.34
20250603,000807,buy,8517,14.12,360.9
20250603,300963,sell,48622,21.54,3141.73
20250603,600211,sell,1432,36.29,155.9
20250603,600583,buy,4491,5.21,70.19
20250603,000719,buy,135737,12.54,5104.93
20250603,002773,sell,4910,30.6,450.68
20250603,000408,buy,2068,34.99,217.11
20250603,002342,sell,53410,5.79,927.73
20250603,600301,buy,6169,18.87,349.23
20250603,603889,sell,11285,4.35,147.35
20250603,601717,sell,4766,15.43,220.69
20250603,002237,buy,3654,11.1,121.71
20250603,002396,buy,5891,14.6,257.99
20250603,002255,sell,6654,9.73,194.17
20250603,600938,sell,925,24.69,68.53
20250603,000899,buy,12528,8.76,329.38
20250603,601225,buy,88187,19.3,5104.96
20250603,603011,sell,65142,19.22,3756.09
20250603,600875,buy,4665,15.58,218.0
20250603,002895,sell,4040,22.21,269.17
20250603,000543,buy,12107,7.0,254.28
20250603,601083,sell,1146,11.1,38.17
20250603,600312,buy,112595,15.11,5104.94
20250603,300483,sell,1891,9.33,52.93
20250603,603187,sell,6674,11.08,221.91
20250603,600598,buy,121376,14.02,5104.96
20250603,301165,buy,6102,34.21,626.28
20250603,001207,sell,8630,16.5,427.22
20250603,000776,sell,1621,15.91,77.35
20250603,603978,sell,2622,14.76,116.1
20250603,600338,buy,1794,9.77,52.59
20250603,002249,buy,27591,6.22,514.58
20250603,300292,buy,27470,4.69,386.5
20250603,002533,sell,1126,9.79,33.06
20250603,603577,buy,146267,11.63,5104.94
20250603,300084,sell,22476,8.02,540.77
20250603,301222,buy,2092,18.52,116.22
20250603,000690,sell,414,4.09,5.07
20250603,002463,sell,1299,30.93,120.52
20250603,002608,buy,230547,7.38,5104.95
20250603,000404,buy,257574,6.61,5104.96
20250603,002246,sell,18216,12.7,694.04
20250603,600888,buy,7314,6.49,142.36
20250603,605507,buy,123640,13.76,5104.96
20250603,603897,buy,7604,23.41,533.92
20250603,600236,sell,6237,6.4,119.84
20250603,300724,buy,33437,50.89,5104.83
20250603,001316,buy,4067,20.83,254.19
20250603,000893,buy,772,29.05,67.28
20250603,300600,buy,5474,8.9,146.16
20250603,000682,buy,186546,9.12,5104.94
20250603,001332,sell,5519,27.93,462.43
20250603,300139,sell,4114,19.76,243.88
20250603,601609,buy,21311,6.27,400.86
20250603,002155,buy,4702,17.61,248.46
20250603,603861,buy,3167,9.01,85.63
20250603,300811,buy,3545,29.16,310.13
20250603,001331,buy,8468,9.69,246.06
20250603,603619,buy,100040,17.01,5104.94
20250603,300545,buy,5060,28.23,428.57
20250603,301107,buy,3197,17.45,167.35
20250603,300456,buy,4235,16.27,206.67
20250603,601886,buy,325135,5.23,5104.96
20250603,600901,buy,305436,5.57,5104.96
20250603,301077,buy,88514,19.22,5104.92
20250603,002245,buy,21476,8.11,522.48
20250603,600885,buy,75602,22.51,5104.92
20250603,300414,buy,204432,8.32,5104.94
20250603,300628,buy,53082,32.06,5104.91
20250701,002249,sell,273719,6.37,5231.77
20250701,002773,sell,55617,30.36,5065.6
20250701,688096,sell,159775,11.13,5333.12
20250701,300084,sell,212177,8.39,5340.5
20250701,301107,sell,97525,20.56,6013.96
20250701,600583,sell,326612,5.45,5340.11
20250701,002155,sell,96610,18.28,5298.09
20250701,300600,sell,191197,15.72,9016.85
20250701,600312,sell,112595,15.07,5089.18
20250701,603577,sell,146267,9.16,4018.5
20250701,000404,sell,257574,6.81,5260.55
20250701,000682,sell,186546,10.18,5699.32
20250701,600885,sell,75602,22.12,5017.05
20250701,300628,sell,53082,33.12,5274.87
20250701,600219,buy,22662,3.52,239.5
20250701,600352,buy,9218,9.76,269.77
20250701,600531,sell,6637,7.71,153.58
20250701,600262,buy,2123,22.67,144.42
20250701,601898,buy,4983,10.48,156.67
20250701,601958,buy,7965,10.71,255.92
20250701,603966,buy,25845,6.91,535.41
20250701,000809,buy,59333,3.08,548.24
20250701,603979,sell,5610,47.49,799.26
20250701,600522,sell,1707,14.13,72.35
20250701,605117,buy,6915,36.57,758.74
20250701,603558,buy,18581,8.63,480.81
20250701,000612,buy,296,7.7,6.84
20250701,603680,sell,2934,11.35,99.9
20250701,300234,buy,7586,5.04,114.7
20250701,002545,sell,24360,8.86,647.29
20250701,300767,sell,32207,14.19,1371.05
20250701,000720,buy,22614,3.51,238.13
20250701,002478,buy,21162,5.27,334.57
20250701,600566,buy,3602,26.31,284.31
20250701,002842,buy,19585,8.39,492.95
20250701,000807,sell,8185,16.35,401.51
20250701,002297,buy,1893,7.93,45.03
20250701,002104,sell,78648,19.12,4511.25
20250701,601001,buy,10101,11.48,347.87
20250701,600595,sell,88625,4.71,1251.59
20250701,603978,sell,13679,18.07,741.54
20250701,002452,buy,16615,6.9,344.1
20250701,000975,buy,10651,19.21,613.74
20250701,600301,sell,1733,20.76,107.93
20250701,002396,sell,9646,17.17,496.93
20250701,000690,buy,1708,4.39,22.5
20250701,000408,sell,4936,42.03,622.33
20250701,601083,buy,13867,10.98,456.96
20250701,000899,buy,11213,8.94,300.73
20250701,600338,sell,7628,11.03,252.35
20250701,002463,sell,13204,43.91,1739.19
20250701,000543,buy,17744,7.04,374.75
20250701,600875,buy,3047,16.35,149.47
20250701,002895,buy,6411,22.11,425.3
20250701,600938,buy,4845,24.89,361.83
20250701,300811,sell,2090,32.63,204.61
20250701,000719,buy,11267,12.49,422.17
20250701,603889,buy,40357,4.26,515.39
20250701,600598,buy,10404,13.93,434.88
20250701,603187,buy,4814,11.6,167.46
20250701,300483,sell,20616,11.35,701.97
20250701,002237,sell,1013,12.06,36.65
20250701,300456,buy,2827,17.09,144.94
20250701,301165,sell,6762,42.72,866.7
20250701,601156,buy,139414,13.17,5508.25
20250701,000776,buy,3375,16.64,168.45
20250701,002245,sell,7890,9.09,215.21
20250701,601609,sell,10215,7.03,215.43
20250701,603165,buy,173042,10.61,5508.23
20250701,301222,sell,2006,20.43,122.93
20250701,300724,buy,596,53.95,96.46
20250701,002246,sell,13778,15.27,631.34
20250701,600211,buy,4994,35.39,530.17
20250701,000893,buy,786,30.93,72.93
20250701,600888,buy,4602,6.88,94.99
20250701,300545,sell,1767,31.38,166.37
20250701,603011,buy,28115,15.74,1327.59
20250701,603871,buy,170715,10.76,5508.25
20250701,002533,buy,20267,9.46,574.96
20250701,601225,buy,7380,19.21,425.36
20250701,603861,sell,135,9.73,3.94
20250701,601886,sell,10644,5.84,186.43
20250701,300292,buy,16531,4.84,240.03
20250701,002818,buy,18092,11.81,640.84
20250701,301077,buy,1232,20.46,75.61
20250701,603897,buy,3742,24.02,269.63
20250701,600988,buy,10223,25.1,769.72
20250701,600236,buy,30469,6.2,566.69
20250701,600010,buy,1025746,1.79,5508.26
20250701,001316,sell,1658,22.94,114.13
20250701,605090,buy,72764,25.23,5508.24
20250701,300963,sell,2502,24.0,180.14
20250701,601677,buy,148019,12.4,5508.26
20250701,002636,buy,188202,9.76,5508.26
20250701,001207,buy,3318,17.25,171.7
20250701,601318,buy,33505,54.8,5508.15
20250701,600901,sell,4696,6.11,86.01
20250701,601179,buy,303323,6.05,5508.26
20250701,002342,buy,1294,6.22,24.15
20250701,601233,buy,173344,10.59,5508.23
20250701,300414,sell,75577,14.25,3230.77
20250701,603929,buy,54756,33.53,5508.26
20250701,601117,buy,248885,7.38,5508.25
20250701,001332,buy,11005,25.53,842.72
20250701,001331,buy,11861,9.79,348.36
20250701,605507,buy,9379,13.8,388.38
20250701,603619,sell,5582,19.44,325.51
20250701,688697,buy,137947,13.31,5508.22
20250701,001311,buy,115501,15.9,5508.25
20250701,300139,buy,572,21.18,36.34
20250701,002608,buy,21926,7.27,478.36
20250701,601717,buy,8062,15.52,375.35
20250701,002255,buy,36660,8.68,954.32
20250801,002255,sell,211598,8.46,5369.92
20250801,000893,sell,59362,31.54,5616.83
20250801,600988,sell,73157,22.66,4972.87
20250801,300963,sell,76504,19.55,4486.96
20250801,002246,sell,120209,16.76,6045.42
20250801,603897,sell,76445,23.94,5490.06
20250801,001316,sell,80022,23.39,5614.65
20250801,300139,sell,86689,18.98,4936.07
20250801,001331,sell,187547,13.99,7871.35
20250801,600598,sell,131780,14.28,5645.39
20250801,601886,sell,314491,7.13,6729.36
20250801,301077,sell,89746,20.98,5647.96
20250801,300414,sell,128855,15.54,6007.22
20250801,600010,sell,1025746,2.53,7785.41
20250801,002636,sell,188202,11.81,6668.48
20250801,688697,sell,137947,14.03,5806.19
20250801,001311,sell,115501,17.78,6161.14
20250801,600219,buy,19238,3.59,207.0
20250801,603558,buy,5137,8.89,137.03
20250801,601958,sell,11314,12.11,410.89
20250801,600531,sell,10265,8.51,262.07
20250801,603979,buy,2119,47.53,302.15
20250801,600522,buy,8298,14.02,349.01
20250801,605117,buy,3348,36.2,363.58
20250801,601898,sell,3529,11.29,119.54
20250801,600352,sell,1100,10.36,34.19
20250801,000612,buy,21,8.13,0.51
20250801,000809,buy,54332,2.98,485.73
20250801,000807,buy,13060,15.46,605.87
20250801,603966,sell,27621,8.14,674.11
20250801,600566,buy,1820,27.07,147.8
20250801,300767,buy,10359,13.87,431.04
20250801,300234,sell,5341,5.4,86.52
20250801,002478,buy,2118,5.53,35.14
20250801,002452,sell,758,7.31,16.62
20250801,603680,sell,5536,12.41,206.05
20250801,601001,sell,13978,13.28,556.88
20250801,002545,sell,7050,9.68,204.73
20250801,000720,buy,15339,3.6,165.66
20250801,002842,sell,2504,8.96,67.31
20250801,603889,buy,10302,4.39,135.65
20250801,601156,sell,1939,14.1,82.02
20250801,600301,buy,188,21.87,12.33
20250801,600595,buy,29565,4.62,409.73
20250801,002396,sell,12520,20.53,771.23
20250801,002245,sell,3987,9.79,117.12
20250801,300724,sell,4747,66.19,942.61
20250801,000408,sell,59,44.43,7.86
20250801,002297,sell,11764,8.82,311.28
20250801,603978,buy,13223,16.88,669.61
20250801,300811,sell,9975,41.88,1253.14
20250801,603871,buy,5632,10.99,185.72
20250801,301222,buy,3268,20.81,204.01
20250801,002533,sell,13090,10.71,420.39
20250801,600338,sell,120,11.65,4.19
20250801,002104,buy,4613,19.26,266.54
20250801,600262,buy,4154,22.77,283.76
20250801,301165,buy,841,44.24,111.61
20250801,600875,sell,12624,19.45,736.58
20250801,603861,buy,9851,9.76,288.54
20250801,603187,buy,6312,11.77,222.92
20250801,600211,sell,3826,40.33,462.96
20250801,002818,buy,16363,11.28,553.63
20250801,601233,sell,15495,12.28,570.84
20250801,000543,buy,12204,7.1,259.95
20250801,600583,buy,353075,5.49,5815.15
20250801,000776,sell,9694,19.26,559.99
20250801,605507,sell,14280,16.32,699.36
20250801,002895,sell,357,23.45,25.11
20250801,002463,sell,5656,53.6,909.49
20250801,603577,buy,205850,9.42,5815.13
20250801,600888,buy,5754,7.11,122.73
20250801,002237,buy,13995,11.66,489.55
20250801,300292,buy,21136,4.84,306.89
20250801,000690,buy,18562,4.44,247.14
20250801,600938,buy,2914,25.28,221.01
20250801,000975,buy,13899,17.7,738.19
20250801,300827,buy,83647,23.17,5815.14
20250801,000878,buy,151466,12.8,5815.15
20250801,002608,buy,8062,7.44,179.94
20250801,601179,sell,2776,6.45,53.71
20250801,000899,buy,7397,9.11,202.16
20250801,001207,buy,4813,17.42,251.57
20250801,300545,buy,4787,30.63,439.82
20250801,000404,buy,265896,7.29,5815.15
20250801,603619,buy,7374,19.04,421.09
20250801,601702,buy,123150,15.74,5815.14
20250801,605090,sell,2739,27.68,227.46
20250801,000719,buy,1645,13.04,64.35
20250801,301150,buy,69203,28.01,5815.13
20250801,300483,buy,12859,11.1,428.2
20250801,300456,sell,2873,18.54,159.78
20250801,601677,buy,9635,12.3,355.39
20250801,002342,sell,15480,6.93,321.83
20250801,300628,buy,60575,32.0,5815.12
20250801,600236,buy,11239,6.31,212.61
20250801,688275,buy,46753,41.46,5815.14
20250801,601997,buy,304298,6.37,5815.13
20250801,601518,buy,712641,2.72,5815.15
20250801,603011,buy,7365,15.63,345.34
20250801,601717,sell,2585,16.75,129.9
20250801,601083,sell,2343,11.76,82.67
20250801,601609,sell,12349,7.79,288.6
20250801,000682,buy,187592,10.33,5815.12
20250801,601225,buy,1493,19.97,89.45
20250801,601318,buy,347,57.26,59.61
20250801,300570,buy,17451,111.07,5814.85
20250801,600901,buy,42022,5.66,712.93
20250801,603165,sell,1539,11.3,52.18
20250801,601598,buy,372692,5.2,5815.14
20250801,603201,buy,117240,16.53,5815.13
20250801,600312,buy,126090,15.37,5815.14
20250801,603929,buy,152,35.3,16.1
20250801,301323,buy,43809,44.25,5815.1
20250801,001332,buy,1102,26.54,87.74
20250801,601117,buy,1729,7.73,40.12
20250901,600888,sell,272627,7.53,6158.64
20250901,603011,sell,124016,16.55,6157.39
20250901,600875,sell,99665,19.87,5941.03
20250901,601717,sell,115725,21.71,7537.17
20250901,002533,sell,181073,11.06,6009.7
20250901,000975,sell,109491,20.51,6738.59
20250901,002818,sell,171870,11.63,5995.32
20250901,600938,sell,76670,25.28,5815.1
20250901,600211,sell,48059,47.37,6829.04
20250901,603187,sell,164658,14.91,7367.12
20250901,002478,sell,350521,5.52,5804.63
20250901,002895,sell,82674,25.61,6352.12
20250901,002104,sell,100643,28.83,8704.61
20250901,002342,sell,279710,8.52,7149.39
20250901,600566,sell,71606,25.74,5529.42
20250901,000543,sell,273011,7.21,5905.23
20250901,601083,sell,164810,11.96,5912.4
20250901,001332,sell,73034,26.34,5770.31
20250901,000690,sell,436759,4.4,5765.23
20250901,300545,sell,63292,35.9,6816.82
20250901,001207,sell,111254,16.44,5486.69
20250901,000776,sell,100667,21.58,6515.76
20250901,002237,sell,166242,13.35,6657.99
20250901,300292,sell,400492,5.25,6307.75
20250901,000719,sell,148649,12.52,5583.26
20250901,601225,sell,97060,20.29,5908.12
20250901,002608,sell,260535,7.69,6010.54
20250901,605507,sell,118739,16.04,5713.73
20250901,603619,sell,101832,19.25,5881.68
20250901,600901,sell,342762,5.48,5634.05
20250901,603165,sell,171503,11.36,5844.04
20250901,603871,sell,176347,12.12,6409.69
20250901,605090,sell,70025,29.28,6151.19
20250901,601318,sell,33852,57.56,5845.96
20250901,601117,sell,250614,7.66,5762.03
20250901,600583,sell,353075,5.51,5836.33
20250901,603577,sell,205850,9.78,6042.33
20250901,000878,sell,151466,15.03,6828.43
20250901,000404,sell,265896,7.37,5878.96
20250901,601702,sell,123150,17.76,6561.43
20250901,300628,sell,60575,36.25,6587.47
20250901,601997,sell,304298,6.14,5605.17
20250901,601518,sell,712641,2.78,5943.43
20250901,000682,sell,187592,11.52,6482.43
20250901,601598,sell,372692,5.53,6186.78
20250901,603201,sell,117240,17.52,6162.15
20250901,600312,sell,126090,15.73,5949.86
20250901,601958,sell,28411,16.5,1406.34
20250901,002545,buy,6332,10.52,199.84
20250901,002842,sell,48521,12.95,1885.04
20250901,600522,sell,3693,16.15,178.93
20250901,605117,sell,4616,44.41,615.04
20250901,600595,buy,2630,5.15,40.61
20250901,002245,sell,20234,12.23,742.28
20250901,601001,buy,17436,13.3,695.7
20250901,000807,sell,11820,19.14,678.79
20250901,601898,buy,22115,11.21,744.03
20250901,600531,sell,8482,9.91,252.17
20250901,603979,sell,9308,69.05,1928.15
20250901,600219,buy,56362,3.64,615.72
20250901,601179,buy,33328,6.51,650.8
20250901,000408,sell,2508,52.85,397.64
20250901,600301,sell,23682,33.46,2377.2
20250901,601677,buy,6134,13.27,244.17
20250901,300811,sell,7528,56.07,1266.24
20250901,002487,buy,64062,33.92,6519.61
20250901,300274,buy,22156,98.09,6519.56
20250901,300139,buy,97105,22.38,6519.63
20250901,300308,buy,5363,405.2,6519.33
20250901,301150,buy,73,31.37,6.87
20250901,601101,buy,301417,7.21,6519.65
20250901,300767,sell,40925,21.99,2699.82
20250901,603680,buy,8315,13.21,329.45
20250901,688275,sell,2734,49.37,404.93
20250901,603558,buy,17242,9.24,477.85
20250901,300234,buy,3846,5.99,69.11
20250901,002452,buy,33340,7.28,728.07
20250901,603861,buy,9822,10.43,307.34
20250901,000809,buy,88725,2.94,782.55
20250901,601609,sell,69521,12.12,2527.78
20250901,002378,buy,140117,15.51,6519.64
20250901,002463,sell,4884,69.48,1017.97
20250901,002297,buy,13155,9.33,368.21
20250901,603897,buy,82041,26.49,6519.58
20250901,603978,buy,15377,16.69,769.93
20250901,605376,buy,42881,50.68,6519.63
20250901,688411,buy,17351,125.25,6519.64
20250901,000899,buy,9890,9.76,289.58
20250901,000612,buy,4450,8.95,119.49
20250901,000720,buy,80710,3.51,849.88
20250901,301323,sell,2999,53.25,479.12
20250901,603966,buy,9391,8.77,247.22
20250901,301292,buy,110878,19.6,6519.63
20250901,603115,buy,101410,21.43,6519.65
20250901,600338,buy,145,13.05,5.68
20250901,001331,buy,180499,12.04,6519.62
20250901,000603,buy,113483,19.15,6519.6
20250901,002149,buy,117643,18.47,6519.62
20250901,301002,buy,66378,32.74,6519.65
20250901,300483,buy,12879,11.59,447.8
20250901,002636,buy,156732,13.87,6519.64
20250901,301222,buy,10406,20.99,655.13
20250901,688676,buy,37802,57.49,6519.57
20250901,300394,buy,9809,221.54,6519.33
20250901,002716,buy,358616,6.06,6519.64
20250901,601619,buy,569501,3.82,6519.65
20250901,002028,buy,22553,96.36,6519.62
20250901,300456,sell,14099,24.02,1016.11
20250901,300751,buy,21740,99.96,6519.62
20250901,300548,buy,15065,144.25,6519.38
20250901,300724,sell,9185,108.12,2979.25
20250901,688663,buy,65795,33.03,6519.63
20250901,300769,buy,56741,38.3,6519.54
20250901,002498,buy,608744,3.57,6519.65
20250901,600352,buy,24874,10.25,764.98
20250901,600482,buy,92438,23.51,6519.58
20250901,003031,buy,35001,62.09,6519.64
20250901,600578,buy,506577,4.29,6519.65
20250901,300570,sell,2162,142.15,921.98
20250901,300827,buy,3989,24.8,296.76
20250901,603040,buy,32691,66.48,6519.53
20250901,601233,sell,9202,14.62,403.6
20250901,002850,buy,15943,136.31,6519.39
20250901,301419,buy,79704,27.27,6519.59
20250901,600961,buy,152186,14.28,6519.65
20250901,002823,buy,130804,16.61,6519.63
20250901,600262,buy,3938,24.4,288.26
20250901,300617,buy,62646,34.69,6519.57
20250901,002396,sell,14801,27.3,1212.26
20250901,603618,buy,314959,6.9,6519.65
20250901,600021,buy,129050,16.84,6519.61
20250901,002938,buy,37155,58.49,6519.59
20250901,603186,buy,51781,41.97,6519.53
20250901,301205,buy,18417,118.0,6519.62
20250901,603063,buy,59649,36.43,6519.62
20250901,603811,buy,149157,14.57,6519.65
20250901,600236,buy,38329,6.29,722.8
20250901,300953,buy,21756,99.89,6519.44
20250901,603225,buy,140026,15.52,6519.61
20250901,301165,sell,14296,73.62,3157.32
20250901,601156,buy,2012,15.58,94.04
20250901,603083,buy,23176,93.77,6519.51
20250901,603889,buy,48575,4.43,646.05
20250901,300907,buy,58231,37.32,6519.54
20250901,688668,buy,16760,129.66,6519.54
20250901,000969,buy,120102,14.48,5217.23
20250901,603929,sell,2000,41.08,246.46
20251009,002545,sell,206579,13.69,8484.2
20251009,603680,sell,164551,12.36,6100.29
20251009,603966,sell,247661,8.55,6351.9
20251009,600262,sell,89066,22.83,6100.13
20251009,000809,sell,739189,3.13,6940.98
20251009,300767,sell,98828,24.44,7246.07
20251009,002396,sell,79601,23.34,5572.9
20251009,301165,sell,29521,65.32,5784.84
20251009,603978,sell,130210,23.95,9355.59
20251009,002463,sell,31280,73.61,6907.3
20251009,300724,sell,20101,108.77,6559.16
20251009,601233,sell,148647,14.66,6537.5
20251009,300827,sell,87636,36.53,9603.81
20251009,300570,sell,15289,108.15,4960.52
20251009,002487,sell,64062,49.69,9549.44
20251009,002636,sell,156732,12.24,5755.11
20251009,688663,sell,65795,43.24,8534.93
20251009,300769,sell,56741,45.0,7660.03
20251009,600961,sell,152186,17.0,7761.49
20251009,300617,sell,62646,36.09,6782.68
20251009,603618,sell,314959,9.66,9127.51
20251009,002938,sell,37155,56.11,6254.3
20251009,603186,sell,51781,41.8,6493.15
20251009,301205,sell,18417,103.2,5701.9
20251009,603063,sell,59649,35.74,6396.41
20251009,300953,sell,21756,127.81,8341.77
20251009,300907,sell,58231,35.71,6238.29
20251009,688668,sell,16760,93.56,4704.01
20251009,000969,sell,120102,14.92,5375.77
20251009,000408,sell,1377,60.18,248.59
20251009,601958,buy,14567,16.35,714.51
20251009,600301,buy,4332,34.52,448.62
20251009,002245,buy,1851,13.32,73.96
20251009,002842,buy,46873,11.14,1566.5
20251009,600522,sell,14982,20.0,898.92
20251009,601001,buy,2803,14.39,121.01
20251009,605117,sell,6971,57.0,1192.0
20251009,600531,sell,51461,14.25,2199.96
20251009,600219,buy,35706,3.78,405.04
20251009,000807,sell,1464,21.34,93.73
20251009,601898,buy,13280,11.55,460.16
20251009,002394,buy,225523,10.6,7174.93
20251009,601101,buy,19609,7.45,438.26
20251009,603979,buy,465,74.88,104.46
20251009,601179,buy,4406,7.07,93.45
20251009,603558,buy,8961,9.79,263.28
20251009,300811,buy,917,60.28,165.82
20251009,300308,buy,647,397.93,772.38
20251009,600578,buy,50916,4.29,655.29
20251009,002850,sell,3330,189.62,1894.31
20251009,002083,buy,474533,5.04,7174.94
20251009,601619,sell,141724,5.59,2377.09
20251009,300548,buy,7626,105.4,2411.34
20251009,002452,buy,11871,7.7,274.38
20251009,603889,sell,28780,5.18,447.53
20251009,002498,buy,27332,3.76,308.3
20251009,000612,buy,29743,8.78,783.0
20251009,600021,sell,26315,23.28,1837.84
20251009,601609,sell,1886,13.48,76.27
20251009,001331,sell,6813,13.77,281.45
20251009,300394,buy,4774,164.0,2348.81
20251009,603861,buy,13505,10.78,436.75
20251009,688275,sell,8119,66.62,1622.66
20251009,603811,buy,40656,12.6,1536.8
20251009,300620,buy,20569,116.27,7174.83
20251009,600268,buy,225840,10.59,7174.94
20251009,000899,buy,25688,9.63,742.13
20251009,300274,sell,6932,157.11,3267.16
20251009,600352,buy,22484,10.2,688.01
20251009,000630,buy,409595,5.84,7174.93
20251009,603115,buy,28570,18.4,1577.06
20251009,600863,buy,564068,4.24,7174.94
20251009,603897,buy,8483,26.42,672.36
20251009,605376,sell,5098,63.3,968.11
20251009,300483,sell,660,12.8,25.34
20251009,000603,sell,29858,28.6,2561.82
20251009,601126,buy,117954,20.28,7174.93
20251009,600482,buy,11539,23.0,796.25
20251009,603040,sell,3318,81.42,810.49
20251009,002028,sell,1208,112.05,406.07
20251009,603682,buy,438642,5.45,7174.94
20251009,002297,buy,49773,8.46,1263.24
20251009,000893,buy,59346,40.3,7174.93
20251009,600888,buy,281370,8.5,7174.94
20251009,002149,buy,13233,18.27,725.46
20251009,300234,buy,80912,5.39,1308.35
20251009,601677,sell,2166,14.8,96.16
20251009,301150,sell,15410,44.4,2052.61
20251009,600338,buy,2133,14.18,90.74
20251009,603929,buy,1624,43.86,213.67
20251009,301292,sell,16570,25.36,1260.65
20251009,002716,sell,35856,7.41,797.08
20251009,300408,buy,49734,48.09,7174.82
20251009,002270,buy,117741,20.31,7174.91
20251009,601156,buy,11596,15.83,550.69
20251009,301323,buy,3925,53.46,629.52
20251009,002378,buy,40657,13.23,1613.68
20251009,601016,buy,740678,3.23,7174.94
20251009,603608,buy,328072,7.29,7174.93
20251009,002364,buy,90182,26.52,7174.88
20251009,000720,buy,103402,3.31,1026.78
20251009,600995,buy,184255,12.98,7174.94
20251009,600236,buy,13203,6.66,263.93
20251009,300751,sell,1255,116.76,439.59
20251009,601088,buy,62030,38.56,7174.91
20251009,603203,buy,73139,32.7,7174.94
20251009,002823,buy,10682,16.9,541.7
20251009,002283,buy,366048,6.53,7174.93
20251009,600403,buy,610114,3.92,7174.94
20251009,002249,buy,208687,11.46,7174.93
20251009,603699,buy,53292,44.88,7174.83
20251009,601518,buy,876061,2.73,7174.94
20251009,688676,buy,6049,54.54,989.74
20251009,301002,sell,4642,38.74,539.49
20251009,688411,sell,9685,312.0,9065.16
20251009,600595,buy,26269,5.33,420.24
20251009,603225,buy,8986,16.05,432.68
20251009,301419,buy,7403,27.46,609.78
20251009,301222,buy,404,23.01,27.88
20251009,300420,buy,574915,4.16,7174.94
20251009,300456,buy,4541,25.17,342.94
20251009,003031,buy,4155,61.08,761.36
20251009,601969,buy,269025,8.89,7174.92
20251009,300139,sell,18146,30.29,1648.93
20251009,601225,buy,117122,20.42,7174.89
20251009,300450,buy,38023,62.9,7174.94
20251009,002158,buy,88155,27.13,7174.94
20251009,000791,buy,285121,6.48,5542.48
20251009,603083,sell,2351,114.85,810.0
20251103,600531,sell,167835,12.01,6047.1
20251103,000807,sell,112066,24.29,8166.25
20251103,600595,sell,448504,7.11,9566.59
20251103,002297,sell,282700,9.25,7844.93
20251103,002842,sell,214690,11.81,7606.47
20251103,000720,sell,722552,3.5,7586.8
20251103,603558,sell,244208,11.77,8624.19
20251103,603861,sell,221859,12.24,8146.66
20251103,300483,sell,186848,14.35,8043.81
20251103,300456,sell,95005,26.12,7443.46
20251103,601609,sell,177423,11.32,6025.29
20251103,603929,sell,54532,46.31,7575.45
20251103,301150,sell,53866,43.31,6998.81
20251103,688275,sell,35900,78.02,8402.75
20251103,301323,sell,44735,61.3,8226.77
20251103,688411,sell,7666,284.89,6551.9
20251103,301292,sell,94308,31.23,8835.72
20251103,002149,sell,130876,17.93,7039.82
20251103,301002,sell,61736,33.12,6134.09
20251103,300394,sell,14583,155.06,6783.72
20251103,002716,sell,322760,6.35,6148.58
20251103,002028,sell,21345,136.0,8708.76
20251103,300751,sell,20485,105.68,6494.39
20251103,603811,sell,189813,12.0,6833.27
20251103,603225,sell,149012,15.64,6991.64
20251103,603083,sell,20825,103.41,6460.71
20251103,002394,sell,225523,11.27,7622.15
20251103,002083,sell,474533,5.83,8299.58
20251103,600268,sell,225840,12.05,8164.12
20251103,600863,sell,564068,4.37,7394.93
20251103,603682,sell,438642,5.75,7568.61
20251103,002270,sell,117741,25.69,9075.48
20251103,603608,sell,328072,8.1,7972.15
20251103,601088,sell,62030,42.45,7898.95
20251103,603203,sell,73139,32.82,7201.27
20251103,002283,sell,366048,6.25,6862.51
20251103,600403,sell,610114,8.26,15118.62
20251103,002249,sell,208687,12.08,7561.39
20251103,603699,sell,53292,53.69,8583.74
20251103,300420,sell,574915,4.07,7019.71
20251103,601969,sell,269025,9.91,8000.64
20251103,300450,sell,38023,54.8,6250.98
20251103,002487,buy,48921,50.85,7463.25
20251103,601898,sell,33338,14.32,1432.2
20251103,000960,buy,108052,23.02,7463.24
20251103,002245,buy,20567,12.43,766.95
20251103,601101,sell,6516,7.91,154.62
20251103,605117,buy,2612,55.81,437.35
20251103,002056,buy,117903,21.1,7463.26
20251103,300139,buy,22790,24.45,1671.65
20251103,601001,sell,8147,15.74,384.7
20251103,000408,buy,4225,56.58,717.13
20251103,300328,buy,139762,17.8,7463.29
20251103,601619,buy,135386,4.42,1794.2
20251103,002452,sell,16568,8.47,420.8
20251103,300274,sell,2692,198.51,1603.2
20251103,600301,buy,13285,30.13,1200.83
20251103,600578,sell,39207,4.8,564.58
20251103,000603,buy,23606,23.2,1642.98
20251103,002545,buy,142565,17.45,7463.28
20251103,600219,sell,59788,4.34,779.12
20251103,600961,buy,165961,14.99,7463.27
20251103,002498,buy,15172,3.82,173.87
20251103,603979,buy,7201,63.56,1373.09
20251103,600938,buy,87535,28.42,7463.23
20251103,002378,buy,13431,12.81,516.15
20251103,600163,buy,476584,5.22,7463.31
20251103,300018,buy,211006,11.79,7463.28
20251103,002850,buy,1797,172.63,930.66
20251103,000600,buy,280873,8.86,7463.28
20251103,300308,sell,821,479.43,1180.84
20251103,600522,buy,28498,16.8,1436.3
20251103,300620,buy,3164,104.82,994.96
20251103,001331,sell,3523,14.62,154.52
20251103,601958,buy,19905,14.97,893.93
20251103,601518,sell,55014,3.03,500.08
20251103,600021,sell,16771,28.94,1456.06
20251103,600988,buy,83850,29.67,7463.27
20251103,000899,sell,14978,10.66,479.0
20251103,600482,buy,14773,20.95,928.46
20251103,603115,sell,4777,19.87,284.76
20251103,601677,buy,1566,15.24,71.62
20251103,300234,buy,12752,5.45,208.5
20251103,000791,buy,77029,6.87,1587.44
20251103,605376,buy,9360,52.77,1481.78
20251103,603331,buy,208007,11.96,7463.29
20251103,600033,buy,703064,3.54,7463.31
20251103,300408,buy,513,49.51,76.2
20251103,002281,buy,40105,62.03,7463.14
20251103,603897,buy,3247,26.53,258.43
20251103,603218,buy,172402,14.43,7463.28
20251103,002364,buy,6056,25.85,469.64
20251103,300811,buy,4185,56.72,712.08
20251103,300959,buy,22719,109.5,7463.19
20251103,600338,buy,7151,14.15,303.56
20251103,688676,sell,9668,72.78,2110.89
20251103,002823,buy,2251,17.31,116.88
20251103,601233,buy,173122,14.37,7463.29
20251103,688231,buy,118127,21.06,7463.26
20251103,300502,buy,7174,346.76,7462.97
20251103,603040,buy,2749,77.45,638.71
20251103,001316,buy,99775,24.93,7463.26
20251103,000893,sell,56,41.96,7.05
20251103,603353,buy,112019,22.21,7463.27
20251103,002792,buy,129369,19.23,7463.3
20251103,600236,sell,30294,7.57,687.98
20251103,601126,sell,28094,27.69,2333.36
20251103,601016,buy,59248,3.11,552.78
20251103,301222,buy,11138,21.61,722.21
20251103,601179,sell,43171,8.43,1091.79
20251103,603637,buy,225137,11.05,7463.29
20251103,600352,sell,4125,10.8,133.65
20251103,000612,sell,22366,9.94,667.22
20251103,603889,sell,21971,5.66,373.15
20251103,300724,buy,26283,94.65,7463.06
20251103,688663,buy,56119,44.33,7463.27
20251103,600995,buy,13602,12.57,513.08
20251103,000630,buy,75682,5.13,1163.95
20251103,601156,buy,4208,16.02,202.24
20251103,600888,buy,21647,8.21,533.17
20251103,002518,buy,56194,44.27,7463.23
20251103,603163,buy,49272,50.49,7463.23
20251103,300285,buy,106725,23.31,7463.28
20251103,300055,buy,335731,7.41,7463.3
20251103,300548,buy,2256,99.72,674.9
20251103,003031,buy,5023,56.31,848.54
20251103,603778,buy,499552,4.98,7463.31
20251103,002039,buy,140671,17.68,7463.29
20251103,002158,buy,13303,24.52,978.57
20251103,301419,buy,3843,27.35,315.35
20251103,601225,sell,11975,23.66,849.99
20251103,601991,buy,693272,3.59,7463.3
20251103,600821,buy,450375,5.52,7463.3
20251103,300628,buy,71069,35.0,7463.3
20251103,002947,buy,50624,49.14,7463.19
20251103,300509,buy,227401,10.94,7463.3
20251103,300776,buy,36855,67.5,7463.14
20251103,001332,buy,58373,42.62,7463.28
20251103,002033,buy,295456,8.42,7463.29
20251103,600262,buy,87045,28.58,7463.24
20251103,002608,buy,296869,8.38,7463.29
20251103,688679,buy,83370,25.56,6392.81
20251201,603979,sell,39140,65.9,7737.98
20251201,300811,sell,43863,52.3,6881.48
20251201,601156,sell,155291,16.46,7668.27
20251201,688676,sell,34183,79.26,8128.35
20251201,300548,sell,24947,120.8,9040.79
20251201,003031,sell,44179,53.0,7024.46
20251201,301419,sell,90950,25.74,7023.78
20251201,002823,sell,143737,15.54,6702.53
20251201,600021,sell,85964,21.65,5583.36
20251201,300620,sell,23733,150.91,10744.39
20251201,000630,sell,485277,5.42,7890.6
20251201,002364,sell,96238,23.72,6848.3
20251201,002158,sell,101458,22.47,6839.28
20251201,300328,sell,139762,16.82,7052.39
20251201,601233,sell,173122,15.47,8034.59
20251201,300502,sell,7174,355.61,7653.44
20251201,300724,sell,26283,84.92,6695.86
20251201,002518,sell,56194,44.12,7438.14
20251201,603163,sell,49272,52.97,7829.81
20251201,300055,sell,335731,8.09,8148.19
20251201,300628,sell,71069,33.19,7076.24
20251201,002947,sell,50624,44.88,6815.72
20251201,300776,sell,36855,60.53,6692.5
20251201,601898,buy,11256,13.65,460.93
20251201,002487,buy,1505,50.07,226.08
20251201,601101,buy,26710,7.4,592.96
20251201,601001,buy,14655,14.62,642.77
20251201,002452,buy,28095,7.84,661.05
20251201,002245,buy,29618,10.99,976.5
20251201,300139,sell,1549,25.2,117.1
20251201,601619,buy,30981,4.25,394.99
20251201,000960,sell,6142,24.78,456.54
20251201,600578,buy,33030,4.58,453.83
20251201,605117,sell,827,57.72,143.21
20251201,000408,sell,3142,61.85,582.97
20251201,002545,buy,11,17.71,0.58
20251201,002056,buy,13335,19.24,769.7
20251201,000600,buy,32156,8.07,778.15
20251201,600033,sell,41233,3.82,471.94
20251201,600163,sell,25685,5.6,431.51
20251201,000791,buy,26365,6.5,514.05
20251201,601518,buy,34895,2.95,308.82
20251201,600482,buy,6437,20.17,389.5
20251201,001331,buy,6165,14.32,264.85
20251201,600219,sell,3507,4.44,46.67
20251201,000603,sell,17340,28.09,1461.24
20251201,002498,buy,56043,3.57,600.22
20251201,000899,buy,15151,10.16,461.8
20251201,002818,buy,233682,10.81,7575.08
20251201,300234,buy,13739,5.37,221.34
20251201,603331,buy,8547,11.66,298.97
20251201,300018,buy,15454,11.15,516.94
20251201,600236,buy,30033,7.04,634.3
20251201,600352,buy,8762,10.56,277.58
20251201,601016,buy,41750,3.0,375.75
20251201,603889,buy,17865,5.52,295.92
20251201,603897,buy,1693,26.45,134.34
20251201,600938,buy,1124,28.48,96.03
20251201,600995,buy,3281,12.55,123.57
20251201,603218,buy,24866,12.8,954.85
20251201,600301,sell,16604,38.28,1906.8
20251201,301222,buy,1648,21.63,106.93
20251201,000893,sell,3115,44.95,420.06
20251201,300274,buy,1598,178.7,856.69
20251201,603637,buy,12401,10.63,395.47
20251201,600310,buy,654152,3.86,7575.08
20251201,001316,sell,5526,26.79,444.14
20251201,000612,buy,12760,9.6,367.61
20251201,000429,buy,202650,12.46,7575.06
20251201,001286,buy,256869,9.83,7575.07
20251201,600262,buy,10635,25.85,824.74
20251201,601958,buy,12264,14.15,520.61
20251201,600988,sell,4769,31.93,456.82
20251201,600821,buy,26946,5.29,427.63
20251201,600338,sell,2985,14.61,130.83
20251201,600522,buy,2039,16.82,102.89
20251201,601677,buy,15385,14.14,652.63
20251201,300509,sell,38118,13.34,1525.48
20251201,002039,buy,1397,17.77,74.49
20251201,601225,buy,5164,22.89,354.61
20251201,603115,buy,13611,18.19,742.75
20251201,600961,buy,268,15.19,12.21
20251201,300408,buy,8947,42.66,1144.94
20251201,601179,buy,6566,8.37,164.87
20251201,601991,buy,28223,3.5,296.32
20251201,603040,sell,400,79.6,95.52
20251201,605376,buy,3805,49.56,565.73
20251201,601088,buy,61079,41.34,7575.02
20251201,002608,buy,26852,7.8,628.34
20251201,600750,buy,111382,22.67,7575.09
20251201,603778,sell,301510,12.75,11532.76
20251201,688679,buy,22368,23.88,1602.44
20251201,300959,sell,1340,118.11,474.8
20251201,601107,buy,430158,5.87,7575.08
20251201,601298,buy,303011,8.33,7575.08
20251201,300445,buy,117491,21.49,7575.07
20251201,603353,sell,35844,33.15,3564.48
20251201,001332,buy,9010,37.47,1012.89
20251201,300308,sell,490,537.36,789.93
20251201,601126,sell,2559,28.92,222.04
20251201,603682,buy,413356,6.11,7575.08
20251201,600888,buy,19464,7.83,457.21
20251201,688663,buy,4564,41.61,569.72
20251201,002033,sell,6460,8.74,169.33
20251201,600251,buy,284350,8.88,7575.08
20251201,002281,buy,641,61.97,119.17
20251201,688231,sell,13136,24.05,947.76
20251201,002850,buy,1921,154.61,891.0
20251201,002378,buy,5718,12.63,216.66
20251201,601339,buy,462459,5.46,7575.08
20251201,300867,buy,114781,22.0,7575.06
20251201,002606,buy,284087,8.89,7575.08
20251201,002138,buy,73093,34.55,7575.05
20251201,000792,buy,95356,26.48,7575.08
20251201,300285,buy,3538,22.9,243.06
20251201,000338,buy,145367,17.37,7575.07
20251201,600382,buy,384066,6.57,7575.09
20251201,002792,sell,32846,26.16,2577.75
20251201,600846,buy,146804,17.2,7575.09
20251201,002255,buy,209937,12.03,7575.08
20251201,300668,buy,129091,19.56,7575.06
20251201,600483,buy,251747,10.03,7575.07
20251201,300948,buy,117135,19.61,6891.05
