day,code,rps,s1,s2,fwd1,fwd3,fwd6,has_change,cog,stage
20220104,601728,51.51515151515152,,,-0.0388127853881277,-0.0844748858447488,-0.1120797011207969,False,中,L0 无变化
20220104,600050,30.303030303030305,,,-0.0576441102756892,-0.1027568922305764,-0.120243381718361,False,低,L0 无变化
20220104,2296,39.39393939393939,,1.0402855368632924,-0.0551181102362203,-0.0485564304461942,-0.1076115485564304,True,低,L1 变化萌芽(市场未知)
20220104,688981,79.56989247311827,,0.2798859218826643,-0.0596537448249906,-0.139819345126082,-0.15675573955589,True,高,L3 一致预期
20220104,300660,83.80952380952381,,-0.5443592963077726,-0.0789003927168868,-0.2699036058550518,0.3878307551079292,False,高,L0 无变化
20220104,600033,75.0,,0.6697079574499417,0.0313588850174217,0.0278745644599303,0.0172327831691327,True,高,L3 一致预期
20220104,601169,54.166666666666664,-0.7234138450580533,,0.0246636771300448,0.0358744394618832,0.0179372197309415,False,中,L0 无变化
20220104,603037,75.91240875912408,,,-0.139402560455192,-0.1820768136557611,-0.1645329540066382,False,高,L0 无变化
20220104,688313,93.93939393939394,-1.4384252516192817,,-0.1327088212334114,-0.1756440281030444,-0.1199490698950285,False,高,L0 无变化
20220104,603881,48.48484848484848,,,-0.0867844895805854,-0.0670007913479292,-0.2950266258204842,False,中,L0 无变化
20220104,300139,89.58333333333334,,-0.2764832417633756,-0.1140350877192982,-0.2272727272727273,-0.2918660287081338,False,高,L0 无变化
20220104,603005,43.54838709677419,,-0.5501153165021031,-0.2137546468401486,-0.3174721189591077,-0.1924316659178756,False,中,L0 无变化
20220104,688378,84.94623655913979,,-0.977377074175181,-0.1963636363636361,-0.1749494949494948,-0.2552653583439892,False,高,L0 无变化
20220104,429,98.07692307692308,,,0.0391891891891891,0.0689189189189187,0.1148648648648649,False,高,L0 无变化
20220104,300738,63.63636363636363,,-0.5747368402218744,-0.0818380743982494,-0.011378555798687,-0.092363132052724,False,中,L0 无变化
20220104,688618,54.54545454545454,,0.1362063467901828,0.1023622047244094,-0.1021434820647418,-0.0683284723418212,True,中,L2 市场发现中
20220104,2818,47.72727272727273,,,-0.0331230283911672,-0.0630914826498422,0.0638153200328874,False,中,L0 无变化
20220104,601518,82.6923076923077,,1.812324607399413,-0.0072202166064981,0.0252707581227435,-0.0359626672780384,True,高,L3 一致预期
20220104,600015,45.83333333333333,,,0.0248667850799291,0.0017761989342806,-0.0163331635296721,False,中,L0 无变化
20220104,603327,70.43010752688173,,0.0410455126807637,-0.143583945732052,-0.2131147540983606,0.0498702959242183,True,高,L3 一致预期
20220104,300394,96.96969696969695,,-1.26453770428513,-0.0802418246771091,-0.2319318494091784,-0.2622138023317287,False,高,L0 无变化
20220104,601811,82.0,,0.1335297352317701,-0.0344827586206895,0.0646551724137931,0.0102009952431776,True,高,L3 一致预期
20220104,603095,73.20574162679426,1.8150335028493376,1.5884667781213868,0.0715953307392995,-0.0194552529182879,-0.1124550329769311,True,高,L3 一致预期
20220104,300580,87.59124087591242,,,0.0153846153846153,-0.268131868131868,-0.2208811105147501,False,高,L0 无变化
20220104,601985,82.92682926829268,,,-0.1078431372549019,-0.0208333333333332,-0.1458333333333333,False,高,L0 无变化
20220104,300913,72.72727272727273,,0.2894560343556075,-0.0981595092024539,-0.1039335979790689,-0.1363446308800679,True,高,L3 一致预期
20220104,600901,100.0,,,-0.0233463035019456,-0.0291828793774319,0.0930246263018068,False,高,L0 无变化
20220104,600012,100.0,,,0.1244813278008298,0.1051175656984786,0.0387275242047027,False,高,L0 无变化
20220104,601229,66.66666666666666,-0.3520429367276327,,-0.00697350069735,-0.0599721059972104,-0.0864714086471407,False,中,L0 无变化
20220104,2839,25.0,-0.0202557093384351,,0.1097770154373927,0.1114922813036021,0.114657887967569,False,低,L0 无变化
20220104,600016,29.166666666666668,-1.3852930465948716,,0.0025575447570331,-0.0127877237851662,0.0024132455370819,False,低,L0 无变化
20220104,301000,79.56204379562044,,0.5912059016807459,-0.0778979907264297,-0.1253477588871715,-0.1250340468050362,True,高,L3 一致预期
20220104,601928,80.0,,-0.7156076173474603,-0.0875912408759124,0.0036496350364962,-0.1265206812652068,False,高,L0 无变化
20220104,2195,95.45454545454544,,-1.0036079787707846,-0.0272373540856032,-0.0856031128404669,-0.128333634595125,False,高,L0 无变化
20220104,2913,68.81720430107528,,-0.395455196285877,-0.1455080624520091,-0.2202457128231378,-0.174501917712782,False,中,L0 无变化
20220104,688318,86.36363636363636,,-0.7695079976236276,0.1110389188486777,-0.1553505295302448,-0.1040850910701494,False,高,L0 无变化
20220104,823,60.752688172043015,,0.82280003882971,-0.1307523739956172,-0.1964937910883856,-0.2497956469328969,True,中,L2 市场发现中
20220104,601919,86.53846153846155,,-0.1049729310403723,-0.1566326530612244,-0.1301020408163266,-0.2482033049314976,False,高,L0 无变化
20220104,601339,87.75510204081633,,,0.1842546063651591,0.0971524288107201,-0.0618718009392081,False,高,L0 无变化
20220104,600020,67.3076923076923,,,-0.0181268882175227,0.0030211480362538,-0.0634441087613293,False,中,L0 无变化
20220104,2406,46.71532846715328,,0.0202596147018841,-0.0925039872408293,-0.1275917065390749,-0.1722488038277512,True,中,L2 市场发现中
20220104,603926,69.34306569343066,,-0.0851300343891238,-0.0765521398432791,-0.165159734779988,-0.19266449968017,False,中,L0 无变化
20220104,601019,72.0,,-0.4505610875272058,-0.0331753554502369,0.0379146919431279,0.0568720379146918,False,高,L0 无变化
20220104,688678,72.04301075268818,-0.7243265062315111,,-0.1721212121212121,-0.3724242424242424,-0.1811202496000044,False,高,L0 无变化
20220104,603637,88.0,,,-0.1638861629048086,-0.1138370951913639,-0.1668019673295883,False,高,L0 无变化
20220104,300893,83.94160583941606,,-0.5067148801197087,-0.1652587117212248,-0.3841077085533262,-0.19373103644466,False,高,L0 无变化
20220104,688668,81.81818181818183,0.4876747030364191,,-0.1645497359783074,-0.2664478378764093,0.0600389114845585,True,高,L3 一致预期
20220104,300570,90.9090909090909,,,-0.1325234676974046,-0.1965764770844836,-0.1560901877150757,False,高,L0 无变化
20220104,603685,77.41935483870968,,-1.282058295857135,-0.1185647425897035,-0.1240249609984399,-0.2074882995319812,False,高,L0 无变化
20220104,3816,87.8048780487805,,-0.8732563336022272,-0.0605095541401273,-0.1273885350318471,-0.10828025477707,False,高,L0 无变化
20220104,300938,80.95238095238095,,0.1447699873387528,-0.1615030981411153,-0.0681591045372775,-0.041323188675109,True,高,L3 一致预期
20220104,300951,76.88172043010752,,-1.672198788760146,-0.1657991758837562,-0.269898069833008,-0.2193871419891814,False,高,L0 无变化
20220104,3031,75.75757575757575,,1.587881068737196,0.0584431429965837,0.1255490483162518,0.2159803546539076,True,高,L3 一致预期
20220104,603006,62.04379562043796,,1.3353909125168717,-0.1030465949820789,-0.1586021505376343,-0.1588027823452291,True,中,L2 市场发现中
20220104,605100,85.64593301435407,,,-0.0594325153374232,-0.1487730061349692,-0.1979237412509881,False,高,L0 无变化
20220104,300458,55.91397849462365,,-0.6076837327416856,-0.1409942950285249,-0.1396903015484922,-0.1001455595410202,False,中,L0 无变化
20220104,807,54.166666666666664,,,0.0349149507609667,0.2094897045658013,-0.0895644869322648,False,中,L0 无变化
20220104,2039,65.85365853658537,,-0.6458590715614964,-0.1453320500481232,-0.1698748796920116,3.173605098050203e-05,False,中,L0 无变化
20220104,600377,84.61538461538461,,,0.0434782608695651,-0.0240274599542335,-0.0274599542334096,False,高,L0 无变化
20220104,600742,32.846715328467155,,,-0.0977630488815243,-0.1971830985915492,-0.2038393994632741,False,低,L0 无变化
20220104,603599,25.96685082872928,,1.1243663916231952,-0.1577608142493639,-0.188295165394402,0.063956226438409,True,低,L1 变化萌芽(市场未知)
20220104,603239,42.33576642335766,,,-0.2176370830977954,-0.2707744488411532,-0.11162538411582,False,中,L0 无变化
20220104,300921,45.45454545454545,,0.7702925471346318,0.3371298405466969,0.0742596810933942,-0.0994978063042908,True,中,L2 市场发现中
20220104,601336,97.91666666666666,,,-0.0181818181818181,-0.0852752880921895,-0.1795134443021766,False,高,L0 无变化
20220104,601988,91.66666666666666,-0.2741334040279211,,0.019543973941368,0.0716612377850163,0.0618892508143322,False,高,L0 无变化
20220104,603100,68.89952153110048,,0.2351517242425012,-0.1782224290367612,-0.3396928804094927,-0.1413276620192628,True,中,L2 市场发现中
20220104,603809,61.31386861313869,,,-0.0049975012493752,-0.217391304347826,-0.1190601100862673,False,中,L0 无变化
20220104,2106,39.247311827956985,,-0.1382723518788467,-0.1181034482758621,-0.2948275862068965,-0.2883510640346268,False,低,L0 无变化
20220104,612,41.66666666666667,,-0.5263931221268361,-0.0983182406209574,-0.1914618369987063,-0.1889682211116509,False,中,L0 无变化
20220104,2379,93.75,,-0.3912780043336551,-0.0272727272727273,-0.0515151515151515,0.1242424242424242,False,高,L0 无变化
20220104,949,69.06077348066299,,-0.1142652904897708,-0.1013986013986014,-0.1520979020979022,-0.3399540775483693,False,中,L0 无变化
20220104,600603,57.692307692307686,-0.3574595492735365,,-0.0295566502463053,-0.0517241379310343,0.5369458128078819,False,中,L0 无变化
20220104,2281,78.78787878787878,,-1.1495009624963637,-0.1389599317988065,-0.2314578005115088,-0.2546914018960313,False,高,L0 无变化
20220104,603698,66.02870813397129,,-0.666119081389217,-0.1707317073170732,-0.2726287262872628,-0.296525457445061,False,中,L0 无变化
20220104,600694,68.18181818181817,,,-0.0114541832669322,-0.0154382470119522,-0.0161588634672755,False,中,L0 无变化
20220104,2792,66.66666666666666,,1.2963415002543983,-0.069753086419753,-0.0839506172839505,-0.2401205427663475,True,中,L2 市场发现中
20220104,601107,94.23076923076924,,-0.3207600824458649,-0.0583501006036217,-0.0804828973843059,-0.1824499990401943,False,高,L0 无变化
20220104,425,58.85167464114832,,,-0.043046357615894,-0.1440397350993377,-0.0827814569536423,False,中,L0 无变化
20220104,2670,81.25,,,-0.0923236514522821,-0.0352697095435684,-0.004149377593361,False,高,L0 无变化
20220104,300547,89.78102189781022,,1.1185662514113852,0.0425378514780101,-0.0050468637346791,0.24802438829654,True,高,L3 一致预期
20220104,300620,87.87878787878788,,-0.7005730156045781,-0.1123067892780278,-0.3261592643318333,-0.3537736588461304,False,高,L0 无变化
20220104,605111,49.46236559139785,1.4346283989527553,1.0034038422146072,-0.1170617500731635,-0.1466783728416739,-0.0068442422056035,True,中,L2 市场发现中
20220104,600919,95.83333333333334,1.981535965083019,,0.1390284757118927,0.2261306532663316,0.2778481641347861,True,高,L3 一致预期
20220104,3025,48.32535885167464,,0.962489212460293,-0.0278121137206428,-0.1551297898640296,-0.0588230091364549,True,中,L2 市场发现中
20220104,601199,86.8421052631579,,-0.4886438466481786,-0.0615141955835962,0.0394321766561513,0.2750660131028213,False,高,L0 无变化
20220104,975,77.08333333333334,,,-0.0533484676503972,0.0612939841089672,0.1220073241201866,False,高,L0 无变化
20220104,601900,88.0,,-0.8921545465261134,-0.0804077010192525,-0.0113250283125706,-0.0906002265005662,False,高,L0 无变化
20220104,600219,31.25,,-1.1902890624090887,-0.0175054704595185,-0.111597374179431,-0.1990139532642059,False,低,L0 无变化
20220104,603002,82.25806451612904,,1.745827712638565,-0.1048387096774193,-0.2217741935483871,-0.2039513317307126,True,高,L3 一致预期
20220104,605259,61.24401913875598,,0.5416910044739031,-0.1390024529844643,-0.191877895884437,-0.2164077405287543,True,中,L2 市场发现中
20220104,800,10.218978102189782,,-0.8128502681633586,-0.080193236714976,-0.1603864734299517,-0.033959053874115,False,低,L0 无变化
20220104,2254,27.624309392265197,2.5082771416224863,0.8039741064431295,-0.0151975683890577,-0.1616008105369807,-0.1155881117245819,True,低,L1 变化萌芽(市场未知)
20220104,300294,17.857142857142858,-0.0603942639038782,1.3260317502015435,-0.0936842105263157,-0.2386842105263158,-0.0635937609277151,True,低,L1 变化萌芽(市场未知)
20220104,600888,35.41666666666667,,,-0.0568319226118501,-0.1281741233373641,0.1983996571609341,False,低,L0 无变化
20220104,300303,46.236559139784944,,,-0.1679389312977098,-0.2564885496183205,-0.2519083969465648,False,中,L0 无变化
20220104,600039,80.0,,,-0.0503842869342441,-0.094790777113578,-0.0341576098556408,False,高,L0 无变化
20220104,2428,100.0,,-1.3640596711803132,0.0903861955628595,0.0493015612161051,0.0353327855382086,False,高,L0 无变化
20220104,300689,69.6969696969697,,,-0.0100095328884651,-0.144423260247855,-0.173693252395524,False,中,L0 无变化
20220104,2722,43.0622009569378,,-1.357419126623477,-0.0308832612723903,-0.0784434836318715,-0.1365040148239654,False,中,L0 无变化
20220104,300398,78.49462365591397,,0.4957618530955725,-0.1168241965973534,0.0079395085066162,-0.1219057082082116,True,高,L3 一致预期
20220401,600050,32.35294117647059,,,-0.0139664804469272,-0.0194891321386202,-0.0449202497488577,False,低,L0 无变化
20220401,2034,64.1025641025641,,-0.6383404669511468,0.006989247311828,0.1152949794992577,-0.0249353579426743,False,中,L0 无变化
20220401,612,44.89795918367347,,-0.5263931221268361,-0.1408,0.00308410412911,-0.1235187439648554,False,中,L0 无变化
20220401,300660,85.45454545454545,,-0.5443592963077726,-0.121760391198044,0.9008870146979512,0.1961312756518332,False,高,L0 无变化
20220401,600219,34.69387755102041,,-1.1902890624090887,-0.2019704433497536,-0.0983974794131579,-0.2511690176237061,False,低,L0 无变化
20220401,2296,41.17647058823529,,1.0402855368632924,-0.1931034482758621,-0.0620689655172413,-0.1048275862068965,True,中,L2 市场发现中
20220401,603599,18.556701030927837,,1.1294635228874792,0.1564263322884014,0.3107673886843096,0.1780713078120133,True,低,L1 变化萌芽(市场未知)
20220401,600888,40.81632653061224,,,0.1650485436893205,0.3745860145244002,0.0991008008697167,False,中,L0 无变化
20220401,300139,91.83673469387756,,-0.2764832417633756,-0.1971104231166149,-0.0835913312693497,-0.2291021671826625,False,高,L0 无变化
20220401,2677,10.416666666666668,,0.8184722315034458,0.0303468208092485,0.1175092255017675,-0.1590269557240934,True,低,L1 变化萌芽(市场未知)
20220401,800,17.36111111111111,,-0.8128502681633586,-0.0678941311852704,0.150578111899069,-0.1312461327620447,False,低,L0 无变化
20220401,605208,32.6530612244898,,,-0.1013165426445336,0.2821980435592663,0.2470800204550867,False,低,L0 无变化
20220401,603095,72.72727272727273,1.8150335028493376,1.5884667781213868,-0.1865079365079364,-0.0948450137899654,-0.045795176194795,True,高,L3 一致预期
20220401,2039,86.58536585365853,,-0.6458590715614964,0.0376811594202899,0.2046759116022827,0.0817497981734782,False,高,L0 无变化
20220401,949,82.4742268041237,,-0.1050040282148847,-0.268041237113402,-0.2215540873353965,-0.3276093887883398,False,高,L0 无变化
20220401,2406,63.888888888888886,,0.0202596147018841,-0.190127970749543,-0.0511882998171846,-0.1773746640016281,True,中,L2 市场发现中
20220401,600742,29.166666666666668,,,-0.1475748194014448,-0.0082911817875871,-0.1639788027112562,False,低,L0 无变化
20220401,425,70.9090909090909,,,-0.0290135396518376,0.0715667311411993,-0.1138111778063905,False,高,L0 无变化
20220401,603005,29.743589743589745,,-0.5501153165021031,-0.2026143790849673,0.1832019709591035,-0.2111986860272642,False,低,L0 无变化
20220401,2978,12.244897959183673,-0.3125594263797476,-0.3264219086303392,-0.1483888437584619,0.1168852467299517,-0.1039347359791178,False,低,L0 无变化
20220401,300677,82.42677824267783,,0.1889717568664202,-0.3751904243743199,-0.3357339344991596,-0.4752271308417384,True,高,L3 一致预期
20220401,2106,42.05128205128205,,-0.1382723518788467,-0.1185134588064598,0.0091843101709447,-0.0726414447077805,False,中,L0 无变化
20220401,688318,89.36170212765957,,-0.7479301410414694,-0.2046153846153846,0.0606943356414868,-0.1742902556390886,False,高,L0 无变化
20220401,603926,75.69444444444444,,-0.0851300343891238,-0.1559566787003609,-0.0329461407721314,-0.1090921139396801,False,高,L0 无变化
20220401,690,43.90243902439025,,,-0.1454918032786886,-0.0933975919571376,-0.0145625999534104,False,中,L0 无变化
20220401,605399,11.34020618556701,2.16168334061481,0.63865090534665,-0.0890873448050534,0.2380500957961848,-0.0401537709958907,True,低,L1 变化萌芽(市场未知)
20220401,600398,74.50980392156863,,0.2795081492857475,-0.0406654343807764,-0.0125483171123522,-0.1393019492842656,True,高,L3 一致预期
20220401,2913,73.33333333333333,,-0.395455196285877,0.0068931560807483,0.0586643714085544,-0.2341720449020337,False,高,L0 无变化
20220401,601601,87.75510204081633,,,-0.1034482758620688,0.0112068965517242,-0.0935727948337376,False,高,L0 无变化
20220401,300215,13.636363636363637,,-0.331551648793386,-0.2081081081081081,-0.0878378378378378,-0.2905405405405405,False,低,L0 无变化
20220401,605368,36.58536585365854,-0.245848085510163,-0.2652227800681449,0.0342485629105397,0.0055857851855365,-0.0374083814019686,False,低,L0 无变化
20220401,603809,65.27777777777779,,,0.0019157088122605,0.1256454148897694,-0.105536429094313,False,中,L0 无变化
20220401,600223,29.411764705882355,,-0.3462862853736572,-0.2338709677419354,-0.0913978494623655,-0.3124217408832,False,低,L0 无变化
20220401,883,40.2439024390244,,1.766267649295986,-0.0613636363636364,0.1795454545454544,0.0219984803818238,True,中,L2 市场发现中
20220401,3025,41.36363636363637,,0.962489212460293,-0.0307242136064374,0.1139900301515843,-0.0940410059580003,True,中,L2 市场发现中
20220401,823,54.35897435897436,,0.82280003882971,-0.180909090909091,-0.0663365824101236,-0.2196520108639184,True,中,L2 市场发现中
20220401,2833,42.27272727272727,,-0.5479025222365359,-0.1421232876712328,0.0257185343720776,-0.210797208918019,False,中,L0 无变化
20220401,300916,37.94871794871795,,0.5958259089919654,-0.2295180722891567,0.416181703925955,0.5241878710486991,True,低,L1 变化萌芽(市场未知)
20220401,960,55.10204081632652,,-0.968793466202299,-0.1645041705282669,-0.2245580171750163,-0.437314662282232,False,中,L0 无变化
20220401,603565,75.47169811320755,,0.1205629196247927,0.0144717800289435,-0.1049100533388516,-0.1295450720214246,True,高,L3 一致预期
20220401,600308,36.231884057971016,,-1.0173773673434174,-0.030520646319569,0.0666932188857123,-0.0412792186280246,False,低,L0 无变化
20220401,2254,31.443298969072163,2.5082771416224863,0.8101483581053028,-0.1764350453172205,0.0548816117556949,-0.0120652046487292,True,低,L1 变化萌芽(市场未知)
20220401,601336,97.95918367346938,,,-0.1917693169092944,-0.103023516237402,-0.2061925827057581,False,高,L0 无变化
20220401,2027,23.52941176470588,,0.4997724394273678,-0.0530546623794211,0.0643086816720257,-0.1056628520074066,True,低,L1 变化萌芽(市场未知)
20220401,2048,45.83333333333333,,-0.798256008333574,-0.1624770079705702,-0.0063701085314504,-0.2702258073231611,False,中,L0 无变化
20220401,688618,52.94117647058824,,0.1362063467901828,-0.0684531059683313,0.0376619304392675,0.1543497658934938,True,中,L2 市场发现中
20220401,601339,90.19607843137256,,,-0.1206106870229007,-0.1449426949018432,-0.0436640626474984,False,高,L0 无变化
20220401,2145,13.917525773195877,0.9577906578598246,-1.3512262880876849,-0.2031088082901554,0.0848485472854001,0.0152487799560718,True,低,L1 变化萌芽(市场未知)
20220401,300294,17.154811715481173,-0.0603942639038782,1.3260317502015435,0.0248876598686482,0.2299839987814318,0.094477287051274,True,低,L1 变化萌芽(市场未知)
20220401,3816,89.02439024390245,,-0.8732563336022272,0.0401459854014598,0.0218978102189781,-0.0012603982716202,False,高,L0 无变化
20220401,603386,43.07692307692308,,-0.9459264659958336,-0.148310387984981,-0.0143929912390486,-0.1294605598490624,False,中,L0 无变化
20220401,605259,57.72727272727273,,0.5416910044739031,-0.1112984822934233,-0.03035413153457,0.1426402893072407,True,中,L2 市场发现中
20220401,300856,76.47058823529412,,0.1139546263685267,0.1854320987654323,0.5447640266239695,1.3804255301832011,True,高,L3 一致预期
20220401,651,77.08333333333334,,0.6236391101380241,0.0666502706831584,0.0426490810739814,0.0691809091681463,True,高,L3 一致预期
20220401,688556,33.63636363636363,2.0260299525047305,0.5583240252322704,0.0297001961333707,0.6052423787273633,0.5789108229984534,True,低,L1 变化萌芽(市场未知)
20220701,601728,64.28571428571429,,,-0.0026881720430107,0.0768381807389819,0.207279919127467,False,中,L0 无变化
20220701,408,81.53846153846153,,-1.10089268914898,-0.040983606557377,-0.1754718179615918,-0.2071499576122157,False,高,L0 无变化
20220701,600016,40.625,,,-0.0269541778975741,-0.0835579514824799,-0.0727762803234501,False,中,L0 无变化
20220701,300308,100.0,1.0869349986264754,,0.0638709677419353,-0.1809677419354839,-0.0870967741935484,True,高,L3 一致预期
20220701,601328,78.125,,,-0.010775257542183,-0.0064649100804931,0.0215523484204906,False,高,L0 无变化
20220701,601339,88.52459016393442,,-0.7237130135446104,0.0796116504854369,0.1184466019417476,0.0951456310679612,False,高,L0 无变化
20220701,603118,75.0,,,0.0298913043478261,0.0964673913043479,0.1114130434782607,False,高,L0 无变化
20220701,600757,79.41176470588235,,-0.5794416890087208,-0.0054326283972203,0.0289286243644879,0.0938332129143812,False,高,L0 无变化
20220701,2396,80.35714285714286,,-0.7440983695762015,0.0158600789042597,-0.2144491481232437,-0.1153626202160619,False,高,L0 无变化
20220701,601169,56.25,,,-0.017620780051249,-0.0270667340892177,0.0130785705721494,False,中,L0 无变化
20220701,603203,80.86642599277978,,-1.1522254527719529,0.0252623396813058,-0.1383598911776137,0.1453556160124369,False,高,L0 无变化
20220701,600050,37.5,,,-0.0172910662824207,-0.0259365994236311,0.4494099642712446,False,低,L0 无变化
20220701,600941,60.71428571428571,,,-0.0318869165023012,0.2042579129716262,0.2179695928916012,False,中,L0 无变化
20220701,601233,81.81818181818183,,1.0399938003126803,-0.0725833970535212,-0.1621489730915031,-0.0910046857421842,True,高,L3 一致预期
20220701,601811,72.05882352941177,,-0.7530353385354731,0.0,0.0375690607734806,0.1116022099447513,False,高,L0 无变化
20220701,601229,84.375,,,-0.03577201655639,-0.0487801512402836,-0.0390240502273635,False,高,L0 无变化
20220701,603926,72.61146496815286,,-0.8022866349098801,0.0472440944881888,-0.0787401574803149,-0.0905511811023623,False,高,L0 无变化
20220701,601019,66.17647058823529,,-0.1268890900689947,-0.0581196021072455,-0.0422896794535858,0.0036170962420274,False,中,L0 无变化
20220701,600598,63.1578947368421,-0.4828825657962377,,-0.0602981029810298,-0.10840108401084,-0.0636856368563686,False,中,L0 无变化
20220701,2902,71.42857142857143,,,0.2730844793713163,-0.1761624099541584,-0.1342501637197118,False,高,L0 无变化
20220701,2429,91.93548387096774,,-1.1787275589596715,0.0208877284595301,-0.1566579634464751,-0.073107049608355,False,高,L0 无变化
20220701,603083,92.85714285714286,,-0.9517953516740716,0.0216110019646365,-0.0491159135559921,0.1571709233791749,False,高,L0 无变化
20220701,807,69.23076923076923,,,0.0039761431411531,-0.0904572564612324,0.1053677932405567,False,中,L0 无变化
20220701,601598,95.0,,-1.5831069839598355,0.0250452490063697,-0.0346134691897682,0.0748776778533759,False,高,L0 无变化
20220701,2687,85.24590163934425,,-0.2915002065081054,-0.0110619469026549,-0.0619469026548672,0.0641592920353983,False,高,L0 无变化
20220701,960,60.0,,,-0.0764139590854391,-0.2743682310469314,-0.148014440433213,False,中,L0 无变化
20220701,2039,77.52808988764045,,,0.012925170068027,-0.1020408163265306,0.0299319727891156,False,高,L0 无变化
20220701,719,88.23529411764706,,0.3230245952710668,-0.0088238050519328,0.0578218046226868,0.1797690904102886,True,高,L3 一致预期
20220701,300897,67.14801444043322,,0.250696449292469,0.0715268225584593,-0.1182943603851444,-0.0739339752407154,True,中,L2 市场发现中
20220701,603565,76.66666666666667,,-1.1589298823613283,0.1820480404551201,-0.0275223945643298,0.0048935256168591,False,高,L0 无变化
20220701,300695,62.42038216560509,,,0.100346687211094,-0.0367873651771956,-0.1504237288135592,False,中,L0 无变化
20220701,600894,45.48736462093863,,0.2991552152743848,0.0347432024169183,-0.0800604229607251,-0.0166163141993958,True,中,L2 市场发现中
20220701,2533,84.07643312101911,,-0.4990188180359158,0.2513966480446927,-0.1452513966480447,-0.1243016759776536,False,高,L0 无变化
20220701,603100,74.72924187725631,,-0.6292659005543177,0.141328828828829,0.5917792792792793,0.6998873873873874,False,高,L0 无变化
20220701,603881,51.78571428571429,,,-0.0217309853877857,-0.2248032971150243,-0.0303484451105282,False,中,L0 无变化
20220701,2787,98.7012987012987,,,0.0668953687821611,-0.0428816466552315,0.053173241852487,False,高,L0 无变化
20220701,2565,83.11688311688312,,-0.5543916490428397,-0.0432098765432098,-0.2510288065843622,-0.1440329218106997,False,高,L0 无变化
20220701,601101,82.6086956521739,,-0.8234078524425241,-0.1287128712871286,-0.0606435643564355,-0.2314356435643564,False,高,L0 无变化
20220701,975,83.07692307692308,,,0.1071800208116546,0.3413111342351715,0.1873048907388139,False,高,L0 无变化
20220701,600398,81.9672131147541,,-0.9117938593810064,-0.0496894409937888,-0.1283643892339544,0.0993788819875776,False,高,L0 无变化
20220701,601601,91.66666666666666,,,-0.1125332343195998,-0.1036184501339604,0.0662081886024696,False,高,L0 无变化
20220701,603809,63.69426751592356,,-0.8670619393200065,0.0888722927557879,-0.2053771471247198,-0.1941747572815534,False,中,L0 无变化
20220701,301016,64.62093862815884,,-0.5776425324587514,0.1148247978436658,-0.0431266846361185,0.0716981132075471,False,中,L0 无变化
20220701,603040,95.54140127388536,,-0.706136986686328,0.0704751735184194,-0.1692471970101442,-0.0640683395621998,False,高,L0 无变化
20220701,2296,28.57142857142857,,-0.5080356713472014,0.138235294117647,-0.0455882352941177,0.214705882352941,False,低,L0 无变化
20220701,630,64.61538461538461,,,-0.0646153846153846,-0.206153846153846,-0.0276923076923076,False,中,L0 无变化
20220701,600582,39.35018050541516,,,0.0805084745762714,0.0423728813559323,0.125,False,低,L0 无变化
20220701,2014,88.31168831168831,-0.5730403853019905,,0.0508221225710017,0.1210762331838566,0.2152466367713004,False,高,L0 无变化
20220701,603013,46.496815286624205,,,0.1858529819694869,-0.1061026352288488,-0.0110957004160887,False,中,L0 无变化
20220701,2833,58.12274368231047,,1.8658728805359732,-0.0346475507765829,-0.2305854241338111,-0.2485065710872163,True,中,L2 市场发现中
20220701,581,42.038216560509554,,-0.2446807507736054,0.0281543274244002,-0.1058394160583942,-0.0693430656934307,False,中,L0 无变化
20220701,2440,87.38738738738738,,-1.1552446865676549,-0.0024844720496896,0.0086956521739129,-0.0968944099378883,False,高,L0 无变化
20220701,601156,40.0,1.2614056191102696,2.338519358269468,-0.1184144505770196,-0.2112393376818866,-0.2277972905168089,True,低,L1 变化萌芽(市场未知)
20220701,600846,77.77777777777779,,,0.1150895140664962,0.0938465472635772,0.201112370905647,False,高,L0 无变化
20220701,2515,91.35802469135804,,-0.2710880643614638,-0.0967032967032965,-0.1450549450549449,0.0527472527472527,False,高,L0 无变化
20220701,688318,89.90825688073394,,-0.1932542768690102,-0.0759999999999999,-0.2215384615384615,-0.070974358974359,False,高,L0 无变化
20220701,2195,91.74311926605505,,2.1576690363983975,0.0090090090090089,-0.1396396396396395,-0.0630630630630628,True,高,L3 一致预期
20220701,338,89.171974522293,,,-0.0567651632970451,-0.2652045697977638,-0.1809174417311693,False,高,L0 无变化
20220701,300627,53.57142857142857,,0.5504750868486021,0.0489130434782607,-0.1032608695652174,-0.1059782608695653,True,中,L2 市场发现中
20220701,605100,88.4476534296029,,-0.5900454154616989,0.0027643400138217,-0.1644782308223913,-0.069799585348998,False,高,L0 无变化
20220701,429,91.66666666666666,,,-0.0367164743448751,-0.0497338192861605,0.0101459674437525,False,高,L0 无变化
20220701,603298,87.36462093862815,,-0.5929494085959732,-0.0590823381521056,-0.2275298554368322,0.0930232558139534,False,高,L0 无变化
20220701,603758,83.43949044585987,,,0.0772093023255815,-0.2613953488372093,-0.2018604651162791,False,高,L0 无变化
20220701,603979,90.76923076923076,,1.1858425258322225,0.0564429422377263,0.061725156948915,0.3686218316689744,True,高,L3 一致预期
20220701,2155,86.15384615384616,,0.901551976785804,0.0667222685571309,0.04837364470392,0.115929941618015,True,高,L3 一致预期
20220701,600033,71.66666666666667,,-0.5245994701032597,0.0505415162454874,-0.0108303249097472,0.0541516245487365,False,高,L0 无变化
20220701,300738,67.85714285714286,,0.2897229861127365,-0.0730434782608695,-0.32,-0.171304347826087,True,中,L2 市场发现中
20220701,300302,97.24770642201835,,,0.009913258983891,-0.184634448574969,-0.1164807930607187,False,高,L0 无变化
20220701,600531,76.92307692307693,,,0.0248091603053435,-0.0076335877862595,0.0095419847328244,False,高,L0 无变化
20220701,605117,91.71974522292994,,1.6186372986265989,0.2210653664259267,0.4991751292297541,0.1958793122410824,True,高,L3 一致预期
20220701,603319,93.63057324840764,,-1.0151026769648868,0.1136120042872455,-0.2320471596998927,-0.1688102893890675,False,高,L0 无变化
20220701,600835,63.898916967509024,,,0.174266515518467,-0.1891254240665316,-0.1470800756847962,False,中,L0 无变化
20220701,601919,85.0,,-0.1762645453651801,-0.0237752161383284,-0.2146974063400576,-0.1235381267145717,False,高,L0 无变化
20220701,300932,70.06369426751591,,-0.1529422575106996,0.0688172043010753,-0.1908602150537635,-0.1994623655913979,False,高,L0 无变化
20220701,603,78.46153846153847,,,0.0821554770318022,-0.1236749116607772,0.1713780918727916,False,高,L0 无变化
20220701,601916,34.375,-0.4669369734625991,,-0.0242424242424242,-0.1,-0.1121212121212122,False,低,L0 无变化
20220701,600710,88.88888888888889,,,0.019736842105263,-0.0986842105263159,-0.0197368421052632,False,高,L0 无变化
20221010,601233,87.5,,2.4081034509523644,-0.0583775587566338,0.0849128127369218,0.0864291129643668,True,高,L3 一致预期
20221010,600061,49.01960784313725,,,-0.0166112956810631,0.0299003322259137,0.1794019933554818,False,中,L0 无变化
20221010,603037,83.125,,0.1900669175858564,0.1262002743484225,0.1069958847736625,0.2496570644718792,True,高,L3 一致预期
20221010,600888,43.47826086956522,,-1.124334979620653,0.0723514211886304,0.0839793281653746,0.1227390180878553,False,中,L0 无变化
20221010,600598,60.0,-0.2244846708632253,,0.0607902735562309,0.0501519756838904,0.0205167173252278,False,中,L0 无变化
20221010,600219,53.62318840579711,,-1.2171976392732036,0.05685618729097,0.1170568561872908,0.1304347826086955,False,中,L0 无变化
20221010,2756,2.898550724637681,,0.35267031614855,0.0221293336611752,-0.2284238996803541,-0.2850586017539546,True,低,L1 变化萌芽(市场未知)
20221010,2267,61.53846153846154,0.6288759300555448,,-0.1066350710900473,-0.1087300356665821,-0.0914716961082586,True,中,L2 市场发现中
20221010,601811,73.52941176470588,,-0.9855139611957362,0.0010649627263046,0.0713525026624066,0.3312034078807242,False,高,L0 无变化
20221010,581,48.125,,0.1666328611100181,0.0163265306122448,0.0408163265306122,0.1830903790087463,True,中,L2 市场发现中
20221010,2978,20.28985507246377,,-1.119667207671844,0.0726082891866626,0.0626363353069492,0.1464630726082891,False,低,L0 无变化
20221010,605189,62.5,,-0.8441211021878418,0.0127727514635442,-0.0005321979776476,0.1075039914848323,False,中,L0 无变化
20221010,600894,58.21917808219178,,-0.7169103843095131,0.0607553366174056,0.0689655172413794,0.2134646962233168,False,中,L0 无变化
20221010,600998,74.3859649122807,-0.7090562888792781,,0.1127622377622377,0.1765734265734264,0.2622377622377623,False,高,L0 无变化
20221010,601677,26.08695652173913,,-0.2696859439408239,-0.2552836484983314,-0.0166852057842046,-0.1129032258064515,False,低,L0 无变化
20221010,960,68.11594202898551,,,-0.0107794361525705,0.1741293532338308,0.2122719734660032,False,中,L0 无变化
20221010,731,32.01754385964912,,-0.0376328657480789,-0.074245939675174,-0.0649651972157773,-0.0580046403712297,False,低,L0 无变化
20221010,2432,75.43859649122807,,2.821827706087509,0.1691588785046729,0.2039719626168223,0.0406542056074765,True,高,L3 一致预期
20221010,603599,14.035087719298245,,0.9655679173147144,0.1214203894616265,0.1510398428268662,0.254733653181999,True,低,L1 变化萌芽(市场未知)
20221010,301318,,,-0.4461304242047754,0.2046867527498805,0.0506934481109517,0.3448110951697751,False,,L0 无变化
20221010,600742,41.25,,,0.1109693877551021,0.0829081632653061,0.1160714285714286,False,中,L0 无变化
20221010,600757,80.88235294117648,-0.1538075324020929,,-0.0649350649350649,0.0630797773654916,0.2560296846011132,False,高,L0 无变化
20221010,2818,59.57446808510638,,1.948551717306547,-0.0310509554140127,-0.03343949044586,0.1042993630573247,True,中,L2 市场发现中
20221010,603393,71.42857142857143,,-0.7639042085975808,-0.0864090316977855,-0.0434216239687363,0.0095527572731219,False,高,L0 无变化
20221010,930,25.0,,,0.0365239294710326,0.0680100755667505,0.0730478589420655,False,低,L0 无变化
20221010,601019,63.23529411764706,,,-0.0099173553719008,0.0479338842975207,0.3272727272727271,False,中,L0 无变化
20221010,603896,8.771929824561402,-0.0653475523458396,0.2718686690389126,0.0738841978287094,0.2457780458383593,0.4565741857659831,True,低,L1 变化萌芽(市场未知)
20221010,603565,82.25806451612904,,-0.9311795060012884,-0.0666666666666666,0.0333333333333332,0.1958333333333333,False,高,L0 无变化
20221010,601919,87.09677419354838,,-0.2627647505041783,0.0504587155963303,0.1160817248808938,0.1714515380802379,False,高,L0 无变化
20221010,300628,12.5,-0.0300397780192684,0.5284676836216299,0.0802568218298556,-0.0308186195826644,0.1878009630818622,True,低,L1 变化萌芽(市场未知)
20221010,2106,43.53448275862069,,1.0570459132633971,0.0641711229946524,0.0481283422459892,0.1858288770053475,True,中,L2 市场发现中
20221010,605500,44.303797468354425,,0.6437522091781874,0.0466101694915253,0.0783898305084744,0.1122881355932203,True,中,L2 市场发现中
20221010,300789,64.28571428571429,,-0.1341212931069666,-0.0435663627152989,-0.0800405268490374,0.3176291793313071,False,中,L0 无变化
20221010,600271,8.928571428571429,,,0.14852492370295,0.0895218718209562,0.5686673448626653,False,低,L0 无变化
20221010,600338,4.3478260869565215,,-0.1566570682139408,0.012802926383173,0.0544124371284864,0.0594421582075901,False,低,L0 无变化
20221010,300771,27.67857142857143,2.1598579720248297,,-0.0584615384615385,0.1599999999999999,0.1153846153846154,True,低,L1 变化萌芽(市场未知)
20221010,600694,68.08510638297872,,,-0.0233415233415232,0.1038083538083538,0.1455773955773955,False,中,L0 无变化
20221010,600295,79.3103448275862,,0.1059054520623247,-0.0608868299139642,0.0178689609530111,0.0205162144275314,True,高,L3 一致预期
20221010,688169,45.3125,,,-0.0107222334614606,0.0270281205745499,0.440865870928586,False,中,L0 无变化
20221010,301179,80.48780487804879,,-0.6879158291106922,0.132442960489705,0.1057317751808568,0.4924874791318863,False,高,L0 无变化
20221010,300897,70.8904109589041,,-0.0280069100079793,0.0986739469578783,0.0503120124804989,0.1891575663026521,False,高,L0 无变化
20221010,600123,8.695652173913043,,-1.0863924929943365,-0.1149206349206349,-0.1453968253968253,-0.1834920634920634,False,低,L0 无变化
20221010,301000,89.375,,0.3928316206528904,0.0785824345146379,0.0396764252696455,0.1513867488443758,True,高,L3 一致预期
20221010,603086,31.140350877192983,2.1119666627624434,-0.5481086472179459,0.0616045845272206,-0.0408309455587393,-0.1855300859598854,True,低,L1 变化萌芽(市场未知)
20221010,605377,34.177215189873415,,0.8851928751135817,0.1150121065375302,0.4739709443099276,0.2046004842615012,True,低,L1 变化萌芽(市场未知)
20221010,762,1.4492753623188406,,1.6746044282285737,0.0598205383848455,-0.0047357926221335,-0.0697906281156529,True,低,L1 变化萌芽(市场未知)
20221010,300580,88.125,,-0.0012816791255271,0.2091708542713568,0.1928391959798996,0.4246231155778894,False,高,L0 无变化
20221010,2493,37.5,,-1.072908511549789,-0.1423076923076922,-0.0776923076923077,0.1476923076923078,False,低,L0 无变化
20221010,605368,37.362637362637365,0.4667547762401042,-0.6865181320444588,0.0785773366418527,0.0355665839536807,0.1356492969396194,True,低,L1 变化萌芽(市场未知)
20221010,300856,36.84210526315789,1.2759640473334577,-0.8629969055518889,-0.1188428459734167,-0.1848318999218139,-0.1601250977326035,True,低,L1 变化萌芽(市场未知)
20221010,601518,80.64516129032258,,-1.0735626939467513,0.0347490347490349,0.1351351351351351,0.1389961389961389,False,高,L0 无变化
20221010,601916,31.428571428571427,,,-0.0404040404040403,-0.0134680134680135,-0.0336700336700336,False,低,L0 无变化
20221010,301061,93.67088607594935,,2.392740302905083,0.0061919504643963,0.0075679394564844,0.1400068799449605,True,高,L3 一致预期
20221010,651,78.125,-0.3450751136946165,-0.8963501285649013,-0.0878881987577638,0.0093167701863354,0.1896827638834366,False,高,L0 无变化
20221010,600452,65.93406593406593,,-0.8208470389681133,0.0031620553359683,0.3043478260869565,0.4703557312252964,False,中,L0 无变化
20221010,2483,21.91780821917808,,0.1731966075620139,0.1374045801526715,0.0114503816793891,0.0400763358778626,True,低,L1 变化萌芽(市场未知)
20221010,601368,23.636363636363637,,,0.021484375,0.03125,0.03125,False,低,L0 无变化
20221010,2884,26.71232876712329,,,-0.184055644729802,-0.1150347779561262,-0.1385767790262172,False,低,L0 无变化
20221010,600373,20.588235294117645,0.4820426397620086,,0.0274135876042906,0.1537544696066746,0.6162097735399283,True,低,L1 变化萌芽(市场未知)
20221010,2555,44.11764705882353,,,-0.1148809523809524,0.1029761904761905,0.8375000000000001,False,中,L0 无变化
20221010,600874,36.36363636363637,0.1174443477785484,,-0.0113452188006483,-0.0048622366288493,-0.0421393841166936,True,低,L1 变化萌芽(市场未知)
20221010,913,29.375,,,-0.049226441631505,-0.0773558368495076,0.0192217533989687,False,低,L0 无变化
20221010,2182,14.492753623188406,,-0.970727687003682,-0.0815165876777251,0.0236966824644548,0.1208530805687202,False,低,L0 无变化
20221010,2034,18.181818181818183,,,0.0391717963066589,0.0218242865137101,0.0055959709009512,False,低,L0 无变化
20221010,603013,55.625,,,0.108611326609775,0.1062839410395657,0.1962761830876649,False,中,L0 无变化
20221010,2410,0.8928571428571428,,-0.3411912370719084,0.0536692223439212,0.3761226725082147,0.6930996714129243,False,低,L0 无变化
20221010,300231,45.535714285714285,,,0.2225705329153604,0.2210031347962382,0.6018808777429467,False,中,L0 无变化
20221010,600618,45.17543859649123,,1.5244020480086933,-0.002061855670103,0.0226804123711339,0.0412371134020619,True,中,L2 市场发现中
20221010,2061,36.206896551724135,,-0.9201114864485967,-0.0093109869646182,-0.0018621973929237,0.148975791433892,False,低,L0 无变化
20221010,688767,59.29824561403508,,1.4801676486128763,0.1548499347542409,0.0210961287516311,-0.0652457590256634,True,中,L2 市场发现中
20221010,301181,72.5,,0.8405948578832401,0.2189542483660131,0.1013071895424837,0.1734997029114677,True,高,L3 一致预期
20221010,600528,17.80821917808219,,-0.9089766970560894,0.0270270270270269,0.058108108108108,0.3,False,低,L0 无变化
20221010,300160,14.0625,2.9069025610613957,1.54312859957723,0.0167427701674276,-0.0228310502283105,0.1354642313546423,True,低,L1 变化萌芽(市场未知)
20221010,300861,1.0273972602739725,2.009464809020677,0.045576406351421,-0.0464272760246644,-0.0868697859992745,-0.1664853101196952,True,低,L1 变化萌芽(市场未知)
20221010,600662,27.58620689655172,,1.082619583620537,-0.0399999999999999,0.1180952380952382,0.1999999999999999,True,低,L1 变化萌芽(市场未知)
20221010,2543,65.625,-0.0384393960450916,,-0.2218623481781376,-0.2850202429149797,-0.2663967611336032,False,中,L0 无变化
20221010,600582,41.43835616438356,,,0.0386178861788619,0.0792682926829269,0.0060975609756097,False,中,L0 无变化
20221010,600426,35.526315789473685,,-0.9854627999471414,-0.0134656272147412,0.1785967399007795,0.2087172218284905,False,低,L0 无变化
20230103,408,83.05084745762711,,-0.758527810335677,0.0599321522804372,-0.0817941952506595,-0.097102507277508,False,高,L0 无变化
20230103,601038,64.54545454545455,,-0.5242581798228824,0.0898100172711571,-0.0449050086355785,0.0405829238177444,False,中,L0 无变化
20230103,617,86.95652173913044,,,0.0977312390924955,0.2652705061082023,0.2914485165794065,False,高,L0 无变化
20230103,600938,100.0,,,0.035529715762274,0.1395348837209302,0.2028423772609817,False,高,L0 无变化
20230103,600219,55.932203389830505,,-1.0427921768698285,0.1077844311377245,0.0119760479041914,-0.0687835123451169,False,中,L0 无变化
20230103,807,79.66101694915254,,-1.0223674827256288,0.2410071942446043,0.1816546762589928,0.1841004216925608,False,高,L0 无变化
20230103,2483,27.727272727272727,,0.8186331254098529,0.0584905660377357,0.0283018867924529,0.0947320851463457,True,低,L1 变化萌芽(市场未知)
20230103,603556,80.83333333333333,,-0.3735060011498413,0.0432876712328766,0.2586301369863013,0.4295149926208972,False,高,L0 无变化
20230103,300488,61.36363636363637,,,0.0909886264216972,0.0231846019247592,0.0463692038495187,False,中,L0 无变化
20230103,300540,81.81818181818183,,,0.0789320951828207,0.1665699361578643,0.5560069645966339,False,高,L0 无变化
20230103,2195,90.0,-0.0855486474998432,2.186735651750245,0.471153846153846,0.6538461538461535,0.3990385295583905,True,高,L3 一致预期
20230103,600251,84.375,,-0.6732528046350674,0.0647058823529411,0.0,0.0671540702712962,False,高,L0 无变化
20230103,603095,58.18181818181818,,,0.1041205139565795,0.0717766947275144,-0.0219976550127563,False,中,L0 无变化
20230103,300033,98.33333333333331,-0.3071624363615191,,0.254078303425775,1.4304617903741028,0.76854879214456,False,高,L0 无变化
20230103,600598,68.75,0.6910386737426191,,0.0289435600578871,-0.0282199710564399,0.007577250502232,True,中,L2 市场发现中
20230103,601688,91.30434782608695,-0.0556680701041128,,0.1118587047939445,0.1059714045416315,0.1850294365012617,False,高,L0 无变化
20230103,960,76.27118644067797,,,0.1377118644067796,0.0324858757062147,0.1388277171800729,False,高,L0 无变化
20230103,603298,88.18181818181819,-0.4385806465772049,,0.1023576768257619,0.1224841863139736,0.4575628647675742,False,高,L0 无变化
20230103,601985,84.52380952380952,,-0.5083548693806367,0.0,0.0509031198686371,0.167487684729064,False,高,L0 无变化
20230103,2833,63.63636363636363,,-0.2438248732515784,0.1987281399046105,0.4642289348171702,0.5583015709223691,False,中,L0 无变化
20230103,2842,93.22033898305084,,,0.1629353233830845,0.1094527363184081,0.0621890547263681,False,高,L0 无变化
20230103,2558,100.0,,,0.188191881918819,0.7380073800738007,1.0375001935086892,False,高,L0 无变化
20230103,2871,75.9090909090909,2.390350862058738,,0.1025449101796407,0.1197604790419162,0.3003721249699029,True,高,L3 一致预期
20230103,300308,100.0,,,0.0540636042402826,1.3759717314487632,4.1683073837203475,False,高,L0 无变化
20230103,2757,74.0909090909091,,,0.1539138082673703,0.4547053649956025,0.3759476758402946,False,高,L0 无变化
20230103,601900,80.35714285714286,,1.7394432021581971,0.0108303249097474,0.2057761732851986,1.4007220216606495,True,高,L3 一致预期
20230103,301000,90.47619047619048,,0.0804099242257092,0.1570952204520193,0.1074472026676547,0.2322271936787991,True,高,L3 一致预期
20230103,600295,81.81818181818183,,1.682972987838111,0.104031209362809,0.0026007802340701,-0.0846942242321937,True,高,L3 一致预期
20230103,300895,91.66666666666666,,-0.546672087553365,0.0806722689075631,0.5495798319327729,0.2589554646168208,False,高,L0 无变化
20230103,601881,65.21739130434783,,,0.0915032679738563,0.1143790849673203,0.2799564270152506,False,中,L0 无变化
20230103,300756,90.9090909090909,,,0.0094043887147334,0.0802507836990595,0.2206896551724138,False,高,L0 无变化
20230103,997,66.66666666666666,,,0.0786933927245732,0.2821083890126208,0.4201930215293243,False,中,L0 无变化
20230103,300913,73.07692307692307,1.6882435164381313,,0.0680597014925372,0.7707462686567164,2.9598947439116827,True,高,L3 一致预期
20230103,603,84.7457627118644,,-1.0745283206345726,0.1093514328808447,0.2450980392156865,-0.0671191553544494,False,高,L0 无变化
20230103,2177,76.66666666666667,,,0.0219435736677116,-0.031347962382445,0.2601880877742946,False,高,L0 无变化
20230103,2150,86.36363636363636,,-1.1972527896234082,0.2138810198300282,-0.0283286118980169,-0.1496694995278565,False,高,L0 无变化
20230103,737,77.96610169491525,,0.1662903573292613,0.2390057361376671,0.2198852772466539,0.0611854684512427,True,高,L3 一致预期
20230103,630,71.1864406779661,,,0.1360759493670886,0.0126582278481013,-0.0340935046718954,False,高,L0 无变化
20230103,2432,85.48387096774194,,3.0791802815387954,0.0450223170968369,-0.1356491364253832,-0.2669571406501355,True,高,L3 一致预期
20230103,603809,80.15873015873017,,0.0502178834151029,0.2437442075996292,0.0713623725671916,0.071558460771389,True,高,L3 一致预期
20230103,603203,77.27272727272727,,-0.1697164987478596,0.1106209704784526,0.1591448931116388,0.0721862202516723,False,高,L0 无变化
20230103,2048,80.95238095238095,,-0.0119099173584247,0.1137640449438202,0.0203651685393257,-0.0443450930466179,False,高,L0 无变化
20230103,300515,66.81818181818183,,-0.269905622476727,0.0922595777951524,0.1931196247068021,0.2419788571707946,False,中,L0 无变化
20230103,300823,48.63636363636364,,,0.0627640313820157,0.0814725407362702,0.2726584220991583,False,中,L0 无变化
20230103,2448,86.5079365079365,-0.445683152566141,,0.0802919708029195,0.0200729927007297,0.3242787771200093,False,高,L0 无变化
20230103,600999,76.08695652173914,0.0368036362553309,,0.0988679245283019,0.0588679245283019,0.0460377358490566,True,高,L3 一致预期
20230103,2756,1.694915254237288,,0.5356784307078954,0.2237093690248566,-0.073401317187168,-0.0795600307949788,True,低,L1 变化萌芽(市场未知)
20230103,300817,70.45454545454545,,,0.1087077093732669,-0.0415973377703826,-0.0221057561355797,False,高,L0 无变化
20230103,600030,84.78260869565217,,,0.1100502512562815,0.0552763819095476,0.0170854271356784,False,高,L0 无变化
20230103,2429,96.49122807017544,,,0.112676056338028,0.3859154929577464,0.6292453609167297,False,高,L0 无变化
20230103,603565,75.47169811320755,,-0.9037720088721228,0.1041666666666667,0.157258064516129,0.0854664041441528,False,高,L0 无变化
20230103,600114,95.0,,,0.1571753986332573,0.0558086560364463,-0.1045747159332417,False,高,L0 无变化
20230103,2014,84.21052631578947,-0.1267476184286768,,0.0615006150061501,0.1131611316113161,0.1186532846206649,False,高,L0 无变化
20230103,600660,78.57142857142857,0.2206852706910422,,0.1014084507042252,-0.0180281690140845,0.0421795373459665,True,高,L3 一致预期
20230103,301061,93.42105263157896,,2.819321452818175,0.0979856606350288,0.1314441789006486,0.3149417072770648,True,高,L3 一致预期
20230103,300130,68.33333333333333,1.9841743315102816,-0.5702129259577617,0.095389507154213,0.4268680445151034,1.2766490407920936,True,中,L2 市场发现中
20230103,2283,82.53968253968253,,-0.7679008453899279,0.180327868852459,0.1700819672131146,0.3114754098360655,False,高,L0 无变化
20230103,688981,81.9047619047619,,1.4209249149921042,0.0462205103514685,0.31391429947039,0.2277323062108811,True,高,L3 一致预期
20230103,600483,77.38095238095238,0.1307505116228685,,0.1731481481481482,0.1296296296296297,0.087037037037037,True,高,L3 一致预期
20230103,601211,63.04347826086957,,,0.0817843866171001,0.0862453531598512,0.097942257563329,False,中,L0 无变化
20230103,2978,20.33898305084746,,-0.9727683950363788,0.1413489736070383,0.0788856304985337,-0.0340248706550945,False,低,L0 无变化
20230103,301075,100.0,,,-0.1535874439461882,-0.2679372197309416,-0.3259529147982063,False,高,L0 无变化
20230103,2986,44.44444444444444,,0.1050030249189463,0.0785746916400182,0.2476016445865692,0.2471448149840109,True,中,L2 市场发现中
20230103,603083,96.15384615384616,,,0.1655348047538201,2.511035653650255,4.314091680814941,False,高,L0 无变化
20230103,913,7.142857142857142,0.3751970662436631,-0.2829207807369314,0.3358739837398374,0.1046747967479675,-0.065040650406504,True,低,L1 变化萌芽(市场未知)
20230103,600595,59.32203389830508,,-0.9712613615255868,0.1386138613861387,0.0627062706270629,-0.1122112211221121,False,中,L0 无变化
20230103,600398,88.88888888888889,,-0.5954855998795551,-0.0131826741996233,0.1581920903954803,0.4089872773100107,False,高,L0 无变化
20230103,603339,42.27272727272727,1.2784152131505206,,0.0906921241050118,0.1845664280031822,0.2812420702316029,True,中,L2 市场发现中
20230103,300921,57.692307692307686,,,0.091206990715456,0.3839432004369199,0.5370049944317694,False,中,L0 无变化
20230103,601016,25.0,0.5060617423390775,0.971368985656024,0.0282051282051281,-0.0076923076923076,-0.0305163131960517,True,低,L1 变化萌芽(市场未知)
20230103,2738,18.64406779661017,,1.1341572292571596,0.2461581447331657,0.0153674210673373,0.0138801175174236,True,低,L1 变化萌芽(市场未知)
20230103,600894,50.90909090909091,,-1.23764320694804,0.0599078341013825,0.1351766513056835,0.1731046144972201,False,中,L0 无变化
20230103,600455,43.333333333333336,,,0.1167718665464381,0.1118124436429215,0.0338142470694318,False,中,L0 无变化
20230403,408,86.4406779661017,,-0.758527810335677,-0.0260736420676443,-0.0166719835005044,-0.0010911850282409,False,高,L0 无变化
20230403,601728,45.45454545454545,,,0.0199386503067484,-0.1080668934634009,-0.0674022033115639,False,中,L0 无变化
20230403,601339,84.78260869565217,,2.343456471477167,-0.1351744186046511,-0.1087586444746249,-0.1103388596439961,True,高,L3 一致预期
20230403,2842,94.91525423728814,,,-0.0683856502242151,-0.0426008968609866,-0.0448430493273542,False,高,L0 无变化
20230403,737,83.05084745762711,,0.1662903573292613,-0.067398119122257,-0.1300940438871474,-0.1363636363636363,True,高,L3 一致预期
20230403,688668,78.18181818181819,,0.349199673150432,-0.1252657151533555,0.4384008961926213,-0.2479060071521163,True,高,L3 一致预期
20230403,688205,80.0,,0.383478878183968,0.0969052829009065,0.0850282403165691,-0.0562923698549086,True,高,L3 一致预期
20230403,960,76.27118644067797,,,0.0451436388508892,0.1029959285410282,-0.0315157700615362,False,高,L0 无变化
20230403,301205,90.9090909090909,,,0.5406554076725201,2.8261495123561335,0.6559231817810465,False,高,L0 无变化
20230403,300570,89.0909090909091,,-0.9014052557892034,-0.143668559973271,0.7724690945539592,0.4067989608255296,False,高,L0 无变化
20230403,807,71.1864406779661,,-1.0223674827256288,0.0715372907153728,0.0020697632588488,0.1662550398543372,False,高,L0 无变化
20230403,300502,98.1818181818182,,-1.0296936992829486,0.1032646048109966,0.6323961150514159,0.0833656035103627,False,高,L0 无变化
20230403,600219,55.932203389830505,,-1.0427921768698285,-0.0147928994082839,-0.0798038258084883,-0.0588221540842518,False,中,L0 无变化
20230403,975,74.57627118644068,,,0.0224980605120248,-0.0380139643134213,0.1086113266097748,False,高,L0 无变化
20230403,601328,78.125,,,0.16078431372549,0.1549019607843136,0.208463217156364,False,高,L0 无变化
20230403,300540,80.8695652173913,,,0.0786069651741292,0.3338308457711443,0.0805970149253731,False,高,L0 无变化
20230403,603115,96.61016949152544,,,-0.1825396825396825,-0.1145124716553287,-0.1767976760222421,False,高,L0 无变化
20230403,300548,87.27272727272727,,,-0.1035083783218051,0.1005207493704736,0.046422117027824,False,高,L0 无变化
20230403,601319,87.2340425531915,1.3662231289827405,,0.2837837837837835,0.1718146718146718,0.1525255031373156,True,高,L3 一致预期
20230403,688143,76.36363636363637,,,-0.0230088495575222,0.0808373884282478,-0.0346342055453835,False,高,L0 无变化
20230403,603889,91.30434782608695,,-0.7915092368005117,0.1446229913473424,0.3383595750653105,0.4417288105378345,False,高,L0 无变化
20230403,688182,65.45454545454545,,0.5551540103285942,0.0086705202312138,0.374040040135575,0.3010206200355825,True,中,L2 市场发现中
20230403,300563,60.0,,,-0.1438645980253878,0.1157456161538159,0.0674818108748978,False,中,L0 无变化
20230403,2448,88.9763779527559,-0.445683152566141,,0.0948121645796065,0.2982196240818697,0.3327660846666813,False,高,L0 无变化
20230403,600888,45.76271186440678,,-0.8028717663046132,-0.0287686996547755,-0.0439918757309019,-0.0439918757309019,False,中,L0 无变化
20230403,2270,93.5483870967742,,,0.1366120218579234,0.2158578421402324,0.6099391919622767,False,高,L0 无变化
20230403,2833,73.47826086956522,,-0.2396242835101471,-0.041259500542888,0.0642472183606623,0.0909368037740958,False,高,L0 无变化
20230403,300689,69.0909090909091,,1.3409331607028925,-0.0528756957328385,0.0640469666295011,-0.0288423364372383,True,中,L2 市场发现中
20230403,601688,91.48936170212764,-0.0556680701041128,,0.0904942965779467,0.0714828897338404,0.2308045800606215,False,高,L0 无变化
20230403,600114,93.04347826086956,,,-0.1758360302049622,-0.1519057180036529,0.3989184032929436,False,高,L0 无变化
20230403,601169,62.5,,,0.0972850678733032,0.0610859728506787,0.119908436105889,False,中,L0 无变化
20230403,688159,61.81818181818181,,,-0.0738585496866607,0.7363473589973142,0.7144136078782453,False,中,L0 无变化
20230403,600000,59.375,,,0.0681502086230876,0.0180806675938802,0.0218147041827543,False,中,L0 无变化
20230403,301000,89.76377952755905,,0.0895930129502176,-0.0117096018735364,0.1126735348742318,0.105268053776899,True,高,L3 一致预期
20230403,603045,91.52542372881356,,2.001685275385472,-0.0021111893033074,0.067558057705841,0.1018672165545402,True,高,L3 一致预期
20230403,630,67.79661016949152,,,0.0375,-0.0461673358634968,0.0237803928398467,False,中,L0 无变化
20230403,601985,83.52941176470588,,-0.5083548693806367,0.1187500000000001,0.1109374999999999,0.1773809523809524,False,高,L0 无变化
20230403,2871,76.95652173913044,2.390350862058738,,0.0744856631761614,0.1612948923528008,-0.0362403944471034,True,高,L3 一致预期
20230403,300488,59.56521739130435,,,-0.079521162890124,0.022659256092347,0.2084116115150338,False,中,L0 无变化
20230403,601038,52.60869565217391,,-0.5225884265236922,0.074141048824593,0.0895072565831356,0.1337886692131022,False,中,L0 无变化
20230403,962,100.0,,-0.374825305245721,-0.0618212197159565,0.0292397660818712,0.0701754385964914,False,高,L0 无变化
20230403,603979,84.7457627118644,,1.846768633119783,0.0972684876748832,0.0296469020652898,0.2273763033351512,True,高,L3 一致预期
20230403,600522,56.36363636363636,,,-0.1738391845979615,-0.0690826727066817,-0.1513619277089143,False,中,L0 无变化
20230403,603095,66.95652173913044,,,-0.0810252170318314,-0.0874942982074373,-0.0963484956643443,False,中,L0 无变化
20230403,300836,92.17391304347828,,-0.7158038393886129,0.0108303249097472,0.1692739671079022,0.1203369434416368,False,高,L0 无变化
20230403,301377,100.0,,,-0.1250583294447037,0.0498044158046095,-0.0863940170973704,False,高,L0 无变化
20230403,2177,75.75757575757575,,,0.1682847896440129,0.3009708737864078,0.2944983818770226,False,高,L0 无变化
20230403,657,98.30508474576273,,,-0.0253353204172875,-0.0572191694782654,-0.0998526294401939,False,高,L0 无变化
20230403,300756,83.47826086956522,,,0.0951828206616365,0.130005803830528,0.0348229831688915,False,高,L0 无变化
20230403,601229,84.375,,,0.0648918469217969,0.0348008143993647,0.0953571443297924,False,高,L0 无变化
20230403,600595,64.40677966101694,,-0.9712613615255868,0.012422360248447,-0.1645962732919254,-0.124223602484472,False,中,L0 无变化
20230403,603040,96.8503937007874,,-1.1946450098092711,0.0594388968140753,0.2763767451878569,0.1585533378024883,False,高,L0 无变化
20230403,2283,82.67716535433071,,-0.7611078436558054,0.0052539404553415,0.1208406304728546,0.2327898555113621,False,高,L0 无变化
20230403,600050,12.727272727272728,-0.2003685255235172,,-0.0215827338129497,-0.116906474820144,-0.1004322697835451,False,低,L0 无变化
20230403,600016,37.5,-0.7800850641770078,,0.1565217391304347,0.16379430323609,0.1209176710116026,False,低,L0 无变化
20230403,603298,80.43478260869566,-0.4385806465772049,,0.0835040983606558,0.2985152775772601,0.3397960449529558,False,高,L0 无变化
20230403,600251,91.17647058823528,,-0.6732528046350674,0.1117647058823529,0.0671540702712962,0.1571839412165687,False,高,L0 无变化
20230403,603556,67.74193548387096,,-0.3876341497069112,0.0352633870265561,0.135770510027487,0.1585933216947062,False,中,L0 无变化
20230403,600301,89.83050847457628,,1.271534602391975,0.0677361853832443,0.0677361853832443,-0.1271538918597741,True,高,L3 一致预期
20230403,603699,97.3913043478261,,,0.0945512820512819,0.1706730769230768,0.2538780188714291,False,高,L0 无变化
20230403,2638,87.71929824561403,,,0.090566037735849,0.3169811320754718,0.0339622641509436,False,高,L0 无变化
20230403,603803,54.54545454545454,,-0.5454076183828571,-0.180327868852459,0.0332743728709556,-0.0877694833759084,False,中,L0 无变化
20230403,2155,77.96610169491525,,-0.958823841906626,0.019385026737968,-0.1603151445588211,-0.1852296109993373,False,高,L0 无变化
20230403,601601,76.59574468085107,0.3554589777738603,,0.2928679817905919,0.0723321078129102,0.1216120760028418,True,高,L3 一致预期
20230403,600660,78.74015748031496,0.2206852706910422,,-0.0329890992541594,0.0613130687258121,0.1401823797780668,True,高,L3 一致预期
20230403,612,66.10169491525424,,-1.1782930935943496,-0.0710382513661203,-0.0994629493089719,-0.0495358438291819,False,中,L0 无变化
20230403,2017,41.81818181818181,,-0.9526481692062988,0.0082174462705435,0.0559122550788075,-0.0879630247831443,False,中,L0 无变化
20230403,601101,100.0,,-0.55121398946973,0.0062794348508634,-0.0193943214006199,-0.009422060262321,False,高,L0 无变化
20230403,2483,35.65217391304348,,0.8324221176639484,-0.0073394495412844,0.0646018442707581,0.1016314736366976,True,低,L1 变化萌芽(市场未知)
20230403,2517,94.73684210526316,,-0.7532768714516375,0.4004629629629628,0.1064814814814814,-0.0216235485959459,False,高,L0 无变化
20230403,605118,89.39393939393939,,-0.043607360161237,-0.1449864498644986,0.1648555424064024,0.039441019408873,False,高,L0 无变化
20230403,603516,100.0,,-0.0585001318043329,0.0937823834196889,0.032887250803246,-0.1466321958099125,False,高,L0 无变化
20230403,688498,100.0,,,0.3613068181818182,1.0176020860825172,0.5614485709682091,False,高,L0 无变化
20230403,300835,93.22033898305084,,-0.7797797690209032,-0.1793296089385474,-0.1103326902774134,-0.2405622079510011,False,高,L0 无变化
20230403,300304,93.7007874015748,,-0.650267493370066,-0.0010131785267307,0.1623031383595574,0.2259328722113578,False,高,L0 无变化
20230403,600236,96.47058823529412,,-0.953834614202366,0.0053859964093356,0.0370369549608644,0.0444842580485547,False,高,L0 无变化
20230703,601518,83.07692307692308,,-0.7171258873451208,0.0778688524590163,0.069672131147541,0.0901639344262295,False,高,L0 无变化
20230703,600251,90.0,,,0.0798650168728911,0.0843644544431947,-0.0168728908886387,False,高,L0 无变化
20230703,762,4.225352112676056,,0.2633498616285268,0.0309484193011646,-0.2242928452579035,-0.0421609662993628,True,低,L1 变化萌芽(市场未知)
20230703,600061,23.88059701492537,,,0.0883977900552486,-0.0552486187845303,-0.0759668508287293,False,低,L0 无变化
20230703,601601,82.08955223880598,-0.0918389876762631,,0.0911764705882351,0.0459558823529411,-0.1242647058823529,False,高,L0 无变化
20230703,600941,48.52941176470589,,,-0.0053797468354431,0.0682216426888082,0.0649855880305567,False,中,L0 无变化
20230703,601319,92.53731343283582,-0.8122782249165797,,0.0597167862355456,-0.0164609380146135,-0.1942089612649845,False,高,L0 无变化
20230703,601169,57.89473684210527,,,0.0645740702867954,0.055436095434548,0.0394446394431156,False,中,L0 无变化
20230703,600483,60.416666666666664,,,-0.0355502415255263,-0.0194951920384364,-0.014908035042125,False,中,L0 无变化
20230703,600566,68.38487972508591,,0.0625223121540179,-0.1139510117145898,-0.0379836705715299,0.1821086261980831,True,中,L2 市场发现中
20230703,601619,38.54166666666667,1.7380528427449786,-0.054157562586059,-0.0503282275711161,-0.1531728665207877,-0.2231947483588621,True,低,L1 变化萌芽(市场未知)
20230703,408,90.14084507042254,,0.8733089783157442,0.033463711429813,0.0158449654752326,0.1679741627861004,True,高,L3 一致预期
20230703,601728,39.705882352941174,-1.0126803290780435,,-0.0017421602787457,0.0455916366976656,-0.0418383807053814,False,低,L0 无变化
20230703,2738,29.577464788732392,,0.4324733607325207,-0.1223851417399805,-0.3010752688172043,-0.2877810361681329,True,低,L1 变化萌芽(市场未知)
20230703,600971,69.56521739130434,,-1.0108957643019476,0.0250626566416041,0.1766917293233083,0.4436090225563911,False,中,L0 无变化
20230703,600598,75.0,,,0.0674074074074073,-0.0244444444444444,-0.1074074074074075,False,高,L0 无变化
20230703,915,47.07903780068728,,,0.0162439441436308,-0.0729552579082358,-0.1607295525790824,False,中,L0 无变化
20230703,2543,37.142857142857146,,,0.0224999999999999,0.0574999999999998,0.12125,False,低,L0 无变化
20230703,601019,65.0,,,0.0165910646267259,0.0475357757258485,0.0876492901135999,False,中,L0 无变化
20230703,2772,95.0,,,-0.0661553211888781,-0.1744966442953019,-0.2291466922339405,False,高,L0 无变化
20230703,601330,64.51612903225806,,,0.0421109172265428,-0.0492783909595544,-0.0697386838370389,False,中,L0 无变化
20230703,600998,62.88659793814433,,-0.5863638657806532,-0.0566959921798631,0.04594330400782,-0.020950167071016,False,中,L0 无变化
20230703,2756,12.676056338028168,,1.73796896373986,-0.1422229269066117,-0.2772078637477302,-0.1623066026260129,True,低,L1 变化萌芽(市场未知)
20230703,300910,19.004524886877828,1.885948094844864,1.9419807265687328,-0.0056451612903225,-0.1110887096774193,-0.1151209677419354,True,低,L1 变化萌芽(市场未知)
20230703,603568,50.0,-0.1632801488642747,2.132699387972004,0.040217403529601,-0.0005191853565554,-0.0607634365262235,True,中,L2 市场发现中
20230703,601811,73.75,-0.1493057095895277,,0.0064516129032259,-0.0465949820788531,-0.0236559139784946,False,高,L0 无变化
20230703,591,5.208333333333334,-0.53987244947965,-0.0879375848854987,-0.0321637426900585,-0.1564327485380117,-0.1842105263157895,False,低,L0 无变化
20230703,600757,85.0,-0.7334628622589762,,0.0035087719298245,-0.1157894736842105,-0.1274853801169591,False,高,L0 无变化
20230703,601016,30.208333333333332,,-1.3821501439236674,-0.0027100271002709,-0.116531165311653,-0.1788617886178861,False,低,L0 无变化
20230703,600390,37.3134328358209,-0.3886927628581893,,0.1052631578947369,-0.0617059891107079,-0.1338489642159643,False,低,L0 无变化
20230703,2987,71.42857142857143,-0.0429705331467198,,-0.0772357723577235,-0.1413730803974706,-0.167118337850045,False,高,L0 无变化
20230703,719,90.0,,,-0.008743252971602,-0.0301305936673367,-0.0924328469983897,False,高,L0 无变化
20230703,600352,76.01809954751131,,-0.3787897893576821,0.0654371010501937,0.0012279192708664,-0.0793056307574424,False,高,L0 无变化
20230703,688335,66.12903225806451,,,-0.0634404229361529,-0.1232208214721432,-0.2338585139505997,False,中,L0 无变化
20230703,623,83.16151202749141,0.1122677435289963,-0.388275405512224,0.0986540864845457,0.0897632441661735,-0.0372487889534269,True,高,L3 一致预期
20230703,603095,66.01941747572816,,,-0.0116731517509729,-0.0097031694591206,0.0842955938676204,False,中,L0 无变化
20230703,600050,14.705882352941178,,-0.7649872761918685,0.0556224304093826,0.0186551079436843,-0.1022038731719902,False,低,L0 无变化
20230703,300628,16.176470588235293,,0.4349321897603774,0.1083116130900665,0.0517456863239242,-0.1538454838594734,True,低,L1 变化萌芽(市场未知)
20230703,596,11.235955056179774,-0.462701577639818,1.5519201610693305,0.0660466438384506,0.0782458772139749,-0.1114363586152034,True,低,L1 变化萌芽(市场未知)
20230703,2091,58.92857142857143,,1.470073893227828,0.0379581151832459,-0.0366492146596858,0.0248691099476439,True,中,L2 市场发现中
20230703,600694,60.71428571428571,,,0.0922222222222222,-0.0183333333333333,-0.0483333333333333,False,中,L0 无变化
20230703,688589,7.8125,,1.6061749225340614,-0.0075242718446602,-0.0434466019417475,-0.0254854368932039,True,低,L1 变化萌芽(市场未知)
20230703,2728,53.264604810996566,1.0676022304316897,1.5586342776567643,0.0222367560497058,0.0117724002616088,0.1765860039241333,True,中,L2 市场发现中
20230703,893,85.06787330316742,,0.1170427809673617,0.1724285104566794,0.1886470337174564,0.0537772087067862,True,高,L3 一致预期
20230703,601231,57.03125,,,-0.1081409477521263,-0.1093560145808019,-0.0893074119076547,False,中,L0 无变化
20230703,2821,79.72508591065292,,-0.3189308623257911,0.0554623258936062,0.2877160597415675,-0.061923141466689,False,高,L0 无变化
20230703,600863,84.375,,,-0.1004339436933837,-0.1105131151926175,0.0179963214226133,False,高,L0 无变化
20230703,601211,80.59701492537313,-0.4788588652744062,,0.090014064697609,0.018987341772152,0.0457102672292546,False,高,L0 无变化
20230703,603393,56.25,,-0.7510379156368695,0.0089853987270684,0.0834893298390115,0.1666042680643953,False,中,L0 无变化
20230703,2441,36.312849162011176,,,-0.0614828737114008,-0.1320951146416858,-0.1472901538292155,False,低,L0 无变化
20230703,823,51.953125,,,-0.003157894736842,-0.0294736842105262,0.0157894736842105,False,中,L0 无变化
20230703,300590,20.588235294117645,,,-0.077943615257048,-0.048922056384743,-0.0124378109452735,False,低,L0 无变化
20230703,600123,13.043478260869565,,,0.0586124401913874,0.144736842105263,0.3744019138755983,False,低,L0 无变化
20230703,2034,27.419354838709676,,,0.0297280202403542,-0.0183428209993674,-0.0109525764944781,False,低,L0 无变化
20230703,601900,88.75,,-0.8296223837850252,-0.0560749917274538,-0.2057091407044264,-0.3322832324760435,False,高,L0 无变化
20230703,603920,76.171875,,-0.5168368170489257,-0.0413678985107556,-0.062327633756205,-0.0011031439602868,False,高,L0 无变化
20231009,408,89.04109589041096,,0.4223660228531887,-0.0119627824545857,0.1497563136907398,0.4040762073548958,True,高,L3 一致预期
20231009,600251,83.33333333333334,,,-0.0394190871369294,-0.0933609958506223,-0.1120331950207468,False,高,L0 无变化
20231009,600352,77.72727272727272,,-0.91144709013738,-0.0315217391304348,-0.0804347826086956,-0.0641304347826087,False,高,L0 无变化
20231009,600016,7.894736842105263,,,0.0191256830601092,0.0273224043715847,0.0983606557377048,False,低,L0 无变化
20231009,601688,93.05555555555556,,,0.0171102661596957,-0.129911280101394,-0.0963244613434727,False,高,L0 无变化
20231009,601336,95.83333333333334,,,-0.1024244075183874,-0.1500953418687007,-0.168346499591392,False,高,L0 无变化
20231009,601319,81.94444444444444,,,-0.0895008605851979,-0.1807228915662649,-0.0877796901893286,False,高,L0 无变化
20231009,2738,30.136986301369863,,1.2668028516355003,0.0176223776223778,0.0190209790209789,0.0839160839160839,True,低,L1 变化萌芽(市场未知)
20231009,603871,95.16129032258064,,,-0.0178173719376392,-0.0701559020044544,0.3875278396436525,False,高,L0 无变化
20231009,651,66.66666666666666,,-0.9341478932637388,-0.0754098360655738,-0.1248633879781421,0.0961748633879782,False,中,L0 无变化
20231009,2670,84.72222222222221,,,0.0604099244875944,-0.0064724919093849,0.0215749730312837,False,高,L0 无变化
20231009,2772,78.57142857142857,,,-0.0499419279907085,-0.0662020905923345,-0.0917537746806039,False,高,L0 无变化
20231009,600598,64.28571428571429,,-0.6520856290995695,-0.0349278663629459,-0.085041761579347,-0.0599848139711465,False,中,L0 无变化
20231009,2833,53.75375375375376,0.5230688640879494,0.6513368937990167,-0.0531950423038949,-0.0658191084065096,0.0572655360939839,True,中,L2 市场发现中
20231009,601601,65.27777777777779,,,-0.0333919156414763,-0.1627416520210896,-0.1662565905096661,False,中,L0 无变化
20231009,601318,77.77777777777779,,,-0.0424680594276404,-0.1621860852495891,-0.124402736674577,False,高,L0 无变化
20231009,300628,65.21739130434783,,-0.3053038422840688,-0.0826584752862328,-0.1954761239877129,-0.2306618263055012,False,中,L0 无变化
20231009,923,85.71428571428571,-0.3871338950504891,1.9151660576481817,0.0407013149655604,0.066374452097683,0.0569818409517846,True,高,L3 一致预期
20231009,603040,89.65517241379311,0.0029721218646982,,-0.1005867560771165,0.1441743503772001,-0.0959765297569154,True,高,L3 一致预期
20231009,2533,82.10526315789474,,-0.7362389234119293,0.0274869109947644,0.0785340314136124,0.4070680628272252,False,高,L0 无变化
20231009,600000,50.0,,,-0.0241820768136558,-0.0611664295874821,0.0284495021337125,False,中,L0 无变化
20231009,603568,55.072463768115945,-0.0043187815538303,2.3389523477054133,0.0424799081515498,-0.0602755453501722,0.0815154994259472,True,中,L2 市场发现中
20231009,601298,88.70967741935483,,-0.8857925545286744,-0.0626959247648902,-0.012539184952978,0.1473354231974921,False,高,L0 无变化
20231009,301004,77.66990291262135,,0.9262090712573346,0.0266756332660837,0.0493162967944407,0.5592916386460436,True,高,L3 一致预期
20231009,600030,91.66666666666666,-0.3642447658068196,,0.0023062730627305,-0.0742619926199261,-0.1047047970479704,False,高,L0 无变化
20231009,600219,54.7945205479452,,,-0.0063694267515922,-0.0509554140127388,0.0987261146496816,False,中,L0 无变化
20231009,601156,83.87096774193549,,,-0.0534100246507804,0.2325390304026295,0.5028759244042726,False,高,L0 无变化
20231009,600999,88.88888888888889,,,0.0107836089144501,-0.0251617541337166,0.0158159597411933,False,高,L0 无变化
20231009,601229,81.57894736842105,,,-0.0113821138211381,-0.024390243902439,0.1024390243902437,False,高,L0 无变化
20231009,2716,90.41095890410958,0.7071067811865474,,-0.0108695652173912,0.0181159420289855,0.1340579710144929,True,高,L3 一致预期
20231009,719,85.33333333333334,,,-0.0393096836049856,-0.0642377756471714,0.2281879194630873,False,高,L0 无变化
20231009,601218,66.84210526315789,,-0.2062494905345123,0.048780487804878,0.100271002710027,-0.1219512195121951,False,中,L0 无变化
20231009,300897,68.76876876876878,,-0.953873796812092,-0.0557599773563544,-0.0189640532125672,-0.1386923294650438,False,中,L0 无变化
20231009,601211,79.16666666666666,,,0.0296756383712906,0.026224982746722,-0.0358868184955142,False,高,L0 无变化
20231009,601038,61.261261261261254,,-0.6948282135875908,-0.0520748576078113,0.1871440195280713,0.3742880390561431,False,中,L0 无变化
20231009,603920,75.27272727272727,,,0.0517647058823527,0.0652941176470587,0.0952941176470587,False,高,L0 无变化
20231009,2428,98.63013698630137,,-0.650464972331567,-0.0198321891685735,-0.0533943554538519,-0.129672006102212,False,高,L0 无变化
20231009,600531,63.013698630136986,,,-0.0276073619631901,-0.0490797546012269,0.0398773006134969,False,中,L0 无变化
20231009,600888,38.35616438356164,,,-0.0526976160602258,-0.0790464240903388,0.0112923462986198,False,低,L0 无变化
20231009,605117,84.21052631578947,,0.5452028600544191,-0.1108644554714024,0.0335596761556542,0.2930268999738836,True,高,L3 一致预期
20231009,603299,44.54545454545455,,,-0.0522875816993465,-0.0577342047930284,0.0032679738562091,False,中,L0 无变化
20231009,600660,85.0574712643678,,-0.5695869147564802,-0.0341947272252675,-0.0164447924823806,0.1694074654137303,False,高,L0 无变化
20231009,300234,80.95238095238095,,,0.0018903591682419,0.0227702104541378,-0.153108031343583,False,高,L0 无变化
20231009,603323,34.21052631578947,,,-0.0272727272727273,-0.0454545454545454,0.0431818181818182,False,低,L0 无变化
20231009,776,94.44444444444444,,,0.0081967213114753,-0.0300546448087432,-0.0806010928961747,False,高,L0 无变化
20231009,601619,44.44444444444444,,1.0276376170327468,-0.0775193798449612,-0.082687338501292,-0.1214470284237726,True,中,L2 市场发现中
20231009,600551,76.0,,,-0.0700354609929078,-0.0248226950354609,0.1808510638297873,False,高,L0 无变化
20231009,605098,93.18181818181816,,-0.5660414630797187,-0.0542577241899018,-0.0200954534036673,0.1331323787992966,False,高,L0 无变化
20231009,603203,72.07207207207207,,0.0716886817215446,-0.0174512987012986,0.1534090909090908,-0.1757305194805195,True,高,L3 一致预期
20231009,915,44.94773519163763,,,0.0113741162004303,-0.0946818321549339,0.0937596065170611,False,中,L0 无变化
20231009,807,64.38356164383562,,,-0.0720423000660939,-0.1844018506278916,-0.0667547918043622,False,中,L0 无变化
20231009,600694,64.51612903225806,,,-0.032258064516129,-0.0305602716468591,-0.0203735144312393,False,中,L0 无变化
20231009,301016,78.37837837837837,,,0.0066195939982345,-0.0220653133274493,-0.2157987643424537,False,高,L0 无变化
20231009,2565,96.11650485436894,,2.2088506061134363,0.0518292682926828,0.0487804878048778,-0.0670731707317073,True,高,L3 一致预期
20231009,630,69.86301369863014,,,-0.0403726708074534,0.0279503105590062,0.2329192546583851,False,中,L0 无变化
20231009,603558,91.8918918918919,,0.8453139479793783,0.0846867749419952,0.1852551237326165,0.2936553410790166,True,高,L3 一致预期
20231009,2056,67.36842105263158,,-0.0427841756767234,-0.1202185792349727,-0.1857923497267759,-0.0995749848208865,False,中,L0 无变化
20231009,601916,36.84210526315789,,,0.0,0.0,0.1778656126482214,False,低,L0 无变化
20231009,878,46.57534246575342,,-0.2438067303750439,-0.0600343053173242,-0.0608919382504288,0.1372212692967411,False,中,L0 无变化
20231009,600941,49.275362318840585,,,-0.0558416641421791,-0.0030293850348378,0.0561446026456631,False,中,L0 无变化
20231009,2842,93.15068493150685,,-0.6056635795393807,0.0129107981220659,0.0375586854460094,-0.1971830985915492,False,高,L0 无变化
20231009,680,81.98198198198197,,,0.0714285714285714,0.0483193277310924,0.7415966386554622,False,高,L0 无变化
20231009,603889,64.86486486486487,,,-0.1257861635220126,-0.0553459119496856,-0.109433962264151,False,中,L0 无变化
20240102,600015,40.0,-0.359512366173387,,0.0578947368421052,0.1508771929824561,0.2007101905015262,False,低,L0 无变化
20240102,600016,11.428571428571429,,,0.0425531914893617,0.0691489361702129,0.0132978723404255,False,低,L0 无变化
20240102,600251,72.72727272727273,1.3852841151910984,,-0.1361556064073227,-0.0205949656750572,-0.1003849101782509,True,高,L3 一致预期
20240102,300109,56.830601092896174,,-0.0022424441527685,-0.1699669966996699,0.0786578657865786,0.0152074671900059,False,中,L0 无变化
20240102,915,55.33596837944664,,,-0.0872665534804754,0.2081494057724957,0.0906367807864556,False,中,L0 无变化
20240102,603299,46.44808743169399,,,-0.099421965317919,0.0647398843930635,0.2010847717765942,False,中,L0 无变化
20240102,600967,70.83333333333334,,,-0.1428571428571429,-0.05,-0.1357142857142858,False,高,L0 无变化
20240102,601319,78.72340425531915,,,0.0630252100840336,0.1134453781512605,0.1008403361344536,False,高,L0 无变化
20240102,600325,5.555555555555555,-0.5647898239397259,,-0.0575539568345323,0.0258992805755395,0.0287769784172662,False,低,L0 无变化
20240102,617,55.319148936170215,,,0.0720887245841035,0.0628465804066542,0.0277264325323476,False,中,L0 无变化
20240102,651,65.15151515151516,-0.2187072397078911,-0.8336474222665008,0.1014673743365595,0.2525757102716204,0.2144864189822042,False,中,L0 无变化
20240102,603871,87.5,,,0.1664670658682634,0.4922155688622756,0.5285766506474758,False,高,L0 无变化
20240102,600352,73.77049180327869,-0.3939073491078392,,-0.08628841607565,0.0177304964539006,0.0577838431021808,False,高,L0 无变化
20240102,2757,58.42696629213483,-0.2535506857279572,,-0.2151979565772668,-0.040868454661558,-0.219807059964243,False,中,L0 无变化
20240102,601117,48.64864864864865,,,-0.0267295597484277,0.0676100628930818,0.2955974842767295,False,中,L0 无变化
20240102,2662,41.40127388535032,-0.2422135669749256,0.7206135457084077,-0.1943661971830985,-0.0253521126760564,-0.1110910959775922,True,中,L2 市场发现中
20240102,603881,67.27272727272727,,,-0.2016334864726902,0.0020418580908627,-0.1504217258922178,False,中,L0 无变化
20240102,600694,68.62745098039215,0.4352378405125717,,-0.0770577933450088,0.0105078809106831,0.1683564101134163,True,中,L2 市场发现中
20240102,301004,68.53932584269663,,0.3752897785052103,0.1486861781670583,0.4860072634052552,1.063900770870802,True,中,L2 市场发现中
20240102,600874,46.666666666666664,,-0.1700098128253266,-0.0715563506261179,0.0161001788908765,0.0232558139534881,False,中,L0 无变化
20240102,600757,71.42857142857143,,-1.4229700668398408,-0.0750670241286863,0.0978552278820377,0.1723144603425521,False,高,L0 无变化
20240102,300795,58.06451612903226,,-0.4769387591383816,-0.146949602122016,0.0931034482758619,-0.3135669682544024,False,中,L0 无变化
20240102,601928,53.57142857142857,,,0.061179087875417,0.2525027808676305,0.2736373748609564,False,中,L0 无变化
20240102,2478,72.72727272727273,,-0.8121476212880562,-0.0894454382826476,0.1717352415026831,-0.0390859853490451,False,高,L0 无变化
20240102,600486,24.043715846994537,,,-0.205128205128205,-0.1241735203999354,-0.0686985970004837,False,低,L0 无变化
20240102,601677,30.76923076923077,-0.1453423452081305,,-0.1579876434245365,0.0026478375992939,0.0654985694116603,False,低,L0 无变化
20240102,2978,5.769230769230769,-0.1936073591672353,0.6314477108171955,-0.1701127819548872,0.0291353383458645,-0.0988857994440111,True,低,L1 变化萌芽(市场未知)
20240102,603619,64.70588235294117,,-0.7454967826068796,-0.0546999468932555,0.3483802442910249,0.3049408081752776,False,中,L0 无变化
20240102,63,27.27272727272727,,,-0.130078125,0.0999999999999998,0.0992187499999999,False,低,L0 无变化
20240102,300695,73.24840764331209,,-0.5912654993996922,-0.2506621263715474,-0.104426787741203,-0.2960650775633749,False,高,L0 无变化
20240102,601016,47.61904761904761,,,-0.0792079207920791,-0.0165016501650164,0.0296166843124805,False,中,L0 无变化
20240102,600211,72.72727272727273,,-0.123290003107754,-0.1908256880733944,-0.0648318042813455,-0.1029301823255216,False,高,L0 无变化
20240102,300360,28.666666666666668,0.3246381948886404,-0.8568818036565354,0.0715328467153284,0.2080291970802918,0.2748242148591069,True,低,L1 变化萌芽(市场未知)
20240102,300628,41.81818181818181,-0.3253504122160992,,-0.1402290871225269,-0.04373481430059,0.2560209831924471,False,中,L0 无变化
20240102,596,5.405405405405405,0.0649809293872413,-0.1231524482481895,-0.1082285816171882,0.1990728358741196,-0.0555092810425854,True,低,L1 变化萌芽(市场未知)
20240102,521,31.818181818181817,,,0.273356401384083,0.5951557093425603,0.3860302826273487,False,低,L0 无变化
20240102,589,11.464968152866245,1.7663670910282991,-1.1855547888007365,-0.1544715447154471,-0.0471544715447155,-0.1281180965525992,True,低,L1 变化萌芽(市场未知)
20240102,601318,72.3404255319149,,,0.0210286293387382,0.0450975424372939,0.0544717506967316,False,高,L0 无变化
20240102,601330,71.11111111111111,,,-0.001466275659824,0.001466275659824,-0.1020336138993883,False,高,L0 无变化
20240102,600720,2.702702702702702,,,-0.1166500498504486,0.0109670987038883,-0.0624561497817338,False,低,L0 无变化
20240102,605507,69.96047430830039,,-0.7464365798921633,-0.1774376417233559,-0.1264172335600907,-0.0307318930141317,False,中,L0 无变化
20240102,603187,11.235955056179774,,,-0.1235880398671096,0.043189368770764,-0.1940294635476178,False,低,L0 无变化
20240102,601199,66.66666666666666,,1.7389056498594602,-0.097029702970297,-0.0376237623762375,0.0287461887631288,True,中,L2 市场发现中
20240102,688425,38.20224719101123,,0.0540816656316313,-0.0678391959798994,-0.0050251256281407,-0.0678391959798994,True,低,L1 变化萌芽(市场未知)
20240102,2818,39.21568627450981,0.3092592819684845,,-0.0300870942201108,0.0926365795724466,0.032907821252861,True,低,L1 变化萌芽(市场未知)
20240102,300349,26.96629213483146,,-0.5859114605529454,-0.1709062003179648,0.0508744038155803,-0.0125831291112461,False,低,L0 无变化
20240102,600835,61.42322097378277,,,-0.0778894472361808,0.0209380234505862,0.0170202206264062,False,中,L0 无变化
20240102,601818,20.0,,,0.0724137931034483,0.0689655172413794,0.0999999999999998,False,低,L0 无变化
20240102,603161,66.87898089171973,,0.4612974271892813,-0.1843088418430885,-0.0547945205479453,-0.0585305105853052,True,中,L2 市场发现中
20240102,300073,37.333333333333336,,-0.5039647793599863,-0.173774834437086,0.0770860927152317,-0.0724997305933204,False,低,L0 无变化
20240102,2772,78.78787878787878,,,-0.1716417910447761,-0.0273631840796019,-0.2112323719487416,False,高,L0 无变化
20240401,2738,45.28301886792453,,1.8542152472875149,-0.0758709677419354,-0.2813198535047356,0.0152022513825698,True,中,L2 市场发现中
20240401,600016,8.333333333333332,-0.6323901653876285,,-0.0248756218905472,-0.0522388059701492,0.0889489816139452,False,低,L0 无变化
20240401,600015,27.77777777777778,-0.3382409951184916,,0.0167682926829269,0.0433000130882166,0.258430093306407,False,低,L0 无变化
20240401,601619,71.76470588235294,,-0.6884163115342461,0.0382352941176471,-0.0684354038794134,0.0408034412682773,False,高,L0 无变化
20240401,601319,93.61702127659576,,,0.00188679245283,-0.0113207547169812,0.5731684761358751,False,高,L0 无变化
20240401,601601,82.97872340425532,,,0.1340640809443507,0.203204047217538,0.7827489674698553,False,高,L0 无变化
20240401,600967,75.0,,,0.0125313283208019,-0.0902255639097745,0.0890767617990273,False,高,L0 无变化
20240401,688639,0.5291005291005291,1.0805681774635023,2.1852779323442406,0.1515620730485474,-0.299571910010019,-0.3697807203221912,True,低,L1 变化萌芽(市场未知)
20240401,617,72.3404255319149,,,0.0330434782608695,-0.0330434782608695,0.4427958104882779,False,高,L0 无变化
20240401,601518,63.1578947368421,,,0.0912863070539418,0.033195020746888,0.1835162155526257,False,中,L0 无变化
20240401,63,42.857142857142854,,,0.020596590909091,-0.0007102272727272,0.2465924666868963,False,中,L0 无变化
20240401,600325,5.263157894736842,-0.5647898239397259,,-0.1122019635343618,0.0028050490883591,0.0655047747902795,False,低,L0 无变化
20240401,600352,79.36507936507937,-0.4552284397271435,,0.0905923344947734,0.0393555531526654,0.2866504951096789,False,高,L0 无变化
20240401,2034,40.42553191489361,,,0.0755265068990558,-0.0195009915005405,0.2037442441714241,False,中,L0 无变化
20240401,600720,2.380952380952381,1.0478879528160605,0.0574585851275362,0.0848126232741617,-0.0726267438176321,0.0566310330396448,True,低,L1 变化萌芽(市场未知)
20240401,600971,50.0,,-0.3575467990316262,0.092436974789916,0.1152781868530166,-0.013234932180006,False,中,L0 无变化
20240401,600598,70.58823529411765,,0.4089494406712581,0.0864297253634893,0.0827512671144272,0.287438042147633,True,高,L3 一致预期
20240401,651,70.1492537313433,-0.1730018169798381,-0.8031006697210958,0.0820039880358922,-0.0304087736789631,0.3594833791891938,False,高,L0 无变化
20240401,603881,67.85714285714286,,,-0.0407539480387163,-0.1521529093341084,0.1746076256085547,False,中,L0 无变化
20240401,600874,48.93617021276596,,0.9244890668914548,0.0809859154929577,0.0070422535211267,0.1145195979628455,True,中,L2 市场发现中
20240401,603338,48.08362369337979,,-0.4394010598261177,0.1506964255747609,0.0441560053409517,-0.0036080334591572,False,中,L0 无变化
20240401,600941,19.642857142857142,,,-0.036236733913376,0.0499513799132653,0.1010968970367061,False,低,L0 无变化
20240401,600566,49.01960784313725,,-0.1700266144083819,0.1085865257595772,-0.0781298561791841,-0.1027861155978686,False,中,L0 无变化
20240401,600901,85.1063829787234,-0.2838875073797418,,0.0599173553719007,0.1620065049562802,0.2214272921415445,False,高,L0 无变化
20240401,600211,72.15686274509804,,-0.851469519460418,0.1622251607401572,-0.0407395998052504,0.3185599762030344,False,高,L0 无变化
20240401,300897,67.59581881533101,,1.5298305237598313,-0.0003286230693394,-0.1086338144428747,0.1911132904739054,True,中,L2 市场发现中
20240401,600528,28.9198606271777,,-0.4560376847083383,0.037275064267352,-0.0424164524421594,0.121077217020793,False,低,L0 无变化
20240401,2662,45.06172839506173,,-0.0506698052387812,0.0223090473600107,-0.0879691880694948,0.0252895402094568,False,中,L0 无变化
20240401,600486,34.39153439153439,-0.3226299650753411,,0.2194807586079912,0.0633400846989504,0.1324044503404475,False,低,L0 无变化
20240401,300628,55.35714285714286,-0.3267651069478923,,0.2773139745916515,0.3134651370517025,0.7933147717289497,False,中,L0 无变化
20240401,2033,81.81818181818183,,-0.2848772474952536,-0.0285714285714284,-0.0833478297664283,-0.0098523328211976,False,高,L0 无变化
20240401,601163,38.2716049382716,,-0.7701279527443206,0.0684848484848483,-0.0654545454545454,0.0386983615490965,False,低,L0 无变化
20240401,601717,55.749128919860624,0.106654617868982,1.6797139643910604,0.1416504223521768,0.0380743448062301,-0.0320472334522038,True,中,L2 市场发现中
20240401,2533,72.90322580645162,,,-0.0595348837209303,-0.0404964094864253,0.0457619941051989,False,高,L0 无变化
20240401,605507,81.56862745098039,,-0.7080224403830923,0.1278390655418559,0.1095320835321684,0.4463543231758626,False,高,L0 无变化
20240401,2757,51.21951219512195,-0.2648437030084042,,-0.05525965379494,-0.1865631530652494,0.0047564486864191,False,中,L0 无变化
20240401,521,41.7910447761194,,,0.1724511930585681,-0.1311003217368681,0.2483416566261016,False,中,L0 无变化
20240401,600458,66.55052264808361,,,0.0989492119089316,-0.096322241681261,0.0033002489380995,False,中,L0 无变化
20240401,300590,16.071428571428573,,,0.2279792746113988,0.1939628143247331,0.890178597875567,False,低,L0 无变化
20240401,601318,89.36170212765957,,,0.0300606060606061,0.008969696969697,0.5507638327153284,False,高,L0 无变化
20240401,600548,40.35087719298245,0.3616314022249934,,0.0563524590163933,0.112704918032787,0.142645035545345,True,中,L2 市场发现中
20240401,600230,56.613756613756614,,,0.0324032403240324,-0.0536166786286803,0.0622856182027156,False,中,L0 无变化
20240401,2381,18.51851851851852,1.8411329189643353,-0.2692432973632014,0.0377203424247654,-0.1136677873304683,-0.0295632707997829,True,低,L1 变化萌芽(市场未知)
20240401,301589,,,-0.1170312503533539,-0.0703463203463203,-0.2510608139274762,0.0238158022374392,False,,L0 无变化
20240401,902,72.4867724867725,,,0.1199261992619926,0.1665990913745185,0.3158482058985461,False,高,L0 无变化
20240401,601117,59.523809523809526,,,0.0603829160530191,0.2135493372606773,0.3055180991413895,False,中,L0 无变化
20240401,603556,30.32258064516129,,-0.646462479181989,0.2717301891965999,0.2738904898727459,0.3513340526932036,False,低,L0 无变化
20240401,603587,56.451612903225815,,,-0.0015540015540015,-0.0031080031080029,0.0499266088900258,False,中,L0 无变化
20240401,688589,9.917355371900827,,-0.9410768803693682,-0.0249360613810741,-0.0304759030653699,0.189676344816863,False,低,L0 无变化
20240401,301419,57.14285714285714,,,-0.1624658366231399,-0.2434058784997106,0.0148754344409034,False,中,L0 无变化
20240401,688080,10.714285714285714,,-1.0342705619969312,-0.0055679287305121,-0.1610653884640275,0.0205452062280493,False,低,L0 无变化
20240401,600835,77.00348432055749,,1.485696898425266,0.1000820344544708,-0.0038374541198283,0.233950706874586,True,高,L3 一致预期
20240401,2091,69.23076923076923,-0.4536923606425675,0.2177182564646283,0.0943134535367544,-0.0078243254344116,0.1527172195754722,True,中,L2 市场发现中
20240401,300130,38.75,1.5757045861252583,-0.7060052161035058,0.0045516613563951,-0.2044525610679237,0.2868180006882372,True,低,L1 变化萌芽(市场未知)
20240401,300695,69.75308641975309,,-0.580328127287098,-0.0967469370511195,-0.2139839459231095,-0.014575411913815,False,中,L0 无变化
20240401,688618,3.571428571428571,,,-0.1061541525592512,-0.277529188974158,-0.2054607898528663,False,低,L0 无变化
20240401,2986,17.647058823529413,,,0.0881720430107526,-0.0824195596192804,-0.0513518754174137,False,低,L0 无变化
20240401,601818,19.444444444444446,,,0.0193548387096773,0.0290322580645159,0.2407618191612279,False,低,L0 无变化
20240401,1332,61.32404181184668,,-0.3290543435721665,-0.0297239915074309,-0.1411461375929407,0.1870161830997943,False,中,L0 无变化
20240401,3011,57.14285714285714,,-1.1432279022826453,-0.0248447204968944,-0.1451922155944207,-0.0365630871676904,False,中,L0 无变化
20240401,601298,85.96491228070175,,,0.1284153005464481,0.3210382513661203,0.2734440026934976,False,高,L0 无变化
20240401,688100,8.928571428571429,,,0.0040253018976423,0.0655506347725436,0.464404287679206,False,低,L0 无变化
20240701,612,73.13432835820896,,,-0.1488095238095238,0.0744047619047618,-0.0431547619047619,False,高,L0 无变化
20240701,600531,76.11940298507463,,,-0.0931549858277177,0.1916774889123031,-0.0238714108909559,False,高,L0 无变化
20240701,300620,90.14084507042254,,-0.7291380609513579,-0.0703504043126684,0.3506738544474392,0.3355795148247977,False,高,L0 无变化
20240701,807,68.65671641791045,-0.5618703479594751,,-0.1301518438177873,0.1020322532676922,0.0093997890170389,False,中,L0 无变化
20240701,600211,65.24822695035462,,0.9315377172616496,0.0120048019207683,0.3745589580632535,0.1017457297453559,True,中,L2 市场发现中
20240701,600967,75.0,,,0.07566173511717,0.1970843745394268,0.1665218019514578,False,高,L0 无变化
20240701,688313,100.0,,,0.0116772823779192,0.3853503184713376,0.8057324840764328,False,高,L0 无变化
20240701,2104,59.154929577464785,,1.8756728339611173,0.0239575510296006,0.4370313358199507,0.2605538033508339,True,中,L2 市场发现中
20240701,2842,94.02985074626866,,0.3244019591548604,0.0038167938931297,0.25,0.196564885496183,True,高,L3 一致预期
20240701,601,91.17647058823528,,,-0.0308483290488431,0.1028277634961438,0.0231362467866322,False,高,L0 无变化
20240701,300897,64.75644699140402,,1.4301333210662577,-0.0215350635008283,0.3362782992821644,0.2802894645024825,True,中,L2 市场发现中
20240701,300109,43.22033898305085,,-0.7323281689630995,-0.0008539709649871,0.2724167378309137,0.2766865926558495,False,中,L0 无变化
20240701,603881,67.6056338028169,,2.0216858328754106,0.0408163265306122,0.3854003139717425,0.6025060474430941,True,中,L2 市场发现中
20240701,688360,71.91977077363897,,,-0.0732722731057451,0.4071606994171524,0.4654454621149044,False,高,L0 无变化
20240701,600888,26.86567164179105,,,-0.0623268698060941,0.1204986149584488,-0.0346260387811635,False,低,L0 无变化
20240701,600251,76.0,,,-0.0323014804845221,0.0969044414535666,-0.0296096904441452,False,高,L0 无变化
20240701,2716,88.05970149253731,,,-0.0031847133757962,0.1242038216560508,0.0796178343949045,False,高,L0 无变化
20240701,2545,92.3728813559322,,-1.000784712820146,-0.0926879391828753,0.0453174551808943,0.0086138928501044,False,高,L0 无变化
20240701,2396,78.87323943661971,,,0.0160673297628155,0.3810252486610559,0.379495026778883,False,高,L0 无变化
20240701,603118,71.83098591549296,,,-0.0874811463046757,0.310708898944193,0.4766214177978882,False,高,L0 无变化
20240701,2987,84.84848484848484,,1.4460673070840615,-0.049665711556829,0.4899713467048712,0.3113658070678129,True,高,L3 一致预期
20240701,603011,90.54441260744986,,0.3174241216725629,0.0441426146010188,0.2003395585738541,0.1307300509337861,True,高,L3 一致预期
20240701,2255,68.55670103092784,,,-0.0221774193548387,0.0786290322580645,0.1068548387096774,False,中,L0 无变化
20240701,300590,38.028169014084504,0.0203615827084989,,0.0554089709762533,0.5831134564643801,0.2788038698328936,True,低,L1 变化萌芽(市场未知)
20240701,1207,81.35593220338984,2.515251479365908,,-0.0382775119617224,0.1483253588516746,0.3491545162200047,True,高,L3 一致预期
20240701,2895,88.5593220338983,,,-0.1218749999999999,0.1828125,0.234375,False,高,L0 无变化
20240701,300548,97.1830985915493,,2.7144173341418525,-0.0494141619969435,0.324503311258278,1.4605196128374938,True,高,L3 一致预期
20240701,600784,69.0677966101695,,,0.0260984615956105,0.2853007869673618,0.2745899470759672,False,中,L0 无变化
20240701,300700,80.51575931232091,,-0.8579374808814006,-0.0987012987012986,0.1688311688311687,0.1,False,高,L0 无变化
20240701,300457,59.27835051546392,,-0.8538792072487175,-0.1066159162029388,0.3496667811169656,0.0712471479752658,False,中,L0 无变化
20240701,2192,62.68656716417911,,-0.5238003478721116,0.0521594684385382,0.3631229235880397,0.0395348837209301,False,中,L0 无变化
20240701,878,28.35820895522388,,-0.0773352014431413,-0.1053459119496855,0.1189807233561879,-0.0559585164924556,False,低,L0 无变化
20240701,63,36.61971830985916,,,-0.0113360090110894,0.2474784599112651,0.380707848976781,False,低,L0 无变化
20240701,603339,53.00859598853869,,,0.0660066006600661,0.2673267326732673,0.3421342134213421,False,中,L0 无变化
20240701,601177,66.7621776504298,,-0.7650363681230146,0.0820143884892086,0.2359712230215827,0.1697841726618703,False,中,L0 无变化
20240701,688208,90.9090909090909,,-0.4616580862350337,0.0677324358435003,0.5716192226775783,0.6238069050854893,False,高,L0 无变化
20240701,603125,77.96610169491525,,0.4752697553833546,-0.0016694490818031,0.0790205898720088,0.0484140233722871,True,高,L3 一致预期
20240701,975,46.26865671641791,0.7811752577840672,,0.0648967551622419,0.0790560471976402,-0.056047197640118,True,中,L2 市场发现中
20240701,2498,78.35051546391753,,,-0.033033033033033,0.12012012012012,-0.0090090090090089,False,高,L0 无变化
20240701,2272,87.10601719197709,,,0.1270368876688885,0.3664475291376301,1.0620935439713333,False,高,L0 无变化
20240701,300959,81.69014084507043,,,-0.0701688555347092,0.2953095684803002,0.9883677298311444,False,高,L0 无变化
20240701,300951,73.0,-1.027145905006312,,-0.0333657272432782,0.1399416909620991,-0.0754778101716876,False,高,L0 无变化
20240701,688678,71.66666666666667,,,-0.1007532956685499,0.1986817325800376,0.4350282485875707,False,高,L0 无变化
20240701,429,84.05797101449275,,0.6201599415822499,0.1228331021983464,0.1178114872511266,0.3759224955382243,True,高,L3 一致预期
20240701,603986,94.33333333333334,-0.2565357580747711,,-0.0812413939201355,0.029657875225082,0.0908802033682871,False,高,L0 无变化
20240701,2025,81.25,,,0.0450371665937909,0.3189768255356362,0.014210756449497,False,高,L0 无变化
20240701,300852,57.666666666666664,,-0.7098099706634697,-0.159304347826087,0.056695652173913,-0.0963478260869565,False,中,L0 无变化
20240701,603579,68.75,0.7851196136800755,,-0.129156010230179,-0.0191815856777494,-0.054389163303108,True,中,L2 市场发现中
20240701,603903,74.6268656716418,,,-0.1362359550561797,-0.0168539325842697,-0.1067415730337077,False,高,L0 无变化
20240701,600885,84.02061855670104,-0.4833502865208951,,-0.0141474311243485,0.2747580044676099,0.1332836932241252,False,高,L0 无变化
20240701,2938,87.0,-0.369013632766872,,-0.0630102040816324,-0.0306122448979591,-0.0918367346938774,False,高,L0 无变化
20240701,2091,59.67741935483871,,,-0.0408163265306121,0.1618075801749272,0.0594474692920126,False,中,L0 无变化
20240701,2478,66.66666666666666,,,-0.01953125,0.103515625,0.013671875,False,中,L0 无变化
20240701,603217,83.47457627118644,-0.5462568385781945,,0.0034291176162186,0.1614888717097213,0.1543368466376171,False,高,L0 无变化
20240701,301419,66.19718309859155,,-0.9891961532772298,-0.0412919051512673,0.3413736713000819,0.1896974652493868,False,中,L0 无变化
20240701,2818,20.967741935483872,,,-0.0909090909090908,0.0724054706355592,0.236260856430126,False,低,L0 无变化
20240701,603889,61.97183098591549,,1.342027212075787,-0.1759379042690815,-0.0206985769728331,-0.1086675291073739,True,中,L2 市场发现中
20240701,737,67.16417910447761,,0.1854039119351924,-0.0425531914893616,0.1276595744680853,-0.1904255319148936,True,中,L2 市场发现中
20240701,600595,59.70149253731343,,-0.8016718684806521,-0.0161290322580645,0.2741935483870967,0.1209677419354837,False,中,L0 无变化
20240701,300938,97.61904761904762,,,0.0211480362537763,0.2447129909365559,0.3116817724068477,False,高,L0 无变化
20240701,603920,59.66666666666667,,,0.0835897435897436,0.4369230769230772,0.5061538461538464,False,中,L0 无变化
20240701,923,55.55555555555556,,1.655414484777898,-0.2038614423622941,-0.0471323111868257,-0.2191936399772855,True,中,L2 市场发现中
20240701,300193,37.249283667621775,0.372550320513755,1.4947997375184925,-0.0067750677506775,0.3997289972899727,0.2075181733154991,True,低,L1 变化萌芽(市场未知)
20241008,2842,98.64864864864865,,-0.7534958941576093,0.0458015267175573,-0.0427480916030534,0.0656488549618321,False,高,L0 无变化
20241008,300328,91.8918918918919,,,0.0719178082191782,-0.1712328767123287,0.2511415525114155,False,高,L0 无变化
20241008,2167,82.43243243243244,,-0.9078209870539212,0.0656205420827389,0.0342368045649073,0.2981455064194007,False,高,L0 无变化
20241008,408,86.48648648648648,,-0.8824470668196759,0.0338624338624338,-0.037742504409171,0.3061728395061729,False,高,L0 无变化
20241008,2545,90.68825910931174,,,-0.0435393258426967,-0.0351123595505618,0.0603932584269661,False,高,L0 无变化
20241008,2716,89.1891891891892,,,0.0141643059490086,-0.0396600566572237,0.1133144475920679,False,高,L0 无变化
20241008,600595,75.67567567567568,,-0.8668395741965799,-0.0696202531645568,-0.1202531645569618,0.2879746835443038,False,高,L0 无变化
20241008,600988,78.37837837837837,,,-0.0437881873727087,-0.1731160896130346,0.1583503054989816,False,高,L0 无变化
20241008,2378,93.24324324324324,,-0.7568166372092625,0.0041039671682625,-0.1326949384404925,-0.0506155950752393,False,高,L0 无变化
20241008,2379,87.83783783783784,,,0.1475953565505805,0.4875621890547263,0.8673300165837479,False,高,L0 无变化
20241008,300756,85.59322033898306,,-0.8004544861512828,-0.066541117388575,-0.0903954802259887,0.0960451977401128,False,高,L0 无变化
20241008,960,70.27027027027027,0.050598215248504,,-0.0649734199645599,-0.1772002362669816,-0.0751159376348791,True,高,L3 一致预期
20241008,2192,74.32432432432432,,-0.0847806496336585,-0.1328296368510846,-0.2373872776017548,-0.2612722398245186,False,高,L0 无变化
20241008,600301,71.62162162162163,,2.3508720694797396,0.0419806243272335,-0.0850376749192679,0.1743810548977395,True,高,L3 一致预期
20241008,2272,92.65536723163842,,,1.447933884297521,0.5090909090909093,0.4925619834710744,False,高,L0 无变化
20241008,603115,100.0,0.1375999220439214,,-0.0088691796008868,-0.0635624538063562,0.0968218773096822,True,高,L3 一致预期
20241008,807,56.75675675675676,-0.0344311161257808,,-0.0146764509673115,-0.0840560373582388,0.1774516344229486,False,中,L0 无变化
20241008,657,97.2972972972973,,,0.0087890625,-0.126953125,-0.0087890624999998,False,高,L0 无变化
20241008,601958,59.45945945945946,,,-0.0694560669456066,-0.1673640167364016,-0.1054393305439329,False,中,L0 无变化
20241008,962,94.5945945945946,,-0.2888114374073186,0.1059760956175297,0.1071806167852942,0.310230347228229,False,高,L0 无变化
20241008,300811,77.02702702702703,,-1.043498033572298,-0.0529927563858176,-0.0030499428135721,-0.0924513915364086,False,高,L0 无变化
20241008,300191,92.5925925925926,,-0.5429882856599024,-0.1462686567164178,-0.2549253731343284,0.0525373134328357,False,高,L0 无变化
20241008,2850,87.11340206185567,,-0.9572659270417582,-0.0386274321863318,-0.1037093836863797,0.1578644685133712,False,高,L0 无变化
20241008,300767,85.82995951417004,,-0.5989808478540606,-0.2389181066867016,-0.3365890308039069,-0.1442524417731029,False,高,L0 无变化
20241008,2353,91.52542372881356,,,-0.0223055922214275,0.0011523712899692,0.0268444265643561,False,高,L0 无变化
20241008,603399,72.97297297297297,,-0.6921754274472249,0.1004901960784314,0.0833333333333332,0.1164215686274507,False,高,L0 无变化
20241008,2149,79.72972972972973,,,0.0245901639344261,0.0700254397071618,0.3148563939021613,False,高,L0 无变化
20241008,605376,95.94594594594594,,-0.8671948299465498,-0.0192643482231359,0.0499860699366807,0.3576825225170557,False,高,L0 无变化
20241008,2931,95.48022598870055,,,0.0634272258020121,0.67731476069681,0.6483121999931187,False,高,L0 无变化
20241008,603,85.13513513513513,,,0.1304029304029303,-0.1179487179487179,0.1377289377289376,False,高,L0 无变化
20241008,688313,100.0,,,0.1555555555555556,0.3034482758620687,0.2934865900383141,False,高,L0 无变化
20241008,688125,94.35028248587572,,1.0817663874809134,0.2036061026352289,0.0452149791955618,0.0457697642163663,True,高,L3 一致预期
20241008,2824,58.108108108108105,,1.429625445023578,-0.0092024539877301,-0.056441717791411,-0.0018404907975461,True,中,L2 市场发现中
20241008,300521,74.85875706214689,,,-0.062415196743555,0.4253731343283582,0.6027738999893555,False,高,L0 无变化
20241008,300163,98.78542510121456,,2.2986119162631646,-0.0601851851851853,0.0416666666666665,0.3842592592592593,True,高,L3 一致预期
20241008,2730,90.11299435028248,,,-0.0592592592592592,0.8555555555555556,0.974074074074074,False,高,L0 无变化
20241008,601177,70.33898305084746,,-0.8662086888653524,0.0477299185098951,-0.0535506402793947,1.019790454016298,False,高,L0 无变化
20241008,605100,93.50282485875708,,,-0.081508829685727,0.1034120215755491,0.7238902497745423,False,高,L0 无变化
20241008,688102,90.54054054054052,,-0.4549221968018942,-0.1270161290322581,-0.1320564516129032,0.0711000230259102,False,高,L0 无变化
20241008,600967,67.16417910447761,,,-0.0525059665871122,-0.0255308424685835,0.2936710447326838,False,中,L0 无变化
20241008,969,64.86486486486487,,,0.0732635585156993,0.021883920076118,0.2721217887725975,False,中,L0 无变化
20241008,603757,92.09039548022598,,,-0.1380567636717995,-0.1080098350380899,0.0180078805749299,False,高,L0 无变化
20241008,2633,79.94350282485875,,,0.3871681415929204,0.1935840707964602,0.2710176991150443,False,高,L0 无变化
20241008,603308,90.67796610169492,,,0.0301914580265094,-0.0309278350515463,0.3843888070692194,False,高,L0 无变化
20241008,688485,99.7175141242938,,,-0.1062562065541212,-0.1459781529294935,0.0029791459781527,False,高,L0 无变化
20241008,603023,86.4321608040201,,,0.1116279069767443,0.2604651162790699,0.4511627906976745,False,高,L0 无变化
20241008,600151,86.5979381443299,,,0.0437756497948016,0.0574555403556773,-0.0533515731874144,False,高,L0 无变化
20241008,811,97.17514124293784,,,-0.0555555555555554,0.1231481481481482,0.164331730396297,False,高,L0 无变化
20241008,600562,89.55223880597015,,1.539853337735738,0.031360946745562,0.0875739644970414,0.2171597633136093,True,高,L3 一致预期
20241008,600888,33.78378378378378,,-0.6476203664619036,-0.0828182941903585,-0.138442521631644,-0.1025957972805933,False,低,L0 无变化
20241008,601688,90.0,,,-0.0792872645305142,-0.1240984106823963,-0.1454618640803867,False,高,L0 无变化
20241008,603955,81.25,,1.0150671724792162,0.0212089077412511,0.9925768822905618,1.0307529162248144,True,高,L3 一致预期
20241008,2348,97.95918367346938,,,-0.0357142857142857,-0.0194805194805195,0.0811688311688312,False,高,L0 无变化
20241008,2738,55.4054054054054,,-0.3880085421735482,-0.0865233350812795,-0.0873099108547457,-0.1599370739381227,False,中,L0 无变化
20241008,301021,96.89265536723164,,-0.2416606271534204,-0.1328273244781783,-0.0402277039848196,0.240607210626186,False,高,L0 无变化
20241008,300277,75.91240875912408,,,0.0238500851788756,-0.0613287904599659,0.0383304940374786,False,高,L0 无变化
20241008,605208,68.91891891891892,2.238242831318394,,-0.1174934725848564,-0.0352480417754569,0.4190600522193211,True,中,L2 市场发现中
20241008,1337,67.56756756756756,,,-0.0607604860838887,-0.1732653861230889,-0.062720501764014,False,中,L0 无变化
20241008,300697,50.0,,,-0.0666666666666666,-0.0956521739130434,0.1528985507246378,False,中,L0 无变化
20241008,2195,87.59124087591242,,0.8290914652209627,-0.0705128205128206,0.2564102564102564,0.733974358974359,True,高,L3 一致预期
20241008,605060,87.28813559322035,,,-0.0393548387096774,0.1587096774193548,0.2858064516129031,False,高,L0 无变化
20241008,300718,94.0677966101695,,,-0.0881868733781084,0.749477631279245,3.401634138648518,False,高,L0 无变化
20241008,605098,88.37209302325581,,-1.0407214896520969,-0.1902084797376435,-0.1474532151406197,-0.0673784474434037,False,高,L0 无变化
20241008,2975,95.76271186440678,0.6130187574022788,,-0.1434809731752963,-0.0995009357454772,0.0835932626325639,True,高,L3 一致预期
20241008,688011,100.0,,,-0.0534818941504179,-0.1604456824512534,-0.0791086350974928,False,高,L0 无变化
20241008,2158,61.86440677966102,,-0.5053789083464995,-0.1542034370645609,-0.1523455643288435,-0.0956804458894565,False,中,L0 无变化
20241008,300302,96.35036496350364,,,-0.0593268682258986,-0.1563034797490018,-0.0667427267541358,False,高,L0 无变化
20241008,688456,83.78378378378379,,,-0.1676695842450766,-0.1115973741794311,-0.0079321663019695,False,高,L0 无变化
20241008,603063,86.08247422680412,,,0.2396694214876031,0.2790845518118245,1.087730451366815,False,高,L0 无变化
20241008,300201,93.22033898305084,,,-0.0670995670995671,0.093073593073593,0.1883116883116882,False,高,L0 无变化
20241008,300897,64.40677966101694,,0.0143880700677638,-0.1446280991735536,-0.0418990825562001,0.0708926665870743,True,中,L2 市场发现中
20241008,1316,85.18518518518519,,,-0.0593935604876524,-0.12472647702407,0.0034385745545482,False,高,L0 无变化
20241008,3036,98.87005649717514,,,-0.0949895615866389,0.2484342379958246,0.2807933194154488,False,高,L0 无变化
20241008,2558,97.33333333333334,,-1.0409338636247347,-0.0547730829420969,-0.0618153364632237,0.0923317683881064,False,高,L0 无变化
20241008,603040,94.47236180904522,,-0.7172771163953393,-0.0533294257086712,-0.0503444284023472,0.2161979681187973,False,高,L0 无变化
20241008,2871,77.11864406779661,,-0.3365536165037159,-0.05870236869207,-0.0556127703398559,0.0020597322348094,False,高,L0 无变化
20241008,2396,79.71014492753623,,,-0.0681440443213297,-0.0011080332409971,0.1041551246537395,False,高,L0 无变化
20241008,300099,44.35028248587571,,-1.09627480743217,-0.1194690265486726,-0.1430678466076697,-0.0206489675516224,False,中,L0 无变化
20241008,688059,83.89830508474576,,,-0.2586921850079744,-0.3205741626794257,-0.0028708133971292,False,高,L0 无变化
20241008,603083,88.40579710144928,,-0.1117639853966668,0.0891668884748468,0.0369976044716529,0.0026616981634282,False,高,L0 无变化
20241008,2591,73.27935222672065,,-1.3242890328291157,-0.0526315789473684,-0.0789473684210526,-0.0451127819548872,False,高,L0 无变化
20241008,2895,81.37651821862349,,,-0.0532804931748128,0.0435931307793924,0.0576838397181858,False,高,L0 无变化
20241008,300329,92.85714285714286,,,-0.1397849462365591,-0.1981566820276498,-0.04248966475313,False,高,L0 无变化
20241008,688309,100.0,,-0.9857545868772336,-0.0895123580494322,-0.1676686706746827,0.0153640614562458,False,高,L0 无变化
20241008,688377,63.559322033898304,,,-0.1272727272727273,0.1236363636363637,0.2812121212121214,False,中,L0 无变化
20241008,301128,98.30508474576273,,1.5816836394557037,-0.1241914618369988,-0.094437257438551,0.2257438551099613,True,高,L3 一致预期
20241008,975,36.48648648648648,,,-0.0158556588299618,-0.125205030071077,0.0262438490978678,False,低,L0 无变化
20241008,2805,74.22680412371135,,,-0.0424908424908424,-0.1479853479853479,-0.1304029304029305,False,高,L0 无变化
20241008,2552,90.3954802259887,,2.182697676727107,-0.0490956153863045,0.0035205855265623,0.1522185446281425,True,高,L3 一致预期
20241008,2283,81.4070351758794,,,-0.0884086444007858,0.043222003929273,0.2829076620825148,False,高,L0 无变化
20241008,301013,91.80790960451978,,,-0.1238030095759232,-0.2318741450068399,0.0957592339261286,False,高,L0 无变化
20241008,600227,95.1417004048583,,-0.3682335568109867,0.0922330097087378,0.1553398058252426,0.1699029126213593,False,高,L0 无变化
20241008,300865,71.75141242937853,-0.39907513368746,,0.4549180327868851,0.1721311475409837,0.1388319672131148,False,高,L0 无变化
20241008,688345,94.3298969072165,,,-0.0525036460865336,-0.1356344190568789,-0.0510452114730187,False,高,L0 无变化
20241008,603217,84.21052631578947,-0.4601993236082806,,0.0985221674876848,-0.0061576354679803,0.0997536945812809,False,高,L0 无变化
