date,code,direction,qty,price,cost
20220104,601728,buy,276710,3.61,2999.99
20220104,688981,buy,18818,53.14,2999.97
20220104,300660,buy,64554,15.49,3000.0
20220104,603037,buy,135782,7.36,2999.99
20220104,600050,buy,282069,3.55,2999.99
20220104,603005,buy,30397,32.9,2999.91
20220104,300139,buy,79744,12.54,2999.97
20220104,300580,buy,83633,11.96,2999.99
20220104,600033,buy,413969,2.42,3000.0
20220104,688378,buy,47918,20.87,2999.96
20220104,002296,buy,135020,7.41,2999.99
20220104,601169,buy,286058,3.5,2999.99
20220104,600015,buy,229938,4.35,2999.99
20220104,002818,buy,112973,8.85,2999.99
20220104,603881,buy,58251,17.17,2999.99
20220104,603327,buy,150236,6.66,2999.99
20220104,300394,buy,56218,17.79,2999.99
20220104,002406,buy,171681,5.82,2999.99
20220104,000429,buy,168012,5.95,3000.0
20220104,603926,buy,85485,11.7,2999.97
20220104,603095,buy,90332,11.07,2999.99
20220104,301000,buy,76974,12.99,2999.98
20220104,688318,buy,25577,39.1,2999.97
20220104,601518,buy,546622,1.83,3000.0
20220104,603006,buy,105214,9.5,3000.0
20220104,601229,buy,184702,5.41,3000.0
20220104,000823,buy,78023,12.82,3000.0
20220104,688678,buy,62668,15.96,2999.99
20220104,002195,buy,396797,2.52,3000.0
20220104,603637,buy,105445,9.48,2999.98
20220104,601339,buy,226630,4.41,3000.0
20220104,603239,buy,62383,16.03,2999.98
20220104,600020,buy,337275,2.96,3000.0
20220104,603685,buy,80097,12.48,2999.97
20220104,603809,buy,132644,7.54,2999.99
20220104,002106,buy,92571,10.8,2999.98
20220104,601811,buy,125419,7.97,2999.99
20220104,600012,buy,170375,5.87,2999.99
20220104,601985,buy,133367,7.5,3000.0
20220104,600901,buy,352205,2.84,3000.0
20220104,002839,buy,255571,3.91,3000.0
20220104,688618,buy,49344,20.27,2999.96
20220104,000807,buy,97231,10.28,3000.0
20220104,600742,buy,99762,10.02,2999.99
20220104,300738,buy,95180,10.51,2999.99
20220104,300893,buy,79559,12.57,2999.99
20220104,600353,buy,188650,5.3,2999.99
20220104,601928,buy,151572,6.6,2999.99
20220104,603599,buy,57807,17.3,3000.0
20220104,002048,buy,51303,19.49,2999.97
20220104,603698,buy,55996,17.86,2999.96
20220104,688313,buy,78623,12.72,2999.97
20220104,300458,buy,50111,19.96,3000.0
20220104,601988,buy,415463,2.41,3000.0
20220104,000425,buy,186315,5.37,3000.0
20220104,003025,buy,83126,12.03,2999.97
20220104,601019,buy,189115,5.29,2999.99
20220104,605100,buy,83315,12.0,2999.99
20220104,600016,buy,327157,3.06,3000.0
20220104,002913,buy,27798,35.97,2999.95
20220104,000975,buy,125541,7.97,2999.98
20220104,002379,buy,305896,3.27,2999.99
20220104,002483,buy,127750,7.83,2999.98
20220104,002039,buy,72705,13.75,2999.97
20220104,603002,buy,149099,6.71,2999.98
20220104,300303,buy,167166,5.98,2999.99
20220104,603100,buy,69475,14.39,2999.98
20220104,601919,buy,90054,11.1,2999.99
20220104,300570,buy,58262,17.16,2999.99
20220104,000612,buy,142114,7.04,2999.98
20220104,002725,buy,95538,10.47,3000.0
20220104,600039,buy,150213,6.66,3000.0
20220104,002636,buy,69648,14.36,2999.98
20220104,300493,buy,125443,7.97,2999.98
20220104,300913,buy,92153,10.85,2999.99
20220104,688668,buy,20915,47.81,2999.93
20220104,002815,buy,63779,15.68,2999.96
20220104,000800,buy,105586,9.47,2999.98
20220104,600377,buy,136781,7.31,3000.0
20220104,600219,buy,267219,3.74,2999.99
20220104,002757,buy,76451,13.08,2999.97
20220104,300921,buy,92359,10.83,2999.99
20220104,003816,buy,352051,2.84,2999.99
20220104,601717,buy,102643,9.74,2999.97
20220104,603890,buy,77766,12.86,2999.97
20220104,300547,buy,77243,12.95,2999.98
20220104,002722,buy,64913,15.41,3000.0
20220104,002101,buy,94765,10.55,2999.98
20220104,603386,buy,68247,14.65,2999.99
20220104,002428,buy,82472,12.13,2999.98
20220104,601199,buy,169801,5.89,2999.99
20220104,002677,buy,71387,14.01,2999.97
20220104,002034,buy,63648,15.71,2999.96
20220104,300304,buy,149381,6.69,2999.98
20220104,603955,buy,73906,13.53,2999.99
20220104,002281,buy,43779,22.84,2999.98
20220104,600582,buy,268736,3.72,2999.99
20220104,601336,buy,29944,33.4,2999.97
20220104,600283,buy,106948,9.35,2999.98
20220104,002792,buy,57560,12.19,2104.26
20220207,688981,sell,18818,49.97,2821.01
20220207,300139,sell,79744,11.11,2657.87
20220207,688378,sell,47918,16.77,2410.88
20220207,603881,sell,58251,15.68,2739.63
20220207,300394,sell,56218,16.36,2759.26
20220207,000429,sell,168012,6.19,3117.57
20220207,688318,sell,25577,43.44,3333.09
20220207,603006,sell,105214,8.53,2690.86
20220207,601229,sell,184702,5.38,2979.08
20220207,688678,sell,62668,13.21,2483.63
20220207,002195,sell,396797,2.45,2918.29
20220207,603637,sell,105445,7.93,2508.33
20220207,603239,sell,62383,12.54,2347.07
20220207,603685,sell,80097,11.0,2644.28
20220207,601811,sell,125419,7.7,2896.55
20220207,600012,sell,170375,6.6,3373.43
20220207,601985,sell,133367,6.69,2676.47
20220207,002839,sell,255571,4.34,3329.33
20220207,688618,sell,49344,22.34,3307.04
20220207,300738,sell,95180,9.65,2754.47
20220207,300893,sell,79559,10.49,2504.21
20220207,600353,sell,188650,5.1,2884.46
20220207,601928,sell,151572,6.02,2737.22
20220207,002048,sell,51303,17.8,2740.18
20220207,603698,sell,55996,14.81,2487.77
20220207,688313,sell,78623,11.03,2601.84
20220207,300458,sell,50111,17.14,2577.02
20220207,601988,sell,415463,2.45,3058.63
20220207,000425,sell,186315,5.14,2870.86
20220207,605100,sell,83315,11.29,2821.69
20220207,600016,sell,327157,3.06,3007.67
20220207,000975,sell,125541,7.54,2839.93
20220207,002379,sell,305896,3.18,2918.18
20220207,002483,sell,127750,7.37,2823.72
20220207,603002,sell,149099,6.0,2685.47
20220207,300303,sell,167166,4.98,2496.17
20220207,603100,sell,69475,11.83,2465.31
20220207,300570,sell,58262,14.89,2602.42
20220207,002725,sell,95538,8.97,2571.43
20220207,600039,sell,150213,6.32,2848.84
20220207,002636,sell,69648,11.51,2404.41
20220207,300493,sell,125443,7.26,2732.66
20220207,300913,sell,92153,9.79,2705.51
20220207,688668,sell,20915,39.94,2506.29
20220207,002815,sell,63779,13.37,2557.97
20220207,600377,sell,136781,7.63,3130.43
20220207,002757,sell,76451,11.8,2705.44
20220207,300921,sell,92359,14.48,4011.38
20220207,003816,sell,352051,2.67,2818.46
20220207,601717,sell,102643,9.84,3030.22
20220207,603890,sell,77766,12.27,2862.69
20220207,300547,sell,77243,13.5,3127.6
20220207,002722,sell,64913,14.93,2907.35
20220207,603386,sell,68247,12.6,2578.77
20220207,002428,sell,82472,13.22,3271.14
20220207,601199,sell,169801,5.53,2815.45
20220207,300304,sell,149381,5.81,2605.14
20220207,603955,sell,73906,13.71,3039.84
20220207,002281,sell,43779,19.67,2583.11
20220207,601336,sell,29944,32.79,2945.42
20220207,600283,sell,106948,9.04,2900.85
20220207,002792,sell,57560,11.34,1957.48
20220207,601728,sell,6308,3.47,65.73
20220207,603599,buy,6659,14.57,291.06
20220207,600050,sell,922,3.34,9.24
20220207,002677,sell,2231,13.58,90.9
20220207,605208,buy,87349,10.75,2817.79
20220207,600533,buy,298576,3.15,2817.81
20220207,002818,sell,3224,8.56,82.78
20220207,002296,sell,801,7.0,16.82
20220207,600033,sell,36962,2.49,276.26
20220207,603587,buy,65543,14.33,2817.81
20220207,000800,buy,2235,8.71,58.41
20220207,600325,buy,170073,5.52,2817.81
20220207,600742,buy,4095,9.04,111.1
20220207,002406,buy,6012,5.29,95.34
20220207,603037,buy,12413,6.34,236.02
20220207,600015,sell,19203,4.46,256.77
20220207,000501,buy,94164,9.97,2817.8
20220207,300660,buy,1273,14.27,54.49
20220207,000830,buy,80032,11.74,2817.78
20220207,603327,buy,14535,5.7,248.57
20220207,002649,buy,83852,11.2,2817.81
20220207,600548,buy,111571,8.42,2817.8
20220207,000883,buy,222516,4.22,2817.8
20220207,601828,buy,109527,8.58,2817.81
20220207,688699,buy,10810,86.88,2817.68
20220207,600223,buy,85997,10.92,2817.81
20220207,603095,sell,11154,11.86,396.95
20220207,301000,buy,1433,11.98,51.5
20220207,002978,buy,26182,35.87,2817.81
20220207,000612,buy,5925,6.34,112.78
20220207,002191,buy,63282,14.84,2817.77
20220207,300443,buy,21282,44.13,2817.73
20220207,002106,buy,6023,9.53,172.14
20220207,601677,buy,32604,28.81,2817.79
20220207,600997,buy,172064,5.46,2817.81
20220207,300358,buy,47680,19.7,2817.79
20220207,601169,sell,23838,3.58,256.16
20220207,603797,buy,157402,5.97,2817.8
20220207,605108,buy,51814,18.13,2817.77
20220207,601518,sell,29461,1.82,160.52
20220207,300916,buy,37366,25.14,2817.79
20220207,000690,buy,210334,4.47,2817.81
20220207,000949,buy,189322,4.96,2817.81
20220207,003025,sell,2813,11.7,98.7
20220207,603529,buy,54622,17.2,2817.79
20220207,605277,buy,84886,11.07,2817.81
20220207,601019,sell,5389,5.11,82.65
20220207,002508,buy,31144,30.16,2817.73
20220207,600483,buy,102218,9.19,2817.79
20220207,002753,buy,113965,8.24,2817.81
20220207,603258,buy,40180,23.38,2817.78
20220207,002585,buy,40357,23.27,2817.79
20220207,688068,buy,10867,86.43,2817.75
20220207,002101,sell,18951,12.39,704.36
20220207,600020,sell,14633,2.91,127.8
20220207,688298,buy,7738,121.38,2817.67
20220207,002034,sell,9260,17.27,479.76
20220207,601318,buy,22106,42.49,2817.77
20220207,300951,buy,28515,32.94,2817.79
20220207,300771,buy,85311,11.01,2817.81
20220207,600603,buy,238393,3.94,2817.81
20220207,000731,buy,115517,8.13,2817.81
20220207,600219,sell,11755,3.68,129.66
20220207,600901,sell,13480,2.77,112.14
20220207,600966,buy,106483,8.82,2817.8
20220207,000823,buy,6285,11.14,210.06
20220207,300701,buy,93478,10.05,2817.8
20220207,605368,buy,132493,7.09,2817.81
20220207,605399,buy,36432,25.78,2817.74
20220207,603617,buy,104312,9.0,2817.81
20220207,603005,buy,5917,25.87,459.13
20220207,003016,buy,111651,8.41,2817.8
20220207,002913,buy,2758,30.74,254.33
20220207,605377,buy,104171,9.02,2817.79
20220207,600398,buy,216768,4.33,2817.81
20220207,601919,buy,10240,9.37,287.7
20220207,600741,buy,39454,23.81,2817.81
20220207,300653,buy,25813,36.39,2817.76
20220207,605169,buy,90478,10.38,2817.78
20220207,603886,buy,58887,15.95,2817.81
20220207,002254,buy,52577,17.86,2817.8
20220207,688169,buy,4304,218.18,2817.18
20220207,000807,sell,8985,10.64,286.91
20220207,600702,buy,5353,175.45,2817.52
20220207,600308,buy,240533,3.9,2817.81
20220207,600874,buy,155655,6.03,2817.8
20220207,603489,buy,9332,100.65,2817.67
20220207,603926,buy,1465,10.8,47.48
20220207,600888,buy,135776,6.92,2817.8
20220207,601339,sell,46882,5.23,734.94
20220207,600582,buy,8291,3.39,84.33
20220207,300580,sell,6268,12.14,228.3
20220207,002039,buy,7197,11.76,253.81
20220207,601515,buy,178044,5.28,2817.8
20220207,605259,buy,65605,14.32,2817.81
20220207,603809,sell,7429,7.5,167.18
20220207,002145,buy,134343,6.99,2817.8
20220207,300671,buy,14793,63.49,2817.71
20220207,002873,buy,70377,13.35,2817.79
20220207,688550,buy,23389,32.42,2274.58
20220301,603005,sell,36314,27.2,2963.02
20220301,300580,sell,77365,11.78,2734.49
20220301,603926,sell,86950,10.95,2856.42
20220301,603809,sell,125215,7.19,2701.76
20220301,300951,sell,28515,32.34,2766.51
20220301,600888,sell,135776,7.56,3077.91
20220301,601515,sell,178044,5.34,2854.5
20220301,605259,sell,65605,13.79,2714.34
20220301,300671,sell,14793,66.62,2956.36
20220301,002873,sell,70377,16.11,3400.83
20220301,688550,sell,23389,33.59,2356.89
20220301,601728,buy,12106,3.41,123.76
20220301,600050,buy,269,3.42,2.76
20220301,603599,sell,1764,15.35,81.25
20220301,002677,buy,6038,12.8,231.9
20220301,002818,buy,1823,8.63,47.19
20220301,600533,buy,345,3.22,3.33
20220301,600033,buy,12023,2.47,89.25
20220301,000800,buy,4816,8.55,123.48
20220301,603587,buy,3178,14.01,133.56
20220301,002296,sell,9789,7.74,227.21
20220301,605208,buy,221,10.99,7.29
20220301,600325,buy,13442,5.25,211.54
20220301,000501,buy,4157,9.79,122.1
20220301,600015,buy,9448,4.37,123.92
20220301,600742,sell,1091,9.37,30.66
20220301,000830,sell,8000,13.36,320.75
20220301,603095,buy,2447,11.79,86.58
20220301,002406,sell,2942,5.51,48.62
20220301,603037,buy,3443,6.35,65.57
20220301,000883,buy,1150,4.3,14.85
20220301,300660,buy,1044,14.4,45.09
20220301,600548,buy,4028,8.33,100.63
20220301,002649,sell,8518,12.78,326.55
20220301,600997,sell,14467,6.11,265.12
20220301,601828,buy,6931,8.27,171.88
20220301,300443,buy,1599,42.07,201.82
20220301,003025,sell,1983,12.29,73.11
20220301,600223,sell,772,11.3,26.16
20220301,600483,buy,3177,9.13,87.06
20220301,603327,buy,9040,5.54,150.21
20220301,601169,buy,8309,3.56,88.7
20220301,000690,buy,2783,4.52,37.71
20220301,603797,sell,1288,6.17,23.83
20220301,002978,sell,1611,39.18,189.36
20220301,300358,sell,5056,22.59,342.58
20220301,000949,buy,1744,5.04,26.36
20220301,688699,sell,195,90.69,53.05
20220301,002106,buy,1673,9.6,48.19
20220301,002191,buy,10101,13.12,397.53
20220301,605108,buy,6719,16.45,331.51
20220301,000612,sell,3169,6.65,63.18
20220301,002508,buy,2790,28.37,237.44
20220301,601518,sell,7498,1.89,42.49
20220301,601019,sell,3378,5.34,54.09
20220301,601677,buy,994,28.65,85.44
20220301,301000,buy,2579,11.89,91.97
20220301,600020,buy,5015,2.94,44.2
20220301,000731,sell,3028,8.56,77.74
20220301,002753,sell,2303,8.62,59.57
20220301,600603,buy,485,4.03,5.86
20220301,605368,sell,2530,7.41,56.22
20220301,002585,buy,1192,23.17,82.85
20220301,601318,buy,811,42.01,102.2
20220301,300916,buy,583,25.37,44.37
20220301,603258,buy,297,23.78,21.19
20220301,688298,sell,616,135.18,249.82
20220301,002034,sell,5687,19.77,337.25
20220301,601919,sell,4887,10.09,147.93
20220301,600901,buy,2326,2.82,19.7
20220301,600582,sell,6616,3.56,70.66
20220301,605277,sell,459,11.4,15.7
20220301,002101,sell,1858,13.02,72.56
20220301,688068,sell,2085,109.62,685.68
20220301,300771,sell,286,11.32,9.71
20220301,600398,buy,10560,4.23,134.16
20220301,603617,sell,2472,9.45,70.1
20220301,600874,sell,4255,6.36,81.17
20220301,600219,sell,10032,3.92,118.05
20220301,600966,sell,313,9.07,8.51
20220301,605377,sell,3247,9.54,92.92
20220301,600741,buy,5865,21.24,373.76
20220301,603886,buy,3253,15.49,151.19
20220301,605399,sell,2762,28.59,236.91
20220301,000807,sell,12810,12.76,490.43
20220301,600702,sell,280,189.79,159.43
20220301,000823,sell,5149,12.16,187.86
20220301,601985,buy,140061,6.87,2888.03
20220301,605169,sell,8870,11.8,313.9
20220301,002039,sell,3872,12.66,147.08
20220301,003016,buy,2902,8.4,73.16
20220301,300653,sell,2896,42.01,364.96
20220301,600308,sell,1463,4.03,17.67
20220301,688169,buy,1876,155.76,876.59
20220301,002027,buy,154549,6.23,2888.03
20220301,002254,buy,1089,17.94,58.6
20220301,300701,sell,3906,10.75,125.94
20220301,002833,buy,60587,15.89,2888.04
20220301,600694,buy,83316,11.55,2888.02
20220301,603489,buy,826,94.77,234.83
20220301,002145,sell,4707,7.43,104.86
20220301,600810,buy,88452,10.88,2888.03
20220301,601339,buy,3959,5.24,62.24
20220301,002913,sell,368,31.89,35.21
20220301,002048,buy,60441,15.93,2888.02
20220301,688399,buy,12444,77.36,2887.87
20220301,000581,buy,56145,17.15,2888.03
20220301,601377,buy,134371,7.16,2888.03
20220301,603529,buy,5241,16.08,252.85
20220301,300861,buy,25016,38.48,2887.97
20220301,000425,buy,185594,4.95,2755.85
20220401,002101,sell,73956,12.18,2703.02
20220401,601985,sell,140061,7.34,3084.94
20220401,002027,sell,154549,5.08,2354.33
20220401,600810,sell,88452,9.76,2590.42
20220401,002048,sell,60441,14.64,2655.22
20220401,688399,sell,12444,84.73,3163.1
20220401,601377,sell,134371,6.8,2740.65
20220401,300861,sell,25016,39.79,2986.25
20220401,000425,sell,185594,4.59,2557.94
20220401,601728,sell,7979,3.31,79.2
20220401,600050,buy,4131,3.18,39.42
20220401,603599,buy,1984,14.04,83.58
20220401,002677,buy,6467,11.12,215.79
20220401,002818,sell,2047,8.29,50.93
20220401,600533,sell,80752,4.16,1008.59
20220401,600033,sell,23216,2.48,172.93
20220401,603587,sell,876,13.39,35.18
20220401,000800,buy,1588,7.95,37.88
20220401,002296,buy,4468,7.05,94.45
20220401,600325,sell,47390,6.67,948.65
20220401,600015,sell,11698,4.36,152.89
20220401,600742,buy,10104,8.05,243.93
20220401,002406,buy,3995,5.08,60.9
20220401,300660,buy,13440,11.31,456.01
20220401,000830,sell,10032,14.65,440.91
20220401,000501,sell,3688,9.6,106.19
20220401,603095,buy,2052,10.85,66.82
20220401,603037,sell,851,6.02,15.38
20220401,600548,sell,3297,8.09,80.0
20220401,600997,sell,15886,6.41,305.47
20220401,601828,sell,1042,7.87,24.6
20220401,688699,sell,384,88.78,102.28
20220401,600223,sell,274,10.69,8.79
20220401,000883,buy,317,4.06,3.86
20220401,601169,sell,19698,3.62,213.99
20220401,002649,sell,1262,12.26,46.43
20220401,603327,sell,392,5.24,6.16
20220401,300443,buy,5285,32.25,511.3
20220401,002978,buy,3037,32.9,299.74
20220401,002106,buy,18971,7.62,433.54
20220401,000949,buy,2961,4.68,41.58
20220401,603797,sell,5100,6.01,92.03
20220401,300916,buy,4773,21.26,304.43
20220401,002191,buy,6744,11.34,229.34
20220401,000690,buy,3620,4.19,45.51
20220401,000612,buy,14780,5.69,252.26
20220401,605277,sell,2789,11.13,93.09
20220401,003025,buy,11038,10.16,336.56
20220401,300358,buy,8983,17.6,474.31
20220401,301000,sell,1049,11.36,35.76
20220401,601518,sell,25400,1.88,142.92
20220401,601318,sell,220,40.02,26.41
20220401,601677,sell,2031,28.77,175.32
20220401,600483,buy,13188,7.66,303.05
20220401,600020,sell,22230,2.97,198.33
20220401,601019,sell,14848,5.49,244.47
20220401,002508,buy,1012,25.99,78.91
20220401,605368,buy,1103,6.93,22.93
20220401,605108,sell,4589,16.84,231.81
20220401,600603,sell,2954,3.85,34.12
20220401,600901,sell,11524,2.76,95.29
20220401,000731,sell,6243,8.55,160.12
20220401,603258,sell,3071,24.28,223.72
20220401,600966,buy,710,8.5,18.1
20220401,002753,sell,2069,8.29,51.44
20220401,600398,buy,11741,3.8,133.82
20220401,605399,buy,1170,26.07,91.51
20220401,688068,sell,1218,120.09,438.82
20220401,002034,buy,6438,16.47,318.16
20220401,002585,buy,17291,15.44,800.75
20220401,000823,buy,9040,10.3,279.29
20220401,605208,buy,5506,9.76,161.19
20220401,600582,sell,55665,4.23,706.34
20220401,688298,sell,1305,156.17,611.39
20220401,600219,buy,27774,3.32,277.01
20220401,605169,buy,3427,10.68,109.82
20220401,300771,sell,10676,12.22,391.28
20220401,300701,buy,10586,9.07,288.0
20220401,605377,buy,356,8.97,9.58
20220401,002913,buy,2193,28.05,184.54
20220401,000807,sell,2417,12.44,90.2
20220401,603886,buy,3300,13.88,137.41
20220401,003016,sell,1615,8.04,38.97
20220401,603617,sell,11675,10.07,352.84
20220401,600702,buy,800,154.63,371.12
20220401,600308,buy,1885,3.77,21.32
20220401,601919,sell,1376,9.66,39.88
20220401,002254,buy,6056,15.21,276.31
20220401,603489,buy,656,83.99,165.29
20220401,600874,sell,19395,6.88,400.36
20220401,688169,buy,180,142.81,77.12
20220401,603529,sell,8499,17.68,450.89
20220401,002039,buy,3523,11.42,120.67
20220401,600694,sell,2916,11.3,98.83
20220401,688788,buy,25235,35.99,2724.92
20220401,300671,buy,11129,81.61,2724.75
20220401,603005,buy,40453,22.45,2724.89
20220401,600741,buy,7801,17.1,400.17
20220401,002145,buy,11183,6.45,216.4
20220401,601339,buy,3914,4.84,56.84
20220401,603809,buy,153948,5.9,2724.9
20220401,300653,buy,762,38.36,87.69
20220401,002833,buy,6048,13.63,247.32
20220401,600888,buy,142044,6.39,2724.9
20220401,688556,buy,61254,14.83,2724.89
20220401,300601,buy,16928,53.65,2724.78
20220401,000581,sell,515,16.33,25.23
20220401,600016,buy,301007,3.02,2724.91
20220401,603926,buy,88604,9.77,2595.88
20220505,601339,sell,187621,4.26,2396.26
20220505,000581,sell,55630,16.55,2761.83
20220505,603809,sell,153948,5.91,2730.12
20220505,300601,sell,16928,39.29,1995.22
20220505,600016,sell,301007,2.88,2597.84
20220505,601728,sell,19483,3.19,186.63
20220505,603599,sell,14533,16.24,707.96
20220505,600050,sell,25900,3.14,243.71
20220505,002677,sell,10600,11.46,364.44
20220505,002818,sell,14832,8.6,382.68
20220505,603587,buy,835,11.86,29.7
20220505,000800,sell,4351,7.41,96.75
20220505,600533,buy,1582,3.71,17.59
20220505,600033,sell,20256,2.36,143.21
20220505,002296,buy,14329,5.69,244.42
20220505,600742,buy,5849,6.86,120.37
20220505,002406,buy,19140,4.12,236.31
20220505,600015,sell,12525,4.16,156.16
20220505,300660,buy,1678,9.93,50.0
20220505,603037,buy,6894,5.16,106.82
20220505,600325,sell,11729,6.55,230.36
20220505,000830,sell,7422,14.92,332.24
20220505,688699,buy,4570,55.02,754.31
20220505,000501,sell,8466,9.45,240.04
20220505,300443,buy,6792,23.3,474.67
20220505,600223,buy,14465,8.19,355.47
20220505,600548,sell,7211,7.75,167.64
20220505,603327,sell,23219,5.42,377.68
20220505,002191,buy,26881,7.61,613.73
20220505,000883,sell,10031,3.81,114.55
20220505,002106,buy,2043,6.71,41.15
20220505,601169,sell,20962,3.54,222.79
20220505,603095,buy,8548,8.83,226.45
20220505,000612,buy,6949,4.89,101.91
20220505,002649,buy,16465,9.0,444.31
20220505,600997,sell,1480,5.81,25.79
20220505,601828,buy,43514,5.12,668.92
20220505,002978,buy,1459,28.02,122.63
20220505,301000,sell,1381,10.37,42.95
20220505,000949,buy,43642,3.43,448.62
20220505,603797,buy,2002,5.32,31.97
20220505,600483,sell,20998,8.35,525.71
20220505,000690,buy,10675,3.58,114.68
20220505,605277,buy,11899,8.71,310.8
20220505,300916,buy,6993,16.38,343.65
20220505,300358,buy,1429,15.36,65.83
20220505,605368,sell,17444,7.17,375.09
20220505,601677,buy,4520,22.57,306.01
20220505,003025,sell,6701,9.85,198.04
20220505,002508,sell,4217,26.5,335.28
20220505,601318,sell,566,36.8,62.49
20220505,600966,buy,14394,6.72,289.98
20220505,002753,buy,17125,6.43,330.17
20220505,601518,sell,11813,1.72,61.09
20220505,600603,sell,40159,4.16,501.18
20220505,601019,sell,5155,5.08,78.55
20220505,600020,sell,6360,2.72,51.96
20220505,600901,sell,40447,2.82,341.84
20220505,300701,buy,1555,8.01,37.35
20220505,600398,sell,15633,3.64,170.94
20220505,000823,buy,8346,8.44,211.2
20220505,603258,buy,2940,20.18,178.03
20220505,605108,sell,3815,16.25,185.93
20220505,000731,sell,3039,7.89,71.94
20220505,605208,sell,215,8.77,5.66
20220505,002034,sell,6044,16.59,300.77
20220505,002913,sell,3546,28.24,300.46
20220505,688788,buy,5482,26.51,436.02
20220505,603529,sell,11905,20.64,737.12
20220505,605399,sell,547,23.75,38.97
20220505,603005,buy,5033,17.9,270.33
20220505,605169,sell,5147,10.19,157.41
20220505,300771,buy,1259,10.77,40.68
20220505,688298,buy,2161,102.08,661.77
20220505,003016,buy,497,7.18,10.7
20220505,600308,sell,18114,3.65,198.6
20220505,603489,sell,700,80.53,169.11
20220505,002585,buy,4756,12.81,182.71
20220505,002039,sell,10816,11.85,384.44
20220505,600874,buy,2954,6.03,53.48
20220505,000807,buy,11377,9.65,329.35
20220505,300671,buy,3105,57.21,532.94
20220505,601919,buy,1734,8.5,44.24
20220505,600582,sell,12478,4.03,150.72
20220505,688169,sell,711,144.19,307.55
20220505,600219,buy,33744,2.65,268.58
20220505,600888,sell,32729,7.45,731.48
20220505,002254,buy,5296,12.53,199.0
20220505,600720,buy,84496,9.64,2443.15
20220505,600741,sell,4927,16.9,249.78
20220505,603886,sell,466,12.53,17.52
20220505,002145,buy,17619,5.14,271.69
20220505,688068,buy,2019,84.98,514.73
20220505,002984,buy,45247,18.0,2443.11
20220505,603926,buy,10195,8.24,252.11
20220505,300782,buy,7190,113.25,2442.82
20220505,600702,sell,42,139.68,17.6
20220505,605377,buy,10794,7.27,235.3
20220505,600694,sell,12761,12.04,460.94
20220505,002845,buy,70887,11.49,2443.13
20220505,688556,sell,7917,15.27,362.65
20220505,002563,buy,170061,4.79,2443.15
20220505,603617,buy,2333,8.8,61.62
20220505,002833,buy,1883,11.69,66.06
20220601,300660,sell,81989,10.72,2636.33
20220601,600033,sell,345558,2.46,2547.86
20220601,002296,sell,143227,6.69,2873.3
20220601,600015,sell,195960,4.14,2434.07
20220601,002406,sell,197886,4.77,2829.19
20220601,601518,sell,472450,1.85,2621.01
20220601,000823,sell,96545,8.91,2581.44
20220601,600020,sell,299067,2.85,2555.67
20220601,002106,sell,121281,7.34,2669.92
20220601,000807,sell,84396,10.35,2620.3
20220601,600742,sell,118719,7.69,2738.92
20220601,003025,sell,82667,10.41,2580.52
20220601,002913,sell,28835,26.88,2324.89
20220601,002039,sell,68737,13.16,2713.4
20220601,601919,sell,95765,8.72,2504.99
20220601,600219,sell,306950,2.83,2601.5
20220601,002677,sell,71061,11.8,2515.1
20220601,002034,sell,49095,18.34,2700.64
20220601,605208,sell,92861,9.79,2727.95
20220601,600533,sell,219751,3.45,2276.98
20220601,603587,sell,68680,12.37,2549.36
20220601,600325,sell,124396,6.18,2306.87
20220601,000830,sell,54578,15.23,2494.15
20220601,002649,sell,90537,9.61,2611.05
20220601,600548,sell,105091,7.97,2513.49
20220601,000883,sell,213952,4.16,2667.95
20220601,600223,sell,99416,8.71,2597.43
20220601,002191,sell,107008,7.54,2421.53
20220601,300443,sell,34958,31.27,3279.48
20220601,600997,sell,140231,6.42,2699.8
20220601,300358,sell,53036,17.0,2704.51
20220601,603797,sell,153016,5.78,2652.18
20220601,605108,sell,50129,17.98,2704.59
20220601,300916,sell,49715,18.79,2802.22
20220601,000690,sell,227412,3.76,2568.36
20220601,000949,sell,237669,3.61,2577.07
20220601,605277,sell,93537,9.63,2702.71
20220601,002508,sell,30729,26.26,2421.17
20220601,600483,sell,97585,8.89,2601.74
20220601,002753,sell,126718,7.16,2721.25
20220601,603258,sell,40346,19.08,2309.89
20220601,002585,sell,63596,14.66,2796.31
20220601,688068,sell,9583,76.08,2187.26
20220601,688298,sell,7978,93.65,2241.46
20220601,600603,sell,195765,4.6,2701.56
20220601,600966,sell,121274,6.9,2508.7
20220601,300701,sell,101713,8.76,2672.76
20220601,605399,sell,34293,29.57,3042.55
20220601,603617,sell,92498,8.45,2345.5
20220601,003016,sell,113435,7.8,2652.98
20220601,600398,sell,223436,3.64,2438.45
20220601,603886,sell,64974,13.04,2541.66
20220601,002254,sell,65018,13.83,2696.87
20220601,600702,sell,5831,159.48,2789.77
20220601,600308,sell,222841,3.97,2655.8
20220601,688788,sell,30717,29.32,2702.05
20220601,300671,sell,14234,60.5,2583.47
20220601,603005,sell,45486,19.43,2651.22
20220601,603926,sell,98799,9.31,2760.63
20220601,600720,sell,84496,12.28,3112.16
20220601,002984,sell,45247,20.59,2794.63
20220601,300782,sell,7190,120.8,2605.57
20220601,002845,sell,70887,12.32,2620.84
20220601,002563,sell,170061,4.78,2440.62
20220601,601728,buy,16398,3.21,157.89
20220601,603599,buy,1403,16.9,71.13
20220601,301000,buy,2363,10.77,76.32
20220601,002818,buy,3011,8.92,80.55
20220601,601368,buy,148144,5.88,2613.66
20220601,600016,buy,294830,2.96,2613.67
20220601,600061,buy,152833,5.7,2613.67
20220601,600941,buy,16017,54.39,2613.54
20220601,600050,buy,22926,3.08,212.06
20220601,000731,buy,977,8.36,24.51
20220601,603037,sell,3484,5.65,59.06
20220601,600901,buy,10523,2.91,91.8
20220601,603529,sell,3137,23.99,225.74
20220601,600123,buy,89850,9.7,2613.67
20220601,601828,buy,3728,5.36,59.9
20220601,601169,buy,21040,3.47,219.17
20220601,601339,buy,202883,4.29,2613.67
20220601,601156,buy,42353,20.57,2613.66
20220601,601019,sell,2561,5.52,42.42
20220601,603299,buy,83549,10.43,2613.66
20220601,603086,buy,117458,7.42,2613.67
20220601,600598,buy,61539,14.16,2613.65
20220601,000581,buy,50835,17.14,2613.64
20220601,601233,buy,53604,16.25,2613.68
20220601,301219,buy,13244,65.78,2613.51
20220601,605500,buy,126737,6.87,2613.66
20220601,601811,buy,109033,7.99,2613.66
20220601,603013,buy,68214,12.77,2613.65
20220601,300856,buy,76536,11.38,2613.66
20220601,600888,buy,5179,7.61,118.23
20220601,600694,buy,9664,11.27,326.75
20220601,002985,buy,14234,61.21,2613.61
20220601,300771,sell,3462,12.08,125.42
20220601,605169,buy,1890,10.65,60.41
20220601,688598,buy,7855,110.9,2613.47
20220601,000529,buy,133343,6.53,2613.68
20220601,603568,buy,53111,16.4,2613.64
20220601,000501,buy,4725,9.59,135.87
20220601,605259,buy,70106,12.43,2613.65
20220601,605368,buy,6451,7.26,140.42
20220601,601677,buy,4157,21.65,269.98
20220601,300519,buy,60188,14.47,2613.65
20220601,688636,buy,25250,34.5,2613.61
20220601,002242,buy,57004,15.28,2613.64
20220601,002061,buy,214394,4.06,2613.68
20220601,688699,sell,1150,63.83,220.2
20220601,600874,buy,3232,6.3,61.13
20220601,603185,buy,11394,76.46,2613.58
20220601,300653,sell,743,37.99,84.67
20220601,601866,buy,311037,2.8,2613.68
20220601,002060,buy,119672,7.28,2613.67
20220601,600741,sell,3236,19.38,188.14
20220601,002687,buy,208907,4.17,2613.67
20220601,002978,buy,1201,28.78,103.71
20220601,600271,buy,81583,10.68,2613.68
20220601,600894,buy,165120,5.28,2613.68
20220601,000930,buy,97712,8.92,2613.66
20220601,688606,buy,12218,71.31,2613.63
20220601,600618,buy,75654,11.52,2613.67
20220601,603006,buy,116380,7.49,2613.67
20220601,603327,sell,16204,6.5,316.07
20220601,000507,buy,141530,6.16,2613.67
20220601,002396,buy,54699,15.93,2613.68
20220601,002745,buy,105360,8.27,2613.66
20220601,603809,buy,134806,6.46,2613.67
20220601,002833,buy,1251,12.49,46.86
20220601,002758,buy,64588,13.49,2613.65
20220601,002048,buy,66829,13.04,2613.64
20220601,601916,buy,337680,2.58,2613.68
20220601,603801,buy,67553,12.9,2613.65
20220601,605377,buy,134,7.76,3.12
20220601,000030,buy,178751,4.87,2613.67
20220601,603305,buy,53360,16.33,2613.66
20220601,002267,buy,141600,6.15,2613.66
20220601,603095,buy,2024,9.24,56.13
20220601,600998,buy,225395,3.87,2613.67
20220601,600426,buy,33599,25.93,2613.61
20220601,600390,buy,200802,4.34,2613.67
20220601,603489,sell,451,90.16,121.99
20220601,603565,buy,93457,9.32,2613.66
20220601,603217,buy,31849,27.35,2613.66
20220601,000800,sell,5247,8.33,131.08
20220601,002145,sell,41743,7.47,934.94
20220601,301016,buy,126147,6.91,2613.67
20220601,600373,buy,97701,8.92,2613.66
20220601,300951,buy,30175,28.87,2613.66
20220601,688556,sell,3810,17.59,201.07
20220601,300482,buy,23652,36.83,2613.66
20220601,603896,buy,23919,36.42,2613.58
20220601,605189,buy,70052,12.44,2613.65
20220601,603866,buy,78009,11.17,2613.65
20220601,600582,sell,3460,4.38,45.49
20220601,688550,buy,23061,37.78,2613.6
20220601,688169,sell,113,157.39,53.35
20220601,300401,buy,63813,13.65,2613.65
20220601,601318,buy,1999,36.1,216.52
20220601,000623,buy,68111,12.79,2613.67
20220601,688357,buy,13194,66.03,2613.62
20220601,688399,buy,8748,77.82,2042.35
20220601,000612,sell,3552,5.34,56.94
20220701,603327,sell,133996,6.99,2809.14
20220701,000800,sell,104627,9.15,2871.78
20220701,000501,sell,90892,10.38,2829.98
20220701,601828,sell,162658,5.67,2764.65
20220701,688699,sell,13651,70.14,2872.6
20220701,002978,sell,30268,36.74,3336.56
20220701,601318,sell,24130,39.09,2829.92
20220701,605368,sell,120073,6.97,2510.31
20220701,605377,sell,112208,8.89,2993.79
20220701,600741,sell,44957,18.92,2551.77
20220701,300653,sell,22936,50.19,3453.53
20220701,688169,sell,5536,153.11,2542.88
20220701,600874,sell,138191,6.42,2660.3
20220701,603489,sell,9663,92.65,2685.89
20220701,002145,sell,116695,7.0,2449.7
20220701,600694,sell,77303,11.29,2618.04
20220701,688556,sell,49527,23.8,3536.69
20220701,002985,sell,14234,55.84,2384.69
20220701,603568,sell,53111,20.74,3305.02
20220701,605259,sell,70106,13.03,2740.43
20220701,002242,sell,57004,17.44,2983.01
20220701,002061,sell,214394,4.35,2800.29
20220701,603185,sell,11394,111.48,3810.6
20220701,002060,sell,119672,7.41,2660.51
20220701,002687,sell,208907,4.2,2631.43
20220701,600271,sell,81583,10.76,2633.1
20220701,000930,sell,97712,8.5,2490.72
20220701,688606,sell,12218,68.15,2497.92
20220701,600618,sell,75654,11.57,2625.84
20220701,000507,sell,141530,5.82,2471.84
20220701,002745,sell,105360,8.99,2840.06
20220701,603809,sell,134806,6.64,2685.89
20220701,002758,sell,64588,12.07,2338.81
20220701,601916,sell,337680,2.61,2645.75
20220701,603801,sell,67553,16.79,3403.08
20220701,000030,sell,178751,5.0,2683.66
20220701,603305,sell,53360,20.36,3259.2
20220701,002267,sell,141600,5.84,2479.16
20220701,600998,sell,225395,3.96,2678.79
20220701,600426,sell,33599,26.66,2686.87
20220701,603565,sell,93457,7.92,2220.63
20220701,603217,sell,31849,28.45,2718.13
20220701,600373,sell,97701,8.68,2544.83
20220701,300951,sell,30175,30.82,2790.28
20220701,300482,sell,23652,38.69,2745.47
20220701,603896,sell,23919,37.94,2722.77
20220701,605189,sell,70052,12.39,2603.22
20220701,603866,sell,78009,12.59,2946.93
20220701,688550,sell,23061,34.94,2416.91
20220701,688357,sell,13194,63.47,2512.4
20220701,688399,sell,8748,73.65,1932.77
20220701,601728,buy,12252,3.21,117.94
20220701,600941,buy,1531,51.88,238.26
20220701,002818,sell,1029,9.42,29.07
20220701,603299,sell,1363,11.08,45.29
20220701,603599,sell,2095,18.41,115.68
20220701,301016,buy,7243,6.82,148.29
20220701,603037,sell,6246,6.15,115.29
20220701,301061,buy,64554,14.1,2731.0
20220701,300519,sell,3030,15.93,144.78
20220701,600598,buy,9341,12.84,359.91
20220701,601368,buy,4657,5.96,83.23
20220701,688182,buy,63020,14.45,2731.01
20220701,603006,sell,2517,8.0,60.37
20220701,301000,sell,832,11.37,28.37
20220701,601156,buy,6698,18.56,372.92
20220701,600061,sell,583,5.98,10.46
20220701,002833,sell,4659,13.98,195.42
20220701,688283,buy,28708,31.71,2730.97
20220701,300695,buy,25774,35.32,2730.97
20220701,688618,buy,48214,18.88,2730.97
20220701,300401,sell,9113,16.64,454.99
20220701,301179,buy,72214,12.61,2731.0
20220701,600050,buy,9301,3.12,87.03
20220701,600901,sell,6264,3.1,58.32
20220701,603529,sell,6456,30.48,590.36
20220701,688786,buy,35383,25.73,2731.0
20220701,600894,buy,2200,5.44,35.91
20220701,300099,buy,140637,6.47,2731.01
20220701,600016,buy,2276,3.06,20.92
20220701,603013,buy,1542,13.05,60.37
20220701,603095,sell,1596,9.83,47.04
20220701,301219,buy,530,66.09,105.08
20220701,601233,buy,4914,15.56,229.33
20220701,000612,sell,3531,5.71,60.45
20220701,603086,buy,5042,7.43,112.41
20220701,000408,buy,31565,28.84,2730.96
20220701,600888,sell,10926,8.79,288.11
20220701,601169,buy,4912,3.56,52.44
20220701,600338,buy,28947,31.45,2730.98
20220701,002722,buy,68434,13.3,2731.0
20220701,002195,buy,414401,2.2,2731.01
20220701,300308,buy,41310,22.04,2731.0
20220701,301181,buy,53537,17.0,2731.01
20220701,603118,buy,127594,7.13,2731.01
20220701,600674,buy,82566,11.03,2731.01
20220701,000731,buy,3810,8.43,96.35
20220701,000623,buy,1191,13.14,46.93
20220701,601019,buy,5110,5.59,85.67
20220701,601339,buy,17033,4.14,211.52
20220701,600123,sell,3487,10.54,110.27
20220701,601811,buy,3987,8.05,96.34
20220701,600406,buy,43155,21.09,2730.99
20220701,300897,buy,95572,9.53,2731.0
20220701,301023,buy,33442,27.22,2731.0
20220701,603966,buy,151034,6.03,2731.0
20220701,000762,buy,15566,58.48,2731.01
20220701,601328,buy,236731,3.85,2731.01
20220701,002515,buy,203109,4.48,2731.0
20220701,605222,buy,41345,22.02,2731.0
20220701,600582,buy,20586,4.15,256.25
20220701,605555,buy,68813,13.23,2730.98
20220701,605500,sell,484,7.21,10.47
20220701,000581,buy,2838,16.96,144.4
20220701,600566,buy,40120,22.69,2730.96
20220701,001210,buy,61295,14.85,2730.99
20220701,600846,buy,128966,7.06,2731.0
20220701,002039,buy,66184,13.75,2730.99
20220701,688102,buy,130190,6.99,2731.01
20220701,601218,buy,190677,4.77,2731.0
20220701,300638,buy,43463,20.94,2730.97
20220701,601866,buy,39963,2.59,310.94
20220701,605117,buy,18220,49.96,2730.92
20220701,002396,buy,398,16.52,19.73
20220701,605128,buy,52917,17.2,2730.98
20220701,300817,buy,93164,9.77,2731.01
20220701,688598,sell,728,127.75,279.0
20220701,603393,buy,44930,20.26,2730.96
20220701,002048,sell,4264,14.55,186.13
20220701,002027,buy,168443,5.4,2731.0
20220701,003005,buy,72050,12.63,2731.01
20220701,300771,buy,1657,12.33,61.32
20220701,002296,buy,137736,6.61,2731.01
20220701,601677,buy,1166,21.98,76.9
20220701,300856,sell,10832,13.86,450.24
20220701,300893,buy,89828,10.13,2731.0
20220701,603266,buy,62827,14.49,2730.98
20220701,300926,buy,100468,9.06,2731.01
20220701,000529,buy,6376,6.52,124.63
20220701,605169,buy,4124,10.6,131.11
20220701,000960,buy,57772,15.76,2730.99
20220701,601619,buy,242040,3.76,2731.0
20220701,000028,buy,41878,21.74,2730.96
20220701,002026,buy,77718,11.71,2731.01
20220701,688636,buy,1418,34.14,145.21
20220701,000915,buy,26517,34.33,2730.91
20220701,603881,buy,75220,12.1,2731.0
20220701,600390,buy,879,4.51,11.9
20220801,601677,sell,41410,27.55,3422.65
20220801,300771,sell,73803,14.51,3212.68
20220801,605169,sell,85902,13.21,3404.68
20220801,600123,sell,86363,9.31,2413.28
20220801,603086,sell,122500,8.04,2956.23
20220801,300856,sell,65704,15.49,3053.51
20220801,000529,sell,139719,6.02,2524.19
20220801,688636,sell,26668,33.64,2691.49
20220801,601866,sell,351000,2.59,2723.39
20220801,002396,sell,55097,16.78,2774.28
20220801,600390,sell,201681,4.43,2680.85
20220801,301023,sell,33442,35.29,3540.11
20220801,601328,sell,236731,3.8,2701.58
20220801,605555,sell,68813,16.28,3360.8
20220801,002039,sell,66184,13.93,2766.28
20220801,603393,sell,44930,21.55,2904.62
20220801,002027,sell,168443,4.88,2466.97
20220801,603266,sell,62827,15.9,2996.75
20220801,000960,sell,57772,14.55,2522.31
20220801,000028,sell,41878,21.09,2650.05
20220801,000915,sell,26517,34.23,2722.91
20220801,601728,buy,17272,3.2,165.82
20220801,600941,buy,1630,50.22,245.58
20220801,301061,buy,11247,12.71,428.73
20220801,688182,buy,2889,14.61,126.65
20220801,002818,buy,14980,8.63,387.66
20220801,603037,sell,1124,6.56,22.12
20220801,301179,sell,5734,14.49,249.23
20220801,300519,buy,8241,14.73,364.11
20220801,603599,buy,7481,16.91,379.62
20220801,688125,buy,15022,64.12,2889.49
20220801,603299,buy,1898,11.45,65.22
20220801,301181,sell,20437,29.1,1784.09
20220801,603006,sell,8904,9.18,245.13
20220801,688283,sell,3161,37.7,357.53
20220801,301000,sell,527,12.11,19.14
20220801,300099,buy,3530,6.68,70.75
20220801,600598,buy,8926,12.07,323.18
20220801,002833,buy,6250,13.5,253.07
20220801,600061,buy,14682,5.77,254.14
20220801,300695,sell,990,38.86,115.43
20220801,603095,buy,5197,9.84,153.47
20220801,688697,buy,81441,11.83,2889.48
20220801,688786,sell,6861,33.77,695.09
20220801,603013,sell,7518,15.48,349.04
20220801,601368,buy,10727,5.89,189.54
20220801,600894,buy,3765,5.63,63.59
20220801,688072,buy,9213,104.54,2889.29
20220801,600901,buy,26796,3.01,241.86
20220801,688618,sell,4355,21.96,286.92
20220801,600338,buy,4579,28.73,394.64
20220801,600050,buy,22371,3.07,205.7
20220801,001210,buy,4962,14.54,216.39
20220801,000612,buy,4738,5.86,83.35
20220801,000408,buy,3259,27.66,270.41
20220801,301219,buy,1325,63.79,253.55
20220801,002722,sell,203,14.12,8.6
20220801,688102,sell,19635,8.71,513.19
20220801,002195,buy,20132,2.22,133.87
20220801,301028,buy,90974,10.59,2889.48
20220801,688778,buy,11294,85.28,2889.47
20220801,601156,buy,9817,16.36,481.86
20220801,002026,sell,7162,13.65,293.31
20220801,301191,buy,16774,57.42,2889.35
20220801,603118,buy,3486,7.35,76.84
20220801,601233,buy,8241,14.43,356.69
20220801,300897,sell,1203,10.21,36.83
20220801,600016,buy,25948,2.98,232.09
20220801,300401,buy,7787,15.41,360.08
20220801,300308,sell,226,23.44,15.9
20220801,688290,buy,14673,65.64,2889.4
20220801,601218,sell,1023,5.08,15.59
20220801,300823,buy,70106,13.74,2889.46
20220801,605056,buy,65722,14.65,2889.45
20220801,003005,buy,2012,13.0,78.5
20220801,301082,buy,81027,11.89,2889.47
20220801,688337,buy,19779,48.7,2889.46
20220801,000623,buy,5199,12.93,201.64
20220801,600406,sell,606,22.64,41.15
20220801,600938,buy,75310,12.79,2889.45
20220801,000731,buy,2237,8.74,58.64
20220801,688048,buy,8850,108.82,2889.16
20220801,603529,sell,3925,37.13,437.2
20220801,600582,sell,4564,4.48,61.39
20220801,000762,buy,2746,52.6,433.28
20220801,301129,buy,27973,34.43,2889.42
20220801,601811,buy,6559,8.05,158.49
20220801,002048,sell,1037,15.65,48.7
20220801,600674,sell,1500,11.88,53.47
20220801,688766,buy,18504,52.05,2889.36
20220801,603966,sell,11058,6.88,228.27
20220801,605222,buy,335,23.11,23.22
20220801,002296,sell,9705,7.52,219.03
20220801,601169,buy,19699,3.5,206.59
20220801,688598,sell,1544,172.54,799.23
20220801,301150,buy,25175,38.26,2889.39
20220801,300893,sell,19633,13.72,808.17
20220801,605128,sell,19138,28.51,1637.11
20220801,605500,buy,10713,7.03,226.01
20220801,605117,sell,2432,61.01,445.11
20220801,300926,sell,6545,10.25,201.35
20220801,688320,buy,14083,68.39,2889.4
20220801,300817,sell,10120,11.6,352.12
20220801,601019,buy,20088,5.26,317.21
20220801,603881,buy,6133,11.84,217.83
20220801,301016,sell,6795,7.61,155.09
20220801,688279,buy,13220,72.85,2889.41
20220801,601339,sell,4395,4.47,58.92
20220801,600846,sell,6598,7.87,155.8
20220801,000581,buy,1559,17.44,81.56
20220801,300638,buy,2593,20.91,162.68
20220801,600888,sell,3783,9.65,109.55
20220801,601619,sell,10609,4.16,132.46
20220801,600566,buy,5078,21.31,324.63
20220801,603109,buy,56019,17.19,2889.45
20220801,002515,buy,34792,4.05,422.57
20220901,601019,sell,182982,5.9,3239.14
20220901,000612,sell,164254,5.35,2634.67
20220901,600582,sell,214830,4.4,2832.83
20220901,603529,sell,25941,30.0,2335.05
20220901,002833,sell,71360,12.07,2583.71
20220901,600888,sell,99785,8.15,2440.99
20220901,601156,sell,58868,16.57,2925.66
20220901,301219,sell,15099,63.99,2898.34
20220901,601811,sell,119579,9.38,3365.21
20220901,603013,sell,62238,13.28,2478.89
20220901,688598,sell,5583,130.18,2180.34
20220901,300519,sell,65399,14.06,2758.54
20220901,603006,sell,104959,7.89,2483.91
20220901,002048,sell,61528,12.58,2321.64
20220901,301016,sell,126595,7.4,2809.85
20220901,000623,sell,74501,12.75,2849.11
20220901,688283,sell,25547,37.28,2857.31
20220901,688618,sell,43859,22.56,2967.74
20220901,300099,sell,144167,6.05,2615.79
20220901,600338,sell,33526,27.8,2796.29
20220901,300308,sell,41084,20.37,2511.04
20220901,600674,sell,81066,12.37,3009.34
20220901,600406,sell,42549,21.27,2715.51
20220901,605222,sell,41680,19.12,2390.87
20220901,600566,sell,45198,19.92,2701.17
20220901,001210,sell,66257,13.81,2744.13
20220901,600846,sell,122368,7.53,2765.83
20220901,300638,sell,46056,17.15,2369.95
20220901,605117,sell,15788,69.05,3270.29
20220901,605128,sell,33779,20.1,2037.31
20220901,300817,sell,83044,9.4,2342.37
20220901,003005,sell,74062,11.75,2611.3
20220901,002296,sell,128031,7.12,2736.44
20220901,300893,sell,70195,14.64,3083.89
20220901,601619,sell,231431,3.81,2642.91
20220901,002026,sell,70556,11.14,2358.94
20220901,688125,sell,15022,67.34,3034.78
20220901,301028,sell,90974,9.58,2614.29
20220901,688778,sell,11294,65.22,2209.94
20220901,688290,sell,14673,67.0,2949.14
20220901,300823,sell,70106,11.85,2492.87
20220901,605056,sell,65722,13.61,2683.06
20220901,301082,sell,81027,10.33,2511.97
20220901,688337,sell,19779,53.61,3181.11
20220901,688048,sell,8850,90.0,2389.63
20220901,301129,sell,27973,28.68,2406.73
20220901,688320,sell,14083,55.08,2327.27
20220901,688279,sell,13220,63.27,2509.26
20220901,601728,sell,20060,3.24,195.18
20220901,600941,sell,2601,54.96,428.87
20220901,601339,sell,15610,4.56,213.42
20220901,002483,buy,161161,5.65,2733.23
20220901,002818,sell,25416,10.56,805.53
20220901,301061,sell,8568,13.55,348.32
20220901,300695,buy,716,35.73,76.74
20220901,002195,buy,1827,2.09,11.44
20220901,000762,buy,1080,46.98,152.22
20220901,000408,buy,1046,25.4,79.7
20220901,603299,buy,3819,10.36,118.75
20220901,600050,sell,27908,3.18,266.4
20220901,601218,buy,6654,4.64,92.65
20220901,688697,buy,16172,9.33,452.83
20220901,301191,sell,800,57.04,136.89
20220901,601233,sell,2509,14.18,106.73
20220901,300926,buy,8016,8.94,214.93
20220901,600901,sell,22006,3.06,201.75
20220901,301179,buy,1653,13.37,66.31
20220901,600061,sell,21726,6.27,408.95
20220901,600598,sell,9439,12.95,366.64
20220901,688182,buy,9078,12.15,330.89
20220901,603599,sell,3832,17.15,197.21
20220901,600938,sell,6564,13.25,260.98
20220901,300580,buy,111309,8.19,2733.22
20220901,000719,buy,129090,7.06,2733.23
20220901,301181,buy,9753,21.26,622.05
20220901,000893,buy,27115,33.6,2733.19
20220901,603881,buy,457,11.14,15.27
20220901,603037,buy,10461,5.79,181.78
20220901,300160,buy,126626,7.2,2733.23
20220901,002432,buy,18158,50.17,2733.13
20220901,300488,buy,42164,21.61,2733.2
20220901,600780,buy,155053,5.88,2733.23
20220901,603201,buy,64898,14.04,2733.23
20220901,002515,sell,25767,4.29,332.0
20220901,002722,buy,1027,13.15,40.53
20220901,603095,sell,4527,9.76,132.59
20220901,002756,buy,10440,87.26,2733.11
20220901,601038,buy,96176,9.47,2733.21
20220901,301150,buy,1978,33.55,199.11
20220901,688303,buy,18194,50.07,2733.11
20220901,688072,sell,1596,119.62,572.76
20220901,603118,sell,18925,8.12,461.21
20220901,002884,buy,59548,15.3,2733.23
20220901,301075,buy,38436,23.7,2733.21
20220901,000913,buy,40219,22.65,2733.18
20220901,002832,buy,47475,19.19,2733.23
20220901,300771,buy,66831,13.63,2733.22
20220901,301195,buy,20860,43.67,2733.12
20220901,002972,buy,86024,10.59,2733.22
20220901,688786,buy,4131,27.9,345.78
20220901,600033,buy,355374,2.56,2733.24
20220901,688606,buy,13994,65.1,2733.19
20220901,600618,buy,89109,10.22,2733.24
20220901,601169,sell,13638,3.48,142.34
20220901,605259,buy,62051,14.68,2733.23
20220901,600000,buy,140666,6.48,2733.23
20220901,300861,buy,20536,44.36,2733.13
20220901,300801,buy,39177,23.26,2733.24
20220901,300628,buy,21107,43.16,2733.18
20220901,600894,sell,6120,5.52,101.4
20220901,300897,buy,3537,9.31,98.74
20220901,605377,buy,100081,9.1,2733.24
20220901,002270,buy,133338,6.83,2733.22
20220901,002738,buy,14547,62.63,2733.18
20220901,600016,sell,17468,2.98,156.24
20220901,002039,buy,69155,13.17,2733.22
20220901,002429,buy,261383,3.49,2733.23
20220901,002267,buy,133893,6.8,2733.23
20220901,603086,buy,91800,9.92,2733.24
20220901,603339,buy,76674,11.88,2733.23
20220901,000731,sell,4311,8.6,111.25
20220901,300401,sell,12268,18.14,667.71
20220901,601368,buy,5118,5.4,82.95
20220901,603896,buy,25630,35.55,2733.16
20220901,603615,buy,122210,7.46,2733.23
20220901,603266,buy,67841,13.43,2733.2
20220901,688586,buy,83038,10.97,2733.23
20220901,301000,sell,747,11.56,25.91
20220901,000581,buy,701,16.29,34.26
20220901,600295,buy,89587,10.17,2733.23
20220901,605500,sell,3973,6.85,81.65
20220901,300787,buy,52968,17.2,2733.23
20220901,603109,sell,1370,16.67,68.52
20220901,301053,buy,41383,22.02,2733.18
20220901,603966,buy,15372,5.86,270.46
20220901,000915,buy,27604,33.0,2733.15
20220901,300399,buy,88841,10.26,2733.23
20220901,688766,buy,68,49.06,10.01
20220901,002034,buy,51322,17.75,2733.19
20220901,688102,buy,10936,7.5,246.03
20220901,002106,buy,110000,8.28,2733.23
20220901,002014,buy,138368,6.58,2733.23
20220901,601318,buy,24725,36.85,2733.14
20220901,600662,buy,174609,5.22,2733.24
20221010,301000,sell,78813,9.64,2280.06
20221010,300401,sell,50219,15.92,2397.98
20221010,301061,sell,67233,12.41,2502.89
20221010,688182,sell,74987,11.17,2512.88
20221010,688786,sell,32653,24.85,2434.56
20221010,000408,sell,35870,23.78,2558.86
20221010,002722,sell,69258,11.55,2399.56
20221010,002195,sell,436360,1.89,2474.16
20221010,301181,sell,42853,18.3,2352.33
20221010,603118,sell,112155,7.82,2632.13
20221010,300897,sell,97906,8.4,2466.74
20221010,603966,sell,155348,6.49,3022.8
20221010,002515,sell,212134,3.83,2438.61
20221010,688102,sell,121491,7.48,2725.37
20221010,603881,sell,81810,9.38,2302.54
20221010,688697,sell,97613,8.37,2452.01
20221010,688072,sell,7617,111.9,2557.05
20221010,301191,sell,15974,50.64,2426.92
20221010,600938,sell,68746,13.69,2823.81
20221010,688766,sell,18572,38.98,2171.57
20221010,301150,sell,27153,27.69,2255.72
20221010,603109,sell,54649,15.69,2573.13
20221010,000893,sell,27115,29.68,2414.32
20221010,300488,sell,42164,18.56,2347.79
20221010,601038,sell,96176,8.1,2336.98
20221010,301075,sell,38436,21.39,2466.3
20221010,002832,sell,47475,20.01,2850.09
20221010,301195,sell,20860,42.44,2656.14
20221010,002972,sell,86024,9.53,2458.25
20221010,300801,sell,39177,22.14,2602.71
20221010,002270,sell,133338,6.37,2546.49
20221010,002039,sell,69155,12.35,2562.4
20221010,002429,sell,261383,3.03,2379.61
20221010,603339,sell,76674,11.77,2707.3
20221010,603615,sell,122210,6.59,2415.08
20221010,603266,sell,67841,12.77,2598.62
20221010,688586,sell,83038,10.4,2590.92
20221010,301053,sell,41383,19.74,2450.61
20221010,300399,sell,88841,8.93,2381.33
20221010,002014,sell,138368,6.14,2549.65
20221010,600941,sell,3166,62.47,593.36
20221010,601339,sell,18963,4.63,263.38
20221010,603599,sell,2466,16.54,122.38
20221010,600050,sell,10584,3.04,96.46
20221010,601233,buy,23,13.03,0.9
20221010,600061,buy,954,5.73,16.4
20221010,601728,sell,38462,3.46,398.71
20221010,002818,buy,511,9.66,14.8
20221010,600901,sell,8860,2.9,76.98
20221010,600016,sell,7242,2.81,61.01
20221010,601169,sell,19911,3.46,206.81
20221010,000731,buy,1303,7.81,30.54
20221010,301318,buy,39908,20.99,2513.2
20221010,002756,buy,72,79.69,17.21
20221010,300771,buy,2184,12.14,79.53
20221010,688606,buy,76,59.54,13.57
20221010,000913,buy,5796,18.21,316.56
20221010,002267,sell,16028,7.11,341.77
20221010,600618,buy,4568,8.94,122.55
20221010,688303,buy,1213,43.17,157.08
20221010,601368,sell,853,4.99,12.78
20221010,000581,sell,693,15.17,31.53
20221010,002483,buy,11349,4.86,165.34
20221010,300695,sell,875,34.02,89.3
20221010,600123,buy,82402,10.17,2513.23
20221010,002432,buy,2900,39.78,346.1
20221010,600000,sell,7642,6.3,144.38
20221010,300628,buy,1105,37.72,125.03
20221010,603299,buy,7871,8.75,206.54
20221010,002884,sell,3298,14.89,147.36
20221010,603037,buy,1426,5.28,22.58
20221010,600295,buy,6800,8.69,177.31
20221010,688767,buy,29301,28.59,2513.23
20221010,300787,buy,11783,12.94,457.34
20221010,603086,sell,5635,9.72,164.36
20221010,600874,buy,147479,5.68,2513.23
20221010,601218,buy,19592,3.88,228.06
20221010,000930,buy,113496,7.38,2513.23
20221010,605377,buy,1414,8.25,35.01
20221010,600271,buy,86582,9.68,2513.21
20221010,600598,buy,2792,11.45,95.91
20221010,603095,sell,12441,10.36,386.58
20221010,600742,buy,124521,6.73,2513.23
20221010,603201,buy,3483,12.25,128.01
20221010,605259,sell,7491,15.35,345.06
20221010,000719,sell,1798,6.58,35.5
20221010,605500,sell,989,6.35,18.83
20221010,600373,buy,113968,7.35,2513.22
20221010,605368,buy,125582,6.67,2513.23
20221010,300861,buy,1854,37.41,208.1
20221010,600888,buy,119197,7.03,2513.22
20221010,688399,buy,12283,68.2,2513.21
20221010,600780,buy,8155,5.13,125.58
20221010,600662,buy,624,4.78,8.95
20221010,688707,buy,17351,48.28,2513.14
20221010,600694,buy,81684,10.26,2513.24
20221010,603185,buy,8755,95.68,2513.08
20221010,002034,buy,834,16.06,40.19
20221010,300856,buy,39237,21.35,2513.19
20221010,301179,buy,6421,11.24,216.45
20221010,688181,buy,32862,25.49,2513.19
20221010,002106,buy,8589,7.06,182.02
20221010,688169,buy,9566,87.57,2513.05
20221010,603896,buy,602,31.93,57.67
20221010,688298,buy,13763,60.87,2513.11
20221010,002978,buy,28417,29.48,2513.19
20221010,601828,buy,196193,4.27,2513.23
20221010,603797,buy,161104,5.2,2513.22
20221010,002677,buy,89560,9.35,2513.23
20221010,600894,buy,2413,5.01,36.23
20221010,300332,buy,71232,11.76,2513.23
20221010,600998,buy,219598,3.81,2513.23
20221010,605189,buy,71877,11.66,2513.21
20221010,002738,sell,787,60.88,143.75
20221010,300580,buy,7820,7.03,164.98
20221010,601318,sell,771,34.97,80.89
20221010,603568,buy,47806,17.52,2513.24
20221010,002091,buy,119409,7.02,2513.22
20221010,688550,buy,31215,26.84,2513.22
20221010,688598,buy,6717,124.7,2512.91
20221010,002191,buy,124701,6.72,2513.22
20221010,688636,buy,22592,37.08,2513.19
20221010,300926,sell,12653,9.38,356.16
20221010,603026,buy,9000,93.08,2513.12
20221010,001308,buy,30816,27.19,2513.2
20221010,600033,sell,10715,2.43,78.13
20221010,000915,sell,3152,34.26,323.98
20221010,002061,buy,246523,3.4,2513.24
20221010,603565,buy,108765,7.7,2513.24
20221010,000762,buy,2066,39.04,241.97
20221010,600528,buy,118017,7.1,2513.24
20221010,688699,buy,19462,43.04,2513.13
20221010,600582,buy,193692,4.33,2513.23
20221010,000651,buy,31816,26.33,2513.2
20221010,600612,buy,23479,35.68,2513.21
20221010,603836,buy,55984,14.96,2513.21
20221010,603801,buy,55814,15.01,2513.2
20221010,300160,buy,9479,6.16,175.03
20221010,601677,buy,48705,17.2,2513.2
20221010,002555,buy,51140,14.07,2158.44
20221101,603037,sell,158714,5.94,2830.4
20221101,600901,sell,289269,3.22,2795.92
20221101,601368,sell,167793,5.1,2567.23
20221101,000581,sell,55240,15.41,2554.28
20221101,601233,sell,64273,12.27,2366.49
20221101,605500,sell,132004,6.64,2630.39
20221101,600894,sell,167378,5.31,2665.92
20221101,300695,sell,24625,30.07,2221.76
20221101,301179,sell,74554,12.72,2846.07
20221101,601218,sell,215900,4.11,2661.07
20221101,000719,sell,127292,6.35,2425.65
20221101,300160,sell,136105,6.26,2555.31
20221101,600780,sell,163208,6.38,3122.64
20221101,603201,sell,68381,13.43,2754.71
20221101,300771,sell,69015,11.43,2366.29
20221101,600618,sell,93677,8.92,2508.03
20221101,300861,sell,22390,35.68,2396.48
20221101,605377,sell,101495,9.2,2802.28
20221101,002267,sell,117865,6.35,2245.25
20221101,603086,sell,86165,10.32,2668.08
20221101,603896,sell,26232,34.29,2698.83
20221101,300787,sell,64751,13.95,2710.05
20221101,002034,sell,52156,16.69,2611.65
20221101,002106,sell,118589,7.52,2674.49
20221101,600662,sell,175233,4.59,2412.7
20221101,600123,sell,82402,9.0,2224.41
20221101,600874,sell,147479,5.62,2484.72
20221101,000930,sell,113496,7.65,2605.02
20221101,600271,sell,86582,11.11,2886.48
20221101,600742,sell,124521,7.47,2792.12
20221101,600373,sell,113968,7.55,2582.11
20221101,605368,sell,125582,7.2,2710.71
20221101,688399,sell,12283,66.56,2452.8
20221101,600694,sell,81684,10.02,2454.57
20221101,603185,sell,8755,84.82,2227.8
20221101,300856,sell,39237,18.81,2214.52
20221101,688169,sell,9566,86.63,2486.11
20221101,688298,sell,13763,67.26,2777.25
20221101,002978,sell,28417,31.62,2695.66
20221101,603797,sell,161104,5.47,2646.0
20221101,300332,sell,71232,11.79,2519.52
20221101,600998,sell,219598,4.25,2796.63
20221101,605189,sell,71877,11.8,2545.31
20221101,603568,sell,47806,15.02,2154.52
20221101,002091,sell,119409,7.24,2593.79
20221101,688550,sell,31215,24.76,2318.39
20221101,688598,sell,6717,111.26,2241.97
20221101,002191,sell,124701,6.42,2402.39
20221101,688636,sell,22592,43.68,2960.7
20221101,603026,sell,9000,100.84,2722.57
20221101,001308,sell,30816,24.92,2303.88
20221101,002061,sell,246523,3.37,2489.83
20221101,603565,sell,108765,7.19,2345.69
20221101,600528,sell,118017,7.29,2581.16
20221101,688699,sell,19462,49.76,2905.05
20221101,600612,sell,23479,35.05,2469.11
20221101,603836,sell,55984,14.38,2414.9
20221101,603801,sell,55814,13.41,2245.16
20221101,601677,sell,48705,12.81,1871.62
20221101,002555,sell,51140,12.45,1910.48
20221101,600941,buy,561,60.94,102.57
20221101,601339,buy,19317,4.25,246.41
20221101,002818,buy,4253,9.36,119.39
20221101,301191,buy,14882,57.22,2554.5
20221101,600938,buy,64987,13.1,2554.57
20221101,601728,sell,990,3.53,10.47
20221101,002195,buy,409780,2.08,2554.58
20221101,600050,buy,2069,3.07,19.02
20221101,002483,sell,18344,5.52,303.97
20221101,000408,buy,34353,24.79,2554.57
20221101,300628,sell,1311,40.74,160.24
20221101,688182,buy,62959,13.53,2554.57
20221101,002884,buy,13821,12.15,503.87
20221101,600295,buy,7938,8.16,194.38
20221101,300580,sell,18986,8.5,484.32
20221101,600598,sell,3057,12.15,111.4
20221101,603881,buy,72479,11.75,2554.58
20221101,601319,buy,186643,4.56,2554.58
20221101,601038,buy,79053,10.77,2554.56
20221101,301318,sell,6235,25.29,473.02
20221101,002432,sell,2749,46.51,383.58
20221101,688318,buy,25693,33.14,2554.53
20221101,603556,buy,49880,17.07,2554.54
20221101,603299,sell,7233,9.62,208.69
20221101,300394,buy,60430,14.09,2554.58
20221101,000913,buy,3179,17.31,165.08
20221101,000762,sell,877,41.38,108.86
20221101,601169,buy,7615,3.41,77.94
20221101,000915,sell,3027,39.75,360.93
20221101,002756,sell,58,81.46,14.17
20221101,002871,buy,90410,9.42,2554.58
20221101,300360,buy,62844,13.55,2554.58
20221101,601900,buy,126358,6.74,2554.57
20221101,601318,buy,2380,32.33,230.87
20221101,300130,buy,66954,12.72,2554.56
20221101,002039,buy,68322,12.46,2554.55
20221101,600338,buy,38592,22.06,2554.53
20221101,688767,sell,3511,33.02,347.78
20221101,301061,buy,68199,12.49,2554.58
20221101,601601,buy,45790,18.6,2554.58
20221101,603095,sell,4540,11.15,151.92
20221101,603339,buy,65977,12.91,2554.56
20221101,600061,buy,4914,5.64,83.09
20221101,300494,buy,98545,8.64,2554.57
20221101,688303,sell,1624,47.89,233.3
20221101,300926,buy,1395,9.39,39.3
20221101,688606,sell,272,61.71,50.36
20221101,688981,buy,20410,41.72,2554.52
20221101,300913,buy,81047,10.51,2554.56
20221101,601985,buy,149738,5.69,2554.57
20221101,600425,buy,257155,3.31,2554.58
20221101,002738,sell,206,62.83,38.83
20221101,601828,buy,2313,4.29,29.77
20221101,600582,sell,4133,4.49,55.7
20221101,301004,buy,33413,25.48,2554.56
20221101,600251,buy,111997,7.6,2554.57
20221101,603889,buy,278320,3.06,2554.58
20221101,600016,buy,9434,2.77,78.3
20221101,688707,sell,1199,52.72,189.64
20221101,300692,buy,128754,6.61,2554.57
20221101,300488,buy,35827,23.77,2554.55
20221101,000617,buy,197350,4.31,2554.58
20221101,605259,sell,1066,15.92,50.91
20221101,000731,buy,10505,7.23,227.95
20221101,300910,buy,15335,55.53,2554.52
20221101,000623,buy,66470,12.81,2554.58
20221101,603327,buy,114850,7.41,2554.57
20221101,601016,buy,234675,3.63,2554.58
20221101,000878,buy,83103,10.25,2554.57
20221101,600566,buy,30484,27.93,2554.51
20221101,000651,buy,3640,24.02,262.26
20221101,603619,buy,46628,18.26,2554.56
20221101,002790,buy,110471,7.71,2554.58
20221101,601881,buy,98694,8.63,2554.57
20221101,300401,buy,57257,14.87,2554.54
20221101,601811,buy,101783,8.37,2554.58
20221101,300399,buy,81534,10.44,2554.57
20221101,688181,sell,2857,28.38,243.24
20221101,002014,buy,123487,6.9,2554.57
20221101,600033,buy,5669,2.43,41.34
20221101,600888,sell,6212,7.54,140.45
20221101,301205,buy,36733,23.18,2554.57
20221101,688205,buy,25628,33.23,2554.5
20221101,002832,buy,42475,20.05,2554.57
20221101,300384,buy,55052,15.47,2554.56
20221101,601699,buy,69168,12.31,2554.56
20221101,688618,buy,26565,32.05,2554.52
20221101,601328,buy,229346,3.71,2554.58
20221101,600455,buy,40781,20.88,2554.52
20221101,600000,buy,8005,6.04,145.0
20221101,603599,sell,4740,18.55,263.79
20221101,688322,buy,30718,27.72,2554.51
20221101,688032,buy,2194,388.02,2553.92
20221101,600130,buy,228905,3.72,2554.58
20221101,002677,buy,8164,8.71,213.41
20221101,600814,buy,147213,5.78,2554.58
20221101,301312,buy,26332,32.34,2554.53
20221201,000762,sell,20581,43.38,2678.42
20221201,300926,sell,90681,8.96,2437.48
20221201,600033,sell,350328,2.54,2666.46
20221201,600000,sell,141029,6.47,2736.5
20221201,301318,sell,33673,23.58,2382.2
20221201,002195,sell,409780,2.1,2578.91
20221201,688182,sell,62959,12.33,2328.46
20221201,603881,sell,72479,11.25,2446.13
20221201,300394,sell,60430,13.05,2365.69
20221201,002871,sell,90410,10.37,2811.93
20221201,601900,sell,126358,7.36,2790.53
20221201,300130,sell,66954,12.23,2456.96
20221201,002039,sell,68322,13.25,2715.64
20221201,301061,sell,68199,12.81,2620.08
20221201,688981,sell,20410,40.98,2509.21
20221201,300913,sell,81047,11.17,2715.48
20221201,601985,sell,149738,5.87,2634.8
20221201,600425,sell,257155,3.65,2819.34
20221201,301004,sell,33413,20.5,2055.29
20221201,300488,sell,35827,24.35,2616.73
20221201,000617,sell,197350,6.4,3790.13
20221201,300910,sell,15335,49.36,2270.85
20221201,000623,sell,66470,14.23,2837.22
20221201,601016,sell,234675,3.72,2621.33
20221201,000878,sell,83103,11.11,2770.48
20221201,603619,sell,46628,18.17,2541.7
20221201,002790,sell,110471,8.57,2841.47
20221201,601881,sell,98694,9.3,2754.27
20221201,300401,sell,57257,15.29,2626.01
20221201,300399,sell,81534,10.52,2573.99
20221201,002014,sell,123487,6.6,2445.35
20221201,301205,sell,36733,23.67,2608.2
20221201,688205,sell,25628,32.52,2500.28
20221201,002832,sell,42475,21.93,2795.04
20221201,300384,sell,55052,14.86,2454.32
20221201,601699,sell,69168,14.4,2987.43
20221201,688618,sell,26565,36.55,2913.24
20221201,601328,sell,229346,3.9,2685.73
20221201,600455,sell,40781,21.46,2625.48
20221201,688322,sell,30718,25.49,2349.01
20221201,600130,sell,228905,4.55,3124.55
20221201,600814,sell,147213,6.56,2899.34
20221201,301312,sell,26332,31.65,2500.62
20221201,601339,sell,1452,4.44,19.36
20221201,600941,sell,356,64.9,69.32
20221201,002818,buy,2745,9.43,77.63
20221201,600050,sell,73641,4.33,956.17
20221201,300628,buy,1786,38.95,208.7
20221201,601728,sell,14905,3.9,174.42
20221201,002884,sell,2574,13.09,101.1
20221201,600295,sell,10418,9.41,294.11
20221201,002483,buy,13711,5.26,216.52
20221201,002756,buy,2443,68.52,502.17
20221201,000913,buy,799,17.68,42.37
20221201,601169,sell,4455,3.61,48.18
20221201,601038,sell,2397,11.53,82.9
20221201,000915,buy,1093,39.24,128.68
20221201,603599,buy,1061,18.82,59.89
20221201,600016,sell,2930,2.9,25.48
20221201,601828,sell,10992,4.71,155.41
20221201,000408,sell,401,26.03,31.31
20221201,601318,sell,3497,38.7,405.97
20221201,688303,buy,192,49.16,28.32
20221201,603299,buy,1372,9.83,40.45
20221201,300580,sell,412,8.86,10.95
20221201,688767,buy,450,33.68,45.46
20221201,600582,sell,3402,4.75,48.45
20221201,000731,sell,2347,7.66,53.93
20221201,002432,sell,1967,54.08,319.11
20221201,688606,sell,370,65.81,73.05
20221201,688075,buy,11998,73.65,2650.96
20221201,601319,sell,4985,4.86,72.75
20221201,603095,buy,4012,11.0,132.37
20221201,002677,sell,4593,9.49,130.75
20221201,688707,buy,1221,50.87,186.32
20221201,603889,sell,5802,3.24,56.44
20221201,000651,sell,2121,26.51,168.69
20221201,300494,buy,6617,8.4,166.81
20221201,603339,buy,5729,12.32,211.81
20221201,603529,buy,29463,29.99,2651.04
20221201,601368,buy,165068,5.35,2651.09
20221201,603201,buy,66955,13.2,2651.09
20221201,605259,buy,243,16.44,11.99
20221201,600598,sell,872,12.76,33.39
20221201,002738,buy,3584,51.56,554.39
20221201,300360,sell,1092,14.31,46.88
20221201,600123,buy,95469,9.26,2651.09
20221201,600888,buy,309,7.8,7.23
20221201,688169,buy,9299,95.03,2650.98
20221201,601811,sell,7309,9.35,205.11
20221201,000663,buy,101110,8.74,2651.1
20221201,600338,sell,4,22.9,0.27
20221201,688399,buy,13235,66.77,2651.04
20221201,603327,buy,6473,7.28,141.45
20221201,600938,sell,2844,14.22,121.33
20221201,300833,buy,16326,54.13,2650.99
20221201,600251,sell,3876,8.17,95.04
20221201,300861,buy,22912,38.57,2651.04
20221201,601012,buy,19286,45.82,2651.02
20221201,601601,sell,5226,21.79,341.56
20221201,300771,buy,66884,13.21,2651.07
20221201,002986,buy,55866,15.82,2651.07
20221201,605399,buy,33413,26.45,2651.05
20221201,603086,buy,89041,9.92,2651.09
20221201,688181,buy,2019,27.59,167.14
20221201,300856,buy,50197,17.6,2651.09
20221201,600618,buy,92077,9.6,2651.1
20221201,603797,buy,153702,5.75,2651.1
20221201,600325,buy,90890,9.72,2651.1
20221201,600373,buy,104307,8.47,2651.09
20221201,300692,buy,93,6.86,1.91
20221201,600873,buy,103473,8.54,2651.1
20221201,002091,buy,116348,7.6,2651.1
20221201,002410,buy,23442,37.7,2651.07
20221201,605368,buy,118197,7.48,2651.09
20221201,603556,buy,334,17.6,17.63
20221201,688032,sell,120,426.13,153.41
20221201,688318,buy,1901,32.02,182.64
20221201,688550,buy,33896,26.07,2651.1
20221201,301191,sell,293,60.57,53.24
20221201,600780,buy,130284,6.78,2651.09
20221201,603968,buy,43235,20.44,2651.06
20221201,603896,buy,24243,36.45,2651.09
20221201,603277,buy,79251,11.15,2651.08
20221201,600874,buy,148585,5.95,2651.09
20221201,600061,sell,9154,6.23,171.0
20221201,603565,buy,98166,9.0,2651.1
20221201,603185,buy,11058,79.91,2650.96
20221201,603585,buy,47550,18.58,2651.07
20221201,002101,buy,39773,22.22,2651.09
20221201,001308,buy,35860,24.64,2651.09
20221201,300770,buy,31522,28.03,2651.08
20221201,002507,buy,49505,17.85,2651.07
20221201,600308,buy,237601,3.72,2651.1
20221201,688121,buy,48747,18.13,2651.06
20221201,601908,buy,123940,7.13,2651.09
20221201,688425,buy,226932,3.89,2651.1
20221201,000001,buy,79680,11.09,2651.09
20221201,600566,buy,2272,26.98,183.88
20221201,605377,buy,77710,11.37,2651.1
20221201,603279,buy,34954,25.28,2651.05
20221201,688569,buy,48605,18.18,2651.11
20221201,300951,buy,21022,35.9,2264.16
20230103,603599,sell,46965,19.04,2682.72
20230103,605259,sell,53737,16.68,2689.69
20230103,600888,sell,113294,7.62,2589.37
20230103,688181,sell,32024,26.46,2542.25
20230103,002677,sell,93131,9.36,2615.79
20230103,000651,sell,33335,26.58,2657.72
20230103,603327,sell,121323,8.1,2948.51
20230103,600566,sell,32756,24.27,2384.94
20230103,601811,sell,94474,8.95,2537.62
20230103,603529,sell,29463,29.69,2624.0
20230103,601368,sell,165068,5.15,2549.69
20230103,600123,sell,95469,8.69,2488.4
20230103,688169,sell,9299,89.94,2508.94
20230103,000663,sell,101110,8.59,2605.6
20230103,688399,sell,13235,55.24,2193.35
20230103,300833,sell,16326,52.98,2595.02
20230103,300861,sell,22912,34.16,2348.35
20230103,601012,sell,19286,40.97,2370.18
20230103,300771,sell,66884,14.08,2825.31
20230103,002986,sell,55866,14.83,2485.3
20230103,605399,sell,33413,25.02,2508.34
20230103,603086,sell,89041,9.33,2491.1
20230103,300856,sell,50197,17.4,2620.93
20230103,600618,sell,92077,9.15,2526.31
20230103,603797,sell,153702,5.51,2542.52
20230103,600325,sell,90890,8.44,2300.86
20230103,600373,sell,104307,8.48,2653.84
20230103,600873,sell,103473,8.89,2759.3
20230103,002091,sell,116348,7.35,2566.55
20230103,002410,sell,23442,42.99,3023.06
20230103,605368,sell,118197,6.91,2449.57
20230103,688550,sell,33896,24.44,2484.76
20230103,600780,sell,130284,6.52,2549.27
20230103,603968,sell,43235,20.36,2640.24
20230103,603896,sell,24243,39.78,2893.43
20230103,603277,sell,79251,10.05,2390.46
20230103,600874,sell,148585,5.65,2519.77
20230103,603565,sell,98166,7.96,2343.94
20230103,603185,sell,11058,72.27,2397.63
20230103,603585,sell,47550,17.4,2481.44
20230103,002101,sell,39773,20.79,2480.75
20230103,001308,sell,35860,23.71,2550.96
20230103,300770,sell,31522,30.69,2901.93
20230103,002507,sell,49505,17.72,2631.51
20230103,600308,sell,237601,3.59,2561.06
20230103,688121,sell,48747,25.29,3699.02
20230103,601908,sell,123940,6.71,2495.58
20230103,688425,sell,226932,3.76,2561.23
20230103,000001,sell,79680,11.66,2786.68
20230103,605377,sell,77710,12.17,2836.31
20230103,603279,sell,34954,25.55,2679.1
20230103,688569,sell,48605,16.97,2473.91
20230103,300951,sell,21022,32.25,2033.81
20230103,600941,sell,161,63.18,30.52
20230103,601339,sell,11285,4.53,153.48
20230103,301191,buy,854,55.05,141.03
20230103,301205,buy,38999,21.8,2550.37
20230103,002195,buy,413037,2.06,2550.36
20230103,601728,sell,7106,3.87,82.59
20230103,002483,buy,5200,4.91,76.62
20230103,688205,buy,27201,31.25,2550.36
20230103,002818,sell,2670,9.33,74.77
20230103,000408,buy,3227,22.87,221.36
20230103,600938,buy,1731,13.31,69.12
20230103,600050,sell,16126,4.52,218.7
20230103,301165,buy,48297,17.6,2550.33
20230103,301380,buy,34852,24.39,2550.34
20230103,300628,buy,570,36.55,62.51
20230103,300580,buy,1615,8.39,40.64
20230103,600295,buy,2187,8.85,58.04
20230103,601038,buy,1926,10.82,62.51
20230103,002884,sell,2997,13.18,118.5
20230103,603881,buy,72443,11.74,2550.36
20230103,600598,buy,1464,12.03,52.82
20230103,603299,buy,4987,8.96,134.02
20230103,688318,sell,1469,32.54,143.41
20230103,000913,buy,617,16.8,31.09
20230103,301125,buy,97608,8.71,2550.35
20230103,603201,buy,2279,12.28,83.95
20230103,000762,buy,21879,38.86,2550.34
20230103,002432,buy,1407,47.9,202.17
20230103,002871,buy,91206,9.32,2550.35
20230103,603556,buy,157,16.88,7.95
20230103,300360,buy,406,13.68,16.66
20230103,300394,buy,65546,12.97,2550.36
20230103,001331,buy,67691,12.56,2550.36
20230103,300488,buy,38569,22.04,2550.36
20230103,300130,buy,72317,11.76,2550.37
20230103,002756,buy,928,61.49,171.19
20230103,600338,sell,1579,22.97,108.81
20230103,688767,buy,2879,29.19,252.15
20230103,688303,buy,1380,43.92,181.84
20230103,301107,buy,65292,13.02,2550.33
20230103,002039,buy,60010,14.17,2550.34
20230103,601900,buy,113398,7.5,2550.35
20230103,601169,sell,9315,3.61,100.74
20230103,300926,buy,105110,8.09,2550.35
20230103,601319,sell,6242,4.85,90.75
20230103,603339,buy,293,11.81,10.38
20230103,688707,buy,1898,44.11,251.17
20230103,600251,buy,2376,7.69,54.84
20230103,301181,buy,42186,20.15,2550.31
20230103,000915,buy,1114,35.97,120.22
20230103,603095,buy,3831,10.1,116.06
20230103,300913,buy,85889,9.9,2550.35
20230103,301312,buy,28591,29.73,2550.31
20230103,301061,buy,67993,12.5,2550.34
20230103,688606,buy,923,59.23,164.02
20230103,001339,buy,38280,22.21,2550.36
20230103,601318,sell,1949,40.7,237.97
20230103,600582,sell,4039,4.67,56.56
20230103,300692,buy,3822,6.41,73.47
20230103,601601,sell,1117,21.55,72.22
20230103,301182,buy,44588,19.07,2550.31
20230103,688322,buy,37090,22.92,2550.31
20230103,600425,buy,244407,3.48,2550.36
20230103,688075,buy,3609,54.47,589.72
20230103,000878,buy,78299,10.86,2550.36
20230103,605088,buy,54562,15.58,2550.36
20230103,601016,buy,237689,3.58,2550.37
20230103,002606,buy,89047,9.55,2550.34
20230103,600016,sell,5616,2.84,47.87
20230103,601985,buy,148509,5.72,2550.36
20230103,601828,sell,3671,4.62,50.93
20230103,301004,buy,40743,20.87,2550.33
20230103,002738,buy,632,47.84,90.7
20230103,300540,buy,69344,12.26,2550.36
20230103,603889,sell,24374,3.43,250.51
20230103,002790,buy,101665,8.36,2550.37
20230103,002284,buy,118062,7.2,2550.35
20230103,000617,buy,157826,5.39,2550.37
20230103,000738,buy,33044,25.73,2550.35
20230103,300494,sell,4788,8.47,121.66
20230103,600061,buy,2093,5.9,37.07
20230103,601218,buy,219090,3.88,2550.36
20230103,300823,buy,78085,10.89,2550.34
20230103,603127,buy,20986,40.51,2550.36
20230103,600455,buy,38328,22.18,2550.35
20230103,300384,buy,60421,14.07,2550.33
20230103,301108,buy,36015,23.6,2550.34
20230103,000997,buy,66634,12.76,2550.33
20230103,000623,buy,62568,13.59,2550.35
20230103,600033,buy,328190,2.59,2550.36
20230103,603266,buy,68944,12.33,2550.36
20230103,000731,buy,986,7.31,21.61
20230103,688032,buy,51,400.06,61.21
20230103,301318,buy,38544,22.06,2550.35
20230201,688032,sell,2125,405.7,2586.34
20230201,301380,sell,34852,27.67,2892.65
20230201,001339,sell,38280,27.43,3150.04
20230201,301182,sell,44588,20.71,2770.05
20230201,688322,sell,37090,27.67,3078.84
20230201,300540,sell,69344,13.23,2751.67
20230201,002790,sell,101665,8.95,2730.13
20230201,000738,sell,33044,25.59,2536.74
20230201,300823,sell,78085,11.57,2710.41
20230201,600455,sell,38328,24.77,2848.15
20230201,000997,sell,66634,13.76,2751.03
20230201,603266,sell,68944,13.86,2866.14
20230201,301318,sell,38544,23.53,2720.42
20230201,601339,buy,15965,4.55,217.89
20230201,002818,buy,2261,9.92,67.28
20230201,000408,buy,1019,24.24,74.09
20230201,002483,buy,4987,5.2,77.78
20230201,601728,sell,12778,4.48,171.72
20230201,301205,buy,634,23.36,44.43
20230201,002195,sell,107295,3.03,974.65
20230201,600295,sell,1308,9.77,38.33
20230201,600938,buy,3297,13.78,136.32
20230201,002884,buy,2965,13.72,122.06
20230201,301191,buy,153,59.36,27.24
20230201,300580,sell,8977,10.02,269.92
20230201,600050,buy,3159,4.84,45.88
20230201,603299,buy,402,9.71,11.72
20230201,000762,sell,770,43.86,101.31
20230201,300628,buy,1455,37.46,163.52
20230201,001331,buy,2976,13.1,116.96
20230201,600598,buy,4125,12.37,153.12
20230201,000913,sell,9352,22.44,629.55
20230201,601038,sell,58,11.79,2.05
20230201,002756,sell,1521,75.25,343.35
20230201,600338,buy,816,24.48,59.91
20230201,002432,buy,747,50.05,112.17
20230201,603201,buy,1869,13.02,73.0
20230201,603881,sell,1304,13.01,50.91
20230201,002871,sell,1120,10.28,34.53
20230201,688318,sell,10740,60.18,1938.87
20230201,688205,buy,3291,30.36,299.75
20230201,601900,buy,8768,7.58,199.33
20230201,002039,buy,5950,14.04,250.53
20230201,601169,buy,22792,3.58,244.77
20230201,603556,buy,2206,17.61,116.53
20230201,601319,buy,19290,4.75,275.16
20230201,600251,buy,2520,8.19,61.93
20230201,301125,buy,3827,9.13,104.78
20230201,300926,sell,19784,10.85,643.97
20230201,300360,sell,2279,15.46,105.71
20230201,601318,sell,1,44.32,0.13
20230201,688767,buy,1527,30.21,138.38
20230201,601601,buy,87,23.42,6.11
20230201,688303,buy,1069,45.33,145.36
20230201,600941,buy,227,67.66,46.08
20230201,301061,sell,556,13.73,22.9
20230201,300488,sell,70,24.05,5.05
20230201,300394,sell,31,14.13,1.31
20230201,300130,sell,422,12.88,16.3
20230201,688707,buy,273,47.37,38.79
20230201,002738,sell,2240,59.61,400.61
20230201,301165,buy,362,19.03,20.66
20230201,688606,buy,786,61.16,144.21
20230201,000731,buy,1439,7.86,33.92
20230201,000915,buy,1001,37.58,112.86
20230201,603889,buy,14701,3.52,155.34
20230201,603095,sell,1153,11.15,38.57
20230201,600061,sell,5503,6.68,110.34
20230201,603339,sell,111,12.88,4.29
20230201,000878,sell,2626,12.23,96.38
20230201,601828,sell,23817,5.79,413.36
20230201,300692,buy,787,6.94,16.38
20230201,601016,buy,14050,3.68,155.01
20230201,601985,buy,13216,5.72,226.96
20230201,301004,buy,1697,21.81,111.05
20230201,600582,buy,16955,4.65,236.54
20230201,600425,buy,2034,3.76,22.92
20230201,600016,buy,21040,2.89,182.45
20230201,301312,sell,2961,36.12,320.87
20230201,002555,buy,53431,17.33,2777.31
20230201,301107,sell,205,14.22,8.75
20230201,000617,sell,1257,5.91,22.3
20230201,002284,sell,5602,8.23,138.35
20230201,603052,buy,51229,18.07,2777.29
20230201,002027,buy,159837,5.79,2777.32
20230201,600888,buy,109863,8.43,2777.31
20230201,688075,buy,455,57.64,78.67
20230201,301108,buy,817,25.13,61.6
20230201,605088,sell,5125,18.73,287.92
20230201,600000,buy,140410,6.59,2777.31
20230201,600033,buy,27985,2.6,218.22
20230201,603127,sell,250,44.65,33.49
20230201,300494,buy,3442,8.92,92.08
20230201,301181,buy,1258,21.31,80.42
20230201,600660,buy,26901,34.41,2777.25
20230201,601811,buy,100403,9.22,2777.3
20230201,000923,buy,66040,14.02,2777.31
20230201,301216,buy,47324,19.56,2777.31
20230201,000623,buy,2292,14.27,98.14
20230201,002606,buy,1230,10.25,37.84
20230201,000893,buy,31901,29.02,2777.3
20230201,601218,buy,8880,4.06,108.18
20230201,688143,buy,23861,38.8,2777.28
20230201,300384,sell,210,15.38,9.69
20230201,000651,buy,32393,28.58,2777.31
20230201,300913,buy,1683,10.57,53.38
20230201,002677,buy,92942,9.96,2777.31
20230201,600618,buy,95725,9.67,2777.32
20230201,300401,buy,63363,14.61,2777.3
20230301,002606,sell,90277,10.52,2849.19
20230301,000617,sell,156569,5.59,2627.2
20230301,002555,sell,53431,19.27,3088.74
20230301,002027,sell,159837,5.74,2752.81
20230301,600888,sell,109863,8.36,2756.36
20230301,600660,sell,26901,32.93,2657.92
20230301,601811,sell,100403,9.48,2855.04
20230301,000893,sell,31901,28.37,2715.09
20230301,600618,sell,95725,9.77,2806.44
20230301,601339,sell,31315,5.56,522.54
20230301,002818,buy,454,10.21,13.91
20230301,301205,sell,13596,36.78,1500.29
20230301,601728,sell,37319,5.66,633.13
20230301,002483,sell,2620,5.46,42.9
20230301,301165,sell,4738,21.8,309.93
20230301,301191,sell,3561,79.57,850.09
20230301,000408,buy,1959,23.85,140.15
20230301,002195,buy,9505,3.04,86.62
20230301,600295,buy,5028,9.59,144.72
20230301,002884,buy,3395,13.51,137.65
20230301,300628,sell,1768,41.74,221.4
20230301,300580,sell,6026,11.09,200.51
20230301,600050,sell,11454,5.33,183.06
20230301,688205,sell,1657,33.21,165.1
20230301,603299,buy,3284,9.71,95.7
20230301,600598,buy,2200,12.43,82.07
20230301,603881,sell,4702,14.41,203.34
20230301,000913,buy,3319,21.48,213.91
20230301,600938,buy,1841,13.88,76.64
20230301,301377,buy,44224,21.65,2873.0
20230301,000762,buy,3167,39.45,374.8
20230301,002432,buy,2445,45.73,335.43
20230301,002756,buy,3631,60.1,654.65
20230301,002871,sell,1411,10.8,45.72
20230301,603201,sell,2067,13.87,86.02
20230301,688767,buy,2539,28.86,219.81
20230301,688318,buy,5263,46.38,732.3
20230301,601038,buy,4413,11.55,152.87
20230301,600338,sell,167,25.43,12.74
20230301,603556,sell,8584,21.77,560.6
20230301,300926,sell,4682,11.88,166.8
20230301,300394,sell,18881,20.54,1163.24
20230301,300130,sell,11073,15.75,523.05
20230301,600251,buy,4806,8.13,117.19
20230301,600941,sell,792,74.3,176.54
20230301,002039,buy,2870,13.91,119.8
20230301,601169,buy,3377,3.66,37.03
20230301,601900,buy,416,7.81,9.75
20230301,001331,buy,3282,12.95,127.51
20230301,603339,sell,3370,13.98,141.31
20230301,301125,buy,2889,9.18,79.56
20230301,000915,buy,2354,35.49,250.6
20230301,601319,buy,3652,4.83,52.9
20230301,688143,buy,474,39.35,55.96
20230301,300488,buy,2358,23.44,165.81
20230301,301061,sell,4239,15.15,192.71
20230301,688303,buy,1438,43.8,188.97
20230301,603095,buy,416,11.48,14.32
20230301,688606,buy,858,59.87,154.11
20230301,002738,buy,3522,50.26,531.1
20230301,301004,buy,1191,21.95,78.42
20230301,601318,buy,1306,43.15,169.06
20230301,688707,buy,1162,46.25,161.23
20230301,300360,buy,2983,15.23,136.33
20230301,300692,sell,5015,7.46,112.18
20230301,603889,sell,8782,3.77,99.31
20230301,300384,buy,371,15.81,17.59
20230301,000731,buy,3084,7.92,73.29
20230301,300913,sell,7301,11.93,261.32
20230301,301396,buy,52845,18.12,2873.03
20230301,600425,buy,2951,3.84,34.0
20230301,002677,sell,9869,11.53,341.31
20230301,603052,buy,2408,17.85,128.98
20230301,600061,buy,3961,6.72,79.88
20230301,601985,buy,2076,5.85,36.41
20230301,301107,buy,1147,14.46,49.75
20230301,600582,buy,1182,4.78,16.96
20230301,601016,buy,11299,3.64,123.41
20230301,601828,buy,6933,5.74,119.3
20230301,605088,buy,3594,18.06,194.71
20230301,301312,buy,1245,35.63,133.09
20230301,000878,buy,3731,12.06,135.0
20230301,301216,buy,2053,19.4,119.45
20230301,688322,buy,31337,30.56,2872.98
20230301,603127,buy,2856,40.59,347.8
20230301,002284,sell,661,8.57,16.99
20230301,300494,sell,2572,9.46,72.99
20230301,301181,sell,8314,27.26,679.96
20230301,301108,sell,151,26.11,11.83
20230301,600033,buy,7312,2.63,57.79
20230301,600016,buy,17799,2.83,151.26
20230301,000651,sell,1115,30.62,102.42
20230301,601601,sell,2498,25.86,193.78
20230301,603266,buy,69401,13.8,2872.99
20230301,300823,buy,80351,11.92,2873.0
20230301,300401,buy,2533,14.53,110.44
20230301,601218,buy,6757,4.08,82.7
20230301,300540,buy,67163,14.26,2873.0
20230301,000623,buy,2706,14.17,115.06
20230301,000923,sell,45,14.51,1.96
20230301,688169,buy,6993,136.94,2872.92
20230301,600000,buy,6839,6.5,133.44
20230301,301389,buy,52532,18.23,2873.0
20230301,688075,buy,1555,54.36,253.59
20230403,601169,sell,261985,3.71,2919.25
20230403,603095,sell,83448,10.82,2709.49
20230403,000731,sell,120890,7.36,2669.22
20230403,600016,sell,338071,2.85,2889.78
20230403,600061,sell,142471,6.76,2889.3
20230403,002756,sell,15935,56.98,2723.76
20230403,688303,sell,21862,44.48,2917.16
20230403,000913,sell,44577,18.56,2481.46
20230403,688606,sell,15995,59.08,2834.76
20230403,002738,sell,19052,48.57,2776.29
20230403,000915,sell,26987,30.24,2448.03
20230403,601318,sell,22193,39.43,2625.23
20230403,688707,sell,20706,39.55,2456.49
20230403,601828,sell,166959,5.5,2754.74
20230403,600582,sell,200255,4.35,2614.24
20230403,601038,sell,82937,10.33,2570.82
20230403,603556,sell,43993,21.24,2803.49
20230403,300360,sell,62862,14.09,2657.8
20230403,600338,sell,37658,23.08,2607.49
20230403,601601,sell,37036,23.75,2638.81
20230403,603339,sell,68518,13.99,2874.99
20230403,300494,sell,101244,17.97,5457.29
20230403,600251,sell,117823,7.69,2719.45
20230403,603889,sell,254063,3.71,2824.16
20230403,300692,sell,128441,6.89,2654.07
20230403,688075,sell,17617,50.36,2661.7
20230403,300488,sell,40857,22.55,2764.29
20230403,002039,sell,68830,13.9,2871.08
20230403,301181,sell,35130,21.47,2262.96
20230403,600425,sell,249392,3.76,2810.57
20230403,605088,sell,53031,17.8,2831.64
20230403,601985,sell,163801,6.02,2956.15
20230403,601218,sell,234727,3.82,2692.21
20230403,603127,sell,23592,36.29,2568.2
20230403,300384,sell,60582,16.87,3066.88
20230403,301108,sell,36681,27.23,2996.18
20230403,000623,sell,67566,13.95,2827.28
20230403,600033,sell,363487,2.6,2834.33
20230403,600000,sell,147249,6.44,2845.32
20230403,000923,sell,65995,12.73,2520.48
20230403,301216,sell,49377,18.2,2695.84
20230403,000651,sell,31278,31.33,2939.35
20230403,002677,sell,83073,10.61,2644.12
20230403,300401,sell,65896,12.95,2559.33
20230403,300823,sell,80351,11.77,2838.16
20230403,300540,sell,67163,14.3,2881.6
20230403,688169,sell,6993,126.18,2647.03
20230403,301205,sell,6575,49.45,975.49
20230403,301165,sell,7413,26.36,586.3
20230403,688205,sell,4729,39.93,566.46
20230403,688143,buy,3693,34.34,380.44
20230403,301191,sell,894,86.39,231.71
20230403,301419,buy,39458,24.39,2887.39
20230403,301377,buy,2523,20.59,155.83
20230403,601339,buy,1866,5.53,30.96
20230403,001331,buy,3691,12.4,137.27
20230403,301380,buy,25756,37.37,2887.38
20230403,300394,sell,14586,30.03,1314.18
20230403,002195,sell,32499,3.4,331.88
20230403,688147,buy,26586,36.2,2887.32
20230403,603881,sell,10549,17.22,545.01
20230403,603052,sell,1027,18.29,56.37
20230403,688322,sell,5111,36.7,562.72
20230403,301389,buy,22,18.31,1.21
20230403,601728,sell,3591,5.81,62.55
20230403,301125,buy,3299,8.94,88.51
20230403,301312,sell,2717,39.84,324.75
20230403,000408,buy,5685,21.0,358.07
20230403,002818,sell,3540,10.66,113.25
20230403,688498,buy,11153,86.29,2887.25
20230403,001339,buy,31744,30.32,2887.31
20230403,002483,buy,15112,5.05,228.98
20230403,300913,sell,25356,17.53,1333.21
20230403,301107,sell,646,14.67,28.44
20230403,002871,buy,3540,10.44,110.84
20230403,301285,buy,64567,14.91,2887.39
20230403,600938,sell,5551,15.17,252.57
20230403,603163,buy,37248,25.84,2887.35
20230403,301368,buy,39810,24.18,2887.38
20230403,300628,sell,1459,44.8,196.08
20230403,688072,buy,6852,140.45,2887.14
20230403,688125,buy,19246,50.01,2887.35
20230403,688416,buy,16263,59.18,2887.33
20230403,301369,buy,18237,52.77,2887.3
20230403,300926,sell,7169,13.1,281.73
20230403,600295,buy,8697,8.87,231.42
20230403,301379,buy,69856,13.78,2887.36
20230403,301004,buy,5247,19.69,309.95
20230403,688362,buy,29874,32.22,2887.38
20230403,001298,buy,104910,9.17,2887.38
20230403,301183,buy,35229,27.32,2887.35
20230403,300308,buy,20136,47.8,2887.39
20230403,301319,buy,53627,17.95,2887.4
20230403,000762,buy,2226,36.32,242.51
20230403,688172,buy,40275,23.9,2887.34
20230403,688372,buy,15608,61.66,2887.33
20230403,301326,buy,21984,43.78,2887.27
20230403,301061,buy,4838,14.15,205.32
20230403,603201,buy,4084,13.16,161.27
20230403,002284,buy,9910,7.91,235.1
20230403,301366,buy,41563,23.16,2887.35
20230403,600941,sell,1069,81.42,261.12
20230403,300580,buy,9728,10.02,292.37
20230403,002432,buy,2307,41.4,286.52
20230403,301279,buy,65011,14.8,2887.39
20230403,600050,buy,9022,5.1,137.99
20230403,688353,buy,21671,44.41,2887.38
20230403,001337,buy,37727,25.51,2887.4
20230403,688332,buy,22504,42.77,2887.34
20230403,603299,buy,6383,9.17,175.58
20230403,605060,buy,36381,26.45,2887.33
20230403,301396,sell,3723,19.59,218.84
20230403,688318,sell,4784,60.67,870.76
20230403,601900,sell,16107,9.04,436.79
20230403,300130,sell,3441,16.77,173.15
20230403,002884,buy,4159,12.83,160.07
20230403,301398,buy,39588,24.31,2887.38
20230403,300002,buy,93396,10.31,2887.38
20230403,301361,buy,41882,22.98,2887.36
20230403,300689,buy,44830,21.47,2887.36
20230403,688767,buy,2828,26.73,226.74
20230403,000791,buy,203218,4.74,2887.4
20230403,688419,buy,34157,28.18,2887.4
20230403,688291,buy,33330,28.88,2887.38
20230403,301365,buy,54719,17.59,2887.39
20230403,605196,buy,129928,7.41,2887.4
20230403,603266,buy,1854,13.51,75.13
20230403,688401,buy,29238,32.92,2887.36
20230403,688448,buy,38579,24.95,2887.35
20230403,600598,buy,5342,11.69,187.28
20230403,601319,buy,4456,4.75,63.44
20230403,688981,buy,17634,54.58,2887.39
20230403,688480,buy,33308,28.9,2887.35
20230403,000878,buy,2566,11.74,90.39
20230403,603083,buy,23543,40.88,2887.35
20230403,300179,buy,92638,10.39,2887.39
20230403,601016,buy,8147,3.55,86.74
20230504,002195,sell,282748,3.07,2602.02
20230504,002871,sell,92215,11.21,3102.44
20230504,300913,sell,54915,17.49,2881.58
20230504,301312,sell,24158,37.36,2707.42
20230504,301061,sell,68036,14.28,2914.4
20230504,000878,sell,81970,11.42,2808.93
20230504,601016,sell,271185,3.54,2879.93
20230504,301004,sell,48878,18.34,2688.69
20230504,002284,sell,121709,7.62,2783.36
20230504,301377,sell,46747,18.01,2526.27
20230504,301396,sell,49122,15.96,2352.19
20230504,301389,sell,52554,15.81,2493.13
20230504,301419,sell,39458,23.34,2762.72
20230504,301380,sell,25756,30.41,2349.89
20230504,688147,sell,26586,49.48,3946.64
20230504,688498,sell,11153,117.47,3930.44
20230504,001339,sell,31744,26.23,2497.8
20230504,301285,sell,64567,12.27,2377.62
20230504,603163,sell,37248,32.21,3599.41
20230504,301368,sell,39810,22.86,2730.53
20230504,688072,sell,6852,185.58,3814.87
20230504,688125,sell,19246,45.8,2644.27
20230504,688416,sell,16263,56.7,2766.34
20230504,301369,sell,18237,46.97,2569.96
20230504,301379,sell,69856,12.88,2699.44
20230504,688362,sell,29874,34.49,3091.07
20230504,001298,sell,104910,7.46,2347.26
20230504,301183,sell,35229,39.36,4160.1
20230504,300308,sell,20136,60.57,3658.62
20230504,301319,sell,53627,16.94,2725.59
20230504,688172,sell,40275,22.77,2751.11
20230504,688372,sell,15608,61.55,2882.16
20230504,301326,sell,21984,32.81,2164.16
20230504,301366,sell,41563,20.63,2572.19
20230504,301279,sell,65011,14.46,2819.48
20230504,688353,sell,21671,37.26,2422.26
20230504,001337,sell,37727,37.72,4268.99
20230504,688332,sell,22504,44.49,3003.57
20230504,605060,sell,36381,25.77,2812.95
20230504,301398,sell,39588,22.69,2695.17
20230504,300002,sell,93396,14.36,4022.49
20230504,301361,sell,41882,22.06,2772.14
20230504,300689,sell,44830,20.33,2734.69
20230504,000791,sell,203218,4.75,2898.64
20230504,688419,sell,34157,28.55,2925.94
20230504,688291,sell,33330,28.23,2822.73
20230504,301365,sell,54719,16.06,2635.84
20230504,605196,sell,129928,7.0,2726.56
20230504,688401,sell,29238,31.06,2724.75
20230504,688448,sell,38579,25.22,2919.06
20230504,688981,sell,17634,58.76,3108.52
20230504,688480,sell,33308,24.46,2444.09
20230504,603083,sell,23543,64.82,4578.15
20230504,300179,sell,92638,9.25,2571.58
20230504,601339,buy,27660,4.78,396.85
20230504,002818,sell,2821,11.03,93.37
20230504,601728,sell,2872,5.92,51.03
20230504,002483,buy,1844,5.01,27.74
20230504,000408,buy,1334,20.45,81.83
20230504,603331,buy,70909,13.6,2893.91
20230504,600050,buy,4601,4.99,68.85
20230504,301191,buy,2841,68.99,588.0
20230504,002884,buy,4832,12.08,175.12
20230504,301205,sell,6801,76.19,1554.56
20230504,601038,buy,86917,11.1,2893.94
20230504,300580,sell,4235,10.5,133.45
20230504,600598,sell,1734,11.96,62.24
20230504,002756,buy,16796,57.43,2893.9
20230504,600938,sell,4159,16.27,202.96
20230504,603299,buy,5647,8.72,147.74
20230504,600251,buy,112778,8.55,2893.93
20230504,002039,buy,73745,13.08,2893.94
20230504,301039,buy,76176,12.66,2893.93
20230504,688143,buy,725,33.55,72.97
20230504,600295,buy,5032,8.5,128.25
20230504,300384,buy,58603,16.46,2893.94
20230504,002432,buy,1252,39.37,147.88
20230504,300628,buy,4038,37.79,457.84
20230504,301125,buy,6614,8.44,167.55
20230504,000915,buy,31518,30.61,2893.92
20230504,688767,buy,9844,21.04,621.23
20230504,600158,buy,97925,9.85,2893.92
20230504,603201,buy,6106,12.18,223.04
20230504,001331,buy,11021,10.88,359.73
20230504,603881,buy,5740,15.65,269.54
20230504,300494,buy,39773,24.25,2893.88
20230504,300394,buy,3922,26.82,315.54
20230504,605117,buy,20389,47.31,2893.9
20230504,000913,buy,56736,17.0,2893.91
20230504,301107,buy,5818,13.51,235.79
20230504,688205,sell,2080,43.8,273.29
20230504,002448,buy,166276,5.8,2893.93
20230504,603556,buy,43865,21.99,2893.91
20230504,301165,buy,3315,24.22,240.9
20230504,600338,buy,50384,19.15,2893.92
20230504,601900,sell,53826,18.32,2958.66
20230504,000762,buy,3611,32.03,347.02
20230504,600941,sell,1242,91.19,339.76
20230504,603889,buy,227447,4.24,2893.94
20230504,300130,sell,1790,17.35,93.19
20230504,603619,buy,59568,16.19,2893.94
20230504,601169,buy,236687,4.08,2893.94
20230504,605158,buy,140574,6.86,2893.93
20230504,601985,buy,143333,6.73,2893.94
20230504,003011,buy,39532,24.4,2893.88
20230504,002832,buy,28753,33.55,2893.94
20230504,688120,buy,8784,109.81,2893.83
20230504,300360,buy,62797,15.36,2893.93
20230504,601828,buy,188914,5.11,2893.95
20230504,601518,buy,407154,2.37,2893.95
20230504,000875,buy,185687,5.2,2893.94
20230504,688606,buy,17891,53.92,2893.87
20230504,601336,buy,25886,37.26,2893.88
20230504,300488,buy,46468,20.76,2893.91
20230504,688569,buy,22550,42.78,2893.92
20230504,002048,buy,83286,11.58,2893.94
20230504,603095,buy,96987,9.95,2893.93
20230504,688707,buy,29217,33.02,2893.9
20230504,601319,sell,44473,6.09,812.82
20230504,601916,buy,383296,2.52,2893.94
20230504,600211,buy,22470,42.93,2893.84
20230504,300258,buy,103543,9.32,2893.95
20230504,600033,buy,323636,2.98,2893.94
20230504,002677,buy,102115,9.45,2893.95
20230504,600660,buy,32513,29.67,2893.91
20230504,002606,buy,107228,9.0,2893.94
20230504,600618,buy,110957,8.69,2893.95
20230504,002091,buy,137160,7.03,2893.95
20230504,600016,buy,292738,3.3,2893.94
20230504,688322,buy,6776,29.23,594.19
20230504,301314,buy,20170,47.82,2893.83
20230504,000738,buy,41149,23.44,2893.89
20230504,002391,buy,142829,6.75,2893.94
20230504,600061,buy,135269,7.13,2893.93
20230504,603052,buy,15343,14.2,653.41
20230504,600888,buy,125870,7.66,2893.94
20230504,603688,buy,13942,69.19,2893.76
20230504,603266,buy,6243,12.45,233.13
20230504,603599,buy,52950,18.22,2893.92
20230504,600582,buy,195601,4.93,2893.94
20230504,300926,buy,10755,11.45,369.52
20230504,688075,buy,21982,43.88,2893.92
20230504,000651,buy,32394,29.78,2893.89
20230504,300540,buy,62535,15.43,2893.94
20230504,601218,buy,259414,3.72,2893.94
20230504,688318,buy,710,58.2,123.97
20230504,603855,buy,39769,24.26,2893.89
20230504,601369,buy,119469,8.07,2893.94
20230504,601601,buy,31416,30.71,2893.94
20230504,301330,buy,35274,27.35,2893.88
20230601,601728,sell,162885,5.5,2689.42
20230601,601339,sell,201704,4.89,2957.17
20230601,603299,sell,110616,8.32,2759.74
20230601,600598,sell,80627,12.04,2913.36
20230601,002483,sell,192400,5.05,2915.33
20230601,300580,sell,91836,13.31,3667.97
20230601,002432,sell,24500,36.32,2669.81
20230601,688767,sell,45857,19.82,2726.27
20230601,301191,sell,13982,80.0,3355.59
20230601,688318,sell,16574,54.79,2724.31
20230601,301205,sell,12661,125.48,4766.16
20230601,688205,sell,22026,44.43,2936.08
20230601,301165,sell,39823,27.24,3254.55
20230601,603881,sell,61628,15.31,2831.36
20230601,301125,sell,114237,9.84,3372.64
20230601,000762,sell,30113,30.55,2760.29
20230601,300394,sell,35970,37.39,4034.88
20230601,001331,sell,88661,11.09,2949.33
20230601,300130,sell,55591,23.65,3944.37
20230601,301107,sell,71406,14.02,3003.99
20230601,603052,sell,67953,15.78,3216.22
20230601,688143,sell,28753,31.84,2746.41
20230601,688322,sell,33002,51.02,5051.29
20230601,603266,sell,77498,12.65,2941.4
20230601,603331,sell,70909,13.75,2924.98
20230601,002039,sell,73745,13.21,2922.92
20230601,301039,sell,76176,11.02,2519.3
20230601,300384,sell,58603,16.28,2861.61
20230601,000915,sell,31518,32.96,3116.88
20230601,600158,sell,97925,12.39,3639.32
20230601,300494,sell,39773,22.56,2691.37
20230601,000913,sell,56736,15.97,2718.12
20230601,002448,sell,166276,6.2,3092.54
20230601,603556,sell,43865,21.22,2792.9
20230601,600338,sell,50384,17.64,2666.56
20230601,603619,sell,59568,14.97,2675.5
20230601,601169,sell,236687,3.95,2804.44
20230601,601985,sell,143333,6.58,2829.27
20230601,002832,sell,28753,30.39,2621.06
20230601,688120,sell,8784,104.25,2747.2
20230601,300360,sell,62797,16.5,3107.59
20230601,601828,sell,188914,4.66,2643.03
20230601,000875,sell,185687,5.24,2920.2
20230601,688606,sell,17891,56.89,3053.36
20230601,300488,sell,46468,21.54,3002.79
20230601,688707,sell,29217,29.5,2585.6
20230601,601916,sell,383296,2.4,2763.66
20230601,600211,sell,22470,38.24,2578.04
20230601,300258,sell,103543,9.43,2929.71
20230601,600033,sell,323636,2.75,2670.01
20230601,002677,sell,102115,9.14,2799.36
20230601,600660,sell,32513,29.48,2875.08
20230601,002606,sell,107228,8.91,2865.47
20230601,600618,sell,110957,8.13,2706.75
20230601,600016,sell,292738,3.23,2835.92
20230601,301314,sell,20170,52.94,3203.66
20230601,000738,sell,41149,23.3,2875.74
20230601,002391,sell,142829,6.74,2889.27
20230601,600061,sell,135269,6.98,2832.11
20230601,603688,sell,13942,65.3,2731.03
20230601,603599,sell,52950,17.57,2791.62
20230601,688075,sell,21982,43.55,2872.1
20230601,300540,sell,62535,16.32,3062.13
20230601,601218,sell,259414,3.66,2848.63
20230601,603855,sell,39769,23.96,2858.28
20230601,601369,sell,119469,7.53,2697.94
20230601,301330,sell,35274,33.22,3515.93
20230601,000408,buy,42,20.65,2.6
20230601,002738,buy,18767,51.96,2925.62
20230601,002756,buy,190,57.41,32.73
20230601,603201,sell,335,12.36,12.42
20230601,600888,buy,6227,7.38,137.92
20230601,601919,buy,131370,7.42,2925.75
20230601,603871,buy,139597,6.99,2925.75
20230601,600894,buy,161228,6.05,2925.74
20230601,601717,buy,93146,10.47,2925.73
20230601,603889,buy,2926,4.23,37.16
20230601,605117,buy,1922,43.71,252.04
20230601,002091,buy,5556,6.83,113.9
20230601,600015,buy,206487,4.72,2925.75
20230601,300897,buy,91501,10.66,2925.73
20230601,300628,buy,4237,32.77,416.53
20230601,600295,buy,11123,7.82,261.04
20230601,600941,buy,657,86.8,171.08
20230601,600483,buy,114111,8.55,2925.74
20230601,002034,buy,65552,14.88,2925.74
20230601,300926,sell,10624,13.25,422.29
20230601,600582,buy,7955,4.79,114.34
20230601,003011,sell,2057,26.02,160.6
20230601,600039,buy,113862,8.57,2925.74
20230601,301153,buy,20579,47.39,2925.73
20230601,600348,buy,145359,6.71,2925.75
20230601,000651,buy,3266,27.35,267.96
20230601,603565,buy,120868,8.07,2925.75
20230601,601019,buy,105091,9.28,2925.75
20230601,601518,buy,16371,2.3,113.09
20230601,000878,buy,94169,10.36,2925.73
20230601,002396,buy,62439,15.62,2925.71
20230601,601336,buy,3572,33.11,354.76
20230601,600938,buy,4710,15.24,215.27
20230601,603109,buy,59512,16.39,2925.71
20230601,605259,buy,55072,17.71,2925.73
20230601,600998,buy,184398,5.29,2925.75
20230601,600251,buy,7074,8.14,172.69
20230601,301004,buy,42942,22.71,2925.69
20230601,601900,sell,13079,24.65,967.05
20230601,002911,buy,115688,8.43,2925.73
20230601,002987,buy,107903,9.04,2925.73
20230601,600742,buy,141003,6.92,2925.74
20230601,600971,buy,134046,7.28,2925.74
20230601,002048,buy,1846,11.46,63.44
20230601,603037,buy,162184,6.01,2925.75
20230601,601318,buy,23810,40.96,2925.64
20230601,002543,buy,131482,7.42,2925.74
20230601,601330,buy,144139,6.77,2925.74
20230601,605368,buy,124191,7.85,2925.74
20230601,688399,buy,25063,38.91,2925.67
20230601,601166,buy,72666,13.42,2925.74
20230601,688057,buy,71772,13.59,2925.71
20230601,603095,sell,2133,10.28,65.79
20230601,603568,buy,72396,13.47,2925.74
20230601,688569,buy,4339,36.27,472.11
20230601,301216,buy,57883,16.85,2925.74
20230601,601601,buy,6967,25.41,531.05
20230601,600373,buy,65210,14.96,2925.72
20230601,000932,buy,229727,4.25,2925.74
20230601,601997,buy,202773,4.81,2925.75
20230601,603393,buy,39038,24.98,2925.74
20230601,002540,buy,211789,4.6,2925.74
20230601,603586,buy,72772,13.4,2925.72
20230601,002478,buy,150912,6.46,2925.74
20230601,002497,buy,55963,17.43,2925.74
20230601,603339,buy,69262,14.08,2925.73
20230601,605088,buy,65438,14.9,2925.74
20230601,601156,buy,75843,12.86,2925.75
20230601,600803,buy,58941,16.55,2925.73
20230601,600050,buy,18483,4.6,255.24
20230601,300856,buy,37335,26.12,2925.73
20230601,000733,buy,11313,86.2,2925.65
20230601,603013,buy,74938,13.01,2925.72
20230601,002884,sell,1118,12.39,41.55
20230601,605158,buy,2537,6.81,51.87
20230601,603277,buy,67943,14.35,2925.73
20230601,002973,buy,82820,11.78,2925.75
20230601,600873,buy,122231,7.98,2925.74
20230601,603966,buy,134040,7.28,2925.74
20230601,600123,buy,128256,7.6,2925.74
20230601,002978,buy,32856,29.68,2925.69
20230601,300349,buy,79065,12.33,2925.74
20230601,603689,buy,132506,7.36,2925.74
20230601,002192,buy,15839,61.57,2925.59
20230601,601319,buy,16172,5.59,271.13
20230601,605377,buy,95118,10.25,2925.73
20230601,002818,buy,6657,10.37,207.0
20230601,000589,buy,209446,4.66,2925.75
20230601,688425,buy,186029,5.24,2925.74
20230601,601038,buy,5302,10.58,168.21
20230601,688169,buy,8889,109.7,2925.45
20230601,601811,buy,66410,14.69,2925.73
20230601,600390,buy,181821,5.36,2925.75
20230601,002267,buy,143250,6.81,2925.75
20230601,688009,buy,182292,5.35,2925.74
20230601,000567,buy,113052,8.63,2925.75
20230601,600729,buy,38056,25.63,2925.74
20230601,002061,buy,261299,3.73,2925.74
20230601,301179,buy,52482,18.58,2925.73
20230601,600780,buy,84900,8.98,2287.89
20230703,688569,sell,26889,41.13,3318.09
20230703,688425,sell,186029,4.54,2536.34
20230703,688169,sell,8889,120.07,3201.91
20230703,601811,sell,66410,12.69,2527.79
20230703,600729,sell,38056,27.93,3188.92
20230703,002061,sell,261299,4.05,3176.11
20230703,600780,sell,84900,9.89,2518.89
20230703,000408,buy,1082,20.65,67.01
20230703,002756,buy,632,56.6,107.31
20230703,002738,buy,1791,48.5,260.61
20230703,600888,buy,88,7.54,1.99
20230703,605117,sell,3641,53.41,583.43
20230703,603201,sell,892,12.78,34.21
20230703,601717,sell,3012,11.06,99.97
20230703,600894,sell,2353,6.28,44.31
20230703,603871,sell,4155,7.36,91.77
20230703,601919,sell,2891,7.76,67.31
20230703,300897,sell,2928,11.26,98.89
20230703,603889,sell,29292,4.96,435.78
20230703,600295,sell,1520,8.1,36.92
20230703,000878,sell,448,10.64,14.3
20230703,002091,buy,3398,6.82,69.57
20230703,605259,sell,513,18.28,28.13
20230703,600348,sell,4422,7.08,93.86
20230703,002034,buy,2533,14.65,111.29
20230703,300926,sell,8876,15.41,410.21
20230703,600582,sell,14142,5.26,223.35
20230703,600483,buy,7931,8.17,194.4
20230703,600015,sell,266,4.84,3.86
20230703,003011,sell,3763,29.58,333.92
20230703,601518,buy,14583,2.28,99.58
20230703,002540,sell,7711,4.89,113.03
20230703,600941,buy,500,84.96,127.44
20230703,301004,sell,3388,25.21,256.24
20230703,000651,sell,3946,31.44,372.22
20230703,600039,sell,910,8.83,24.1
20230703,601336,sell,1482,35.64,158.47
20230703,601318,sell,547,42.87,70.34
20230703,300628,buy,3498,29.98,314.63
20230703,600938,sell,1724,16.01,82.8
20230703,600251,buy,1601,8.21,39.43
20230703,600742,sell,4333,7.3,94.84
20230703,002192,sell,795,66.29,158.09
20230703,002978,buy,96,30.26,8.72
20230703,301153,buy,2885,42.5,367.8
20230703,002048,sell,4153,12.31,153.42
20230703,301216,buy,3464,16.25,168.92
20230703,600998,buy,5199,5.26,82.03
20230703,002396,sell,1666,16.41,82.01
20230703,002543,buy,3399,7.39,75.39
20230703,601019,buy,18503,8.07,447.85
20230703,601601,buy,770,25.47,58.83
20230703,603565,sell,5446,8.64,141.15
20230703,002911,sell,2327,8.8,61.41
20230703,603037,sell,15229,6.79,310.01
20230703,603393,sell,811,26.09,63.47
20230703,601038,sell,3639,11.26,122.9
20230703,603568,buy,1079,13.57,43.93
20230703,601156,buy,3714,12.53,139.65
20230703,000589,sell,19300,5.24,303.64
20230703,605368,buy,154,8.02,3.7
20230703,688399,buy,2982,35.56,318.08
20230703,002987,buy,2026,9.07,55.13
20230703,600873,buy,231,8.14,5.64
20230703,603109,sell,2365,17.45,123.8
20230703,603689,sell,3968,7.76,92.35
20230703,601330,buy,3437,6.76,69.67
20230703,603095,buy,6113,9.88,181.12
20230703,605158,sell,7601,7.36,167.8
20230703,603339,sell,3346,15.13,151.86
20230703,002973,buy,3942,11.49,135.92
20230703,601166,sell,427,13.8,17.68
20230703,002497,sell,400,17.95,21.54
20230703,600971,buy,13003,6.78,264.53
20230703,603586,sell,4213,14.54,183.83
20230703,002478,sell,7179,6.94,149.42
20230703,300856,sell,519,27.09,42.17
20230703,603966,sell,503,7.47,11.27
20230703,000733,sell,763,94.52,216.37
20230703,002884,sell,1721,12.95,66.85
20230703,000932,sell,10415,4.55,142.07
20230703,002533,buy,134853,7.39,2991.49
20230703,600123,buy,2305,7.64,52.81
20230703,603277,buy,2583,14.14,109.56
20230703,601900,buy,15835,18.0,854.98
20230703,600050,buy,9614,4.5,129.85
20230703,688057,buy,2945,13.35,117.91
20230703,605088,sell,4305,16.31,210.66
20230703,601997,buy,8229,4.73,116.67
20230703,300349,buy,374,12.55,14.08
20230703,688556,buy,44739,22.29,2991.48
20230703,603013,sell,5864,14.44,253.96
20230703,605377,buy,10768,9.42,304.22
20230703,601319,buy,4804,5.56,80.14
20230703,300121,buy,108056,9.23,2991.48
20230703,600803,sell,670,17.11,34.4
20230703,000792,buy,51800,19.25,2991.45
20230703,002662,buy,313085,3.18,2991.49
20230703,600373,buy,18560,11.9,662.79
20230703,002267,sell,96,6.97,2.01
20230703,000970,buy,78474,12.71,2991.48
20230703,000567,buy,4790,8.46,121.6
20230703,600390,buy,9147,5.22,143.29
20230703,688009,buy,344,5.46,5.63
20230703,300861,buy,32196,29.79,2877.18
20230703,002818,sell,1493,10.77,48.23
20230801,600050,sell,221480,4.75,3157.88
20230801,002818,sell,92596,12.51,3476.26
20230801,600941,sell,11736,84.5,2975.16
20230801,601319,sell,179317,5.89,3170.14
20230801,601900,sell,55405,16.99,2823.73
20230801,601038,sell,88580,11.19,2973.78
20230801,601518,sell,438108,2.45,3224.44
20230801,002048,sell,80979,12.79,3108.03
20230801,600888,sell,132185,7.92,3141.63
20230801,600582,sell,189414,5.26,2986.33
20230801,601601,sell,39153,27.79,3264.18
20230801,601919,sell,128479,8.2,3161.38
20230801,603871,sell,135442,8.43,3423.82
20230801,600894,sell,158875,6.54,3115.82
20230801,300897,sell,88573,10.65,2829.45
20230801,600039,sell,112952,8.61,2916.51
20230801,301153,sell,23464,36.65,2579.54
20230801,600348,sell,140937,7.09,2998.9
20230801,603565,sell,115422,9.06,3136.21
20230801,601019,sell,123594,8.2,3041.12
20230801,000878,sell,93721,11.5,3233.28
20230801,002396,sell,60773,15.69,2860.95
20230801,605259,sell,54559,17.24,2822.26
20230801,600998,sell,189597,4.96,2821.89
20230801,002911,sell,113361,9.04,3074.62
20230801,002987,sell,109929,8.37,2760.43
20230801,603037,sell,146955,7.28,3207.95
20230801,601318,sell,23263,46.03,3212.66
20230801,601330,sell,147576,7.04,3117.46
20230801,605368,sell,124345,8.34,3112.64
20230801,601166,sell,72239,14.5,3142.73
20230801,688057,sell,74717,14.59,3271.22
20230801,301216,sell,61347,15.64,2878.38
20230801,600373,sell,83770,11.58,2910.94
20230801,000932,sell,219312,5.62,3696.48
20230801,601997,sell,211002,5.19,3283.21
20230801,603393,sell,38227,26.32,3018.4
20230801,002540,sell,204078,5.09,3116.8
20230801,603586,sell,68559,14.03,2884.62
20230801,002478,sell,143733,6.81,2936.34
20230801,002497,sell,55563,17.83,2971.66
20230801,603339,sell,65916,14.06,2780.28
20230801,605088,sell,61133,16.53,3031.89
20230801,601156,sell,79557,12.87,3071.3
20230801,600803,sell,58271,16.85,2945.4
20230801,300856,sell,36816,24.99,2760.3
20230801,000733,sell,10550,88.09,2787.92
20230801,603013,sell,69074,14.38,2979.9
20230801,603277,sell,70526,15.84,3350.78
20230801,002973,sell,86762,12.64,3288.89
20230801,600873,sell,122462,8.41,3088.54
20230801,603966,sell,133537,7.24,2900.35
20230801,600123,sell,130561,8.09,3166.82
20230801,002978,sell,32952,31.73,3137.17
20230801,300349,sell,79439,12.53,2984.99
20230801,603689,sell,128538,7.86,3032.36
20230801,002192,sell,15044,60.62,2736.05
20230801,605377,sell,105886,10.96,3481.67
20230801,000589,sell,190146,6.44,3671.65
20230801,600390,sell,190968,5.77,3306.39
20230801,002267,sell,143154,7.22,3098.91
20230801,688009,sell,182636,5.66,3098.79
20230801,000567,sell,117842,8.63,3049.69
20230801,301179,sell,52482,15.8,2487.18
20230801,002533,sell,134853,7.63,3088.45
20230801,688556,sell,44739,19.4,2603.92
20230801,300121,sell,108056,9.11,2954.7
20230801,000792,sell,51800,19.95,3100.23
20230801,000970,sell,78474,12.05,2837.35
20230801,300861,sell,32196,31.1,3003.92
20230801,603688,buy,17835,56.76,3036.68
20230801,002662,sell,9755,3.34,97.66
20230801,000651,sell,400,32.33,38.79
20230801,000762,buy,33577,30.15,3036.65
20230801,605117,buy,6243,40.63,760.96
20230801,002606,buy,115041,8.8,3036.7
20230801,603201,buy,3398,12.44,126.77
20230801,600061,buy,133247,7.6,3036.7
20230801,000915,buy,33127,30.56,3036.71
20230801,000893,buy,36848,27.47,3036.64
20230801,002483,buy,192261,5.26,3036.7
20230801,601619,buy,251824,4.02,3036.7
20230801,300193,buy,133900,7.56,3036.71
20230801,600015,sell,8433,5.12,129.48
20230801,600612,buy,17333,58.4,3036.6
20230801,600598,buy,78266,12.93,3036.68
20230801,600566,buy,45304,22.34,3036.65
20230801,601336,sell,3140,40.76,383.93
20230801,002756,buy,3232,48.55,470.72
20230801,603889,sell,21534,5.64,364.21
20230801,688589,buy,36489,27.74,3036.64
20230801,300910,buy,28783,35.17,3036.65
20230801,300394,buy,20748,48.79,3036.66
20230801,300590,buy,94702,10.69,3036.7
20230801,000408,sell,857,21.34,54.85
20230801,600483,buy,6411,7.88,151.56
20230801,603052,buy,67249,15.05,3036.7
20230801,300926,buy,96,15.61,4.5
20230801,002821,buy,8366,120.99,3036.65
20230801,600262,buy,53520,18.91,3036.65
20230801,603331,buy,74890,13.52,3036.69
20230801,301004,buy,4089,23.19,284.51
20230801,301255,buy,31800,31.83,3036.63
20230801,301141,buy,19663,51.48,3036.66
20230801,603006,buy,96810,10.46,3036.7
20230801,003011,buy,1313,28.9,113.84
20230801,300580,buy,67627,14.97,3036.7
20230801,301379,buy,55852,18.12,3036.69
20230801,301366,buy,40023,25.29,3036.64
20230801,300652,buy,58603,17.27,3036.7
20230801,002832,buy,31417,32.22,3036.66
20230801,600016,buy,289273,3.5,3036.7
20230801,600352,buy,113469,8.92,3036.7
20230801,688433,buy,28624,35.36,3036.63
20230801,600398,buy,161724,6.26,3036.7
20230801,301285,buy,74730,13.55,3036.67
20230801,600938,sell,2582,16.95,131.32
20230801,002327,buy,133410,7.59,3036.7
20230801,600971,sell,1426,6.95,29.74
20230801,002492,buy,169902,5.96,3036.7
20230801,600635,buy,292227,3.46,3036.7
20230801,000596,buy,4032,251.0,3036.07
20230801,002543,sell,974,7.56,22.09
20230801,002034,sell,966,15.08,43.71
20230801,600295,sell,5700,8.62,147.38
20230801,002091,sell,3215,7.08,68.32
20230801,603095,buy,2736,9.76,80.12
20230801,601666,buy,144961,6.98,3036.69
20230801,300628,sell,2796,33.23,278.73
20230801,600829,buy,144588,7.0,3036.71
20230801,600251,sell,7282,8.87,193.69
20230801,301323,buy,24123,41.96,3036.7
20230801,301222,buy,51672,19.59,3036.7
20230801,300801,buy,62784,16.12,3036.66
20230801,688303,buy,25046,40.41,3036.65
20230801,603328,buy,135480,7.47,3036.7
20230801,002833,buy,62740,16.13,3036.67
20230801,002772,buy,115446,8.77,3036.68
20230801,688767,buy,51807,19.54,3036.69
20230801,301419,buy,42549,23.79,3036.65
20230801,300833,buy,14938,67.76,3036.6
20230801,600833,buy,85893,11.78,3036.67
20230801,301158,buy,75517,13.4,3036.69
20230801,301307,buy,28870,35.06,3036.65
20230801,603161,buy,96118,10.53,3036.7
20230801,603568,sell,1772,14.12,75.05
20230801,301039,buy,74611,13.57,3036.7
20230801,601677,buy,68483,14.78,3036.66
20230801,600236,buy,191760,5.28,3036.7
20230801,301205,buy,8203,123.4,3036.7
20230801,601218,buy,270159,3.75,3036.7
20230801,300514,buy,84543,11.97,3036.7
20230801,002738,buy,3221,42.57,411.32
20230801,605158,buy,2047,7.36,45.19
20230801,601766,buy,166980,6.06,3036.7
20230801,002884,sell,5206,14.1,220.17
20230801,688032,buy,5026,201.39,3036.59
20230801,601717,buy,2926,10.88,95.48
20230801,000731,buy,131015,7.73,3036.68
20230801,300109,buy,73290,13.81,3036.69
20230801,000630,buy,325650,3.11,3036.7
20230801,600742,sell,6160,7.76,143.33
20230801,000807,buy,71628,14.13,3036.7
20230801,603109,buy,4441,16.44,218.97
20230801,002136,buy,86236,11.74,3036.68
20230801,688399,buy,1571,34.18,161.08
20230801,603896,buy,25978,38.96,3036.66
20230801,002105,buy,160047,6.32,3036.7
20230901,300628,sell,30462,32.42,2962.93
20230901,600295,sell,117446,7.87,2773.46
20230901,603889,sell,179547,5.57,3000.52
20230901,605158,sell,137557,6.53,2694.03
20230901,003011,sell,35025,23.79,2499.96
20230901,603095,sell,103703,9.52,2962.95
20230901,601717,sell,93060,11.26,3143.03
20230901,600015,sell,197788,4.91,2916.3
20230901,603109,sell,61588,15.85,2927.85
20230901,600742,sell,130510,7.77,3043.65
20230901,000762,sell,33577,24.49,2467.16
20230901,002606,sell,115041,7.83,2702.69
20230901,600061,sell,133247,7.02,2805.48
20230901,600612,sell,17333,58.65,3049.63
20230901,688589,sell,36489,27.19,2976.49
20230901,300910,sell,28783,38.01,3281.7
20230901,300590,sell,94702,10.54,2995.73
20230901,600262,sell,53520,17.74,2847.55
20230901,603331,sell,74890,13.34,2997.31
20230901,301255,sell,31800,43.18,4119.04
20230901,301141,sell,19663,40.77,2405.11
20230901,603006,sell,96810,10.49,3047.41
20230901,300580,sell,67627,16.56,3359.93
20230901,301366,sell,40023,25.54,3066.99
20230901,300652,sell,58603,17.26,3034.06
20230901,688433,sell,28624,32.74,2811.5
20230901,002492,sell,169902,5.69,2898.0
20230901,600635,sell,292227,3.23,2831.0
20230901,600829,sell,144588,7.58,3286.24
20230901,301323,sell,24123,44.39,3212.39
20230901,301222,sell,51672,19.98,3096.47
20230901,300801,sell,62784,15.85,2985.28
20230901,688303,sell,25046,40.57,3048.48
20230901,688767,sell,51807,19.32,3003.47
20230901,600833,sell,85893,10.98,2828.72
20230901,301158,sell,75517,14.06,3185.55
20230901,301307,sell,28870,35.13,3042.68
20230901,603161,sell,96118,10.13,2922.4
20230901,301039,sell,74611,11.57,2589.63
20230901,601677,sell,68483,14.22,2921.25
20230901,600236,sell,191760,5.19,2982.86
20230901,301205,sell,8203,93.45,2299.71
20230901,300514,sell,84543,13.66,3465.26
20230901,601766,sell,166980,5.57,2790.27
20230901,688032,sell,5026,166.61,2512.11
20230901,000731,sell,131015,7.0,2749.38
20230901,000630,sell,325650,3.13,3055.05
20230901,000807,sell,71628,14.79,3178.51
20230901,002136,sell,86236,11.24,2908.65
20230901,603896,sell,25978,40.47,3154.18
20230901,002105,sell,160047,6.27,3012.87
20230901,002738,buy,4267,35.3,451.92
20230901,000408,sell,336,21.02,21.19
20230901,002756,buy,1261,44.78,169.4
20230901,600251,sell,4437,9.02,120.1
20230901,300193,sell,6461,7.77,150.59
20230901,002833,sell,8118,18.13,441.46
20230901,002662,buy,2073,3.24,20.16
20230901,600971,sell,7570,7.17,162.88
20230901,000923,buy,66235,14.95,2970.33
20230901,601619,buy,15435,3.7,171.55
20230901,600566,sell,3086,23.45,217.13
20230901,601666,sell,20871,7.98,499.59
20230901,600352,buy,3494,8.47,88.73
20230901,603299,buy,113329,8.74,2970.35
20230901,002884,buy,302,13.73,12.44
20230901,000893,sell,1038,27.65,86.1
20230901,300109,buy,4794,12.68,182.37
20230901,000915,buy,2547,27.75,212.07
20230901,603568,buy,15,13.81,0.62
20230901,600398,sell,4986,6.32,94.49
20230901,002543,sell,6204,7.75,144.31
20230901,301379,buy,1391,17.3,72.18
20230901,002978,buy,34340,28.83,2970.36
20230901,603688,sell,852,58.3,149.02
20230901,300926,sell,4644,16.45,229.21
20230901,603908,buy,33249,29.78,2970.28
20230901,002545,buy,149373,6.63,2970.35
20230901,688639,buy,15342,64.54,2970.31
20230901,301419,sell,5550,26.76,445.57
20230901,001331,buy,97474,10.16,2970.34
20230901,002270,buy,90582,10.93,2970.34
20230901,000651,sell,61,31.68,5.8
20230901,600033,buy,335454,2.95,2970.36
20230901,600938,sell,1640,17.05,83.89
20230901,002670,buy,97165,10.19,2970.33
20230901,600486,buy,15718,62.99,2970.35
20230901,301004,sell,10204,29.61,906.43
20230901,002757,buy,75307,13.15,2970.36
20230901,002224,buy,190464,5.2,2970.35
20230901,002034,buy,399,14.66,17.55
20230901,601218,buy,9896,3.54,104.96
20230901,600483,buy,1201,7.64,27.51
20230901,002772,buy,4891,8.23,120.73
20230901,002832,buy,292,31.22,27.35
20230901,002651,buy,129613,7.64,2970.36
20230901,002987,buy,115243,8.59,2970.36
20230901,600888,buy,128509,7.7,2970.34
20230901,002327,sell,927,7.47,20.78
20230901,603052,sell,236,14.78,10.46
20230901,000968,buy,134631,7.35,2970.35
20230901,300394,buy,3731,40.45,452.72
20230901,601728,buy,187318,5.29,2970.35
20230901,002091,buy,7498,6.58,148.09
20230901,603817,buy,163621,6.05,2970.36
20230901,002478,buy,165629,5.98,2970.35
20230901,601985,buy,142502,6.95,2970.35
20230901,600219,buy,367946,2.69,2970.36
20230901,603298,buy,63658,15.55,2970.32
20230901,600016,buy,7754,3.33,77.54
20230901,603338,buy,19553,50.64,2970.23
20230901,002801,buy,45631,21.7,2970.34
20230901,603587,buy,71729,13.8,2970.35
20230901,000596,sell,402,272.76,328.95
20230901,002158,buy,41779,23.7,2970.35
20230901,603125,buy,64885,15.26,2970.33
20230901,002540,buy,199159,4.97,2970.35
20230901,605117,buy,7618,30.44,695.59
20230901,002483,sell,8763,5.4,141.85
20230901,300828,buy,71117,13.92,2970.33
20230901,601336,buy,744,38.71,86.39
20230901,601163,buy,69736,14.2,2970.33
20230901,600531,buy,142789,6.93,2970.35
20230901,601688,buy,65484,15.12,2970.32
20230901,603328,sell,1066,7.37,23.56
20230901,002056,buy,65523,15.11,2970.32
20230901,002422,buy,39513,25.06,2970.35
20230901,300234,buy,182978,5.41,2970.35
20230901,300695,buy,30545,32.41,2970.32
20230901,002033,buy,112103,8.83,2970.34
20230901,600784,buy,157496,6.29,2970.35
20230901,002821,sell,548,126.65,208.21
20230901,301285,sell,9143,15.1,414.08
20230901,601601,buy,36152,27.39,2970.32
20230901,600551,buy,125522,7.89,2970.35
20230901,600211,buy,29350,33.73,2970.3
20230901,600325,buy,100365,9.87,2970.35
20230901,300258,buy,69015,14.35,2970.32
20230901,603556,buy,40734,24.31,2970.32
20230901,600694,buy,85255,11.61,2970.33
20230901,600598,buy,3270,12.14,119.13
20230901,002638,buy,339082,2.92,2970.36
20230901,688399,buy,1011,32.33,98.05
20230901,300833,buy,199,65.41,39.05
20230901,603201,sell,2101,12.49,78.7
20230901,601169,buy,242758,4.08,2970.35
20230901,603339,buy,79971,12.38,2970.35
20231009,301419,sell,36999,28.49,3162.57
20231009,300833,sell,15137,55.72,2530.08
20231009,001331,sell,97474,10.22,2987.6
20231009,600784,sell,157496,6.02,2845.82
20231009,600551,sell,125522,7.28,2741.86
20231009,300258,sell,69015,15.77,3264.13
20231009,603556,sell,40734,24.61,3007.49
20231009,603339,sell,79971,12.02,2883.39
20231009,002738,buy,1280,33.9,130.18
20231009,000408,buy,296,20.97,18.62
20231009,002756,buy,2190,40.91,268.77
20231009,600251,buy,1932,8.9,51.6
20231009,600971,sell,13461,7.98,322.23
20231009,300193,sell,523,7.83,12.29
20231009,000923,buy,437,14.91,19.55
20231009,002662,sell,7491,3.34,74.99
20231009,601619,buy,10104,3.58,108.65
20231009,600566,sell,1235,24.26,89.88
20231009,601666,sell,13857,9.02,374.92
20231009,002833,buy,4611,16.78,232.17
20231009,000915,sell,8,27.87,0.67
20231009,600352,buy,1626,8.38,40.89
20231009,300109,buy,473,12.66,17.96
20231009,000893,sell,113,27.85,9.44
20231009,603568,buy,1574,13.56,64.05
20231009,002884,sell,1965,14.17,83.55
20231009,603688,sell,1388,63.75,265.45
20231009,002543,sell,540,7.82,12.67
20231009,002978,sell,2848,31.57,269.73
20231009,603908,buy,3213,27.27,262.81
20231009,603299,buy,5172,8.39,130.17
20231009,600398,sell,1600,6.41,30.76
20231009,002545,sell,844,6.69,16.95
20231009,600938,sell,4849,18.68,271.76
20231009,301379,buy,5080,15.95,243.1
20231009,600033,sell,12835,3.08,118.65
20231009,601218,buy,379,3.55,4.03
20231009,688639,sell,667,67.75,135.56
20231009,002270,sell,12980,12.81,498.86
20231009,000968,sell,6370,7.75,148.12
20231009,300926,sell,20564,25.09,1548.1
20231009,002327,sell,1907,7.61,43.56
20231009,002772,buy,7928,7.75,184.34
20231009,600483,sell,5560,8.01,133.63
20231009,600486,sell,770,66.51,153.64
20231009,002034,buy,1629,14.38,70.26
20231009,002987,buy,12400,7.79,289.73
20231009,002670,buy,10079,9.27,280.3
20231009,002832,buy,1469,29.96,132.05
20231009,603125,buy,1737,14.92,77.76
20231009,002224,buy,8321,5.0,124.84
20231009,301004,buy,143,29.6,12.7
20231009,002091,buy,818,6.57,16.13
20231009,601728,sell,3729,5.42,60.58
20231009,000651,buy,203,31.6,19.25
20231009,603817,buy,4449,5.92,78.95
20231009,002757,sell,1135,13.4,45.64
20231009,600888,buy,3277,7.54,74.16
20231009,600016,buy,14248,3.19,136.52
20231009,603052,sell,4890,16.0,234.77
20231009,002821,sell,1083,147.62,479.6
20231009,002651,buy,696,7.63,15.93
20231009,002422,sell,2949,27.19,240.55
20231009,601163,buy,787,14.1,33.28
20231009,600219,buy,7382,2.65,58.66
20231009,300234,buy,8734,5.19,135.87
20231009,000596,buy,286,253.87,217.82
20231009,300394,sell,2328,44.88,313.45
20231009,002478,sell,3295,6.12,60.54
20231009,600694,buy,1850,11.41,63.34
20231009,603619,buy,51551,19.28,2982.42
20231009,002056,sell,171,15.21,7.8
20231009,601336,buy,3785,33.85,384.42
20231009,603587,buy,198,13.82,8.21
20231009,601688,buy,1851,14.76,81.99
20231009,605117,buy,6488,25.48,495.92
20231009,603328,sell,2535,7.54,57.33
20231009,002638,buy,23748,2.74,195.21
20231009,688399,sell,253,32.73,24.84
20231009,603298,sell,5598,17.12,287.56
20231009,601601,buy,1168,26.64,93.34
20231009,002728,buy,93781,10.6,2982.47
20231009,002801,buy,451,21.57,29.19
20231009,002158,buy,1103,23.18,76.71
20231009,600531,buy,17954,6.18,333.12
20231009,300695,sell,149,32.71,14.62
20231009,002483,sell,4826,5.56,80.56
20231009,002033,buy,15380,7.8,359.82
20231009,601985,sell,2140,7.08,45.47
20231009,601319,buy,181767,5.47,2982.45
20231009,600325,buy,15971,8.55,409.44
20231009,000719,buy,104206,9.54,2982.46
20231009,603871,buy,117062,8.49,2982.44
20231009,300828,sell,2053,14.39,88.66
20231009,300628,buy,31526,31.53,2982.39
20231009,002540,sell,8072,5.2,125.99
20231009,601928,buy,106286,9.35,2982.45
20231009,603201,sell,6166,13.59,251.47
20231009,603338,buy,287,50.11,43.14
20231009,601518,buy,408335,2.43,2982.46
20231009,600598,buy,2570,11.82,91.13
20231009,601169,sell,3758,4.16,46.9
20231009,301285,sell,1955,15.62,91.63
20231009,600211,sell,565,34.54,58.54
20231101,600938,sell,53217,17.94,2863.76
20231101,603201,sell,73130,14.58,3199.66
20231101,300926,sell,39618,20.89,2483.03
20231101,002756,sell,24301,45.93,3348.79
20231101,605117,sell,39019,22.65,2651.81
20231101,601336,sell,29365,30.39,2676.95
20231101,002091,sell,151215,6.89,3124.29
20231101,000651,sell,31456,29.22,2757.51
20231101,600483,sell,124094,8.17,3041.79
20231101,688399,sell,30374,33.4,3043.2
20231101,603568,sell,73292,14.14,3109.16
20231101,002483,sell,178672,5.05,2706.78
20231101,300193,sell,126916,6.78,2579.72
20231101,603052,sell,62123,16.05,2990.93
20231101,002821,sell,6735,140.63,2841.49
20231101,600398,sell,155138,6.12,2847.44
20231101,301285,sell,63632,15.61,2980.58
20231101,002327,sell,130576,7.61,2982.47
20231101,000596,sell,3916,261.49,3071.97
20231101,601666,sell,110233,8.65,2859.28
20231101,002772,sell,128265,7.36,2833.5
20231101,002545,sell,148529,6.64,2957.69
20231101,600033,sell,322619,3.02,2919.59
20231101,002670,sell,107244,9.83,3162.63
20231101,002224,sell,198785,5.08,3029.53
20231101,002651,sell,130309,6.96,2720.09
20231101,002987,sell,127643,7.46,2856.95
20231101,000968,sell,128261,7.62,2930.34
20231101,601728,sell,183589,4.92,2707.64
20231101,603817,sell,168070,5.97,3011.88
20231101,002478,sell,162334,5.26,2564.04
20231101,603298,sell,58060,14.32,2493.92
20231101,603587,sell,71927,12.73,2746.89
20231101,002158,sell,42882,21.99,2829.28
20231101,002540,sell,191087,5.46,3128.09
20231101,300828,sell,69064,15.25,3158.74
20231101,601163,sell,70523,13.75,2908.58
20231101,601688,sell,67335,15.02,3033.49
20231101,300234,sell,191712,5.2,2988.09
20231101,600211,sell,28785,34.42,2972.41
20231101,002638,sell,362830,2.66,2895.38
20231101,601169,sell,239000,4.07,2917.91
20231101,603619,sell,51551,18.77,2902.98
20231101,002728,sell,93781,11.76,3308.28
20231101,601319,sell,181767,4.98,2715.52
20231101,000719,sell,104206,9.17,2865.22
20231101,300628,sell,31526,28.93,2735.87
20231101,002738,sell,1304,34.5,134.95
20231101,000408,sell,753,20.72,46.81
20231101,000923,sell,4379,15.52,203.86
20231101,600251,buy,1366,8.55,35.05
20231101,002833,buy,1597,15.89,76.13
20231101,603881,buy,77383,12.49,2899.94
20231101,301419,buy,38809,24.91,2899.93
20231101,600971,sell,1480,7.85,34.86
20231101,688639,sell,345,67.46,69.82
20231101,300109,buy,3283,11.81,116.33
20231101,000915,sell,1376,28.19,116.37
20231101,000893,sell,2155,28.82,186.32
20231101,601518,sell,9768,2.43,71.07
20231101,603299,buy,3079,7.95,73.44
20231101,002270,buy,6996,11.43,239.82
20231101,603688,buy,1563,56.34,264.17
20231101,603367,buy,73314,13.19,2899.94
20231101,300258,buy,79562,12.15,2899.94
20231101,002034,buy,1074,13.77,44.35
20231101,002832,sell,1510,30.53,138.28
20231101,600015,buy,194583,4.97,2899.95
20231101,600566,sell,793,24.05,57.22
20231101,301165,buy,53478,18.08,2899.93
20231101,603338,sell,1052,51.45,162.39
20231101,002884,sell,1612,14.11,68.21
20231101,002543,sell,2189,7.73,50.79
20231101,301379,buy,5145,14.33,221.14
20231101,300376,buy,154652,6.25,2899.95
20231101,600888,buy,3482,7.15,74.65
20231101,603556,buy,44483,21.73,2899.91
20231101,601985,sell,5893,7.19,127.09
20231101,688589,buy,34400,28.1,2899.9
20231101,600219,sell,8042,2.63,63.5
20231101,600025,buy,128494,7.52,2899.95
20231101,000617,buy,169936,5.69,2899.96
20231101,002393,buy,65137,14.84,2899.92
20231101,600066,buy,86808,11.14,2899.94
20231101,600016,sell,14290,3.25,139.54
20231101,601218,sell,20439,3.72,227.98
20231101,600486,buy,139,64.07,26.72
20231101,603125,buy,233,14.46,10.11
20231101,601619,buy,14990,3.31,148.69
20231101,600325,buy,10477,7.62,239.59
20231101,002757,sell,4527,13.88,188.5
20231101,000878,buy,93339,10.36,2899.94
20231101,002662,sell,17044,3.44,175.98
20231101,603871,sell,1172,8.34,29.33
20231101,600694,buy,413,11.05,13.68
20231101,601369,buy,138582,6.98,2899.94
20231101,600531,sell,9,6.01,0.16
20231101,601928,buy,4564,8.72,119.4
20231101,603161,buy,81620,11.84,2899.94
20231101,301004,sell,1777,30.39,162.03
20231101,002233,buy,152888,6.32,2899.94
20231101,600352,buy,472,8.12,11.5
20231101,300590,buy,88527,10.92,2899.96
20231101,600967,buy,117714,8.21,2899.95
20231101,603331,buy,74190,13.03,2899.94
20231101,002801,buy,2466,19.91,147.3
20231101,002978,sell,917,31.62,86.98
20231101,300615,buy,61761,15.65,2899.93
20231101,301307,buy,29141,33.17,2899.94
20231101,002818,buy,85747,11.27,2899.96
20231101,603328,sell,4617,7.6,105.21
20231101,002062,buy,223328,4.33,2899.96
20231101,603029,buy,50155,19.27,2899.95
20231101,688143,buy,26936,35.89,2899.87
20231101,000027,buy,164335,5.88,2899.95
20231101,300558,buy,15801,61.18,2899.92
20231101,300695,sell,2947,35.22,311.36
20231101,600598,buy,633,11.41,21.66
20231101,601601,buy,221,25.75,17.07
20231101,002033,buy,6255,7.23,135.63
20231101,300360,buy,76270,12.67,2899.94
20231101,000715,buy,172879,5.59,2899.95
20231101,603339,buy,86469,11.18,2899.94
20231101,603758,buy,96522,10.01,2899.96
20231101,002060,buy,206268,4.69,2899.96
20231101,301323,buy,24664,39.19,2899.93
20231101,002422,buy,835,25.85,64.75
20231101,002056,buy,6874,13.38,276.0
20231101,603393,buy,36767,26.29,2899.89
20231101,300910,buy,30754,31.43,2899.87
20231101,300988,buy,64285,15.04,2899.94
20231101,601199,buy,189660,5.1,2899.95
20231101,601038,buy,87048,11.1,2899.94
20231101,300394,buy,6065,34.26,623.34
20231101,603908,sell,929,27.21,75.82
20231101,600720,buy,96888,9.98,2899.95
20231101,600557,buy,58395,16.55,2899.96
20231101,601117,buy,147824,6.54,2899.94
20231101,605158,buy,130685,7.4,2899.96
20231101,002595,buy,46638,20.73,2899.93
20231101,301061,buy,49270,19.62,2899.91
20231101,002283,buy,176712,5.47,2899.95
20231201,000893,sell,33542,27.2,2737.03
20231201,600598,sell,84739,11.33,2879.41
20231201,300394,sell,28216,38.29,3241.51
20231201,301379,sell,67468,14.87,3008.82
20231201,603328,sell,127262,7.86,3002.25
20231201,601218,sell,259995,3.79,2959.92
20231201,603908,sell,35533,26.42,2816.46
20231201,002270,sell,84598,12.37,3139.67
20231201,002757,sell,69645,16.24,3393.74
20231201,002801,sell,48548,20.74,3020.27
20231201,603125,sell,66855,13.99,2806.02
20231201,600531,sell,160734,5.9,2845.07
20231201,002056,sell,72226,12.45,2697.8
20231201,002422,sell,37399,26.69,2994.78
20231201,300695,sell,27449,37.41,3080.43
20231201,002033,sell,133738,7.44,2985.77
20231201,603881,sell,77383,13.08,3037.19
20231201,301419,sell,38809,25.35,2952.0
20231201,301165,sell,53478,19.69,3159.3
20231201,300376,sell,154652,6.3,2922.57
20231201,600025,sell,128494,8.05,3104.18
20231201,000617,sell,169936,5.44,2773.24
20231201,002393,sell,65137,15.06,2942.6
20231201,600066,sell,86808,10.96,2854.69
20231201,000878,sell,93339,10.12,2833.8
20231201,002233,sell,152888,6.11,2803.53
20231201,300590,sell,88527,11.58,3076.1
20231201,603331,sell,74190,12.98,2889.1
20231201,301307,sell,29141,36.7,3208.63
20231201,002062,sell,223328,4.38,2931.62
20231201,603029,sell,50155,20.99,3158.08
20231201,688143,sell,26936,36.92,2983.8
20231201,300558,sell,15801,55.96,2652.5
20231201,301323,sell,24664,37.87,2801.83
20231201,300988,sell,64285,15.5,2989.92
20231201,002595,sell,46638,19.41,2715.91
20231201,301061,sell,49270,18.77,2775.01
20231201,002283,sell,176712,5.67,3005.23
20231201,002738,buy,1093,33.77,110.72
20231201,600971,sell,19070,9.45,540.6
20231201,600251,buy,3820,8.41,96.42
20231201,000915,sell,965,29.5,85.41
20231201,688639,sell,1365,75.83,310.54
20231201,600325,buy,16184,6.88,333.8
20231201,300109,sell,1984,12.31,73.28
20231201,000408,sell,2362,22.2,157.3
20231201,000923,buy,1794,15.34,82.56
20231201,603688,buy,1717,52.08,268.29
20231201,600566,sell,5499,28.34,467.53
20231201,603299,buy,1086,8.01,26.11
20231201,002034,sell,1594,14.33,68.51
20231201,002833,buy,2696,15.48,125.17
20231201,002543,buy,2434,7.72,56.34
20231201,600015,sell,3470,5.14,53.55
20231201,600888,buy,7213,6.9,149.31
20231201,601518,sell,5305,2.5,39.79
20231201,688589,buy,1559,27.34,127.87
20231201,002662,sell,8024,3.6,86.74
20231201,603338,buy,2562,46.05,353.93
20231201,603556,sell,4704,24.72,348.78
20231201,600720,buy,3437,9.8,101.04
20231201,603367,sell,1441,13.68,59.13
20231201,600486,buy,675,62.37,126.3
20231201,000027,buy,2802,5.88,49.45
20231201,601117,buy,8606,6.28,162.26
20231201,000651,buy,35032,28.06,2949.38
20231201,603871,buy,6917,8.01,166.12
20231201,600016,sell,5864,3.38,59.41
20231201,601928,sell,2601,9.08,70.87
20231201,002832,buy,384,30.67,35.34
20231201,600694,sell,342,11.28,11.57
20231201,002884,buy,1084,14.12,45.93
20231201,002818,buy,1078,11.32,36.62
20231201,601619,buy,10067,3.25,98.18
20231201,002978,buy,1283,30.86,118.78
20231201,601163,buy,72728,13.52,2949.4
20231201,600941,buy,11574,84.94,2949.15
20231201,603339,sell,1216,11.53,42.07
20231201,600352,buy,5239,7.91,124.31
20231201,601199,buy,6901,5.0,103.55
20231201,601601,buy,6373,22.39,428.02
20231201,300360,sell,1038,13.07,40.69
20231201,603161,buy,258,12.01,9.29
20231201,601985,buy,9419,6.83,193.07
20231201,002060,buy,11363,4.52,153.99
20231201,600967,buy,1043,8.28,25.9
20231201,688169,buy,6969,141.05,2949.0
20231201,300615,sell,896,16.15,43.42
20231201,600398,buy,158121,6.22,2949.38
20231201,301004,sell,739,31.65,70.16
20231201,600219,buy,35989,2.44,263.21
20231201,300795,buy,53948,18.22,2949.37
20231201,601318,buy,26400,37.24,2949.35
20231201,605368,buy,106455,9.24,2949.38
20231201,300856,buy,45601,21.56,2949.38
20231201,603599,buy,65137,15.09,2949.36
20231201,000589,buy,169686,5.79,2949.39
20231201,601818,buy,384127,2.56,2949.4
20231201,600901,buy,224129,4.39,2949.4
20231201,002835,buy,57127,17.21,2949.37
20231201,603393,sell,5239,31.18,490.11
20231201,600874,buy,183836,5.35,2949.4
20231201,002091,buy,139848,7.03,2949.4
20231201,000521,buy,173991,5.65,2949.38
20231201,000063,buy,39283,25.03,2949.38
20231201,300258,sell,7467,13.64,305.48
20231201,002986,buy,58984,16.67,2949.38
20231201,601369,sell,627,7.13,13.41
20231201,605259,buy,62935,15.62,2949.38
20231201,603833,buy,14304,68.73,2949.36
20231201,600230,buy,73520,13.37,2949.38
20231201,000715,sell,10391,6.05,188.61
20231201,603758,sell,5712,10.83,185.52
20231201,002381,buy,134882,7.29,2949.38
20231201,688569,buy,36813,26.71,2949.35
20231201,002677,buy,107378,9.16,2949.37
20231201,600557,sell,4946,18.39,272.93
20231201,688556,buy,56786,17.31,2949.38
20231201,603187,buy,66795,14.72,2949.39
20231201,300146,buy,61365,16.02,2949.38
20231201,000858,buy,7417,132.54,2949.16
20231201,300118,buy,61648,15.95,2949.37
20231201,301195,buy,24463,40.19,2949.35
20231201,001311,buy,41403,23.75,2949.36
20231201,603639,buy,65211,15.08,2949.38
20231201,603619,buy,54181,18.15,2949.38
20231201,601038,sell,12254,13.14,483.22
20231201,601699,buy,49976,19.67,2949.35
20231201,001269,buy,25052,39.24,2949.34
20231201,300514,buy,64483,15.25,2949.37
20231201,300882,buy,59274,16.59,2949.38
20231201,605158,buy,1885,7.42,41.94
20231201,002367,buy,139682,7.04,2949.4
20231201,600211,buy,27558,35.67,2949.31
20231201,300910,sell,3211,35.69,343.85
20231201,603529,buy,37647,26.11,2949.39
20231201,603797,buy,176415,5.57,2949.39
20231201,601169,buy,207084,4.1,2545.04
20240102,600557,sell,53449,20.59,3301.04
20240102,000858,sell,7417,122.45,2724.58
20240102,603619,sell,54181,17.58,2858.3
20240102,601699,sell,49976,20.27,3038.93
20240102,600211,sell,27558,33.77,2792.19
20240102,601169,sell,207084,4.1,2545.04
20240102,002738,sell,1060,34.54,109.85
20240102,600251,buy,3211,8.07,77.75
20240102,600971,sell,5044,9.79,148.13
20240102,000915,buy,5078,25.23,384.43
20240102,600325,buy,8103,6.41,155.91
20240102,688639,sell,1059,81.4,258.61
20240102,000408,sell,4097,24.11,296.37
20240102,300109,buy,5442,11.36,185.49
20240102,688589,sell,379,27.24,30.97
20240102,603299,sell,71,7.91,1.68
20240102,000923,sell,3139,15.9,149.74
20240102,002034,sell,1724,14.49,74.92
20240102,603688,sell,541,52.86,85.79
20240102,002543,sell,10496,8.29,261.01
20240102,002833,sell,1716,15.68,80.72
20240102,600566,sell,2179,29.81,194.86
20240102,600015,buy,1570,5.03,23.69
20240102,600888,sell,2987,6.95,62.26
20240102,002662,buy,14292,3.38,144.71
20240102,603556,sell,4745,27.66,393.77
20240102,600720,buy,3105,9.37,87.28
20240102,603338,sell,1756,49.46,260.57
20240102,601518,sell,2692,2.48,20.04
20240102,603367,sell,2071,13.88,86.26
20240102,600694,buy,412,11.06,13.68
20240102,603871,sell,82,7.9,1.94
20240102,600486,buy,357,60.12,64.39
20240102,002818,buy,5538,10.49,174.32
20240102,601117,buy,5286,5.99,95.03
20240102,002832,buy,470,29.8,42.02
20240102,000027,sell,6821,6.05,123.7
20240102,601619,sell,7670,3.29,75.66
20240102,002978,buy,195,30.23,17.69
20240102,601928,buy,10919,8.13,266.39
20240102,002884,sell,5184,15.04,233.92
20240102,000651,buy,7,27.66,0.58
20240102,601163,sell,890,13.49,36.02
20240102,600016,buy,4244,3.28,41.77
20240102,300360,buy,1958,12.55,73.75
20240102,603339,sell,796,11.47,27.4
20240102,601199,buy,5254,4.8,75.69
20240102,600941,sell,863,90.48,234.25
20240102,002060,buy,2977,4.39,39.23
20240102,600967,buy,2488,7.99,59.66
20240102,300795,buy,77,17.94,4.14
20240102,600352,buy,1414,7.71,32.7
20240102,002835,sell,1689,17.48,88.58
20240102,688169,buy,27,138.52,11.22
20240102,300615,buy,1722,15.48,79.99
20240102,600219,sell,17754,2.51,133.89
20240102,301004,buy,131,31.06,12.21
20240102,601601,sell,461,22.3,30.85
20240102,603161,buy,6421,10.98,211.42
20240102,300856,buy,2480,20.16,149.96
20240102,000589,sell,514,5.73,8.83
20240102,002677,sell,490,9.07,13.33
20240102,603599,buy,6602,13.51,267.55
20240102,601985,sell,12762,7.39,282.96
20240102,605368,sell,850,9.18,23.4
20240102,600901,sell,2751,4.38,36.13
20240102,601318,buy,645,35.83,69.34
20240102,002091,sell,1289,6.99,27.05
20240102,600230,sell,564,13.28,22.48
20240102,603328,buy,124757,7.77,2907.35
20240102,000521,buy,7312,5.35,117.25
20240102,600398,sell,3898,6.28,73.48
20240102,603758,buy,493,10.61,15.7
20240102,601818,sell,4170,2.55,31.91
20240102,600874,sell,27,5.27,0.43
20240102,000063,buy,256,24.51,18.82
20240102,000715,buy,9904,5.62,167.03
20240102,601369,sell,1627,7.11,34.7
20240102,300514,sell,3170,15.81,150.32
20240102,603187,buy,4341,13.62,177.42
20240102,688556,buy,4075,15.92,194.66
20240102,605259,sell,869,15.61,40.71
20240102,300118,sell,4817,17.05,246.43
20240102,300146,buy,3885,14.85,173.1
20240102,002381,sell,3448,7.37,76.27
20240102,605158,sell,6902,7.71,159.68
20240102,603639,buy,933,14.65,41.01
20240102,001311,buy,4256,21.22,271.0
20240102,603833,buy,1946,59.64,348.16
20240102,688569,sell,601,26.76,48.25
20240102,300910,buy,3423,31.3,321.37
20240102,001269,sell,5207,48.84,762.88
20240102,300258,buy,5679,12.46,212.29
20240102,002757,buy,66254,14.63,2907.32
20240102,002986,buy,5309,15.07,240.07
20240102,600757,buy,142280,6.81,2907.35
20240102,300882,sell,1690,16.83,85.33
20240102,601038,sell,5109,13.91,213.16
20240102,601336,buy,33681,28.77,2907.33
20240102,603797,sell,2514,5.57,42.03
20240102,301195,buy,568,38.72,65.97
20240102,688063,buy,13505,71.76,2907.19
20240102,603529,buy,4614,22.93,317.42
20240102,002367,buy,3624,6.76,73.52
20240102,603908,buy,38512,24.67,2849.75
20240201,603758,sell,91303,7.6,2081.36
20240201,605158,sell,125668,6.41,2418.01
20240201,301195,sell,25031,29.56,2219.67
20240201,603529,sell,42261,24.1,3055.74
20240201,600757,sell,142280,6.3,2689.1
20240201,603908,sell,38512,19.01,2196.35
20240201,002738,buy,1086,29.77,96.98
20240201,600251,buy,4338,6.97,90.74
20240201,600971,sell,4394,9.17,120.87
20240201,600325,sell,7597,6.04,137.76
20240201,000915,sell,743,23.03,51.34
20240201,688589,buy,10280,18.91,583.31
20240201,688639,buy,427,70.33,90.1
20240201,300109,buy,6682,9.43,189.04
20240201,000408,sell,2182,22.82,149.39
20240201,603299,sell,751,7.12,16.04
20240201,002034,buy,986,12.78,37.79
20240201,603688,buy,1448,43.85,190.47
20240201,000923,buy,986,14.01,41.43
20240201,002833,sell,15,14.04,0.63
20240201,002543,sell,4229,7.7,97.66
20240201,600566,sell,178,26.83,14.33
20240201,600888,sell,3119,6.36,59.52
20240201,600015,sell,29657,5.32,473.39
20240201,603556,sell,3250,27.29,266.09
20240201,600720,buy,1371,8.28,34.04
20240201,601518,sell,1495,2.23,10.0
20240201,601619,buy,3516,2.91,30.68
20240201,600016,sell,41786,3.42,428.81
20240201,601117,sell,12994,5.83,227.36
20240201,600694,sell,2646,10.21,81.06
20240201,603338,sell,2145,49.71,319.9
20240201,603871,sell,28555,9.21,789.08
20240201,002662,buy,31871,2.72,259.98
20240201,600486,buy,2031,47.79,291.18
20240201,603367,sell,1504,12.7,57.3
20240201,002818,sell,7127,10.18,217.59
20240201,000651,sell,6565,30.46,599.99
20240201,000027,sell,11640,5.83,203.73
20240201,601928,sell,18654,8.63,482.94
20240201,002832,buy,149,26.55,11.87
20240201,601199,sell,1767,4.34,22.99
20240201,603339,buy,13116,8.89,349.8
20240201,601163,sell,4512,12.88,174.4
20240201,002978,buy,2518,25.09,189.54
20240201,002884,sell,4595,14.5,199.84
20240201,300360,sell,12712,13.45,513.04
20240201,600967,buy,5363,6.85,110.23
20240201,603328,buy,21724,5.92,385.93
20240201,601601,sell,5044,22.58,341.74
20240201,600941,sell,1326,92.43,367.7
20240201,002060,buy,18469,3.63,201.03
20240201,600352,sell,2565,7.04,54.2
20240201,601318,sell,3335,36.59,366.04
20240201,300795,buy,2661,15.3,122.16
20240201,603599,buy,2503,11.68,87.73
20240201,601818,sell,62837,2.74,515.63
20240201,600219,sell,30939,2.45,227.06
20240201,000063,buy,1143,21.32,73.11
20240201,600398,sell,18688,6.4,358.81
20240201,605368,sell,12932,9.36,363.13
20240201,301004,sell,6887,35.68,737.23
20240201,300856,sell,3774,19.58,221.66
20240201,300615,buy,12952,11.48,446.18
20240201,688410,buy,54173,16.01,2602.21
20240201,002835,buy,14888,12.33,550.89
20240201,688169,sell,1077,146.56,473.52
20240201,600874,sell,6609,4.9,97.06
20240201,002677,buy,6228,7.67,143.28
20240201,601985,sell,21203,7.89,501.95
20240201,600230,buy,12236,10.18,373.75
20240201,000589,buy,9909,4.84,143.99
20240201,600901,sell,12317,4.15,153.31
20240201,601369,buy,5792,6.1,106.05
20240201,300146,sell,186,13.33,7.44
20240201,000521,sell,53862,6.81,1099.83
20240201,605259,buy,2576,13.42,103.7
20240201,002986,buy,7639,12.06,276.35
20240201,603161,buy,8591,8.95,230.73
20240201,002091,buy,6375,5.98,114.46
20240201,601319,buy,182102,4.76,2602.24
20240201,300118,buy,2439,14.63,107.08
20240201,603639,buy,4446,12.29,163.9
20240201,688569,buy,1949,22.73,132.9
20240201,688556,buy,15836,11.31,537.3
20240201,002381,buy,3603,6.42,69.43
20240201,300514,buy,14369,11.46,494.06
20240201,603187,buy,1514,11.94,54.23
20240201,603833,sell,73,53.62,11.74
20240201,601038,buy,423,12.37,15.7
20240201,600557,buy,57687,15.04,2602.21
20240201,300910,buy,1552,26.67,124.2
20240201,000715,buy,9410,4.77,134.69
20240201,001269,buy,736,42.15,93.06
20240201,002367,buy,10453,5.64,176.91
20240201,300258,buy,22386,8.66,581.6
20240201,603393,buy,2051,25.83,158.94
20240201,301367,buy,17908,48.43,2602.12
20240201,688063,buy,2205,55.21,365.23
20240201,001311,buy,11852,15.08,536.28
20240201,300882,buy,15669,11.84,556.62
20240201,601169,buy,190774,4.55,2602.24
20240201,688303,buy,33834,25.64,2602.18
20240201,603797,buy,14204,4.61,196.5
20240201,601336,sell,1947,27.33,159.66
20240201,002757,buy,5999,11.48,206.59
20240301,600219,sell,354582,2.63,2799.66
20240301,601038,sell,70108,14.53,3055.32
20240301,001311,sell,57511,17.63,3042.31
20240301,301367,sell,17908,52.45,2817.93
20240301,601169,sell,190774,4.68,2679.53
20240301,002738,sell,2168,35.47,230.72
20240301,600251,buy,6247,7.32,137.25
20240301,600325,buy,4826,6.45,93.39
20240301,688589,sell,2873,22.26,191.85
20240301,000915,sell,2556,27.26,209.01
20240301,688639,buy,817,72.76,178.33
20240301,300109,sell,2913,10.74,93.88
20240301,000408,sell,3020,27.35,247.76
20240301,600971,sell,4236,10.59,134.55
20240301,603299,buy,3845,7.61,87.81
20240301,603688,sell,205,48.88,30.06
20240301,002034,buy,5488,13.04,214.69
20240301,002833,sell,4420,16.68,221.13
20240301,002543,buy,971,8.42,24.52
20240301,600888,buy,2483,6.89,51.33
20240301,000923,buy,3172,14.7,139.85
20240301,600566,sell,3506,33.19,349.11
20240301,600015,buy,8009,5.59,134.41
20240301,601117,sell,6299,6.72,126.95
20240301,600720,sell,286,9.15,7.85
20240301,601619,buy,11970,3.08,110.75
20240301,603338,sell,378,56.05,63.56
20240301,600694,buy,7874,10.31,243.51
20240301,002662,sell,17689,3.18,168.51
20240301,603556,sell,3509,33.84,356.24
20240301,601518,buy,40102,2.23,268.21
20240301,603367,buy,4735,13.1,186.1
20240301,000027,buy,4039,6.27,75.92
20240301,600486,sell,141,53.13,22.47
20240301,603871,sell,7953,11.1,264.79
20240301,600016,buy,16491,3.54,175.28
20240301,000651,sell,778,34.55,80.64
20240301,601199,buy,18225,4.38,239.67
20240301,002818,buy,3771,10.75,121.61
20240301,601928,buy,2679,9.27,74.52
20240301,601601,buy,2030,23.66,144.09
20240301,603339,buy,1256,9.68,36.48
20240301,601163,sell,2534,14.77,112.26
20240301,002978,sell,11,27.69,0.91
20240301,300360,sell,3915,15.8,185.56
20240301,002060,buy,12908,3.8,147.04
20240301,600941,buy,857,93.41,240.17
20240301,002884,buy,2716,15.3,124.64
20240301,688410,buy,2132,16.99,108.69
20240301,601318,buy,806,39.03,94.37
20240301,600352,sell,479,7.8,11.21
20240301,600967,sell,2466,7.71,57.02
20240301,603328,sell,2983,6.67,59.67
20240301,000063,sell,7958,29.24,698.06
20240301,002832,buy,1031,28.39,87.81
20240301,601985,buy,6365,8.23,157.11
20240301,300795,sell,4629,18.38,255.25
20240301,603599,sell,4323,13.68,177.48
20240301,300615,buy,1397,12.44,52.12
20240301,601818,buy,20735,2.83,176.17
20240301,600874,buy,9624,5.12,147.87
20240301,301004,buy,1268,37.41,142.3
20240301,300856,sell,2217,22.73,151.2
20240301,605368,buy,2600,10.04,78.33
20240301,688169,sell,4,161.77,1.94
20240301,600901,buy,15830,4.25,202.05
20240301,002986,buy,401,13.23,15.91
20240301,600230,buy,5705,10.53,180.16
20240301,002677,buy,1051,8.38,26.42
20240301,002835,sell,551,13.71,22.67
20240301,002091,buy,7869,6.26,147.82
20240301,600398,sell,543,7.09,11.55
20240301,601319,buy,11500,4.94,170.51
20240301,605259,buy,3180,14.11,134.59
20240301,000589,sell,1670,5.39,27.02
20240301,300118,buy,470,16.02,22.58
20240301,300146,sell,180,14.75,7.96
20240301,000521,sell,10134,8.16,247.98
20240301,002381,buy,6855,6.74,138.68
20240301,601369,sell,11605,7.33,255.23
20240301,603639,buy,1083,13.35,43.37
20240301,603161,buy,4935,9.4,139.12
20240301,688556,sell,3174,13.01,123.92
20240301,688569,buy,1777,23.96,127.72
20240301,001269,sell,452,47.54,64.46
20240301,300910,sell,1790,31.14,167.21
20240301,688063,buy,339,59.62,60.63
20240301,603187,buy,399,13.1,15.68
20240301,300514,sell,5000,13.54,203.06
20240301,000858,buy,7452,128.38,2870.09
20240301,000878,buy,89928,10.64,2870.44
20240301,002367,sell,5234,6.44,101.16
20240301,000715,buy,18423,4.78,264.11
20240301,603833,sell,608,61.46,112.1
20240301,688303,sell,482,28.69,41.48
20240301,601336,sell,436,30.57,39.99
20240301,603797,buy,31046,4.37,406.64
20240301,301195,buy,25663,37.28,2870.38
20240301,000893,buy,42262,22.64,2870.44
20240301,300882,sell,4385,13.89,182.77
20240301,603393,buy,1200,27.51,99.04
20240301,600557,sell,3174,17.55,167.13
20240301,300258,sell,4955,10.05,149.4
20240301,301039,buy,101400,8.99,2734.16
20240301,002757,sell,1361,13.5,55.11
20240401,300258,sell,95205,10.23,2923.22
20240401,601369,sell,130515,8.08,3163.1
20240401,300615,sell,76936,12.56,2899.95
20240401,000715,sell,200225,5.82,3494.27
20240401,300910,sell,30728,28.09,2589.14
20240401,601117,sell,142423,6.4,2733.6
20240401,601318,sell,24516,37.45,2754.23
20240401,601818,sell,337855,2.73,2763.49
20240401,002835,sell,69775,14.41,3016.88
20240401,688569,sell,39938,23.42,2805.45
20240401,300882,sell,68868,15.63,3229.84
20240401,603328,sell,143498,6.86,2952.85
20240401,002757,sell,70892,14.03,2983.7
20240401,601336,sell,31298,28.16,2643.62
20240401,600557,sell,54513,21.13,3454.81
20240401,000878,sell,89928,12.53,3380.29
20240401,301195,sell,25663,39.44,3036.26
20240401,301039,sell,101400,9.36,2845.93
20240401,002738,buy,130,36.74,14.33
20240401,000915,sell,2437,30.49,222.9
20240401,600325,buy,3029,6.58,59.79
20240401,600251,sell,4670,7.91,110.76
20240401,300109,sell,7802,12.26,286.84
20240401,688639,buy,354,73.74,78.32
20240401,600720,buy,622,9.47,17.68
20240401,603299,sell,7364,8.42,185.94
20240401,600971,buy,8118,10.11,246.27
20240401,002033,buy,110093,9.05,2987.73
20240401,600015,buy,1018,5.79,17.68
20240401,600888,sell,8312,7.63,190.23
20240401,600016,buy,13832,3.51,145.57
20240401,002034,buy,3664,12.93,142.09
20240401,600566,buy,566,33.88,57.53
20240401,600874,sell,925,5.36,14.87
20240401,002543,sell,2893,8.99,78.04
20240401,603688,sell,2053,56.83,350.03
20240401,601619,buy,6028,3.15,56.95
20240401,000923,sell,1916,15.76,90.59
20240401,601601,buy,4402,22.21,293.3
20240401,002662,buy,1433,3.29,14.14
20240401,000651,buy,1051,34.64,109.23
20240401,002833,sell,1250,17.74,66.54
20240401,600486,buy,904,52.66,142.81
20240401,688589,buy,3944,21.22,251.08
20240401,000027,sell,8130,6.89,168.0
20240401,601928,sell,5417,10.19,165.53
20240401,601199,sell,2768,4.62,38.38
20240401,600694,sell,3741,11.18,125.48
20240401,601319,buy,6009,4.99,89.94
20240401,603556,buy,452,34.67,47.01
20240401,600352,buy,4270,7.85,100.5
20240401,603871,sell,1699,11.78,60.06
20240401,688169,buy,4,168.25,2.02
20240401,600941,buy,148,95.85,42.56
20240401,300795,sell,1266,19.61,74.47
20240401,002818,sell,2136,11.46,73.46
20240401,601163,buy,889,15.16,40.44
20240401,603367,sell,571,13.74,23.54
20240401,002060,buy,10296,3.8,117.29
20240401,002978,sell,2552,31.11,238.22
20240401,601985,buy,253,8.55,6.49
20240401,000408,sell,1168,29.45,103.18
20240401,600901,buy,9188,4.25,117.27
20240401,600548,buy,109961,9.06,2987.73
20240401,603338,buy,306,57.31,52.61
20240401,300360,buy,5101,15.17,232.1
20240401,688410,buy,28,17.68,1.49
20240401,000063,buy,4215,26.96,340.92
20240401,300856,sell,6510,27.99,546.68
20240401,603599,buy,5512,13.2,218.32
20240401,600967,buy,7014,7.59,159.78
20240401,002367,buy,6926,6.41,133.12
20240401,301589,buy,4023,247.51,2987.25
20240401,002832,buy,3359,26.87,270.79
20240401,301004,sell,4003,46.16,554.34
20240401,000521,sell,505,8.53,12.92
20240401,603339,sell,7641,10.92,250.36
20240401,600211,buy,31532,31.58,2987.71
20240401,600219,buy,342208,2.91,2987.74
20240401,002677,buy,3045,8.5,77.62
20240401,600230,buy,137,10.94,4.5
20240401,002381,sell,9026,7.5,202.97
20240401,601169,buy,193718,5.14,2987.74
20240401,601518,buy,13828,2.25,93.26
20240401,688556,buy,1007,13.36,40.37
20240401,002986,buy,1553,13.48,62.8
20240401,603758,buy,98446,10.12,2987.72
20240401,603161,sell,5823,10.37,181.22
20240401,600398,buy,751,7.34,16.53
20240401,601717,buy,73057,13.63,2987.72
20240401,300118,buy,6785,14.97,304.72
20240401,300146,buy,1116,15.09,50.52
20240401,600531,buy,154852,6.43,2987.73
20240401,603639,buy,1215,13.66,49.8
20240401,600528,buy,131294,7.59,2987.75
20240401,002884,sell,3098,16.75,155.69
20240401,600970,buy,92311,10.79,2987.75
20240401,688063,sell,414,63.7,79.11
20240401,603833,buy,867,60.59,157.6
20240401,688618,buy,29857,33.36,2987.7
20240401,603187,sell,2971,14.21,126.67
20240401,300130,buy,48069,20.72,2987.73
20240401,688303,buy,3567,26.98,288.67
20240401,000858,sell,419,141.61,178.0
20240401,605368,sell,7850,11.39,268.28
20240401,603393,sell,2219,30.59,203.62
20240401,688276,buy,22088,45.09,2987.72
20240401,001269,buy,779,47.63,111.31
20240401,603797,sell,2718,4.6,37.52
20240401,002091,buy,1831,6.44,35.38
20240401,300514,sell,3046,14.72,134.56
20240401,001311,buy,59157,16.84,2987.73
20240401,000893,buy,10853,18.75,610.48
20240401,605259,sell,4696,15.78,222.26
20240401,000589,buy,5041,5.46,82.55
20240401,002651,buy,165966,6.0,2987.74
20240401,600757,buy,133182,7.48,2987.75
20240401,300897,buy,91844,10.14,2794.36
20240506,002884,sell,59454,19.02,3392.93
20240506,000408,sell,33821,27.51,2791.6
20240506,002738,sell,27103,33.96,2760.98
20240506,301004,sell,21575,55.52,3593.64
20240506,002662,sell,302751,3.36,3054.39
20240506,601619,sell,316264,3.27,3101.99
20240506,002832,sell,37061,27.59,3067.52
20240506,600352,sell,126940,8.56,3258.41
20240506,002978,sell,32008,31.65,3038.7
20240506,603338,sell,17377,65.95,3437.86
20240506,601601,sell,44841,25.19,3388.22
20240506,600325,sell,151358,5.84,2652.51
20240506,603871,sell,84518,12.28,3112.46
20240506,601928,sell,97776,9.32,2733.04
20240506,603556,sell,28727,44.09,3799.58
20240506,688589,sell,46931,20.69,2913.23
20240506,000027,sell,144585,7.12,3087.48
20240506,300360,sell,65664,13.87,2733.16
20240506,603339,sell,91188,10.02,2739.86
20240506,002060,sell,262281,3.8,2987.75
20240506,603393,sell,32560,33.31,3253.98
20240506,601199,sell,215505,5.06,3270.54
20240506,600720,sell,105137,10.28,3241.14
20240506,000651,sell,28747,37.48,3232.7
20240506,601163,sell,65681,16.2,3192.36
20240506,600941,sell,10390,92.38,2879.41
20240506,688169,sell,5919,228.68,4060.68
20240506,600398,sell,135743,7.61,3099.14
20240506,300795,sell,50791,17.03,2594.69
20240506,605368,sell,87423,11.17,2928.25
20240506,300856,sell,35580,29.01,3096.84
20240506,603599,sell,75431,14.38,3254.02
20240506,000589,sell,182452,6.1,3339.53
20240506,600901,sell,234079,4.51,3166.76
20240506,600874,sell,185899,5.79,3229.72
20240506,002091,sell,154634,7.05,3269.52
20240506,000521,sell,116802,10.0,3502.99
20240506,002986,sell,73886,14.67,3251.18
20240506,605259,sell,63126,14.83,2808.62
20240506,603833,sell,16436,57.97,2858.59
20240506,600230,sell,91034,11.29,3084.55
20240506,002381,sell,132866,7.78,3100.47
20240506,002677,sell,117212,8.86,3116.14
20240506,688556,sell,74530,12.02,2688.28
20240506,603187,sell,70078,13.18,2770.83
20240506,300146,sell,66000,14.86,2942.25
20240506,300118,sell,66525,12.84,2562.31
20240506,603639,sell,72888,14.38,3145.2
20240506,001269,sell,20908,37.57,2356.24
20240506,300514,sell,67636,14.01,2842.81
20240506,002367,sell,155451,6.83,3186.92
20240506,603797,sell,216433,4.11,2669.23
20240506,688063,sell,15635,56.43,2646.97
20240506,688410,sell,56333,16.16,2730.47
20240506,601319,sell,199611,5.0,2993.38
20240506,688303,sell,36919,24.36,2697.69
20240506,000858,sell,7033,139.56,2944.65
20240506,000893,sell,53115,18.69,2978.16
20240506,600548,sell,109961,9.57,3156.1
20240506,301589,sell,4023,230.1,2777.11
20240506,601169,sell,193718,5.01,2914.48
20240506,600528,sell,131294,7.87,3099.11
20240506,600970,sell,92311,11.62,3217.57
20240506,688618,sell,29857,29.81,2670.55
20240506,300130,sell,48069,20.81,3001.33
20240506,688276,sell,22088,40.54,2686.59
20240506,001311,sell,59157,16.99,3015.45
20240506,002651,sell,165966,5.93,2953.34
20240506,600757,sell,133182,7.06,2819.94
20240506,600211,sell,3677,36.71,404.92
20240506,600598,buy,84700,12.07,3067.38
20240506,600066,buy,45910,22.27,3067.37
20240506,002818,sell,1519,11.98,54.59
20240506,603688,buy,5775,43.88,760.29
20240506,000923,sell,4283,17.36,223.02
20240506,600566,sell,2171,37.56,244.63
20240506,600694,sell,14860,13.78,614.19
20240506,300109,sell,7732,13.91,322.54
20240506,000543,buy,129486,7.9,3067.4
20240506,000612,buy,140732,7.27,3067.4
20240506,688543,buy,35361,28.91,3067.35
20240506,603299,sell,5312,9.05,144.18
20240506,002987,buy,145431,7.03,3067.4
20240506,300897,buy,9007,10.14,273.95
20240506,600967,buy,1830,7.69,42.21
20240506,002034,sell,3500,13.9,145.99
20240506,001207,buy,89943,11.37,3067.38
20240506,605378,buy,93763,10.9,3067.4
20240506,000690,buy,204384,5.0,3067.4
20240506,002104,buy,167230,6.11,3067.4
20240506,000915,buy,60,31.24,5.62
20240506,600016,buy,15004,3.42,153.97
20240506,601717,sell,7357,15.56,343.49
20240506,300193,buy,131602,7.77,3067.39
20240506,301387,buy,34025,30.05,3067.33
20240506,000544,buy,127216,8.04,3067.39
20240506,600219,sell,16054,3.13,150.98
20240506,002833,sell,3432,19.4,199.79
20240506,603367,sell,6359,15.47,295.08
20240506,600888,buy,2653,7.68,61.1
20240506,603331,buy,96240,10.62,3067.38
20240506,605305,buy,34509,29.63,3067.39
20240506,002237,buy,84132,12.15,3067.38
20240506,600531,buy,2734,6.49,53.22
20240506,605088,buy,41216,24.81,3067.34
20240506,301222,buy,60118,17.01,3067.36
20240506,600886,buy,66681,15.33,3067.39
20240506,600483,buy,108255,9.44,3067.4
20240506,603881,buy,85416,11.97,3067.4
20240506,600015,buy,1674,5.89,29.56
20240506,001380,buy,75126,13.61,3067.41
20240506,603050,buy,68101,15.01,3067.39
20240506,300724,buy,15566,65.68,3067.3
20240506,600361,buy,243845,4.19,3067.4
20240506,603758,buy,13240,9.15,363.63
20240506,601518,sell,26233,2.45,193.07
20240506,603889,buy,194830,5.25,3067.4
20240506,000601,buy,264512,3.87,3067.41
20240506,002296,buy,101443,10.08,3067.38
20240506,601500,buy,152899,6.69,3067.39
20240506,600486,sell,2990,64.21,576.0
20240506,600583,buy,168258,6.08,3067.39
20240506,300590,buy,89766,11.39,3067.38
20240506,002533,buy,113930,8.97,3067.4
20240506,002393,buy,70880,14.43,3067.37
20240506,301399,buy,70243,14.56,3067.39
20240506,300548,buy,43424,23.55,3067.38
20240506,300628,buy,32995,30.99,3067.32
20240506,000695,buy,116321,8.79,3067.38
20240506,300620,buy,22522,45.4,3067.32
20240506,600674,buy,64276,15.91,3067.38
20240506,601089,buy,67618,15.12,3067.39
20240506,002033,buy,6260,8.79,165.03
20240506,603579,buy,58472,17.49,3067.37
20240506,601677,buy,83383,12.26,3067.4
20240506,000951,buy,67161,15.22,3067.4
20240506,300861,buy,60763,16.83,3067.4
20240506,002478,buy,182481,5.6,3067.41
20240506,603809,buy,169192,6.04,3067.39
20240506,688603,buy,45599,22.42,3067.39
20240506,600971,sell,5929,11.05,196.49
20240506,002543,sell,15869,10.78,512.97
20240506,688352,buy,92458,11.06,3067.39
20240506,301307,buy,40455,25.27,3067.36
20240506,300908,buy,35351,28.92,3067.36
20240506,000975,buy,57971,17.64,3067.36
20240506,603023,buy,371806,2.75,3067.4
20240506,600251,sell,1020,8.18,25.04
20240506,601985,sell,1304,8.87,34.71
20240506,688187,buy,21680,47.16,3067.39
20240506,600522,buy,76189,13.42,3067.38
20240506,300719,buy,54677,18.7,3067.4
20240506,301225,buy,37611,27.18,3067.36
20240506,605158,buy,146752,6.97,3067.41
20240506,603161,sell,6034,11.36,205.73
20240506,688639,sell,1463,84.92,372.72
20240506,601890,buy,126300,8.1,3067.4
20240506,000719,buy,105854,9.66,3067.39
20240506,300880,buy,62123,16.46,3067.4
20240506,600023,buy,176793,5.78,3067.4
20240506,002255,buy,182049,5.62,3067.39
20240506,600642,buy,129933,7.87,3067.39
20240506,000063,buy,219,27.52,18.08
20240506,603535,buy,133450,7.66,3067.41
20240506,605183,buy,59681,17.13,3067.37
20240603,600251,sell,124958,7.7,2887.39
20240603,601985,sell,115237,9.65,3336.9
20240603,000063,sell,37158,26.07,2906.17
20240603,301387,sell,34025,44.51,4543.73
20240603,001380,sell,75126,13.53,3049.51
20240603,600583,sell,168258,5.76,2906.2
20240603,600674,sell,64276,17.26,3328.98
20240603,688352,sell,92458,11.23,3113.58
20240603,301307,sell,40455,21.28,2582.09
20240603,000975,sell,57971,17.78,3091.43
20240603,688187,sell,21680,45.13,2934.94
20240603,600522,sell,76189,14.27,3261.43
20240603,601890,sell,126300,7.46,2828.05
20240603,000719,sell,105854,9.62,3055.77
20240603,300880,sell,62123,19.15,3569.73
20240603,600023,sell,176793,6.13,3250.67
20240603,600642,sell,129933,7.87,3067.39
20240603,600211,buy,2271,33.01,224.88
20240603,600598,sell,1917,12.01,69.08
20240603,600066,buy,539,21.41,34.62
20240603,600694,buy,2837,12.91,109.84
20240603,603688,buy,2795,38.11,319.52
20240603,002818,buy,1048,11.51,36.18
20240603,000612,sell,1163,7.12,24.86
20240603,000923,sell,2461,17.62,130.06
20240603,300897,buy,1886,9.68,54.76
20240603,300109,buy,2272,13.12,89.41
20240603,000543,sell,967,7.74,22.45
20240603,002034,sell,941,13.7,38.67
20240603,605378,sell,9457,11.79,334.64
20240603,002987,buy,10292,6.39,197.16
20240603,001207,buy,509,10.99,16.79
20240603,603299,sell,3985,9.12,109.04
20240603,600566,buy,1736,34.34,178.83
20240603,301222,sell,858,16.78,43.19
20240603,603023,buy,186838,1.78,997.71
20240603,688543,sell,1856,29.68,165.25
20240603,603331,buy,7387,9.6,212.65
20240603,603050,sell,10180,17.17,524.32
20240603,300193,buy,1705,7.46,38.15
20240603,301399,sell,3238,14.84,144.16
20240603,600967,buy,648,7.44,14.47
20240603,603367,buy,3193,14.35,137.46
20240603,000690,buy,7585,4.69,106.75
20240603,002104,buy,14727,5.46,241.45
20240603,600531,sell,8043,6.65,160.45
20240603,605088,buy,3936,22.02,260.05
20240603,603758,buy,9515,8.2,234.2
20240603,600016,sell,3689,3.37,37.28
20240603,601518,buy,7931,2.34,55.71
20240603,601717,buy,3257,14.42,140.9
20240603,000695,buy,8445,7.97,201.92
20240603,301518,buy,51223,19.41,2983.13
20240603,600361,buy,15349,3.84,176.66
20240603,002591,buy,241356,4.12,2983.16
20240603,002833,buy,1148,18.47,63.61
20240603,000544,sell,4506,8.1,109.54
20240603,000915,buy,813,29.65,72.31
20240603,600888,buy,5662,7.16,121.64
20240603,603881,buy,5157,10.98,169.85
20240603,603161,buy,1603,10.86,52.22
20240603,603579,sell,26,17.01,1.33
20240603,002296,sell,2032,10.0,60.98
20240603,300590,buy,4196,10.58,133.22
20240603,603889,sell,9418,5.36,151.53
20240603,002237,sell,700,11.92,25.03
20240603,600015,sell,8244,6.01,148.61
20240603,600219,sell,27273,3.33,272.22
20240603,301225,sell,793,27.01,64.25
20240603,300724,buy,101,63.47,19.23
20240603,300548,buy,2537,21.64,164.67
20240603,600886,sell,7405,16.78,372.67
20240603,601500,buy,19522,5.77,337.76
20240603,000601,sell,5344,3.84,61.51
20240603,688616,buy,100486,9.9,2983.13
20240603,603955,buy,96774,10.28,2983.14
20240603,301446,buy,52255,19.03,2983.14
20240603,688639,buy,3903,62.37,730.24
20240603,605305,buy,121,28.71,10.42
20240603,301577,buy,19274,51.59,2983.14
20240603,601089,buy,4056,13.87,168.81
20240603,603809,sell,15332,6.46,297.27
20240603,300620,buy,2718,39.4,321.24
20240603,600486,buy,1495,57.09,256.04
20240603,300861,buy,3667,15.43,169.78
20240603,002393,buy,3507,13.37,140.64
20240603,300719,sell,4037,19.64,237.82
20240603,600483,sell,8043,9.92,239.43
20240603,002533,sell,3088,8.97,83.11
20240603,688603,sell,2919,23.3,204.03
20240603,002033,buy,2246,8.38,56.49
20240603,001269,buy,30739,32.35,2983.12
20240603,301468,buy,53076,18.74,2983.15
20240603,601199,buy,193656,5.13,2983.15
20240603,301202,buy,32472,30.62,2983.1
20240603,301550,buy,55599,17.88,2983.13
20240603,605158,buy,11293,6.29,213.16
20240603,002035,buy,138257,7.19,2983.16
20240603,600971,sell,6467,11.55,224.09
20240603,601677,buy,219,11.89,7.81
20240603,002805,buy,84556,11.76,2983.14
20240603,605117,buy,31182,31.89,2983.15
20240603,603535,sell,7366,7.89,174.28
20240603,000951,buy,3011,14.17,128.0
20240603,002478,buy,8837,5.2,137.79
20240603,002255,sell,11612,5.83,203.25
20240603,605183,buy,280,16.58,13.93
20240603,300628,sell,2275,32.37,220.93
20240603,300908,sell,1130,29.06,98.51
20240603,002543,buy,1355,10.33,42.0
20240701,002543,sell,96247,9.8,2829.12
20240701,002033,sell,118599,8.29,2950.31
20240701,600483,sell,100212,11.32,3402.9
20240701,301399,sell,67005,13.39,2691.55
20240701,002478,sell,191318,4.91,2818.03
20240701,300908,sell,34221,26.43,2712.91
20240701,603023,sell,558644,1.72,2882.6
20240701,300719,sell,50640,16.92,2570.69
20240701,605158,sell,158045,6.38,3025.1
20240701,603535,sell,126084,7.39,2794.29
20240701,601199,sell,193656,4.94,2870.0
20240701,301202,sell,32472,26.28,2559.78
20240701,002035,sell,138257,6.11,2535.62
20240701,002805,sell,84556,10.35,2625.46
20240701,600211,buy,1390,30.3,126.34
20240701,600598,sell,3415,12.03,123.25
20240701,600066,sell,4769,22.91,327.77
20240701,000923,sell,182,16.97,9.27
20240701,000612,buy,8879,6.43,171.33
20240701,600694,sell,3188,12.93,123.64
20240701,603688,buy,5920,29.83,529.69
20240701,002818,buy,1704,10.84,55.4
20240701,002987,buy,1663,6.07,30.27
20240701,300897,buy,2888,9.04,78.32
20240701,002034,buy,2733,12.67,103.92
20240701,001207,buy,5427,9.96,162.14
20240701,300109,buy,6978,11.53,241.46
20240701,000543,sell,20235,8.82,535.3
20240701,600566,buy,1611,31.23,150.95
20240701,603299,sell,8460,9.49,240.97
20240701,600967,buy,4584,6.91,95.0
20240701,605378,buy,4705,10.73,151.41
20240701,688543,buy,692,27.92,57.96
20240701,000690,sell,11184,4.76,159.56
20240701,301222,sell,3538,17.14,181.88
20240701,600016,sell,8019,3.32,79.98
20240701,002104,buy,4325,5.13,66.51
20240701,601717,sell,1481,14.15,62.87
20240701,301577,sell,7500,81.1,1824.78
20240701,601518,sell,13612,2.32,94.85
20240701,300724,buy,1873,54.44,305.88
20240701,603367,sell,45,13.79,1.86
20240701,600531,buy,1599,6.32,30.31
20240701,300590,sell,7743,11.07,257.26
20240701,603889,sell,8755,5.41,141.97
20240701,300193,buy,1676,7.07,35.57
20240701,002591,buy,17410,3.69,192.73
20240701,000695,sell,6003,8.04,144.79
20240701,300628,sell,754,31.86,72.08
20240701,002833,buy,2839,16.85,143.48
20240701,600486,sell,364,55.99,61.14
20240701,000544,sell,3544,8.01,85.19
20240701,605305,buy,2669,25.6,204.98
20240701,688603,sell,1439,23.15,99.95
20240701,600886,sell,4951,17.58,261.07
20240701,603331,buy,4367,8.84,115.83
20240701,301518,buy,3649,17.4,190.49
20240701,605088,buy,2645,19.98,158.52
20240701,600888,sell,1273,6.94,26.5
20240701,301225,sell,3538,28.69,304.53
20240701,688548,buy,106095,9.0,2864.54
20240701,688636,buy,66540,14.35,2864.52
20240701,300548,buy,2726,19.61,160.39
20240701,300861,buy,6966,13.37,279.49
20240701,603579,buy,4910,15.07,221.99
20240701,601089,sell,1692,13.64,69.26
20240701,600015,sell,7370,6.04,133.52
20240701,600361,sell,13743,3.89,160.39
20240701,002237,sell,885,11.57,30.71
20240701,603881,sell,325,10.58,10.32
20240701,000601,sell,1989,3.71,22.15
20240701,002296,sell,1847,9.79,54.23
20240701,300620,buy,577,36.98,64.02
20240701,688616,buy,8636,8.75,226.7
20240701,688639,buy,2541,51.65,393.75
20240701,002533,sell,6557,9.16,180.11
20240701,601500,sell,1607,5.59,26.95
20240701,600971,sell,1425,11.28,48.21
20240701,603161,buy,836,10.33,25.92
20240701,688347,buy,27296,34.98,2864.44
20240701,002255,buy,23908,4.91,352.39
20240701,603955,buy,12883,8.71,336.54
20240701,600219,sell,17062,3.39,173.43
20240701,001269,buy,3108,28.21,263.03
20240701,603758,buy,6834,7.46,152.9
20240701,000915,buy,1153,27.52,95.2
20240701,603050,buy,6438,14.84,286.54
20240701,603809,sell,3469,6.35,66.08
20240701,605183,buy,1497,15.54,69.77
20240701,002091,buy,149427,6.39,2864.54
20240701,000951,sell,1694,13.94,70.86
20240701,600522,buy,62128,15.37,2864.52
20240701,301550,buy,5938,15.52,276.41
20240701,601601,buy,35731,26.72,2864.47
20240701,601890,buy,136771,6.98,2864.53
20240701,688549,buy,140832,6.78,2864.52
20240701,002393,buy,1863,12.52,69.99
20240701,603556,buy,21620,44.16,2864.43
20240701,301446,sell,3539,19.6,208.1
20240701,605117,sell,4560,35.87,490.66
20240701,300880,buy,50995,18.72,2864.49
20240701,601985,buy,90778,10.52,2864.51
20240701,601677,sell,1941,11.69,68.09
20240701,301468,buy,1416,17.52,74.44
20240701,301278,buy,29255,32.64,2864.48
20240701,688138,buy,44509,21.45,2864.52
20240701,000792,buy,55289,17.27,2864.52
20240701,600941,buy,9487,100.64,2864.28
20240801,688543,sell,34197,28.78,2952.9
20240801,603050,sell,64359,17.53,3385.32
20240801,002296,sell,97564,8.83,2585.85
20240801,603579,sell,63356,13.12,2494.53
20240801,601677,sell,81661,11.86,2905.34
20240801,688603,sell,41241,23.43,2898.47
20240801,301225,sell,33280,26.46,2642.15
20240801,605183,sell,61458,14.61,2694.11
20240801,301518,sell,54872,17.1,2815.54
20240801,301446,sell,48716,19.12,2794.06
20240801,301468,sell,54492,15.34,2507.83
20240801,002091,sell,149427,6.13,2747.62
20240801,601601,sell,35731,28.69,3075.89
20240801,601890,sell,136771,7.25,2973.62
20240801,603556,sell,21620,40.57,2631.62
20240801,688138,sell,44509,18.87,2519.19
20240801,000792,sell,55289,15.13,2509.57
20240801,600598,sell,3195,12.09,115.85
20240801,600211,sell,1489,30.66,136.96
20240801,603688,buy,1249,27.68,103.71
20240801,600066,buy,5186,19.64,305.62
20240801,000923,buy,11875,13.51,481.34
20240801,301577,buy,3880,58.81,684.55
20240801,002818,buy,5339,9.85,157.81
20240801,002987,buy,2294,5.77,39.68
20240801,000543,buy,1729,8.37,43.41
20240801,300897,sell,1541,8.85,40.89
20240801,603023,buy,464973,1.98,2761.94
20240801,605378,sell,3075,10.71,98.83
20240801,002034,sell,2477,12.64,93.9
20240801,002104,sell,10873,5.25,171.2
20240801,600566,buy,718,29.42,63.38
20240801,600016,sell,6022,3.27,59.15
20240801,600967,sell,14324,7.43,319.32
20240801,001207,buy,245,9.58,7.04
20240801,002591,sell,32005,4.06,389.82
20240801,603299,buy,2515,8.93,67.38
20240801,300109,sell,2896,11.52,100.12
20240801,600694,buy,3754,11.86,133.58
20240801,301222,buy,1477,16.1,71.32
20240801,000612,buy,19705,5.48,323.66
20240801,300548,buy,696,18.64,38.93
20240801,601518,sell,40832,2.49,304.59
20240801,300861,sell,1364,13.15,53.79
20240801,603331,sell,4563,8.9,121.85
20240801,603881,sell,6645,11.01,219.53
20240801,600015,sell,2281,5.91,40.43
20240801,000690,buy,13995,4.29,179.97
20240801,600531,buy,9556,5.73,164.24
20240801,000695,sell,21648,9.48,615.67
20240801,688636,sell,7135,15.5,331.73
20240801,300620,buy,959,34.38,98.92
20240801,605088,buy,3375,17.99,182.16
20240801,300724,buy,902,49.92,135.08
20240801,600886,buy,2370,16.24,115.45
20240801,600361,sell,21782,4.12,268.97
20240801,603758,buy,1477,7.11,31.5
20240801,600941,sell,126,98.35,37.18
20240801,600522,buy,601,14.68,26.46
20240801,300193,sell,3946,7.03,83.17
20240801,300590,sell,7453,11.69,261.34
20240801,603367,buy,3171,12.71,120.93
20240801,601089,sell,4099,13.97,171.84
20240801,603889,buy,30037,4.45,401.37
20240801,600483,buy,89481,10.29,2761.92
20240801,603955,sell,13718,9.6,394.92
20240801,601717,buy,13445,11.38,458.89
20240801,600888,buy,3889,6.51,75.92
20240801,688548,sell,675,8.73,17.68
20240801,000601,sell,1319,3.6,14.24
20240801,688347,sell,2332,36.88,258.01
20240801,600674,buy,49398,18.64,2761.89
20240801,301550,sell,304,15.04,13.71
20240801,000951,sell,5885,14.71,259.68
20240801,688639,buy,3375,42.11,426.4
20240801,000915,buy,2339,24.86,174.45
20240801,601500,buy,28460,4.62,394.46
20240801,001269,sell,123,27.3,10.07
20240801,002833,buy,4826,14.97,216.71
20240801,605305,buy,1385,23.8,98.88
20240801,600971,buy,13404,9.39,377.5
20240801,002533,buy,1612,8.69,42.04
20240801,001389,buy,22582,40.77,2761.85
20240801,601985,sell,6030,10.86,196.52
20240801,000063,buy,34563,26.64,2761.88
20240801,600219,buy,8618,3.17,81.95
20240801,300880,buy,5948,16.17,288.5
20240801,688616,buy,278,8.42,7.02
20240801,688549,sell,1761,6.62,34.97
20240801,603817,buy,197152,4.67,2761.93
20240801,002478,buy,191245,4.81,2761.93
20240801,000544,buy,8893,7.19,191.8
20240801,603161,buy,4326,9.52,123.52
20240801,002393,sell,4260,12.79,163.44
20240801,002237,sell,1149,11.31,38.99
20240801,000791,buy,164484,5.6,2761.94
20240801,605259,buy,75692,12.16,2761.9
20240801,605117,sell,7134,47.24,1011.08
20240801,002033,buy,115529,7.97,2761.92
20240801,002273,buy,51658,17.82,2761.89
20240801,301278,sell,737,32.28,71.38
20240801,600486,buy,232,53.26,37.07
20240801,002255,sell,2710,4.8,39.06
20240801,000719,buy,95071,9.68,2761.91
20240801,601319,buy,171877,5.36,2761.93
20240801,300628,buy,689,30.03,62.08
20240801,603809,buy,579,6.1,10.59
20240801,688036,buy,12590,73.12,2761.74
20240801,300443,buy,55824,16.49,2761.9
20240801,000802,buy,185240,4.97,2761.93
20240902,600486,sell,17286,50.89,2639.17
20240902,603367,sell,72422,12.01,2609.53
20240902,603161,sell,96733,8.47,2458.24
20240902,603758,sell,129512,6.4,2486.87
20240902,600531,sell,160698,5.51,2654.08
20240902,300897,sell,104084,9.45,2950.55
20240902,000543,sell,110013,8.24,2720.91
20240902,002987,sell,159680,6.35,3042.29
20240902,001207,sell,96124,8.97,2587.21
20240902,605378,sell,85936,10.37,2673.56
20240902,000690,sell,214780,3.71,2388.54
20240902,002104,sell,175409,5.16,2714.87
20240902,603331,sell,103431,8.27,2564.9
20240902,605305,sell,38684,22.5,2611.67
20240902,002237,sell,81398,9.13,2228.86
20240902,605088,sell,51172,17.81,2734.72
20240902,603881,sell,83603,10.51,2634.89
20240902,600361,sell,223669,3.82,2564.19
20240902,000601,sell,255860,3.42,2622.75
20240902,002393,sell,71990,11.76,2540.51
20240902,300548,sell,49383,17.01,2520.64
20240902,000695,sell,97115,10.36,3018.33
20240902,300620,sell,26776,32.37,2600.1
20240902,000951,sell,62593,13.18,2474.79
20240902,603809,sell,150970,5.38,2438.22
20240902,002255,sell,191635,4.23,2431.65
20240902,002591,sell,226761,4.1,2789.16
20240902,688616,sell,109400,7.63,2505.31
20240902,603955,sell,95939,7.66,2204.4
20240902,301577,sell,15654,47.86,2247.76
20240902,001269,sell,33724,23.63,2390.69
20240902,301550,sell,61233,12.3,2258.8
20240902,605117,sell,19488,42.21,2467.97
20240902,688548,sell,105420,7.13,2255.8
20240902,688636,sell,59405,12.4,2210.03
20240902,688347,sell,24964,29.9,2239.27
20240902,600522,sell,62729,12.23,2301.28
20240902,688549,sell,139071,5.41,2257.12
20240902,601985,sell,84748,10.77,2737.06
20240902,603023,sell,464973,1.99,2775.89
20240902,001389,sell,22582,35.56,2408.99
20240902,002478,sell,191245,4.39,2519.85
20240902,000791,sell,164484,5.16,2546.96
20240902,605259,sell,75692,12.15,2759.7
20240902,002033,sell,115529,7.77,2691.51
20240902,002273,sell,51658,16.67,2584.05
20240902,000719,sell,95071,10.06,2868.04
20240902,688036,sell,12590,72.43,2735.77
20240902,300443,sell,55824,15.86,2656.12
20240902,000802,sell,185240,4.8,2667.46
20240902,002818,sell,2255,9.49,64.23
20240902,600566,buy,2314,25.77,178.87
20240902,603688,buy,4454,22.96,306.73
20240902,600694,sell,3551,11.69,124.53
20240902,000923,buy,863,12.55,32.49
20240902,600211,sell,2614,31.58,247.69
20240902,603299,sell,11152,9.42,315.1
20240902,600016,sell,12185,3.22,117.66
20240902,600219,sell,21737,3.22,210.13
20240902,600971,buy,3718,8.51,94.88
20240902,600941,sell,580,98.6,171.57
20240902,600854,buy,229776,3.77,2597.45
20240902,000915,sell,356,23.61,25.21
20240902,002034,sell,6259,13.0,244.12
20240902,600015,sell,9974,5.94,177.62
20240902,600598,sell,4149,12.02,149.63
20240902,601518,sell,467,2.34,3.28
20240902,605158,buy,130863,6.62,2597.44
20240902,600901,buy,203227,4.26,2597.45
20240902,300880,sell,8774,17.97,473.14
20240902,601500,buy,223,4.34,2.9
20240902,603556,buy,18877,45.87,2597.42
20240902,600251,buy,135876,6.37,2597.44
20240902,688556,buy,123685,7.0,2597.44
20240902,601601,buy,29910,28.95,2597.45
20240902,002543,buy,105522,8.21,2597.45
20240902,600886,sell,369,15.37,17.02
20240902,002304,buy,11840,73.12,2597.35
20240902,600483,sell,417,9.72,12.16
20240902,000612,buy,4472,5.02,67.29
20240902,301050,buy,27974,30.95,2597.39
20240902,603889,sell,7300,4.34,95.1
20240902,000544,sell,1842,6.86,37.91
20240902,600967,buy,8838,6.52,172.95
20240902,601319,sell,26116,5.94,465.39
20240902,601717,sell,1000,10.83,32.5
20240902,600888,sell,5615,6.37,107.35
20240902,601966,buy,54026,16.03,2597.44
20240902,688639,buy,7834,29.16,685.27
20240902,000661,buy,11190,77.37,2597.41
20240902,300861,buy,1847,12.05,66.74
20240902,002296,buy,116054,7.46,2597.44
20240902,002035,buy,154460,5.61,2597.45
20240902,600862,buy,47362,18.28,2597.42
20240902,002641,buy,226989,3.81,2597.45
20240902,300109,buy,2340,10.53,73.92
20240902,002061,buy,267391,3.24,2597.46
20240902,300628,sell,359,28.58,30.78
20240902,601865,buy,49210,17.59,2597.42
20240902,301552,buy,38311,22.6,2597.41
20240902,600582,buy,158938,5.45,2597.45
20240902,000786,buy,36202,23.92,2597.41
20240902,301278,sell,3598,34.74,375.03
20240902,002533,buy,7990,7.6,182.23
20240902,002833,buy,3682,13.28,146.71
20240902,300724,buy,1370,43.7,179.61
20240902,603529,buy,30373,28.51,2597.37
20240902,603182,buy,86651,9.99,2597.46
20240902,300130,buy,56439,15.34,2597.43
20240902,601089,sell,5882,14.43,254.64
20240902,002835,buy,63045,13.73,2597.43
20240902,601900,buy,76882,11.26,2597.46
20240902,300360,buy,65472,13.22,2597.44
20240902,600373,buy,69837,12.4,2597.46
20240902,603277,buy,55278,15.66,2597.42
20240902,002159,buy,64191,13.49,2597.46
20240902,300719,buy,60431,14.33,2597.43
20240902,600020,buy,232770,3.72,2597.45
20240902,301222,buy,2269,14.56,99.1
20240902,000521,buy,107554,8.05,2597.44
20240902,300441,buy,148123,5.85,2597.45
20240902,603801,buy,97362,8.89,2597.45
20240902,300856,buy,46735,18.53,2597.43
20240902,603279,buy,55135,15.7,2597.44
20240902,600066,buy,834,18.15,45.41
20240902,601019,buy,74964,11.55,2597.45
20240902,002060,buy,284842,3.04,2597.45
20240902,688080,buy,35932,24.1,2597.45
20240902,000830,buy,82913,10.44,2597.43
20240902,002091,buy,145688,5.94,2597.44
20240902,600528,buy,128766,6.72,2597.44
20240902,600874,buy,178785,4.84,2597.45
20240902,605368,buy,70934,12.21,2597.45
20240902,002236,buy,68827,12.58,2597.45
20240902,600987,buy,144008,6.01,2597.46
20240902,002381,buy,141475,6.12,2597.46
20240902,600674,buy,703,17.28,36.45
20240902,000997,buy,71391,12.13,2597.43
20240902,000902,buy,74032,11.7,2597.44
20240902,301380,buy,39509,21.91,2597.41
20240902,603817,sell,7752,4.57,106.31
20240902,301195,buy,33995,25.47,2597.39
20240902,000063,buy,1918,23.73,136.56
20240902,300349,buy,80940,10.7,2597.43
20240902,600511,buy,31014,27.92,2597.38
20240902,605377,buy,99775,8.68,2597.43
20240902,300193,sell,8472,7.06,179.54
20240902,300590,buy,8125,9.96,242.88
20240902,000550,buy,42513,20.37,2597.44
20240902,001311,buy,60761,11.71,2135.41
20241008,600971,sell,101787,9.98,3047.02
20241008,603688,sell,37717,32.81,3712.21
20241008,000915,sell,36676,32.89,3618.45
20241008,600566,sell,33602,30.4,3064.36
20241008,600016,sell,268991,3.82,3082.63
20241008,300109,sell,82227,14.68,3620.39
20241008,000923,sell,69002,16.17,3347.53
20241008,603299,sell,91931,11.4,3142.79
20241008,688639,sell,29694,46.48,4140.09
20241008,600888,sell,135862,7.78,3169.46
20241008,600694,sell,74067,14.68,3261.74
20241008,601518,sell,369792,2.66,2951.66
20241008,600015,sell,145858,7.28,3187.43
20241008,600967,sell,132732,8.27,3292.98
20241008,002818,sell,91188,11.62,3179.47
20241008,600211,sell,27413,41.65,3424.87
20241008,600219,sell,268700,3.86,3111.32
20241008,601717,sell,79921,13.2,3163.69
20241008,600598,sell,72024,14.3,3090.91
20241008,600066,sell,47700,22.99,3289.59
20241008,000612,sell,172625,6.91,3578.92
20241008,300193,sell,122565,9.9,3640.69
20241008,000544,sell,126217,8.56,3239.51
20241008,600886,sell,56326,15.91,2687.67
20241008,300724,sell,19812,79.71,4737.55
20241008,603889,sell,199394,5.29,3166.31
20241008,601500,sell,199497,5.66,3387.46
20241008,300590,sell,86891,17.53,4570.27
20241008,002533,sell,113887,9.98,3409.55
20241008,300628,sell,30296,43.51,3954.17
20241008,601089,sell,60001,16.98,3056.9
20241008,300861,sell,71879,17.75,3827.49
20241008,300880,sell,48169,25.09,3625.27
20241008,301278,sell,24920,44.0,3289.17
20241008,600941,sell,8781,105.54,2780.27
20241008,600483,sell,89064,10.3,2751.62
20241008,600674,sell,50101,17.87,2685.4
20241008,000063,sell,36481,33.61,3678.28
20241008,603817,sell,189400,5.6,3184.0
20241008,601319,sell,145761,7.85,3432.22
20241008,600854,sell,229776,4.9,3378.03
20241008,605158,sell,130863,8.57,3365.48
20241008,600901,sell,203227,5.2,3168.32
20241008,603556,sell,18877,46.85,2653.06
20241008,600251,sell,135876,7.97,3246.8
20241008,688556,sell,123685,11.65,4321.47
20241008,601601,sell,29910,39.59,3552.76
20241008,002543,sell,105522,10.64,3369.09
20241008,002304,sell,11840,91.93,3265.33
20241008,301050,sell,27974,49.22,4130.46
20241008,601966,sell,54026,19.93,3229.92
20241008,000661,sell,11190,117.79,3954.34
20241008,002296,sell,116054,9.64,3356.16
20241008,002035,sell,154460,7.47,3460.36
20241008,600862,sell,47362,23.34,3316.03
20241008,002641,sell,226989,4.67,3179.87
20241008,002061,sell,267391,4.03,3231.72
20241008,601865,sell,49210,22.11,3263.66
20241008,600582,sell,158938,6.32,3013.77
20241008,000786,sell,36202,30.71,3335.76
20241008,603529,sell,30373,34.38,3132.48
20241008,603182,sell,86651,12.13,3152.79
20241008,300130,sell,56439,26.66,4514.11
20241008,002835,sell,63045,17.17,3248.19
20241008,601900,sell,76882,14.71,3392.91
20241008,300360,sell,65472,17.37,3411.23
20241008,600373,sell,69837,15.28,3200.91
20241008,603277,sell,55278,18.09,3000.33
20241008,002159,sell,64191,16.02,3084.36
20241008,300719,sell,60431,22.83,4138.53
20241008,600020,sell,232770,4.16,2907.79
20241008,000521,sell,107554,10.64,3434.43
20241008,300441,sell,148123,8.51,3782.56
20241008,603801,sell,97362,12.2,3563.24
20241008,300856,sell,46735,26.05,3652.2
20241008,603279,sell,55135,19.64,3248.69
20241008,601019,sell,74964,12.48,2807.77
20241008,002060,sell,284842,3.82,3268.53
20241008,688080,sell,35932,36.31,3914.42
20241008,000830,sell,82913,12.51,3112.1
20241008,002091,sell,145688,7.42,3244.77
20241008,600528,sell,128766,8.5,3285.0
20241008,600874,sell,178785,5.97,3202.48
20241008,605368,sell,70934,12.56,2671.91
20241008,002236,sell,68827,17.43,3598.99
20241008,600987,sell,144008,7.21,3113.01
20241008,002381,sell,141475,7.27,3087.31
20241008,000997,sell,71391,18.0,3855.32
20241008,000902,sell,74032,13.42,2980.43
20241008,301380,sell,39509,33.18,3933.22
20241008,301195,sell,33995,37.78,3852.51
20241008,300349,sell,80940,14.47,3512.82
20241008,600511,sell,31014,34.51,3211.19
20241008,605377,sell,99775,11.17,3344.83
20241008,000550,sell,42513,29.01,3700.05
20241008,001311,sell,60761,15.78,2877.02
20241008,301550,buy,60136,18.66,3366.23
20241008,300163,buy,519484,2.16,3366.26
20241008,301577,buy,16973,66.11,3366.14
20241008,301413,buy,27933,40.17,3366.22
20241008,301568,buy,30622,36.64,3366.21
20241008,001389,buy,24280,46.21,3366.22
20241008,688717,buy,14507,77.35,3366.24
20241008,301500,buy,67261,16.68,3366.25
20241008,300548,buy,43197,25.98,3366.24
20241008,688652,buy,19749,56.82,3366.16
20241008,001359,buy,45101,24.88,3366.21
20241008,603955,buy,119161,9.42,3366.25
20241008,301502,buy,20297,55.28,3366.24
20241008,002034,buy,5512,15.56,257.32
20241008,688648,buy,44281,25.34,3366.24
20241008,002685,buy,268441,4.18,3366.25
20241008,300394,buy,13202,84.99,3366.02
20241008,002545,buy,162626,6.9,3366.26
20241008,002972,buy,99226,11.31,3366.26
20241008,301392,buy,18349,61.15,3366.21
20241008,301489,buy,19146,58.6,3366.14
20241008,301566,buy,52516,21.37,3366.23
20241008,300308,buy,6075,184.68,3365.77
20241008,301222,sell,1477,19.35,85.74
20241008,301611,buy,22521,49.82,3366.24
20241008,688721,buy,27468,40.85,3366.14
20241008,301552,sell,5494,34.19,563.57
20241008,600301,buy,60392,18.58,3366.25
20241008,002833,buy,1419,16.85,71.71
20241008,003025,buy,86226,13.01,3366.23
20241008,301606,buy,26894,41.72,3366.14
20241008,301591,buy,34136,32.87,3366.22
20241101,301222,sell,57991,17.45,3035.86
20241101,301552,sell,32817,26.02,2561.31
20241101,301550,sell,60136,15.64,2821.04
20241101,300163,sell,519484,2.03,3163.66
20241101,301413,sell,27933,32.5,2723.72
20241101,301568,sell,30622,35.07,3221.29
20241101,688717,sell,14507,55.78,2427.47
20241101,301500,sell,67261,14.38,2901.94
20241101,300548,sell,43197,24.23,3139.67
20241101,688652,sell,19749,52.05,3084.07
20241101,001359,sell,45101,23.0,3112.21
20241101,301502,sell,20297,39.71,2418.16
20241101,688648,sell,44281,25.23,3351.63
20241101,002685,sell,268441,9.24,7441.18
20241101,301392,sell,18349,64.6,3556.12
20241101,301489,sell,19146,44.99,2583.99
20241101,301566,sell,52516,17.87,2816.16
20241101,300308,sell,6075,139.86,2548.91
20241101,301611,sell,22521,64.19,4336.58
20241101,301606,sell,26894,33.84,2729.95
20241101,301591,sell,34136,26.66,2730.34
20241101,300628,buy,31240,35.31,3308.89
20241101,002255,buy,203938,5.41,3308.94
20241101,003025,buy,7470,11.77,263.81
20241101,300360,buy,71099,15.51,3308.95
20241101,600251,buy,153549,7.18,3308.95
20241101,300695,buy,38531,28.63,3308.93
20241101,002543,buy,123459,8.93,3308.95
20241101,002818,buy,93066,11.85,3308.93
20241101,600352,buy,113623,9.71,3308.93
20241101,300756,buy,104326,10.57,3308.94
20241101,301023,buy,37718,29.24,3308.91
20241101,002034,buy,4278,14.44,185.31
20241101,603955,sell,4460,9.62,128.67
20241101,603036,buy,75662,14.58,3308.92
20241101,000612,buy,147735,7.47,3308.94
20241101,300590,buy,84632,13.03,3308.92
20241101,000923,buy,76555,14.41,3308.91
20241101,002545,buy,4508,6.6,89.25
20241101,002296,buy,134404,8.21,3308.95
20241101,002972,buy,11611,9.95,346.64
20241101,601717,buy,89230,12.36,3308.91
20241101,300109,buy,90597,12.17,3308.93
20241101,000975,buy,63497,17.37,3308.9
20241101,603023,buy,461499,2.39,3308.95
20241101,600598,buy,77355,14.26,3308.91
20241101,300487,buy,22692,48.61,3308.91
20241101,002833,buy,5552,15.29,254.59
20241101,002159,buy,74542,14.8,3308.91
20241101,000915,buy,41558,26.54,3308.88
20241101,603299,buy,103008,10.71,3308.94
20241101,002249,buy,202544,5.45,3308.95
20241101,301608,buy,27222,40.52,3308.94
20241101,000807,buy,76609,14.4,3308.92
20241101,603556,buy,29558,37.32,3308.88
20241101,688080,buy,33670,32.76,3308.94
20241101,600486,buy,19298,57.15,3308.87
20241101,600219,buy,300757,3.67,3308.95
20241101,300099,buy,194262,5.68,3308.95
20241101,300880,buy,55080,20.03,3308.93
20241101,002303,buy,380509,2.9,3308.95
20241101,600015,buy,164760,6.69,3308.93
20241101,601336,buy,24329,45.34,3308.92
20241101,603312,buy,35177,31.36,3308.95
20241101,600814,buy,165551,6.66,3308.94
20241101,603325,buy,19876,55.49,3308.92
20241101,002801,buy,54088,20.39,3308.95
20241101,002773,buy,59561,18.52,3308.92
20241101,601619,buy,350805,3.14,3308.94
20241101,002651,buy,185719,5.94,3308.95
20241101,301577,buy,3248,54.54,531.48
20241101,002809,buy,139903,7.88,3308.95
20241101,300708,buy,142731,7.73,3308.94
20241101,000415,buy,301361,3.66,3308.94
20241101,300193,buy,127012,8.68,3308.95
20241101,600854,buy,247239,4.46,3308.94
20241101,300724,buy,15881,69.45,3308.94
20241101,300882,buy,76695,14.38,3308.92
20241101,600455,buy,49527,22.27,3308.9
20241101,001389,buy,1249,43.2,161.88
20241101,600938,buy,42800,25.77,3308.91
20241101,605098,buy,34318,32.14,3308.89
20241101,000957,buy,103862,10.62,3308.94
20241101,603187,buy,103465,10.66,3308.92
20241101,600941,buy,11131,99.08,3308.66
20241101,601500,buy,222825,4.95,3308.95
20241101,601163,buy,80134,13.76,3308.92
20241101,600211,buy,31166,35.39,3308.9
20241101,001332,buy,47397,23.27,3308.92
20241101,000333,buy,16104,68.49,3308.83
20241101,600873,buy,122765,8.98,3308.93
20241101,603310,buy,66606,16.56,3308.91
20241101,000913,buy,72956,15.12,3308.95
20241101,605305,buy,36790,29.98,3308.87
20241101,600694,buy,81156,13.59,3308.91
20241101,300130,buy,46170,23.89,3308.9
20241101,002978,buy,38016,29.01,3308.89
20241101,002850,buy,11345,97.22,3308.84
20241101,300394,sell,715,88.33,189.47
20241101,002884,buy,60416,18.26,3308.91
20241101,002412,buy,182311,6.05,3308.94
20241101,605378,buy,94216,11.71,3308.92
20241101,688721,sell,4717,48.48,686.07
20241101,603682,buy,276205,3.99,3308.95
20241101,000951,buy,70388,15.67,3308.93
20241101,603161,buy,112280,9.82,3308.93
20241101,600301,sell,3419,19.36,198.58
20241202,300394,sell,12487,78.56,2942.85
20241202,688721,sell,22751,66.08,4509.91
20241202,600301,sell,56973,19.24,3288.48
20241202,300099,sell,194262,6.76,3940.81
20241202,002303,sell,380509,3.7,4228.82
20241202,600015,sell,164760,6.96,3438.51
20241202,002809,sell,139903,8.69,3645.17
20241202,300193,sell,127012,9.74,3709.54
20241202,600854,sell,247239,5.11,3786.82
20241202,600455,sell,49527,23.95,3558.51
20241202,600938,sell,42800,25.04,3214.72
20241202,605098,sell,34318,34.11,3511.74
20241202,600941,sell,11131,101.07,3374.9
20241202,601500,sell,222825,5.16,3449.33
20241202,601163,sell,80134,14.73,3540.63
20241202,600211,sell,31166,35.04,3276.56
20241202,001332,sell,47397,25.36,3605.42
20241202,000333,sell,16104,66.43,3209.45
20241202,600873,sell,122765,10.1,3719.98
20241202,603310,sell,66606,18.42,3680.72
20241202,000913,sell,72956,15.39,3368.18
20241202,605305,sell,36790,28.54,3149.88
20241202,600694,sell,81156,16.03,3902.45
20241202,300130,sell,46170,25.0,3462.99
20241202,002978,sell,38016,28.8,3284.2
20241202,002850,sell,11345,101.78,3464.22
20241202,002884,sell,60416,16.19,2934.62
20241202,002412,sell,182311,6.55,3582.41
20241202,605378,sell,94216,12.4,3504.73
20241202,603682,sell,276205,4.41,3655.67
20241202,000951,sell,70388,16.31,3444.85
20241202,603161,sell,112280,11.6,3907.53
20241202,300628,buy,2297,35.29,243.17
20241202,002255,sell,6129,5.98,110.01
20241202,003025,sell,333,12.68,12.66
20241202,300360,buy,2452,16.09,118.36
20241202,300695,buy,896,30.02,80.68
20241202,300756,sell,6007,12.04,216.92
20241202,002818,buy,2931,12.33,108.4
20241202,600251,sell,1036,7.76,24.12
20241202,002543,sell,7166,10.18,218.78
20241202,301522,buy,27475,43.07,3550.33
20241202,300590,sell,2812,14.46,122.02
20241202,002296,sell,20880,10.42,653.02
20241202,000612,buy,32502,6.57,640.24
20241202,600352,buy,7103,9.8,208.89
20241202,002034,buy,1239,15.25,56.67
20241202,603955,sell,65767,24.19,4771.8
20241202,603036,sell,2872,16.26,140.09
20241202,301023,sell,5270,36.47,576.65
20241202,002545,sell,15614,7.81,365.87
20241202,301577,sell,1549,63.38,294.54
20241202,601717,buy,10678,11.85,379.46
20241202,000923,buy,3918,14.71,172.86
20241202,000975,buy,10026,16.1,484.15
20241202,603023,sell,54806,2.91,478.46
20241202,001389,buy,2513,42.2,318.17
20241202,600598,buy,8670,13.76,357.83
20241202,300109,sell,10389,14.76,459.88
20241202,002833,sell,3196,17.16,164.54
20241202,000915,buy,6987,24.38,511.0
20241202,002972,buy,1875,10.5,59.06
20241202,603312,buy,1598,32.18,154.28
20241202,603556,buy,2525,36.89,279.42
20241202,000807,buy,11624,13.41,467.74
20241202,002249,buy,14401,5.46,235.68
20241202,600486,buy,2543,54.19,413.38
20241202,000957,sell,13051,13.03,510.25
20241202,603299,buy,8211,10.64,262.12
20241202,300487,sell,1028,54.63,168.48
20241202,002801,sell,5698,24.46,418.07
20241202,301608,buy,1315,41.47,163.6
20241202,601336,buy,1231,46.3,170.99
20241202,688080,sell,580,35.77,62.23
20241202,000415,sell,21579,4.23,273.84
20241202,601619,buy,17735,3.21,170.85
20241202,300880,sell,4643,23.46,326.84
20241202,600219,buy,30663,3.57,328.48
20241202,600814,sell,1619,7.22,35.06
20241202,301606,buy,33538,35.29,3550.4
20241202,300724,buy,1355,68.66,279.11
20241202,300708,buy,4627,8.03,111.48
20241202,002773,sell,1043,20.22,63.28
20241202,002159,sell,2423,16.41,119.29
20241202,300882,sell,5715,16.67,285.87
20241202,603325,sell,2187,66.91,438.98
20241202,688726,buy,19713,60.03,3550.33
20241202,002469,buy,144935,8.17,3550.41
20241202,603187,buy,6967,10.72,223.99
20241202,002651,sell,22080,7.23,479.06
20241202,301626,buy,10717,110.42,3550.22
20241202,301628,buy,14179,83.46,3550.33
20250102,603955,sell,48934,18.76,2754.47
20250102,002545,sell,151520,6.66,3026.24
20250102,002972,sell,112712,9.85,3329.12
20250102,003025,sell,93363,11.25,3149.82
20250102,300360,sell,73551,15.4,3398.63
20250102,600251,sell,152513,7.05,3224.02
20250102,300695,sell,39427,29.8,3525.01
20250102,002543,sell,116293,10.1,3523.14
20250102,002818,sell,95997,13.4,3858.56
20250102,600352,sell,120726,9.39,3401.47
20250102,300756,sell,98319,10.3,3038.73
20250102,300590,sell,81820,14.16,3476.31
20250102,000923,sell,80473,13.25,3199.07
20250102,002296,sell,113524,9.3,3165.99
20250102,300109,sell,80208,14.73,3543.35
20250102,603023,sell,406693,2.71,3306.41
20250102,600598,sell,86025,13.23,3413.86
20250102,300487,sell,21664,46.04,2991.93
20250102,002159,sell,72119,15.42,3335.46
20250102,000915,sell,48545,25.59,3726.62
20250102,603299,sell,111219,10.74,3582.26
20250102,002249,sell,216945,5.26,3420.29
20250102,301608,sell,28537,43.72,3742.79
20250102,603556,sell,32083,34.8,3349.04
20250102,688080,sell,33090,31.79,3156.06
20250102,600486,sell,21841,55.15,3613.73
20250102,300880,sell,50437,20.42,3090.28
20250102,603312,sell,36775,30.12,3323.16
20250102,600814,sell,163932,8.49,4175.0
20250102,603325,sell,17689,62.26,3303.7
20250102,002801,sell,48390,23.25,3374.98
20250102,002773,sell,58518,18.7,3283.68
20250102,601619,sell,368540,3.1,3423.24
20250102,002651,sell,163639,6.89,3384.38
20250102,300708,sell,147358,8.86,3916.44
20250102,300724,sell,17236,60.26,3116.07
20250102,000957,sell,90811,10.53,2868.9
20250102,603187,sell,110432,10.42,3450.76
20250102,301606,sell,33538,35.92,3613.56
20250102,688726,sell,19713,43.04,2545.57
20250102,301522,buy,5183,34.89,542.55
20250102,688750,buy,57008,19.99,3418.63
20250102,601717,sell,4686,11.97,168.24
20250102,001332,buy,47798,23.84,3418.65
20250102,001389,sell,5071,49.61,754.72
20250102,000975,buy,280,15.44,12.97
20250102,000415,buy,36760,3.6,397.01
20250102,001359,buy,44946,25.35,3418.59
20250102,301023,buy,3503,31.7,333.1
20250102,000700,buy,172658,6.6,3418.65
20250102,603285,buy,52407,21.74,3418.65
20250102,000807,sell,3087,13.38,123.95
20250102,603132,buy,107468,10.6,3418.64
20250102,600301,buy,67032,17.0,3418.63
20250102,688611,buy,48803,23.35,3418.66
20250102,600744,buy,373624,3.05,3418.66
20250102,002552,buy,87667,13.0,3418.63
20250102,601958,buy,118163,9.64,3418.64
20250102,001296,buy,67812,16.8,3418.66
20250102,002833,buy,5679,15.27,260.1
20250102,000612,buy,4917,6.15,90.79
20250102,300628,sell,442,34.43,45.66
20250102,603280,buy,56505,20.17,3418.64
20250102,301019,buy,72098,15.81,3418.64
20250102,603683,buy,127823,8.92,3418.64
20250102,000630,buy,373586,3.05,3418.66
20250102,003031,buy,22948,49.66,3418.6
20250102,301577,buy,1751,55.8,293.1
20250102,002255,buy,11740,5.44,191.53
20250102,002034,sell,723,14.82,32.14
20250102,300882,buy,3998,15.2,182.29
20250102,002380,buy,65049,17.52,3418.65
20250102,600531,buy,184790,6.17,3418.65
20250102,002931,buy,65892,17.29,3418.61
20250102,301392,buy,19400,58.74,3418.59
20250102,000543,buy,154941,7.35,3418.65
20250102,601163,buy,80590,14.14,3418.63
20250102,603036,sell,1291,15.94,61.73
20250102,601336,sell,474,45.43,64.6
20250102,301028,buy,111231,10.24,3418.66
20250102,605319,buy,78241,14.56,3418.62
20250102,603727,buy,101713,11.2,3418.64
20250102,600780,buy,207569,5.49,3418.66
20250102,002685,buy,167335,6.81,3418.65
20250102,301611,buy,20138,56.59,3418.59
20250102,300308,buy,9390,121.35,3418.53
20250102,301591,buy,40855,27.89,3418.65
20250102,600259,buy,42132,27.05,3418.64
20250102,002043,buy,103142,11.05,3418.66
20250102,300446,buy,72794,15.65,3418.66
20250102,600919,buy,127099,8.97,3418.65
20250102,601089,buy,76500,14.9,3418.65
20250102,603897,buy,53445,21.32,3418.63
20250102,600961,buy,146284,7.79,3418.66
20250102,002237,buy,114901,9.92,3418.65
20250102,600938,buy,41417,27.51,3418.61
20250102,000899,buy,139216,8.19,3418.64
20250102,601919,buy,84099,13.55,3418.65
20250102,301566,buy,71780,15.88,3418.65
20250102,300502,buy,14116,80.72,3418.47
20250102,002469,buy,25483,6.69,511.2
20250102,300743,buy,79677,14.3,3418.65
20250102,300867,buy,90287,12.62,3418.64
20250102,300394,buy,17924,63.58,3418.6
20250102,603173,buy,50591,22.52,3418.61
20250102,301626,buy,1673,91.97,461.6
20250102,301628,buy,613,77.04,141.67
20250102,688449,buy,27992,40.71,3418.66
20250102,688093,buy,58879,19.35,3418.62
20250102,300906,buy,44230,25.76,3418.59
20250102,600888,buy,170092,6.7,3418.65
20250102,688313,buy,67102,16.98,3418.64
20250102,000408,buy,43306,26.31,3418.63
20250102,601225,buy,52497,21.71,3418.65
20250102,600219,sell,4136,3.48,43.2
20250205,600219,sell,327284,3.58,3514.85
20250205,301522,sell,32658,34.31,3361.03
20250205,002469,sell,170418,6.74,3447.18
20250205,301628,sell,14792,98.04,4350.42
20250205,600744,sell,373624,2.99,3351.41
20250205,000630,sell,373586,3.14,3515.42
20250205,002380,sell,65049,21.02,4101.22
20250205,600531,sell,184790,6.6,3661.3
20250205,002931,sell,65892,15.77,3117.15
20250205,000543,sell,154941,6.84,3178.59
20250205,301028,sell,111231,10.89,3635.41
20250205,600780,sell,207569,5.34,3325.26
20250205,002685,sell,167335,6.43,3227.89
20250205,301611,sell,20138,57.69,3485.52
20250205,300308,sell,9390,97.64,2750.55
20250205,600259,sell,42132,29.13,3682.39
20250205,002043,sell,103142,9.9,3062.49
20250205,300446,sell,72794,16.59,3622.66
20250205,600919,sell,127099,9.29,3540.51
20250205,601089,sell,76500,14.98,3438.69
20250205,603897,sell,53445,21.68,3475.51
20250205,600961,sell,146284,8.43,3699.52
20250205,002237,sell,114901,10.98,3786.39
20250205,600938,sell,41417,25.76,3200.81
20250205,000899,sell,139216,7.81,3261.6
20250205,601919,sell,84099,12.7,3204.85
20250205,301566,sell,71780,14.91,3210.87
20250205,300502,sell,14116,72.93,3088.28
20250205,300743,sell,79677,15.38,3676.44
20250205,300867,sell,90287,12.64,3424.01
20250205,603173,sell,50591,22.13,3358.77
20250205,688449,sell,27992,44.22,3713.42
20250205,688093,sell,58879,18.8,3320.6
20250205,600888,sell,170092,6.73,3433.37
20250205,688313,sell,67102,16.49,3320.16
20250205,000408,sell,43306,29.31,3808.36
20250205,601225,sell,52497,19.68,3099.84
20250205,300628,sell,2843,38.38,327.36
20250205,301577,buy,287,56.07,48.27
20250205,002255,sell,17697,6.05,321.32
20250205,603955,buy,64172,18.09,3483.41
20250205,300756,buy,100253,11.58,3483.41
20250205,300695,buy,34923,33.25,3483.35
20250205,301626,buy,202,92.21,55.88
20250205,002545,buy,171415,6.77,3483.4
20250205,001389,sell,1647,54.45,269.05
20250205,001359,sell,565,26.16,44.35
20250205,301023,sell,4158,36.52,455.58
20250205,300394,buy,1638,59.35,291.67
20250205,003025,buy,96086,12.08,3483.39
20250205,603023,buy,403172,2.88,3483.41
20250205,000975,sell,4850,16.84,245.02
20250205,601717,buy,2337,11.9,83.44
20250205,301622,buy,18024,64.42,3483.24
20250205,688750,buy,478,20.2,28.96
20250205,002034,buy,4609,14.24,196.96
20250205,002972,buy,112230,10.35,3483.39
20250205,688611,sell,2957,25.33,224.68
20250205,600301,sell,1726,17.78,92.06
20250205,002492,buy,238796,4.86,3483.4
20250205,603285,buy,462,21.96,30.44
20250205,301502,buy,31544,36.81,3483.32
20250205,300487,buy,24438,47.51,3483.37
20250205,000957,buy,101314,11.46,3483.38
20250205,600251,buy,169727,6.84,3483.41
20250205,600352,buy,126467,9.18,3483.4
20250205,002296,buy,111695,10.4,3483.38
20250205,000700,sell,349,6.74,7.06
20250205,300109,buy,83842,13.85,3483.39
20250205,002833,sell,1047,15.78,49.56
20250205,000415,buy,22971,3.42,235.68
20250205,603166,buy,128882,9.01,3483.4
20250205,301591,sell,2039,29.91,182.99
20250205,603683,sell,5488,9.49,156.27
20250205,300882,buy,2127,15.06,96.09
20250205,001296,sell,1126,17.41,58.82
20250205,000791,buy,200332,5.8,3483.41
20250205,000807,sell,12601,16.01,605.07
20250205,603036,buy,1176,15.98,56.37
20250205,002543,buy,108465,10.71,3483.4
20250205,601619,buy,364852,3.18,3483.41
20250205,603280,sell,3530,21.92,232.12
20250205,003031,buy,1407,47.67,201.24
20250205,300360,buy,74141,15.66,3483.38
20250205,603682,buy,240843,4.82,3483.4
20250205,301606,buy,27030,42.96,3483.37
20250205,600854,buy,260846,4.45,3483.41
20250205,301019,sell,2542,16.69,127.31
20250205,000893,buy,57653,20.14,3483.39
20250205,002249,buy,211009,5.5,3483.4
20250205,000923,buy,86184,13.47,3483.41
20250205,002773,buy,61338,18.93,3483.41
20250205,000612,sell,16199,6.87,333.98
20250205,603132,sell,283,10.83,9.2
20250205,300590,buy,80275,14.46,3483.39
20250205,002552,sell,9763,14.9,436.55
20250205,002818,buy,97016,11.97,3483.4
20250205,001332,buy,344,24.12,24.89
20250205,601958,sell,5463,10.3,168.85
20250205,601163,sell,10,14.41,0.43
20250205,300445,buy,68538,16.94,3483.39
20250205,600814,buy,168355,6.9,3483.4
20250205,605098,buy,33331,34.84,3483.35
20250205,000915,buy,45344,25.61,3483.4
20250205,603161,buy,107308,10.82,3483.41
20250205,300251,buy,103841,11.18,3483.39
20250205,603040,buy,49894,23.27,3483.34
20250205,688398,buy,81585,14.23,3483.38
20250205,600598,buy,87901,13.21,3483.41
20250205,301538,buy,23302,49.83,3483.32
20250205,605319,sell,14308,18.16,779.58
20250205,300880,buy,55635,20.87,3483.36
20250205,301392,sell,1428,64.61,276.8
20250205,603344,buy,49089,23.65,3483.35
20250205,601336,buy,687,45.05,92.85
20250205,600988,buy,60772,19.11,3483.39
20250205,300906,buy,1856,25.19,140.28
20250205,603727,sell,5260,12.04,189.97
20250303,301577,sell,20710,56.52,3511.79
20250303,688750,sell,57486,21.82,3763.34
20250303,605319,sell,63933,22.49,4313.01
20250303,300906,sell,46086,23.58,3259.44
20250303,603955,sell,64172,19.45,3744.85
20250303,301502,sell,31544,39.57,3744.99
20250303,600854,sell,260846,4.55,3559.8
20250303,603161,sell,107308,10.86,3496.12
20250303,300880,sell,55635,21.86,3648.77
20250303,603344,sell,49089,24.41,3595.43
20250303,300628,buy,2905,36.84,321.06
20250303,002255,buy,529,6.35,10.08
20250303,300756,sell,2692,12.52,101.12
20250303,002034,sell,3864,15.73,182.36
20250303,000975,buy,9863,15.5,458.58
20250303,300695,sell,2109,37.23,235.53
20250303,601717,buy,296,12.48,11.08
20250303,002545,sell,5777,7.37,127.81
20250303,003025,sell,158,12.73,6.04
20250303,301023,sell,5181,45.9,713.46
20250303,300394,buy,161,61.93,29.91
20250303,301622,sell,3555,84.42,900.39
20250303,603072,buy,28942,42.21,3664.53
20250303,001389,buy,598,55.72,99.96
20250303,600299,buy,116827,10.46,3664.52
20250303,002972,buy,6167,10.32,190.88
20250303,301626,buy,1171,88.75,311.77
20250303,600301,sell,2341,19.4,136.25
20250303,600251,buy,6311,6.94,131.37
20250303,001359,sell,2964,29.49,262.25
20250303,000923,buy,7152,13.09,280.8
20250303,688611,sell,11366,35.43,1207.99
20250303,000791,buy,21662,5.5,357.58
20250303,603023,buy,37808,2.77,314.18
20250303,000915,buy,5241,24.15,379.67
20250303,000612,buy,7555,6.92,156.85
20250303,603285,buy,1521,22.46,102.48
20250303,600352,buy,8975,9.02,242.83
20250303,002818,buy,6444,11.81,228.25
20250303,002249,sell,13918,6.2,258.78
20250303,000807,buy,1038,16.6,51.69
20250303,300487,buy,1191,47.66,170.29
20250303,002492,buy,7869,4.95,116.9
20250303,000415,buy,19756,3.4,201.51
20250303,002833,sell,1755,17.0,89.52
20250303,600814,sell,15867,8.01,381.31
20250303,600598,buy,7245,12.84,279.04
20250303,000700,sell,1221,7.14,26.15
20250303,601619,buy,21298,3.16,202.12
20250303,300251,sell,52727,23.9,3780.24
20250303,600988,buy,7490,17.89,402.09
20250303,601958,buy,12827,9.73,374.46
20250303,300882,buy,3265,15.2,148.87
20250303,000957,buy,12139,10.77,392.09
20250303,603166,sell,7200,10.04,216.83
20250303,300360,buy,655,16.33,32.09
20250303,603683,sell,30956,13.37,1241.42
20250303,603132,buy,4979,10.89,162.67
20250303,301591,buy,3104,29.14,271.34
20250303,301019,buy,8203,15.71,386.58
20250303,002543,buy,653,11.19,21.93
20250303,603280,sell,934,23.47,65.77
20250303,002773,buy,3830,18.74,215.37
20250303,300109,sell,7526,16.01,361.39
20250303,603682,sell,1476,5.1,22.6
20250303,001332,buy,2679,24.04,193.17
20250303,301606,buy,2227,41.75,278.94
20250303,002552,buy,8036,14.21,342.66
20250303,001296,buy,3309,17.45,173.24
20250303,002033,buy,151703,8.05,3664.55
20250303,605098,sell,621,37.34,69.57
20250303,601336,buy,908,45.78,124.71
20250303,003031,buy,2360,45.72,323.71
20250303,603036,buy,14975,13.94,626.08
20250303,002394,buy,169880,7.19,3664.54
20250303,300445,buy,806,17.62,42.59
20250303,301538,buy,892,50.49,135.11
20250303,000893,sell,8258,24.73,612.66
20250303,300867,buy,94117,12.98,3664.51
20250303,301028,buy,101904,11.99,3664.53
20250303,300590,buy,1905,14.86,84.95
20250303,603040,sell,10323,30.87,955.99
20250303,688398,sell,8608,16.74,432.25
20250303,300708,buy,140954,8.67,3664.54
20250303,600219,buy,363850,3.36,3664.54
20250303,601163,buy,4019,14.44,174.09
20250303,002850,buy,9590,127.37,3664.52
20250303,000543,buy,174005,7.02,3664.54
20250303,600938,buy,50182,24.34,3664.49
20250303,601089,buy,83305,14.66,3664.55
20250303,002296,buy,2572,10.69,82.48
20250303,603727,sell,4006,13.21,158.8
20250303,300017,buy,96709,12.63,3664.55
20250303,600486,buy,24090,50.7,3664.44
20250303,002931,buy,73337,16.66,3664.52
20250303,000408,buy,38857,31.44,3664.49
20250303,002270,buy,79532,15.36,3664.51
20250303,603897,buy,57139,21.38,3664.52
20250303,600235,buy,208034,5.87,3664.53
20250303,688138,buy,44248,27.61,3664.55
20250303,301392,sell,4211,88.77,1121.44
20250401,001389,sell,21922,54.85,3607.18
20250401,300882,sell,80370,16.23,3912.02
20250401,301626,sell,13763,84.93,3506.66
20250401,001332,sell,50821,29.31,4468.86
20250401,001359,sell,41417,32.88,4085.65
20250401,000700,sell,171088,7.68,3940.66
20250401,603285,sell,54390,23.31,3803.63
20250401,603132,sell,112164,11.49,3867.24
20250401,600301,sell,62965,21.82,4121.69
20250401,688611,sell,34480,32.03,3313.63
20250401,002552,sell,85940,14.92,3847.86
20250401,001296,sell,69995,17.38,3650.07
20250401,603280,sell,52041,23.58,3681.56
20250401,301019,sell,77759,15.85,3698.32
20250401,603683,sell,91379,11.26,3086.94
20250401,003031,sell,26715,45.35,3634.23
20250401,301392,sell,13761,88.34,3647.03
20250401,603727,sell,92447,13.93,3863.81
20250401,301591,sell,41920,28.65,3603.35
20250401,300394,sell,19723,59.64,3529.1
20250401,301622,sell,14469,69.53,3017.97
20250401,603166,sell,121682,13.92,5081.72
20250401,000791,sell,221994,6.49,4320.5
20250401,301606,sell,29257,39.44,3461.33
20250401,000893,sell,49395,24.75,3667.58
20250401,300251,sell,51114,20.46,3137.01
20250401,603040,sell,39571,27.77,3296.6
20250401,688398,sell,72977,16.66,3647.13
20250401,301538,sell,24194,52.36,3800.3
20250401,603072,sell,28942,44.0,3820.34
20250401,002394,sell,169880,7.28,3707.94
20250401,300867,sell,94117,13.41,3784.98
20250401,301028,sell,101904,12.18,3724.7
20250401,002850,sell,9590,117.09,3368.65
20250401,300017,sell,96709,11.64,3378.08
20250401,002931,sell,73337,16.99,3739.09
20250401,000408,sell,38857,35.72,4163.73
20250401,603897,sell,57139,22.76,3901.35
20250401,600235,sell,208034,5.87,3664.53
20250401,688138,sell,44248,26.36,3498.81
20250401,300628,buy,771,37.3,86.27
20250401,003025,sell,11346,14.96,509.26
20250401,600251,buy,4806,7.0,100.89
20250401,002255,sell,37339,8.16,914.3
20250401,002818,sell,4353,12.77,166.75
20250401,000923,sell,10174,15.22,464.46
20250401,000915,sell,3167,26.69,253.56
20250401,300695,sell,5879,46.98,828.64
20250401,300360,sell,1800,17.34,93.62
20250401,600352,buy,3693,9.1,100.77
20250401,002034,sell,7136,17.95,384.21
20250401,002543,buy,4224,11.17,141.48
20250401,601717,sell,10113,14.42,437.57
20250401,300756,buy,4378,12.41,163.04
20250401,601336,sell,1129,49.53,167.75
20250401,002773,sell,17639,26.63,1408.95
20250401,600988,sell,11810,22.42,794.24
20250401,002296,buy,2503,10.84,81.38
20250401,002545,buy,7323,7.32,160.74
20250401,600814,buy,14875,7.56,337.42
20250401,600211,buy,34435,36.75,3796.35
20250401,600299,buy,3776,10.49,118.86
20250401,002972,sell,1621,10.84,52.7
20250401,000612,buy,1190,7.12,25.42
20250401,603023,sell,35380,3.12,331.16
20250401,002833,buy,2747,16.97,139.82
20250401,600486,buy,28,52.47,4.41
20250401,600598,buy,2857,12.91,110.67
20250401,603299,buy,119677,10.57,3796.39
20250401,002033,sell,5599,8.66,145.49
20250401,301023,buy,2962,42.79,380.23
20250401,000878,buy,100688,12.57,3796.39
20250401,600219,buy,6222,3.42,63.83
20250401,002249,sell,6383,6.64,127.07
20250401,002533,buy,125558,10.08,3796.41
20250401,300109,sell,2606,17.17,134.22
20250401,601163,buy,1493,14.7,65.84
20250401,002159,buy,85467,14.81,3796.4
20250401,300487,buy,1996,45.81,274.3
20250401,300590,buy,11221,13.55,456.09
20250401,603556,buy,37971,33.33,3796.35
20250401,688425,buy,299043,4.23,3796.41
20250401,601958,sell,3389,10.36,105.34
20250401,600971,buy,165294,7.66,3796.4
20250401,000807,sell,29,17.2,1.5
20250401,600987,buy,193208,6.55,3796.4
20250401,002809,buy,153476,8.25,3796.4
20250401,000951,buy,66089,19.15,3796.39
20250401,000957,sell,3415,11.5,117.82
20250401,600455,buy,53530,23.64,3796.35
20250401,603187,buy,116954,10.82,3796.39
20250401,002801,buy,34002,37.22,3796.36
20250401,603036,buy,570,14.34,24.53
20250401,600566,buy,48124,26.3,3796.4
20250401,600854,buy,277588,4.56,3796.41
20250401,603161,buy,108994,11.61,3796.4
20250401,000968,buy,191668,6.6,3796.41
20250401,002412,buy,200868,6.3,3796.41
20250401,688080,buy,26846,47.14,3796.28
20250401,601500,buy,228424,5.54,3796.41
20250401,688557,buy,54139,23.37,3796.35
20250401,601089,sell,1341,15.44,62.11
20250401,300880,buy,54655,23.15,3796.38
20250401,600161,buy,61907,20.44,3796.37
20250401,002270,buy,8359,14.4,361.06
20250401,605098,buy,1478,37.01,164.12
20250401,000975,sell,8952,18.11,486.46
20250401,600938,sell,94,25.27,7.12
20250401,000913,buy,78198,16.18,3796.41
20250401,300708,buy,13174,8.21,324.5
20250401,601619,sell,24464,3.5,256.79
20250401,601601,buy,40035,31.61,3796.41
20250401,600420,buy,119843,10.56,3796.4
20250401,600033,buy,327842,3.86,3796.41
20250401,601898,buy,127446,9.93,3796.4
20250401,600020,buy,294343,4.3,3796.41
20250401,600531,buy,178467,7.09,3796.41
20250401,605507,buy,88895,14.24,3796.38
20250401,002651,buy,188456,6.71,3796.41
20250401,603682,buy,25113,4.78,360.48
20250401,300099,buy,200390,6.32,3796.4
20250401,000543,sell,3054,7.4,67.82
20250401,002978,buy,39048,32.41,3796.32
20250401,603393,buy,43833,28.87,3796.38
20250401,000568,buy,10137,124.83,3796.18
20250401,002492,sell,533,5.14,8.22
20250401,600886,buy,88648,14.28,3796.38
20250401,601318,buy,25638,49.36,3796.38
20250401,000830,buy,107721,11.75,3796.41
20250401,300743,buy,82069,15.42,3796.38
20250401,000581,buy,63352,19.97,3796.36
20250401,600015,buy,170323,7.43,3796.4
20250401,000415,buy,20752,3.33,207.31
20250401,300445,sell,10181,21.39,653.31
20250401,000333,buy,17707,71.47,3796.31
20250401,000738,buy,66390,19.06,3796.41
20250401,603577,buy,142631,8.87,3796.4
20250401,002884,buy,78589,16.1,3796.37
20250401,300724,buy,20873,60.62,3796.25
20250506,002034,sell,70512,17.49,3699.84
20250506,002833,sell,74587,15.96,3571.95
20250506,000415,sell,380021,3.34,3807.81
20250506,601163,sell,86092,13.21,3410.55
20250506,300756,sell,101939,13.18,4031.22
20250506,300695,sell,26935,57.43,4640.74
20250506,003025,sell,84582,14.07,3571.14
20250506,603023,sell,405600,3.62,4404.82
20250506,002972,sell,116776,10.79,3780.15
20250506,002492,sell,246132,5.45,4024.5
20250506,300487,sell,27625,45.47,3768.64
20250506,000957,sell,110038,11.45,3780.06
20250506,600251,sell,180844,7.32,3971.38
20250506,002296,sell,116770,10.99,3851.42
20250506,300109,sell,73710,15.42,3408.75
20250506,002543,sell,113342,11.14,3786.43
20250506,601619,sell,361686,3.6,3910.83
20250506,603682,sell,264480,5.15,4085.1
20250506,300590,sell,93401,11.98,3357.0
20250506,300445,sell,59163,17.32,3073.73
20250506,600814,sell,167363,7.8,3914.13
20250506,605098,sell,34188,36.2,3713.16
20250506,000915,sell,47418,28.5,4054.05
20250506,600598,sell,98003,14.15,4159.4
20250506,002033,sell,146104,8.14,3569.77
20250506,601089,sell,81964,15.26,3751.11
20250506,600486,sell,24118,51.03,3692.24
20250506,002270,sell,87891,14.67,3867.31
20250506,603299,sell,119677,9.24,3316.27
20250506,000878,sell,100688,11.46,3460.55
20250506,002159,sell,85467,14.67,3761.08
20250506,603556,sell,37971,26.0,2961.95
20250506,688425,sell,299043,3.9,3495.53
20250506,600971,sell,165294,6.52,3233.63
20250506,600987,sell,193208,6.53,3785.84
20250506,002809,sell,153476,10.58,4871.45
20250506,000951,sell,66089,16.5,3270.65
20250506,600455,sell,53530,24.57,3945.7
20250506,002801,sell,34002,33.52,3419.51
20250506,600854,sell,277588,4.54,3780.15
20250506,603161,sell,108994,11.66,3812.54
20250506,002412,sell,200868,5.64,3398.69
20250506,688080,sell,26846,44.32,3569.34
20250506,601500,sell,228424,4.63,3172.81
20250506,688557,sell,54139,23.12,3754.64
20250506,300880,sell,54655,20.58,3374.21
20250506,600161,sell,61907,18.96,3521.41
20250506,000913,sell,78198,14.11,3309.69
20250506,601601,sell,40035,29.55,3549.07
20250506,600420,sell,119843,10.03,3607.46
20250506,600033,sell,327842,3.59,3527.98
20250506,002651,sell,188456,6.69,3779.54
20250506,300099,sell,200390,6.15,3699.2
20250506,002978,sell,39048,30.5,3572.74
20250506,000568,sell,10137,119.66,3638.99
20250506,600886,sell,88648,14.47,3848.0
20250506,601318,sell,25638,48.57,3736.07
20250506,000830,sell,107721,10.42,3368.34
20250506,300743,sell,82069,16.11,3966.22
20250506,600015,sell,170323,6.83,3490.94
20250506,000333,sell,17707,70.2,3728.83
20250506,603577,sell,142631,7.78,3329.22
20250506,002884,sell,78589,14.22,3351.46
20250506,300251,buy,64513,18.96,3669.91
20250506,600352,sell,9932,9.47,282.12
20250506,600219,buy,3228,3.28,31.73
20250506,603966,buy,174740,7.0,3669.96
20250506,002545,sell,10075,7.51,227.0
20250506,600262,buy,57768,21.18,3669.96
20250506,002818,sell,318,12.38,11.81
20250506,601717,sell,2812,14.4,121.51
20250506,603680,buy,135982,9.0,3669.96
20250506,600566,buy,1912,24.45,140.24
20250506,601083,buy,114037,10.73,3669.94
20250506,603558,buy,152077,8.04,3669.97
20250506,300628,buy,5546,30.99,515.62
20250506,601766,buy,181124,6.75,3669.96
20250506,600531,sell,1326,6.91,27.47
20250506,000809,buy,382288,3.2,3669.96
20250506,000719,buy,102660,11.92,3669.95
20250506,002769,buy,162675,7.52,3669.95
20250506,002773,sell,2834,27.37,232.71
20250506,000975,sell,8356,19.89,498.58
20250506,603166,buy,69057,17.71,3669.96
20250506,300767,buy,123692,9.89,3669.94
20250506,300144,buy,133922,9.13,3669.96
20250506,601677,buy,102636,11.92,3669.96
20250506,000612,buy,7526,6.6,149.12
20250506,301023,sell,1710,43.9,225.23
20250506,600885,buy,52549,23.28,3669.93
20250506,600900,buy,43306,28.25,3669.91
20250506,600211,buy,1248,34.28,128.35
20250506,603979,buy,33302,36.73,3669.89
20250506,600299,buy,6984,9.59,200.89
20250506,605117,buy,28754,42.54,3669.95
20250506,002478,buy,241606,5.06,3669.96
20250506,600583,buy,237863,5.14,3669.96
20250506,000720,buy,389593,3.14,3669.97
20250506,002255,sell,20949,9.12,573.35
20250506,300570,buy,16661,73.42,3669.86
20250506,300545,buy,40770,30.01,3669.92
20250506,688208,buy,44057,27.77,3669.89
20250506,600338,buy,127260,9.61,3669.94
20250506,002249,sell,8960,6.73,180.93
20250506,002533,buy,3684,9.47,104.61
20250506,600528,buy,167410,7.31,3669.96
20250506,603036,sell,3682,14.47,159.84
20250506,000899,buy,134126,9.12,3669.96
20250506,000923,buy,14332,12.55,539.5
20250506,603391,buy,33988,35.99,3669.9
20250506,002026,buy,117926,10.37,3669.95
20250506,000968,buy,1786,6.32,33.88
20250506,000651,buy,29418,41.58,3669.85
20250506,603617,buy,172425,7.09,3669.95
20250506,600988,sell,10876,26.84,875.78
20250506,002452,buy,177743,6.88,3669.96
20250506,300234,buy,261924,4.67,3669.97
20250506,000680,buy,140467,8.71,3669.95
20250506,301291,buy,28590,42.79,3669.93
20250506,000543,sell,405,7.17,8.72
20250506,002327,buy,167266,7.31,3669.96
20250506,001311,buy,74641,16.39,3669.92
20250506,688096,buy,94604,12.93,3669.96
20250506,301162,buy,32302,37.87,3669.89
20250506,601898,sell,1299,9.7,37.79
20250506,000521,buy,168161,7.27,3669.96
20250506,000807,buy,9119,14.8,404.8
20250506,300708,sell,3597,8.13,87.7
20250506,300724,buy,1191,55.44,198.1
20250506,600967,buy,103899,11.77,3669.96
20250506,000902,buy,92219,13.27,3669.97
20250506,600938,buy,1481,23.72,105.4
20250506,603829,buy,78868,15.51,3669.94
20250506,301503,buy,32865,37.22,3669.96
20250506,600983,buy,122975,9.95,3669.96
20250506,605009,buy,30132,40.6,3669.87
20250506,601958,buy,4457,9.66,129.21
20250506,603277,buy,82243,14.87,3669.96
20250506,603325,buy,16314,74.98,3669.86
20250506,000690,buy,307854,3.97,3669.97
20250506,603811,buy,138257,8.85,3669.96
20250506,002454,buy,238353,5.13,3669.96
20250506,605507,buy,6142,12.87,237.18
20250506,600020,sell,17879,4.42,237.34
20250506,601336,buy,657,46.67,92.0
20250506,601177,buy,60551,20.2,3669.96
20250506,000738,buy,1495,18.02,80.82
20250506,002483,buy,206891,5.91,3669.96
20250506,600582,buy,207235,5.9,3669.96
20250506,603225,buy,116312,10.52,3669.96
20250506,603393,buy,124,27.83,10.35
20250506,300662,buy,36853,33.19,3669.9
20250506,300360,buy,6181,15.45,286.5
20250506,000581,buy,1081,18.99,61.57
20250506,605090,buy,50720,24.12,3669.91
20250506,300893,buy,69471,17.61,3669.92
20250506,603187,buy,1347,10.34,41.79
20250506,002987,buy,107712,11.36,3669.95
20250506,002895,buy,59562,20.54,3669.97
20250506,600522,buy,88866,13.77,3669.95
20250506,605319,buy,52950,23.1,3669.92
20250603,300360,sell,79177,15.31,3636.98
20250603,000581,sell,64433,18.89,3651.53
20250603,603277,sell,82243,15.72,3879.02
20250603,603325,sell,16314,73.12,3578.65
20250603,601177,sell,60551,17.27,3137.66
20250603,603225,sell,116312,10.59,3693.92
20250603,300662,sell,36853,30.18,3336.67
20250603,300893,sell,69471,18.64,3884.55
20250603,002987,sell,107712,11.76,3799.36
20250603,002895,sell,59562,22.21,3968.44
20250603,600522,sell,88866,12.92,3445.47
20250603,605319,sell,52950,21.44,3406.07
20250603,600352,buy,243,9.51,6.93
20250603,600219,sell,12773,3.41,130.79
20250603,603966,sell,1146,7.09,24.37
20250603,002545,buy,4640,7.35,102.25
20250603,600262,sell,745,21.58,48.23
20250603,002818,buy,585,12.38,21.73
20250603,603558,sell,11575,8.76,304.14
20250603,603680,sell,16872,10.33,522.94
20250603,600566,sell,2174,25.71,167.69
20250603,601717,sell,5202,15.43,240.88
20250603,601083,sell,3186,11.1,106.11
20250603,000719,sell,4498,12.54,169.17
20250603,600531,sell,196,6.95,4.09
20250603,000809,buy,5907,3.17,56.18
20250603,300628,sell,1086,32.06,104.44
20250603,002773,sell,4474,30.6,410.66
20250603,300144,buy,4953,8.86,131.67
20250603,601766,sell,2968,6.91,61.5
20250603,000975,sell,81,20.03,4.87
20250603,601677,buy,184,11.97,6.61
20250603,603979,sell,1285,38.44,148.17
20250603,600299,buy,2131,9.49,60.65
20250603,600211,sell,1773,36.29,193.03
20250603,300570,buy,1568,67.5,317.54
20250603,000923,buy,579,12.55,21.8
20250603,300767,sell,6827,10.53,215.66
20250603,600885,buy,2124,22.51,143.42
20250603,000612,sell,13086,7.15,280.64
20250603,600900,sell,1143,29.19,100.08
20250603,600583,sell,1667,5.21,26.06
20250603,603036,sell,4866,15.45,225.48
20250603,000720,sell,27657,3.4,282.1
20250603,300251,buy,6336,17.37,330.15
20250603,601898,sell,3052,10.0,91.53
20250603,600338,sell,1332,9.77,39.05
20250603,002478,sell,4956,5.2,77.31
20250603,000651,sell,140,42.03,17.65
20250603,002327,sell,8299,7.74,192.73
20250603,301023,buy,395,43.55,51.6
20250603,000968,sell,1869,6.42,36.01
20250603,300545,buy,2817,28.23,238.59
20250603,603166,buy,16343,14.41,706.48
20250603,600528,buy,1909,7.27,41.62
20250603,301291,buy,4436,37.26,495.86
20250603,605117,buy,2548,39.31,300.5
20250603,000680,sell,1069,8.83,28.31
20250603,000899,buy,6287,8.76,165.3
20250603,002452,buy,2579,6.82,52.8
20250603,300234,sell,3958,4.77,56.64
20250603,688208,buy,2455,26.46,194.86
20250603,002533,sell,3486,9.79,102.34
20250603,002255,sell,7584,9.73,221.31
20250603,603617,buy,8586,6.8,175.11
20250603,600020,sell,23743,4.87,346.84
20250603,000902,buy,936,13.21,37.09
20250603,300724,buy,2117,50.89,323.2
20250603,601156,buy,96072,12.81,3691.73
20250603,002026,sell,11850,11.6,412.42
20250603,600938,sell,1735,24.69,128.53
20250603,000807,buy,4450,14.12,188.56
20250603,000543,buy,5229,7.0,109.82
20250603,601958,sell,8378,10.41,261.63
20250603,603391,sell,594,36.85,65.67
20250603,600988,sell,63,27.04,5.11
20250603,300708,buy,10287,7.65,236.15
20250603,605507,sell,5624,13.76,232.21
20250603,605009,sell,3467,46.15,480.01
20250603,600983,buy,1704,9.87,50.46
20250603,000738,sell,4705,19.48,274.92
20250603,605090,sell,3999,26.34,315.99
20250603,000690,sell,6663,4.09,81.67
20250603,000521,buy,7228,7.02,152.14
20250603,002249,buy,16196,6.22,302.06
20250603,301503,buy,1425,35.89,153.42
20250603,601117,buy,165938,7.42,3691.72
20250603,603811,sell,4625,9.21,127.77
20250603,603829,sell,830,15.77,39.27
20250603,603889,buy,282729,4.35,3691.73
20250603,301162,buy,4641,33.31,463.78
20250603,600598,buy,87775,14.02,3691.73
20250603,001311,buy,4660,15.52,216.94
20250603,601225,buy,63773,19.3,3691.69
20250603,688096,buy,20940,10.65,669.05
20250603,601336,sell,1114,49.04,163.88
20250603,601319,buy,151303,8.13,3691.72
20250603,603187,sell,7271,11.08,241.76
20250603,603367,buy,87249,14.1,3691.71
20250603,603393,sell,2620,29.77,233.99
20250603,002454,sell,1096,5.19,17.05
20250603,300963,buy,57133,21.54,3691.68
20250603,601169,buy,196199,6.27,3691.72
20250603,603856,buy,110495,11.14,3691.71
20250603,601318,buy,23898,51.49,3691.6
20250603,600582,buy,633,5.92,11.24
20250603,002978,buy,40452,30.42,3691.65
20250603,002769,sell,4705,7.79,109.96
20250603,600967,sell,4030,12.32,148.97
20250603,002483,buy,1563,5.9,27.68
20250701,600988,sell,45513,25.1,3426.83
20250701,600020,sell,252721,4.7,3559.89
20250701,603166,sell,85400,15.12,3873.63
20250701,688096,sell,115544,11.13,3856.73
20250701,600967,sell,99869,19.24,5762.96
20250701,605009,sell,26665,42.44,3394.99
20250701,002483,sell,208454,6.28,3927.27
20250701,601319,sell,151303,8.51,3864.77
20250701,300963,sell,57133,24.0,4113.58
20250701,603856,sell,110495,11.46,3799.03
20250701,002978,sell,40452,31.51,3823.93
20250701,600352,buy,2423,9.76,70.91
20250701,600219,buy,4640,3.52,49.04
20250701,600262,sell,290,22.67,19.73
20250701,002545,sell,22288,8.86,592.24
20250701,603966,buy,12696,6.91,263.01
20250701,603680,sell,5768,11.35,196.4
20250701,002818,buy,9578,11.81,339.27
20250701,603558,buy,8639,8.63,223.55
20250701,600566,buy,1032,26.31,81.46
20250701,601083,buy,6260,10.98,206.29
20250701,300144,buy,12289,8.51,313.74
20250701,300628,buy,448,33.12,44.52
20250701,000719,buy,4833,12.49,181.09
20250701,601717,buy,3163,15.52,147.26
20250701,601766,buy,13122,6.73,264.75
20250701,600299,buy,3235,9.68,93.9
20250701,000809,buy,29470,3.08,272.3
20250701,600531,sell,10166,7.71,235.24
20250701,300570,sell,4806,95.84,1381.82
20250701,600900,buy,1592,29.4,140.41
20250701,601677,buy,886,12.4,32.97
20250701,603979,sell,4928,47.49,702.09
20250701,300251,sell,4879,19.5,285.42
20250701,000975,buy,5547,19.21,319.63
20250701,000720,buy,4562,3.51,48.04
20250701,300767,sell,26208,14.19,1115.67
20250701,002769,sell,18142,9.2,500.72
20250701,000612,sell,5157,7.7,119.19
20250701,600885,buy,3481,22.12,231.0
20250701,603036,sell,2622,16.7,131.33
20250701,301023,buy,2005,42.51,255.67
20250701,301291,sell,829,39.96,99.37
20250701,600211,buy,2442,35.39,259.25
20250701,000680,buy,3911,8.98,105.32
20250701,600338,sell,9270,11.03,306.67
20250701,300545,sell,2597,31.38,244.51
20250701,002478,buy,7450,5.27,117.78
20250701,601898,sell,345,10.48,10.85
20250701,605117,buy,3870,36.57,424.63
20250701,601156,buy,1605,13.17,63.41
20250701,603617,sell,2094,7.19,45.17
20250701,000651,buy,1011,42.47,128.81
20250701,002327,buy,15579,7.37,344.45
20250701,000899,buy,3480,8.94,93.33
20250701,300234,sell,2725,5.04,41.2
20250701,600528,buy,7202,7.29,157.46
20250701,300708,sell,6501,8.34,162.58
20250701,000968,sell,12914,7.2,278.94
20250701,000543,buy,6953,7.04,146.85
20250701,688208,sell,2775,29.41,244.86
20250701,002452,buy,6021,6.9,124.7
20250701,300724,sell,336,53.95,54.38
20250701,002533,buy,10279,9.46,291.61
20250701,000902,buy,256,13.77,10.58
20250701,000690,sell,8191,4.39,107.89
20250701,600938,buy,1841,24.89,137.49
20250701,600583,sell,157,5.45,2.57
20250701,605090,buy,4259,25.23,322.41
20250701,000807,sell,8449,16.35,414.46
20250701,600598,buy,4553,13.93,190.31
20250701,002773,buy,2150,30.36,195.82
20250701,000521,buy,9706,6.95,202.37
20250701,605507,buy,3783,13.8,156.65
20250701,603391,buy,265,38.22,30.38
20250701,301162,sell,3084,37.99,351.52
20250701,601958,buy,1896,10.71,60.92
20250701,601117,buy,8437,7.38,186.73
20250701,000923,sell,7224,14.16,306.88
20250701,002255,buy,21742,8.68,565.98
20250701,000738,sell,1034,20.7,64.21
20250701,002026,buy,887,12.03,32.0
20250701,301503,sell,193,37.73,21.85
20250701,600983,sell,2859,10.56,90.57
20250701,001311,buy,1622,15.9,77.35
20250701,002454,buy,376,5.41,6.11
20250701,601318,sell,423,54.8,69.54
20250701,603225,buy,122999,10.46,3859.23
20250701,603187,sell,88,11.6,3.06
20250701,603393,buy,3376,28.77,291.38
20250701,603829,sell,2057,16.93,104.48
20250701,603811,buy,1779,9.5,50.7
20250701,601225,buy,3184,19.21,183.52
20250701,603919,buy,71650,17.95,3859.19
20250701,002249,buy,3965,6.37,75.79
20250701,002736,buy,113055,11.38,3859.2
20250701,300360,buy,82898,15.52,3859.2
20250701,603889,buy,19464,4.26,248.57
20250701,603367,buy,3945,14.11,166.95
20250701,601169,sell,6126,6.77,124.38
20250701,601336,sell,2326,56.5,394.25
20250701,002895,buy,58174,22.11,3859.23
20250701,601016,buy,446145,2.88,3859.22
20250701,300743,buy,64481,19.95,3859.19
20250701,603277,buy,82043,15.68,3859.2
20250701,600694,buy,80323,16.02,3859.2
20250701,002091,buy,180883,7.11,3859.22
20250701,600582,buy,5821,6.02,105.13
20250701,300563,buy,32674,39.37,3859.12
20250801,002255,sell,148251,8.46,3762.3
20250801,002773,sell,42371,41.32,5252.31
20250801,300708,sell,154317,8.85,4095.2
20250801,301162,sell,33859,35.88,3644.75
20250801,600582,sell,213689,6.25,4006.67
20250801,600598,sell,92328,14.28,3955.29
20250801,002736,sell,113055,13.2,4478.29
20250801,601016,sell,446145,2.96,3964.96
20250801,300743,sell,64481,20.53,3971.38
20250801,600694,sell,80323,16.61,4001.52
20250801,300563,sell,32674,37.4,3666.19
20250801,600352,sell,892,10.36,27.72
20250801,600219,buy,13124,3.59,141.21
20250801,002545,sell,5071,9.68,147.26
20250801,603558,buy,3456,8.89,92.19
20250801,600566,buy,1228,27.07,99.73
20250801,002818,buy,11352,11.28,384.09
20250801,603966,sell,19508,8.14,476.11
20250801,603680,sell,3981,12.41,148.17
20250801,600262,buy,2854,22.77,194.96
20250801,300628,buy,3564,32.0,342.14
20250801,601717,sell,1887,16.75,94.82
20250801,300570,sell,1207,111.07,402.18
20250801,300144,buy,8086,8.52,206.68
20250801,600299,buy,3486,9.94,104.0
20250801,601766,buy,2465,7.0,51.79
20250801,000719,buy,1055,13.04,41.27
20250801,601677,buy,6647,12.3,245.18
20250801,300767,buy,7166,13.87,298.18
20250801,000923,buy,7115,13.85,295.63
20250801,600531,sell,7341,8.51,187.42
20250801,000809,buy,37641,2.98,336.51
20250801,300251,buy,2227,19.9,132.92
20250801,601083,sell,1748,11.76,61.68
20250801,603979,buy,1457,47.53,207.75
20250801,301291,buy,1846,39.86,220.72
20250801,600900,buy,5107,27.77,425.43
20250801,601156,sell,1449,14.1,61.29
20250801,000612,sell,142,8.13,3.46
20250801,002769,buy,18308,8.58,471.25
20250801,600211,sell,2712,40.33,328.16
20250801,600583,buy,11103,5.49,182.87
20250801,600338,sell,193,11.65,6.75
20250801,000680,sell,5708,9.86,168.85
20250801,002327,buy,12859,7.24,279.3
20250801,605117,buy,2310,36.2,250.86
20250801,301023,buy,2786,41.05,343.12
20250801,002452,sell,705,7.31,15.46
20250801,300545,buy,3312,30.63,304.3
20250801,000968,buy,14058,7.04,296.9
20250801,000807,buy,9067,15.46,420.63
20250801,000720,buy,10394,3.6,112.26
20250801,603036,buy,6990,16.14,338.55
20250801,300724,sell,3346,66.19,664.42
20250801,002478,buy,1254,5.53,20.8
20250801,000975,buy,9666,17.7,513.37
20250801,603617,sell,2248,7.68,51.79
20250801,601898,sell,2586,11.29,87.6
20250801,600528,sell,25068,8.96,673.73
20250801,603391,buy,1244,38.87,145.07
20250801,605507,sell,10082,16.32,493.76
20250801,300234,sell,3979,5.4,64.46
20250801,000651,buy,1352,42.88,173.93
20250801,002026,buy,3718,12.26,136.73
20250801,000543,buy,8372,7.1,178.32
20250801,301503,sell,337,40.19,40.63
20250801,002533,sell,9289,10.71,298.32
20250801,688208,sell,4003,34.15,410.08
20250801,605090,sell,1965,27.68,163.18
20250801,601958,sell,8032,12.11,291.7
20250801,600938,buy,1992,25.28,151.08
20250801,688100,buy,40195,33.76,4070.36
20250801,000899,buy,5043,9.11,137.83
20250801,000521,buy,769,7.3,16.84
20250801,603889,buy,6928,4.39,91.23
20250801,000690,buy,12719,4.44,169.34
20250801,000738,buy,2773,20.9,173.87
20250801,603577,buy,144089,9.42,4070.42
20250801,600885,sell,2036,24.18,147.68
20250801,601318,buy,221,57.26,37.96
20250801,601117,buy,1048,7.73,24.32
20250801,000830,buy,117371,11.56,4070.43
20250801,001311,sell,4615,17.78,246.18
20250801,000902,buy,3585,13.99,150.44
20250801,603811,sell,24469,12.23,897.77
20250801,601336,sell,1067,62.52,200.13
20250801,002091,buy,6784,7.23,147.14
20250801,603367,sell,45825,29.91,4111.39
20250801,300360,buy,4371,15.55,203.87
20250801,603187,buy,4314,11.77,152.35
20250801,603393,buy,1785,29.18,156.26
20250801,603277,buy,2019,16.14,97.76
20250801,603619,buy,71279,19.04,4070.39
20250801,603871,buy,123438,10.99,4070.44
20250801,600983,buy,1414,11.01,46.7
20250801,603225,sell,12599,12.29,464.53
20250801,601225,buy,982,19.97,58.83
20250801,002444,buy,44066,30.79,4070.43
20250801,002249,buy,10081,6.4,193.57
20250801,601169,buy,19311,6.48,375.41
20250801,002454,buy,7705,5.53,127.83
20250801,600522,buy,96776,14.02,4070.4
20250801,001207,buy,77874,17.42,4070.41
20250801,300827,buy,58550,23.17,4070.4
20250801,603919,buy,3219,18.12,175.01
20250801,603829,buy,1286,17.56,67.75
20250801,603856,buy,114313,11.87,4070.43
20250801,002483,buy,203420,6.67,4070.43
20250801,002895,sell,304,23.45,21.38
20250901,301023,sell,33050,42.8,4243.59
20250901,603036,sell,84040,21.66,5460.28
20250901,000975,sell,76640,20.51,4716.79
20250901,601336,sell,21702,65.09,4237.96
20250901,002249,sell,211990,7.91,5027.82
20250901,000923,sell,97964,15.17,4458.34
20250901,000543,sell,191100,7.21,4133.49
20250901,600938,sell,53667,25.28,4070.42
20250901,002533,sell,126746,11.06,4206.62
20250901,603187,sell,115256,14.91,5156.78
20250901,601898,sell,120164,11.21,4042.77
20250901,605507,sell,83114,16.04,3999.45
20250901,603393,sell,46498,29.64,4134.6
20250901,000738,sell,64919,20.94,4078.21
20250901,601083,sell,115363,11.96,4138.54
20250901,601766,sell,193743,7.48,4347.42
20250901,000719,sell,104050,12.52,3908.12
20250901,002769,sell,158136,9.24,4383.53
20250901,300144,sell,159250,8.88,4242.42
20250901,002478,sell,245354,5.52,4063.06
20250901,600583,sell,247142,5.51,4085.26
20250901,688208,sell,39734,40.86,4870.24
20250901,600528,sell,151453,8.5,3862.05
20250901,603391,sell,34903,40.01,4189.0
20250901,002026,sell,110681,14.08,4676.02
20250901,000651,sell,31641,40.4,3834.54
20250901,603617,sell,176669,8.53,4520.96
20250901,002327,sell,187405,7.3,4104.17
20250901,000521,sell,185864,7.56,4215.4
20250901,000902,sell,96996,14.57,4239.53
20250901,603829,sell,77267,17.7,4102.88
20250901,301503,sell,33760,42.47,4301.73
20250901,600983,sell,123234,10.87,4018.66
20250901,000690,sell,305719,4.4,4035.5
20250901,601117,sell,175423,7.66,4033.27
20250901,603889,sell,309121,4.43,4111.34
20250901,601225,sell,67939,20.29,4135.5
20250901,603367,sell,45369,25.14,3421.95
20250901,601169,sell,209384,6.07,3812.88
20250901,601318,sell,23696,57.56,4092.1
20250901,300360,sell,87269,15.59,4080.68
20250901,002895,sell,57870,25.61,4446.35
20250901,603277,sell,84062,17.08,4307.8
20250901,002091,sell,187667,8.02,4513.46
20250901,603577,sell,144089,9.78,4229.45
20250901,000830,sell,117371,15.31,5390.85
20250901,603619,sell,71279,19.25,4116.98
20250901,603871,sell,123438,12.12,4486.61
20250901,002444,sell,44066,31.95,4223.81
20250901,600522,sell,96776,16.15,4688.8
20250901,001207,sell,77874,16.44,3840.5
20250901,300827,sell,58550,24.8,4355.76
20250901,603856,sell,114313,11.71,4015.74
20250901,002483,sell,203420,6.62,4039.92
20250901,600352,buy,11976,10.25,368.31
20250901,688411,buy,11700,125.25,4396.28
20250901,002545,sell,862,10.52,27.2
20250901,603680,buy,1601,13.21,63.43
20250901,600262,buy,473,24.4,34.62
20250901,300139,buy,65481,22.38,4396.39
20250901,603811,sell,10359,14.57,452.79
20250901,603966,buy,225,8.77,5.92
20250901,000899,buy,1215,9.76,35.58
20250901,301291,sell,961,44.3,127.71
20250901,600299,buy,9757,10.02,293.41
20250901,603225,sell,15974,15.52,743.75
20250901,600219,buy,24154,3.64,263.87
20250901,600428,buy,213938,6.85,4396.43
20250901,300628,sell,1972,36.25,214.45
20250901,600338,sell,4167,13.05,163.14
20250901,603979,sell,7322,69.05,1516.75
20250901,300767,sell,31179,21.99,2056.88
20250901,000809,buy,43156,2.94,380.64
20250901,603558,buy,6038,9.24,167.34
20250901,600531,sell,11558,9.91,343.62
20250901,301626,buy,10043,145.91,4396.23
20250901,300690,buy,40992,35.75,4396.39
20250901,002056,buy,80497,18.21,4396.39
20250901,600566,buy,6811,25.74,525.95
20250901,002297,buy,157071,9.33,4396.42
20250901,301617,buy,28862,50.78,4396.43
20250901,688726,buy,29251,50.1,4396.43
20250901,603897,buy,55323,26.49,4396.37
20250901,300570,sell,1906,142.15,812.81
20250901,000968,buy,16326,7.01,343.34
20250901,300234,sell,6607,5.99,118.73
20250901,601717,sell,13501,21.71,879.32
20250901,601958,sell,23263,16.5,1151.52
20250901,688545,buy,42688,34.33,4396.44
20250901,300443,buy,56308,26.03,4396.39
20250901,000807,sell,11183,19.14,642.2
20250901,600885,buy,682,25.8,52.79
20250901,600618,buy,134571,10.89,4396.43
20250901,002818,buy,5730,11.63,199.88
20250901,000720,buy,40623,3.51,427.76
20250901,301345,buy,8096,181.0,4396.04
20250901,688387,buy,207281,7.07,4396.43
20250901,000506,buy,145240,10.09,4396.41
20250901,000680,buy,14244,9.65,412.41
20250901,000612,sell,3109,8.95,83.48
20250901,601156,sell,2166,15.58,101.24
20250901,002245,buy,119843,12.23,4396.41
20250901,600900,buy,4293,27.57,355.07
20250901,300988,buy,83954,17.46,4396.42
20250901,300251,buy,6426,19.64,378.59
20250901,688006,buy,48916,29.96,4396.38
20250901,603919,sell,7370,21.71,480.03
20250901,002452,buy,15684,7.28,342.5
20250901,600595,buy,284728,5.15,4396.43
20250901,300086,buy,216147,6.78,4396.43
20250901,301150,buy,46716,31.37,4396.44
20250901,300165,buy,304673,4.81,4396.43
20250901,601016,buy,493053,2.97,4396.44
20250901,002823,buy,88206,16.61,4396.43
20250901,601606,buy,20728,70.7,4396.41
20250901,601677,buy,95,13.27,3.78
20250901,605090,buy,1033,29.28,90.74
20250901,002454,sell,2129,6.03,38.49
20250901,000791,buy,230675,6.35,4396.44
20250901,603920,buy,37319,39.27,4396.41
20250901,600211,sell,2700,47.37,383.66
20250901,301305,buy,72410,20.24,4396.44
20250901,001311,buy,8007,17.38,417.51
20250901,601233,buy,100238,14.62,4396.44
20250901,300724,sell,6944,108.12,2252.36
20250901,603091,buy,22762,64.38,4396.25
20250901,300684,buy,41449,35.36,4396.34
20250901,002487,buy,43199,33.92,4396.37
20250901,605117,sell,4485,44.41,597.59
20250901,300563,buy,33956,43.16,4396.35
20250901,603269,buy,126008,11.63,4396.42
20250901,001400,buy,27176,53.92,4396.34
20250901,605305,buy,39591,37.02,4396.38
20250901,002463,buy,21093,69.48,4396.4
20250901,601619,buy,384035,3.82,4396.43
20250901,300004,buy,132025,11.1,4396.43
20250901,300777,buy,37770,38.8,4396.43
20250901,300545,sell,3482,35.9,375.03
20250901,300510,buy,313807,4.67,4396.44
20250901,688778,buy,24813,59.06,4396.43
20250901,300456,buy,61002,24.02,4396.38
20250901,601113,buy,376730,3.89,4396.44
20250901,601001,buy,110186,13.3,4396.42
20250901,300483,buy,126443,11.59,4396.42
20250901,600382,buy,251407,5.83,4396.43
20250901,688698,buy,26858,54.56,4396.44
20250901,688100,sell,908,37.3,101.61
20251009,000612,sell,163732,8.78,4310.35
20251009,002545,sell,139305,13.69,5721.26
20251009,300251,sell,74623,17.13,3834.43
20251009,603966,sell,167007,8.55,4283.32
20251009,603680,sell,110962,12.36,4113.62
20251009,000809,sell,498462,3.13,4680.56
20251009,601677,sell,110448,14.8,4903.19
20251009,600900,sell,53155,27.46,4378.98
20251009,300545,sell,40820,32.25,3949.51
20251009,300234,sell,244655,5.39,3956.07
20251009,000680,sell,151845,10.23,4660.12
20251009,002454,sell,243209,5.92,4316.15
20251009,301626,sell,10043,134.38,4048.75
20251009,688726,sell,29251,48.22,4231.45
20251009,000506,sell,145240,11.95,5206.85
20251009,300988,sell,83954,16.21,4083.92
20251009,600595,sell,284728,5.33,4554.93
20251009,601606,sell,20728,42.91,2668.32
20251009,603920,sell,37319,45.92,5141.19
20251009,601233,sell,100238,14.66,4408.47
20251009,603091,sell,22762,72.7,4964.39
20251009,002487,sell,43199,49.69,6439.48
20251009,603269,sell,126008,14.08,5322.58
20251009,001400,sell,27176,51.54,4201.78
20251009,002463,sell,21093,73.61,4657.79
20251009,300777,sell,37770,35.92,4070.1
20251009,300510,sell,313807,4.42,4161.08
20251009,688778,sell,24813,86.45,6435.25
20251009,300456,sell,61002,25.17,4606.94
20251009,601001,sell,110186,14.39,4756.73
20251009,300483,sell,126443,12.8,4855.41
20251009,600382,sell,251407,5.96,4497.34
20251009,600352,buy,11470,10.2,350.98
20251009,603811,buy,24426,12.6,923.3
20251009,300628,buy,3197,36.11,346.29
20251009,002394,buy,148528,10.6,4725.36
20251009,688411,sell,6651,312.0,6225.34
20251009,301291,sell,115,47.78,16.48
20251009,600428,buy,19413,6.75,393.11
20251009,603979,sell,188,74.88,42.23
20251009,300690,sell,2564,40.99,315.3
20251009,300165,buy,40748,4.56,557.43
20251009,002056,sell,4587,20.75,285.54
20251009,600338,sell,1217,14.18,51.77
20251009,000899,buy,13413,9.63,387.5
20251009,603225,buy,3712,16.05,178.73
20251009,600531,sell,37345,14.25,1596.5
20251009,600262,buy,8933,22.83,611.82
20251009,603558,buy,2199,9.79,64.61
20251009,000408,buy,26175,60.18,4725.3
20251009,002818,buy,12499,11.37,426.34
20251009,600219,buy,14119,3.78,160.16
20251009,603316,buy,117109,13.45,4725.35
20251009,600618,buy,12088,10.74,389.48
20251009,600251,buy,184009,8.56,4725.35
20251009,002297,buy,29113,8.46,738.89
20251009,002245,sell,1577,13.32,63.01
20251009,605305,sell,2043,41.95,257.11
20251009,603919,buy,13110,19.54,768.51
20251009,603897,buy,4295,26.42,340.42
20251009,600299,buy,19494,9.51,555.96
20251009,300139,sell,13479,30.29,1224.84
20251009,601958,buy,7519,16.35,368.81
20251009,301617,sell,4718,65.24,923.42
20251009,300570,buy,4254,108.15,1380.21
20251009,000791,buy,12411,6.48,241.26
20251009,600356,buy,164075,9.6,4725.36
20251009,601717,sell,4321,24.93,323.17
20251009,601016,sell,5247,3.23,50.83
20251009,002850,buy,8306,189.62,4724.98
20251009,600885,buy,2543,26.54,202.49
20251009,688387,buy,13324,7.14,285.4
20251009,601088,buy,40852,38.56,4725.29
20251009,002823,buy,4976,16.9,252.34
20251009,002249,buy,137440,11.46,4725.37
20251009,601156,buy,5440,15.83,258.35
20251009,003011,buy,77363,20.36,4725.33
20251009,605090,sell,5452,35.32,577.69
20251009,601619,sell,102304,5.59,1715.91
20251009,600211,buy,2788,46.7,390.6
20251009,000755,buy,326112,4.83,4725.36
20251009,000720,buy,58353,3.31,579.45
20251009,603889,buy,303884,5.18,4725.36
20251009,000915,buy,50308,31.31,4725.36
20251009,001311,sell,6292,20.19,381.07
20251009,000968,buy,15321,7.02,322.66
20251009,002091,buy,172182,9.15,4725.35
20251009,000807,sell,2752,21.34,176.2
20251009,002270,buy,77543,20.31,4725.32
20251009,601518,buy,576968,2.73,4725.37
20251009,301345,sell,606,210.32,382.35
20251009,300563,buy,3118,42.49,397.41
20251009,601969,buy,177178,8.89,4725.36
20251009,688545,sell,3447,40.14,415.09
20251009,603817,buy,251930,6.25,4725.36
20251009,603393,buy,54053,29.14,4725.31
20251009,601113,buy,93,4.18,1.17
20251009,301305,buy,5489,20.22,332.96
20251009,300086,buy,13128,6.87,270.57
20251009,000977,buy,20747,75.92,4725.21
20251009,002452,buy,3118,7.7,72.07
20251009,603578,buy,124221,12.68,4725.37
20251009,002353,buy,28177,55.9,4725.28
20251009,300867,buy,81487,19.33,4725.35
20251009,300684,sell,2110,40.04,253.46
20251009,300767,sell,2195,24.44,160.94
20251009,300443,sell,4199,30.23,380.78
20251009,600566,buy,6966,24.65,515.14
20251009,002062,buy,159341,9.89,4725.35
20251009,002083,buy,312524,5.04,4725.36
20251009,301035,buy,19755,79.73,4725.2
20251009,300371,buy,118608,13.28,4725.34
20251009,601702,buy,91152,17.28,4725.32
20251009,688698,sell,9588,91.21,2623.56
20251009,002158,buy,58058,27.13,4725.34
20251009,300004,sell,14126,13.36,566.17
20251009,301150,sell,11240,44.4,1497.17
20251009,600638,buy,263839,5.97,4725.36
20251009,688006,sell,4413,35.39,468.58
20251009,605377,buy,169916,9.27,4725.36
20251009,000830,buy,110534,14.25,4725.33
20251009,002350,buy,214594,7.34,4725.36
20251009,300724,buy,926,108.77,302.16
20251009,688100,buy,2584,37.62,291.61
20251009,600888,buy,185308,8.5,4725.35
20251009,000651,buy,39986,39.39,4725.33
20251009,605117,sell,5362,57.0,916.87
20251009,600033,buy,472881,3.33,4725.36
20251103,601717,sell,63182,23.61,4475.18
20251103,000807,sell,73806,24.29,5378.24
20251103,601958,sell,96337,14.97,4326.49
20251103,600211,sell,33728,44.93,4546.03
20251103,600566,sell,63899,25.07,4805.84
20251103,000968,sell,224376,7.52,5061.92
20251103,600531,sell,110535,12.01,3982.58
20251103,300767,sell,64449,21.75,4205.3
20251103,605117,sell,27635,55.81,4627.2
20251103,000720,sell,475868,3.5,4996.61
20251103,300570,sell,14564,98.4,4299.29
20251103,301291,sell,32967,46.2,4569.23
20251103,001311,sell,78023,17.97,4206.97
20251103,603811,sell,125009,12.0,4500.32
20251103,603225,sell,98138,15.64,4604.63
20251103,603919,sell,80609,20.02,4840.4
20251103,688411,sell,5049,284.89,4315.23
20251103,600428,sell,233351,7.16,5012.38
20251103,300690,sell,38428,33.16,3822.82
20251103,002297,sell,186184,9.25,5166.61
20251103,688545,sell,39241,35.82,4216.84
20251103,300443,sell,52109,28.82,4504.75
20251103,600618,sell,146659,11.04,4857.35
20251103,301345,sell,7490,221.1,4968.21
20251103,688387,sell,220605,6.64,4394.45
20251103,688006,sell,44503,31.74,4237.92
20251103,300086,sell,229275,9.02,6204.18
20251103,301150,sell,35476,43.31,4609.4
20251103,300165,sell,345421,4.88,5056.96
20251103,300684,sell,39339,45.24,5339.03
20251103,300563,sell,37074,38.07,4234.74
20251103,605305,sell,37548,44.89,5056.59
20251103,300004,sell,117899,11.6,4102.89
20251103,688698,sell,17270,86.24,4468.09
20251103,603316,sell,117109,13.89,4879.93
20251103,600356,sell,164075,9.36,4607.23
20251103,002249,sell,137440,12.08,4979.88
20251103,603889,sell,303884,5.66,5161.03
20251103,002270,sell,77543,25.69,5977.01
20251103,601969,sell,177178,9.91,5269.17
20251103,603817,sell,251930,6.94,5245.18
20251103,603393,sell,54053,28.83,4675.04
20251103,603578,sell,124221,13.35,4975.05
20251103,002353,sell,28177,50.64,4280.65
20251103,002083,sell,312524,5.83,5466.04
20251103,301035,sell,19755,73.35,4347.09
20251103,300371,sell,118608,13.18,4689.76
20251103,002158,sell,58058,24.52,4270.75
20251103,605377,sell,169916,9.1,4638.71
20251103,000830,sell,110534,13.54,4489.89
20251103,002350,sell,214594,7.84,5047.25
20251103,600888,sell,185308,8.21,4564.14
20251103,600352,sell,7840,10.8,254.02
20251103,601619,buy,76638,4.42,1015.64
20251103,002545,buy,90721,17.45,4749.24
20251103,603331,buy,132365,11.96,4749.26
20251103,603218,buy,109708,14.43,4749.26
20251103,002487,buy,31131,50.85,4749.26
20251103,603637,buy,143266,11.05,4749.27
20251103,002823,sell,1714,17.31,89.0
20251103,601156,sell,682,16.02,32.78
20251103,300509,buy,144706,10.94,4749.25
20251103,000791,sell,12631,6.87,260.3
20251103,600338,buy,798,14.15,33.88
20251103,600382,buy,223269,7.09,4749.26
20251103,000755,sell,26850,5.29,426.11
20251103,600262,sell,13601,28.58,1166.15
20251103,002452,sell,17448,8.47,443.15
20251103,600033,sell,25486,3.54,270.54
20251103,603897,buy,53,26.53,4.22
20251103,002394,sell,8007,11.27,270.62
20251103,601088,sell,3556,42.45,452.82
20251103,600299,buy,3136,9.38,88.22
20251103,000408,buy,1805,56.58,306.37
20251103,002818,buy,5638,10.98,185.73
20251103,300139,buy,12746,24.45,934.92
20251103,601518,sell,54495,3.03,495.36
20251103,000899,sell,15056,10.66,481.49
20251103,601016,buy,21226,3.11,198.04
20251103,600251,sell,5128,8.85,136.15
20251103,002056,sell,881,21.1,55.77
20251103,300867,sell,48,19.44,2.8
20251103,003011,sell,8382,22.95,577.1
20251103,300234,buy,290475,5.45,4749.27
20251103,600219,sell,52114,4.34,679.12
20251103,002454,buy,260644,6.07,4749.27
20251103,605020,buy,60967,25.97,4749.21
20251103,600300,buy,450610,3.51,4749.27
20251103,000960,buy,68759,23.02,4749.24
20251103,600638,sell,2602,6.06,47.3
20251103,301617,sell,1684,70.49,356.1
20251103,601898,buy,110551,14.32,4749.27
20251103,300033,buy,6279,252.1,4748.83
20251103,000612,buy,159201,9.94,4749.25
20251103,603500,buy,126546,12.51,4749.27
20251103,000977,buy,4087,63.74,781.57
20251103,605090,buy,3289,33.06,326.2
20251103,301491,buy,24224,65.35,4749.12
20251103,002177,buy,216861,7.3,4749.26
20251103,601061,buy,123241,12.85,4749.27
20251103,000651,buy,1077,38.55,124.56
20251103,601233,buy,110166,14.37,4749.26
20251103,002255,buy,161780,9.79,4749.27
20251103,002245,buy,9093,12.43,339.08
20251103,600660,buy,24384,64.92,4749.21
20251103,603558,sell,26350,11.77,930.55
20251103,002850,buy,864,172.63,447.46
20251103,600988,buy,53358,29.67,4749.26
20251103,600885,sell,7336,30.44,669.93
20251103,300018,buy,134274,11.79,4749.27
20251103,603682,buy,275246,5.75,4749.27
20251103,300628,buy,1599,35.0,167.92
20251103,300400,buy,69952,22.63,4749.26
20251103,601113,buy,20938,3.98,250.0
20251103,688100,buy,525,37.34,58.81
20251103,601702,sell,1863,17.73,99.09
20251103,600938,buy,55703,28.42,4749.24
20251103,601101,buy,200138,7.91,4749.27
20251103,002034,buy,91561,17.29,4749.27
20251103,002507,buy,123304,12.84,4749.26
20251103,002033,buy,188013,8.42,4749.26
20251103,600821,buy,286596,5.52,4749.27
20251103,603005,buy,54191,29.21,4749.28
20251103,688080,buy,30697,51.57,4749.13
20251103,688101,buy,91287,17.34,4749.27
20251103,002062,sell,14016,10.89,458.05
20251103,603920,buy,38907,40.69,4749.21
20251103,002138,buy,41981,37.71,4749.27
20251103,603040,buy,20440,77.45,4749.08
20251103,002921,buy,94119,16.82,4749.24
20251103,002303,buy,371836,4.26,4749.26
20251103,300724,buy,2244,94.65,637.18
20251103,600163,buy,303274,5.22,4749.27
20251103,000915,sell,4234,34.36,436.44
20251103,300445,buy,77279,20.49,4749.26
20251103,300274,buy,7974,198.51,4748.86
20251103,300571,buy,50081,31.61,4749.18
20251103,603699,buy,29485,53.69,4749.15
20251103,603979,buy,3871,63.56,738.12
20251103,600578,buy,329810,4.8,4749.26
20251103,300959,buy,14457,109.5,4749.12
20251103,001337,buy,58498,27.06,4749.23
20251103,002091,sell,969,9.25,26.88
20251103,002833,buy,99960,15.84,4749.27
20251103,301305,sell,5479,21.86,359.31
20251201,300724,sell,16725,84.92,4260.86
20251201,603979,sell,24907,65.9,4924.11
20251201,301617,sell,22460,62.01,4178.36
20251201,301305,sell,72420,22.04,4788.41
20251201,002850,sell,9170,154.61,4253.25
20251201,002062,sell,145325,10.31,4495.01
20251201,300033,sell,6279,228.98,4313.37
20251201,603500,sell,126546,11.35,4308.89
20251201,002177,sell,216861,6.75,4391.44
20251201,300400,sell,69952,18.99,3984.52
20251201,688080,sell,30697,49.62,4569.56
20251201,603040,sell,20440,79.6,4881.07
20251201,002303,sell,371836,4.25,4740.91
20251201,300274,sell,7974,178.7,4274.86
20251201,300571,sell,50081,29.67,4457.71
20251201,603699,sell,29485,49.66,4392.68
20251201,300959,sell,14457,118.11,5122.55
20251201,001337,sell,58498,27.86,4888.45
20251201,002833,sell,99960,15.8,4737.64
20251201,600352,buy,1177,10.56,37.29
20251201,002545,sell,2615,17.71,138.93
20251201,601619,buy,8783,4.25,111.98
20251201,603331,buy,1455,11.66,50.9
20251201,603218,buy,12194,12.8,468.25
20251201,002487,buy,30,50.07,4.51
20251201,000791,buy,9628,6.5,187.72
20251201,603637,buy,3521,10.63,112.28
20251201,600033,sell,38415,3.82,439.69
20251201,300509,sell,27738,13.34,1110.07
20251201,600262,buy,4969,25.85,385.35
20251201,603920,sell,1157,41.33,143.47
20251201,002818,buy,233,10.81,7.55
20251201,000755,sell,10843,5.41,175.98
20251201,600382,buy,14065,6.57,277.41
20251201,600338,sell,5079,14.61,222.61
20251201,601088,buy,448,41.34,55.56
20251201,601156,sell,4023,16.46,198.66
20251201,002138,buy,3187,34.55,330.29
20251201,002452,buy,11955,7.84,281.29
20251201,603005,buy,2694,27.43,221.69
20251201,002823,buy,8917,15.54,415.8
20251201,300139,sell,2829,25.2,213.87
20251201,603897,sell,678,26.45,53.8
20251201,600251,sell,3166,8.88,84.34
20251201,601016,buy,11083,3.0,99.75
20251201,601518,buy,6457,2.95,57.14
20251201,002394,sell,9695,11.93,346.89
20251201,600299,buy,4378,9.01,118.32
20251201,000899,buy,5069,10.16,154.5
20251201,003011,sell,694,22.85,47.57
20251201,300684,buy,36892,42.29,4680.94
20251201,600219,sell,12705,4.44,169.08
20251201,688550,buy,34046,45.83,4680.96
20251201,000408,sell,2750,61.85,510.24
20251201,000651,sell,1907,39.85,227.98
20251201,300867,sell,10509,22.0,693.55
20251201,301491,buy,1991,59.52,355.51
20251201,600563,buy,14928,104.52,4680.82
20251201,600300,sell,6473,3.51,68.22
20251201,002056,buy,6070,19.24,350.36
20251201,601898,buy,3760,13.65,153.97
20251201,300234,buy,92,5.37,1.48
20251201,002255,sell,32048,12.03,1156.38
20251201,601113,sell,53313,4.53,724.52
20251201,603061,buy,18041,86.49,4681.0
20251201,002507,buy,274,12.63,10.38
20251201,600638,buy,3677,5.89,64.97
20251201,002454,sell,4685,6.1,85.68
20251201,300408,buy,36579,42.66,4680.99
20251201,000612,buy,3283,9.6,94.58
20251201,601061,sell,16314,14.59,714.19
20251201,603682,sell,19811,6.11,363.05
20251201,603558,buy,4390,11.24,147.97
20251201,300236,buy,26653,58.54,4681.01
20251201,601101,buy,10719,7.4,237.96
20251201,600885,buy,3276,28.22,277.39
20251201,605090,buy,618,32.17,59.64
20251201,002245,buy,14620,10.99,482.02
20251201,605020,buy,695,25.3,52.76
20251201,000960,sell,5783,24.78,429.86
20251201,002947,buy,34768,44.88,4680.96
20251201,000680,buy,149172,10.46,4681.02
20251201,000915,buy,254,33.68,25.66
20251201,688336,buy,23895,65.3,4681.03
20251201,000977,buy,161,62.43,30.15
20251201,002034,buy,3931,16.34,192.7
20251201,300285,buy,68137,22.9,4681.01
20251201,600988,sell,4490,31.93,430.1
20251201,002077,buy,97521,16.0,4681.01
20251201,600821,buy,8365,5.29,132.75
20251201,601702,sell,2554,17.99,137.84
20251201,002033,sell,9428,8.74,247.13
20251201,601107,buy,265817,5.87,4681.04
20251201,603078,buy,86064,18.13,4681.02
20251201,601233,sell,9303,15.47,431.75
20251201,300018,buy,5667,11.15,189.56
20251201,688183,buy,15918,98.02,4680.85
20251201,688101,sell,2826,17.64,149.54
20251201,300373,buy,24069,64.83,4680.96
20251201,002921,buy,5202,15.71,245.17
20251201,600938,sell,915,28.48,78.18
20251201,600846,buy,90717,17.2,4681.0
20251201,002655,buy,118470,13.17,4681.0
20251201,603889,buy,282594,5.52,4681.02
20251201,002275,buy,101717,15.34,4681.02
20251201,600163,sell,24640,5.6,413.95
20251201,300628,buy,1789,33.19,178.13
20251201,600750,buy,68828,22.67,4680.99
20251201,000429,buy,125228,12.46,4681.02
20251201,600578,buy,10876,4.58,149.44
20251201,300445,sell,4675,21.49,301.41
20251201,002091,sell,1978,9.22,54.71
20251201,601225,buy,68167,22.89,4681.03
20251201,603890,buy,95434,16.35,4681.04
20251201,688100,buy,2085,35.08,219.41
20251201,603629,buy,58615,26.62,4680.99
20251201,603356,buy,111612,13.98,4681.01
20251201,600660,buy,176,63.53,33.54
20251201,605055,buy,159938,8.89,4265.55
