date,code,direction,qty,price,cost
20220104,603599,buy,57807,17.3,3000.0
20220104,300660,buy,64554,15.49,3000.0
20220104,603005,buy,30397,32.9,2999.91
20220104,002270,buy,126897,7.88,2999.99
20220104,601728,buy,276710,3.61,2999.99
20220104,600742,buy,99762,10.02,2999.99
20220104,002483,buy,127750,7.83,2999.98
20220104,601199,buy,169801,5.89,2999.99
20220104,688298,buy,7649,130.73,2999.88
20220104,600285,buy,70450,14.19,2999.97
20220104,300519,buy,47439,21.08,2999.98
20220104,603886,buy,56701,17.64,3000.0
20220104,601169,buy,286058,3.5,2999.99
20220104,002191,buy,78131,12.8,2999.99
20220104,603239,buy,62383,16.03,2999.98
20220104,002101,buy,94765,10.55,2999.98
20220104,300358,buy,40670,24.59,2999.95
20220104,601985,buy,133367,7.5,3000.0
20220104,300893,buy,79559,12.57,2999.99
20220104,002677,buy,71387,14.01,2999.97
20220104,300547,buy,77243,12.95,2999.98
20220104,000059,buy,145742,6.86,2999.99
20220104,002056,buy,61468,16.27,2999.97
20220104,603258,buy,35431,28.22,2999.97
20220104,603279,buy,38376,26.06,2999.95
20220104,603466,buy,52822,18.93,2999.95
20220104,688556,buy,75214,13.3,2999.96
20220104,600750,buy,84759,11.8,2999.97
20220104,000823,buy,78023,12.82,3000.0
20220104,603896,buy,21816,45.84,2999.93
20220104,601339,buy,226630,4.41,3000.0
20220104,300394,buy,56218,17.79,2999.99
20220104,002557,buy,18338,54.53,3000.0
20220104,002463,buy,64043,15.61,2999.96
20220104,002068,buy,95419,10.48,2999.97
20220104,002815,buy,63779,15.68,2999.96
20220104,603568,buy,47278,21.15,2999.97
20220104,600873,buy,152716,6.55,2999.98
20220104,603369,buy,20020,49.95,2999.86
20220104,600325,buy,196606,5.09,2999.99
20220104,300653,buy,25056,39.91,2999.99
20220104,000049,buy,20649,48.43,2999.86
20220104,605111,buy,16362,61.12,2999.95
20220104,300033,buy,10461,95.59,2999.91
20220104,002416,buy,112804,8.86,2999.99
20220104,300031,buy,35543,28.13,2999.98
20220104,688399,buy,12419,80.52,2999.79
20220104,601107,buy,231557,4.32,2999.99
20220104,603698,buy,55996,17.86,2999.96
20220104,603100,buy,69475,14.39,2999.98
20220104,600223,buy,80288,12.46,2999.97
20220104,600535,buy,70521,14.18,2999.99
20220104,600874,buy,156825,6.38,3000.0
20220104,688586,buy,60984,16.4,2999.99
20220104,605399,buy,43632,22.92,2999.98
20220104,600764,buy,27221,36.74,2999.95
20220104,600015,buy,229938,4.35,2999.99
20220104,601881,buy,98997,10.1,2999.97
20220104,002725,buy,95538,10.47,3000.0
20220104,603801,buy,57919,17.27,2999.96
20220104,603305,buy,44623,22.41,2999.95
20220104,605369,buy,16119,62.04,3000.0
20220104,002884,buy,48281,20.71,2999.94
20220104,605009,buy,28446,35.15,2999.97
20220104,600039,buy,150213,6.66,3000.0
20220104,601677,buy,34063,29.36,2999.98
20220104,600449,buy,90241,11.08,2999.98
20220104,601988,buy,415463,2.41,3000.0
20220104,002026,buy,58118,17.21,2999.98
20220104,300398,buy,38616,25.9,2999.99
20220104,002839,buy,255571,3.91,3000.0
20220104,002254,buy,55126,18.14,3000.0
20220104,601919,buy,90054,11.1,2999.99
20220104,603112,buy,84970,11.77,2999.97
20220104,603319,buy,75841,13.19,2999.96
20220104,300192,buy,124252,8.05,2999.99
20220104,000989,buy,101511,9.85,2999.98
20220104,605166,buy,69796,14.33,2999.96
20220104,600566,buy,38139,26.22,2999.95
20220104,000923,buy,75883,13.18,2999.96
20220104,601515,buy,163117,6.13,2999.99
20220104,002670,buy,103734,9.64,2999.99
20220104,600814,buy,162914,6.14,2999.99
20220104,300852,buy,25461,39.28,2999.99
20220104,603589,buy,16276,61.44,2999.88
20220104,002860,buy,61435,16.28,2999.97
20220104,300058,buy,112914,8.86,2999.99
20220104,600741,buy,41295,24.22,3000.0
20220104,002487,buy,27183,36.79,2999.9
20220104,600562,buy,56454,17.71,2999.97
20220104,603606,buy,24291,41.17,2999.95
20220104,000915,buy,39682,25.2,2999.97
20220104,002950,buy,65606,15.24,2999.98
20220104,002106,buy,92571,10.8,2999.98
20220104,603228,buy,32137,31.12,2999.98
20220104,002984,buy,41018,24.38,2999.97
20220104,600668,buy,63759,15.68,2999.96
20220104,300251,buy,82322,12.15,2999.98
20220104,603203,buy,39537,25.29,2999.96
20220104,300286,buy,22972,30.55,2105.57
20220207,002191,sell,78131,14.84,3478.96
20220207,603239,sell,62383,12.54,2347.07
20220207,300358,sell,40670,19.7,2403.51
20220207,300893,sell,79559,10.49,2504.21
20220207,603258,sell,35431,23.38,2484.73
20220207,603466,sell,52822,17.64,2795.32
20220207,603896,sell,21816,38.76,2536.62
20220207,002557,sell,18338,48.12,2647.06
20220207,002463,sell,64043,16.88,3244.04
20220207,002815,sell,63779,13.37,2557.97
20220207,603369,sell,20020,48.18,2893.82
20220207,300653,sell,25056,36.39,2735.13
20220207,000049,sell,20649,41.48,2569.65
20220207,605111,sell,16362,53.96,2648.77
20220207,002416,sell,112804,7.86,2660.82
20220207,300031,sell,35543,20.28,2162.8
20220207,688399,sell,12419,75.64,2818.22
20220207,603698,sell,55996,14.81,2487.77
20220207,600535,sell,70521,12.11,2562.68
20220207,688586,sell,60984,13.71,2508.92
20220207,605399,sell,43632,25.78,3374.6
20220207,600764,sell,27221,30.7,2506.9
20220207,601881,sell,98997,9.5,2822.56
20220207,002725,sell,95538,8.97,2571.43
20220207,603801,sell,57919,15.8,2745.16
20220207,603305,sell,44623,21.27,2846.82
20220207,605369,sell,16119,64.28,3108.4
20220207,600039,sell,150213,6.32,2848.84
20220207,601988,sell,415463,2.45,3058.63
20220207,002026,sell,58118,16.22,2827.23
20220207,300398,sell,38616,22.87,2649.52
20220207,002839,sell,255571,4.34,3329.33
20220207,002254,sell,55126,17.86,2954.41
20220207,601919,sell,90054,9.37,2530.09
20220207,603112,sell,84970,13.47,3433.1
20220207,603319,sell,75841,11.24,2558.38
20220207,300192,sell,124252,6.32,2355.62
20220207,000989,sell,101511,7.52,2289.52
20220207,605166,sell,69796,12.63,2645.31
20220207,600566,sell,38139,20.37,2330.51
20220207,000923,sell,75883,15.33,3489.09
20220207,002670,sell,103734,8.75,2723.02
20220207,300852,sell,25461,31.89,2435.51
20220207,603589,sell,16276,63.52,3101.41
20220207,002860,sell,61435,14.2,2617.86
20220207,300058,sell,112914,6.05,2050.36
20220207,600741,sell,41295,23.81,2949.29
20220207,002487,sell,27183,40.51,3303.75
20220207,600562,sell,56454,14.83,2511.95
20220207,603606,sell,24291,46.68,3401.66
20220207,002950,sell,65606,13.01,2560.54
20220207,603228,sell,32137,31.51,3038.04
20220207,002984,sell,41018,21.93,2698.56
20220207,600668,sell,63759,13.65,2610.61
20220207,300251,sell,82322,9.34,2305.72
20220207,603203,sell,39537,24.06,2853.93
20220207,300286,sell,22972,27.81,1916.38
20220207,002034,buy,53144,17.27,2753.38
20220207,601339,sell,50991,5.23,799.36
20220207,601728,sell,12490,3.47,130.16
20220207,000501,buy,92011,9.97,2753.38
20220207,600223,buy,3743,10.92,122.64
20220207,600325,sell,30421,5.52,504.02
20220207,603599,buy,5186,14.57,226.68
20220207,603005,buy,5086,25.87,394.65
20220207,000059,sell,13250,6.93,275.36
20220207,601928,buy,152467,6.02,2753.38
20220207,603886,buy,839,15.95,40.15
20220207,688298,sell,87,121.38,31.68
20220207,300660,sell,231,14.27,9.89
20220207,601169,sell,29833,3.58,320.59
20220207,002677,sell,3812,13.58,155.32
20220207,002483,sell,3181,7.37,70.31
20220207,000915,sell,4493,26.08,351.57
20220207,002763,buy,126856,7.23,2753.38
20220207,600295,buy,102974,8.91,2753.37
20220207,600729,buy,43416,21.14,2753.38
20220207,002039,buy,78076,11.76,2753.39
20220207,601717,buy,93265,9.84,2753.37
20220207,600097,buy,92356,9.94,2753.39
20220207,300580,buy,75595,12.14,2753.38
20220207,600582,buy,270693,3.39,2753.38
20220207,600015,sell,24021,4.46,321.19
20220207,600050,buy,274718,3.34,2753.38
20220207,600874,sell,4727,6.03,85.57
20220207,000800,buy,105356,8.71,2753.39
20220207,603279,buy,2136,22.65,145.17
20220207,600873,sell,8664,6.37,165.6
20220207,600449,sell,8939,11.29,302.73
20220207,688606,buy,13525,67.86,2753.33
20220207,688068,buy,10618,86.43,2753.19
20220207,000932,buy,191126,4.8,2753.38
20220207,601677,sell,2204,28.81,190.48
20220207,002106,buy,3769,9.53,107.72
20220207,002508,buy,30432,30.16,2753.31
20220207,600373,buy,97375,9.43,2753.38
20220207,601006,buy,174439,5.26,2753.39
20220207,002498,buy,204406,4.49,2753.39
20220207,600377,buy,120306,7.63,2753.38
20220207,002056,buy,357,14.84,15.9
20220207,000651,buy,32197,28.51,2753.33
20220207,600814,sell,14276,6.17,264.45
20220207,300394,sell,119,16.36,5.84
20220207,601002,buy,197463,4.65,2753.38
20220207,600585,buy,26760,34.3,2753.35
20220207,603699,buy,97966,9.37,2753.37
20220207,601688,buy,60292,15.22,2753.37
20220207,300033,buy,1262,78.29,296.41
20220207,002753,buy,111359,8.24,2753.38
20220207,002649,buy,81935,11.2,2753.39
20220207,600548,buy,109020,8.42,2753.37
20220207,002884,buy,1720,18.36,94.71
20220207,600750,buy,11595,9.53,331.34
20220207,000830,buy,78203,11.74,2753.38
20220207,600285,buy,11342,11.22,381.81
20220207,601515,buy,10857,5.28,171.83
20220207,003816,buy,343922,2.67,2753.39
20220207,300547,sell,9241,13.5,374.17
20220207,601199,sell,3742,5.53,62.05
20220207,601985,buy,3833,6.69,76.92
20220207,603100,buy,8118,11.83,288.07
20220207,601699,buy,104162,8.81,2753.37
20220207,000612,buy,144654,6.34,2753.38
20220207,002270,buy,10054,6.7,202.13
20220207,002068,sell,1092,9.73,31.88
20220207,603890,buy,74796,12.27,2753.36
20220207,000690,buy,205525,4.47,2753.38
20220207,603568,buy,1723,18.73,96.82
20220207,688556,sell,9302,13.92,388.58
20220207,605009,sell,416,32.74,40.86
20220207,601107,sell,5865,4.07,71.55
20220207,605368,buy,129464,7.09,2753.39
20220207,002845,buy,48749,18.83,2753.34
20220207,002873,buy,68768,13.35,2753.37
20220207,000425,buy,178691,5.14,2753.38
20220207,000951,buy,72360,12.68,2753.37
20220207,002801,buy,51518,17.81,2753.36
20220207,300519,buy,11300,15.62,529.68
20220207,002233,buy,109923,8.35,2753.38
20220207,000883,buy,217429,4.22,2753.38
20220207,600742,buy,1720,9.04,46.67
20220207,688009,buy,212095,4.33,2753.38
20220207,600308,buy,235033,3.9,2753.38
20220207,002101,sell,20684,12.39,768.77
20220207,000823,buy,4357,11.14,145.62
20220207,603386,buy,72868,12.6,2753.38
20220207,000617,buy,194665,4.71,2753.38
20220207,600062,buy,84295,10.89,2753.36
20220207,600810,buy,85742,10.7,2753.39
20220207,601318,buy,21600,42.49,2753.27
20220207,600159,buy,302903,3.03,2753.39
20220207,600512,buy,269854,3.4,2753.39
20220207,600219,buy,249623,3.68,2753.39
20220207,600426,buy,32391,28.33,2753.36
20220207,600007,buy,79060,11.61,2753.36
20220207,000807,buy,86227,10.64,2753.37
20220207,300677,buy,17673,42.56,2256.66
20220301,603005,sell,35483,27.2,2895.21
20220301,002270,sell,136951,7.25,2976.9
20220301,600742,sell,101482,9.37,2851.98
20220301,300519,sell,58739,17.66,3112.09
20220301,002101,sell,74081,13.02,2892.95
20220301,000059,sell,132492,6.66,2648.79
20220301,002056,sell,61825,15.19,2818.12
20220301,688556,sell,65912,15.77,3117.77
20220301,603568,sell,49001,20.22,2971.81
20220301,601107,sell,225692,4.21,2853.41
20220301,603100,sell,77593,12.0,2792.36
20220301,600223,sell,84031,11.3,2847.58
20220301,600015,sell,205917,4.37,2700.9
20220301,601515,sell,173974,5.34,2789.25
20220301,600814,sell,148638,6.94,3095.54
20220301,002508,sell,30432,28.37,2589.93
20220301,600377,sell,120306,7.42,2677.9
20220301,603890,sell,74796,11.23,2519.58
20220301,002873,sell,68768,16.11,3323.08
20220301,002801,sell,51518,20.43,3157.47
20220301,603386,sell,72868,12.22,2670.25
20220301,600062,sell,84295,11.18,2826.48
20220301,600159,sell,302903,3.03,2753.39
20220301,600007,sell,79060,11.77,2790.73
20220301,300677,sell,17673,40.84,2165.41
20220301,002034,sell,5056,19.77,299.83
20220301,601728,buy,14731,3.41,150.59
20220301,600012,buy,152661,6.23,2851.67
20220301,300660,buy,1706,14.4,73.68
20220301,603886,buy,3818,15.49,177.44
20220301,000501,buy,5072,9.79,148.98
20220301,601339,buy,5755,5.24,90.47
20220301,000830,sell,7078,13.36,283.79
20220301,601919,buy,94205,10.09,2851.66
20220301,600325,buy,15019,5.25,236.36
20220301,601928,sell,3119,6.36,59.55
20220301,600295,sell,5410,9.74,158.13
20220301,600874,sell,2604,6.36,49.67
20220301,600050,buy,3155,3.42,32.38
20220301,603599,sell,1080,15.35,49.74
20220301,002039,sell,3004,12.66,114.11
20220301,000807,sell,11741,12.76,449.5
20220301,002677,buy,6672,12.8,256.25
20220301,688298,sell,530,135.18,214.94
20220301,600582,sell,3687,3.56,39.38
20220301,600283,buy,106720,8.91,2851.65
20220301,000800,buy,5863,8.55,150.33
20220301,600585,buy,1900,33.17,189.05
20220301,601169,buy,10898,3.56,116.34
20220301,000932,buy,793,4.95,11.78
20220301,002649,sell,7550,12.78,289.44
20220301,601199,buy,6506,5.51,107.51
20220301,002106,buy,2664,9.6,76.73
20220301,000915,sell,2084,28.71,179.52
20220301,600548,buy,5124,8.33,128.01
20220301,688606,sell,1720,80.53,415.52
20220301,000731,buy,111072,8.56,2851.67
20220301,002133,buy,272872,3.48,2851.66
20220301,002757,buy,56678,16.77,2851.67
20220301,605117,buy,25379,37.45,2851.59
20220301,300580,buy,5085,11.78,179.73
20220301,601699,sell,14149,10.56,448.25
20220301,601002,sell,5803,4.96,86.34
20220301,601006,buy,4900,5.3,77.91
20220301,600449,sell,1435,11.9,51.24
20220301,601985,buy,1097,6.87,22.62
20220301,002233,buy,2159,8.48,54.93
20220301,000651,buy,2408,27.47,198.43
20220301,601677,buy,1316,28.65,113.12
20220301,600729,buy,4212,19.96,252.19
20220301,002483,sell,6059,8.02,145.8
20220301,000883,buy,3421,4.3,44.17
20220301,600598,buy,75338,12.62,2851.65
20220301,600039,buy,140270,6.78,2851.66
20220301,601336,buy,28953,32.83,2851.66
20220301,000581,buy,55438,17.15,2851.67
20220301,000617,sell,4823,5.01,72.45
20220301,601318,buy,1028,42.01,129.55
20220301,688068,sell,1946,109.62,639.97
20220301,600512,sell,6230,3.61,67.39
20220301,605009,buy,810,32.96,80.09
20220301,000425,buy,13356,4.95,198.32
20220301,603279,sell,1347,24.27,98.08
20220301,000823,sell,4217,12.16,153.85
20220301,000690,buy,4908,4.52,66.51
20220301,002498,buy,5951,4.52,80.67
20220301,600308,buy,1026,4.03,12.39
20220301,600352,buy,88746,10.71,2851.64
20220301,002763,buy,6515,7.13,139.3
20220301,003816,buy,12276,2.67,98.28
20220301,600810,buy,1596,10.88,52.11
20220301,688009,buy,10748,4.27,137.54
20220301,601688,buy,7187,14.09,303.72
20220301,002884,sell,1676,19.67,98.9
20220301,601319,buy,228795,4.15,2851.66
20220301,600873,sell,7487,6.96,156.34
20220301,600097,sell,6091,11.02,201.35
20220301,600426,sell,1972,31.25,184.87
20220301,600750,buy,471,9.82,13.87
20220301,600398,buy,224466,4.23,2851.67
20220301,600219,sell,7281,3.92,85.68
20220301,603699,buy,5775,9.16,158.74
20220301,002845,buy,2955,18.38,162.98
20220301,002753,sell,1103,8.62,28.53
20220301,601717,sell,2200,10.44,68.89
20220301,601601,buy,41335,23.0,2851.65
20220301,000612,sell,1608,6.65,32.06
20220301,300547,buy,4896,13.04,191.52
20220301,600741,buy,44748,21.24,2851.64
20220301,600720,buy,96197,9.88,2851.66
20220301,688399,buy,12288,77.36,2851.67
20220301,002068,sell,11813,11.52,408.26
20220301,000048,buy,51948,18.3,2851.63
20220301,002048,buy,59680,15.93,2851.65
20220301,002027,buy,152603,6.23,2851.66
20220301,000951,buy,5827,12.16,212.52
20220301,600373,buy,1667,9.6,48.0
20220301,600285,sell,3009,12.07,108.92
20220301,603565,buy,95811,9.92,2851.65
20220301,002636,buy,80844,11.76,2851.65
20220301,300394,sell,3894,18.21,212.71
20220301,300033,buy,1577,71.47,338.12
20220301,002833,buy,59824,15.89,2851.67
20220301,605368,sell,1137,7.41,25.27
20220301,601579,buy,86791,10.0,2604.72
20220401,601199,sell,172565,6.12,3169.05
20220401,600285,sell,78783,11.26,2662.26
20220401,300547,sell,72898,12.88,2816.94
20220401,300394,sell,52205,13.66,2139.72
20220401,002068,sell,82514,11.29,2794.75
20220401,300033,sell,13300,65.3,2605.29
20220401,002884,sell,48325,16.46,2385.61
20220401,605009,sell,28840,26.72,2311.84
20220401,601677,sell,33175,28.77,2863.77
20220401,002763,sell,133371,6.75,2700.77
20220401,600097,sell,86265,11.38,2945.01
20220401,300580,sell,80680,8.75,2118.07
20220401,603699,sell,103741,7.4,2302.13
20220401,601688,sell,67479,13.23,2678.78
20220401,002753,sell,110256,8.29,2741.42
20220401,000612,sell,143046,5.69,2441.51
20220401,002845,sell,51704,15.39,2386.51
20220401,000951,sell,78187,10.47,2456.23
20220401,600512,sell,263624,3.85,3044.36
20220401,601919,sell,94205,9.66,2729.97
20220401,600039,sell,140270,6.03,2535.87
20220401,600398,sell,224466,3.8,2558.46
20220401,601601,sell,41335,19.99,2478.77
20220401,600741,sell,44748,17.1,2295.44
20220401,688399,sell,12288,84.73,3123.45
20220401,002048,sell,59680,14.64,2621.79
20220401,002027,sell,152603,5.08,2324.68
20220401,603565,sell,95811,8.85,2543.39
20220401,002636,sell,80844,10.13,2456.95
20220401,002833,sell,59824,13.63,2446.38
20220401,601579,sell,86791,8.61,2241.27
20220401,600295,sell,10397,10.39,324.15
20220401,002034,buy,6904,16.47,341.19
20220401,600012,sell,13001,6.49,252.99
20220401,601728,sell,5154,3.31,51.16
20220401,601339,buy,5727,4.84,83.18
20220401,600533,buy,217586,4.16,2717.65
20220401,000830,sell,9290,14.65,408.3
20220401,300660,buy,14067,11.31,477.29
20220401,601928,sell,12540,6.62,249.1
20220401,000501,sell,2702,9.6,77.8
20220401,002039,buy,4268,11.42,146.19
20220401,601006,sell,10167,5.35,163.33
20220401,600325,sell,45442,6.67,909.65
20220401,603599,buy,2601,14.04,109.57
20220401,000800,buy,2701,7.95,64.43
20220401,600050,buy,6912,3.18,65.96
20220401,600582,sell,52833,4.23,670.4
20220401,002649,sell,510,12.26,18.76
20220401,000807,sell,1661,12.44,61.99
20220401,600548,sell,2142,8.09,51.97
20220401,603886,buy,3908,13.88,162.73
20220401,002233,sell,5169,8.47,131.39
20220401,601717,sell,11173,11.34,380.07
20220401,601319,sell,8872,4.12,109.63
20220401,000932,buy,2145,4.67,30.04
20220401,600997,buy,141332,6.41,2717.64
20220401,300458,buy,52765,17.17,2717.62
20220401,688298,sell,1231,156.17,576.73
20220401,600742,buy,112569,8.05,2717.63
20220401,600449,sell,8359,12.67,317.68
20220401,600585,sell,603,32.29,58.41
20220401,000581,buy,42,16.33,2.06
20220401,600308,buy,4253,3.77,48.1
20220401,002757,buy,13444,12.92,521.03
20220401,601169,sell,16961,3.62,184.26
20220401,600373,sell,3923,9.52,112.08
20220401,601336,buy,701,30.55,64.24
20220401,600874,sell,17842,6.88,368.31
20220401,000731,sell,5109,8.55,131.03
20220401,688606,sell,1772,90.29,480.01
20220401,002677,buy,7196,11.12,240.12
20220401,000617,sell,1355,4.81,19.54
20220401,600223,buy,84723,10.69,2717.62
20220401,002483,buy,16030,6.73,323.8
20220401,002133,sell,53822,4.14,667.74
20220401,600598,sell,4256,12.74,162.72
20220401,002106,buy,19916,7.62,455.13
20220401,600015,buy,207928,4.36,2717.64
20220401,000425,buy,5134,4.59,70.76
20220401,000949,buy,193510,4.68,2717.65
20220401,600966,buy,106595,8.5,2717.63
20220401,605368,buy,2389,6.93,49.67
20220401,002722,buy,63809,14.2,2717.65
20220401,688009,buy,6592,3.95,78.08
20220401,600352,buy,6982,9.46,198.21
20220401,600729,sell,2904,20.26,176.46
20220401,601318,buy,7,40.02,0.84
20220401,000651,buy,2179,24.63,160.99
20220401,000048,sell,5373,19.45,313.51
20220401,003816,buy,9277,2.48,68.98
20220401,688068,sell,1128,120.09,406.4
20220401,000823,buy,9801,10.3,302.8
20220401,000923,buy,67593,13.4,2717.61
20220401,002254,buy,59563,15.21,2717.64
20220401,601985,sell,14911,7.34,328.42
20220401,601866,buy,304606,2.97,2717.64
20220401,601699,sell,13907,11.9,496.61
20220401,600782,buy,187181,4.84,2717.64
20220401,600283,sell,4319,8.85,114.62
20220401,002498,buy,9183,4.13,113.67
20220401,000915,sell,811,28.05,68.25
20220401,600720,sell,1320,9.55,37.81
20220401,600377,buy,126958,7.14,2717.64
20220401,605117,buy,7517,27.54,621.0
20220401,000690,buy,5726,4.19,71.99
20220401,600426,buy,180,29.6,15.99
20220401,002978,buy,27535,32.9,2717.64
20220401,600971,buy,158849,5.7,2717.64
20220401,688556,buy,61091,14.83,2717.63
20220401,000883,buy,2536,4.06,30.85
20220401,605399,buy,34747,26.07,2717.61
20220401,603005,buy,40345,22.45,2717.62
20220401,601988,buy,351194,2.58,2717.65
20220401,600219,buy,30135,3.32,300.56
20220401,300501,buy,74961,12.08,2717.64
20220401,000059,buy,151539,5.98,2717.65
20220401,002022,buy,67923,13.34,2717.62
20220401,600075,buy,130459,6.94,2717.63
20220401,600873,sell,18288,7.66,420.21
20220401,600750,sell,9598,10.39,299.04
20220401,603279,sell,594,23.49,41.85
20220401,688699,buy,10203,88.78,2717.51
20220401,601002,sell,19208,5.25,302.7
20220401,600746,buy,76422,11.85,2717.64
20220401,603156,buy,52502,17.25,2717.6
20220401,002267,buy,177518,5.1,2717.63
20220401,300738,buy,87214,10.39,2717.63
20220401,000975,buy,107158,8.45,2717.64
20220401,600810,buy,5458,9.76,159.84
20220401,300909,buy,32344,24.94,2419.78
20220505,002483,sell,134540,4.88,1971.4
20220505,600873,sell,118277,7.63,2705.72
20220505,600729,sell,44724,21.73,2915.09
20220505,000651,sell,36784,26.27,2898.75
20220505,000690,sell,216159,3.58,2322.24
20220505,600810,sell,92796,8.33,2317.98
20220505,600219,sell,272477,2.65,2168.76
20220505,600426,sell,30599,28.16,2585.44
20220505,600283,sell,102401,8.17,2511.32
20220505,002133,sell,219050,3.38,2221.86
20220505,002757,sell,70122,10.14,2132.59
20220505,601336,sell,29654,24.69,2196.42
20220505,000048,sell,46575,17.28,2415.09
20220505,300458,sell,52765,11.54,1826.92
20220505,000949,sell,193510,3.43,1989.21
20220505,002722,sell,63809,12.16,2327.85
20220505,000923,sell,67593,12.8,2595.98
20220505,600782,sell,187181,4.92,2760.55
20220505,002978,sell,27535,28.02,2314.37
20220505,688556,sell,61091,15.27,2798.35
20220505,605399,sell,34747,23.75,2475.5
20220505,300501,sell,74961,8.47,1904.46
20220505,000059,sell,151539,5.7,2589.46
20220505,002022,sell,67923,8.49,1730.97
20220505,688699,sell,10203,55.02,1684.08
20220505,600746,sell,76422,10.6,2429.22
20220505,002267,sell,177518,5.86,3121.84
20220505,300738,sell,87214,7.72,2018.67
20220505,000975,sell,107158,8.65,2781.59
20220505,300909,sell,32344,22.95,2227.3
20220505,603599,sell,13837,16.24,674.06
20220505,600295,sell,8278,10.43,259.04
20220505,002034,sell,5384,16.59,267.93
20220505,600603,buy,197809,4.16,2468.66
20220505,600325,sell,10067,6.55,197.72
20220505,600533,buy,4460,3.71,49.59
20220505,600050,sell,22427,3.14,211.03
20220505,300660,buy,2749,9.93,81.92
20220505,600012,buy,733,5.86,12.89
20220505,000501,sell,7314,9.45,207.38
20220505,002039,sell,9885,11.85,351.35
20220505,000830,sell,6687,14.92,299.34
20220505,000800,sell,2899,7.41,64.46
20220505,601728,sell,16088,3.19,154.11
20220505,601928,buy,9031,5.64,152.87
20220505,600548,sell,5814,7.75,135.16
20220505,600582,sell,9793,4.03,118.29
20220505,601169,sell,17893,3.54,190.17
20220505,688606,buy,685,76.77,157.77
20220505,000932,sell,23298,4.82,336.81
20220505,601339,buy,6168,4.26,78.78
20220505,600308,sell,15144,3.65,166.03
20220505,601006,sell,8737,5.13,134.44
20220505,600742,buy,7390,6.86,152.08
20220505,600015,sell,9922,4.16,123.7
20220505,600750,sell,11392,10.85,370.84
20220505,000581,sell,5755,16.55,285.72
20220505,600585,sell,3000,32.84,295.57
20220505,002270,buy,163920,5.02,2468.65
20220505,601319,sell,17973,4.07,219.7
20220505,000425,sell,12712,4.46,170.12
20220505,601515,buy,174974,4.7,2468.65
20220505,002677,sell,9640,11.46,331.43
20220505,600398,buy,225768,3.64,2468.66
20220505,605368,sell,15907,7.17,342.04
20220505,600874,buy,4716,6.03,85.37
20220505,603005,buy,5616,17.9,301.64
20220505,002233,buy,4970,7.35,109.66
20220505,000617,buy,1914,4.32,24.82
20220505,600483,buy,98603,8.35,2468.64
20220505,601717,buy,1494,10.11,45.32
20220505,601699,sell,521,10.89,17.02
20220505,601866,buy,6453,2.65,51.21
20220505,300639,buy,53852,15.28,2468.65
20220505,000883,sell,7200,3.81,82.22
20220505,600512,buy,259017,3.18,2468.65
20220505,688399,buy,9948,82.71,2468.45
20220505,600373,buy,3217,8.37,80.76
20220505,000807,buy,12452,9.65,360.47
20220505,000915,sell,5034,30.19,455.88
20220505,600997,buy,363,5.81,6.32
20220505,600971,sell,4383,5.33,70.05
20220505,603199,buy,42896,19.18,2468.66
20220505,600720,sell,9498,9.64,274.63
20220505,603886,buy,386,12.53,14.51
20220505,601985,buy,992,6.62,19.69
20220505,605117,sell,4377,28.85,378.88
20220505,600449,buy,1096,11.33,37.27
20220505,600211,buy,34098,24.13,2468.63
20220505,688009,sell,17712,3.89,206.52
20220505,600039,buy,137590,5.98,2468.65
20220505,000731,sell,1678,7.89,39.72
20220505,002110,buy,137105,6.0,2468.65
20220505,002498,buy,17898,3.47,186.09
20220505,601988,sell,26250,2.53,199.43
20220505,603298,buy,88904,9.26,2468.64
20220505,600223,buy,15732,8.19,386.61
20220505,600966,buy,15945,6.72,321.22
20220505,688068,buy,2139,84.98,545.32
20220505,600867,buy,91228,9.02,2468.64
20220505,600352,sell,4157,8.99,112.07
20220505,603587,buy,69397,11.86,2468.64
20220505,600566,buy,41270,19.94,2468.6
20220505,000823,buy,9589,8.44,242.66
20220505,688298,buy,2260,102.08,692.08
20220505,601288,buy,349581,2.35,2468.65
20220505,603002,buy,182931,4.5,2468.65
20220505,002106,buy,3628,6.71,73.08
20220505,601919,buy,96765,8.5,2468.65
20220505,003816,sell,46298,2.58,358.09
20220505,002833,buy,70370,11.69,2468.66
20220505,002254,buy,6134,12.53,230.49
20220505,603156,sell,4706,17.22,243.07
20220505,600185,buy,159139,5.17,2468.65
20220505,601318,sell,273,36.8,30.14
20220505,603279,sell,1164,22.0,76.82
20220505,600377,sell,6254,6.82,127.91
20220505,600618,buy,81655,10.08,2468.64
20220505,002649,buy,17607,9.0,475.13
20220505,600075,buy,12301,5.76,212.71
20220505,300443,buy,35323,23.3,2468.63
20220505,601002,buy,19755,4.28,253.73
20220505,603565,buy,91669,8.98,2468.65
20220505,603529,buy,39870,20.64,2468.63
20220505,002145,buy,160092,5.14,2468.65
20220505,300192,buy,164987,4.99,2468.65
20220505,605337,buy,53007,15.52,2468.65
20220505,600598,sell,5242,12.5,196.55
20220505,603166,buy,145048,5.67,2468.65
20220505,002462,buy,61682,11.92,2205.07
20220601,300660,sell,82845,10.72,2663.85
20220601,688298,sell,8061,93.65,2264.78
20220601,603886,sell,65652,13.04,2568.18
20220601,601985,sell,124378,6.57,2451.5
20220601,002677,sell,71803,11.8,2541.36
20220601,600750,sell,75835,10.4,2366.33
20220601,000823,sell,97553,8.91,2608.39
20220601,601339,sell,193289,4.29,2490.08
20220601,600874,sell,136368,6.3,2579.19
20220601,000915,sell,27260,35.63,2913.72
20220601,002106,sell,122548,7.34,2697.81
20220601,000501,sell,87067,9.59,2503.67
20220601,600295,sell,78889,10.53,2493.22
20220601,688606,sell,10718,71.31,2292.76
20220601,688068,sell,9683,76.08,2210.09
20220601,000932,sell,170766,4.47,2288.34
20220601,601006,sell,160435,5.21,2506.12
20220601,002498,sell,237438,3.71,2645.96
20220601,601002,sell,192207,4.73,2727.67
20220601,600548,sell,106188,7.97,2539.73
20220601,003816,sell,319177,2.54,2434.01
20220601,601699,sell,75585,11.77,2667.81
20220601,002233,sell,111883,7.33,2460.31
20220601,000883,sell,216186,4.16,2695.8
20220601,000617,sell,190401,4.37,2494.74
20220601,601318,sell,22362,36.1,2422.13
20220601,000807,sell,85277,10.35,2647.65
20220601,600352,sell,91571,9.13,2506.77
20220601,600720,sell,85379,12.28,3144.68
20220601,600533,sell,222046,3.45,2300.76
20220601,600997,sell,141695,6.42,2727.98
20220601,600742,sell,119959,7.69,2767.53
20220601,600223,sell,100455,8.71,2624.57
20220601,600015,sell,198006,4.14,2459.48
20220601,600966,sell,122540,6.9,2534.89
20220601,002254,sell,65697,13.83,2725.04
20220601,601866,sell,311059,2.8,2613.86
20220601,600377,sell,120704,7.03,2547.42
20220601,600971,sell,154466,5.94,2751.11
20220601,603005,sell,45961,19.43,2678.91
20220601,600075,sell,142760,5.97,2558.82
20220601,603156,sell,47796,17.63,2528.06
20220601,600603,sell,197809,4.6,2729.76
20220601,002270,sell,163920,6.81,3347.69
20220601,601515,sell,174974,4.36,2286.33
20220601,600398,sell,225768,3.64,2463.9
20220601,600483,sell,98603,8.89,2628.88
20220601,300639,sell,53852,13.5,2180.74
20220601,600512,sell,259017,3.04,2362.63
20220601,688399,sell,9948,77.82,2322.51
20220601,603199,sell,42896,21.22,2731.23
20220601,600211,sell,34098,24.71,2527.74
20220601,002110,sell,137105,6.2,2551.9
20220601,600867,sell,91228,8.9,2435.28
20220601,603587,sell,69397,12.37,2575.97
20220601,603002,sell,182931,5.12,2810.0
20220601,601919,sell,96765,8.72,2531.15
20220601,002833,sell,70370,12.49,2636.19
20220601,600185,sell,159139,6.12,2923.9
20220601,300443,sell,35323,31.27,3313.72
20220601,603565,sell,91669,9.32,2563.66
20220601,002145,sell,160092,7.47,3585.68
20220601,300192,sell,164987,5.37,2660.35
20220601,603166,sell,145048,6.98,3037.12
20220601,002462,sell,61682,12.5,2313.8
20220601,603599,buy,610,16.9,30.92
20220601,600325,buy,14508,6.18,269.04
20220601,600757,buy,182610,4.75,2600.01
20220601,601328,buy,228582,3.79,2600.01
20220601,600582,sell,6612,4.38,86.93
20220601,600901,buy,298037,2.91,2600.01
20220601,600528,buy,108869,7.96,2600.0
20220601,000529,buy,132646,6.53,2600.02
20220601,000581,buy,844,17.14,43.39
20220601,002061,buy,213273,4.06,2600.01
20220601,600598,sell,4621,14.16,196.26
20220601,300887,buy,46122,18.79,2600.01
20220601,688303,buy,15861,54.64,2599.88
20220601,603013,buy,67858,12.77,2600.01
20220601,600308,sell,7007,3.97,83.51
20220601,600123,buy,89380,9.7,2600.0
20220601,000830,buy,1746,15.23,79.79
20220601,000731,sell,644,8.36,16.16
20220601,688556,buy,49267,17.59,2600.0
20220601,600846,buy,122467,7.08,2600.01
20220601,605117,sell,4255,35.72,455.95
20220601,600050,buy,18738,3.08,173.32
20220601,002533,buy,148466,5.84,2600.01
20220601,688169,buy,5506,157.39,2599.76
20220601,601101,buy,132186,6.56,2600.01
20220601,603529,sell,3738,23.99,268.98
20220601,000719,buy,138551,6.26,2600.01
20220601,601717,sell,2326,10.96,76.49
20220601,601169,buy,17328,3.47,180.5
20220601,000930,buy,97201,8.92,2599.99
20220601,002687,buy,207815,4.17,2600.01
20220601,603299,buy,83112,10.43,2599.99
20220601,688550,buy,22941,37.78,2600.0
20220601,600710,buy,167373,5.18,2600.01
20220601,002367,buy,142166,6.1,2600.0
20220601,002267,buy,140860,6.15,2600.0
20220601,603195,buy,19009,45.59,2599.96
20220601,000425,sell,101,4.7,1.42
20220601,603217,buy,31682,27.35,2599.95
20220601,603185,buy,11334,76.46,2599.82
20220601,002034,sell,2342,18.34,128.83
20220601,300772,buy,48888,17.73,2599.99
20220601,605337,sell,2693,17.23,139.16
20220601,605368,buy,4637,7.26,100.93
20220601,605399,buy,29305,29.57,2600.01
20220601,000517,buy,333909,2.6,2600.01
20220601,600585,buy,3611,30.23,327.49
20220601,600888,buy,113895,7.61,2600.0
20220601,600639,buy,72378,11.97,2600.0
20220601,003019,buy,46489,18.64,2599.97
20220601,002960,buy,56622,15.31,2599.98
20220601,600271,buy,81156,10.68,2600.0
20220601,603100,buy,78721,11.01,2599.98
20220601,600729,buy,45621,19.0,2599.98
20220601,601319,buy,9822,4.09,120.59
20220601,601368,buy,147370,5.88,2600.01
20220601,600060,buy,79334,10.92,2600.0
20220601,600618,sell,6396,11.52,220.97
20220601,002039,sell,3590,13.16,141.72
20220601,688009,buy,5358,3.99,64.17
20220601,600012,sell,1746,6.25,32.74
20220601,603279,sell,2466,24.8,183.5
20220601,002440,buy,118989,7.28,2600.01
20220601,601288,buy,27164,2.3,187.47
20220601,601728,buy,12316,3.21,118.59
20220601,603357,buy,107004,8.1,2600.01
20220601,601988,buy,21581,2.5,161.92
20220601,300926,buy,112684,7.69,2600.01
20220601,600426,buy,33424,25.93,2600.0
20220601,301179,buy,73044,11.87,2600.02
20220601,600373,sell,1145,8.92,30.63
20220601,600415,buy,171785,5.05,2600.01
20220601,601928,sell,5967,6.2,110.92
20220601,603298,buy,3988,9.33,111.62
20220601,601598,buy,270376,3.21,2600.01
20220601,688586,buy,76022,11.4,2600.0
20220601,603183,buy,176195,4.92,2600.01
20220601,002236,buy,62068,13.96,2600.0
20220601,605169,buy,81350,10.65,2599.99
20220601,000822,buy,93739,9.25,2600.0
20220601,000059,buy,141205,6.14,2600.01
20220601,601156,buy,42131,20.57,2599.96
20220601,603948,buy,39134,22.15,2600.02
20220601,300308,buy,37863,22.89,2600.01
20220601,300613,buy,14000,61.9,2599.91
20220601,600406,buy,38380,22.58,2599.96
20220601,002745,buy,104809,8.27,2599.99
20220601,600566,buy,280,20.86,17.52
20220601,600873,buy,108620,7.98,2600.0
20220601,600039,buy,9276,5.9,164.22
20220601,600782,buy,180984,4.79,2600.01
20220601,603067,buy,108592,7.98,2600.0
20220601,002737,buy,62341,13.9,2600.0
20220601,600016,buy,293289,2.96,2600.01
20220601,688188,buy,8358,103.68,2599.78
20220601,300820,buy,23713,36.55,2599.99
20220601,002304,buy,4254,138.21,1763.83
20220601,600449,sell,2920,12.44,108.95
20220601,000800,sell,6941,8.33,173.39
20220601,002649,sell,1327,9.61,38.27
20220701,601728,sell,270025,3.21,2599.4
20220701,603279,sell,34941,25.67,2690.38
20220701,600449,sell,69684,11.52,2407.31
20220701,601928,sell,139872,5.76,2418.16
20220701,601717,sell,79060,12.73,3018.42
20220701,600582,sell,197768,4.15,2461.81
20220701,600050,sell,281096,3.12,2630.16
20220701,600373,sell,97191,8.68,2531.54
20220701,600585,sell,28668,30.9,2657.81
20220701,002649,sell,90155,9.83,2657.63
20220701,000830,sell,56894,13.95,2380.59
20220701,605368,sell,119446,6.97,2497.2
20220701,000425,sell,184368,4.92,2722.9
20220701,688009,sell,217081,3.97,2588.53
20220701,600012,sell,138647,6.1,2535.86
20220701,000731,sell,103641,8.43,2620.91
20220701,000581,sell,50569,16.96,2573.07
20220701,601988,sell,346525,2.56,2657.07
20220701,600039,sell,146866,6.43,2832.96
20220701,601288,sell,376745,2.3,2600.01
20220701,600618,sell,75259,11.57,2612.13
20220701,600757,sell,182610,4.63,2536.82
20220701,601328,sell,228582,3.85,2637.0
20220701,600528,sell,108869,7.82,2553.73
20220701,000529,sell,132646,6.52,2592.75
20220701,603013,sell,67858,13.05,2656.67
20220701,688169,sell,5506,153.11,2529.1
20220701,601101,sell,132186,6.9,2738.21
20220701,000719,sell,138551,6.22,2586.01
20220701,000930,sell,97201,8.5,2477.7
20220701,688550,sell,22941,34.94,2404.34
20220701,600710,sell,167373,5.39,2706.86
20220701,002367,sell,142166,6.49,2769.41
20220701,603217,sell,31682,28.45,2703.88
20220701,000517,sell,333909,2.52,2520.75
20220701,600888,sell,113895,8.79,3003.34
20220701,600639,sell,72378,11.53,2502.68
20220701,002960,sell,56622,14.31,2430.62
20220701,600271,sell,81156,10.76,2619.32
20220701,600729,sell,45621,19.02,2603.57
20220701,600426,sell,33424,26.66,2672.87
20220701,301179,sell,73044,12.61,2762.39
20220701,601598,sell,270376,3.08,2496.79
20220701,603183,sell,176195,4.95,2614.97
20220701,002236,sell,62068,14.41,2682.6
20220701,605169,sell,81350,10.6,2586.27
20220701,000059,sell,141205,5.73,2427.47
20220701,603948,sell,39134,23.97,2814.4
20220701,300308,sell,37863,22.04,2503.12
20220701,600406,sell,38380,21.09,2428.82
20220701,002745,sell,104809,8.99,2825.21
20220701,600873,sell,108620,9.59,3126.58
20220701,600782,sell,180984,4.69,2546.97
20220701,688188,sell,8358,104.33,2615.86
20220701,300820,sell,23713,42.64,3033.24
20220701,603599,sell,2051,18.41,113.25
20220701,603299,sell,1300,11.08,43.2
20220701,000880,buy,124258,7.29,2718.59
20220701,603203,buy,38462,23.56,2718.57
20220701,600616,buy,126362,7.17,2718.59
20220701,600598,buy,9339,12.84,359.83
20220701,002304,buy,1435,159.26,685.62
20220701,000915,buy,26397,34.33,2718.56
20220701,605117,sell,6126,49.96,918.2
20220701,002039,buy,18,13.75,0.74
20220701,600566,sell,1611,22.69,109.66
20220701,688556,sell,11196,23.8,799.5
20220701,603185,sell,3205,111.48,1071.88
20220701,600123,sell,3410,10.54,107.83
20220701,600325,sell,8264,6.87,170.28
20220701,600901,sell,6032,3.1,56.16
20220701,002154,buy,250016,3.62,2718.59
20220701,300660,buy,42151,21.5,2718.58
20220701,603100,sell,5400,12.36,200.22
20220701,002867,buy,70506,12.85,2718.58
20220701,600867,buy,98208,9.23,2718.59
20220701,002034,buy,2058,18.37,113.43
20220701,600016,buy,2466,3.06,22.67
20220701,600251,buy,92874,9.76,2718.6
20220701,603556,buy,66051,13.72,2718.57
20220701,002061,sell,5133,4.35,67.04
20220701,003028,buy,22954,39.48,2718.5
20220701,003019,sell,4937,21.81,323.02
20220701,002737,buy,2554,13.96,106.99
20220701,603305,buy,44509,20.36,2718.58
20220701,603195,sell,36,47.76,5.16
20220701,688586,sell,4391,12.65,166.65
20220701,300613,sell,2699,80.19,649.28
20220701,601156,buy,6697,18.56,372.87
20220701,601368,buy,4736,5.96,84.65
20220701,603738,buy,43430,20.87,2718.58
20220701,002267,buy,14415,5.84,252.38
20220701,300653,buy,18055,50.19,2718.59
20220701,600750,buy,79358,11.42,2718.59
20220701,603529,sell,6402,30.48,585.42
20220701,002738,buy,13892,65.23,2718.47
20220701,300403,buy,150499,6.02,2718.58
20220701,605337,sell,1732,18.65,96.92
20220701,000822,sell,123,9.68,3.57
20220701,002195,buy,412517,2.2,2718.6
20220701,688303,sell,1656,63.8,316.94
20220701,603319,buy,71352,12.7,2718.57
20220701,300990,buy,29324,30.9,2718.58
20220701,600284,buy,139218,6.51,2718.58
20220701,002262,buy,70653,12.83,2718.57
20220701,600674,buy,82190,11.03,2718.57
20220701,605399,sell,1228,32.28,118.91
20220701,601319,sell,8426,4.46,112.65
20220701,300887,sell,5904,22.53,399.09
20220701,300772,sell,6702,21.48,431.9
20220701,000800,sell,5033,9.15,138.14
20220701,603298,sell,5897,10.42,184.28
20220701,002396,buy,54847,16.52,2718.57
20220701,002687,buy,8012,4.2,100.92
20220701,002533,buy,484,6.08,8.83
20220701,000519,buy,28480,31.82,2718.55
20220701,603357,buy,361,8.44,9.14
20220701,600025,buy,134833,6.72,2718.59
20220701,603239,buy,63635,14.24,2718.59
20220701,000858,buy,5073,178.63,2718.51
20220701,600415,sell,7064,5.5,116.59
20220701,000968,buy,91727,9.88,2718.58
20220701,002876,buy,23239,38.99,2718.52
20220701,300926,sell,12672,9.06,344.46
20220701,601601,buy,44831,20.21,2718.54
20220701,002222,buy,61825,14.66,2718.59
20220701,300401,buy,54450,16.64,2718.55
20220701,603005,buy,34110,26.57,2718.56
20220701,300458,buy,50464,17.96,2718.58
20220701,000596,buy,4040,224.28,2718.31
20220701,603369,buy,19024,47.63,2718.5
20220701,002769,buy,113701,7.97,2718.59
20220701,600741,buy,47896,18.92,2718.58
20220701,603938,buy,25619,35.37,2718.5
20220701,002276,buy,119597,7.58,2718.57
20220701,002057,buy,86504,10.48,2718.57
20220701,300408,buy,31801,28.5,2718.55
20220701,605111,buy,14929,60.7,2718.47
20220701,002595,buy,62390,14.52,2718.57
20220701,601369,buy,110823,8.18,2718.59
20220701,601799,buy,5741,157.84,2718.51
20220701,601169,buy,5061,3.56,54.03
20220701,603067,sell,6487,8.88,172.72
20220701,600231,buy,340676,2.66,2718.59
20220701,000408,buy,31422,28.84,2718.59
20220701,600308,buy,7204,4.02,86.9
20220701,600163,buy,109892,8.25,2718.58
20220701,000623,buy,68987,13.14,2718.58
20220701,002440,buy,3196,7.42,71.11
20220701,002101,buy,40680,22.28,2718.58
20220701,600846,buy,5913,7.06,125.21
20220701,000501,buy,87314,10.38,2718.57
20220701,603568,buy,43687,20.74,2718.58
20220701,600845,buy,30319,26.14,2377.53
20220701,600060,buy,1,10.85,0.03
20220801,601169,sell,254658,3.5,2670.69
20220801,600325,sell,131939,6.93,2743.33
20220801,002039,sell,65883,13.93,2753.7
20220801,000800,sell,99047,8.62,2562.28
20220801,600308,sell,225365,4.03,2723.33
20220801,600598,sell,70558,12.07,2554.65
20220801,601319,sell,203346,4.34,2649.06
20220801,603298,sell,86995,9.8,2557.98
20220801,605337,sell,48582,15.82,2305.41
20220801,600901,sell,292005,3.01,2635.59
20220801,002061,sell,208140,4.3,2683.04
20220801,688303,sell,14205,56.48,2406.88
20220801,688556,sell,38071,23.6,2695.66
20220801,002533,sell,148950,7.61,3402.04
20220801,002687,sell,215827,4.15,2688.52
20220801,002267,sell,155275,6.78,3157.95
20220801,603195,sell,18973,44.91,2556.24
20220801,300772,sell,42186,20.85,2638.89
20220801,003019,sell,41552,21.44,2672.17
20220801,601368,sell,152106,5.89,2687.65
20220801,600060,sell,79335,11.38,2707.41
20220801,002440,sell,122185,7.4,2711.83
20220801,603357,sell,107365,7.71,2483.54
20220801,300926,sell,100012,10.25,3076.83
20220801,600415,sell,164721,4.89,2418.1
20220801,000822,sell,93616,8.19,2301.0
20220801,601156,sell,48828,16.36,2396.67
20220801,300613,sell,11301,71.26,2415.87
20220801,603067,sell,102105,14.13,4329.17
20220801,002737,sell,64895,15.51,3019.87
20220801,002304,sell,5689,146.04,2492.4
20220801,000880,sell,124258,6.84,2548.52
20220801,002154,sell,250016,3.2,2400.91
20220801,300660,sell,42151,25.49,3223.61
20220801,002867,sell,70506,11.14,2356.45
20220801,600867,sell,98208,8.55,2517.8
20220801,603556,sell,66051,14.82,2937.43
20220801,300403,sell,150499,11.03,4979.98
20220801,002195,sell,412517,2.22,2743.09
20220801,600284,sell,139218,6.04,2523.87
20220801,002262,sell,70653,12.43,2634.42
20220801,600674,sell,82190,11.88,2929.57
20220801,002396,sell,54847,16.78,2761.69
20220801,600025,sell,134833,6.69,2707.18
20220801,000858,sell,5073,157.14,2391.48
20220801,000968,sell,91727,9.82,2703.63
20220801,601601,sell,44831,17.94,2412.62
20220801,000596,sell,4040,216.17,2619.95
20220801,603369,sell,19024,44.02,2512.19
20220801,002769,sell,113701,8.15,2779.99
20220801,600741,sell,47896,18.79,2700.32
20220801,002276,sell,119597,9.85,3532.73
20220801,002057,sell,86504,12.96,3363.08
20220801,300408,sell,31801,26.99,2574.83
20220801,002595,sell,62390,14.63,2738.15
20220801,601799,sell,5741,177.17,3051.32
20220801,600231,sell,340676,2.48,2534.63
20220801,600163,sell,109892,7.02,2315.36
20220801,000623,sell,68987,12.93,2675.61
20220801,002101,sell,40680,31.58,3853.86
20220801,000501,sell,87314,9.99,2615.89
20220801,600845,sell,30319,26.09,2373.34
20220801,300893,buy,68100,13.72,2803.26
20220801,603013,buy,60380,15.48,2803.24
20220801,300887,sell,283,23.4,19.87
20220801,603203,buy,220,24.16,15.94
20220801,605305,buy,24330,38.4,2803.18
20220801,000408,buy,2363,27.66,196.06
20220801,600846,sell,9664,7.87,228.2
20220801,600616,buy,16538,6.54,324.42
20220801,603305,sell,13062,29.71,1164.41
20220801,002026,buy,68450,13.65,2803.25
20220801,600016,buy,17658,2.98,157.94
20220801,300771,buy,64397,14.51,2803.24
20220801,002145,buy,98000,9.53,2803.25
20220801,000915,buy,902,34.23,92.62
20220801,300653,buy,2705,45.01,365.25
20220801,002876,sell,2413,44.87,324.81
20220801,000957,buy,50843,18.38,2803.22
20220801,603217,buy,24315,38.43,2803.22
20220801,300215,buy,133524,7.0,2803.24
20220801,300458,buy,8436,15.86,401.5
20220801,600710,buy,169978,5.5,2803.25
20220801,688317,buy,19576,47.73,2803.25
20220801,605169,buy,70727,13.21,2803.23
20220801,605128,buy,32770,28.51,2803.22
20220801,603568,sell,5454,24.44,399.9
20220801,601222,buy,112344,8.32,2803.25
20220801,600586,buy,106686,8.76,2803.23
20220801,300105,buy,149951,6.23,2803.24
20220801,002978,buy,22875,40.85,2803.23
20220801,002286,buy,87548,10.67,2803.25
20220801,002034,sell,8571,22.93,589.58
20220801,000529,buy,155165,6.02,2803.24
20220801,601101,buy,155317,6.02,2803.25
20220801,601369,sell,29088,11.43,997.64
20220801,600835,buy,65618,14.24,2803.23
20220801,002565,buy,205074,4.56,2803.25
20220801,688586,buy,930,12.88,35.93
20220801,600216,buy,70587,13.24,2803.25
20220801,688188,buy,7491,124.73,2802.99
20220801,601328,buy,245640,3.8,2803.25
20220801,002738,buy,1686,59.98,303.39
20220801,603100,sell,7078,14.11,299.53
20220801,002902,buy,48112,19.42,2803.22
20220801,300852,buy,31141,30.01,2803.19
20220801,600566,buy,3910,21.31,249.96
20220801,003028,buy,2773,36.32,302.14
20220801,603529,sell,4563,37.13,508.26
20220801,000930,buy,115269,8.11,2803.24
20220801,603386,buy,71644,13.04,2803.25
20220801,603319,sell,5283,14.14,224.16
20220801,300317,buy,136411,6.85,2803.25
20220801,603239,sell,6613,16.39,325.1
20220801,603915,buy,40979,22.8,2803.22
20220801,601717,buy,66612,14.03,2803.23
20220801,300762,buy,67328,13.88,2803.25
20220801,603299,sell,236,11.45,8.11
20220801,600106,buy,211461,4.42,2803.25
20220801,000030,buy,175260,5.33,2803.26
20220801,002790,buy,112240,8.33,2803.25
20220801,601016,buy,213086,4.39,2803.25
20220801,300401,buy,6172,15.41,285.4
20220801,300841,buy,10161,91.95,2803.01
20220801,300990,sell,10841,50.56,1644.24
20220801,605111,buy,277,61.45,51.06
20220801,300547,buy,47064,19.85,2803.25
20220801,600123,buy,14349,9.31,400.96
20220801,600452,buy,126801,7.37,2803.26
20220801,002221,buy,110061,8.49,2803.25
20220801,300305,buy,59923,15.59,2803.25
20220801,002745,buy,104521,8.94,2803.23
20220801,002911,buy,80932,11.55,2803.24
20220801,603938,buy,2194,33.6,221.12
20220801,002676,buy,210343,4.44,2803.25
20220801,603005,buy,4936,23.93,354.37
20220801,002158,buy,42361,22.06,2803.25
20220801,603599,buy,6007,16.91,304.82
20220801,002012,buy,160751,5.81,2803.25
20220801,000951,buy,80677,11.58,2803.25
20220801,002753,buy,86671,10.78,2803.24
20220801,002666,buy,131314,7.12,2803.26
20220801,002480,buy,168667,5.54,2803.25
20220801,600251,sell,4638,10.59,147.35
20220801,002222,buy,203,15.06,9.17
20220801,600750,sell,4410,12.47,164.95
20220801,605366,buy,63972,14.61,2803.23
20220801,300519,buy,63447,14.73,2803.24
20220801,000519,buy,660,32.07,63.49
20220801,603088,buy,102413,9.12,2803.23
20220801,605117,sell,2821,61.01,516.3
20220801,002984,buy,34420,27.15,2803.2
20220801,002031,buy,205366,4.55,2803.25
20220801,600757,buy,202891,4.61,2803.25
20220801,002284,buy,82858,11.28,2803.25
20220801,603185,sell,119,116.66,41.65
20220801,605020,buy,43003,21.73,2803.22
20220801,605399,buy,1571,31.52,148.54
20220801,603109,buy,54348,17.19,2803.26
20220801,300988,buy,45418,20.57,2803.23
20220801,603738,buy,1868,20.63,115.6
20220801,601965,buy,51907,14.45,2249.42
20220901,600566,sell,43849,19.92,2620.55
20220901,603529,sell,25167,30.0,2265.38
20220901,600123,sell,100319,9.73,2929.53
20220901,603185,sell,8010,94.99,2282.68
20220901,605399,sell,29648,26.56,2362.28
20220901,688586,sell,72561,10.97,2388.37
20220901,600016,sell,313413,2.98,2803.25
20220901,603203,sell,38682,21.98,2550.29
20220901,600616,sell,142900,6.28,2694.3
20220901,000915,sell,27299,33.0,2702.95
20220901,600251,sell,88236,8.83,2338.45
20220901,603305,sell,31447,27.12,2558.67
20220901,603738,sell,45298,16.33,2218.81
20220901,300653,sell,20760,44.84,2792.39
20220901,600750,sell,74948,12.89,2897.97
20220901,002738,sell,15578,62.63,2926.9
20220901,603319,sell,66069,11.22,2223.2
20220901,300990,sell,18483,47.53,2635.75
20220901,603239,sell,57022,13.71,2345.49
20220901,002876,sell,20826,55.31,3455.76
20220901,002222,sell,62028,13.71,2551.38
20220901,603005,sell,39046,23.48,2750.0
20220901,300458,sell,58900,13.83,2444.55
20220901,603938,sell,27813,30.24,2523.31
20220901,605111,sell,15206,51.59,2353.38
20220901,300893,sell,68100,14.64,2991.85
20220901,603013,sell,60380,13.28,2404.89
20220901,605305,sell,24330,28.42,2074.27
20220901,002026,sell,68450,11.14,2288.53
20220901,002145,sell,98000,7.81,2295.39
20220901,000957,sell,50843,16.41,2502.45
20220901,603217,sell,24315,29.35,2141.27
20220901,300215,sell,133524,6.2,2484.69
20220901,688317,sell,19576,37.17,2183.09
20220901,605169,sell,70727,12.08,2562.67
20220901,605128,sell,32770,20.1,1976.45
20220901,601222,sell,112344,6.93,2335.55
20220901,600586,sell,106686,10.06,3219.8
20220901,300105,sell,149951,6.07,2729.04
20220901,002286,sell,87548,10.63,2793.08
20220901,000529,sell,155165,6.22,2894.51
20220901,601101,sell,155317,6.32,2946.6
20220901,600835,sell,65618,11.44,2251.19
20220901,002565,sell,205074,4.06,2495.79
20220901,688188,sell,7491,97.59,2193.05
20220901,601328,sell,245640,3.79,2791.04
20220901,002902,sell,48112,14.96,2158.65
20220901,000930,sell,115269,8.26,2854.68
20220901,603386,sell,71644,11.01,2365.37
20220901,300317,sell,136411,5.63,2303.98
20220901,603915,sell,40979,16.38,2013.94
20220901,601717,sell,66612,11.6,2318.58
20220901,300762,sell,67328,13.01,2627.66
20220901,000030,sell,175260,4.47,2347.67
20220901,002790,sell,112240,7.5,2524.16
20220901,601016,sell,213086,3.98,2543.21
20220901,300841,sell,10161,96.05,2928.04
20220901,300547,sell,47064,16.22,2290.64
20220901,002221,sell,110061,8.93,2948.53
20220901,300305,sell,59923,13.28,2387.82
20220901,002676,sell,210343,4.7,2966.67
20220901,002012,sell,160751,5.54,2669.76
20220901,000951,sell,80677,9.64,2332.72
20220901,002753,sell,86671,9.17,2385.11
20220901,002666,sell,131314,5.31,2090.05
20220901,002480,sell,168667,5.36,2712.17
20220901,605366,sell,63972,13.01,2497.54
20220901,300519,sell,63447,14.06,2676.21
20220901,603088,sell,102413,8.29,2548.39
20220901,002984,sell,34420,22.16,2288.04
20220901,002031,sell,205366,3.11,1916.06
20220901,002284,sell,82858,8.36,2078.02
20220901,605020,sell,43003,21.36,2755.39
20220901,300988,sell,45418,16.06,2187.63
20220901,601965,sell,51907,15.07,2346.57
20220901,002818,buy,80260,10.56,2543.76
20220901,000719,buy,120141,7.06,2543.76
20220901,601339,buy,186053,4.56,2543.77
20220901,300660,buy,53821,15.75,2543.76
20220901,600061,buy,135140,6.27,2543.77
20220901,002106,buy,102375,8.28,2543.77
20220901,605117,sell,3036,69.05,628.87
20220901,600325,buy,111050,7.64,2543.76
20220901,601881,buy,97116,8.73,2543.75
20220901,603339,buy,71359,11.88,2543.76
20220901,000408,sell,401,25.4,30.56
20220901,600130,buy,189692,4.47,2543.77
20220901,601319,buy,185110,4.58,2543.77
20220901,605009,buy,31079,27.28,2543.77
20220901,300771,sell,2198,13.63,89.89
20220901,002543,buy,77097,11.0,2543.77
20220901,002276,buy,90372,9.38,2543.75
20220901,002515,buy,197428,4.29,2543.76
20220901,600598,buy,65488,12.95,2543.74
20220901,300699,buy,19139,44.3,2543.66
20220901,600216,sell,7034,13.34,281.55
20220901,603118,buy,104380,8.12,2543.76
20220901,002270,buy,124095,6.83,2543.76
20220901,600106,sell,61775,5.66,1049.81
20220901,002737,buy,54354,15.6,2543.77
20220901,600710,sell,24641,5.83,431.28
20220901,603568,buy,5301,19.48,309.74
20220901,300916,buy,22260,38.09,2543.71
20220901,000913,buy,37431,22.65,2543.72
20220901,002745,sell,12745,9.24,353.26
20220901,002483,buy,149989,5.65,2543.76
20220901,600452,sell,14799,7.57,336.12
20220901,603086,buy,85436,9.92,2543.76
20220901,600873,buy,93108,9.11,2543.76
20220901,688556,buy,32041,26.46,2543.74
20220901,300652,buy,42223,20.08,2543.72
20220901,603299,buy,233,10.36,7.24
20220901,603100,sell,2416,13.28,96.29
20220901,002595,buy,51147,16.58,2543.75
20220901,603801,buy,61175,13.86,2543.76
20220901,600757,sell,40861,5.23,641.49
20220901,601699,buy,68410,12.39,2543.76
20220901,000059,buy,116205,7.3,2543.75
20220901,002911,buy,17734,8.59,457.21
20220901,000037,buy,90108,9.41,2543.75
20220901,002835,buy,82541,10.27,2543.75
20220901,601369,buy,14799,8.78,389.97
20220901,603599,sell,5814,17.15,299.21
20220901,600348,buy,82737,10.25,2543.77
20220901,300801,buy,36461,23.26,2543.75
20220901,601169,buy,243727,3.48,2543.77
20220901,002191,buy,102327,8.29,2543.77
20220901,603556,buy,55603,15.25,2543.75
20220901,603383,buy,36946,22.95,2543.73
20220901,601218,buy,182700,4.64,2543.77
20220901,002039,buy,64361,13.17,2543.75
20220901,603505,buy,48906,17.34,2543.76
20220901,002267,buy,124611,6.8,2543.76
20220901,000731,buy,98576,8.6,2543.75
20220901,002517,buy,114119,7.43,2543.77
20220901,002440,buy,110884,7.65,2543.76
20220901,300678,buy,76791,11.04,2543.74
20220901,603811,buy,89218,9.5,2543.76
20220901,000811,buy,94827,8.94,2543.75
20220901,600161,buy,46625,18.19,2543.74
20220901,600846,sell,6172,7.53,139.5
20220901,002343,buy,121305,6.99,2543.77
20220901,600875,buy,47708,17.77,2543.73
20220901,002262,buy,57323,14.79,2543.74
20220901,002658,buy,123022,6.89,2543.76
20220901,000728,buy,128164,6.62,2543.77
20220901,000519,sell,686,29.8,61.33
20220901,002687,buy,195880,4.33,2543.76
20220901,300852,buy,1573,25.92,122.31
20220901,002158,sell,3532,21.84,231.39
20220901,002034,buy,7012,17.75,373.43
20220901,601336,buy,32652,25.97,2543.73
20220901,003028,buy,4742,27.83,395.89
20220901,300160,buy,117848,7.2,2543.76
20220901,600919,buy,144718,5.86,2543.77
20220901,601288,buy,364132,2.33,2543.77
20220901,000755,buy,166170,5.1,2543.77
20220901,600729,buy,41430,20.47,2543.76
20220901,300401,sell,13884,18.14,755.66
20220901,600285,buy,74324,11.41,2543.77
20220901,002978,buy,2615,33.26,260.96
20220901,300887,buy,2869,19.81,170.5
20220901,603416,buy,20416,41.53,2543.69
20220901,600674,buy,68524,12.37,2543.75
20220901,000049,buy,19408,43.69,2543.68
20220901,000823,buy,88973,9.53,2543.76
20220901,002061,buy,210347,4.03,2543.77
20220901,002498,buy,206241,4.11,2543.76
20220901,603109,sell,3487,16.67,174.4
20220901,300926,buy,94873,8.94,2543.77
20220901,002422,buy,43065,19.69,2543.72
20220901,300772,buy,42483,19.96,2543.72
20220901,300403,buy,119779,7.08,2543.76
20220901,002847,buy,19828,42.76,2543.7
20220901,605507,buy,40609,16.01,1950.27
20221010,605117,sell,12281,74.9,2759.6
20221010,300887,sell,42804,17.95,2304.73
20221010,600846,sell,112544,7.72,2606.9
20221010,003028,sell,30469,24.69,2256.42
20221010,000519,sell,28454,21.32,1820.28
20221010,300401,sell,46738,15.92,2231.76
20221010,601369,sell,96534,7.86,2276.51
20221010,603568,sell,43534,17.52,2288.65
20221010,002978,sell,25490,29.48,2254.32
20221010,600106,sell,149686,4.47,2006.18
20221010,002911,sell,98666,7.96,2355.83
20221010,002158,sell,38829,20.16,2347.9
20221010,603109,sell,50861,15.69,2394.77
20221010,300660,sell,53821,13.53,2184.28
20221010,600130,sell,189692,3.56,2025.91
20221010,002543,sell,77097,10.89,2519.29
20221010,002276,sell,90372,8.07,2188.0
20221010,002515,sell,197428,3.83,2269.55
20221010,300916,sell,22260,32.4,2164.0
20221010,000913,sell,37431,18.21,2044.37
20221010,600873,sell,93108,8.5,2373.36
20221010,688556,sell,32041,23.41,2250.49
20221010,300652,sell,42223,16.83,2131.27
20221010,000037,sell,90108,6.75,1824.69
20221010,002835,sell,82541,9.52,2357.79
20221010,603556,sell,55603,13.5,2252.2
20221010,603383,sell,36946,26.5,2936.96
20221010,603505,sell,48906,17.11,2510.14
20221010,002517,sell,114119,6.11,2090.58
20221010,300678,sell,76791,9.58,2207.23
20221010,603811,sell,89218,9.73,2604.41
20221010,000811,sell,94827,7.68,2185.45
20221010,600161,sell,46625,16.3,2279.77
20221010,002343,sell,121305,4.65,1692.2
20221010,600875,sell,47708,19.18,2744.55
20221010,002262,sell,57323,14.58,2507.98
20221010,002658,sell,123022,6.39,2357.55
20221010,000728,sell,128164,5.92,2276.19
20221010,002687,sell,195880,3.94,2314.49
20221010,601336,sell,32652,24.25,2375.32
20221010,300160,sell,117848,6.16,2176.1
20221010,600919,sell,144718,6.06,2631.48
20221010,000755,sell,166170,4.75,2368.17
20221010,600729,sell,41430,17.94,2229.6
20221010,600285,sell,74324,10.28,2291.79
20221010,603416,sell,20416,31.99,1959.4
20221010,600674,sell,68524,11.3,2322.06
20221010,000049,sell,19408,34.8,2026.43
20221010,002422,sell,43065,19.93,2574.63
20221010,300772,sell,42483,15.97,2035.2
20221010,300403,sell,119779,5.92,2127.93
20221010,002847,sell,19828,39.23,2333.58
20221010,002818,buy,463,9.66,13.41
20221010,601339,sell,17677,4.63,245.52
20221010,000719,sell,1692,6.58,33.41
20221010,600598,buy,2588,11.45,88.91
20221010,002106,buy,7975,7.06,169.01
20221010,601728,buy,225600,3.46,2338.62
20221010,603599,sell,2304,16.54,114.34
20221010,000731,buy,1197,7.81,28.06
20221010,600123,buy,76677,10.17,2338.62
20221010,600901,buy,269170,2.9,2338.62
20221010,000930,buy,105610,7.38,2338.61
20221010,002270,sell,1641,6.37,31.34
20221010,601699,sell,7895,12.88,305.11
20221010,600061,buy,865,5.73,14.87
20221010,600348,sell,4304,9.94,128.33
20221010,601169,sell,18567,3.46,192.85
20221010,600426,buy,30062,25.93,2338.55
20221010,300771,buy,2021,12.14,73.6
20221010,002267,sell,14935,7.11,318.46
20221010,603393,buy,35468,21.98,2338.62
20221010,603339,sell,5126,11.77,181.0
20221010,605009,buy,1118,24.21,81.2
20221010,600582,buy,180235,4.33,2338.62
20221010,600528,buy,109817,7.1,2338.61
20221010,600050,buy,256593,3.04,2338.62
20221010,000408,sell,601,23.78,42.87
20221010,000581,buy,51401,15.17,2338.59
20221010,600271,buy,80567,9.68,2338.61
20221010,603118,sell,4731,7.82,111.03
20221010,603565,buy,101208,7.7,2338.62
20221010,601319,sell,16279,4.62,225.49
20221010,601881,sell,6370,8.59,164.16
20221010,002737,sell,2563,15.05,115.73
20221010,600452,sell,4963,7.28,108.43
20221010,600295,buy,89690,8.69,2338.61
20221010,600874,buy,137232,5.68,2338.61
20221010,002745,buy,15160,7.29,331.54
20221010,600757,buy,1580,4.76,22.58
20221010,600742,buy,115870,6.73,2338.62
20221010,601077,buy,265519,2.94,2338.62
20221010,605507,buy,6071,16.7,304.15
20221010,600879,buy,139255,5.6,2338.62
20221010,600216,sell,268,12.32,9.9
20221010,002061,buy,19048,3.4,194.19
20221010,601601,buy,43023,18.12,2338.58
20221010,603100,sell,24202,19.67,1428.4
20221010,605368,buy,116857,6.67,2338.62
20221010,000028,buy,35970,21.67,2338.58
20221010,002533,buy,149905,5.2,2338.61
20221010,000059,sell,2551,6.86,52.49
20221010,002034,buy,767,16.06,36.96
20221010,000807,buy,91531,8.52,2338.6
20221010,000915,buy,22752,34.26,2338.59
20221010,002595,buy,1480,14.81,65.77
20221010,000823,buy,8030,8.04,193.59
20221010,601288,sell,34031,2.36,241.1
20221010,600662,buy,163059,4.78,2338.62
20221010,605222,buy,38254,20.38,2338.61
20221010,603086,sell,5257,9.72,153.34
20221010,601985,buy,141524,5.51,2338.61
20221010,002191,buy,13710,6.72,276.31
20221010,600325,sell,25538,9.12,698.43
20221010,300852,buy,3359,21.61,217.76
20221010,600373,buy,106050,7.35,2338.61
20221010,688009,buy,205048,3.8,2338.62
20221010,600398,buy,238386,3.27,2338.62
20221010,600566,buy,37033,21.05,2338.57
20221010,601368,buy,156135,4.99,2338.62
20221010,688425,buy,220469,3.54,2338.62
20221010,301179,buy,69375,11.24,2338.63
20221010,603013,buy,66824,11.67,2338.61
20221010,300926,sell,11791,9.38,331.9
20221010,601229,buy,165694,4.7,2338.62
20221010,600219,buy,313122,2.49,2338.62
20221010,603801,sell,9237,15.01,415.92
20221010,600710,buy,15099,4.86,220.09
20221010,601766,buy,184889,4.22,2338.62
20221010,002440,sell,6682,7.48,149.97
20221010,600308,buy,215700,3.61,2338.62
20221010,603299,buy,7311,8.75,191.85
20221010,301082,buy,90700,8.59,2338.62
20221010,601218,buy,18200,3.88,211.86
20221010,000425,buy,191473,4.07,2338.62
20221010,688606,buy,13093,59.54,2338.61
20221010,000910,buy,108010,7.22,2338.61
20221010,600845,buy,33150,23.52,2338.6
20221010,000651,buy,29605,26.33,2338.55
20221010,300801,sell,1259,22.14,83.64
20221010,600612,buy,21848,35.68,2338.62
20221010,002483,buy,10536,4.86,153.49
20221010,002498,buy,8649,3.63,94.13
20221010,600941,buy,12478,62.47,2338.56
20221010,603890,buy,93197,8.36,2338.61
20221010,000830,buy,66468,11.73,2338.59
20221010,300699,sell,2616,47.18,370.27
20221010,601928,buy,105820,7.37,2338.61
20221010,300394,buy,61564,12.66,2338.6
20221010,002039,sell,1245,12.35,46.13
20221010,002938,buy,32826,23.75,2338.6
20221010,600739,buy,54446,11.93,1948.03
20221101,002034,sell,48532,16.69,2430.19
20221101,603299,sell,89120,9.62,2571.3
20221101,300771,sell,64220,11.43,2201.89
20221101,600710,sell,160436,5.44,2616.01
20221101,600216,sell,63285,11.5,2183.81
20221101,300852,sell,36073,24.4,2640.43
20221101,600452,sell,107039,7.31,2346.03
20221101,002745,sell,106936,7.79,2498.59
20221101,002818,sell,80723,9.36,2266.0
20221101,002106,sell,110350,7.52,2488.68
20221101,300699,sell,16523,45.32,2246.69
20221101,603118,sell,99649,8.91,2663.2
20221101,002595,sell,52627,17.1,2699.96
20221101,000059,sell,113654,6.61,2252.39
20221101,600348,sell,78433,9.38,2207.08
20221101,300801,sell,35202,22.48,2373.72
20221101,002191,sell,116037,6.42,2235.48
20221101,601218,sell,200900,4.11,2476.19
20221101,002267,sell,109676,6.35,2089.25
20221101,000731,sell,99773,7.23,2164.98
20221101,002440,sell,104202,6.69,2090.94
20221101,000823,sell,97003,9.1,2646.77
20221101,002061,sell,229395,3.37,2316.85
20221101,002498,sell,214890,4.74,3055.8
20221101,600901,sell,269170,3.22,2601.65
20221101,000930,sell,105610,7.65,2424.02
20221101,600426,sell,30062,25.58,2307.06
20221101,603393,sell,35468,20.08,2136.54
20221101,600528,sell,109817,7.29,2401.82
20221101,000581,sell,51401,15.41,2376.77
20221101,600271,sell,80567,11.11,2685.95
20221101,603565,sell,101208,7.19,2182.71
20221101,600295,sell,89690,8.16,2196.22
20221101,600874,sell,137232,5.62,2312.08
20221101,600742,sell,115870,7.47,2598.14
20221101,600879,sell,139255,6.6,2755.65
20221101,000028,sell,35970,23.44,2529.71
20221101,002533,sell,149905,5.61,2522.03
20221101,000807,sell,91531,8.78,2410.17
20221101,600662,sell,163059,4.59,2245.08
20221101,605222,sell,38254,27.4,3144.44
20221101,600373,sell,106050,7.55,2402.72
20221101,688009,sell,205048,4.17,2564.03
20221101,600398,sell,238386,3.38,2416.39
20221101,601368,sell,156135,5.1,2388.87
20221101,688425,sell,220469,3.72,2463.34
20221101,301179,sell,69375,12.72,2648.36
20221101,603013,sell,66824,12.93,2592.61
20221101,601766,sell,184889,4.42,2454.05
20221101,600308,sell,215700,3.55,2297.75
20221101,301082,sell,90700,9.22,2507.94
20221101,000425,sell,191473,4.41,2531.28
20221101,688606,sell,13093,61.71,2424.1
20221101,000910,sell,108010,7.26,2353.24
20221101,600941,sell,12478,60.94,2281.36
20221101,000830,sell,66468,10.57,2106.71
20221101,600739,sell,54446,12.42,2029.33
20221101,601728,buy,3570,3.53,37.77
20221101,603556,buy,47343,17.07,2424.61
20221101,000915,sell,2417,39.75,288.2
20221101,603599,sell,3557,18.55,197.95
20221101,002195,buy,388932,2.08,2424.61
20221101,000408,sell,177,24.79,13.16
20221101,601699,buy,5134,12.31,189.61
20221101,000617,buy,187309,4.31,2424.61
20221101,601319,buy,8316,4.56,113.82
20221101,600566,sell,8099,27.93,678.68
20221101,601328,buy,217677,3.71,2424.61
20221101,300360,buy,59646,13.55,2424.58
20221101,601339,buy,21700,4.25,276.8
20221101,600598,sell,1541,12.15,56.16
20221101,688981,buy,19372,41.72,2424.6
20221101,601038,buy,75031,10.77,2424.59
20221101,601169,buy,11728,3.41,120.04
20221101,603086,sell,1876,10.32,58.09
20221101,601881,buy,2927,8.63,75.76
20221101,601985,buy,596,5.69,10.17
20221101,002020,buy,67352,12.0,2424.6
20221101,000913,buy,46691,17.31,2424.59
20221101,002270,sell,10891,7.24,236.7
20221101,600325,buy,20213,7.64,463.55
20221101,000719,buy,8788,6.35,167.46
20221101,002737,sell,12142,20.38,742.52
20221101,601928,buy,28797,6.0,518.67
20221101,605009,sell,3044,27.72,253.17
20221101,002955,buy,31044,26.03,2424.54
20221101,301004,buy,31713,25.48,2424.58
20221101,605196,buy,108242,7.47,2424.61
20221101,600050,buy,7095,3.07,65.24
20221101,600123,buy,13141,9.0,354.74
20221101,605507,sell,1366,17.84,73.09
20221101,600582,sell,320,4.49,4.31
20221101,600780,buy,126725,6.38,2424.61
20221101,002832,buy,40314,20.05,2424.6
20221101,600285,buy,63236,12.78,2424.6
20221101,002757,buy,62336,12.97,2424.61
20221101,603339,sell,3612,12.91,139.85
20221101,605368,sell,4529,7.2,97.76
20221101,300130,buy,63548,12.72,2424.61
20221101,605117,buy,13452,60.08,2424.44
20221101,002947,buy,39537,20.44,2424.59
20221101,002039,buy,1730,12.46,64.68
20221101,000738,buy,28405,28.45,2424.58
20221101,000733,buy,6437,125.55,2424.43
20221101,300394,sell,4208,14.09,177.89
20221101,600130,buy,217259,3.72,2424.61
20221101,002262,buy,41793,19.34,2424.59
20221101,002483,sell,14202,5.52,235.33
20221101,601077,buy,17584,2.85,150.6
20221101,603529,buy,23169,34.88,2424.53
20221101,000513,buy,24304,33.25,2424.54
20221101,600845,sell,3817,27.55,315.51
20221101,002558,buy,109055,7.41,2424.59
20221101,601288,buy,29687,2.25,200.06
20221101,002543,buy,95355,8.48,2424.6
20221101,600236,buy,142597,5.67,2424.6
20221101,600757,buy,17795,4.46,237.84
20221101,601163,buy,72255,11.19,2424.6
20221101,603298,buy,73608,10.98,2424.59
20221101,002835,buy,68416,11.81,2424.61
20221101,601601,buy,437,18.6,24.38
20221101,002332,buy,85167,9.49,2424.59
20221101,600000,buy,133854,6.04,2424.6
20221101,002391,buy,120329,6.72,2424.6
20221101,600380,buy,69520,11.63,2424.59
20221101,603328,buy,122185,6.61,2424.6
20221101,600863,buy,254143,3.18,2424.61
20221101,601229,buy,11859,4.55,161.94
20221101,301193,buy,38715,20.88,2424.61
20221101,600060,buy,72685,11.12,2424.61
20221101,003816,buy,326478,2.48,2424.61
20221101,603801,buy,8337,13.41,335.36
20221101,000651,buy,4047,24.02,291.58
20221101,002517,buy,140583,5.75,2424.61
20221101,603100,sell,4957,23.31,346.69
20221101,600557,buy,44835,18.03,2424.6
20221101,002728,buy,124142,6.51,2424.6
20221101,300926,buy,2985,9.39,84.09
20221101,001219,buy,70127,11.52,2424.6
20221101,603757,buy,42961,18.81,2424.59
20221101,002938,sell,4376,28.41,372.94
20221101,600612,buy,1207,35.05,126.93
20221101,002222,buy,59522,13.58,2424.61
20221101,603127,buy,18664,43.3,2424.49
20221101,603890,sell,13863,10.19,423.68
20221101,300494,buy,93531,8.64,2424.59
20221101,600875,buy,37209,21.72,2424.58
20221101,600061,buy,7382,5.64,124.83
20221101,300628,buy,19836,40.74,2424.5
20221101,600016,buy,292119,2.77,2424.61
20221101,003036,buy,66541,12.15,2424.6
20221101,600219,sell,5950,2.63,46.97
20221101,002658,buy,113052,7.15,2424.61
20221101,605060,buy,29515,27.38,2424.55
20221101,002801,buy,30067,26.88,2424.59
20221101,002833,buy,63411,12.75,2424.6
20221101,300196,buy,47522,13.93,1985.92
20221201,600757,sell,181405,5.07,2756.55
20221201,600061,sell,143387,6.23,2678.53
20221201,002737,sell,39649,24.39,2901.17
20221201,601699,sell,65649,14.4,2835.45
20221201,601288,sell,359788,2.35,2540.07
20221201,300926,sell,86067,8.96,2313.46
20221201,605507,sell,45314,18.44,2507.18
20221201,601077,sell,283103,2.92,2479.72
20221201,600845,sell,29333,26.44,2326.86
20221201,600612,sell,23055,37.65,2604.02
20221201,601928,sell,134617,7.14,2884.44
20221201,000913,sell,46691,17.68,2475.99
20221201,002832,sell,40314,21.93,2652.83
20221201,600285,sell,63236,12.63,2395.68
20221201,002947,sell,39537,20.2,2396.49
20221201,000738,sell,28405,26.99,2300.09
20221201,000733,sell,6437,110.4,2131.9
20221201,600130,sell,217259,4.55,2965.59
20221201,002262,sell,41793,18.36,2301.35
20221201,000513,sell,24304,33.98,2477.66
20221201,002558,sell,109055,7.76,2539.61
20221201,002543,sell,95355,8.9,2545.71
20221201,600236,sell,142597,5.63,2409.16
20221201,601163,sell,72255,11.53,2499.08
20221201,002835,sell,68416,10.97,2250.72
20221201,002332,sell,85167,9.8,2504.57
20221201,600000,sell,133854,6.47,2597.27
20221201,002391,sell,120329,6.98,2518.76
20221201,600380,sell,69520,11.39,2374.91
20221201,603328,sell,122185,6.64,2434.94
20221201,600863,sell,254143,3.36,2564.11
20221201,301193,sell,38715,20.55,2386.92
20221201,003816,sell,326478,2.55,2497.53
20221201,002517,sell,140583,6.84,2885.09
20221201,600557,sell,44835,23.07,3103.59
20221201,002728,sell,124142,16.54,6159.27
20221201,001219,sell,70127,12.52,2634.26
20221201,603757,sell,42961,20.67,2663.4
20221201,002222,sell,59522,13.34,2381.96
20221201,603127,sell,18664,41.56,2326.79
20221201,300494,sell,93531,8.4,2357.89
20221201,600875,sell,37209,21.8,2432.93
20221201,300628,sell,19836,38.95,2317.86
20221201,600016,sell,292119,2.9,2540.41
20221201,003036,sell,66541,12.04,2404.05
20221201,002658,sell,113052,6.97,2363.71
20221201,605060,sell,29515,25.84,2287.94
20221201,002801,sell,30067,25.95,2340.61
20221201,002833,sell,63411,11.39,2167.21
20221201,300196,sell,47522,14.29,2037.86
20221201,601728,sell,11051,3.9,129.32
20221201,000408,buy,81,26.03,6.32
20221201,603599,buy,1649,18.82,93.08
20221201,603556,buy,1003,17.6,52.95
20221201,601328,buy,286,3.9,3.35
20221201,601038,sell,1228,11.53,42.47
20221201,600582,sell,687,4.75,9.78
20221201,601339,buy,1336,4.44,17.82
20221201,601601,sell,4406,21.79,287.96
20221201,600123,buy,2098,9.26,58.26
20221201,600050,sell,67107,4.33,871.33
20221201,601169,sell,881,3.61,9.53
20221201,601319,sell,2250,4.86,32.84
20221201,002195,buy,16641,2.1,104.73
20221201,605377,buy,74817,11.37,2552.41
20221201,600325,sell,18217,9.72,531.36
20221201,300360,sell,192,14.31,8.24
20221201,000517,buy,327798,2.6,2552.43
20221201,000651,sell,1558,26.51,123.91
20221201,605368,buy,1470,7.48,32.97
20221201,600941,buy,13108,64.9,2552.29
20221201,002039,sell,630,13.25,25.04
20221201,601318,buy,21986,38.7,2552.35
20221201,601881,sell,2211,9.3,61.7
20221201,600598,buy,117,12.76,4.48
20221201,603298,sell,3174,12.08,115.02
20221201,300033,buy,11859,71.74,2552.3
20221201,605009,sell,418,29.61,37.13
20221201,002270,buy,6590,7.2,142.36
20221201,600373,buy,100425,8.47,2552.43
20221201,688036,buy,17268,49.27,2552.36
20221201,603699,buy,86381,9.85,2552.42
20221201,600566,buy,2603,26.98,210.67
20221201,002955,buy,4302,24.07,310.66
20221201,603086,buy,7424,9.92,221.04
20221201,600780,sell,1289,6.78,26.23
20221201,600398,buy,221733,3.84,2552.43
20221201,601985,buy,2937,5.87,51.68
20221201,601229,sell,344,4.8,4.95
20221201,002048,buy,62642,13.58,2552.43
20221201,688075,buy,11552,73.65,2552.41
20221201,300130,buy,6007,12.23,220.43
20221201,000663,buy,97346,8.74,2552.41
20221201,688298,buy,9923,85.74,2552.3
20221201,000932,buy,199581,4.26,2552.43
20221201,603801,sell,13017,18.0,703.06
20221201,605196,buy,7534,7.35,166.1
20221201,600060,sell,3437,12.29,126.69
20221201,600741,buy,52546,16.19,2552.39
20221201,688303,buy,17306,49.16,2552.4
20221201,000915,buy,1345,39.24,158.34
20221201,002938,buy,2730,27.29,223.48
20221201,688425,buy,218486,3.89,2552.43
20221201,003006,buy,67631,12.58,2552.43
20221201,603529,buy,5198,29.99,467.71
20221201,600873,buy,99622,8.54,2552.43
20221201,688981,buy,1389,40.98,170.76
20221201,600426,buy,28324,30.04,2552.36
20221201,002483,buy,15306,5.26,241.71
20221201,603339,buy,6416,12.32,237.21
20221201,600660,buy,25812,32.96,2552.36
20221201,000425,buy,173619,4.9,2552.43
20221201,000719,sell,6686,7.06,141.56
20221201,605117,sell,655,66.49,130.65
20221201,000930,buy,104715,8.12,2552.42
20221201,688068,buy,9143,93.05,2552.35
20221201,600452,buy,104366,8.15,2552.42
20221201,000807,buy,84092,10.12,2552.42
20221201,301004,buy,9782,20.5,601.71
20221201,002757,buy,19664,10.38,612.08
20221201,600938,buy,59829,14.22,2552.43
20221201,603890,buy,1851,10.48,58.19
20221201,601368,buy,158925,5.35,2552.43
20221201,605088,buy,48254,17.63,2552.39
20221201,600742,buy,107769,7.89,2552.43
20221201,300660,buy,59362,14.33,2552.42
20221201,000830,buy,70857,12.01,2552.42
20221201,603156,buy,51768,16.44,2552.43
20221201,600618,buy,88650,9.6,2552.43
20221201,300394,buy,7844,13.05,307.07
20221201,603565,buy,94512,9.0,2552.42
20221201,002106,buy,108934,7.81,2552.43
20221201,001308,buy,34525,24.64,2552.39
20221201,600562,buy,49792,17.09,2552.39
20221201,603013,buy,61606,13.81,2552.4
20221201,600874,buy,143055,5.95,2552.43
20221201,003019,buy,45269,18.79,2552.4
20221201,601231,buy,50627,16.81,2552.39
20221201,000617,sell,54405,6.4,1044.85
20221201,603357,buy,119481,7.12,2552.42
20221201,601336,buy,33131,25.68,2552.41
20221201,600219,sell,22539,2.99,202.12
20221201,002432,buy,15733,54.08,2552.38
20221201,600251,buy,104096,8.17,2552.43
20221201,603100,buy,3147,22.5,212.41
20221201,002057,buy,90672,9.38,2552.41
20221201,603299,buy,86567,9.83,2552.43
20221201,688606,buy,12927,65.81,2552.34
20221201,002020,buy,3441,12.02,124.06
20221201,600308,buy,192083,3.72,2143.22
20230103,603100,sell,37815,21.01,2383.42
20230103,000719,sell,120551,7.34,2654.53
20230103,600325,sell,87508,8.44,2215.25
20230103,601881,sell,91462,8.6,2359.67
20230103,603339,sell,69037,11.81,2445.43
20230103,601319,sell,174897,4.85,2542.82
20230103,002483,sell,161629,4.91,2381.67
20230103,603086,sell,85727,9.33,2398.38
20230103,600123,sell,91916,8.69,2395.79
20230103,605368,sell,113798,6.91,2358.4
20230103,601229,sell,177209,4.75,2526.79
20230103,000651,sell,32094,26.58,2558.78
20230103,603890,sell,81185,9.3,2265.13
20230103,002938,sell,31180,25.91,2423.28
20230103,301004,sell,41495,20.87,2597.4
20230103,605117,sell,12797,59.75,2293.8
20230103,603529,sell,28367,29.69,2526.39
20230103,600941,sell,13108,63.18,2484.6
20230103,688075,sell,11552,54.47,1887.62
20230103,688298,sell,9923,61.66,1835.47
20230103,600741,sell,52546,14.9,2349.41
20230103,688303,sell,17306,43.92,2280.37
20230103,688425,sell,218486,3.76,2465.91
20230103,600873,sell,99622,8.89,2656.61
20230103,600660,sell,25812,31.24,2419.46
20230103,000930,sell,104715,7.88,2476.49
20230103,688068,sell,9143,60.64,1663.36
20230103,600938,sell,59829,13.31,2388.85
20230103,601368,sell,158925,5.15,2454.8
20230103,600742,sell,107769,7.29,2355.45
20230103,300660,sell,59362,13.66,2433.37
20230103,000830,sell,70857,11.21,2381.87
20230103,603156,sell,51768,17.37,2698.0
20230103,600618,sell,88650,9.15,2432.29
20230103,603565,sell,94512,7.96,2256.69
20230103,002106,sell,108934,7.4,2419.71
20230103,001308,sell,34525,23.71,2456.0
20230103,603013,sell,61606,12.91,2385.14
20230103,600874,sell,143055,5.65,2425.99
20230103,003019,sell,45269,17.68,2400.51
20230103,601231,sell,50627,15.9,2414.23
20230103,603357,sell,119481,6.79,2433.52
20230103,600251,sell,104096,7.69,2402.62
20230103,002057,sell,90672,9.93,2702.26
20230103,688606,sell,12927,59.23,2297.15
20230103,600308,sell,192083,3.59,2070.43
20230103,601038,buy,1505,10.82,48.84
20230103,603556,sell,72,16.88,3.65
20230103,605009,sell,4070,33.03,403.31
20230103,600050,sell,16360,4.52,221.87
20230103,603599,sell,2428,19.04,138.69
20230103,000617,buy,18347,5.39,296.48
20230103,600130,buy,175583,4.64,2444.12
20230103,300360,buy,115,13.68,4.72
20230103,002039,sell,6705,14.17,284.95
20230103,601601,sell,1251,21.55,80.88
20230103,605377,sell,7852,12.17,286.59
20230103,002195,sell,9741,2.06,60.15
20230103,688036,sell,926,49.86,138.5
20230103,601728,sell,7815,3.87,90.83
20230103,003006,sell,2680,12.54,100.85
20230103,603699,sell,5409,10.06,163.27
20230103,601318,sell,1968,40.7,240.29
20230103,600566,buy,2031,24.27,147.88
20230103,001219,buy,58114,14.02,2444.11
20230103,002737,buy,36923,22.06,2444.08
20230103,300488,buy,36962,22.04,2444.1
20230103,600398,sell,24203,4.12,299.48
20230103,601169,sell,10014,3.61,108.3
20230103,688981,sell,1148,41.54,143.06
20230103,600371,buy,60363,13.5,2444.12
20230103,600060,sell,4396,12.56,165.68
20230103,002343,buy,113786,7.16,2444.12
20230103,000915,buy,968,35.97,104.46
20230103,300033,buy,463,66.12,91.84
20230103,601328,sell,10569,3.93,124.56
20230103,002728,buy,73448,11.09,2444.12
20230103,603298,buy,1121,11.39,38.29
20230103,002955,buy,1314,22.22,87.6
20230103,605196,sell,118,7.04,2.49
20230103,600780,sell,525,6.52,10.27
20230103,000923,buy,68888,11.83,2444.12
20230103,002020,sell,2527,11.93,90.48
20230103,000932,sell,3995,4.17,49.92
20230103,601985,sell,2733,5.72,46.93
20230103,600582,sell,4696,4.67,65.76
20230103,002048,buy,585,12.89,22.61
20230103,002315,buy,65204,12.49,2444.12
20230103,601699,buy,63319,12.87,2444.12
20230103,600814,buy,120642,6.75,2444.11
20230103,688121,buy,32209,25.29,2444.08
20230103,002270,buy,881,6.84,18.09
20230103,600562,sell,1227,16.78,61.75
20230103,002027,buy,143309,5.68,2444.13
20230103,002116,buy,83540,9.75,2444.11
20230103,000807,sell,5378,10.35,166.99
20230103,600845,buy,27190,29.96,2444.06
20230103,002033,buy,81522,9.99,2444.12
20230103,600219,buy,8322,2.78,69.43
20230103,300196,buy,60896,13.38,2444.11
20230103,600030,buy,44038,18.5,2444.08
20230103,002432,buy,1276,47.9,183.35
20230103,300770,buy,26549,30.69,2444.12
20230103,601336,sell,3070,27.1,249.61
20230103,603203,buy,30190,26.99,2444.06
20230103,601163,buy,71792,11.35,2444.12
20230103,600000,buy,125787,6.48,2444.12
20230103,600016,buy,286766,2.84,2444.13
20230103,603299,buy,4380,8.96,117.71
20230103,002606,buy,85338,9.55,2444.12
20230103,601339,sell,11696,4.53,159.07
20230103,300130,sell,250,11.76,8.82
20230103,603127,buy,20111,40.51,2444.02
20230103,000716,buy,94609,8.61,2444.13
20230103,000517,buy,14247,2.38,101.8
20230103,600888,buy,106939,7.62,2444.12
20230103,002757,sell,371,9.98,11.11
20230103,603896,buy,20478,39.78,2444.08
20230103,603217,buy,26831,30.36,2444.09
20230103,600557,buy,42548,19.15,2444.11
20230103,000663,sell,2502,8.59,64.48
20230103,601199,buy,131509,6.2,2444.12
20230103,688123,buy,11415,71.37,2444.04
20230103,600426,sell,1665,30.56,152.65
20230103,002867,buy,68549,11.89,2444.12
20230103,600511,buy,30944,26.33,2444.09
20230103,000425,sell,3485,4.79,50.07
20230103,601369,buy,80328,10.14,2444.1
20230103,300226,buy,32307,25.22,2444.08
20230103,000423,buy,23403,34.81,2444.06
20230103,300955,buy,35417,23.0,2444.08
20230103,002093,buy,99709,8.17,2444.12
20230103,002177,buy,256226,3.18,2444.12
20230103,002758,buy,62213,13.1,2444.1
20230103,600598,buy,1097,12.03,39.58
20230103,605088,buy,4035,15.58,188.61
20230103,600373,sell,4360,8.48,110.93
20230103,603801,buy,2277,16.45,112.35
20230103,600452,sell,18601,9.5,530.09
20230103,000960,buy,60685,13.42,2444.09
20230103,002222,buy,56573,14.4,2444.11
20230103,002463,buy,67412,12.09,2444.12
20230103,300394,sell,2384,12.97,92.76
20230103,002133,buy,241532,3.37,2444.13
20230103,000603,buy,58281,13.1,2290.19
20230201,600598,sell,67749,12.37,2514.85
20230201,601169,sell,225993,3.58,2427.04
20230201,600582,sell,174532,4.65,2434.93
20230201,000915,sell,22648,37.58,2553.51
20230201,601985,sell,142324,5.72,2444.14
20230201,600566,sell,33568,25.51,2569.06
20230201,300394,sell,62816,14.13,2662.93
20230201,688981,sell,19613,43.46,2557.14
20230201,002020,sell,68266,12.61,2583.44
20230201,002955,sell,36660,22.99,2528.71
20230201,600780,sell,124911,6.57,2462.22
20230201,002757,sell,81629,11.52,2820.33
20230201,300130,sell,69305,12.88,2677.29
20230201,600373,sell,96065,8.48,2444.14
20230201,600398,sell,197530,4.07,2411.91
20230201,002048,sell,63227,14.35,2722.15
20230201,600452,sell,85765,10.43,2682.62
20230201,605088,sell,52289,18.73,2937.59
20230201,002432,sell,17009,50.05,2554.02
20230201,603299,sell,90947,9.71,2650.39
20230201,001219,sell,58114,13.59,2369.37
20230201,002737,sell,36923,22.86,2532.24
20230201,300488,sell,36962,24.05,2666.49
20230201,002116,sell,83540,10.7,2681.32
20230201,600845,sell,27190,31.98,2608.47
20230201,002033,sell,81522,9.23,2256.61
20230201,300196,sell,60896,14.48,2645.51
20230201,300770,sell,26549,30.17,2403.26
20230201,601163,sell,71792,12.13,2613.55
20230201,600000,sell,125787,6.59,2488.07
20230201,600016,sell,286766,2.89,2486.76
20230201,002606,sell,85338,10.25,2625.35
20230201,600888,sell,106939,8.43,2703.39
20230201,600557,sell,42548,21.46,2739.13
20230201,601199,sell,131509,6.2,2447.82
20230201,688123,sell,11415,71.85,2460.49
20230201,601369,sell,80328,11.01,2654.13
20230201,000423,sell,23403,37.76,2651.2
20230201,300955,sell,35417,25.06,2662.91
20230201,002093,sell,99709,7.98,2385.58
20230201,002177,sell,256226,3.25,2497.75
20230201,002758,sell,62213,14.13,2637.1
20230201,002222,sell,56573,15.21,2582.22
20230201,002463,sell,67412,13.41,2711.59
20230201,002195,sell,108551,3.03,986.06
20230201,601728,sell,16116,4.48,216.58
20230201,603369,buy,15880,54.78,2609.61
20230201,600130,sell,9892,5.25,155.8
20230201,002039,buy,4467,14.04,188.09
20230201,000663,buy,224,9.15,6.15
20230201,000617,sell,4135,5.91,73.35
20230201,600050,sell,552,4.84,8.02
20230201,601038,sell,1526,11.79,53.97
20230201,601601,sell,655,23.42,46.01
20230201,601828,buy,150363,5.79,2609.62
20230201,601318,sell,392,44.32,52.13
20230201,300360,sell,3306,15.46,153.34
20230201,002027,buy,6877,5.79,119.49
20230201,002057,buy,75993,11.45,2609.61
20230201,600295,buy,89061,9.77,2609.6
20230201,000858,buy,4706,184.84,2609.55
20230201,603699,buy,7029,9.88,208.44
20230201,002558,buy,94776,9.18,2609.6
20230201,600660,buy,25277,34.41,2609.58
20230201,603801,sell,3604,18.94,204.77
20230201,000807,sell,10991,12.84,423.53
20230201,600371,buy,4533,13.4,182.28
20230201,601699,sell,5144,14.95,230.75
20230201,688036,sell,425,54.65,69.68
20230201,000568,buy,4123,210.96,2609.35
20230201,603866,buy,70421,12.35,2609.61
20230201,605337,buy,52214,16.66,2609.6
20230201,603217,buy,731,31.56,69.21
20230201,000923,sell,6835,14.02,287.45
20230201,600426,buy,844,31.63,80.08
20230201,000932,buy,321,4.44,4.28
20230201,002555,buy,50204,17.33,2609.57
20230201,601336,buy,923,28.07,77.74
20230201,688169,buy,7475,116.36,2609.31
20230201,002728,buy,10616,10.35,329.55
20230201,600873,buy,94793,9.18,2609.62
20230201,000517,sell,3808,2.57,29.38
20230201,600511,sell,374,28.46,31.93
20230201,600814,sell,840,7.26,18.3
20230201,600061,buy,130146,6.68,2609.61
20230201,603556,buy,1129,17.61,59.64
20230201,603195,buy,18839,46.17,2609.51
20230201,000425,sell,11879,5.5,195.89
20230201,688121,buy,1288,25.97,100.34
20230201,300771,buy,61451,14.16,2609.58
20230201,603127,sell,627,44.65,83.98
20230201,000333,buy,18125,47.99,2609.57
20230201,000731,buy,110693,7.86,2609.62
20230201,600251,buy,106193,8.19,2609.61
20230201,000755,buy,140142,6.21,2609.61
20230201,603896,sell,948,44.54,126.68
20230201,000913,buy,38766,22.44,2609.62
20230201,600941,buy,12856,67.66,2609.57
20230201,002343,buy,10481,7.0,220.1
20230201,000651,buy,30437,28.58,2609.6
20230201,002545,buy,105881,8.22,2609.61
20230201,603565,buy,98982,8.79,2609.61
20230201,002270,sell,3400,7.52,76.73
20230201,300662,buy,17542,49.59,2609.48
20230201,600483,buy,98648,8.82,2609.61
20230201,605377,buy,8566,11.52,295.96
20230201,605009,buy,1786,32.89,176.2
20230201,002677,buy,87330,9.96,2609.61
20230201,000960,sell,3732,15.27,171.01
20230201,601328,buy,8574,4.03,103.6
20230201,000603,buy,1582,14.53,68.96
20230201,000716,buy,10094,8.31,251.58
20230201,000655,buy,117678,7.39,2609.61
20230201,688318,buy,14455,60.18,2609.53
20230201,600219,sell,10596,3.08,97.93
20230201,002867,sell,825,12.84,31.79
20230201,600585,buy,33907,25.65,2609.58
20230201,300033,sell,1831,82.92,455.46
20230201,002821,buy,5528,157.34,2609.29
20230201,003006,sell,10121,15.87,481.71
20230201,600867,buy,95665,9.09,2609.62
20230201,600486,buy,10803,80.52,2609.6
20230201,002493,buy,67421,12.9,2609.61
20230201,603599,buy,299,20.19,18.11
20230201,600060,sell,1536,13.74,63.31
20230201,002508,buy,33607,25.88,2609.58
20230201,000830,buy,71268,12.21,2609.62
20230201,603298,sell,2248,12.55,84.64
20230201,600030,sell,1678,20.54,103.38
20230201,002315,buy,732,13.19,28.97
20230201,603213,buy,61128,14.23,2609.59
20230201,002790,buy,97177,8.95,2609.61
20230201,603198,buy,14258,61.01,2609.45
20230201,300677,buy,35687,24.37,2609.61
20230201,603203,sell,1165,29.97,104.75
20230201,000408,buy,3205,24.24,233.03
20230201,603738,buy,50549,17.21,2609.62
20230201,601339,buy,11490,4.55,156.82
20230201,000630,buy,262519,3.31,2609.62
20230201,600562,buy,2372,17.08,121.52
20230201,605196,sell,1705,7.63,39.05
20230201,300226,sell,1133,27.9,94.85
20230201,000893,buy,27347,29.02,2380.83
20230201,002133,buy,3,3.41,0.03
20230301,000408,sell,35892,23.85,2567.86
20230301,600219,sell,282359,3.06,2595.52
20230301,000617,sell,147116,5.59,2468.58
20230301,300360,sell,56263,15.23,2571.42
20230301,601038,sell,73782,11.55,2555.87
20230301,600060,sell,63316,14.59,2772.11
20230301,605377,sell,75531,11.62,2633.37
20230301,000517,sell,338237,2.6,2633.72
20230301,688036,sell,15917,51.75,2471.1
20230301,603699,sell,88001,10.34,2728.67
20230301,000932,sell,195907,5.03,2953.4
20230301,600562,sell,50937,17.26,2637.83
20230301,600371,sell,64896,12.51,2436.1
20230301,002343,sell,124267,6.18,2303.91
20230301,002728,sell,84064,13.3,3353.5
20230301,600814,sell,119802,7.33,2633.3
20230301,600030,sell,42360,19.43,2469.09
20230301,603203,sell,29025,31.34,2729.28
20230301,002867,sell,67724,13.96,2836.48
20230301,000960,sell,56953,14.98,2559.45
20230301,002133,sell,241535,3.5,2533.16
20230301,000603,sell,59863,13.49,2423.32
20230301,600295,sell,89061,9.59,2563.49
20230301,600660,sell,25277,32.93,2497.46
20230301,000333,sell,18125,47.23,2568.19
20230301,600251,sell,106193,8.13,2589.43
20230301,000755,sell,140142,5.65,2373.47
20230301,600941,sell,12856,74.3,2865.61
20230301,002545,sell,105881,8.07,2564.9
20230301,603565,sell,98982,8.52,2530.19
20230301,300662,sell,17542,47.67,2508.84
20230301,688318,sell,14455,46.38,2011.29
20230301,600585,sell,33907,27.15,2761.63
20230301,002821,sell,5528,136.29,2260.25
20230301,600486,sell,10803,78.51,2544.58
20230301,002493,sell,67421,13.34,2697.77
20230301,002508,sell,33607,27.23,2745.09
20230301,000830,sell,71268,13.12,2804.28
20230301,300677,sell,35687,25.3,2708.72
20230301,603738,sell,50549,18.72,2838.67
20230301,000630,sell,262519,3.18,2507.85
20230301,000893,sell,27347,28.37,2327.5
20230301,601728,sell,35745,5.66,606.43
20230301,601339,sell,30115,5.56,502.51
20230301,002195,buy,7667,3.04,69.87
20230301,603369,sell,965,60.08,173.92
20230301,600130,buy,17918,4.88,262.32
20230301,603556,sell,8243,21.77,538.33
20230301,600050,sell,11483,5.33,183.53
20230301,002558,sell,4445,9.92,132.27
20230301,603599,sell,352,20.97,22.14
20230301,688169,sell,932,136.94,382.89
20230301,002677,sell,9606,11.53,332.22
20230301,300895,buy,24050,37.26,2687.99
20230301,002270,sell,3280,7.97,78.47
20230301,002039,buy,2420,13.91,101.01
20230301,300926,buy,75450,11.88,2688.0
20230301,002833,buy,59632,15.03,2688.01
20230301,002057,buy,4787,11.09,159.29
20230301,601699,sell,5635,17.05,288.3
20230301,002027,buy,5889,5.74,101.42
20230301,000655,sell,1483,7.71,34.31
20230301,601601,sell,2497,25.86,193.7
20230301,002955,buy,29899,29.97,2687.96
20230301,000425,sell,24492,6.7,492.18
20230301,601328,buy,3777,4.08,46.2
20230301,600398,buy,187875,4.77,2688.03
20230301,002790,sell,12866,10.63,410.2
20230301,002283,buy,160194,5.59,2688.03
20230301,601318,buy,1138,43.15,147.32
20230301,600867,sell,10136,10.48,318.56
20230301,000568,sell,155,225.82,105.01
20230301,300394,buy,43630,20.54,2688.0
20230301,002835,buy,55795,16.06,2688.01
20230301,000858,buy,204,182.48,111.68
20230301,603195,sell,854,49.82,127.64
20230301,002555,sell,3704,19.27,214.12
20230301,300308,buy,35100,25.53,2687.98
20230301,300994,buy,47046,19.05,2688.01
20230301,603339,buy,64105,13.98,2688.02
20230301,603801,sell,6060,22.47,408.56
20230301,600511,sell,542,29.84,48.52
20230301,605009,buy,784,32.9,77.38
20230301,601828,buy,5846,5.74,100.6
20230301,301181,buy,32867,27.26,2688.02
20230301,600061,buy,3151,6.72,63.54
20230301,000807,buy,939,13.05,36.76
20230301,600325,buy,86149,10.4,2688.02
20230301,000923,sell,308,14.51,13.41
20230301,603228,buy,39894,22.46,2688.01
20230301,003006,sell,3382,17.42,176.7
20230301,300130,buy,56905,15.75,2688.02
20230301,688121,buy,4391,23.65,311.52
20230301,000651,sell,1173,30.62,107.75
20230301,300033,buy,132,84.34,33.4
20230301,300771,buy,2098,14.1,88.74
20230301,603198,sell,372,64.53,72.01
20230301,603217,buy,1057,31.31,99.28
20230301,002429,buy,207776,4.31,2688.03
20230301,601101,buy,150213,5.96,2688.03
20230301,000913,buy,2941,21.48,189.55
20230301,300398,buy,46683,19.19,2687.98
20230301,605196,buy,2227,7.71,51.53
20230301,300692,buy,120170,7.46,2688.03
20230301,600483,sell,1483,9.22,41.03
20230301,002241,buy,42690,20.99,2688.0
20230301,600873,buy,5028,8.98,135.4
20230301,300389,buy,72509,12.36,2688.03
20230301,002757,buy,68782,13.03,2688.01
20230301,000731,buy,2413,7.92,57.35
20230301,603866,sell,2653,13.22,105.23
20230301,300349,buy,82270,10.89,2688.01
20230301,002315,buy,2856,13.02,111.6
20230301,002154,buy,193242,4.64,2688.03
20230301,603896,sell,722,47.64,103.19
20230301,600720,buy,79203,11.31,2688.03
20230301,300384,buy,56681,15.81,2688.01
20230301,600780,buy,100287,8.93,2688.03
20230301,300226,buy,2325,26.75,186.56
20230301,600426,sell,990,33.8,100.37
20230301,002461,buy,104943,8.54,2688.01
20230301,605337,sell,4653,18.84,262.98
20230301,605399,buy,30766,29.12,2688.03
20230301,688425,buy,192755,4.65,2688.02
20230301,601336,sell,88,29.0,7.66
20230301,002463,buy,56387,15.89,2688.03
20230301,600025,buy,133317,6.72,2688.02
20230301,300502,buy,53325,16.8,2688.0
20230301,000716,sell,11078,9.57,318.06
20230301,688981,buy,21147,42.37,2688.0
20230301,603127,buy,2589,40.59,315.28
20230301,000663,buy,659,9.36,18.5
20230301,002483,buy,164147,5.46,2688.03
20230301,603393,buy,38134,23.5,2688.0
20230301,603881,buy,62159,14.41,2688.03
20230301,300770,buy,26632,33.64,2688.03
20230301,603213,buy,3762,13.81,155.84
20230301,603298,sell,5207,13.98,218.36
20230301,300911,buy,30020,29.85,2687.96
20230301,002032,buy,19326,46.36,2687.91
20230301,002517,buy,101128,8.86,2688.03
20230301,603589,buy,12628,61.27,2320.97
20230403,605009,sell,27235,30.4,2484.23
20230403,002039,sell,64398,13.9,2686.21
20230403,600050,sell,168186,5.1,2572.39
20230403,601601,sell,34651,23.75,2468.88
20230403,603298,sell,64100,12.78,2457.64
20230403,601318,sell,20764,39.43,2456.19
20230403,600426,sell,26513,31.34,2492.94
20230403,601336,sell,30896,28.47,2638.86
20230403,600130,sell,183609,4.63,2550.33
20230403,000923,sell,61745,12.73,2358.16
20230403,002315,sell,68792,15.76,3251.66
20230403,688121,sell,37888,27.57,3134.13
20230403,002027,sell,156075,5.73,2684.03
20230403,603127,sell,22073,36.29,2402.84
20230403,000716,sell,93625,8.53,2396.72
20230403,603217,sell,28619,29.06,2495.43
20230403,300226,sell,33499,35.22,3539.66
20230403,002057,sell,80780,9.76,2364.46
20230403,000858,sell,4910,171.75,2529.93
20230403,000568,sell,3968,224.94,2677.74
20230403,603866,sell,67768,11.96,2432.06
20230403,605337,sell,47561,17.16,2448.9
20230403,600873,sell,99821,8.47,2536.65
20230403,603195,sell,17985,48.45,2614.15
20230403,300771,sell,63549,13.54,2581.19
20230403,000731,sell,113106,7.36,2497.35
20230403,000651,sell,29264,31.33,2750.08
20230403,002677,sell,77724,10.61,2473.87
20230403,603213,sell,64890,13.23,2576.07
20230403,603198,sell,13886,62.55,2605.84
20230403,600398,sell,187875,4.78,2692.41
20230403,300994,sell,47046,18.14,2559.54
20230403,301181,sell,32867,21.47,2117.19
20230403,601101,sell,150213,5.44,2453.11
20230403,300398,sell,46683,21.52,3014.01
20230403,300692,sell,120170,6.89,2483.16
20230403,002241,sell,42690,21.03,2692.93
20230403,002154,sell,193242,4.37,2533.72
20230403,600720,sell,79203,9.97,2368.4
20230403,605399,sell,30766,25.34,2339.21
20230403,600025,sell,133317,6.51,2605.31
20230403,002483,sell,164147,5.05,2487.23
20230403,603393,sell,38134,22.19,2538.43
20230403,300770,sell,26632,37.37,2985.78
20230403,300911,sell,30020,24.78,2232.04
20230403,002032,sell,19326,43.46,2519.62
20230403,603589,sell,12628,62.7,2375.25
20230403,002558,sell,21626,13.43,871.0
20230403,300308,sell,15802,47.8,2265.92
20230403,601728,buy,408,5.81,7.11
20230403,002195,sell,23978,3.4,244.86
20230403,300033,sell,4883,160.7,2354.05
20230403,601339,buy,5703,5.53,94.61
20230403,002517,sell,27468,12.52,1031.87
20230403,300913,buy,52627,17.53,2767.12
20230403,300502,sell,22048,29.49,1950.63
20230403,002555,sell,10820,25.85,839.14
20230403,603556,buy,2262,21.24,144.15
20230403,000617,buy,135338,6.82,2767.12
20230403,688169,buy,767,126.18,290.33
20230403,002833,buy,321,15.38,14.82
20230403,688601,buy,16500,55.9,2767.03
20230403,002955,buy,3554,27.57,293.97
20230403,600060,buy,54688,16.87,2767.11
20230403,601328,sell,1518,4.23,19.25
20230403,601699,buy,2057,16.89,104.25
20230403,603881,sell,8599,17.22,444.27
20230403,300926,sell,5035,13.1,197.86
20230403,300389,sell,1582,13.0,61.72
20230403,603369,buy,120,61.35,22.09
20230403,002757,sell,5253,14.52,228.8
20230403,000021,buy,51499,17.91,2767.11
20230403,688425,sell,7481,4.98,111.73
20230403,300384,sell,2020,16.87,102.26
20230403,600325,buy,2611,10.39,81.4
20230403,300229,buy,27386,33.68,2767.09
20230403,002835,buy,4611,15.27,211.22
20230403,600012,buy,118215,7.8,2767.1
20230403,002815,buy,76681,12.03,2767.09
20230403,603565,buy,100141,9.21,2767.11
20230403,000425,buy,8281,6.49,161.32
20230403,688036,buy,12984,71.04,2767.0
20230403,002832,buy,31616,29.17,2767.04
20230403,002270,buy,3558,7.96,84.94
20230403,300042,buy,31797,29.01,2767.07
20230403,002429,sell,8232,4.62,114.16
20230403,603599,buy,1703,20.76,106.04
20230403,688981,sell,4247,54.58,695.4
20230403,688158,buy,34098,27.05,2767.05
20230403,600511,sell,2774,33.84,281.65
20230403,688588,buy,50735,18.18,2767.11
20230403,603165,buy,75701,12.18,2767.11
20230403,603339,buy,1842,13.99,77.29
20230403,600867,sell,767,10.88,25.04
20230403,603738,buy,47160,19.56,2767.07
20230403,002463,sell,13594,21.55,879.04
20230403,688207,buy,25128,36.71,2767.04
20230403,300895,sell,2041,41.91,256.62
20230403,300349,buy,972,11.08,32.31
20230403,300002,buy,89506,10.31,2767.12
20230403,002790,buy,15946,9.2,440.11
20230403,002283,buy,20020,5.12,307.4
20230403,601717,buy,75380,12.24,2767.09
20230403,601828,buy,11500,5.5,189.74
20230403,600780,buy,7733,8.54,198.09
20230403,603357,buy,111026,8.31,2767.1
20230403,301191,buy,10676,86.39,2767.01
20230403,301039,buy,92051,10.02,2767.1
20230403,300196,buy,61245,15.06,2767.1
20230403,300570,buy,31914,28.9,2767.12
20230403,300130,sell,1915,16.77,96.36
20230403,300394,sell,12917,30.03,1163.81
20230403,300624,buy,15844,58.21,2766.98
20230403,600483,buy,11467,8.49,292.09
20230403,300515,buy,62706,14.71,2767.12
20230403,601199,buy,127784,7.22,2767.1
20230403,600938,buy,60816,15.17,2767.09
20230403,603801,buy,2632,21.7,171.35
20230403,688095,buy,9731,94.78,2766.98
20230403,603896,buy,1021,46.52,142.48
20230403,600061,buy,3149,6.76,63.86
20230403,003006,buy,3571,16.76,179.6
20230403,601169,buy,248332,3.71,2767.12
20230403,601858,buy,48834,18.89,2767.12
20230403,603005,buy,36581,25.21,2767.07
20230403,300852,buy,32692,28.21,2767.04
20230403,603228,sell,1062,23.75,75.68
20230403,605305,buy,30822,29.93,2767.05
20230403,002461,sell,2318,8.99,62.5
20230403,300403,buy,139756,6.6,2767.12
20230403,600750,buy,55505,16.62,2767.1
20230403,301318,buy,32673,28.23,2767.05
20230403,300781,buy,44067,20.93,2767.06
20230403,000655,buy,21151,6.72,426.13
20230403,002533,buy,144736,6.37,2767.12
20230403,002351,buy,62773,14.69,2767.09
20230403,300735,buy,80400,11.47,2767.12
20230403,000663,buy,3453,9.3,96.34
20230403,000807,buy,6754,12.23,247.81
20230403,002916,buy,13362,69.03,2767.06
20230403,600845,buy,25212,36.58,2767.11
20230403,002493,buy,63823,14.45,2767.09
20230403,605196,buy,8335,7.41,185.23
20230403,688318,buy,15202,60.67,2767.0
20230403,603300,buy,152006,6.07,2767.11
20230403,600612,buy,19059,48.39,2766.99
20230403,000913,buy,1,18.56,0.06
20230504,603801,sell,42503,20.68,2636.62
20230504,605196,sell,124515,7.0,2612.97
20230504,300033,sell,5740,119.83,2063.51
20230504,000663,sell,99180,9.52,2832.58
20230504,003006,sell,55019,17.76,2931.74
20230504,000807,sell,75416,13.11,2965.06
20230504,601699,sell,54597,15.34,2512.73
20230504,603896,sell,19829,44.83,2666.81
20230504,603369,sell,15035,57.77,2605.77
20230504,601828,sell,167709,5.11,2569.11
20230504,688169,sell,7310,113.05,2479.21
20230504,000913,sell,41708,17.0,2127.38
20230504,600483,sell,108632,8.45,2753.51
20230504,000655,sell,137346,6.41,2639.4
20230504,002790,sell,100257,7.69,2312.85
20230504,300895,sell,22009,30.74,2029.49
20230504,002955,sell,33453,20.54,2061.76
20230504,002283,sell,180214,5.15,2781.66
20230504,002835,sell,60406,15.12,2739.17
20230504,300308,sell,19298,60.57,3506.36
20230504,603228,sell,38832,21.89,2550.31
20230504,300389,sell,70927,19.31,4108.79
20230504,002757,sell,63529,12.82,2444.24
20230504,300349,sell,83242,12.12,3026.23
20230504,002461,sell,102625,9.03,2778.93
20230504,002463,sell,42793,19.72,2531.74
20230504,300502,sell,31277,32.54,3052.89
20230504,603881,sell,53560,15.65,2515.08
20230504,688601,sell,16500,49.58,2453.97
20230504,600060,sell,54688,20.91,3430.75
20230504,000021,sell,51499,16.36,2527.86
20230504,300229,sell,27386,22.21,1824.81
20230504,603565,sell,100141,8.63,2593.56
20230504,688036,sell,12984,71.31,2777.81
20230504,300042,sell,31797,27.32,2606.26
20230504,688158,sell,34098,18.61,1903.69
20230504,688588,sell,50735,14.34,2183.34
20230504,603738,sell,47160,14.34,2029.05
20230504,688207,sell,25128,26.19,1974.3
20230504,300002,sell,89506,14.36,3854.95
20230504,601717,sell,75380,12.35,2793.84
20230504,301191,sell,10676,68.99,2209.61
20230504,300196,sell,61245,12.88,2367.14
20230504,300570,sell,31914,24.75,2369.57
20230504,300624,sell,15844,113.2,5380.51
20230504,300515,sell,62706,13.93,2620.24
20230504,688095,sell,9731,120.45,3516.29
20230504,601858,sell,48834,44.07,6455.66
20230504,603005,sell,36581,21.38,2346.7
20230504,605305,sell,30822,24.82,2294.95
20230504,300403,sell,139756,6.47,2714.05
20230504,301318,sell,32673,23.59,2312.44
20230504,300781,sell,44067,18.91,2500.34
20230504,002533,sell,144736,6.98,3029.08
20230504,002351,sell,62773,20.71,3899.4
20230504,300735,sell,80400,9.68,2333.74
20230504,002916,sell,13362,58.2,2333.2
20230504,600845,sell,25212,34.47,2607.32
20230504,002493,sell,63823,12.58,2409.14
20230504,688318,sell,15202,58.2,2654.27
20230504,603300,sell,152006,5.9,2689.44
20230504,600612,sell,19059,67.01,3831.65
20230504,601900,buy,51001,18.32,2803.38
20230504,600251,buy,109249,8.55,2803.37
20230504,600373,buy,54279,17.22,2803.37
20230504,601728,sell,1063,5.92,18.89
20230504,600757,buy,100773,9.27,2803.37
20230504,300130,sell,1139,17.35,59.29
20230504,300384,buy,2108,16.46,104.1
20230504,002270,sell,12594,9.04,341.72
20230504,002818,buy,84695,11.03,2803.37
20230504,601985,buy,138848,6.73,2803.39
20230504,601319,buy,153385,6.09,2803.39
20230504,601928,buy,71742,13.03,2803.38
20230504,002517,sell,20373,17.54,1071.83
20230504,000719,buy,69140,13.52,2803.38
20230504,002558,sell,12245,16.55,608.0
20230504,601339,buy,28598,4.78,410.31
20230504,605009,buy,25952,36.01,2803.34
20230504,601601,buy,30433,30.71,2803.39
20230504,601328,sell,27763,4.91,408.64
20230504,603556,sell,929,21.99,61.29
20230504,601336,buy,25076,37.26,2803.33
20230504,600598,buy,78103,11.96,2803.36
20230504,600938,sell,3370,16.27,164.46
20230504,600941,buy,10247,91.19,2803.18
20230504,002429,buy,13894,4.38,182.49
20230504,600325,buy,10709,9.39,301.82
20230504,603357,sell,7879,9.06,214.14
20230504,688981,sell,996,58.76,175.57
20230504,000617,sell,6739,7.27,146.91
20230504,603859,buy,32900,28.4,2803.37
20230504,000408,buy,45700,20.45,2803.39
20230504,000651,buy,31380,29.78,2803.31
20230504,002483,buy,186380,5.01,2803.39
20230504,600012,sell,11796,8.78,310.74
20230504,601199,sell,8270,7.82,193.99
20230504,000731,buy,122297,7.64,2803.37
20230504,601169,sell,19050,4.08,232.92
20230504,003816,buy,311832,3.0,2803.39
20230504,600863,buy,257821,3.62,2803.38
20230504,300394,buy,4131,26.82,332.35
20230504,002832,sell,3762,33.55,378.64
20230504,600511,sell,4119,40.39,499.14
20230504,601330,buy,130419,7.17,2803.39
20230504,600158,buy,94861,9.85,2803.37
20230504,603230,buy,59240,15.77,2803.36
20230504,688425,sell,23599,5.78,409.2
20230504,603339,sell,282,14.23,12.04
20230504,601000,buy,273183,3.42,2803.39
20230504,603599,buy,6854,18.22,374.6
20230504,600835,buy,70586,13.24,2803.38
20230504,002555,sell,2627,28.27,222.81
20230504,600750,sell,12821,21.89,842.06
20230504,600780,buy,3817,8.36,95.68
20230504,002448,buy,161073,5.8,2803.38
20230504,601038,buy,84197,11.1,2803.38
20230504,600061,sell,5409,7.13,115.72
20230504,600211,buy,21767,42.93,2803.3
20230504,603328,buy,130520,7.16,2803.38
20230504,300664,buy,177352,5.27,2803.38
20230504,002343,buy,89852,10.4,2803.38
20230504,600398,buy,173351,5.39,2803.39
20230504,603699,buy,77372,12.08,2803.39
20230504,301039,sell,18258,12.66,693.62
20230504,300235,buy,66389,14.08,2803.36
20230504,300913,buy,797,17.49,41.82
20230504,600016,buy,283578,3.3,2803.39
20230504,300360,buy,60832,15.36,2803.38
20230504,300765,buy,84403,11.07,2803.36
20230504,603444,buy,1961,476.42,2802.78
20230504,605577,buy,59699,15.65,2803.39
20230504,002728,buy,81137,11.52,2803.39
20230504,000028,buy,19949,46.84,2803.33
20230504,601163,buy,68529,13.64,2803.35
20230504,300660,buy,60511,15.44,2803.39
20230504,002815,buy,7907,11.05,262.05
20230504,000567,buy,112450,8.31,2803.38
20230504,002195,buy,33659,3.07,309.75
20230504,300852,buy,2610,26.47,207.26
20230504,000778,buy,207371,4.51,2803.38
20230504,300304,buy,203577,4.59,2803.38
20230504,300970,buy,40398,23.13,2803.36
20230504,601006,buy,139912,6.68,2803.39
20230504,300770,buy,21676,43.11,2803.3
20230504,002462,buy,59809,15.62,2803.35
20230504,000063,buy,29397,31.79,2803.34
20230504,601688,buy,71435,13.08,2803.36
20230504,300926,buy,11179,11.45,384.08
20230504,002222,buy,40121,23.29,2803.36
20230504,000425,buy,16162,5.91,286.39
20230504,002745,buy,119424,7.82,2803.37
20230504,603165,buy,1898,12.04,68.57
20230504,002478,buy,152046,6.15,2803.39
20230504,002174,buy,38996,23.96,2803.38
20230504,600867,buy,388,10.97,12.77
20230504,600674,buy,68330,13.68,2803.35
20230504,601881,buy,87654,10.66,2803.38
20230504,600236,buy,184895,5.05,2803.39
20230504,002833,buy,3400,14.75,150.45
20230504,002275,buy,50889,18.36,2803.39
20230504,002422,buy,25547,29.4,2253.24
20230601,603599,sell,51293,17.57,2704.26
20230601,601339,sell,195392,4.89,2864.63
20230601,002270,sell,103318,8.84,2740.39
20230601,603556,sell,42493,21.22,2705.55
20230601,002195,sell,304629,3.0,2740.08
20230601,601328,sell,190464,4.82,2756.05
20230601,000425,sell,158206,5.5,2608.83
20230601,002558,sell,56460,19.48,3299.09
20230601,002555,sell,33053,26.96,2673.02
20230601,600867,sell,85150,10.48,2676.15
20230601,300394,sell,34844,37.39,3908.57
20230601,600325,sell,99469,8.95,2671.2
20230601,300130,sell,53851,23.65,3820.92
20230601,002429,sell,213438,4.86,3110.2
20230601,300384,sell,56769,16.28,2772.05
20230601,600780,sell,111837,8.98,3013.79
20230601,688981,sell,15904,54.42,2596.49
20230601,002517,sell,53287,17.68,2826.61
20230601,300913,sell,53424,23.14,3708.74
20230601,000617,sell,128599,7.5,2894.08
20230601,002832,sell,27854,30.39,2539.11
20230601,603165,sell,77599,11.91,2772.2
20230601,301039,sell,73793,11.02,2440.48
20230601,601199,sell,119514,7.16,2567.83
20230601,300852,sell,35302,30.35,3214.55
20230601,600750,sell,42684,21.29,2726.23
20230601,601900,sell,51001,24.65,3770.97
20230601,002818,sell,84695,10.37,2633.62
20230601,601928,sell,71742,11.87,2554.6
20230601,603859,sell,32900,31.55,3114.41
20230601,000408,sell,45700,20.65,2831.68
20230601,002483,sell,186380,5.05,2824.12
20230601,000731,sell,122297,7.26,2663.7
20230601,003816,sell,311832,2.89,2707.62
20230601,600158,sell,94861,12.39,3525.45
20230601,603230,sell,59240,12.8,2274.89
20230601,601000,sell,273183,3.15,2581.98
20230601,002448,sell,161073,6.2,2995.77
20230601,601038,sell,84197,10.58,2671.23
20230601,300664,sell,177352,5.31,2827.75
20230601,002343,sell,89852,8.65,2331.66
20230601,603699,sell,77372,12.45,2889.58
20230601,300235,sell,66389,14.17,2823.13
20230601,300360,sell,60832,16.5,3010.35
20230601,603444,sell,1961,502.4,2955.61
20230601,605577,sell,59699,12.31,2205.4
20230601,000028,sell,19949,41.22,2467.15
20230601,601163,sell,68529,13.49,2773.61
20230601,300660,sell,60511,18.79,3410.69
20230601,000567,sell,112450,8.63,2910.17
20230601,000778,sell,207371,4.07,2532.46
20230601,300304,sell,203577,4.91,2999.79
20230601,300970,sell,40398,23.33,2827.36
20230601,300770,sell,21676,36.85,2396.44
20230601,002462,sell,59809,13.95,2502.2
20230601,000063,sell,29397,34.38,3032.07
20230601,002222,sell,40121,22.88,2753.32
20230601,002745,sell,119424,8.41,3012.18
20230601,002174,sell,38996,19.08,2232.71
20230601,600674,sell,68330,13.56,2780.48
20230601,601881,sell,87654,10.85,2852.64
20230601,600236,sell,184895,5.22,2893.5
20230601,002275,sell,50889,17.36,2650.8
20230601,600398,sell,5905,5.53,97.97
20230601,600015,buy,196067,4.72,2778.11
20230601,600373,buy,7640,14.96,342.78
20230601,600061,buy,1652,6.98,34.59
20230601,600598,sell,1219,12.04,44.05
20230601,600566,buy,35349,26.2,2778.09
20230601,000719,buy,14834,11.03,490.75
20230601,603920,buy,50349,18.39,2778.06
20230601,601336,buy,2895,33.11,287.52
20230601,600251,buy,4555,8.14,111.19
20230601,300856,buy,35451,26.12,2778.09
20230601,600757,buy,1931,9.02,52.23
20230601,601319,buy,12322,5.59,206.58
20230601,600938,buy,3336,15.24,152.47
20230601,600016,buy,3192,3.23,30.92
20230601,000651,buy,2480,27.35,203.47
20230601,601019,buy,99787,9.28,2778.08
20230601,600998,buy,175092,5.29,2778.1
20230601,002478,sell,8749,6.46,169.62
20230601,600835,buy,937,12.95,36.39
20230601,600710,buy,142097,6.52,2778.11
20230601,002772,buy,96591,9.59,2778.1
20230601,002757,buy,71039,13.04,2778.09
20230601,600863,buy,2048,3.56,21.89
20230601,600941,buy,422,86.8,109.88
20230601,603328,sell,9884,7.68,227.62
20230601,601985,buy,1893,6.58,37.37
20230601,688318,buy,16901,54.79,2778.06
20230601,600582,buy,193284,4.79,2778.1
20230601,000623,buy,61384,15.09,2778.07
20230601,601330,buy,6446,6.77,130.84
20230601,605368,buy,117924,7.85,2778.1
20230601,600612,buy,16185,57.21,2778.01
20230601,600971,buy,127282,7.28,2778.1
20230601,600012,sell,5383,9.17,148.01
20230601,603357,sell,11650,10.12,353.73
20230601,000915,buy,28092,32.96,2778.08
20230601,601811,buy,63059,14.69,2778.1
20230601,601098,buy,76951,12.03,2778.08
20230601,601688,buy,2447,12.53,92.01
20230601,600829,buy,133202,6.95,2778.09
20230601,600511,buy,3425,34.87,358.24
20230601,601619,buy,217358,4.26,2778.11
20230601,301004,buy,40775,22.71,2778.05
20230601,002662,buy,306295,3.02,2778.1
20230601,002441,buy,96353,9.61,2778.1
20230601,002815,sell,6091,11.8,215.57
20230601,002756,buy,16129,57.41,2778.11
20230601,300349,buy,75075,12.33,2778.09
20230601,000926,buy,324942,2.85,2778.11
20230601,300494,buy,41054,22.56,2778.05
20230601,301179,buy,49833,18.58,2778.06
20230601,600528,buy,94090,9.84,2778.1
20230601,603529,buy,28121,32.93,2778.08
20230601,002738,buy,17820,51.96,2777.99
20230601,000055,buy,204672,4.52,2778.1
20230601,601169,buy,5183,3.95,61.41
20230601,300926,sell,11702,13.25,465.14
20230601,002821,buy,7181,128.95,2778.04
20230601,002533,buy,133743,6.92,2778.1
20230601,600390,buy,172645,5.36,2778.09
20230601,001308,buy,35784,25.88,2778.11
20230601,600742,buy,133887,6.92,2778.09
20230601,300765,sell,1502,11.17,50.33
20230601,603183,buy,195694,4.73,2778.1
20230601,603688,buy,14182,65.3,2778.04
20230601,603228,buy,36218,25.57,2778.11
20230601,605117,buy,21185,43.71,2778.06
20230601,688303,buy,22262,41.6,2778.01
20230601,601006,buy,6074,6.34,115.59
20230601,600352,buy,110716,8.36,2778.09
20230601,601728,buy,10468,5.5,172.84
20230601,603013,buy,71157,13.01,2778.1
20230601,601766,buy,148763,6.22,2778.09
20230601,605009,buy,2351,32.72,230.76
20230601,600211,buy,2446,38.24,280.64
20230601,600729,buy,36135,25.63,2778.06
20230601,002833,buy,1121,14.36,48.3
20230601,002061,buy,248113,3.73,2778.1
20230601,603339,buy,102,14.08,4.31
20230601,600415,buy,116537,7.95,2778.11
20230601,601229,buy,186926,4.95,2778.09
20230601,300146,buy,46957,19.72,2778.09
20230601,003011,buy,35583,26.02,2778.07
20230601,601601,buy,6013,25.41,458.33
20230601,603109,buy,56509,16.39,2778.08
20230601,002422,buy,6444,28.95,559.59
20230601,002106,buy,112705,8.22,2778.09
20230601,300750,buy,4446,208.26,2777.71
20230601,002987,buy,102458,9.04,2778.09
20230601,688425,buy,14967,5.24,235.39
20230601,600449,buy,61854,14.97,2778.07
20230601,601211,buy,68863,13.45,2778.08
20230601,605377,buy,90318,10.25,2778.09
20230601,002728,sell,2247,11.74,79.13
20230601,688556,buy,48921,18.93,2778.09
20230601,603298,buy,68646,13.49,2778.1
20230601,600660,buy,31416,29.48,2778.07
20230601,300580,buy,69556,13.31,2778.1
20230601,000880,buy,103214,7.22,2237.06
20230703,601728,sell,168256,5.18,2614.2
20230703,603339,sell,65767,15.13,2984.78
20230703,688425,sell,176642,4.54,2408.36
20230703,605368,sell,117924,8.02,2837.02
20230703,600971,sell,127282,6.78,2589.35
20230703,300494,sell,41054,19.96,2458.87
20230703,603529,sell,28121,29.23,2465.59
20230703,001308,sell,35784,25.44,2731.41
20230703,688303,sell,22262,40.27,2689.24
20230703,600352,sell,110716,8.37,2781.04
20230703,603013,sell,71157,14.44,3081.73
20230703,601766,sell,148763,5.98,2669.07
20230703,603109,sell,56509,17.45,2958.15
20230703,002106,sell,112705,8.28,2799.49
20230703,300750,sell,4446,214.78,2864.69
20230703,002987,sell,102458,9.07,2788.17
20230703,601211,sell,68863,13.42,2771.95
20230703,605377,sell,90318,9.42,2551.67
20230703,300580,sell,69556,15.74,3285.35
20230703,600015,sell,2255,4.84,32.71
20230703,600398,sell,6181,5.81,107.76
20230703,600061,buy,1581,6.98,33.1
20230703,600566,buy,1816,25.22,137.38
20230703,603920,buy,4259,17.16,219.27
20230703,600598,buy,462,12.12,16.79
20230703,601336,sell,1678,35.64,179.43
20230703,002772,buy,3222,9.39,90.76
20230703,000651,sell,4054,31.44,382.41
20230703,600251,buy,341,8.21,8.4
20230703,300856,sell,850,27.09,69.07
20230703,000719,buy,11298,9.84,333.4
20230703,601319,buy,2820,5.56,47.05
20230703,600373,buy,16810,11.9,600.3
20230703,600863,sell,679,3.62,7.37
20230703,603040,buy,37686,24.87,2811.49
20230703,600938,sell,2242,16.01,107.68
20230703,000915,buy,3076,30.07,277.47
20230703,002478,sell,8213,6.94,170.94
20230703,600016,sell,4149,3.32,41.27
20230703,301004,sell,3601,25.21,272.35
20230703,600835,sell,10618,15.39,490.15
20230703,600998,buy,3096,5.26,48.85
20230703,601601,buy,351,25.47,26.82
20230703,002757,sell,2796,13.73,115.19
20230703,600012,buy,1213,9.17,33.35
20230703,600757,buy,17344,7.81,406.19
20230703,000623,buy,3333,14.48,144.79
20230703,603328,buy,265,7.75,6.16
20230703,000926,sell,13117,3.01,118.27
20230703,003011,sell,3899,29.58,345.99
20230703,600582,sell,15268,5.26,241.14
20230703,601318,buy,21862,42.87,2811.44
20230703,605117,sell,3639,53.41,583.11
20230703,601985,sell,512,6.68,10.27
20230703,600612,sell,839,61.07,153.71
20230703,000055,sell,6046,4.72,85.58
20230703,601688,sell,968,12.85,37.33
20230703,002441,sell,4165,10.17,127.02
20230703,601019,buy,16370,8.07,396.22
20230703,002867,buy,62217,15.06,2811.47
20230703,002061,sell,16811,4.05,204.34
20230703,688556,sell,6873,22.29,459.56
20230703,600390,buy,6832,5.22,107.02
20230703,600829,buy,3131,6.87,64.57
20230703,601619,buy,4056,4.23,51.5
20230703,688318,buy,1630,50.57,247.29
20230703,601169,buy,3323,3.94,39.29
20230703,002057,buy,94393,9.93,2811.48
20230703,603183,buy,4432,4.68,62.26
20230703,301179,buy,110,18.76,6.19
20230703,605277,buy,73948,12.67,2811.49
20230703,600710,sell,30334,8.39,763.08
20230703,002756,buy,429,56.6,72.84
20230703,300926,sell,9057,15.41,418.57
20230703,300349,sell,415,12.55,15.63
20230703,002533,sell,7003,7.39,155.35
20230703,603298,sell,12174,16.6,606.1
20230703,002815,buy,1267,11.75,44.66
20230703,605555,buy,68909,13.6,2811.46
20230703,603357,buy,4833,9.73,141.06
20230703,603688,sell,382,67.91,77.83
20230703,603393,buy,35926,26.09,2811.45
20230703,601811,buy,10804,12.69,411.24
20230703,002728,buy,10555,10.48,331.77
20230703,600729,sell,2583,27.93,216.44
20230703,601229,buy,447,5.0,6.71
20230703,600941,buy,361,84.96,92.01
20230703,603228,buy,2778,24.03,200.28
20230703,300765,buy,3751,10.82,121.7
20230703,603619,buy,58412,16.04,2811.49
20230703,002662,sell,12048,3.18,115.12
20230703,605009,buy,806,32.19,77.85
20230703,601330,buy,1831,6.76,37.12
20230703,300916,buy,27793,33.72,2811.4
20230703,600660,sell,2635,32.56,257.41
20230703,002444,buy,42174,22.22,2811.48
20230703,603299,buy,102343,9.16,2811.48
20230703,600742,sell,5441,7.3,119.1
20230703,600511,buy,33,35.24,3.49
20230703,600211,sell,10,38.72,1.16
20230703,600415,buy,414,8.01,9.95
20230703,002179,buy,21684,43.22,2811.49
20230703,002091,buy,137322,6.82,2811.48
20230703,002833,sell,7236,16.37,355.43
20230703,002738,buy,1501,48.5,218.41
20230703,600528,buy,3999,9.55,114.62
20230703,600635,buy,287515,3.26,2811.49
20230703,002821,buy,994,114.63,341.84
20230703,002422,buy,1605,27.89,134.31
20230703,601098,buy,13501,10.36,419.64
20230703,000880,buy,16970,7.8,396.98
20230703,000404,buy,149557,6.27,2811.48
20230703,002543,buy,126764,7.39,2811.47
20230703,300146,sell,2982,21.31,190.65
20230703,600449,sell,5142,16.53,254.92
20230703,300109,buy,60491,15.49,2811.45
20230703,601006,buy,3334,6.28,62.77
20230703,300910,buy,26498,35.37,2811.45
20230703,601900,buy,48324,18.0,2609.15
20230801,600511,sell,26593,30.63,2443.72
20230801,002833,sell,57238,16.13,2770.37
20230801,002815,sell,79764,11.55,2763.33
20230801,600938,sell,58540,16.95,2977.43
20230801,601169,sell,237788,4.2,2993.04
20230801,600373,sell,78729,11.58,2735.77
20230801,600757,sell,120048,7.83,2821.35
20230801,601985,sell,140229,7.02,2951.31
20230801,601319,sell,168527,5.89,2979.38
20230801,000719,sell,95272,9.75,2786.89
20230801,605009,sell,29109,30.31,2646.71
20230801,601601,sell,36797,27.79,3067.76
20230801,600941,sell,11030,84.5,2796.18
20230801,600863,sell,259190,3.25,2529.13
20230801,601330,sell,138696,7.04,2929.88
20230801,600211,sell,24203,34.95,2537.74
20230801,300765,sell,86652,10.82,2813.63
20230801,601006,sell,149320,6.45,2888.86
20230801,002422,sell,33596,25.32,2552.05
20230801,600566,sell,37165,22.34,2491.1
20230801,601019,sell,116157,8.2,2858.13
20230801,600998,sell,178188,4.96,2652.08
20230801,002772,sell,99813,8.77,2625.47
20230801,002757,sell,68243,12.87,2635.58
20230801,688318,sell,18531,70.61,3925.57
20230801,600612,sell,15346,58.4,2688.49
20230801,601811,sell,73863,12.77,2829.62
20230801,601098,sell,90452,10.38,2816.4
20230801,601619,sell,221414,4.02,2669.99
20230801,002756,sell,16558,48.55,2411.59
20230801,300349,sell,74660,12.53,2805.41
20230801,301179,sell,49943,15.8,2366.86
20230801,600528,sell,98089,9.96,2930.05
20230801,002738,sell,19321,42.57,2467.3
20230801,600390,sell,179477,5.77,3107.44
20230801,600742,sell,128446,7.76,2988.7
20230801,603183,sell,200126,5.08,3047.75
20230801,603228,sell,38996,22.28,2607.04
20230801,605117,sell,17546,40.63,2138.69
20230801,002061,sell,231302,4.06,2817.83
20230801,600415,sell,116951,8.01,2811.49
20230801,601229,sell,187373,5.31,2985.68
20230801,300146,sell,43975,18.62,2456.75
20230801,688556,sell,42048,19.4,2447.3
20230801,000880,sell,120184,7.18,2587.65
20230801,601318,sell,21862,46.03,3019.18
20230801,002867,sell,62217,14.21,2653.14
20230801,605277,sell,73948,11.41,2531.25
20230801,002179,sell,21684,41.19,2679.76
20230801,002091,sell,137322,7.08,2918.2
20230801,000404,sell,149557,6.09,2733.39
20230801,002543,sell,126764,7.56,2874.73
20230801,300109,sell,60491,13.81,2506.38
20230801,300910,sell,26498,35.17,2795.58
20230801,601900,sell,48324,16.99,2462.84
20230801,600598,sell,5159,12.93,200.17
20230801,300193,buy,123498,7.56,2800.8
20230801,600398,sell,12104,6.26,227.28
20230801,000893,buy,33986,27.47,2800.79
20230801,600016,sell,15819,3.5,166.06
20230801,000651,sell,924,32.33,89.61
20230801,000915,sell,614,30.56,56.28
20230801,002821,sell,458,120.99,166.24
20230801,688169,buy,6946,134.4,2800.68
20230801,600012,sell,4315,9.53,123.4
20230801,600061,sell,11373,7.6,259.19
20230801,600480,buy,133921,6.97,2800.79
20230801,600710,buy,12080,7.54,273.2
20230801,301004,buy,3079,23.19,214.24
20230801,600835,buy,1044,15.07,47.2
20230801,605555,buy,40,13.54,1.62
20230801,603920,buy,2140,16.45,105.62
20230801,000926,sell,65090,3.78,738.87
20230801,600015,sell,11389,5.12,174.86
20230801,002444,buy,2510,20.89,157.33
20230801,601688,sell,11111,15.11,503.54
20230801,000932,buy,166171,5.62,2800.79
20230801,600352,buy,104654,8.92,2800.79
20230801,603040,buy,1609,23.76,114.68
20230801,600829,sell,2977,7.0,62.52
20230801,002703,buy,59469,15.7,2800.78
20230801,600792,buy,256982,3.63,2800.8
20230801,603688,buy,2649,56.76,451.03
20230801,002818,buy,74603,12.51,2800.77
20230801,600449,buy,2662,15.72,125.57
20230801,603393,sell,454,26.32,35.85
20230801,603298,sell,440,16.66,21.99
20230801,601677,buy,63163,14.78,2800.77
20230801,600739,buy,66108,14.12,2800.79
20230801,000858,buy,5764,161.96,2800.53
20230801,000055,sell,10784,4.97,160.79
20230801,300660,buy,45996,20.3,2800.76
20230801,002478,buy,2014,6.81,41.14
20230801,002106,buy,110943,8.42,2800.8
20230801,605196,buy,113693,8.21,2800.78
20230801,600251,sell,8843,8.87,235.21
20230801,601336,sell,3386,40.76,414.01
20230801,000019,buy,124360,7.51,2800.78
20230801,300916,buy,5333,28.18,450.9
20230801,600875,buy,52286,17.86,2800.77
20230801,300856,buy,2755,24.99,206.56
20230801,002993,buy,29014,32.18,2800.78
20230801,601881,buy,72898,12.81,2800.79
20230801,003011,buy,620,28.9,53.75
20230801,300828,buy,66605,14.02,2800.76
20230801,603619,sell,11256,19.8,668.55
20230801,603565,buy,103077,9.06,2800.77
20230801,601689,buy,19494,47.89,2800.66
20230801,002911,buy,103265,9.04,2800.8
20230801,002820,buy,81967,11.39,2800.8
20230801,000623,sell,6034,15.91,287.99
20230801,603929,buy,63936,14.6,2800.76
20230801,300258,buy,75870,12.31,2800.77
20230801,603948,buy,39117,23.87,2800.8
20230801,301366,buy,36914,25.29,2800.76
20230801,601231,buy,65764,14.2,2800.76
20230801,605368,buy,111887,8.34,2800.79
20230801,002057,buy,4200,9.47,119.31
20230801,002392,buy,241393,3.87,2800.79
20230801,603299,sell,591,9.18,16.27
20230801,603357,sell,1533,9.85,45.29
20230801,300926,sell,1044,15.61,48.9
20230801,601126,buy,66998,13.93,2800.76
20230801,300403,buy,125329,7.45,2800.79
20230801,601555,buy,113332,8.24,2800.78
20230801,002412,buy,138928,6.72,2800.79
20230801,300771,buy,84335,11.07,2800.77
20230801,002229,buy,28205,33.1,2800.76
20230801,002533,sell,4446,7.63,101.82
20230801,600814,buy,105939,8.81,2800.78
20230801,600660,sell,1582,34.32,162.91
20230801,002662,sell,14481,3.34,144.97
20230801,688123,buy,16084,58.04,2800.76
20230801,002441,buy,5665,9.54,162.15
20230801,603328,buy,4054,7.47,90.87
20230801,601328,buy,181834,5.13,2800.8
20230801,002728,sell,2277,10.71,73.16
20230801,605028,buy,51428,18.15,2800.75
20230801,600582,sell,369,5.26,5.82
20230801,000786,buy,35483,26.31,2800.74
20230801,300639,buy,92818,10.06,2800.8
20230801,002593,buy,240019,3.89,2800.8
20230801,002297,buy,117139,7.97,2800.79
20230801,600635,sell,17988,3.46,186.92
20230801,300969,buy,24473,38.15,2800.79
20230801,603801,buy,41119,22.7,2800.75
20230801,301312,buy,21621,43.18,2800.78
20230801,688289,buy,55615,16.79,2800.78
20230801,600729,sell,4242,31.85,405.36
20230801,600283,buy,86993,10.73,2800.78
20230801,603968,buy,54231,17.22,2800.76
20230801,000811,buy,71538,13.05,2800.79
20230801,600522,buy,61295,15.23,2800.78
20230801,000014,buy,66935,13.95,2800.79
20230801,300979,buy,15258,50.6,2316.08
20230901,600061,sell,122897,7.02,2587.56
20230901,603357,sell,94797,8.87,2522.84
20230901,600835,sell,61949,14.21,2640.75
20230901,002728,sell,87168,10.85,2838.46
20230901,002478,sell,137098,5.98,2458.68
20230901,600015,sell,182423,4.91,2689.75
20230901,603920,sell,56748,16.03,2728.26
20230901,300856,sell,37356,24.17,2709.07
20230901,600710,sell,123843,7.13,2650.31
20230901,600582,sell,177647,4.86,2591.72
20230901,000915,sell,30554,27.75,2544.01
20230901,600829,sell,133356,7.58,3030.96
20230901,002441,sell,97853,8.66,2542.05
20230901,000926,sell,246735,3.36,2490.19
20230901,603688,sell,16449,58.3,2876.96
20230901,003011,sell,32304,23.79,2305.74
20230901,600449,sell,59374,15.24,2714.83
20230901,603040,sell,39295,22.71,2676.71
20230901,002057,sell,98593,8.54,2526.36
20230901,605555,sell,68949,14.34,2966.81
20230901,603393,sell,35472,26.34,2802.95
20230901,300916,sell,33126,26.2,2603.21
20230901,002444,sell,44684,18.83,2524.7
20230901,600635,sell,269527,3.23,2611.09
20230901,600480,sell,133921,6.88,2766.03
20230901,002703,sell,59469,16.95,3024.13
20230901,601677,sell,63163,14.22,2694.31
20230901,600739,sell,66108,12.68,2513.97
20230901,000858,sell,5764,143.82,2486.97
20230901,000019,sell,124360,6.9,2574.74
20230901,600875,sell,52286,15.85,2485.76
20230901,601881,sell,72898,10.91,2385.16
20230901,300828,sell,66605,13.92,2781.88
20230901,603565,sell,103077,7.77,2403.15
20230901,601689,sell,19494,51.85,3032.58
20230901,002911,sell,103265,8.41,2605.24
20230901,002820,sell,81967,10.65,2618.5
20230901,603929,sell,63936,14.47,2774.94
20230901,301366,sell,36914,25.54,2828.74
20230901,002392,sell,241393,3.55,2573.89
20230901,601126,sell,66998,13.68,2749.44
20230901,300403,sell,125329,7.52,2828.49
20230901,002412,sell,138928,6.66,2775.78
20230901,300771,sell,84335,10.83,2740.05
20230901,002229,sell,28205,38.35,3244.99
20230901,600814,sell,105939,8.28,2630.85
20230901,688123,sell,16084,55.78,2691.72
20230901,601328,sell,181834,4.9,2670.41
20230901,605028,sell,51428,16.8,2591.66
20230901,300639,sell,92818,9.23,2569.24
20230901,002593,sell,240019,3.8,2738.25
20230901,002297,sell,117139,7.28,2558.32
20230901,300969,sell,24473,40.98,3008.78
20230901,301312,sell,21621,40.58,2632.45
20230901,688289,sell,55615,15.78,2633.46
20230901,600283,sell,86993,9.23,2407.56
20230901,603968,sell,54231,16.02,2606.46
20230901,600522,sell,61295,14.04,2581.29
20230901,000014,sell,66935,13.46,2702.59
20230901,300979,sell,15258,47.27,2163.86
20230901,300193,sell,7048,7.77,164.28
20230901,600398,sell,5939,6.32,112.55
20230901,002270,buy,82771,10.93,2714.2
20230901,600251,sell,5031,9.02,136.18
20230901,601985,buy,130213,6.95,2714.2
20230901,300258,sell,12805,14.35,551.11
20230901,000893,sell,1264,27.65,104.85
20230901,000623,sell,261,15.49,12.13
20230901,002821,sell,573,126.65,217.71
20230901,000651,sell,324,31.68,30.79
20230901,000055,buy,812,4.8,11.68
20230901,601688,sell,1965,15.12,89.13
20230901,605098,buy,24816,36.46,2714.15
20230901,603599,buy,48150,18.79,2714.21
20230901,002833,buy,49911,18.13,2714.18
20230901,603556,buy,37221,24.31,2714.15
20230901,603299,buy,1804,8.74,47.28
20230901,600352,buy,2223,8.47,56.45
20230901,002651,buy,118435,7.64,2714.19
20230901,603338,buy,17867,50.64,2714.12
20230901,601666,buy,113388,7.98,2714.19
20230901,002543,buy,116690,7.75,2714.21
20230901,688169,sell,857,148.59,382.02
20230901,002353,buy,33304,27.17,2714.2
20230901,600598,buy,2317,12.14,84.41
20230901,605088,buy,43301,20.89,2714.21
20230901,002670,buy,88786,10.19,2714.19
20230901,002027,buy,134369,6.73,2714.2
20230901,000923,buy,60523,14.95,2714.17
20230901,301379,buy,52307,17.3,2714.18
20230901,002790,buy,75176,12.03,2714.2
20230901,688318,buy,11958,75.65,2714.04
20230901,002233,buy,128872,7.02,2714.21
20230901,301004,sell,9698,29.61,861.48
20230901,601038,buy,77482,11.68,2714.2
20230901,605196,sell,2306,8.12,56.19
20230901,000932,sell,7763,5.71,133.01
20230901,002662,sell,698,3.24,6.79
20230901,300106,buy,77860,11.62,2714.2
20230901,000811,buy,1637,12.36,60.72
20230901,600531,buy,130476,6.93,2714.21
20230901,688556,buy,46832,19.32,2714.21
20230901,605090,buy,41566,21.77,2714.2
20230901,603298,buy,2137,15.55,99.71
20230901,600660,sell,1214,34.82,126.81
20230901,600585,buy,37227,24.3,2714.17
20230901,002483,buy,167674,5.4,2714.21
20230901,000700,buy,135801,6.66,2714.21
20230901,000589,buy,132148,6.85,2714.21
20230901,603619,buy,2322,18.29,127.38
20230901,600016,buy,4611,3.33,46.11
20230901,002158,buy,38176,23.7,2714.19
20230901,300861,buy,30087,30.07,2714.19
20230901,000786,sell,4520,29.22,396.23
20230901,002106,sell,11117,9.06,302.27
20230901,605368,buy,1049,8.01,25.21
20230901,000408,buy,43044,21.02,2714.19
20230901,600266,buy,136315,6.64,2714.2
20230901,603088,buy,102320,8.84,2714.21
20230901,603568,buy,65533,13.81,2714.18
20230901,002993,sell,1937,33.41,194.17
20230901,600729,buy,1258,29.6,111.7
20230901,600938,buy,53058,17.05,2714.2
20230901,601229,buy,174291,5.19,2714.21
20230901,603948,buy,1819,22.1,120.61
20230901,300926,sell,4799,16.45,236.86
20230901,601555,buy,7574,7.48,170.03
20230901,601218,buy,255904,3.54,2714.2
20230901,300887,buy,44982,20.11,2714.21
20230901,600885,buy,37928,23.85,2714.21
20230901,603801,sell,2073,23.17,144.1
20230901,000719,buy,74035,12.22,2714.2
20230901,002545,buy,136492,6.63,2714.2
20230901,600566,buy,38577,23.45,2714.21
20230901,600874,buy,162032,5.58,2714.2
20230901,300514,buy,66219,13.66,2714.19
20230901,002818,buy,5331,11.32,181.02
20230901,688188,buy,6970,129.79,2713.88
20230901,600012,sell,6484,9.89,192.44
20230901,603165,buy,64266,14.08,2714.21
20230901,603267,buy,15182,59.59,2714.19
20230901,601728,buy,171165,5.29,2714.21
20230901,002367,buy,116070,7.79,2714.19
20230901,600612,buy,15426,58.65,2714.11
20230901,000030,buy,179295,5.05,2714.2
20230901,600050,buy,188166,4.81,2714.21
20230901,300660,sell,5628,22.41,378.41
20230901,601336,buy,467,38.71,54.23
20230901,002757,buy,68813,13.15,2714.21
20230901,600030,buy,42581,21.25,2714.17
20230901,603319,buy,77266,11.71,2714.21
20230901,000897,buy,344097,2.63,2714.21
20230901,000733,buy,10260,88.17,2713.97
20230901,603328,sell,2132,7.37,47.11
20230901,600792,sell,6594,3.61,71.48
20230901,601702,buy,57580,15.71,2714.2
20230901,000568,buy,4222,214.26,2713.84
20230901,601231,sell,2548,14.31,109.4
20230901,002533,buy,11812,6.75,239.07
20230901,600377,buy,82738,8.9,2209.51
20231009,300926,sell,54992,25.09,4139.91
20231009,601336,sell,23374,33.85,2373.96
20231009,600016,sell,271413,3.19,2600.53
20231009,600729,sell,30568,28.76,2636.99
20231009,603299,sell,103556,8.39,2606.32
20231009,600792,sell,250388,3.81,2861.33
20231009,002818,sell,79934,11.37,2727.27
20231009,300660,sell,40368,20.2,2446.38
20231009,002993,sell,27077,34.55,2806.61
20231009,601231,sell,63216,14.18,2688.58
20231009,603801,sell,39046,20.82,2438.54
20231009,000811,sell,73175,11.33,2486.5
20231009,603338,sell,17867,50.11,2685.77
20231009,600531,sell,130476,6.18,2420.88
20231009,688556,sell,46832,18.82,2644.48
20231009,000700,sell,135801,6.4,2607.12
20231009,002158,sell,38176,23.18,2655.14
20231009,300861,sell,30087,28.42,2565.47
20231009,601229,sell,174291,5.29,2768.23
20231009,300887,sell,44982,20.16,2720.9
20231009,600885,sell,37928,22.92,2607.51
20231009,603165,sell,64266,12.66,2441.63
20231009,603267,sell,15182,59.04,2689.18
20231009,002367,sell,116070,7.76,2701.8
20231009,000030,sell,179295,5.04,2709.2
20231009,603319,sell,77266,11.86,2749.5
20231009,000897,sell,344097,2.32,2396.06
20231009,000733,sell,10260,76.66,2359.69
20231009,601702,sell,57580,15.42,2663.87
20231009,000568,sell,4222,193.67,2453.07
20231009,600971,buy,112212,7.98,2686.13
20231009,600398,sell,3498,6.41,67.25
20231009,300193,sell,2143,7.83,50.36
20231009,002821,sell,1078,147.62,477.39
20231009,600251,buy,300,8.9,8.01
20231009,000408,sell,350,20.97,22.02
20231009,601666,sell,14107,9.02,381.68
20231009,000623,sell,1682,15.78,79.63
20231009,002543,sell,2161,7.82,50.68
20231009,605098,buy,633,35.18,66.81
20231009,600352,sell,69,8.38,1.74
20231009,002545,sell,2720,6.69,54.62
20231009,603599,buy,461,18.42,25.47
20231009,600012,sell,4204,10.26,129.43
20231009,002662,sell,10754,3.34,107.66
20231009,601728,sell,5816,5.42,94.48
20231009,000893,sell,571,27.85,47.71
20231009,002270,sell,12879,12.81,494.98
20231009,601985,sell,3796,7.08,80.66
20231009,601688,buy,807,14.76,35.74
20231009,605377,buy,77972,11.48,2686.14
20231009,603929,buy,57042,15.7,2686.13
20231009,002353,sell,2861,29.41,252.44
20231009,002651,sell,1072,7.63,24.54
20231009,688169,buy,87,144.97,37.84
20231009,002833,buy,3437,16.78,173.06
20231009,002027,buy,3901,6.48,75.78
20231009,601218,sell,3331,3.55,35.43
20231009,600050,buy,7065,4.59,97.21
20231009,000719,buy,19817,9.54,567.18
20231009,300628,buy,28394,31.53,2686.1
20231009,603619,sell,3047,19.28,176.28
20231009,600566,sell,1666,24.26,121.24
20231009,600486,buy,13461,66.51,2685.95
20231009,300106,buy,18005,9.34,504.5
20231009,603556,sell,839,24.61,61.95
20231009,002955,buy,35258,25.39,2686.07
20231009,600660,sell,389,34.98,40.82
20231009,600941,buy,9865,90.76,2685.91
20231009,000932,buy,3648,5.53,60.47
20231009,000923,sell,474,14.91,21.2
20231009,605088,sell,894,21.11,56.63
20231009,000651,sell,226,31.6,21.43
20231009,688318,buy,1646,65.81,324.98
20231009,301379,buy,3824,15.95,182.99
20231009,600598,buy,1246,11.82,44.18
20231009,603337,buy,44171,20.27,2686.15
20231009,301004,sell,309,29.6,27.44
20231009,600483,buy,111763,8.01,2686.13
20231009,000786,buy,809,28.18,68.4
20231009,600585,buy,737,23.58,52.15
20231009,002233,buy,842,6.9,17.44
20231009,605196,buy,483,8.0,11.6
20231009,688303,buy,22422,39.93,2686.06
20231009,002483,sell,6753,5.56,112.72
20231009,600266,buy,14359,5.94,255.98
20231009,002106,sell,4687,9.41,132.33
20231009,600285,buy,54413,16.46,2686.15
20231009,601163,buy,63516,14.1,2686.13
20231009,601169,buy,215254,4.16,2686.14
20231009,600938,sell,5128,18.68,287.39
20231009,002422,buy,32930,27.19,2686.1
20231009,600873,buy,102189,8.76,2686.14
20231009,605090,sell,824,21.98,54.33
20231009,603688,buy,14045,63.75,2686.08
20231009,603298,sell,5877,17.12,301.89
20231009,601928,buy,95726,9.35,2686.13
20231009,301277,buy,85554,10.47,2686.13
20231009,600377,buy,9001,9.76,263.55
20231009,603568,buy,477,13.56,19.41
20231009,600874,buy,2494,5.44,40.72
20231009,600612,buy,126,57.57,21.76
20231009,603393,buy,31679,28.26,2686.08
20231009,605368,sell,8647,8.59,222.72
20231009,002728,buy,84463,10.6,2686.13
20231009,002670,buy,7803,9.27,217.0
20231009,601038,sell,1050,11.71,36.9
20231009,688188,sell,141,131.12,55.46
20231009,300258,sell,6270,15.77,296.55
20231009,600272,buy,70492,12.7,2686.14
20231009,002757,sell,2010,13.4,80.82
20231009,603948,buy,1855,20.92,116.44
20231009,603328,sell,4047,7.54,91.52
20231009,601077,buy,254636,3.52,2686.14
20231009,002034,buy,62277,14.38,2686.11
20231009,601555,sell,2271,7.55,51.42
20231009,600850,buy,39587,22.62,2686.1
20231009,601975,buy,274533,3.26,2686.14
20231009,603088,buy,2037,8.58,52.43
20231009,002533,sell,2081,6.78,42.34
20231009,000778,buy,223388,4.01,2686.14
20231009,600030,buy,920,20.58,56.81
20231009,688981,buy,17653,50.72,2686.08
20231009,000589,buy,8797,6.35,167.65
20231009,002790,buy,1444,11.69,50.62
20231009,000055,buy,3883,4.65,54.17
20231009,603183,buy,194472,4.6,2686.14
20231009,600325,buy,104778,8.55,2686.14
20231009,601811,buy,64099,12.1,2326.14
20231009,300514,sell,2266,14.0,95.18
20231101,600598,sell,75750,11.41,2592.33
20231101,000651,sell,28332,29.22,2483.65
20231101,601688,sell,60645,15.02,2732.1
20231101,000623,sell,56740,14.59,2484.26
20231101,000055,sell,192537,4.46,2574.21
20231101,002533,sell,132025,6.97,2759.99
20231101,603298,sell,52292,14.32,2246.16
20231101,600660,sell,25596,33.79,2594.37
20231101,603619,sell,46431,18.77,2614.66
20231101,300193,sell,114307,6.78,2323.43
20231101,000932,sell,162056,5.43,2640.84
20231101,605196,sell,111870,7.17,2407.24
20231101,300258,sell,56795,12.15,2070.11
20231101,603948,sell,42791,20.34,2610.55
20231101,601555,sell,118635,7.36,2620.64
20231101,000786,sell,31772,23.16,2207.96
20231101,603599,sell,48611,15.2,2217.29
20231101,002651,sell,117363,6.96,2449.85
20231101,601666,sell,99281,8.65,2575.2
20231101,301379,sell,56131,14.33,2412.63
20231101,688318,sell,13604,72.71,2967.33
20231101,002233,sell,129714,6.32,2460.38
20231101,300106,sell,95865,9.08,2611.36
20231101,605090,sell,40742,22.97,2807.04
20231101,600585,sell,37964,21.92,2496.25
20231101,002483,sell,160921,5.05,2437.86
20231101,000589,sell,140945,6.03,2548.29
20231101,600266,sell,150674,5.71,2581.48
20231101,603088,sell,104357,7.49,2345.97
20231101,000719,sell,93852,9.17,2580.53
20231101,002545,sell,133772,6.64,2663.84
20231101,688188,sell,6829,117.17,2400.5
20231101,601728,sell,165349,4.92,2438.63
20231101,600612,sell,15552,57.37,2676.5
20231101,600050,sell,195231,4.11,2404.53
20231101,600030,sell,43501,20.63,2692.28
20231101,605377,sell,77972,10.38,2428.32
20231101,300628,sell,28394,28.93,2464.07
20231101,600483,sell,111763,8.17,2739.53
20231101,688303,sell,22422,34.76,2338.38
20231101,600285,sell,54413,14.73,2404.91
20231101,601163,sell,63516,13.75,2619.59
20231101,002422,sell,32930,25.85,2553.41
20231101,603688,sell,14045,56.34,2373.79
20231101,603393,sell,31679,26.29,2498.59
20231101,600272,sell,70492,12.23,2585.48
20231101,601077,sell,254636,3.66,2799.45
20231101,002034,sell,62277,13.77,2571.88
20231101,600850,sell,39587,22.21,2637.1
20231101,601975,sell,274533,2.96,2440.46
20231101,000778,sell,223388,3.94,2640.28
20231101,688981,sell,17653,58.21,3082.74
20231101,603183,sell,194472,4.67,2726.32
20231101,600325,sell,104778,7.62,2396.06
20231101,601811,sell,64099,11.78,2264.93
20231101,600971,sell,2159,7.85,50.86
20231101,000408,sell,992,20.72,61.67
20231101,600251,buy,471,8.55,12.08
20231101,603929,sell,19795,23.2,1377.71
20231101,600015,buy,173943,4.97,2592.34
20231101,002270,buy,5732,11.43,196.49
20231101,000923,sell,4364,15.52,203.16
20231101,000893,sell,2167,28.82,187.36
20231101,002821,buy,78,140.63,32.91
20231101,600016,buy,265481,3.25,2592.34
20231101,301004,sell,1814,30.39,165.4
20231101,002757,sell,4546,13.88,189.29
20231101,600566,sell,984,24.05,71.0
20231101,002833,buy,1029,15.89,49.06
20231101,002106,sell,11880,10.38,369.89
20231101,688589,buy,30751,28.1,2592.29
20231101,002773,buy,50271,17.19,2592.32
20231101,688639,buy,12809,67.46,2592.18
20231101,002947,buy,31326,27.58,2592.26
20231101,002595,buy,41691,20.73,2592.33
20231101,600161,buy,36729,23.53,2592.28
20231101,002955,buy,911,23.89,65.29
20231101,605098,buy,520,33.27,51.91
20231101,600398,buy,1515,6.12,27.81
20231101,601169,sell,2920,4.07,35.65
20231101,603328,sell,5014,7.6,114.26
20231101,603161,buy,72962,11.84,2592.33
20231101,600863,buy,264188,3.27,2592.34
20231101,600873,sell,2006,8.63,51.91
20231101,002543,sell,2811,7.73,65.23
20231101,603195,buy,17875,48.34,2592.21
20231101,688556,buy,46160,18.72,2592.34
20231101,600025,buy,114864,7.52,2592.34
20231101,300514,sell,4330,14.49,188.27
20231101,300558,buy,14125,61.18,2592.33
20231101,003006,buy,54680,15.8,2592.31
20231101,601985,sell,6211,7.19,133.95
20231101,601699,buy,51027,16.93,2592.3
20231101,300866,buy,13181,65.55,2592.24
20231101,600377,buy,1899,9.23,52.57
20231101,605088,buy,4223,18.53,234.77
20231101,002662,sell,17239,3.44,177.99
20231101,601211,buy,61379,14.08,2592.32
20231101,600901,buy,205650,4.2,2592.34
20231101,002631,buy,138519,6.24,2592.34
20231101,002027,buy,1901,6.16,35.16
20231101,002353,buy,555,27.88,46.41
20231101,601089,buy,50782,17.02,2592.32
20231101,603337,sell,1663,20.33,101.42
20231101,603920,buy,51056,16.92,2592.34
20231101,601928,buy,3366,8.72,88.06
20231101,601006,buy,133622,6.47,2592.34
20231101,600012,buy,5189,9.35,145.52
20231101,605368,buy,3019,8.05,72.93
20231101,002670,sell,8683,9.83,256.06
20231101,688019,buy,7900,109.37,2592.13
20231101,300194,buy,189006,4.57,2592.33
20231101,002273,buy,65814,13.13,2592.34
20231101,300541,buy,69279,12.47,2592.32
20231101,002983,buy,37960,22.76,2592.31
20231101,601019,buy,113272,7.63,2592.33
20231101,300590,buy,79136,10.92,2592.33
20231101,300580,buy,51842,16.67,2592.34
20231101,002020,buy,69729,12.39,2592.31
20231101,600066,buy,77600,11.14,2592.33
20231101,605319,buy,59602,14.5,2592.32
20231101,000915,buy,30651,28.19,2592.27
20231101,601229,buy,165096,5.23,2592.34
20231101,601218,sell,20157,3.72,224.83
20231101,600750,buy,49077,17.61,2592.33
20231101,300545,buy,25900,33.36,2592.31
20231101,603556,buy,3383,21.73,220.54
20231101,600941,buy,219,85.69,56.3
20231101,301277,sell,6126,10.88,199.94
20231101,600938,buy,243,17.94,13.08
20231101,603338,buy,16794,51.45,2592.31
20231101,300219,buy,108836,7.94,2592.34
20231101,300988,buy,57466,15.04,2592.33
20231101,600351,buy,110904,7.79,2592.34
20231101,300231,buy,76936,11.23,2592.31
20231101,002993,buy,24592,35.14,2592.3
20231101,002790,buy,3535,10.78,114.33
20231101,600674,buy,61319,14.09,2592.34
20231101,300573,buy,15838,54.56,2592.2
20231101,603568,sell,4900,14.14,207.87
20231101,600486,buy,26,64.07,5.0
20231101,000338,buy,67439,12.81,2592.32
20231101,002728,sell,10976,11.76,387.2
20231101,600874,sell,4636,5.4,75.17
20231101,300926,buy,41362,20.89,2592.33
20231101,603456,buy,32451,26.63,2592.3
20231101,688169,sell,578,154.37,267.68
20231101,000700,buy,119914,7.21,2592.33
20231101,300893,buy,59661,14.48,2592.32
20231101,300376,buy,138247,6.25,2592.34
20231101,600987,buy,116139,7.44,2592.33
20231101,600352,sell,375,8.12,9.13
20231101,000791,buy,164419,5.26,2592.34
20231101,600106,buy,138150,5.29,2193.83
20231201,002821,sell,6144,135.62,2499.78
20231201,000893,sell,29984,27.2,2446.69
20231201,605098,sell,25969,35.93,2798.82
20231201,605088,sell,46630,21.45,3000.51
20231201,002670,sell,87906,9.42,2484.22
20231201,002027,sell,140171,5.6,2353.27
20231201,002790,sell,80155,10.89,2619.53
20231201,601218,sell,232416,3.79,2645.94
20231201,300514,sell,59623,15.25,2727.08
20231201,600377,sell,93638,9.51,2670.97
20231201,603337,sell,42508,20.39,2599.7
20231201,301277,sell,79428,10.94,2606.11
20231201,002728,sell,73487,15.4,3394.56
20231201,688639,sell,12809,75.83,2914.04
20231201,600161,sell,36729,25.92,2855.66
20231201,603195,sell,17875,45.3,2429.29
20231201,688556,sell,46160,17.31,2397.48
20231201,600025,sell,114864,8.05,2774.9
20231201,300558,sell,14125,55.96,2371.15
20231201,003006,sell,54680,14.99,2459.18
20231201,300866,sell,13181,62.07,2454.58
20231201,002631,sell,138519,6.21,2579.95
20231201,601089,sell,50782,17.03,2593.75
20231201,688019,sell,7900,100.84,2389.9
20231201,300194,sell,189006,4.52,2565.16
20231201,002273,sell,65814,12.39,2446.64
20231201,300541,sell,69279,12.73,2646.07
20231201,002983,sell,37960,24.59,2800.46
20231201,300590,sell,79136,11.58,2749.78
20231201,300580,sell,51842,22.12,3440.83
20231201,002020,sell,69729,12.95,2709.51
20231201,605319,sell,59602,14.82,2650.6
20231201,600750,sell,49077,20.06,2954.01
20231201,300545,sell,25900,31.54,2450.84
20231201,300219,sell,108836,8.03,2620.8
20231201,300988,sell,57466,15.5,2672.77
20231201,600351,sell,110904,7.05,2346.03
20231201,300231,sell,76936,10.77,2486.77
20231201,002993,sell,24592,36.3,2677.78
20231201,600674,sell,61319,13.6,2500.95
20231201,300573,sell,15838,54.57,2592.99
20231201,300926,sell,41362,20.66,2563.83
20231201,603456,sell,32451,26.25,2555.95
20231201,000700,sell,119914,7.06,2540.16
20231201,300893,sell,59661,14.66,2623.88
20231201,300376,sell,138247,6.3,2612.56
20231201,600987,sell,116139,8.13,2833.55
20231201,000791,sell,164419,5.42,2675.08
20231201,600106,sell,138150,6.42,2662.78
20231201,600015,sell,1871,5.14,28.87
20231201,000408,sell,1826,22.2,121.61
20231201,600971,sell,16376,9.45,464.23
20231201,600566,sell,4692,28.34,398.92
20231201,600967,buy,106926,8.28,2655.55
20231201,002738,buy,26214,33.77,2655.51
20231201,600398,buy,1129,6.22,21.06
20231201,002543,buy,2997,7.72,69.38
20231201,002034,buy,61789,14.33,2655.54
20231201,600251,buy,4168,8.41,105.2
20231201,600873,buy,3206,8.56,82.35
20231201,000915,sell,647,29.5,57.26
20231201,002833,buy,2820,15.48,130.93
20231201,600863,sell,13785,3.54,146.19
20231201,605368,sell,11458,9.24,317.45
20231201,002662,sell,5414,3.6,58.52
20231201,000923,buy,2017,15.34,92.83
20231201,300951,buy,20088,44.06,2655.53
20231201,002757,sell,7760,16.24,378.14
20231201,600938,buy,359,18.24,19.64
20231201,300109,buy,71899,12.31,2655.54
20231201,600348,buy,112224,7.89,2655.55
20231201,603929,buy,3509,21.72,228.63
20231201,603161,buy,758,12.01,27.3
20231201,301004,sell,461,31.65,43.77
20231201,688589,buy,1625,27.34,133.28
20231201,603556,sell,3949,24.72,292.8
20231201,603920,buy,1362,16.89,69.0
20231201,603328,sell,1195,7.86,28.19
20231201,601985,buy,9346,6.83,191.57
20231201,600373,buy,70925,12.48,2655.52
20231201,601156,buy,65113,13.59,2655.51
20231201,600901,sell,3850,4.39,50.66
20231201,601699,sell,6029,19.67,355.8
20231201,601211,buy,871,14.22,37.16
20231201,601038,sell,9089,13.14,358.41
20231201,002270,sell,4070,12.37,151.05
20231201,002091,buy,125915,7.03,2655.55
20231201,600066,buy,3152,10.96,103.65
20231201,002773,sell,1404,18.11,76.3
20231201,000651,buy,31541,28.06,2655.47
20231201,002955,sell,2271,26.11,177.91
20231201,688100,buy,31564,28.04,2655.5
20231201,603339,buy,76758,11.53,2655.53
20231201,601169,buy,3742,4.1,45.99
20231201,301371,buy,30711,28.82,2655.52
20231201,601229,buy,7430,5.13,114.36
20231201,600874,buy,5630,5.35,90.33
20231201,002835,buy,51436,17.21,2655.55
20231201,601298,buy,155741,5.68,2655.55
20231201,600757,buy,118955,7.44,2655.55
20231201,002062,buy,202297,4.38,2655.54
20231201,601163,buy,65482,13.52,2655.55
20231201,001311,buy,37278,23.75,2655.52
20231201,002106,buy,1634,10.43,51.11
20231201,002416,buy,110780,7.99,2655.54
20231201,600325,buy,128751,6.88,2655.55
20231201,603199,buy,34612,25.57,2655.51
20231201,002895,buy,55425,15.97,2655.51
20231201,603338,buy,2429,46.05,335.55
20231201,002353,buy,1278,27.43,105.15
20231201,002947,sell,3272,31.55,309.73
20231201,603299,buy,110445,8.01,2655.55
20231201,300394,buy,23115,38.29,2655.5
20231201,003019,buy,44246,20.01,2655.55
20231201,603228,buy,41305,21.43,2655.51
20231201,002233,buy,144818,6.11,2655.55
20231201,600598,buy,78150,11.33,2655.52
20231201,603319,buy,67355,13.14,2655.52
20231201,601019,sell,9557,8.53,244.7
20231201,000521,buy,156657,5.65,2655.55
20231201,600642,buy,163088,5.43,2655.55
20231201,600742,buy,85988,10.29,2655.54
20231201,601928,sell,1627,9.08,44.33
20231201,601619,buy,272290,3.25,2655.55
20231201,000589,buy,152780,5.79,2655.54
20231201,603367,buy,64711,13.68,2655.52
20231201,300770,buy,25846,34.25,2655.52
20231201,600062,buy,47942,18.46,2655.55
20231201,600486,buy,705,62.37,131.92
20231201,000338,buy,2440,12.67,92.72
20231201,688169,buy,677,141.05,286.48
20231201,601006,buy,1570,6.55,30.84
20231201,600941,buy,337,84.94,85.87
20231201,001308,buy,37169,23.81,2655.48
20231201,601369,buy,124209,7.13,2655.54
20231201,600012,sell,4116,10.02,123.76
20231201,002697,buy,174360,5.08,2655.54
20231201,300852,buy,32159,27.53,2655.54
20231201,000543,buy,142949,6.19,2655.55
20231201,600352,buy,5483,7.91,130.1
20231201,603568,buy,3887,13.62,158.81
20231201,603859,buy,33906,26.11,2655.52
20231201,603013,buy,51626,17.15,2655.54
20231201,002033,buy,118946,7.44,2655.53
20231201,601016,buy,305841,2.89,2655.55
20231201,002772,buy,114472,7.73,2655.55
20231201,002611,buy,164671,4.94,2439.03
20231201,600016,sell,3364,3.38,34.08
20231201,002595,buy,581,19.41,33.83
20240102,600012,sell,88319,10.39,2753.46
20240102,688169,sell,6275,138.52,2607.67
20240102,600352,sell,111916,7.71,2588.24
20240102,002270,sell,71554,13.09,2809.12
20240102,002353,sell,32276,27.31,2644.36
20240102,603568,sell,64997,12.75,2485.49
20240102,600486,sell,14192,60.12,2559.78
20240102,601928,sell,97465,8.13,2377.85
20240102,002595,sell,42272,19.62,2488.49
20240102,603161,sell,73720,10.98,2427.31
20240102,000338,sell,69879,12.65,2651.72
20240102,688100,sell,31564,28.16,2666.39
20240102,001311,sell,37278,21.22,2373.67
20240102,002416,sell,110780,8.25,2743.28
20240102,601369,sell,124209,7.11,2648.91
20240102,002697,sell,174360,4.74,2479.16
20240102,000543,sell,142949,6.14,2631.59
20240102,603859,sell,33906,25.43,2587.03
20240102,002772,sell,114472,7.24,2485.52
20240102,600971,sell,3740,9.79,109.84
20240102,000408,sell,3363,24.11,243.28
20240102,600015,buy,2976,5.03,44.9
20240102,002738,sell,727,34.54,75.34
20240102,600566,sell,1698,29.81,151.84
20240102,002034,sell,1009,14.49,43.85
20240102,600967,buy,3222,7.99,77.26
20240102,600938,sell,2476,19.12,142.0
20240102,605117,buy,33432,26.33,2641.17
20240102,002833,sell,1044,15.68,49.11
20240102,600863,sell,11212,3.68,123.81
20240102,603929,buy,221,21.49,14.24
20240102,603920,sell,1059,17.14,54.46
20240102,600398,sell,2261,6.28,42.62
20240102,000923,sell,2332,15.9,111.24
20240102,002757,buy,5693,14.63,249.82
20240102,603556,sell,3988,27.66,330.95
20240102,002543,sell,8504,8.29,211.48
20240102,600941,sell,690,90.48,187.29
20240102,600348,sell,14839,9.04,402.46
20240102,002835,sell,1072,17.48,56.22
20240102,600251,buy,3864,8.07,93.57
20240102,300951,buy,1016,41.72,127.15
20240102,688589,sell,53,27.24,4.33
20240102,001308,sell,3532,26.17,277.35
20240102,605368,buy,88,9.18,2.42
20240102,601038,sell,4036,13.91,168.39
20240102,000915,buy,4884,25.23,369.74
20240102,002662,buy,15194,3.38,153.84
20240102,601156,sell,3674,14.33,157.95
20240102,603040,buy,34089,25.83,2641.19
20240102,000027,buy,145642,6.05,2641.24
20240102,603338,sell,1423,49.46,211.15
20240102,002091,sell,38,6.99,0.8
20240102,002938,buy,41676,21.12,2641.2
20240102,600757,buy,10302,6.81,210.51
20240102,603367,sell,1298,13.88,54.06
20240102,601699,sell,1561,20.27,94.92
20240102,600582,buy,174179,5.05,2641.24
20240102,301004,buy,371,31.06,34.57
20240102,002773,buy,578,17.81,30.88
20240102,603339,sell,31,11.47,1.07
20240102,603328,buy,771,7.77,17.97
20240102,601163,sell,219,13.49,8.86
20240102,600901,sell,684,4.38,8.98
20240102,301371,buy,2239,26.72,179.48
20240102,000651,buy,291,27.66,24.15
20240102,600016,buy,6214,3.28,61.17
20240102,605098,buy,25537,34.48,2641.22
20240102,600873,sell,3323,8.8,87.71
20240102,600373,buy,3668,11.8,129.88
20240102,003006,buy,61563,14.3,2641.24
20240102,601985,sell,10428,7.39,231.21
20240102,603299,buy,929,7.91,22.03
20240102,300109,buy,5592,11.36,190.6
20240102,601619,sell,4517,3.29,44.55
20240102,603228,sell,148,21.39,9.5
20240102,600325,buy,8519,6.41,163.92
20240102,601169,sell,1163,4.1,14.29
20240102,603199,buy,869,24.81,64.69
20240102,600062,buy,545,18.16,29.69
20240102,601298,sell,3543,5.78,61.49
20240102,002233,buy,2668,5.97,47.78
20240102,002955,sell,4160,29.61,369.49
20240102,000617,buy,170224,5.17,2641.24
20240102,000589,buy,907,5.73,15.59
20240102,600874,buy,1465,5.27,23.17
20240102,002728,buy,71418,12.33,2641.25
20240102,300770,buy,1437,32.27,139.11
20240102,600987,buy,119172,7.39,2641.23
20240102,600598,buy,3256,10.82,105.64
20240102,000014,buy,79515,11.07,2641.22
20240102,603319,buy,4846,12.19,177.27
20240102,002033,buy,1085,7.33,23.88
20240102,603013,buy,3219,16.05,155.02
20240102,002106,buy,95,10.36,2.95
20240102,000521,buy,8052,5.35,129.12
20240102,000404,buy,159639,5.52,2641.24
20240102,601019,sell,3385,8.78,89.11
20240102,601818,buy,345180,2.55,2641.25
20240102,002947,buy,617,30.71,56.84
20240102,600211,buy,26068,33.77,2641.22
20240102,000902,buy,81729,10.77,2641.23
20240102,002611,buy,12942,4.96,192.46
20240102,600066,sell,1155,11.06,38.33
20240102,001269,buy,18027,48.84,2641.14
20240102,601229,sell,2072,5.17,32.11
20240102,601211,buy,497,14.03,20.92
20240102,002062,buy,7521,4.2,94.68
20240102,300882,buy,52313,16.83,2641.23
20240102,600642,sell,16781,6.02,302.94
20240102,601006,sell,358,6.53,7.01
20240102,603298,buy,52005,16.93,2641.22
20240102,003019,sell,2892,21.29,184.71
20240102,002895,sell,1712,16.39,84.19
20240102,300394,sell,3526,44.95,475.44
20240102,601016,buy,3372,2.85,28.8
20240102,300852,buy,511,26.95,41.31
20240102,300638,buy,48716,18.07,2641.22
20240102,600742,buy,12352,8.35,309.37
20240201,002106,sell,84988,7.7,1963.06
20240201,601985,sell,119124,7.89,2820.09
20240201,603556,sell,31828,27.29,2605.9
20240201,601038,sell,63307,12.37,2349.8
20240201,603929,sell,40977,15.28,1877.77
20240201,002955,sell,29738,21.59,1926.42
20240201,002947,sell,28671,23.07,1984.02
20240201,601211,sell,62747,13.81,2600.36
20240201,601019,sell,100330,8.69,2616.21
20240201,600066,sell,79597,12.57,3000.81
20240201,601229,sell,170454,5.48,2804.13
20240201,300951,sell,21104,26.06,1650.22
20240201,300109,sell,77491,9.43,2192.32
20240201,600373,sell,74593,12.56,2811.29
20240201,301371,sell,32950,20.44,2020.34
20240201,002835,sell,50364,12.33,1863.58
20240201,603199,sell,35481,27.93,2973.01
20240201,002895,sell,53713,12.68,2043.57
20240201,300394,sell,19589,49.12,2886.4
20240201,003019,sell,41354,15.41,1911.33
20240201,603319,sell,72201,9.58,2076.1
20240201,000521,sell,164709,6.81,3363.25
20240201,600642,sell,146307,6.6,2896.21
20240201,600742,sell,98340,6.86,2024.67
20240201,300770,sell,27283,27.49,2250.01
20240201,600062,sell,48487,16.51,2401.86
20240201,300852,sell,32670,19.09,1871.11
20240201,603013,sell,54845,12.99,2136.98
20240201,003006,sell,61563,12.67,2339.72
20240201,002728,sell,71418,9.6,2056.91
20240201,600987,sell,119172,6.03,2155.59
20240201,601818,sell,345180,2.74,2832.51
20240201,600211,sell,26068,27.33,2137.21
20240201,000902,sell,81729,9.53,2336.74
20240201,001269,sell,18027,42.15,2279.25
20240201,300882,sell,52313,11.84,1858.36
20240201,603298,sell,52005,15.42,2405.75
20240201,300638,sell,48716,13.2,1929.85
20240201,600015,sell,24602,5.32,392.7
20240201,000408,sell,1437,22.82,98.38
20240201,600971,sell,2633,9.17,72.43
20240201,002738,buy,1405,29.77,125.46
20240201,600566,buy,301,26.83,24.23
20240201,600967,buy,6691,6.85,137.52
20240201,000915,sell,134,23.03,9.26
20240201,601117,buy,137245,5.83,2401.44
20240201,600938,sell,6560,20.27,398.87
20240201,603299,buy,1067,7.12,22.79
20240201,600251,buy,5728,6.97,119.82
20240201,002034,buy,1870,12.78,71.68
20240201,601319,buy,168050,4.76,2401.44
20240201,603871,buy,86902,9.21,2401.42
20240201,002033,sell,9826,7.26,214.12
20240201,000617,sell,25861,5.54,430.19
20240201,601298,sell,25484,6.32,482.97
20240201,601163,sell,3132,12.88,121.06
20240201,603136,buy,72049,11.11,2401.43
20240201,600398,sell,15030,6.4,288.57
20240201,600325,sell,4840,6.04,87.77
20240201,002543,sell,2223,7.7,51.34
20240201,301004,sell,5908,35.68,632.43
20240201,000651,sell,5555,30.46,507.69
20240201,002595,buy,44857,17.84,2401.41
20240201,601619,buy,7477,2.91,65.23
20240201,300856,buy,40887,19.58,2401.4
20240201,600873,sell,11470,9.04,310.9
20240201,002833,buy,873,14.04,36.76
20240201,600585,buy,37792,21.18,2401.41
20240201,603920,buy,10143,13.02,396.05
20240201,002662,buy,33536,2.72,273.56
20240201,601169,sell,38859,4.55,530.05
20240201,603338,sell,1697,49.71,253.09
20240201,600863,sell,18991,3.64,207.11
20240201,002233,sell,7267,5.71,124.46
20240201,000027,sell,8439,5.83,147.71
20240201,301367,buy,16526,48.43,2401.3
20240201,002818,buy,78658,10.18,2401.44
20240201,600888,buy,125850,6.36,2401.43
20240201,605117,buy,119,23.86,8.52
20240201,600496,buy,298607,2.68,2401.44
20240201,600757,sell,2196,6.3,41.5
20240201,603328,buy,21840,5.92,387.99
20240201,605368,sell,10416,9.36,292.48
20240201,601601,buy,35444,22.58,2401.4
20240201,600582,sell,16948,5.09,258.85
20240201,605098,sell,2306,34.46,238.38
20240201,600941,sell,1070,92.43,296.71
20240201,603339,buy,13317,8.89,355.16
20240201,001308,sell,1257,24.72,93.22
20240201,600352,buy,113645,7.04,2401.44
20240201,600874,sell,3459,4.9,50.8
20240201,600729,buy,30790,26.0,2401.44
20240201,601928,buy,92757,8.63,2401.44
20240201,002938,buy,5920,16.82,298.69
20240201,600219,buy,327220,2.45,2401.44
20240201,002056,buy,70117,11.42,2401.42
20240201,000589,buy,11575,4.84,168.2
20240201,601699,sell,5238,20.96,329.3
20240201,002478,buy,172052,4.65,2401.43
20240201,000028,buy,28434,28.15,2401.41
20240201,600741,buy,54299,14.74,2401.42
20240201,601156,sell,6780,14.65,297.88
20240201,688589,buy,9998,18.91,567.31
20240201,000063,buy,37543,21.32,2401.43
20240201,002062,buy,5706,3.71,63.58
20240201,002911,buy,102553,7.81,2401.43
20240201,002091,buy,7873,5.98,141.36
20240201,601336,buy,29284,27.33,2401.4
20240201,603228,buy,7772,16.36,381.45
20240201,002815,buy,112269,7.13,2401.44
20240201,000014,sell,9804,11.48,337.74
20240201,601330,buy,127536,6.28,2401.44
20240201,603040,buy,10398,17.99,561.28
20240201,000923,buy,1785,14.01,75.0
20240201,605377,buy,85093,9.41,2401.44
20240201,603367,sell,385,12.7,14.67
20240201,601006,sell,15200,6.69,305.11
20240201,600901,sell,8187,4.15,101.91
20240201,600598,sell,2617,10.16,79.76
20240201,002757,buy,9542,11.48,328.61
20240201,603859,buy,39323,20.36,2401.39
20240201,002867,buy,57388,13.95,2401.42
20240201,300775,buy,35912,22.29,2401.41
20240201,603195,buy,18414,43.47,2401.44
20240201,000848,buy,119904,6.68,2401.43
20240201,600348,sell,920,8.3,22.9
20240201,601016,sell,3889,2.62,30.59
20240201,002353,buy,32060,24.97,2401.39
20240201,600998,buy,160856,4.98,2401.43
20240201,002773,buy,5435,14.59,237.82
20240201,000404,buy,10356,4.71,146.29
20240201,300146,buy,60043,13.33,2401.44
20240201,002611,buy,20111,4.05,244.26
20240201,002772,buy,133517,6.0,2401.44
20240201,002508,buy,40142,19.94,2401.4
20240201,600016,sell,34319,3.42,352.18
20240201,300481,buy,66976,11.95,2401.43
20240201,002651,buy,137720,5.05,2087.79
20240301,605368,sell,85522,10.04,2576.67
20240301,600016,sell,234012,3.54,2487.22
20240301,002773,sell,54880,16.73,2753.8
20240301,601699,sell,38199,23.66,2711.12
20240301,600901,sell,192929,4.25,2462.51
20240301,002062,sell,215524,3.77,2438.1
20240301,600598,sell,78789,11.03,2607.23
20240301,002611,sell,197724,7.9,4685.75
20240301,000404,sell,169995,5.5,2803.24
20240301,601330,sell,127536,6.31,2415.55
20240301,002867,sell,57388,15.85,2728.41
20240301,300775,sell,35912,24.6,2650.16
20240301,603195,sell,18414,46.86,2588.77
20240301,000848,sell,119904,6.93,2492.7
20240301,300146,sell,60043,14.75,2656.31
20240301,002772,sell,133517,6.15,2462.74
20240301,002508,sell,40142,22.55,2715.77
20240301,300481,sell,66976,13.09,2629.51
20240301,002651,sell,137720,5.68,2344.68
20240301,002738,sell,1797,35.47,191.24
20240301,000408,sell,2523,27.35,206.99
20240301,600015,buy,8679,5.59,145.66
20240301,600325,buy,5570,6.45,107.79
20240301,000915,sell,2095,27.26,171.31
20240301,600967,sell,1342,7.71,31.03
20240301,002033,buy,1520,7.97,36.33
20240301,601117,sell,4740,6.72,95.53
20240301,600971,sell,3229,10.59,102.57
20240301,603871,sell,6689,11.1,222.7
20240301,002233,buy,6021,6.09,109.95
20240301,600938,sell,730,22.96,50.29
20240301,600566,sell,3018,33.19,300.52
20240301,000617,buy,7536,5.86,132.49
20240301,601319,buy,12070,4.94,178.96
20240301,002034,buy,5617,13.04,219.73
20240301,603299,buy,4495,7.61,102.66
20240301,600251,buy,6748,7.32,148.26
20240301,002595,sell,3566,21.56,230.64
20240301,605117,sell,2493,28.66,214.37
20240301,601619,buy,13382,3.08,123.82
20240301,600874,buy,10288,5.12,158.07
20240301,300109,buy,82864,10.74,2670.58
20240301,603920,sell,8219,16.71,411.95
20240301,002818,buy,4151,10.75,133.87
20240301,603688,buy,18213,48.88,2670.5
20240301,000651,sell,510,34.55,52.86
20240301,601163,sell,1851,14.77,82.01
20240301,002833,sell,3646,16.68,182.41
20240301,002478,sell,4716,5.32,75.26
20240301,301004,buy,1363,37.41,152.96
20240301,600888,buy,3339,6.89,69.02
20240301,600941,buy,868,93.41,243.25
20240301,600352,buy,482,7.8,11.28
20240301,603599,buy,65049,13.68,2670.55
20240301,601336,sell,165,30.57,15.13
20240301,601601,buy,2179,23.66,154.67
20240301,002938,sell,4484,20.65,277.76
20240301,002056,sell,4598,13.59,187.42
20240301,001308,buy,1343,26.4,106.35
20240301,600496,buy,22093,2.78,183.98
20240301,603859,sell,3899,25.13,293.95
20240301,603338,sell,220,56.05,36.99
20240301,601928,buy,3250,9.27,90.4
20240301,000027,buy,4877,6.27,91.67
20240301,600582,sell,12042,6.13,221.5
20240301,688589,sell,2327,22.26,155.39
20240301,600585,buy,2874,21.89,188.74
20240301,000429,buy,101153,8.8,2670.56
20240301,603136,buy,4717,11.6,164.1
20240301,002543,buy,1751,8.42,44.22
20240301,300856,sell,1728,22.73,117.85
20240301,600729,buy,2532,26.71,202.92
20240301,601169,buy,14082,4.68,197.79
20240301,600348,buy,2191,9.02,59.31
20240301,603328,sell,1673,6.67,33.47
20240301,002662,sell,14055,3.18,133.89
20240301,000014,buy,3982,12.08,144.3
20240301,600863,buy,2364,4.0,28.37
20240301,600757,buy,3282,6.83,67.24
20240301,601016,buy,5272,2.87,45.33
20240301,600873,buy,2406,9.78,70.61
20240301,601156,buy,5848,14.71,258.11
20240301,601298,buy,9259,6.55,181.85
20240301,000858,buy,6933,128.38,2670.2
20240301,600398,buy,514,7.09,10.93
20240301,000063,sell,7098,29.24,622.62
20240301,002757,sell,3776,13.5,152.89
20240301,002815,sell,5866,8.37,147.23
20240301,000923,buy,3417,14.7,150.65
20240301,300770,buy,26999,32.97,2670.54
20240301,603339,buy,1903,9.68,55.27
20240301,603052,buy,47821,18.61,2670.56
20240301,603228,sell,4284,19.94,256.26
20240301,000589,sell,206,5.39,3.33
20240301,600211,buy,28621,31.1,2670.51
20240301,603040,sell,59,20.04,3.55
20240301,600741,buy,1462,15.96,70.02
20240301,600219,buy,11013,2.63,86.95
20240301,000028,buy,970,30.27,88.1
20240301,601818,buy,314328,2.83,2670.57
20240301,601006,buy,13765,6.67,275.57
20240301,605377,buy,2695,10.14,81.98
20240301,002304,buy,9922,89.71,2670.41
20240301,601229,buy,157393,5.66,2670.56
20240301,603367,buy,4919,13.1,193.33
20240301,600425,buy,246660,3.61,2670.57
20240301,603279,buy,47932,18.57,2670.58
20240301,002353,sell,867,28.54,74.23
20240301,688303,buy,31029,28.69,2670.55
20240301,600998,sell,6344,5.76,109.65
20240301,605098,buy,906,36.88,100.24
20240301,601019,buy,90820,9.8,2670.55
20240301,301367,buy,445,52.45,70.02
20240301,002091,buy,8412,6.26,158.02
20240301,600373,buy,63088,14.11,2670.57
20240301,600563,buy,9035,98.53,2670.52
20240301,002911,buy,3387,8.4,85.38
20240301,002484,buy,53779,16.55,2670.56
20240301,002048,buy,71301,11.62,2486.01
20240401,601006,sell,133399,6.61,2645.45
20240401,600348,sell,98656,8.07,2388.78
20240401,601156,sell,60507,17.47,3171.72
20240401,002091,sell,142162,6.44,2746.76
20240401,603228,sell,44645,19.52,2614.63
20240401,000589,sell,165056,5.46,2702.87
20240401,603367,sell,67947,13.74,2801.61
20240401,603040,sell,44428,20.41,2719.76
20240401,600585,sell,40666,20.66,2520.0
20240401,301367,sell,16971,43.99,2239.67
20240401,600496,sell,320700,2.7,2597.4
20240401,002911,sell,105940,9.27,2946.69
20240401,601336,sell,29119,28.16,2459.57
20240401,002353,sell,31193,29.82,2790.08
20240401,600998,sell,154512,5.82,2697.3
20240401,300770,sell,26999,34.46,2791.11
20240401,603052,sell,47821,21.94,3147.78
20240401,601818,sell,314328,2.73,2571.05
20240401,688303,sell,31029,26.98,2511.08
20240401,601019,sell,90820,10.46,2849.43
20240401,002048,sell,71301,12.17,2602.42
20240401,000915,sell,2416,30.49,220.97
20240401,002033,sell,9798,9.05,265.9
20240401,600015,buy,164,5.79,2.85
20240401,002738,sell,1,36.74,0.11
20240401,000408,sell,1240,29.45,109.54
20240401,600325,buy,2130,6.58,42.05
20240401,600251,sell,4917,7.91,116.61
20240401,300109,sell,7627,12.26,280.41
20240401,601319,buy,4683,4.99,70.09
20240401,600566,buy,393,33.88,39.95
20240401,600967,buy,5929,7.59,135.06
20240401,603688,sell,1989,56.83,339.12
20240401,603871,sell,1965,11.78,69.46
20240401,601117,buy,11611,6.4,222.86
20240401,002595,sell,2355,23.68,167.31
20240401,000617,buy,15831,5.5,261.08
20240401,600528,buy,121554,7.59,2766.1
20240401,300856,sell,6219,27.99,522.24
20240401,603299,sell,7388,8.42,186.55
20240401,603859,sell,2563,28.06,215.75
20240401,002818,sell,2382,11.46,81.92
20240401,601163,buy,528,15.16,24.02
20240401,601928,sell,5485,10.19,167.61
20240401,603920,sell,969,17.63,51.24
20240401,605098,sell,1009,39.87,120.68
20240401,603136,sell,9126,13.63,373.21
20240401,002543,sell,3195,8.99,86.18
20240401,600598,buy,82982,11.11,2766.09
20240401,603599,buy,4786,13.2,189.57
20240401,603339,sell,7523,10.92,246.49
20240401,600971,buy,7105,10.11,215.54
20240401,600888,sell,8327,7.63,190.58
20240401,601619,buy,4170,3.15,39.39
20240401,002833,sell,1419,17.74,75.54
20240401,600757,sell,7040,7.48,157.93
20240401,002815,buy,2066,8.5,52.69
20240401,600873,buy,6996,9.41,197.47
20240401,002478,sell,13331,5.99,239.44
20240401,600874,sell,1705,5.36,27.4
20240401,600863,sell,4927,4.24,62.62
20240401,000027,sell,8220,6.89,169.86
20240401,000651,buy,847,34.64,88.03
20240401,605117,sell,3070,32.94,303.42
20240401,603338,buy,205,57.31,35.25
20240401,301004,sell,3822,46.16,529.28
20240401,002533,buy,96622,9.54,2766.09
20240401,600352,buy,3396,7.85,79.93
20240401,601016,buy,18668,2.8,156.83
20240401,002938,sell,465,21.62,30.16
20240401,688589,buy,3455,21.22,219.95
20240401,000429,buy,144,9.1,3.93
20240401,000014,buy,2636,12.08,95.53
20240401,600582,sell,4832,6.57,95.23
20240401,603328,buy,918,6.86,18.89
20240401,600398,buy,83,7.34,1.83
20240401,603018,buy,111679,8.26,2766.1
20240401,002662,sell,43,3.29,0.42
20240401,600938,sell,3947,26.48,313.57
20240401,601717,buy,67638,13.63,2766.11
20240401,600425,buy,11534,3.57,123.57
20240401,600211,buy,572,31.58,54.2
20240401,600531,buy,143365,6.43,2766.1
20240401,688169,buy,5480,168.25,2765.95
20240401,601601,buy,3892,22.21,259.32
20240401,600548,buy,101804,9.06,2766.1
20240401,002056,buy,1794,13.7,73.72
20240401,000063,buy,3754,26.96,303.63
20240401,300073,buy,23358,39.47,2766.01
20240401,000807,buy,69265,13.31,2766.09
20240401,603558,buy,96595,9.55,2766.1
20240401,603165,buy,88979,10.36,2766.1
20240401,300196,buy,93357,9.88,2766.09
20240401,000923,sell,2069,15.76,97.83
20240401,601298,buy,1209,6.72,24.38
20240401,600163,buy,215452,4.28,2766.1
20240401,002960,buy,92436,9.97,2766.08
20240401,600729,buy,5179,23.95,372.08
20240401,603529,buy,30883,29.86,2766.09
20240401,601169,sell,10787,5.14,166.37
20240401,001308,buy,3883,24.52,285.61
20240401,600741,buy,1536,16.09,74.15
20240401,002233,sell,18,6.31,0.34
20240401,605377,sell,858,10.61,27.3
20240401,600219,sell,21410,2.91,186.93
20240401,600373,buy,3203,13.91,133.65
20240401,600563,buy,401,97.71,117.55
20240401,000858,sell,421,141.61,178.85
20240401,601229,buy,581,5.84,10.17
20240401,600016,buy,262841,3.51,2766.1
20240401,600480,buy,126132,7.31,2766.1
20240401,002757,sell,234,14.03,9.85
20240401,600941,buy,90,95.85,25.88
20240401,301039,buy,98555,9.36,2766.08
20240401,002034,buy,3058,12.93,118.59
20240401,002484,buy,7494,15.05,338.31
20240401,002913,buy,33566,27.47,2766.09
20240401,601958,buy,85446,10.79,2766.1
20240401,000028,buy,302,29.97,27.15
20240506,600251,sell,116633,8.18,2863.06
20240506,603328,sell,134423,7.05,2843.26
20240506,002662,sell,280293,3.36,2827.82
20240506,000408,sell,31313,27.51,2584.59
20240506,600938,sell,34819,26.7,2789.09
20240506,600874,sell,172109,5.79,2990.14
20240506,002757,sell,65722,13.25,2613.25
20240506,600941,sell,9619,92.38,2665.74
20240506,600873,sell,97998,10.47,3076.71
20240506,688589,sell,43449,20.69,2697.08
20240506,600863,sell,217637,4.07,2659.04
20240506,603338,sell,16088,65.95,3182.84
20240506,002738,sell,25094,33.96,2556.33
20240506,002034,sell,71325,13.9,2974.98
20240506,000651,sell,26614,37.48,2992.83
20240506,603339,sell,84424,10.02,2536.62
20240506,601163,sell,60808,16.2,2955.51
20240506,600325,sell,140130,5.84,2455.74
20240506,002233,sell,146222,6.32,2773.67
20240506,601619,sell,292802,3.27,2871.86
20240506,001308,sell,37606,23.69,2673.13
20240506,601016,sell,329264,3.0,2961.03
20240506,605098,sell,23128,46.84,3249.93
20240506,000617,sell,167730,5.68,2857.5
20240506,000014,sell,76329,10.9,2495.07
20240506,601117,sell,144116,6.78,2933.12
20240506,603136,sell,67640,12.08,2450.34
20240506,600888,sell,120862,7.68,2783.29
20240506,600352,sell,117523,8.56,3016.69
20240506,600729,sell,38501,23.68,2735.04
20240506,601928,sell,90522,9.32,2530.28
20240506,600219,sell,316823,3.13,2979.65
20240506,002056,sell,67313,13.49,2723.19
20240506,000028,sell,29706,35.53,3166.56
20240506,600741,sell,57297,15.2,2612.41
20240506,000063,sell,34199,27.52,2823.07
20240506,002815,sell,108469,8.26,2688.14
20240506,605377,sell,86930,11.98,3123.09
20240506,603859,sell,32861,24.38,2403.74
20240506,603688,sell,16224,43.88,2135.93
20240506,603599,sell,69835,14.38,3012.62
20240506,000858,sell,6512,139.56,2726.51
20240506,002304,sell,9922,87.34,2599.63
20240506,600425,sell,258194,3.5,2714.74
20240506,600373,sell,66291,13.88,2760.63
20240506,600563,sell,9436,96.01,2717.97
20240506,002484,sell,61273,15.09,2773.18
20240506,600528,sell,121554,7.87,2869.21
20240506,600548,sell,101804,9.57,2921.97
20240506,300073,sell,23358,43.78,3068.05
20240506,603165,sell,88979,10.41,2777.61
20240506,300196,sell,93357,11.17,3127.12
20240506,600163,sell,215452,4.48,2898.12
20240506,002960,sell,92436,10.15,2815.21
20240506,600016,sell,262841,3.42,2697.3
20240506,301039,sell,98555,9.62,2844.08
20240506,002913,sell,33566,25.32,2549.86
20240506,601958,sell,85446,10.55,2703.84
20240506,600598,sell,3911,12.07,141.64
20240506,600566,sell,1800,37.56,202.82
20240506,002818,sell,748,11.98,26.88
20240506,600211,sell,3190,36.71,351.29
20240506,300109,sell,6592,13.91,274.99
20240506,600971,sell,4775,11.05,158.25
20240506,000915,buy,309,31.24,28.96
20240506,600066,buy,42858,22.27,2863.46
20240506,000612,buy,131377,7.27,2863.5
20240506,000521,buy,95479,10.0,2863.5
20240506,600015,buy,2890,5.89,51.03
20240506,002035,buy,132546,7.2,2863.51
20240506,600582,sell,1240,6.86,25.52
20240506,600642,buy,121296,7.87,2863.5
20240506,600551,buy,123328,7.74,2863.5
20240506,603299,sell,4047,9.05,109.84
20240506,603871,sell,490,12.28,18.04
20240506,000429,sell,873,9.5,24.89
20240506,002463,buy,29903,31.92,2863.49
20240506,600483,buy,101059,9.44,2863.5
20240506,000680,buy,110387,8.65,2863.5
20240506,002033,buy,6692,8.79,176.42
20240506,002543,sell,13960,10.78,451.27
20240506,600967,buy,2720,7.69,62.74
20240506,605196,buy,87628,10.89,2863.5
20240506,000543,buy,120879,7.9,2863.51
20240506,600458,buy,79300,12.04,2863.51
20240506,603050,buy,63574,15.01,2863.49
20240506,300349,buy,72074,13.24,2863.51
20240506,688208,buy,54597,17.48,2863.5
20240506,002938,sell,4917,25.3,373.18
20240506,300908,buy,33001,28.92,2863.45
20240506,000690,buy,190798,5.0,2863.5
20240506,688506,buy,5336,178.85,2863.03
20240506,603279,sell,5232,22.35,350.87
20240506,601229,sell,5668,6.27,106.56
20240506,603920,buy,2788,17.32,144.88
20240506,301004,sell,2783,55.52,463.55
20240506,601169,buy,10981,5.01,165.21
20240506,600968,buy,245727,3.88,2863.5
20240506,600398,sell,251,7.61,5.73
20240506,002273,buy,66066,14.45,2863.48
20240506,601717,sell,6305,15.56,294.37
20240506,002595,sell,4009,27.33,328.69
20240506,000719,buy,98818,9.66,2863.51
20240506,603556,buy,21649,44.09,2863.41
20240506,688169,sell,1306,228.68,895.97
20240506,600511,buy,28368,33.65,2863.48
20240506,603699,buy,53953,17.69,2863.51
20240506,603067,buy,111495,8.56,2863.49
20240506,300856,sell,40,29.01,3.48
20240506,000807,sell,248,13.83,10.29
20240506,605117,buy,1726,32.12,166.33
20240506,300193,buy,122854,7.77,2863.49
20240506,605009,buy,31735,30.08,2863.43
20240506,002533,buy,9735,8.97,262.1
20240506,002835,buy,53618,17.8,2863.5
20240506,601975,buy,259439,3.68,2863.5
20240506,002833,sell,2771,19.4,161.31
20240506,600023,buy,165041,5.78,2863.5
20240506,601298,sell,11330,7.58,257.79
20240506,601319,buy,6147,5.0,92.18
20240506,000923,sell,3511,17.36,182.82
20240506,601326,buy,296582,3.22,2863.51
20240506,002478,buy,16346,5.6,274.77
20240506,000404,buy,141562,6.74,2863.5
20240506,601000,buy,244810,3.9,2863.5
20240506,300628,buy,30802,30.99,2863.45
20240506,000878,buy,71036,13.44,2863.48
20240506,600522,buy,71125,13.42,2863.5
20240506,002020,buy,82593,11.56,2863.5
20240506,688187,buy,20239,47.16,2863.51
20240506,002422,buy,29890,31.93,2863.43
20240506,600012,buy,79059,12.07,2863.51
20240506,601601,sell,3618,25.19,273.38
20240506,300866,buy,15086,63.27,2863.48
20240506,600480,sell,14022,8.51,358.15
20240506,603298,buy,45533,20.96,2863.51
20240506,000027,buy,236,7.12,5.04
20240506,002106,buy,90700,10.52,2863.51
20240506,605088,buy,38477,24.81,2863.5
20240506,000791,buy,161565,5.91,2863.51
20240506,601107,buy,184815,5.16,2863.51
20240506,601019,buy,96743,9.87,2863.5
20240506,000513,buy,25139,37.97,2863.43
20240506,002521,buy,75975,12.56,2863.5
20240506,603018,sell,10533,9.44,298.2
20240506,601900,buy,68720,13.89,2863.47
20240506,000899,buy,91814,10.4,2863.51
20240506,603529,sell,2072,33.13,205.94
20240506,600757,buy,11936,7.06,252.73
20240506,000550,buy,37372,25.54,2863.51
20240506,603558,sell,4476,10.36,139.14
20240506,600486,buy,14864,64.21,2863.44
20240506,600531,buy,3746,6.49,72.92
20240506,000568,buy,5473,174.39,2863.34
20240506,603345,buy,10568,90.32,2863.37
20240506,002987,buy,135764,7.03,2863.5
20240506,603855,buy,49255,19.38,2863.49
20240506,003019,buy,29163,26.79,2343.43
20240603,603920,sell,55102,17.05,2818.12
20240603,600967,sell,124146,7.44,2771.35
20240603,605117,sell,29714,31.89,2842.71
20240603,000027,sell,134096,6.96,2801.84
20240603,603279,sell,42700,19.99,2560.46
20240603,601717,sell,61333,14.42,2653.31
20240603,603529,sell,28811,31.72,2741.79
20240603,000521,sell,95479,8.81,2524.44
20240603,000690,sell,190798,4.69,2685.21
20240603,601326,sell,296582,2.97,2643.24
20240603,601000,sell,244810,3.73,2741.74
20240603,000878,sell,71036,12.89,2746.08
20240603,688187,sell,20239,45.13,2739.87
20240603,600012,sell,79059,12.51,2966.48
20240603,300866,sell,15086,66.81,3023.75
20240603,603298,sell,45533,19.4,2649.97
20240603,601107,sell,184815,5.05,2797.62
20240603,000513,sell,25139,36.42,2746.78
20240603,601900,sell,68720,12.57,2591.57
20240603,000550,sell,37372,23.52,2637.0
20240603,600486,sell,14864,57.09,2545.66
20240603,000568,sell,5473,156.98,2577.52
20240603,603345,sell,10568,84.19,2669.16
20240603,002987,sell,135764,6.39,2600.8
20240603,603855,sell,49255,21.51,3178.7
20240603,600598,sell,1267,12.01,45.66
20240603,002818,buy,1525,11.51,52.65
20240603,002035,sell,2603,7.19,56.16
20240603,600211,buy,2311,33.01,228.84
20240603,300109,buy,2601,13.12,102.36
20240603,000612,sell,202,7.12,4.32
20240603,600066,buy,798,21.41,51.25
20240603,603299,sell,3029,9.12,82.88
20240603,600566,buy,1804,34.34,185.84
20240603,300908,sell,838,29.06,73.05
20240603,603050,sell,9136,17.17,470.55
20240603,000915,buy,971,29.65,86.36
20240603,603929,buy,40371,23.15,2803.7
20240603,600971,sell,5492,11.55,190.31
20240603,300349,buy,4030,12.28,148.47
20240603,603018,buy,4841,8.82,128.06
20240603,301004,sell,383,55.6,63.89
20240603,000563,buy,340605,2.74,2803.75
20240603,600458,buy,10428,10.42,325.85
20240603,000923,sell,1940,17.62,102.53
20240603,605196,sell,7910,11.72,278.2
20240603,000680,buy,5930,8.03,142.94
20240603,002563,buy,163079,5.73,2803.76
20240603,600531,sell,6562,6.65,130.9
20240603,002033,buy,2847,8.38,71.61
20240603,600757,sell,6647,7.27,144.93
20240603,603161,buy,86064,10.86,2803.75
20240603,601319,sell,4335,5.01,65.13
20240603,002543,buy,1874,10.33,58.08
20240603,002463,sell,1377,32.76,135.34
20240603,301277,buy,94861,9.85,2803.75
20240603,605009,sell,1340,30.75,123.61
20240603,000719,sell,1693,9.62,48.87
20240603,600551,buy,3418,7.37,75.61
20240603,601229,sell,11312,6.63,224.95
20240603,600015,sell,6648,6.01,119.84
20240603,688506,sell,255,183.96,140.73
20240603,002938,sell,5241,28.77,452.3
20240603,002091,buy,140815,6.64,2803.75
20240603,601601,sell,3346,27.05,271.53
20240603,000791,sell,17713,6.5,345.24
20240603,002273,sell,3171,14.86,141.36
20240603,300882,buy,54142,17.26,2803.72
20240603,002106,sell,902,10.41,28.16
20240603,603357,buy,103206,9.06,2803.73
20240603,000543,sell,89,7.74,2.07
20240603,600582,buy,1162,6.66,23.22
20240603,600642,sell,2530,7.87,59.73
20240603,603067,buy,7255,7.87,171.29
20240603,605507,buy,80522,11.61,2803.72
20240603,000899,buy,3300,9.83,97.28
20240603,603556,sell,1268,45.86,174.44
20240603,300193,buy,2436,7.46,54.51
20240603,300481,buy,60541,15.44,2803.76
20240603,688208,buy,3943,15.96,188.85
20240603,600483,sell,6873,9.92,204.6
20240603,002083,buy,218122,4.28,2803.75
20240603,000544,buy,115330,8.1,2803.75
20240603,603619,buy,39168,23.86,2803.71
20240603,002835,buy,1558,16.94,79.17
20240603,002255,buy,160186,5.83,2803.74
20240603,002225,buy,226159,4.13,2803.75
20240603,603871,sell,4636,12.78,177.76
20240603,603699,sell,1978,17.98,106.7
20240603,603367,buy,65128,14.35,2803.72
20240603,600522,sell,5627,14.27,240.88
20240603,300628,sell,1930,32.37,187.42
20240603,002521,sell,1871,12.61,70.79
20240603,605088,buy,3959,22.02,261.57
20240603,603558,buy,3202,9.8,94.18
20240603,601975,sell,7456,3.71,82.96
20240603,600968,sell,11383,3.99,136.19
20240603,601298,sell,4824,7.72,111.75
20240603,600023,sell,12553,6.13,230.81
20240603,002478,buy,9462,5.2,147.54
20240603,600016,buy,277462,3.37,2803.76
20240603,300856,buy,4660,24.88,347.85
20240603,002895,buy,51088,18.29,2803.73
20240603,002422,buy,422,30.83,39.03
20240603,001380,buy,69071,13.53,2803.72
20240603,002595,buy,2012,25.3,152.71
20240603,002353,buy,28327,32.99,2803.75
20240603,600511,buy,464,32.41,45.12
20240603,002833,buy,1413,18.47,78.29
20240603,000404,buy,20111,5.78,348.77
20240603,002020,buy,3064,10.91,100.29
20240603,001296,buy,61439,15.21,2803.75
20240603,600251,buy,121338,7.7,2803.75
20240603,003019,buy,7339,25.6,563.71
20240603,000429,sell,362,9.34,10.14
20240603,002533,sell,2181,8.97,58.7
20240603,601169,sell,10431,5.2,162.57
20240603,600398,sell,6879,7.88,162.7
20240603,000807,sell,977,13.74,40.26
20240603,601101,buy,104130,8.98,2803.75
20240603,601019,sell,20806,12.31,768.21
20240603,600480,buy,7262,7.83,170.57
20240603,300916,buy,36087,25.9,2803.72
20240603,603195,buy,15312,57.12,2624.04
20240701,600398,sell,118544,8.27,2939.31
20240701,002833,sell,50603,16.85,2557.39
20240701,601169,sell,179899,5.29,2852.35
20240701,002595,sell,36939,25.64,2841.77
20240701,300856,sell,37560,22.75,2562.93
20240701,002478,sell,179813,4.91,2648.56
20240701,603018,sell,105987,8.69,2764.4
20240701,600531,sell,140549,6.32,2663.77
20240701,688169,sell,4174,193.4,2421.76
20240701,000807,sell,68040,13.26,2706.44
20240701,603558,sell,95321,9.04,2585.29
20240701,600480,sell,119372,7.28,2607.53
20240701,600551,sell,126746,6.9,2624.02
20240701,600458,sell,89728,9.9,2664.33
20240701,000719,sell,97125,10.1,2943.9
20240701,603699,sell,51975,15.83,2468.53
20240701,605009,sell,30395,27.87,2541.38
20240701,600023,sell,152488,6.77,3094.97
20240701,000404,sell,161673,5.27,2557.83
20240701,002422,sell,30312,29.3,2664.58
20240701,605088,sell,42436,19.98,2543.2
20240701,000791,sell,143852,5.91,2550.37
20240701,601019,sell,75937,11.93,2716.82
20240701,002521,sell,74104,11.36,2524.68
20240701,301277,sell,94861,9.05,2575.63
20240701,603357,sell,103206,8.59,2660.98
20240701,002083,sell,218122,4.02,2631.97
20240701,603619,sell,39168,22.95,2696.39
20240701,002255,sell,160186,4.91,2361.05
20240701,001380,sell,69071,13.01,2695.51
20240701,001296,sell,61439,14.01,2581.74
20240701,600598,sell,1811,12.03,65.36
20240701,002818,buy,3153,10.84,102.51
20240701,600211,buy,1861,30.3,169.15
20240701,002035,buy,19605,6.11,359.55
20240701,000612,buy,10959,6.43,211.47
20240701,603299,sell,6181,9.49,176.06
20240701,600642,sell,11655,8.54,298.44
20240701,000923,buy,818,16.97,41.65
20240701,300852,buy,32057,28.52,2742.64
20240701,601601,sell,338,26.72,27.1
20240701,002025,buy,20083,45.52,2742.62
20240701,002563,buy,11720,5.23,183.89
20240701,600483,sell,13415,11.32,455.53
20240701,002543,buy,2849,9.8,83.74
20240701,000563,buy,8278,2.62,65.08
20240701,600066,sell,3749,22.91,257.66
20240701,601229,sell,5756,6.76,116.74
20240701,600582,sell,2857,6.65,57.02
20240701,601319,sell,1276,4.93,18.88
20240701,300866,buy,13433,68.06,2742.6
20240701,002091,buy,2256,6.39,43.25
20240701,000543,sell,17111,8.82,452.66
20240701,002463,sell,3601,36.68,396.26
20240701,300628,sell,180,31.86,17.21
20240701,603929,sell,197,22.76,13.45
20240701,688208,buy,1785,15.16,81.16
20240701,600757,sell,14097,7.99,337.69
20240701,000899,buy,187,9.59,5.38
20240701,603067,sell,10575,8.45,268.12
20240701,605507,buy,100,11.34,3.4
20240701,300908,buy,2433,26.43,192.88
20240701,603871,buy,2618,12.07,94.8
20240701,000429,sell,4701,9.59,135.21
20240701,601000,buy,210868,4.34,2742.7
20240701,601298,sell,18062,8.88,481.12
20240701,600522,sell,6011,15.37,277.15
20240701,600566,buy,2053,31.23,192.37
20240701,601975,sell,1456,3.65,15.94
20240701,300109,buy,8016,11.53,277.38
20240701,002106,sell,1435,10.35,44.54
20240701,000544,sell,1232,8.01,29.62
20240701,002533,sell,4327,9.16,118.86
20240701,300193,buy,3952,7.07,83.87
20240701,000617,buy,171995,5.32,2742.71
20240701,600987,buy,140168,6.52,2742.71
20240701,603040,buy,47845,19.11,2742.66
20240701,000680,sell,18368,9.33,514.33
20240701,002938,sell,8387,37.93,954.43
20240701,601101,sell,2770,9.02,74.95
20240701,605196,buy,10086,10.18,308.04
20240701,605117,buy,25489,35.87,2742.64
20240701,000690,buy,192245,4.76,2742.71
20240701,000902,buy,76843,11.9,2742.71
20240701,600968,sell,15005,4.17,187.63
20240701,600016,sell,2478,3.32,24.72
20240701,603279,buy,45428,20.12,2742.71
20240701,002273,sell,11680,17.85,625.5
20240701,002835,buy,115,16.53,5.7
20240701,300951,buy,30704,29.78,2742.65
20240701,002225,sell,104,4.04,1.26
20240701,688506,sell,154,185.56,85.73
20240701,600511,buy,948,30.7,87.31
20240701,601717,buy,64606,14.15,2742.71
20240701,601117,buy,117751,7.76,2742.69
20240701,002033,sell,1212,8.29,30.15
20240701,603556,buy,320,44.16,42.4
20240701,603050,buy,7184,14.84,319.75
20240701,300481,buy,8658,13.21,343.16
20240701,603161,buy,2413,10.33,74.8
20240701,600015,sell,4143,6.04,75.06
20240701,002993,buy,26515,34.48,2742.65
20240701,002353,sell,2179,34.96,228.56
20240701,603393,buy,26025,35.13,2742.71
20240701,600971,buy,151,11.28,5.11
20240701,600373,buy,61707,14.82,2742.68
20240701,600528,buy,125864,7.26,2742.69
20240701,688019,buy,9644,94.79,2742.47
20240701,301004,sell,2549,64.11,490.27
20240701,003019,sell,91,25.11,6.85
20240701,600967,buy,132340,6.91,2742.71
20240701,300916,buy,380,25.07,28.58
20240701,600251,buy,4565,7.26,99.45
20240701,002895,buy,1933,17.24,99.99
20240701,300882,sell,901,17.17,46.42
20240701,603367,buy,1177,13.79,48.69
20240701,000915,buy,1695,27.52,139.95
20240701,002020,buy,3642,10.24,111.86
20240701,600486,buy,16327,55.99,2742.56
20240701,300349,buy,4868,11.29,164.89
20240701,601231,buy,58319,15.68,2742.69
20240701,688138,buy,42616,21.45,2742.69
20240701,002034,buy,72129,12.67,2742.7
20240701,300590,buy,82551,11.07,2742.7
20240701,603195,buy,1980,52.87,314.04
20240701,002179,buy,24639,37.1,2742.67
20240701,603920,buy,48327,18.92,2742.67
20240701,600380,buy,83435,10.96,2742.68
20240701,600469,buy,154190,5.93,2742.7
20240701,300457,buy,53448,17.1,2742.67
20240701,600710,buy,107865,7.58,2454.32
20240801,000923,sell,53870,13.51,2183.56
20240801,600566,sell,29270,29.42,2583.72
20240801,600971,sell,81064,9.39,2283.01
20240801,000915,sell,33218,24.86,2477.48
20240801,600582,sell,137422,5.49,2265.39
20240801,300109,sell,79262,11.52,2740.35
20240801,600066,sell,39907,19.64,2351.82
20240801,000612,sell,142134,5.48,2334.56
20240801,002035,sell,149548,6.22,2789.11
20240801,000680,sell,97949,6.81,1999.73
20240801,300349,sell,80972,10.28,2497.72
20240801,300908,sell,34596,25.02,2597.27
20240801,600968,sell,219339,3.7,2436.56
20240801,603556,sell,20701,40.57,2519.76
20240801,002835,sell,55291,15.15,2512.78
20240801,601975,sell,250527,3.28,2466.2
20240801,300628,sell,28692,30.03,2585.06
20240801,002106,sell,88363,9.09,2409.4
20240801,000899,sell,95301,8.02,2293.39
20240801,003019,sell,36411,22.29,2434.87
20240801,603929,sell,40174,23.27,2804.64
20240801,002563,sell,174799,4.44,2330.13
20240801,603161,sell,88477,9.52,2526.21
20240801,002091,sell,143071,6.13,2630.75
20240801,300882,sell,53241,14.36,2293.84
20240801,300481,sell,69199,12.55,2605.07
20240801,603367,sell,66305,12.71,2528.65
20240801,002895,sell,53021,15.14,2408.42
20240801,600251,sell,125903,7.03,2654.12
20240801,601101,sell,101360,7.49,2277.02
20240801,300916,sell,36467,23.69,2591.75
20240801,603195,sell,17292,47.21,2449.03
20240801,300866,sell,13433,51.19,2062.93
20240801,000617,sell,171995,5.47,2820.78
20240801,600987,sell,140168,6.28,2639.28
20240801,603040,sell,47845,17.64,2532.11
20240801,000690,sell,192245,4.29,2472.15
20240801,603279,sell,45428,16.53,2253.43
20240801,601717,sell,64606,11.38,2205.07
20240801,002993,sell,26515,29.25,2326.51
20240801,688019,sell,9644,88.34,2555.94
20240801,600486,sell,16327,53.26,2608.67
20240801,688138,sell,42616,18.87,2412.04
20240801,002034,sell,72129,12.64,2734.4
20240801,300590,sell,82551,11.69,2894.67
20240801,600380,sell,83435,10.3,2578.11
20240801,600469,sell,154190,5.52,2553.23
20240801,300457,sell,53448,15.28,2450.25
20240801,600598,sell,4514,12.09,163.67
20240801,603299,buy,439,8.93,11.76
20240801,601319,sell,24053,5.36,386.51
20240801,600483,buy,3196,10.29,98.65
20240801,000719,buy,89212,9.68,2591.7
20240801,601601,sell,4106,28.69,353.46
20240801,600522,sell,623,14.68,27.43
20240801,605117,sell,7202,47.24,1020.71
20240801,603920,sell,6182,20.5,380.17
20240801,600757,sell,4049,7.82,95.01
20240801,600016,sell,11136,3.27,109.39
20240801,000429,sell,15107,10.76,487.87
20240801,002025,sell,1922,47.57,274.3
20240801,600967,sell,16081,7.43,358.49
20240801,000543,sell,445,8.37,11.17
20240801,600511,sell,3197,32.5,311.7
20240801,300613,buy,20721,41.69,2591.63
20240801,600551,buy,120561,7.17,2591.71
20240801,002304,buy,11465,75.35,2591.5
20240801,002938,buy,204,35.54,21.75
20240801,600692,buy,113220,7.63,2591.71
20240801,600528,sell,8191,7.34,180.41
20240801,600012,buy,57443,15.04,2591.69
20240801,600211,sell,1998,30.66,183.78
20240801,688120,buy,8787,98.31,2591.67
20240801,300852,buy,3976,23.98,285.98
20240801,002463,buy,948,33.39,94.96
20240801,002273,sell,2739,17.82,146.44
20240801,600941,buy,8783,98.35,2591.52
20240801,605507,sell,5378,11.48,185.24
20240801,601117,buy,592,7.3,12.96
20240801,600710,buy,4401,7.7,101.6
20240801,002429,buy,174381,4.95,2591.73
20240801,000951,buy,58734,14.71,2591.69
20240801,600642,buy,3326,7.82,78.05
20240801,000902,buy,3874,10.7,124.39
20240801,300193,sell,6280,7.03,132.37
20240801,603259,buy,21267,40.62,2591.62
20240801,603052,buy,41961,20.59,2591.7
20240801,601298,sell,4856,8.81,128.28
20240801,600862,buy,43512,19.85,2591.7
20240801,601000,sell,35916,4.94,532.06
20240801,601229,sell,7618,6.77,154.71
20240801,002543,buy,1155,9.15,31.69
20240801,002533,sell,477,8.69,12.44
20240801,300627,buy,40666,21.24,2591.73
20240801,301004,buy,1504,54.8,247.26
20240801,000563,sell,39389,2.79,329.85
20240801,603067,sell,6552,8.5,167.1
20240801,605196,buy,5858,9.03,158.71
20240801,688506,buy,93,172.09,48.01
20240801,601019,buy,81984,10.54,2591.72
20240801,688208,sell,6936,16.18,336.71
20240801,600015,sell,5160,5.91,91.46
20240801,002818,buy,3327,9.85,98.34
20240801,002179,sell,1416,37.2,158.03
20240801,000544,buy,6069,7.19,130.89
20240801,603050,sell,12350,17.53,649.62
20240801,002353,buy,2342,30.32,213.05
20240801,002033,sell,1844,7.97,44.08
20240801,601231,sell,1753,15.27,80.32
20240801,603383,buy,28015,30.84,2591.72
20240801,603339,buy,90910,9.5,2591.72
20240801,601326,buy,254379,3.4,2591.72
20240801,000019,buy,148941,5.8,2591.72
20240801,300868,buy,45861,18.84,2591.68
20240801,600873,buy,89287,9.68,2591.71
20240801,000513,buy,24610,35.1,2591.66
20240801,601218,buy,283111,3.05,2591.72
20240801,300951,sell,688,28.78,59.41
20240801,601089,buy,61821,13.97,2591.69
20240801,002225,buy,25286,3.44,260.74
20240801,300092,buy,87636,9.86,2591.7
20240801,601928,buy,89626,9.64,2591.73
20240801,600023,buy,138480,6.24,2591.71
20240801,601211,buy,61130,14.13,2591.72
20240801,603228,buy,34231,25.24,2591.7
20240801,600874,buy,153700,5.62,2591.72
20240801,600352,buy,103914,8.31,2591.72
20240801,601006,buy,129167,6.69,2591.71
20240801,002478,buy,179459,4.81,2591.72
20240801,603589,buy,23842,36.23,2591.69
20240801,000063,buy,32433,26.64,2591.68
20240801,600741,buy,59050,14.63,2591.73
20240801,603871,sell,6227,12.43,232.17
20240801,002821,buy,11813,73.13,2591.6
20240801,000880,buy,104769,8.25,2591.71
20240801,600020,buy,237816,3.63,2591.72
20240801,603456,buy,63395,13.63,2591.7
20240801,300360,buy,63955,13.51,2591.71
20240801,688009,buy,149197,5.79,2591.72
20240801,002020,sell,5553,10.32,171.85
20240801,603328,buy,114948,7.52,2591.71
20240801,600377,buy,66216,13.05,2591.69
20240801,000021,buy,60027,14.39,2591.7
20240801,600674,buy,46354,18.64,2591.7
20240801,603393,sell,1730,35.56,184.56
20240801,600030,buy,46474,18.59,2591.7
20240801,600373,buy,8797,12.25,323.37
20240801,002061,buy,211282,3.45,2189.63
20240902,002033,sell,108410,7.77,2525.66
20240902,002938,sell,24306,33.97,2476.7
20240902,603871,sell,69513,11.63,2424.4
20240902,601229,sell,127620,6.57,2514.48
20240902,600642,sell,110437,7.46,2472.04
20240902,002463,sell,25873,32.15,2495.12
20240902,605196,sell,95662,7.77,2231.28
20240902,603050,sell,49272,16.28,2407.1
20240902,688506,sell,5020,163.62,2464.12
20240902,600511,sell,26583,27.92,2226.29
20240902,000544,sell,120167,6.86,2472.97
20240902,002225,sell,251341,3.08,2325.9
20240902,002353,sell,28490,27.83,2378.77
20240902,300852,sell,36033,21.55,2330.06
20240902,002025,sell,18161,46.96,2558.76
20240902,601000,sell,174952,4.65,2438.44
20240902,605117,sell,18287,42.21,2315.87
20240902,300951,sell,30016,25.23,2272.11
20240902,603393,sell,24295,33.2,2419.78
20240902,600373,sell,70504,12.4,2622.26
20240902,601231,sell,56566,14.85,2519.88
20240902,300613,sell,20721,31.74,1972.86
20240902,600692,sell,113220,5.05,1715.4
20240902,600012,sell,57443,15.33,2641.53
20240902,000951,sell,58734,13.18,2322.21
20240902,603052,sell,41961,20.43,2571.96
20240902,300627,sell,40666,19.26,2349.63
20240902,601019,sell,81984,11.55,2840.69
20240902,603383,sell,28015,24.24,2037.33
20240902,000019,sell,148941,5.81,2596.09
20240902,300868,sell,45861,19.02,2616.42
20240902,600873,sell,89287,9.03,2419.27
20240902,000513,sell,24610,34.79,2568.69
20240902,601218,sell,283111,2.69,2288.8
20240902,300092,sell,87636,8.96,2355.86
20240902,601928,sell,89626,10.08,2711.62
20240902,600023,sell,138480,5.91,2455.1
20240902,601211,sell,61130,14.05,2577.47
20240902,603228,sell,34231,23.88,2452.47
20240902,600352,sell,103914,8.59,2679.37
20240902,601006,sell,129167,5.79,2242.97
20240902,603589,sell,23842,33.83,2419.56
20240902,000063,sell,32433,23.73,2309.23
20240902,002821,sell,11813,60.43,2141.71
20240902,603456,sell,63395,11.9,2263.59
20240902,688009,sell,149197,4.84,2166.28
20240902,600377,sell,66216,13.7,2722.34
20240902,000021,sell,60027,13.54,2438.51
20240902,600674,sell,46354,17.28,2403.19
20240902,600030,sell,46474,18.42,2567.52
20240902,600598,sell,3412,12.02,123.05
20240902,000719,sell,7840,10.06,236.51
20240902,600016,sell,9636,3.22,93.05
20240902,603299,sell,9850,9.42,278.31
20240902,601601,sell,1840,28.95,159.79
20240902,600854,buy,217152,3.77,2454.75
20240902,601319,sell,23533,5.94,419.36
20240902,600211,sell,2270,31.58,215.09
20240902,002159,buy,60664,13.49,2454.74
20240902,600938,buy,30434,26.89,2454.72
20240902,601336,buy,25995,31.48,2454.72
20240902,600757,sell,10609,8.2,260.85
20240902,603328,sell,8574,7.69,197.86
20240902,002304,sell,275,73.12,60.33
20240902,300441,buy,139985,5.85,2454.74
20240902,002818,sell,1506,9.49,42.9
20240902,603067,buy,1979,7.9,46.89
20240902,603339,sell,2430,9.25,67.42
20240902,605507,sell,9999,12.54,376.2
20240902,600967,buy,9181,6.52,179.66
20240902,600469,buy,151453,5.4,2454.74
20240902,300360,sell,2079,13.22,82.48
20240902,600015,sell,8383,5.94,149.29
20240902,002555,buy,67068,12.2,2454.73
20240902,600020,sell,17833,3.72,199.0
20240902,002987,buy,128841,6.35,2454.74
20240902,002061,buy,41418,3.24,402.34
20240902,300230,buy,252503,3.24,2454.75
20240902,603183,buy,254592,3.21,2454.75
20240902,000404,buy,138534,5.91,2454.75
20240902,000521,buy,101645,8.05,2454.74
20240902,600862,buy,1248,18.28,68.44
20240902,002478,buy,6845,4.39,90.19
20240902,600483,buy,203,9.72,5.92
20240902,601619,buy,299414,2.73,2454.75
20240902,603040,buy,43570,18.78,2454.71
20240902,000700,buy,152463,5.37,2454.75
20240902,002083,buy,194807,4.2,2454.75
20240902,600528,buy,4019,6.72,81.07
20240902,600551,sell,10857,7.46,242.94
20240902,601089,sell,5117,14.43,221.52
20240902,600784,buy,173429,4.72,2454.75
20240902,601117,buy,12025,6.28,226.42
20240902,600888,buy,128397,6.37,2454.75
20240902,600971,buy,96194,8.51,2454.73
20240902,601900,buy,72658,11.26,2454.75
20240902,600566,buy,31755,25.77,2454.68
20240902,300545,buy,34130,23.97,2454.73
20240902,688208,buy,1222,14.98,54.93
20240902,000902,sell,10751,11.7,377.2
20240902,301004,sell,2474,61.57,456.98
20240902,002273,buy,597,16.67,29.86
20240902,601326,sell,4838,3.28,47.59
20240902,603897,buy,51636,15.85,2454.73
20240902,601177,buy,116448,7.03,2454.75
20240902,000429,sell,5181,10.9,169.41
20240902,600829,buy,156154,5.24,2454.74
20240902,002543,buy,5262,8.21,129.53
20240902,300349,buy,76494,10.7,2454.75
20240902,000651,buy,22340,36.63,2454.69
20240902,601065,buy,101245,8.08,2454.74
20240902,300193,sell,7131,7.06,151.12
20240902,002429,buy,9618,4.45,128.31
20240902,002060,buy,269193,3.04,2454.75
20240902,300770,buy,27840,29.39,2454.74
20240902,600664,buy,262260,3.12,2454.75
20240902,603987,buy,135536,6.04,2454.74
20240902,002558,buy,92102,8.88,2454.75
20240902,600941,sell,484,98.6,143.17
20240902,000543,sell,3982,8.24,98.49
20240902,603920,buy,954,18.99,54.34
20240902,603689,buy,105966,7.72,2454.74
20240902,002396,buy,79670,10.27,2454.74
20240902,002034,buy,62937,13.0,2454.73
20240902,002533,buy,8258,7.6,188.34
20240902,000880,buy,32502,5.96,581.22
20240902,002595,buy,30508,26.82,2454.73
20240902,301371,buy,40357,20.28,2454.74
20240902,301050,buy,26437,30.95,2454.68
20240902,301207,buy,47949,17.06,2454.7
20240902,002020,sell,8346,10.85,271.72
20240902,000001,buy,87103,9.39,2454.75
20240902,000915,buy,34660,23.61,2454.69
20240902,000563,buy,5039,2.6,39.33
20240902,601298,sell,3969,8.69,103.49
20240902,600522,buy,8048,12.23,295.25
20240902,002981,buy,41972,19.49,2454.7
20240902,600710,sell,7504,7.81,175.83
20240902,600219,buy,253937,3.22,2454.75
20240902,600874,buy,15263,4.84,221.75
20240902,300976,buy,24732,33.08,2454.68
20240902,002753,buy,147838,5.53,2454.75
20240902,603093,buy,88072,9.29,2454.73
20240902,600741,sell,1501,14.22,64.03
20240902,688120,buy,762,85.68,195.87
20240902,002179,sell,348,35.77,37.35
20240902,603259,buy,1310,36.24,142.43
20240902,002158,buy,50653,16.15,2454.75
20240902,300841,buy,16352,50.04,2454.62
20240902,601890,buy,104377,6.59,2062.74
20241008,301004,sell,13290,78.41,3126.27
20241008,002543,sell,99724,10.64,3183.97
20241008,601298,sell,94141,8.56,2417.3
20241008,600757,sell,99837,9.1,2724.65
20241008,603299,sell,86880,11.4,2970.11
20241008,002818,sell,86178,11.62,3004.78
20241008,601601,sell,28267,39.59,3357.6
20241008,000429,sell,75073,10.72,2413.58
20241008,002533,sell,107630,9.98,3222.23
20241008,600483,sell,84170,10.3,2600.42
20241008,000543,sell,99252,8.08,2406.35
20241008,688208,sell,54611,23.82,3902.2
20241008,002273,sell,49073,20.11,2960.13
20241008,603067,sell,103602,9.22,2867.18
20241008,600522,sell,66912,15.94,3199.61
20241008,002020,sell,75400,13.14,2973.06
20241008,000563,sell,314533,3.85,3637.33
20241008,605507,sell,65245,14.78,2893.39
20241008,000902,sell,69966,13.42,2816.74
20241008,601117,sell,130368,8.35,3266.7
20241008,600528,sell,121692,8.5,3104.53
20241008,600967,sell,125440,8.27,3112.07
20241008,002179,sell,22875,45.96,3153.72
20241008,603920,sell,43099,27.18,3514.67
20241008,600710,sell,104762,9.16,2877.99
20241008,000719,sell,81372,12.22,2983.46
20241008,600551,sell,109704,8.8,2896.56
20241008,002304,sell,11190,91.93,3086.07
20241008,688120,sell,9549,130.02,3724.8
20241008,600941,sell,8299,105.54,2627.66
20241008,002429,sell,183999,5.54,3057.66
20241008,600862,sell,44760,23.34,3133.85
20241008,603339,sell,88480,11.3,2998.82
20241008,601326,sell,249541,3.67,2747.0
20241008,601089,sell,56704,16.98,2888.93
20241008,600874,sell,168963,5.97,3026.55
20241008,002478,sell,186304,5.42,3028.24
20241008,600741,sell,57549,17.61,3039.94
20241008,000880,sell,137271,7.98,3284.68
20241008,600020,sell,219983,4.16,2748.06
20241008,300360,sell,61876,17.37,3223.87
20241008,603328,sell,106374,9.95,3174.9
20241008,002061,sell,252700,4.03,3054.16
20241008,600938,sell,30434,29.28,2673.01
20241008,600469,sell,151453,6.84,3106.09
20241008,300230,sell,252503,4.66,3532.45
20241008,603183,sell,254592,3.92,2994.34
20241008,000404,sell,138534,6.94,2885.13
20241008,601619,sell,299414,3.28,2943.98
20241008,603040,sell,43570,22.83,2984.51
20241008,000700,sell,152463,6.78,3100.51
20241008,002083,sell,194807,5.3,3098.06
20241008,600784,sell,173429,5.93,3087.74
20241008,600888,sell,128397,7.78,2995.31
20241008,600971,sell,96194,9.98,2879.59
20241008,601900,sell,72658,14.71,3206.5
20241008,600566,sell,31755,30.4,2895.92
20241008,603897,sell,51636,20.76,3216.15
20241008,601177,sell,116448,8.56,2990.97
20241008,600829,sell,156154,6.56,3073.11
20241008,300349,sell,76494,14.47,3319.86
20241008,000651,sell,22340,47.1,3156.46
20241008,601065,sell,101245,9.74,2957.52
20241008,002060,sell,269193,3.82,3088.96
20241008,300770,sell,27840,41.16,3437.65
20241008,600664,sell,262260,3.99,3139.25
20241008,603987,sell,135536,7.56,3072.41
20241008,603689,sell,105966,8.69,2761.58
20241008,002034,sell,62937,15.56,2938.07
20241008,002595,sell,30508,31.87,2916.53
20241008,301371,sell,40357,28.27,3423.26
20241008,301050,sell,26437,49.22,3903.52
20241008,301207,sell,47949,22.12,3182.28
20241008,000915,sell,34660,32.89,3419.55
20241008,002981,sell,41972,23.25,2927.81
20241008,600219,sell,253937,3.86,2940.37
20241008,300976,sell,24732,46.91,3480.39
20241008,002753,sell,147838,6.64,2944.83
20241008,002158,sell,50653,20.84,3166.61
20241008,601890,sell,104377,8.2,2568.41
20241008,000521,sell,4212,10.64,134.5
20241008,600390,buy,142309,7.29,3111.2
20241008,601336,sell,4598,48.47,668.57
20241008,300099,buy,160832,6.45,3111.21
20241008,601688,buy,55346,18.74,3111.21
20241008,002423,buy,80317,12.91,3111.2
20241008,002555,sell,7380,17.37,384.68
20241008,600563,buy,9650,107.46,3110.95
20241008,688318,buy,7712,134.47,3110.99
20241008,300277,buy,90239,11.49,3111.21
20241008,300006,buy,242874,4.27,3111.22
20241008,603093,sell,16290,14.45,706.06
20241008,001236,buy,71090,14.59,3111.19
20241008,600030,buy,35611,29.12,3111.2
20241008,300516,buy,36053,28.76,3111.16
20241008,688036,buy,9266,111.91,3110.94
20241008,300767,buy,77916,13.31,3111.19
20241008,000623,buy,56491,18.36,3111.2
20241008,603444,buy,4223,245.52,3110.53
20241008,002591,buy,194938,5.32,3111.21
20241008,002659,buy,197162,5.26,3111.22
20241008,002946,buy,85793,12.09,3111.2
20241008,688819,buy,27019,38.38,3111.13
20241008,002159,buy,4085,16.02,196.28
20241008,600439,buy,365166,2.84,3111.21
20241008,300002,buy,70424,14.73,3111.2
20241008,603259,sell,3827,55.31,635.05
20241008,002303,buy,315797,3.28,3111.21
20241008,300063,buy,153868,6.74,3111.21
20241008,002558,sell,9856,12.61,372.84
20241008,300709,buy,22570,45.95,3111.12
20241008,300590,buy,59151,17.53,3111.21
20241008,600151,buy,141870,7.31,3111.21
20241008,600211,sell,1004,41.65,125.44
20241008,601319,sell,5624,7.85,132.43
20241008,605117,buy,20048,51.73,3111.16
20241008,300622,buy,60732,17.08,3111.21
20241008,300662,buy,39431,26.3,3111.17
20241008,002625,buy,38044,27.26,3111.17
20241008,300155,buy,171416,6.05,3111.2
20241008,603529,buy,30166,34.38,3111.13
20241008,300663,buy,50003,20.74,3111.19
20241008,300130,buy,38898,26.66,3111.15
20241008,300059,buy,42911,24.17,3111.21
20241008,002722,buy,61303,16.92,3111.21
20241008,603871,buy,64808,16.0,3111.19
20241008,600662,buy,199910,5.19,3111.2
20241008,002396,sell,3476,13.61,141.94
20241008,600420,buy,75361,13.76,3111.19
20241008,000913,buy,56670,18.3,3111.18
20241008,600698,buy,201765,5.14,3111.22
20241008,000712,buy,64334,16.12,3111.19
20241008,300861,buy,58427,17.75,3111.18
20241008,300016,buy,153194,6.77,3111.2
20241008,300609,buy,28381,36.54,3111.13
20241008,600854,sell,5525,4.9,81.23
20241008,300583,buy,49353,21.01,3111.19
20241008,300595,buy,43535,23.82,3111.16
20241008,300896,buy,3800,272.88,3110.78
20241008,600015,buy,4525,7.28,98.88
20241008,300441,sell,18151,8.51,463.52
20241008,003002,buy,59022,17.57,3111.2
20241008,000619,buy,199821,5.19,3111.21
20241008,603866,buy,155840,6.65,3111.2
20241008,600000,buy,101764,10.19,3111.22
20241008,600130,buy,228430,4.54,3111.22
20241008,000678,buy,175774,5.9,3111.2
20241008,300106,buy,103707,10.0,3111.21
20241008,300566,buy,50848,20.4,3111.21
20241008,300180,buy,133815,7.75,3111.2
20241008,600061,buy,117470,8.83,3111.21
20241008,300972,buy,21333,48.61,3111.21
20241008,002285,buy,367756,2.82,3111.22
20241008,301165,buy,41314,25.1,3111.17
20241008,300193,sell,11090,9.9,329.42
20241008,603106,buy,111537,9.3,3111.21
20241008,300231,buy,74889,13.85,3111.21
20241008,002861,buy,71493,14.51,3111.18
20241008,002495,buy,531049,1.95,3111.21
20241008,600598,buy,4430,14.3,190.11
20241008,300623,buy,34467,30.09,3111.17
20241008,300545,sell,2961,33.27,295.56
20241008,002987,sell,14114,9.04,382.75
20241008,300380,buy,26231,39.53,3111.12
20241008,601881,buy,62727,16.53,3111.2
20241008,300841,sell,2659,75.74,604.18
20241008,002850,buy,10255,101.12,3111.11
20241008,000001,sell,448,11.97,16.08
20241008,600016,buy,17273,3.82,197.95
20241008,301383,buy,25943,39.97,3111.12
20241008,301219,buy,17035,60.88,3111.16
20241008,301128,buy,33299,31.14,3111.16
20241008,300228,buy,132246,7.84,3111.21
20241008,002821,buy,11475,90.37,3111.13
20241008,600825,buy,200105,5.18,3111.21
20241008,600352,buy,102736,10.09,3111.2
20241008,300863,buy,35692,29.06,3111.18
20241008,300892,buy,28842,35.96,3111.14
20241008,688606,buy,15111,68.63,3111.15
20241008,300443,buy,34598,22.66,2351.98
20241101,601319,sell,132129,6.95,2754.01
20241101,600211,sell,24903,35.39,2643.96
20241101,600016,sell,271485,3.51,2855.08
20241101,300441,sell,121834,8.63,3153.08
20241101,002555,sell,59688,14.43,2583.16
20241101,002987,sell,114727,8.32,2861.92
20241101,002396,sell,76194,12.68,2899.21
20241101,000001,sell,86655,10.85,2821.37
20241101,603093,sell,71782,11.99,2582.72
20241101,300841,sell,13693,56.97,2340.28
20241101,601688,sell,55346,17.25,2864.53
20241101,002423,sell,80317,19.12,4606.1
20241101,688318,sell,7712,104.05,2407.24
20241101,300006,sell,242874,3.94,2870.77
20241101,001236,sell,71090,11.24,2397.32
20241101,300516,sell,36053,25.82,2793.03
20241101,688036,sell,9266,87.63,2435.86
20241101,300767,sell,77916,10.13,2367.87
20241101,000623,sell,56491,16.44,2786.37
20241101,603444,sell,4223,186.04,2356.97
20241101,002591,sell,194938,5.04,2947.46
20241101,002659,sell,197162,4.68,2768.15
20241101,600439,sell,365166,5.1,5587.04
20241101,300063,sell,153868,9.38,4329.85
20241101,300709,sell,22570,41.55,2813.37
20241101,300590,sell,59151,13.03,2312.67
20241101,600151,sell,141870,7.63,3247.4
20241101,605117,sell,20048,43.58,2621.29
20241101,300622,sell,60732,14.85,2704.75
20241101,300662,sell,39431,20.19,2388.68
20241101,002625,sell,38044,39.55,4513.92
20241101,300155,sell,171416,4.76,2447.82
20241101,300663,sell,50003,21.06,3159.19
20241101,300059,sell,42911,22.82,2937.52
20241101,002722,sell,61303,14.14,2599.93
20241101,603871,sell,64808,13.86,2694.35
20241101,600662,sell,199910,4.95,2967.43
20241101,600420,sell,75361,11.71,2646.93
20241101,000913,sell,56670,15.12,2570.29
20241101,000712,sell,64334,12.56,2424.11
20241101,300016,sell,153194,7.11,3266.3
20241101,300609,sell,28381,29.81,2538.11
20241101,300595,sell,43535,17.81,2326.38
20241101,300896,sell,3800,203.67,2321.86
20241101,003002,sell,59022,20.05,3549.62
20241101,000619,sell,199821,5.33,3195.14
20241101,603866,sell,155840,5.84,2732.01
20241101,600000,sell,101764,9.65,2945.29
20241101,600130,sell,228430,5.74,3933.56
20241101,000678,sell,175774,5.8,3058.47
20241101,300106,sell,103707,9.47,2946.32
20241101,300566,sell,50848,16.73,2551.44
20241101,600061,sell,117470,7.69,2709.32
20241101,300972,sell,21333,69.23,4430.64
20241101,002285,sell,367756,2.8,3089.15
20241101,301165,sell,41314,25.13,3114.91
20241101,603106,sell,111537,12.1,4048.24
20241101,300231,sell,74889,11.11,2496.87
20241101,002861,sell,71493,11.42,2448.45
20241101,002495,sell,531049,2.14,3412.81
20241101,300623,sell,34467,39.39,4073.12
20241101,300380,sell,26231,37.26,2931.91
20241101,301383,sell,25943,32.03,2492.6
20241101,301219,sell,17035,50.51,2581.18
20241101,301128,sell,33299,27.28,2724.78
20241101,300228,sell,132246,6.68,2649.57
20241101,002821,sell,11475,80.16,2759.41
20241101,600825,sell,200105,6.33,3799.27
20241101,300863,sell,35692,19.86,2127.0
20241101,300892,sell,28842,35.97,3112.0
20241101,688606,sell,15111,68.63,3111.08
20241101,300443,sell,34598,24.45,2537.39
20241101,600598,sell,3917,14.26,167.55
20241101,300708,buy,126537,7.73,2933.51
20241101,600015,buy,3697,6.69,74.25
20241101,600208,buy,339527,2.88,2933.51
20241101,601336,buy,171,45.34,23.26
20241101,300545,buy,1006,30.39,91.72
20241101,002558,sell,204,11.92,7.29
20241101,300724,buy,14079,69.45,2933.48
20241101,002303,buy,21539,2.9,187.31
20241101,002159,buy,1336,14.8,59.3
20241101,000612,buy,130973,7.47,2933.51
20241101,603833,buy,14910,65.58,2933.41
20241101,301004,buy,12373,79.02,2933.32
20241101,002255,buy,180799,5.41,2933.5
20241101,300360,buy,63032,15.51,2933.51
20241101,000404,buy,138185,7.08,2933.51
20241101,300099,buy,11389,5.68,193.99
20241101,002545,buy,148171,6.6,2933.51
20241101,002850,sell,196,97.22,57.16
20241101,002249,buy,179563,5.45,2933.51
20241101,300384,buy,62228,15.71,2933.51
20241101,300130,buy,2034,23.89,145.77
20241101,300453,buy,131285,7.45,2933.51
20241101,002818,buy,82507,11.85,2933.51
20241101,603558,buy,103384,9.46,2933.49
20241101,600455,buy,43908,22.27,2933.49
20241101,603920,buy,36270,26.96,2933.49
20241101,002273,buy,44510,21.97,2933.48
20241101,688550,buy,32512,30.08,2933.44
20241101,600854,buy,7561,4.46,101.19
20241101,000423,buy,17829,54.84,2933.4
20241101,603036,buy,67078,14.58,2933.51
20241101,603801,buy,72084,13.57,2933.51
20241101,603969,buy,177163,5.52,2933.52
20241101,300002,buy,10017,12.16,365.3
20241101,000617,buy,124054,7.88,2933.51
20241101,601318,buy,18212,53.69,2933.42
20241101,601619,buy,311003,3.14,2933.51
20241101,600698,sell,28081,5.63,474.29
20241101,000968,buy,152236,6.42,2933.51
20241101,002083,buy,199436,4.9,2933.51
20241101,603328,buy,108328,9.03,2933.49
20241101,002517,buy,74120,13.19,2933.51
20241101,600390,sell,9048,7.34,199.18
20241101,603040,buy,45238,21.62,2933.51
20241101,002946,sell,5421,12.17,197.86
20241101,000544,buy,115869,8.44,2933.5
20241101,688819,buy,7664,28.19,648.22
20241101,002984,buy,37749,25.9,2933.46
20241101,603193,buy,41964,23.3,2933.49
20241101,605305,buy,32616,29.98,2933.47
20241101,300230,buy,234535,4.17,2933.51
20241101,000893,buy,51492,18.99,2933.5
20241101,002895,buy,50643,19.31,2933.49
20241101,300277,sell,7135,11.77,251.86
20241101,300583,sell,9160,24.33,668.56
20241101,600352,sell,2003,9.71,58.33
20241101,600030,buy,332,27.2,27.1
20241101,600835,buy,58691,16.66,2933.49
20241101,603929,buy,38148,25.63,2933.47
20241101,000858,buy,7079,138.12,2933.33
20241101,688603,buy,20480,47.75,2933.46
20241101,300558,buy,21485,45.51,2933.48
20241101,300861,buy,284,16.66,14.19
20241101,688332,buy,21538,45.4,2933.52
20241101,600731,buy,158853,6.16,2933.52
20241101,603259,buy,1157,49.12,170.49
20241101,002543,buy,109451,8.93,2933.5
20241101,002106,buy,93260,10.49,2933.51
20241101,000997,buy,54647,17.89,2933.48
20241101,603166,buy,165965,5.89,2933.5
20241101,300880,buy,48830,20.03,2933.46
20241101,300193,buy,7860,8.68,204.77
20241101,601881,buy,6712,14.08,283.55
20241101,000521,buy,22468,8.16,549.7
20241101,603529,sell,315,32.76,30.96
20241101,300259,buy,294778,3.32,2933.51
20241101,300304,buy,128109,7.63,2933.52
20241101,603299,buy,91321,10.71,2933.52
20241101,603809,buy,106988,9.14,2933.51
20241101,605507,buy,74444,13.14,2933.52
20241101,300303,buy,141305,6.92,2933.52
20241101,000807,buy,67917,14.4,2933.49
20241101,000680,buy,102484,9.54,2933.49
20241101,605098,buy,30424,32.14,2933.43
20241101,300160,buy,175640,5.57,2933.5
20241101,601997,buy,171911,5.69,2933.51
20241101,300109,buy,80318,12.17,2933.5
20241101,688019,buy,8605,113.63,2933.44
20241101,000715,buy,195509,5.0,2933.51
20241101,300865,buy,34430,28.4,2933.44
20241101,300180,sell,10037,7.9,237.88
20241101,000333,buy,14277,68.49,2933.44
20241101,600660,buy,18314,53.39,2933.5
20241101,603699,buy,45468,21.51,2933.47
20241101,002595,buy,31604,30.94,2933.51
20241101,000700,buy,153571,6.37,2933.51
20241101,600563,sell,1550,120.72,561.37
20241101,603816,buy,31126,31.41,2933.43
20241101,603183,buy,206396,3.69,2285.79
20241202,600598,sell,68580,13.76,2830.42
20241202,300193,sell,112601,9.74,3288.65
20241202,000521,sell,119901,8.23,2961.04
20241202,688819,sell,34683,28.35,2949.88
20241202,300002,sell,80441,12.28,2964.63
20241202,603529,sell,29851,35.13,3146.04
20241202,601881,sell,69439,15.41,3210.17
20241202,600352,sell,100733,9.8,2962.45
20241202,301004,sell,12373,68.4,2538.84
20241202,000404,sell,138185,7.04,2917.62
20241202,002249,sell,179563,5.46,2938.63
20241202,002818,sell,82507,12.33,3051.47
20241202,603558,sell,103384,9.45,2930.64
20241202,600455,sell,43908,23.95,3154.79
20241202,002273,sell,44510,21.06,2812.35
20241202,000423,sell,17829,53.89,2882.41
20241202,000617,sell,124054,7.4,2755.17
20241202,601318,sell,18212,51.64,2821.62
20241202,002083,sell,199436,5.0,2991.6
20241202,603328,sell,108328,9.19,2987.7
20241202,603040,sell,45238,22.38,3037.9
20241202,000544,sell,115869,8.73,3034.54
20241202,002984,sell,37749,24.7,2797.22
20241202,603193,sell,41964,22.18,2792.28
20241202,605305,sell,32616,28.54,2792.51
20241202,000893,sell,51492,21.24,3281.07
20241202,002895,sell,50643,20.64,3135.42
20241202,603929,sell,38148,25.08,2870.45
20241202,600731,sell,158853,6.1,2905.71
20241202,300880,sell,48830,23.46,3437.32
20241202,603299,sell,91321,10.64,2915.2
20241202,300303,sell,141305,6.65,2818.8
20241202,000807,sell,67917,13.41,2732.9
20241202,605098,sell,30424,34.11,3113.27
20241202,688019,sell,8605,119.08,3074.12
20241202,000715,sell,195509,5.24,3071.51
20241202,300865,sell,34430,29.53,3050.15
20241202,000333,sell,14277,66.43,2845.34
20241202,600660,sell,18314,53.11,2918.05
20241202,603699,sell,45468,22.48,3065.98
20241202,002595,sell,31604,29.74,2819.25
20241202,000700,sell,153571,7.13,3285.39
20241202,603816,sell,31126,27.38,2556.46
20241202,603183,sell,206396,4.2,2600.01
20241202,600015,buy,2642,6.96,55.14
20241202,603859,buy,34286,30.17,3103.5
20241202,603955,buy,42774,24.19,3103.52
20241202,002255,sell,7887,5.98,141.56
20241202,600208,sell,12148,3.16,115.16
20241202,300724,buy,988,68.66,203.51
20241202,688208,buy,42804,24.17,3103.49
20241202,300277,sell,2308,12.8,88.66
20241202,002315,buy,35184,29.4,3103.48
20241202,300099,sell,19231,6.76,390.12
20241202,601336,buy,775,46.3,107.65
20241202,603833,sell,88,69.8,18.43
20241202,002543,sell,7795,10.18,237.98
20241202,002303,sell,58078,3.7,645.45
20241202,300109,sell,10205,14.76,451.73
20241202,002558,sell,3206,13.12,126.21
20241202,003010,buy,87185,11.87,3103.55
20241202,002545,sell,15722,7.81,368.4
20241202,002850,buy,104,101.78,31.76
20241202,603023,buy,355504,2.91,3103.55
20241202,300545,sell,2189,34.5,226.57
20241202,600563,sell,178,130.6,69.74
20241202,002651,buy,143042,7.23,3103.54
20241202,603920,sell,3975,32.03,382.0
20241202,000997,sell,5921,21.23,377.13
20241202,002351,buy,63807,16.21,3103.5
20241202,688550,buy,198,31.63,18.79
20241202,000680,sell,1966,10.29,60.7
20241202,000415,buy,244566,4.23,3103.54
20241202,300130,buy,445,25.0,33.38
20241202,600439,buy,252938,4.09,3103.55
20241202,300230,sell,24272,4.92,358.26
20241202,600814,buy,143298,7.22,3103.54
20241202,603801,buy,3862,13.62,157.82
20241202,300708,buy,2274,8.03,54.79
20241202,300453,sell,1912,8.0,45.87
20241202,000661,buy,9719,106.44,3103.51
20241202,002517,buy,2789,13.45,112.55
20241202,002801,buy,42299,24.46,3103.54
20241202,600835,sell,3894,18.88,220.55
20241202,300861,sell,2814,18.51,156.24
20241202,002296,buy,99234,10.42,3103.53
20241202,605196,buy,83765,12.35,3103.52
20241202,300896,buy,4939,209.43,3103.19
20241202,601619,buy,11151,3.21,107.43
20241202,605319,buy,67463,15.33,3103.51
20241202,603036,sell,3450,16.26,168.28
20241202,002344,buy,209140,4.95,3103.54
20241202,000858,buy,437,137.64,180.44
20241202,301110,buy,28953,35.73,3103.48
20241202,300304,sell,18814,9.47,534.25
20241202,300558,sell,3260,56.77,555.17
20241202,001311,buy,63592,16.27,3103.55
20241202,688332,sell,8412,78.82,1989.03
20241202,000968,sell,2547,6.91,52.81
20241202,603214,buy,58871,17.57,3103.54
20241202,600390,buy,9471,7.25,205.94
20241202,002159,sell,3043,16.41,149.81
20241202,300679,buy,18860,54.85,3103.39
20241202,603969,sell,5427,6.02,98.08
20241202,600694,buy,64542,16.03,3103.55
20241202,300583,buy,2381,24.3,173.57
20241202,603161,buy,89178,11.6,3103.54
20241202,603338,buy,17674,58.53,3103.41
20241202,301371,buy,38482,26.88,3103.53
20241202,600854,sell,16558,5.11,253.61
20241202,603656,buy,53719,19.26,3103.53
20241202,300360,buy,1262,16.09,60.92
20241202,600480,buy,123428,8.38,3103.55
20241202,603809,buy,1335,9.55,38.25
20241202,002946,sell,187,12.9,7.24
20241202,300590,buy,71521,14.46,3103.52
20241202,002484,buy,58531,17.67,3103.5
20241202,600030,sell,1953,30.44,178.33
20241202,688787,buy,12146,85.17,3103.4
20241202,002467,buy,138573,7.47,3103.55
20241202,605507,sell,4809,14.86,214.33
20241202,603173,buy,41995,24.63,3103.52
20241202,000612,buy,26578,6.57,523.55
20241202,601997,buy,8155,5.75,140.56
20241202,300259,sell,20906,3.78,236.91
20241202,300384,sell,1436,17.02,73.31
20241202,002106,sell,382,11.14,12.76
20241202,600729,buy,37033,27.93,3103.55
20241202,688800,buy,33392,30.98,3103.48
20241202,300180,buy,8513,7.82,199.71
20241202,688138,buy,40862,25.32,3103.53
20241202,002912,buy,35198,29.39,3103.49
20241202,301589,buy,5872,176.17,3103.47
20241202,002035,buy,133977,7.72,3103.54
20241202,300160,buy,95,5.89,1.68
20241202,600467,buy,392024,2.64,3103.55
20241202,300660,buy,36399,28.42,3103.53
20241202,300628,buy,29316,35.29,3103.49
20241202,688603,sell,2681,58.12,467.5
20241202,600415,buy,74364,13.91,3103.53
20241202,603259,buy,1125,49.19,166.0
20241202,603166,sell,16493,6.92,342.45
20241202,600698,buy,21507,5.3,341.96
20241202,600227,buy,343507,2.58,2658.74
20250102,603259,sell,21032,50.95,3214.94
20250102,600854,sell,202630,4.47,2717.85
20250102,300545,sell,29986,29.64,2666.23
20250102,600390,sell,142732,6.18,2646.13
20250102,300099,sell,152990,5.53,2536.1
20250102,300277,sell,80796,10.79,2614.8
20250102,600030,sell,33990,26.93,2746.16
20250102,002303,sell,279258,3.36,2817.08
20250102,300130,sell,41377,20.66,2563.93
20250102,600698,sell,195191,4.85,2840.03
20250102,300861,sell,55897,13.39,2245.56
20250102,300583,sell,42574,20.47,2614.96
20250102,300180,sell,132291,6.17,2448.71
20250102,002850,sell,10163,90.64,2763.44
20250102,300724,sell,15067,60.26,2723.94
20250102,000612,sell,157551,6.15,2909.0
20250102,300384,sell,60792,17.15,3127.0
20250102,300453,sell,129373,6.9,2678.01
20250102,603801,sell,75946,11.87,2704.34
20250102,300230,sell,210263,4.3,2710.94
20250102,000858,sell,7516,127.92,2884.28
20250102,000997,sell,48726,18.85,2755.01
20250102,300259,sell,273872,3.3,2707.29
20250102,300304,sell,109295,7.56,2479.61
20250102,300160,sell,175735,5.13,2705.39
20250102,601997,sell,180066,5.55,2995.46
20250102,688208,sell,42804,24.61,3160.1
20250102,603023,sell,355504,2.71,2890.25
20250102,000661,sell,9719,94.71,2761.42
20250102,002296,sell,99234,9.3,2767.46
20250102,605196,sell,83765,11.73,2948.22
20250102,300896,sell,4939,170.22,2522.14
20250102,605319,sell,67463,14.56,2947.7
20250102,002344,sell,209140,4.73,2966.71
20250102,001311,sell,63592,14.32,2732.53
20250102,603214,sell,58871,22.74,4015.84
20250102,603161,sell,89178,10.14,2712.63
20250102,301371,sell,38482,26.75,3088.62
20250102,300590,sell,71521,14.16,3038.74
20250102,688787,sell,12146,95.98,3497.46
20250102,002467,sell,138573,5.45,2265.43
20250102,600729,sell,37033,28.92,3213.07
20250102,688800,sell,33392,40.23,4029.93
20250102,688138,sell,40862,21.37,2620.08
20250102,002912,sell,35198,23.98,2531.93
20250102,301589,sell,5872,164.37,2895.59
20250102,002035,sell,133977,6.88,2767.1
20250102,300660,sell,36399,28.04,3061.76
20250102,300628,sell,29316,34.43,3028.38
20250102,600415,sell,74364,13.08,2917.23
20250102,603955,buy,9276,18.76,522.14
20250102,002651,sell,1376,6.89,28.46
20250102,603682,buy,130455,7.49,2929.91
20250102,600694,sell,14176,19.39,824.65
20250102,002273,buy,45855,21.3,2929.89
20250102,601229,buy,114463,8.53,2929.91
20250102,603859,sell,716,29.09,62.49
20250102,600548,buy,73919,13.21,2929.89
20250102,000429,buy,74037,13.19,2929.9
20250102,003010,sell,18634,14.25,796.44
20250102,002255,buy,6679,5.44,108.96
20250102,300109,sell,3790,14.73,167.43
20250102,002545,buy,14248,6.66,284.57
20250102,002818,buy,72893,13.4,2929.9
20250102,600015,sell,14115,7.26,307.26
20250102,600439,buy,38596,3.35,387.89
20250102,601121,buy,142480,6.85,2929.9
20250102,603969,sell,29465,6.86,606.8
20250102,603338,sell,1909,61.95,354.8
20250102,601211,buy,56165,17.39,2929.88
20250102,600163,buy,170890,5.72,2929.92
20250102,002351,sell,1148,15.59,53.68
20250102,000423,buy,17020,57.38,2929.77
20250102,603036,sell,2351,15.94,112.41
20250102,600642,buy,111081,8.79,2929.9
20250102,600826,buy,120107,8.13,2929.9
20250102,600033,buy,260922,3.74,2929.92
20250102,002138,buy,33640,29.03,2929.84
20250102,601619,sell,6723,3.1,62.45
20250102,002895,buy,45886,21.28,2929.92
20250102,600352,buy,103989,9.39,2929.91
20250102,000415,buy,26722,3.6,288.6
20250102,603656,sell,3627,19.5,212.15
20250102,688332,sell,2098,88.56,557.41
20250102,002993,buy,25773,37.89,2929.91
20250102,002558,buy,3720,11.83,132.02
20250102,000893,buy,50238,19.44,2929.88
20250102,300607,buy,33219,29.4,2929.92
20250102,000404,buy,139719,6.99,2929.91
20250102,300558,buy,265,52.82,41.99
20250102,600835,buy,3309,16.81,166.85
20250102,300708,sell,18571,8.86,493.57
20250102,603236,buy,14375,67.94,2929.77
20250102,600814,sell,28254,8.49,719.57
20250102,002543,sell,4944,10.1,149.78
20250102,603166,sell,9748,6.99,204.41
20250102,002835,buy,53355,18.3,2929.9
20250102,301110,sell,7671,45.89,1056.12
20250102,002484,sell,2933,17.57,154.57
20250102,600563,buy,585,114.8,201.47
20250102,600598,buy,73830,13.23,2929.91
20250102,601098,buy,70063,13.94,2929.88
20250102,002106,buy,268,10.49,8.43
20250102,603117,buy,160896,6.07,2929.92
20250102,000063,buy,26254,37.2,2929.83
20250102,600603,buy,103897,9.4,2929.9
20250102,688550,buy,556,29.36,48.97
20250102,000680,buy,2696,9.46,76.53
20250102,603809,buy,2117,8.84,56.16
20250102,000968,buy,1423,6.46,27.59
20250102,688181,buy,30925,31.58,2929.83
20250102,601336,sell,843,45.43,114.88
20250102,002517,sell,2430,13.11,95.59
20250102,600227,buy,66845,2.38,477.27
20250102,603759,buy,114360,8.54,2929.9
20250102,002801,sell,290,23.25,20.23
20250102,002611,buy,101547,9.62,2929.92
20250102,600208,buy,5945,2.93,52.26
20250102,600862,buy,41635,23.46,2929.89
20250102,600377,buy,66787,14.62,2929.9
20250102,688603,buy,84,54.61,13.76
20250102,002249,buy,185841,5.26,2929.91
20250102,603833,buy,325,64.47,62.86
20250102,605507,buy,2421,13.55,98.44
20250102,603920,buy,1982,28.49,169.42
20250102,603173,buy,1364,22.52,92.17
20250102,603038,buy,60021,16.27,2929.9
20250102,002353,buy,27884,35.02,2929.87
20250102,002093,buy,130273,7.5,2929.9
20250102,603337,buy,33915,28.8,2929.84
20250102,002315,sell,3453,30.78,318.85
20250102,601169,buy,170245,5.74,2929.91
20250102,300622,buy,35810,27.27,2929.87
20250102,301326,buy,13054,74.81,2929.71
20250102,002412,buy,165813,5.89,2929.92
20250102,600380,buy,90333,10.81,2929.89
20250102,600480,sell,83,7.92,1.97
20250102,600467,buy,23545,2.35,166.0
20250102,300121,buy,84762,11.52,2929.9
20250102,601113,buy,250420,3.9,2929.91
20250102,603803,buy,103567,9.43,2929.91
20250102,002159,buy,308,15.42,14.24
20250102,300360,sell,886,15.4,40.94
20250102,600618,buy,100595,9.71,2929.9
20250102,300547,buy,34612,28.22,2929.88
20250102,603583,buy,40525,24.1,2929.88
20250102,002416,buy,62338,15.67,2929.89
20250102,300679,sell,1105,55.01,182.35
20250102,600252,buy,266680,2.42,1936.1
20250102,002946,sell,12185,14.36,525.02
20250205,002159,sell,63350,13.83,2628.87
20250205,002558,sell,82556,13.25,3281.79
20250205,600563,sell,8507,112.64,2874.68
20250205,002946,sell,68000,13.39,2731.95
20250205,603833,sell,15147,60.07,2729.72
20250205,688550,sell,33266,31.11,3104.97
20250205,603036,sell,61277,15.98,2937.08
20250205,603969,sell,142271,6.29,2685.06
20250205,000968,sell,151112,6.17,2798.99
20250205,002517,sell,74479,15.09,3372.0
20250205,600835,sell,58106,17.58,3065.12
20250205,688603,sell,17883,50.05,2685.18
20250205,002106,sell,93146,10.66,2979.72
20250205,603166,sell,139724,9.01,3776.44
20250205,603809,sell,110440,12.01,3980.45
20250205,000680,sell,103214,9.64,2985.03
20250205,002351,sell,62659,16.04,3015.07
20250205,000415,sell,271288,3.42,2783.41
20250205,600439,sell,291534,3.26,2851.2
20250205,600814,sell,115044,6.9,2380.36
20250205,301110,sell,21282,41.88,2673.93
20250205,603656,sell,50092,19.69,2958.43
20250205,603173,sell,43359,22.13,2878.63
20250205,600467,sell,415569,2.16,2694.03
20250205,600227,sell,410352,2.25,2769.88
20250205,603682,sell,130455,4.82,1886.82
20250205,002273,sell,45855,21.7,2985.5
20250205,002818,sell,72893,11.97,2617.25
20250205,601121,sell,142480,6.15,2628.42
20250205,601211,sell,56165,17.4,2931.53
20250205,600163,sell,170890,5.34,2737.96
20250205,600642,sell,111081,8.13,2708.18
20250205,002138,sell,33640,29.03,2929.84
20250205,002895,sell,45886,19.58,2695.03
20250205,600352,sell,103989,9.18,2864.27
20250205,000893,sell,50238,20.14,3035.38
20250205,000404,sell,139719,6.91,2897.76
20250205,600598,sell,73830,13.21,2925.79
20250205,603117,sell,160896,5.53,2669.26
20250205,600603,sell,103897,9.13,2845.74
20250205,603759,sell,114360,6.93,2377.54
20250205,600862,sell,41635,23.51,2936.08
20250205,002249,sell,185841,5.5,3067.92
20250205,603038,sell,60021,15.2,2736.12
20250205,002093,sell,130273,7.78,3042.14
20250205,603337,sell,33915,30.53,3106.67
20250205,601169,sell,170245,5.76,2940.14
20250205,300622,sell,35810,26.76,2875.34
20250205,301326,sell,13054,79.92,3129.83
20250205,002412,sell,165813,5.94,2954.79
20250205,600380,sell,90333,10.72,2905.9
20250205,300121,sell,84762,11.26,2862.77
20250205,601113,sell,250420,4.02,3020.07
20250205,603803,sell,103567,10.29,3197.11
20250205,002416,sell,62338,11.7,2187.99
20250205,600252,sell,266680,2.35,1880.09
20250205,002543,sell,4816,10.71,154.67
20250205,603955,buy,2318,18.09,125.83
20250205,603228,buy,32853,29.94,2951.24
20250205,600033,buy,6781,3.67,74.76
20250205,601229,sell,1181,8.68,30.77
20250205,605319,buy,54165,18.16,2951.22
20250205,600480,sell,23516,9.85,695.21
20250205,603859,sell,6858,36.83,757.72
20250205,002773,buy,51967,18.93,2951.23
20250205,600694,buy,3340,18.32,183.54
20250205,002651,buy,7939,6.58,156.61
20250205,600548,buy,9691,11.77,342.07
20250205,000913,buy,55471,17.73,2951.24
20250205,300109,buy,4711,13.85,195.73
20250205,600971,buy,121555,8.09,2951.26
20250205,603338,sell,848,65.95,167.78
20250205,601619,sell,6315,3.18,60.29
20250205,000429,buy,6922,12.15,252.33
20250205,002255,sell,17047,6.05,309.52
20250205,300580,buy,36561,26.91,2951.26
20250205,600015,buy,5317,7.03,112.16
20250205,300558,sell,1199,56.9,204.65
20250205,002484,sell,9304,21.25,593.15
20250205,002296,buy,94632,10.4,2951.25
20250205,605196,buy,82039,11.99,2951.25
20250205,002545,sell,1468,6.77,29.83
20250205,600854,buy,220997,4.45,2951.26
20250205,600007,buy,43769,22.48,2951.25
20250205,688208,buy,37936,25.93,2951.22
20250205,002993,sell,387,38.75,44.99
20250205,600901,buy,203611,4.83,2951.25
20250205,300708,sell,4938,9.34,138.4
20250205,000807,buy,61462,16.01,2951.25
20250205,600618,sell,10947,10.97,360.38
20250205,300969,buy,20030,49.11,2951.14
20250205,002315,sell,5129,36.98,569.03
20250205,001282,buy,52925,18.59,2951.22
20250205,002801,sell,5952,27.28,487.18
20250205,300607,sell,1474,30.99,137.04
20250205,001206,buy,52044,18.9,2951.25
20250205,605507,sell,189,13.69,7.76
20250205,000915,buy,38417,25.61,2951.26
20250205,002835,sell,1504,18.97,85.61
20250205,000063,sell,2684,41.74,336.08
20250205,605098,buy,28239,34.84,2951.2
20250205,601319,buy,145636,6.75,2951.24
20250205,300976,buy,19657,50.05,2951.21
20250205,603236,sell,2804,85.02,715.19
20250205,001338,buy,96338,10.21,2951.26
20250205,002353,sell,2011,38.02,229.4
20250205,600826,buy,5345,7.84,125.74
20250205,600938,buy,38187,25.76,2951.19
20250205,601336,buy,336,45.05,45.41
20250205,003010,buy,1524,14.04,64.18
20250205,300638,buy,32552,30.22,2951.23
20250205,002916,buy,10704,91.9,2951.09
20250205,605277,buy,61468,16.0,2951.26
20250205,300852,buy,30226,32.55,2951.17
20250205,603758,buy,94139,10.45,2951.26
20250205,688332,buy,121,88.23,32.03
20250205,000951,buy,57460,17.12,2951.26
20250205,600750,buy,45259,21.74,2951.25
20250205,600066,buy,39444,24.94,2951.25
20250205,000423,buy,593,55.85,99.36
20250205,688787,buy,7673,128.2,2950.98
20250205,002303,buy,307318,3.2,2951.26
20250205,300628,buy,25630,38.38,2951.21
20250205,300679,sell,1901,62.05,353.88
20250205,002611,sell,17045,11.64,595.31
20250205,603259,buy,18296,53.77,2951.15
20250205,603583,sell,4794,27.53,395.97
20250205,600873,buy,104246,9.44,2951.25
20250205,600012,buy,64666,15.21,2951.24
20250205,600208,buy,151,2.95,1.34
20250205,601298,buy,113227,8.69,2951.26
20250205,603915,buy,73338,13.41,2951.23
20250205,300660,buy,30703,32.04,2951.21
20250205,300547,buy,1324,27.37,108.73
20250205,301203,buy,32862,29.94,2951.22
20250205,601702,buy,51248,19.2,2951.23
20250205,601098,buy,6749,12.81,259.31
20250205,603920,sell,1116,29.67,99.32
20250205,300360,sell,592,15.66,27.81
20250205,603161,buy,90914,10.82,2951.23
20250205,688181,buy,2198,29.7,195.84
20250205,605166,buy,85732,11.47,2951.26
20250205,600377,buy,4494,13.8,186.07
20250205,300445,buy,58068,16.94,2951.26
20250205,600729,buy,36414,27.02,2951.23
20250205,605060,buy,54561,18.03,2951.22
20250205,603111,buy,152615,6.45,2951.25
20250205,603129,buy,5200,189.15,2950.77
20250205,002867,buy,86628,11.36,2951.24
20250205,688016,buy,9590,102.58,2951.18
20250205,300590,buy,68012,14.46,2951.26
20250205,603529,buy,25230,38.99,2951.23
20250205,688696,buy,8828,111.43,2951.08
20250205,001296,buy,56498,17.41,2951.23
20250205,688578,buy,14150,69.52,2951.22
20250205,301061,buy,17464,46.35,2428.36
20250303,600015,sell,139911,6.89,2891.51
20250303,603920,sell,33161,30.2,3004.39
20250303,300558,sell,17291,52.43,2719.68
20250303,688332,sell,11149,72.65,2429.84
20250303,605507,sell,71867,13.15,2834.88
20250303,603859,sell,26712,32.1,2572.49
20250303,603955,sell,54368,19.45,3172.73
20250303,002315,sell,26602,32.55,2598.06
20250303,002651,sell,149605,6.67,2991.44
20250303,300679,sell,15854,63.1,3001.2
20250303,603338,sell,14917,56.41,2524.37
20250303,002484,sell,46294,19.32,2682.52
20250303,000423,sell,17613,53.05,2802.99
20250303,600826,sell,125452,7.78,2929.44
20250303,002993,sell,25386,37.54,2859.01
20250303,300607,sell,31745,33.74,3213.23
20250303,002835,sell,51851,19.47,3029.28
20250303,601098,sell,76812,12.42,2862.82
20250303,688181,sell,33123,30.49,3029.76
20250303,002611,sell,84502,11.26,2853.65
20250303,600377,sell,71281,14.8,3164.27
20250303,002353,sell,25873,34.27,2660.17
20250303,600618,sell,89648,9.99,2687.55
20250303,002296,sell,94632,10.69,3034.85
20250303,605196,sell,82039,11.09,2730.46
20250303,600854,sell,220997,4.55,3015.98
20250303,300969,sell,20030,46.96,2822.09
20250303,001282,sell,52925,17.72,2812.72
20250303,601319,sell,145636,6.46,2823.12
20250303,300976,sell,19657,47.94,2827.33
20250303,001338,sell,96338,10.65,3078.11
20250303,600938,sell,38187,24.34,2788.56
20250303,605277,sell,61468,15.69,2892.82
20250303,603758,sell,94139,11.56,3264.74
20250303,000951,sell,57460,17.69,3048.97
20250303,600750,sell,45259,20.57,2793.01
20250303,688787,sell,7673,99.67,2294.34
20250303,002303,sell,307318,3.13,2881.2
20250303,300628,sell,25630,36.84,2832.59
20250303,600873,sell,104246,8.79,2749.68
20250303,601298,sell,113227,8.09,2749.08
20250303,603915,sell,73338,17.12,3767.53
20250303,300660,sell,30703,42.59,3922.55
20250303,301203,sell,32862,29.04,2863.17
20250303,603161,sell,90914,10.86,2962.0
20250303,605166,sell,85732,12.21,3139.37
20250303,300445,sell,58068,17.62,3068.62
20250303,600729,sell,36414,26.85,2933.62
20250303,605060,sell,54561,20.56,3365.0
20250303,603129,sell,5200,174.44,2721.22
20250303,002867,sell,86628,12.11,3146.05
20250303,688016,sell,9590,90.36,2599.55
20250303,300590,sell,68012,14.86,3032.74
20250303,603529,sell,25230,38.95,2948.37
20250303,001296,sell,56498,17.45,2957.89
20250303,688578,sell,14150,77.89,3306.37
20250303,600814,buy,124627,8.01,2995.02
20250303,603228,sell,1279,31.62,121.32
20250303,601619,buy,6483,3.16,61.52
20250303,002273,buy,41091,24.3,2995.01
20250303,605098,sell,1505,37.34,168.61
20250303,000915,buy,2926,24.15,211.97
20250303,600480,sell,10335,11.16,345.87
20250303,600033,buy,6148,3.65,67.24
20250303,002543,sell,2714,11.19,91.14
20250303,001206,sell,4224,20.88,264.55
20250303,300580,sell,5248,31.88,501.97
20250303,000807,sell,1322,16.6,65.84
20250303,000429,sell,9941,14.06,419.24
20250303,002249,buy,161080,6.2,2995.0
20250303,600208,sell,2899,3.02,26.26
20250303,688678,buy,62099,16.08,2995.0
20250303,605319,sell,9769,22.49,659.03
20250303,300852,sell,2120,35.52,225.92
20250303,002255,sell,5311,6.35,101.17
20250303,688080,buy,20133,49.59,2994.94
20250303,002801,sell,3758,30.91,348.48
20250303,601169,buy,175497,5.69,2995.01
20250303,300360,sell,1685,16.33,82.55
20250303,601229,sell,418,8.85,11.09
20250303,002034,buy,63460,15.73,2994.98
20250303,601702,buy,680,19.23,39.22
20250303,600642,buy,118015,8.46,2995.01
20250303,300652,buy,31949,31.25,2994.98
20250303,601336,sell,29,45.78,3.98
20250303,002916,buy,174,91.77,47.9
20250303,300109,sell,8661,16.01,415.89
20250303,002558,buy,66524,15.01,2994.98
20250303,300258,buy,81577,12.24,2994.99
20250303,603259,sell,1160,58.26,202.75
20250303,600694,sell,1088,18.97,61.93
20250303,301379,buy,56733,17.6,2994.97
20250303,000612,buy,144261,6.92,2995.01
20250303,002033,buy,123986,8.05,2995.01
20250303,603496,buy,23840,41.88,2994.97
20250303,605378,buy,49884,20.01,2994.98
20250303,003019,buy,31501,31.69,2994.97
20250303,688316,buy,13156,75.88,2994.83
20250303,301023,buy,21749,45.9,2994.98
20250303,002850,buy,7837,127.37,2994.67
20250303,603040,buy,32341,30.87,2995.01
20250303,002536,buy,61423,16.25,2995.01
20250303,000581,buy,50557,19.75,2995.0
20250303,002261,buy,28787,34.68,2995.0
20250303,603583,sell,9118,37.51,1026.14
20250303,600007,buy,818,22.39,54.95
20250303,603929,buy,31502,31.69,2994.94
20250303,301459,buy,20669,48.3,2994.93
20250303,603369,buy,19954,50.03,2994.99
20250303,603236,buy,1202,78.15,281.83
20250303,603067,buy,82854,12.05,2994.98
20250303,300384,buy,54373,18.36,2994.99
20250303,600821,buy,177129,5.64,2995.0
20250303,603809,buy,83787,11.92,2994.98
20250303,002545,sell,9854,7.37,218.01
20250303,002938,buy,26880,37.14,2994.93
20250303,301061,buy,5545,43.39,721.76
20250303,600548,buy,1523,11.73,53.58
20250303,600380,buy,89333,11.18,2995.01
20250303,300547,sell,8065,35.82,866.67
20250303,600012,sell,4423,16.57,219.89
20250303,000786,buy,35277,28.3,2994.96
20250303,688620,buy,66912,14.92,2994.98
20250303,600971,buy,6819,7.78,159.09
20250303,603328,buy,98980,10.09,2995.0
20250303,688123,buy,12707,78.56,2994.87
20250303,002517,buy,62294,16.03,2994.97
20250303,688581,buy,14754,67.66,2994.92
20250303,002577,buy,41562,24.02,2994.96
20250303,003010,sell,11189,16.95,569.09
20250303,300638,sell,2184,32.88,215.4
20250303,000893,buy,40369,24.73,2994.98
20250303,688696,sell,832,124.86,311.65
20250303,001389,buy,17917,55.72,2995.01
20250303,300017,buy,79039,12.63,2994.99
20250303,603111,sell,5447,6.78,110.85
20250303,002773,buy,1295,18.74,72.82
20250303,000913,buy,5372,16.41,264.44
20250303,603278,buy,85328,11.7,2995.01
20250303,003025,buy,78401,12.73,2995.01
20250303,600066,buy,3208,23.41,225.26
20250303,601881,buy,63573,15.7,2995.01
20250303,300910,buy,26910,37.1,2994.93
20250303,688208,sell,765,26.86,61.64
20250303,603166,buy,99449,10.04,2995.0
20250303,002913,buy,36963,27.01,2994.98
20250303,000408,buy,31758,31.44,2995.0
20250303,600901,buy,13540,4.6,186.75
20250303,300566,buy,48177,20.72,2994.96
20250303,688071,buy,25978,38.43,2995.0
20250303,300708,buy,9899,8.67,257.36
20250303,301128,buy,24204,41.25,2994.97
20250303,600724,buy,204352,4.89,2995.01
20250303,688138,buy,36163,27.61,2994.96
20250303,000063,buy,4597,35.44,488.79
20250303,002068,buy,69923,11.74,2462.69
20250401,300708,sell,115201,8.21,2837.58
20250401,300109,sell,62373,17.17,3212.54
20250401,003010,sell,58886,21.48,3794.16
20250401,002801,sell,32299,37.22,3606.22
20250401,600694,sell,52618,18.21,2873.81
20250401,601229,sell,112864,9.46,3203.91
20250401,600548,sell,85133,11.01,2812.81
20250401,603236,sell,12773,84.24,3227.93
20250401,000063,sell,28167,33.78,2854.09
20250401,300547,sell,27871,33.56,2806.28
20250401,603583,sell,26613,39.78,3175.63
20250401,000913,sell,60843,16.18,2953.85
20250401,600971,sell,128374,7.66,2948.44
20250401,300580,sell,31313,29.0,2724.5
20250401,600007,sell,44587,22.11,2956.81
20250401,688208,sell,37171,27.25,3038.46
20250401,001206,sell,47820,18.28,2621.83
20250401,300638,sell,30368,31.17,2839.55
20250401,002916,sell,10878,95.29,3109.77
20250401,300852,sell,28106,30.41,2564.36
20250401,600066,sell,42652,23.36,2989.26
20250401,600012,sell,60243,17.02,3075.19
20250401,601702,sell,51928,19.45,3030.14
20250401,688696,sell,7996,131.95,3165.13
20250401,688678,sell,62099,16.93,3153.26
20250401,601169,sell,175497,5.87,3092.28
20250401,600642,sell,118015,8.75,3099.33
20250401,300652,sell,31949,32.97,3159.81
20250401,603496,sell,23840,28.25,2020.23
20250401,605378,sell,49884,17.23,2578.19
20250401,688316,sell,13156,65.45,2583.18
20250401,301023,sell,21749,42.79,2791.89
20250401,002536,sell,61423,14.39,2652.2
20250401,002261,sell,28787,29.01,2505.33
20250401,301459,sell,20669,42.21,2617.55
20250401,300384,sell,54373,19.93,3251.15
20250401,603809,sell,83787,12.06,3031.3
20250401,002938,sell,26880,35.1,2830.28
20250401,000786,sell,35277,29.2,3090.42
20250401,688620,sell,66912,13.29,2667.78
20250401,603328,sell,98980,9.84,2922.17
20250401,688123,sell,12707,80.25,3059.04
20250401,002517,sell,62294,15.99,2987.54
20250401,688581,sell,14754,70.54,3122.3
20250401,002577,sell,41562,22.17,2764.29
20250401,001389,sell,17917,54.85,2948.17
20250401,300017,sell,79039,11.64,2760.86
20250401,603278,sell,85328,9.75,2495.84
20250401,601881,sell,63573,15.98,3047.42
20250401,002913,sell,36963,25.75,2854.89
20250401,300566,sell,48177,20.25,2926.34
20250401,688071,sell,25978,35.24,2746.39
20250401,301128,sell,24204,38.17,2771.9
20250401,600724,sell,204352,4.57,2800.84
20250401,002068,sell,69923,11.42,2395.56
20250401,002773,sell,15488,26.63,1237.14
20250401,003025,sell,11178,14.96,501.72
20250401,000915,sell,3657,26.69,292.79
20250401,002543,buy,898,11.17,30.08
20250401,002545,buy,2088,7.32,45.83
20250401,300360,sell,3116,17.34,162.06
20250401,605098,buy,437,37.01,48.53
20250401,600854,buy,220617,4.56,3017.25
20250401,300628,buy,26964,37.3,3017.16
20250401,600015,buy,135367,7.43,3017.25
20250401,603228,sell,1100,33.0,108.91
20250401,000923,buy,66093,15.22,3017.23
20250401,000568,buy,8057,124.83,3017.25
20250401,600208,buy,15043,2.91,131.33
20250401,002296,buy,92805,10.84,3017.25
20250401,605319,buy,1810,21.77,118.19
20250401,002273,buy,3862,22.37,259.21
20250401,600988,buy,44865,22.42,3017.24
20250401,002249,sell,9512,6.64,189.36
20250401,300545,buy,28625,35.13,3017.19
20250401,601619,sell,28144,3.5,295.41
20250401,301379,sell,6950,20.2,421.23
20250401,002255,sell,34011,8.16,832.81
20250401,002034,sell,7420,17.95,399.5
20250401,002850,buy,752,117.09,264.15
20250401,000807,sell,1682,17.2,86.82
20250401,002033,sell,7867,8.66,204.42
20250401,603929,buy,1559,30.42,142.28
20250401,002533,buy,99789,10.08,3017.25
20250401,603040,buy,3876,27.77,322.9
20250401,603166,sell,27200,13.92,1135.93
20250401,601336,sell,1499,49.53,222.72
20250401,600211,buy,27368,36.75,3017.24
20250401,600033,sell,13293,3.86,153.93
20250401,300445,buy,47020,21.39,3017.24
20250401,603393,buy,34837,28.87,3017.23
20250401,600598,buy,77889,12.91,3017.23
20250401,000951,buy,52525,19.15,3017.23
20250401,002947,buy,26865,37.44,3017.19
20250401,601717,buy,69733,14.42,3017.22
20250401,002558,buy,6495,13.77,268.38
20250401,600480,sell,5158,11.93,184.54
20250401,600583,buy,183208,5.49,3017.25
20250401,603259,sell,1785,65.52,350.86
20250401,003019,sell,2130,34.24,218.82
20250401,301061,sell,236,44.16,31.27
20250401,600020,buy,233933,4.3,3017.24
20250401,000612,sell,3030,7.12,64.73
20250401,300938,buy,41606,24.17,3017.22
20250401,601107,buy,193912,5.19,3017.24
20250401,601298,buy,104761,9.6,3017.23
20250401,603161,buy,86624,11.61,3017.22
20250401,688550,buy,26424,38.06,3017.25
20250401,000893,buy,267,24.75,19.82
20250401,603183,buy,243558,4.13,3017.25
20250401,000408,sell,3600,35.72,385.76
20250401,603067,sell,4113,12.77,157.61
20250401,300910,sell,2782,41.68,347.9
20250401,000581,sell,206,19.97,12.34
20250401,600380,sell,3420,11.71,120.11
20250401,688080,buy,1204,47.14,170.26
20250401,603199,buy,29035,34.64,3017.16
20250401,002690,buy,61530,16.35,3017.22
20250401,301277,buy,78125,12.87,3017.24
20250401,000968,buy,152331,6.6,3017.26
20250401,002422,buy,29248,34.39,3017.17
20250401,600885,buy,40124,25.07,3017.23
20250401,002852,buy,117562,8.56,3017.24
20250401,603369,sell,64,50.57,9.71
20250401,600901,sell,13716,4.94,203.43
20250401,601886,buy,185947,5.41,3017.26
20250401,600814,buy,8387,7.56,190.25
20250401,605100,buy,63266,15.9,3017.21
20250401,600698,buy,155689,6.46,3017.25
20250401,000338,buy,66054,15.23,3017.22
20250401,300193,buy,94564,10.64,3017.23
20250401,601890,buy,109946,9.15,3017.23
20250401,002948,buy,249457,4.03,3017.25
20250401,605117,buy,22295,45.11,3017.23
20250401,600821,sell,5162,5.85,90.57
20250401,605166,buy,77679,12.95,3017.22
20250401,002412,buy,159643,6.3,3017.25
20250401,002448,buy,126895,7.93,3017.26
20250401,600301,buy,46093,21.82,3017.25
20250401,002595,buy,24883,40.42,3017.21
20250401,002484,buy,50628,19.87,3017.22
20250401,601318,buy,20376,49.36,3017.2
20250401,002315,buy,31602,31.83,3017.25
20250401,688138,buy,1994,26.36,157.67
20250401,000429,buy,2129,13.75,87.82
20250401,002048,buy,67779,14.84,3017.22
20250401,001338,buy,89205,11.27,3017.24
20250401,300258,sell,5572,13.23,221.2
20250401,002745,buy,112577,8.93,3017.25
20250401,603011,buy,71634,14.04,3017.22
20250401,605196,buy,74575,13.49,3017.25
20250401,000858,buy,8010,125.55,3016.89
20250401,300841,buy,16453,61.13,3017.13
20250401,603111,buy,5433,6.59,107.42
20250401,603699,buy,30329,27.36,2489.69
20250506,601336,sell,20308,46.67,2843.6
20250506,600208,sell,345619,2.7,2799.51
20250506,300360,sell,58015,15.45,2689.08
20250506,601619,sell,287455,3.6,3108.19
20250506,002543,sell,90080,11.14,3009.31
20250506,600480,sell,84336,13.54,3425.87
20250506,600033,sell,260558,3.59,2803.92
20250506,603228,sell,30474,28.28,2585.25
20250506,600901,sell,203435,5.05,3080.13
20250506,000807,sell,58458,14.8,2595.03
20250506,000915,sell,37686,28.5,3222.0
20250506,603259,sell,15351,57.94,2668.5
20250506,603111,sell,152601,6.24,2858.21
20250506,301061,sell,22773,41.48,2833.96
20250506,600814,sell,133014,7.8,3110.81
20250506,002273,sell,44953,19.76,2664.82
20250506,688080,sell,21337,44.32,2836.88
20250506,300258,sell,76005,13.76,3137.52
20250506,000612,sell,141231,6.6,2798.27
20250506,002033,sell,116119,8.14,2837.15
20250506,003019,sell,29371,28.7,2528.49
20250506,603929,sell,33061,27.07,2684.87
20250506,600821,sell,171967,5.37,2768.31
20250506,600380,sell,85913,10.53,2713.0
20250506,003025,sell,67223,14.07,2838.22
20250506,000408,sell,28158,35.58,3005.87
20250506,688138,sell,38157,27.96,3200.93
20250506,600854,sell,220617,4.54,3004.33
20250506,300628,sell,26964,30.99,2506.88
20250506,600015,sell,135367,6.83,2774.48
20250506,000923,sell,66093,12.55,2487.92
20250506,002296,sell,92805,10.99,3060.98
20250506,600988,sell,44865,26.84,3612.73
20250506,002533,sell,99789,9.47,2833.62
20250506,300445,sell,47020,17.32,2442.86
20250506,603393,sell,34837,27.83,2908.54
20250506,000951,sell,52525,16.5,2599.39
20250506,002947,sell,26865,31.96,2575.94
20250506,300938,sell,41606,23.35,2914.67
20250506,601298,sell,104761,8.32,2615.94
20250506,603161,sell,86624,11.66,3030.05
20250506,603183,sell,243558,3.98,2908.19
20250506,002690,sell,61530,15.75,2908.18
20250506,000968,sell,152331,6.32,2889.83
20250506,002422,sell,29248,34.68,3042.7
20250506,600885,sell,40124,23.28,2802.19
20250506,605100,sell,63266,15.16,2878.12
20250506,600698,sell,155689,5.85,2732.34
20250506,000338,sell,66054,14.8,2932.15
20250506,300193,sell,94564,9.27,2628.62
20250506,601890,sell,109946,8.75,2887.32
20250506,002948,sell,249457,4.38,3278.35
20250506,605117,sell,22295,42.54,2845.57
20250506,605166,sell,77679,11.19,2607.25
20250506,002412,sell,159643,5.64,2701.16
20250506,002595,sell,24883,38.72,2890.36
20250506,002484,sell,50628,18.47,2805.33
20250506,002315,sell,31602,32.4,3071.82
20250506,001338,sell,89205,11.28,3019.85
20250506,002745,sell,112577,8.15,2752.11
20250506,603011,sell,71634,10.78,2316.64
20250506,605196,sell,74575,14.03,3139.9
20250506,000858,sell,8010,123.36,2964.24
20250506,300841,sell,16453,50.79,2507.16
20250506,603699,sell,30329,25.44,2314.64
20250506,002545,sell,7221,7.51,162.7
20250506,600262,buy,46190,21.18,2934.41
20250506,605009,buy,24093,40.6,2934.37
20250506,300251,buy,51584,18.96,2934.43
20250506,000719,buy,82086,11.92,2934.46
20250506,002773,sell,2036,27.37,167.18
20250506,301379,sell,3630,21.19,230.8
20250506,000893,sell,6506,28.66,559.39
20250506,600352,buy,103309,9.47,2934.46
20250506,603166,sell,17031,17.71,905.09
20250506,300144,buy,107083,9.13,2934.47
20250506,002987,buy,86125,11.36,2934.44
20250506,603067,sell,16816,15.8,796.88
20250506,002286,buy,105218,9.3,2934.46
20250506,600578,buy,241150,4.06,2934.47
20250506,600027,buy,175279,5.58,2934.46
20250506,002850,sell,878,126.86,334.15
20250506,002255,sell,16002,9.12,437.96
20250506,600531,buy,141639,6.91,2934.46
20250506,002249,sell,6244,6.73,126.08
20250506,601169,buy,169059,5.79,2934.46
20250506,002769,buy,130074,7.52,2934.47
20250506,605319,sell,3867,23.1,268.02
20250506,601083,buy,91183,10.73,2934.46
20250506,600598,sell,8747,14.15,371.24
20250506,002392,buy,157733,6.2,2934.47
20250506,600020,sell,12875,4.42,170.91
20250506,002736,buy,94364,10.37,2934.45
20250506,688550,buy,119,36.85,13.16
20250506,600967,buy,83076,11.77,2934.44
20250506,002048,sell,8218,16.42,404.89
20250506,002034,sell,114,17.49,5.98
20250506,000651,buy,23523,41.58,2934.46
20250506,603199,sell,1932,36.09,209.18
20250506,000899,buy,107246,9.12,2934.47
20250506,002342,buy,205064,4.77,2934.47
20250506,000429,buy,951,13.2,37.66
20250506,002204,buy,157053,6.23,2934.46
20250506,601117,buy,135608,7.21,2934.46
20250506,600809,buy,4887,200.15,2934.45
20250506,601107,sell,13620,5.43,221.68
20250506,600522,buy,71056,13.77,2934.44
20250506,600583,buy,6985,5.14,107.77
20250506,000975,buy,49180,19.89,2934.44
20250506,300910,sell,2452,45.13,331.96
20250506,002852,sell,14809,9.52,422.93
20250506,002487,buy,35251,27.75,2934.42
20250506,600595,buy,256806,3.81,2934.47
20250506,601881,buy,63036,15.52,2934.44
20250506,688208,buy,35228,27.77,2934.45
20250506,601886,buy,2651,5.19,41.25
20250506,002245,buy,111213,8.8,2934.45
20250506,601991,buy,316526,3.09,2934.46
20250506,605296,buy,33886,28.87,2934.47
20250506,002697,buy,177249,5.52,2934.46
20250506,002616,buy,176935,5.53,2934.47
20250506,601177,buy,48416,20.2,2934.46
20250506,000030,buy,167729,5.83,2934.45
20250506,688019,buy,6768,144.53,2934.47
20250506,300545,buy,3974,30.01,357.72
20250506,002454,buy,190585,5.13,2934.47
20250506,600835,buy,42870,22.82,2934.41
20250506,601717,sell,1824,14.4,78.82
20250506,603040,sell,10001,37.31,1119.5
20250506,603369,buy,1603,45.51,218.85
20250506,002020,buy,73602,13.29,2934.46
20250506,000581,buy,1169,18.99,66.58
20250506,000902,buy,73737,13.27,2934.46
20250506,600582,buy,165703,5.9,2934.46
20250506,000776,buy,64126,15.25,2934.46
20250506,600301,buy,3509,19.72,207.59
20250506,688401,buy,28474,34.35,2934.4
20250506,600031,buy,51398,19.03,2934.43
20250506,002448,sell,4846,8.01,116.51
20250506,002558,sell,6838,14.78,303.2
20250506,301277,buy,3601,11.97,129.3
20250506,000963,buy,25841,37.85,2934.42
20250506,000568,buy,117,119.66,42.0
20250506,600828,buy,194464,5.03,2934.46
20250506,002371,buy,2892,338.12,2933.54
20250506,002277,buy,174670,5.6,2934.46
20250506,600797,buy,88281,11.08,2934.46
20250506,600729,buy,32978,29.66,2934.4
20250506,002661,buy,96902,10.09,2934.44
20250506,600211,buy,1164,34.28,119.71
20250506,002264,buy,151919,6.44,2934.47
20250506,605098,sell,152,36.2,16.51
20250506,601155,buy,73600,13.29,2934.43
20250506,600731,buy,150578,6.5,2934.45
20250506,301162,buy,25828,37.87,2934.37
20250506,601318,sell,238,48.57,34.68
20250506,300600,buy,109658,8.92,2934.45
20250506,000779,buy,99260,9.85,2934.45
20250506,600126,buy,84034,11.64,2934.47
20250506,002152,buy,80660,12.13,2934.46
20250506,601998,buy,142979,6.84,2934.46
20250506,002483,buy,165428,5.91,2934.46
20250506,600415,buy,65502,14.93,2934.46
20250506,300510,buy,239158,4.09,2934.47
20250506,603325,buy,10395,74.98,2338.37
20250603,000429,sell,74098,13.58,3017.93
20250603,605319,sell,42339,21.44,2723.51
20250603,605098,sell,27019,34.25,2775.83
20250603,002249,sell,145324,6.22,2710.35
20250603,002558,sell,66181,15.39,3055.25
20250603,002850,sell,7711,111.48,2578.95
20250603,000581,sell,51520,18.89,2919.73
20250603,603369,sell,21493,42.65,2749.99
20250603,000568,sell,8174,110.06,2698.81
20250603,301277,sell,81726,17.25,4228.24
20250603,002852,sell,102753,9.93,3060.39
20250603,002448,sell,122049,8.21,3006.58
20250603,600301,sell,49602,18.87,2807.97
20250603,002048,sell,59561,14.65,2616.87
20250603,300251,sell,51584,17.37,2687.88
20250603,002987,sell,86125,11.76,3037.92
20250603,600027,sell,175279,5.63,2959.72
20250603,002769,sell,130074,7.79,3039.83
20250603,600809,sell,4887,177.39,2600.71
20250603,600595,sell,256806,3.55,2738.84
20250603,601881,sell,63036,15.59,2947.44
20250603,002245,sell,111213,8.11,2705.66
20250603,002697,sell,177249,5.38,2858.14
20250603,002616,sell,176935,5.84,3098.88
20250603,601177,sell,48416,17.27,2508.84
20250603,600835,sell,42870,20.0,2572.02
20250603,002020,sell,73602,13.57,2996.34
20250603,688401,sell,28474,31.74,2711.29
20250603,600031,sell,51398,17.81,2746.55
20250603,600828,sell,194464,4.07,2374.41
20250603,002371,sell,2892,313.88,2723.26
20250603,002277,sell,174670,6.21,3254.1
20250603,600797,sell,88281,9.33,2470.99
20250603,600729,sell,32978,28.6,2829.36
20250603,002661,sell,96902,10.09,2934.44
20250603,601155,sell,73600,12.5,2760.0
20250603,600731,sell,150578,6.52,2943.24
20250603,301162,sell,25828,33.31,2581.0
20250603,000779,sell,99260,9.1,2710.08
20250603,600126,sell,84034,8.88,2238.67
20250603,002152,sell,80660,11.91,2880.81
20250603,601998,sell,142979,7.89,3382.44
20250603,002483,sell,165428,5.9,2929.74
20250603,600415,sell,65502,17.85,3507.84
20250603,603325,sell,10395,73.12,2280.25
20250603,600262,sell,831,21.58,53.8
20250603,002545,buy,3017,7.35,66.48
20250603,000651,sell,233,42.03,29.38
20250603,605009,sell,2882,46.15,399.01
20250603,000719,sell,4003,12.54,150.55
20250603,600352,sell,340,9.51,9.7
20250603,002773,sell,3744,30.6,343.65
20250603,600020,sell,20030,4.87,292.6
20250603,002463,buy,31651,30.93,2936.52
20250603,600219,buy,286782,3.41,2936.6
20250603,300144,buy,3386,8.86,90.01
20250603,002478,buy,188243,5.2,2936.59
20250603,601319,buy,120354,8.13,2936.58
20250603,600583,sell,2310,5.21,36.11
20250603,600578,sell,10365,4.24,131.89
20250603,601717,sell,4489,15.43,207.86
20250603,600531,sell,887,6.95,18.51
20250603,600582,sell,353,5.92,6.27
20250603,601083,sell,3006,11.1,100.11
20250603,301379,buy,3841,19.58,225.62
20250603,600598,buy,678,14.02,28.52
20250603,600211,sell,1558,36.29,169.62
20250603,001207,buy,59320,16.5,2936.57
20250603,601601,buy,29208,33.51,2936.54
20250603,000902,buy,363,13.21,14.39
20250603,601107,sell,19412,6.08,354.34
20250603,002736,sell,3795,10.81,123.05
20250603,601117,sell,3611,7.42,80.34
20250603,603199,sell,46,36.18,4.99
20250603,002204,buy,7175,5.96,128.3
20250603,600967,sell,3635,12.32,134.37
20250603,603166,buy,12714,14.41,549.61
20250603,302132,buy,12716,76.97,2936.41
20250603,601001,buy,86194,11.36,2936.58
20250603,603067,buy,16,15.8,0.76
20250603,600854,buy,204641,4.78,2936.6
20250603,600901,buy,175700,5.57,2936.59
20250603,002452,buy,143438,6.82,2936.6
20250603,002286,sell,23263,11.94,833.56
20250603,601898,buy,97915,10.0,2936.58
20250603,002392,buy,4009,6.05,72.79
20250603,000776,sell,2582,15.91,123.2
20250603,002342,sell,36002,5.79,625.35
20250603,000893,sell,434,29.05,37.82
20250603,601991,sell,2720,3.12,25.45
20250603,000975,sell,317,20.03,19.05
20250603,300510,sell,13612,4.34,177.23
20250603,601318,sell,1127,51.49,174.09
20250603,300743,buy,51196,19.12,2936.6
20250603,600551,buy,113995,8.59,2936.58
20250603,000963,sell,3383,43.59,442.38
20250603,301345,buy,13900,70.42,2936.58
20250603,002264,sell,5925,6.7,119.18
20250603,688208,buy,1770,26.46,140.49
20250603,603036,buy,63374,15.45,2936.57
20250603,688550,sell,4100,43.62,536.49
20250603,601577,buy,104440,9.37,2936.58
20250603,002487,buy,422,27.44,34.74
20250603,002454,sell,1858,5.19,28.91
20250603,002255,sell,6588,9.73,192.25
20250603,300545,buy,2072,28.23,175.49
20250603,601958,buy,94035,10.41,2936.58
20250603,601886,sell,1565,5.23,24.57
20250603,600875,buy,62840,15.58,2936.56
20250603,000899,buy,4446,8.76,116.89
20250603,002061,buy,254260,3.85,2936.6
20250603,600664,buy,250349,3.91,2936.59
20250603,002190,buy,27785,35.23,2936.6
20250603,600528,buy,134685,7.27,2936.58
20250603,300600,buy,327,8.9,8.73
20250603,600941,buy,8680,112.77,2936.43
20250603,601169,sell,12991,6.27,244.44
20250603,300084,buy,122053,8.02,2936.6
20250603,603979,buy,25467,38.44,2936.55
20250603,600987,buy,139234,7.03,2936.6
20250603,600522,buy,4685,12.92,181.64
20250603,002533,buy,100032,9.79,2936.59
20250603,300910,sell,156,45.49,21.29
20250603,000030,sell,1819,5.9,32.2
20250603,002034,buy,1312,17.1,67.31
20250603,600968,buy,245104,3.99,2936.6
20250603,600039,buy,110241,8.88,2936.6
20250603,603577,buy,84139,11.63,2936.58
20250603,000915,buy,33649,29.09,2936.54
20250603,002106,buy,98179,9.97,2936.59
20250603,600486,buy,17467,56.04,2936.53
20250603,603040,sell,1822,40.13,219.34
20250603,301195,buy,26891,36.4,2936.52
20250603,002138,buy,37551,26.07,2936.6
20250603,000888,buy,72679,13.47,2936.6
20250603,002237,buy,88162,11.1,2936.6
20250603,600674,buy,60319,16.23,2936.59
20250603,002895,buy,44075,22.21,2936.59
20250603,600885,buy,43490,22.51,2936.6
20250603,600566,buy,38071,25.71,2936.55
20250603,605296,sell,1172,29.92,105.21
20250603,000612,buy,136929,7.15,2936.6
20250603,300951,buy,35138,27.86,2936.54
20250603,688019,buy,383,136.88,157.28
20250603,002026,buy,72292,11.6,2515.98
20250701,002034,sell,57238,16.41,2818.13
20250701,300910,sell,21520,43.24,2791.34
20250701,603166,sell,67932,15.12,3081.31
20250701,600211,sell,26974,35.39,2863.61
20250701,601717,sell,63420,15.52,2952.68
20250701,600583,sell,187883,5.45,3071.89
20250701,603199,sell,27057,35.86,2910.5
20250701,601886,sell,187033,5.84,3275.86
20250701,300144,sell,110469,8.51,2820.27
20250701,000899,sell,111692,8.94,2995.58
20250701,002342,sell,169062,6.22,3154.7
20250701,002204,sell,164228,6.05,2980.74
20250701,600522,sell,75741,14.13,3210.23
20250701,000975,sell,48863,19.21,2815.61
20250701,688208,sell,36998,29.41,3264.64
20250701,601991,sell,313806,3.19,3000.44
20250701,605296,sell,32714,30.55,2998.65
20250701,000030,sell,165910,5.9,2936.61
20250701,600582,sell,165350,6.02,2986.22
20250701,000963,sell,22458,40.78,2747.55
20250701,002478,sell,188243,5.27,2976.12
20250701,001207,sell,59320,17.25,3069.77
20250701,002452,sell,143438,6.9,2970.65
20250701,601577,sell,104440,9.88,3094.36
20250701,601958,sell,94035,10.71,3021.35
20250701,002061,sell,254260,3.85,2937.47
20250701,600664,sell,250349,3.77,2831.45
20250701,600528,sell,134685,7.29,2944.57
20250701,600941,sell,8680,109.99,2864.14
20250701,300084,sell,122053,8.39,3072.07
20250701,600987,sell,139234,6.73,2809.61
20250701,002533,sell,100032,9.46,2837.83
20250701,600968,sell,245104,4.09,3007.43
20250701,603577,sell,84139,9.16,2311.61
20250701,002106,sell,98179,10.32,3039.62
20250701,600486,sell,17467,58.08,3043.49
20250701,301195,sell,26891,35.88,2894.55
20250701,002138,sell,37551,27.35,3080.73
20250701,000888,sell,72679,13.76,3000.44
20250701,002237,sell,88162,12.06,3189.7
20250701,600674,sell,60319,15.95,2885.41
20250701,002895,sell,44075,22.11,2923.91
20250701,600885,sell,43490,22.12,2886.06
20250701,000612,sell,136929,7.7,3164.65
20250701,002026,sell,72292,12.03,2608.29
20250701,600262,buy,292,22.67,19.86
20250701,002463,sell,8074,43.91,1063.48
20250701,002545,sell,16389,8.86,435.49
20250701,600352,buy,3144,9.76,92.01
20250701,605009,buy,3179,42.44,404.75
20250701,601169,sell,3119,6.77,63.33
20250701,000719,buy,4795,12.49,179.67
20250701,300600,sell,44135,15.72,2081.41
20250701,002769,buy,112516,9.2,3105.44
20250701,302132,sell,672,85.95,173.28
20250701,601319,buy,1222,8.51,31.21
20250701,301379,sell,12851,27.87,1074.47
20250701,002773,buy,2101,30.36,191.36
20250701,601898,buy,859,10.48,27.01
20250701,002736,buy,405,11.38,13.82
20250701,300743,buy,691,19.95,41.36
20250701,601601,sell,722,36.34,78.71
20250701,600854,sell,8959,5.29,142.18
20250701,600967,sell,25625,19.24,1478.7
20250701,000690,buy,235772,4.39,3105.46
20250701,600219,buy,7062,3.52,74.63
20250701,600578,sell,4422,4.57,60.67
20250701,603036,sell,1373,16.7,68.77
20250701,603979,sell,3669,47.49,522.72
20250701,601001,buy,3978,11.48,137.0
20250701,600901,sell,6148,6.11,112.61
20250701,002987,buy,66296,15.61,3105.44
20250701,600598,buy,4475,13.93,187.05
20250701,300414,buy,72645,14.25,3105.43
20250701,601083,buy,6061,10.98,199.73
20250701,300308,buy,7139,144.98,3105.03
20250701,301061,buy,17631,58.71,3105.36
20250701,002913,buy,34390,30.1,3105.42
20250701,002286,buy,6934,11.65,242.25
20250701,600566,buy,1273,26.31,100.48
20250701,000893,sell,228,30.93,21.16
20250701,601997,buy,162504,6.37,3105.45
20250701,603228,buy,24638,42.01,3105.42
20250701,002443,buy,163381,6.34,3105.45
20250701,600216,buy,70049,14.78,3105.43
20250701,601011,buy,387697,2.67,3105.45
20250701,002722,buy,65666,15.76,3105.41
20250701,605058,buy,34585,29.93,3105.39
20250701,000651,buy,1083,42.47,137.99
20250701,601318,sell,121,54.8,19.89
20250701,603067,buy,1448,16.33,70.94
20250701,002396,buy,60280,17.17,3105.43
20250701,300767,buy,72949,14.19,3105.44
20250701,300510,buy,1960,4.55,26.75
20250701,002981,buy,38347,26.99,3105.39
20250701,603929,buy,30870,33.53,3105.41
20250701,002454,buy,2492,5.41,40.47
20250701,000902,buy,1066,13.77,44.04
20250701,002916,buy,9383,110.32,3105.43
20250701,000915,sell,3288,34.1,336.32
20250701,601117,buy,8320,7.38,184.14
20250701,002487,sell,4498,33.21,448.07
20250701,002392,buy,5182,6.2,96.41
20250701,002190,sell,953,38.58,110.3
20250701,002246,buy,67771,15.27,3105.44
20250701,600731,buy,147434,7.02,3105.45
20250701,688543,buy,21464,48.23,3105.34
20250701,600531,sell,6547,7.71,151.5
20250701,002846,buy,57726,17.93,3105.46
20250701,600875,buy,466,16.35,22.86
20250701,688019,sell,656,159.4,313.7
20250701,300951,sell,4153,33.41,416.24
20250701,301162,buy,27245,37.99,3105.44
20250701,300708,buy,124175,8.34,3105.44
20250701,002558,buy,45059,22.97,3105.41
20250701,688588,buy,72455,14.29,3105.43
20250701,002661,buy,104486,9.91,3105.45
20250701,300866,buy,9354,110.66,3105.36
20250701,000776,buy,676,16.64,33.74
20250701,002177,buy,133224,7.77,3105.45
20250701,601107,buy,8262,6.12,151.69
20250701,300682,buy,45282,22.86,3105.44
20250701,002724,buy,131866,7.85,3105.44
20250701,002264,buy,20119,6.23,376.12
20250701,601336,buy,18321,56.5,3105.37
20250701,300130,buy,31767,32.59,3105.46
20250701,688550,buy,2276,41.88,285.93
20250701,002555,buy,60396,17.14,3105.42
20250701,301263,buy,28251,36.64,3105.35
20250701,002209,buy,81572,12.69,3105.45
20250701,002048,buy,57393,18.04,3105.45
20250701,603586,buy,56884,18.2,3105.42
20250701,002255,buy,18663,8.68,485.83
20250701,603040,buy,261,41.98,32.87
20250701,002651,buy,78710,13.15,3105.42
20250701,600551,buy,5454,8.67,141.79
20250701,600020,buy,19432,4.7,273.72
20250701,601089,buy,60819,17.02,3105.42
20250701,600621,buy,68169,15.18,3105.42
20250701,300976,buy,21073,49.12,3105.32
20250701,600039,sell,615,9.44,17.42
20250701,300684,buy,43746,23.66,3105.42
20250701,603823,buy,11617,14.21,495.23
20250701,300545,sell,1687,31.38,158.83
20250701,301345,sell,5446,122.45,2000.67
20250801,002255,sell,119295,8.46,3027.46
20250801,301379,sell,37143,24.6,2741.15
20250801,603040,sell,24655,48.08,3556.25
20250801,603067,sell,63389,14.67,2789.75
20250801,000893,sell,33468,31.54,3166.74
20250801,600598,sell,74295,14.28,3182.76
20250801,600020,sell,220460,4.5,2976.21
20250801,601107,sell,169142,5.59,2836.51
20250801,688550,sell,24719,40.83,3028.11
20250801,600262,sell,45651,22.77,3118.42
20250801,605009,sell,24390,38.01,2781.19
20250801,000719,sell,82878,13.04,3242.19
20250801,002286,sell,88889,10.51,2802.67
20250801,600578,sell,226363,4.23,2872.55
20250801,002392,sell,166924,6.99,3500.4
20250801,000651,sell,24373,42.88,3135.43
20250801,601117,sell,140317,7.73,3255.85
20250801,002487,sell,31175,32.76,3063.57
20250801,688019,sell,6495,147.5,2874.04
20250801,000902,sell,75166,13.99,3154.32
20250801,002264,sell,166113,6.86,3419.93
20250801,601319,sell,121576,7.98,2909.35
20250801,302132,sell,12044,82.3,2973.66
20250801,600901,sell,169552,5.66,2876.54
20250801,301345,sell,8454,155.35,3939.98
20250801,603036,sell,62001,16.14,3002.95
20250801,600039,sell,109626,8.24,2710.61
20250801,000915,sell,30361,33.21,3024.85
20250801,600566,sell,39344,27.07,3195.13
20250801,603228,sell,24638,61.67,4558.38
20250801,002443,sell,163381,6.82,3345.08
20250801,601011,sell,387697,2.72,3163.61
20250801,002722,sell,65666,16.94,3337.15
20250801,002981,sell,38347,26.48,3045.96
20250801,603929,sell,30870,35.3,3269.32
20250801,688543,sell,21464,42.83,2757.72
20250801,002846,sell,57726,15.85,2744.08
20250801,301162,sell,27245,35.88,2932.79
20250801,002558,sell,45059,24.04,3249.57
20250801,688588,sell,72455,15.21,3306.12
20250801,002661,sell,104486,10.18,3191.89
20250801,300682,sell,45282,19.66,2670.73
20250801,002724,sell,131866,7.58,2998.63
20250801,002555,sell,60396,15.85,2872.03
20250801,301263,sell,28251,39.15,3318.08
20250801,603586,sell,56884,17.06,2912.05
20250801,002651,sell,78710,11.76,2776.89
20250801,600621,sell,68169,15.42,3153.92
20250801,603823,sell,11617,12.73,443.65
20250801,002545,sell,5181,9.68,150.46
20250801,601997,buy,7219,6.37,137.96
20250801,002463,sell,3406,53.6,547.69
20250801,600528,buy,120681,8.96,3243.42
20250801,600208,buy,262412,4.12,3243.41
20250801,600352,sell,1748,10.36,54.32
20250801,601001,sell,8760,13.28,349.0
20250801,300767,buy,4999,13.87,208.01
20250801,600854,buy,5273,5.38,85.11
20250801,300677,buy,29040,37.23,3243.38
20250801,002736,sell,9093,13.2,360.19
20250801,603979,buy,948,47.53,135.18
20250801,601958,buy,89308,12.11,3243.41
20250801,300600,buy,477,16.3,23.33
20250801,603328,buy,104458,10.35,3243.42
20250801,603380,buy,36899,29.3,3243.42
20250801,601898,sell,3024,11.29,102.44
20250801,688208,buy,31660,34.15,3243.38
20250801,002773,sell,7929,41.32,982.88
20250801,300976,sell,1575,55.45,262.0
20250801,603259,buy,11848,91.24,3243.17
20250801,301061,sell,2317,70.6,490.75
20250801,300510,sell,15517,5.1,237.41
20250801,000776,sell,6072,19.26,350.76
20250801,601336,sell,1028,62.52,192.81
20250801,002444,buy,35112,30.79,3243.34
20250801,002396,sell,7627,20.53,469.82
20250801,600010,buy,427328,2.53,3243.42
20250801,601886,buy,151578,7.13,3243.41
20250801,000811,buy,87897,12.3,3243.4
20250801,605183,buy,51385,21.04,3243.42
20250801,600486,buy,15963,67.72,3243.22
20250801,601601,buy,655,37.1,72.9
20250801,000612,buy,132942,8.13,3243.42
20250801,000001,buy,89905,12.03,3243.4
20250801,002938,buy,20993,51.5,3243.42
20250801,603871,buy,98358,10.99,3243.41
20250801,002987,sell,1266,16.63,63.14
20250801,601156,buy,76676,14.1,3243.39
20250801,300866,sell,435,121.23,158.2
20250801,002483,buy,162090,6.67,3243.42
20250801,000690,buy,7832,4.44,104.28
20250801,002769,buy,13491,8.58,347.26
20250801,600211,buy,26804,40.33,3243.35
20250801,600731,sell,9533,7.84,224.22
20250801,600351,buy,140082,7.72,3243.41
20250801,601089,sell,20082,26.54,1598.93
20250801,603013,buy,54992,19.66,3243.38
20250801,300006,buy,202082,5.35,3243.42
20250801,300545,buy,2317,30.63,212.88
20250801,601598,buy,207870,5.2,3243.41
20250801,600967,sell,27,20.1,1.63
20250801,002916,sell,1355,134.67,547.45
20250801,002060,buy,305374,3.54,3243.42
20250801,300308,sell,1994,210.17,1257.21
20250801,002913,sell,6991,39.46,827.59
20250801,600551,sell,1936,9.2,53.43
20250801,603811,buy,88400,12.23,3243.4
20250801,600531,sell,7161,8.51,182.82
20250801,300708,sell,1954,8.85,51.85
20250801,601577,buy,111121,9.73,3243.41
20250801,605058,buy,2798,28.92,242.75
20250801,603225,buy,87969,12.29,3243.42
20250801,000513,buy,25649,42.15,3243.32
20250801,601318,sell,8,57.26,1.37
20250801,000951,buy,61104,17.69,3243.38
20250801,600219,buy,7588,3.59,81.65
20250801,001206,buy,45666,23.67,3243.41
20250801,600295,buy,108222,9.99,3243.41
20250801,002342,buy,156008,6.93,3243.41
20250801,688581,buy,13577,79.63,3243.41
20250801,000404,buy,148304,7.29,3243.41
20250801,300684,sell,7466,29.8,667.47
20250801,300414,sell,3073,15.54,143.26
20250801,002246,sell,3277,16.76,164.8
20250801,002454,buy,4272,5.53,70.88
20250801,002209,sell,12753,15.71,601.05
20250801,600216,sell,2223,15.94,106.3
20250801,600875,sell,7717,19.45,450.27
20250801,300086,buy,138785,7.79,3243.41
20250801,002714,buy,24278,44.53,3243.33
20250801,600150,buy,31910,33.88,3243.33
20250801,002484,buy,45601,23.71,3243.39
20250801,601688,buy,55812,19.37,3243.4
20250801,002048,sell,2982,19.87,177.76
20250801,603619,buy,56797,19.04,3243.39
20250801,601169,buy,13893,6.48,270.08
20250801,000680,buy,109643,9.86,3243.42
20250801,002623,buy,49707,21.75,3243.38
20250801,301538,buy,17636,61.3,3243.26
20250801,300951,buy,1664,33.11,165.3
20250801,300009,buy,93702,11.54,3243.42
20250801,002452,buy,147920,7.31,3243.42
20250801,300743,buy,774,20.53,47.67
20250801,600380,buy,86009,12.57,3243.4
20250801,002177,buy,36766,6.36,701.5
20250801,601083,sell,2314,11.76,81.65
20250801,300130,buy,5343,29.13,466.98
20250801,002190,buy,5154,33.8,522.62
20250901,601318,sell,18882,57.56,3260.76
20250901,600352,sell,104365,10.25,3209.67
20250901,600531,sell,127044,9.91,3777.02
20250901,601169,sell,166842,6.07,3038.19
20250901,601083,sell,91924,11.96,3297.68
20250901,002454,sell,195491,6.03,3533.86
20250901,300510,sell,211989,4.67,2969.97
20250901,600219,sell,301432,3.64,3292.94
20250901,601601,sell,29141,39.6,3461.95
20250901,600854,sell,200955,5.29,3189.16
20250901,601898,sell,95750,11.21,3221.39
20250901,300743,sell,52661,19.62,3099.63
20250901,600551,sell,117513,8.84,3117.88
20250901,600875,sell,55589,19.87,3313.66
20250901,002190,sell,31986,50.01,4798.86
20250901,300951,sell,32649,42.47,4160.29
20250901,002769,sell,126007,9.24,3492.91
20250901,000690,sell,243604,4.4,3215.58
20250901,300308,sell,5145,405.2,6254.33
20250901,002913,sell,27399,40.98,3368.43
20250901,601997,sell,169723,6.14,3126.3
20250901,600216,sell,67826,15.78,3210.88
20250901,605058,sell,37383,29.21,3275.87
20250901,002246,sell,64494,17.29,3345.91
20250901,600731,sell,137901,7.5,3102.77
20250901,300708,sell,122221,9.41,3450.73
20250901,300866,sell,8919,142.32,3808.17
20250901,002177,sell,169990,8.5,4334.74
20250901,300130,sell,37110,31.59,3516.54
20250901,002048,sell,54411,27.25,4448.01
20250901,300976,sell,19498,65.33,3821.41
20250901,300684,sell,36280,35.36,3848.08
20250901,600528,sell,120681,8.5,3077.37
20250901,603328,sell,104458,11.45,3588.13
20250901,002444,sell,35112,31.95,3365.55
20250901,600010,sell,427328,2.75,3525.46
20250901,605183,sell,51385,20.27,3124.72
20250901,600486,sell,15963,74.3,3558.24
20250901,000612,sell,132942,8.95,3569.7
20250901,000001,sell,89905,11.64,3140.39
20250901,603871,sell,98358,12.12,3575.02
20250901,002483,sell,162090,6.62,3219.11
20250901,600351,sell,140082,6.93,2912.95
20250901,603013,sell,54992,25.11,4142.07
20250901,300006,sell,202082,4.79,2903.92
20250901,601598,sell,207870,5.53,3450.7
20250901,002060,sell,305374,3.52,3225.79
20250901,601577,sell,111121,9.42,3139.1
20250901,000513,sell,25649,42.41,3263.32
20250901,000951,sell,61104,17.68,3241.58
20250901,001206,sell,45666,25.09,3437.93
20250901,600295,sell,108222,10.14,3292.11
20250901,688581,sell,13577,75.3,3067.04
20250901,000404,sell,148304,7.37,3279.0
20250901,300086,sell,138785,6.78,2822.89
20250901,600150,sell,31910,38.92,3725.81
20250901,002484,sell,45601,36.5,4993.18
20250901,603619,sell,56797,19.25,3280.52
20250901,000680,sell,109643,9.65,3174.55
20250901,301538,sell,17636,68.7,3634.78
20250901,300009,sell,93702,11.57,3251.6
20250901,002452,sell,147920,7.28,3230.25
20250901,600380,sell,86009,13.66,3524.65
20250901,300767,sell,23652,21.99,1560.32
20250901,300724,buy,11042,108.12,3581.58
20250901,600208,sell,25982,5.05,393.63
20250901,002463,sell,2985,69.48,622.16
20250901,002545,buy,1805,10.52,56.97
20250901,300600,sell,4302,19.25,248.44
20250901,002396,sell,8920,27.3,730.59
20250901,300609,buy,21875,54.58,3581.81
20250901,603979,sell,5454,69.05,1129.8
20250901,002245,buy,97640,12.23,3581.9
20250901,002736,buy,838,14.43,36.29
20250901,688588,buy,59608,20.03,3581.84
20250901,600967,sell,6708,25.36,510.34
20250901,002939,buy,99714,11.97,3581.87
20250901,000776,sell,808,21.58,52.3
20250901,601001,buy,8359,13.3,333.52
20250901,688208,sell,2436,40.86,298.58
20250901,603380,sell,9627,43.78,1264.41
20250901,600301,buy,35683,33.46,3581.86
20250901,300414,buy,18413,13.57,749.59
20250901,002938,sell,579,58.49,101.6
20250901,000830,buy,77986,15.31,3581.9
20250901,601886,buy,12345,7.28,269.75
20250901,603040,buy,17960,66.48,3581.75
20250901,601609,buy,98512,12.12,3581.9
20250901,600595,buy,231976,5.15,3581.9
20250901,000568,buy,8886,134.36,3581.84
20250901,002953,buy,78416,15.23,3581.87
20250901,300218,buy,49460,24.14,3581.89
20250901,301061,buy,31,77.81,7.24
20250901,603969,buy,122836,9.72,3581.9
20250901,300457,buy,44650,26.74,3581.82
20250901,002871,buy,66914,17.84,3581.86
20250901,300274,buy,12172,98.09,3581.7
20250901,600211,sell,1596,47.37,226.79
20250901,600835,buy,41643,28.67,3581.85
20250901,300677,buy,3815,36.34,415.91
20250901,603225,sell,11038,15.52,513.93
20250901,300033,buy,4278,279.08,3581.76
20250901,601156,sell,41,15.58,1.92
20250901,300443,buy,45876,26.03,3581.89
20250901,002429,buy,205502,5.81,3581.9
20250901,002342,sell,15871,8.52,405.66
20250901,300234,buy,199326,5.99,3581.89
20250901,300045,buy,45921,26.0,3581.84
20250901,688425,buy,207285,5.76,3581.88
20250901,603920,buy,30405,39.27,3581.9
20250901,601233,buy,81666,14.62,3581.87
20250901,002046,buy,36071,33.1,3581.85
20250901,603259,sell,941,109.47,309.04
20250901,600997,buy,179128,6.67,3581.88
20250901,603811,sell,6453,14.57,282.06
20250901,300456,buy,49700,24.02,3581.85
20250901,002714,sell,1864,53.27,297.88
20250901,300455,buy,62153,19.21,3581.88
20250901,001283,buy,20504,58.23,3581.73
20250901,688170,buy,30135,39.62,3581.85
20250901,002987,sell,7701,20.83,481.16
20250901,002625,buy,22527,53.0,3581.79
20250901,002277,buy,147221,8.11,3581.89
20250901,300066,buy,151711,7.87,3581.9
20250901,301219,buy,16596,71.94,3581.7
20250901,601958,sell,16946,16.5,838.83
20250901,603228,buy,19689,60.64,3581.79
20250901,301330,buy,34428,34.68,3581.89
20250901,000514,buy,221515,5.39,3581.9
20250901,000596,buy,7060,169.11,3581.69
20250901,000811,buy,676,13.48,27.34
20250901,002773,buy,2356,41.86,295.87
20250901,002209,buy,5340,16.1,257.92
20250901,688499,buy,19351,61.7,3581.87
20250901,601336,buy,1049,65.09,204.85
20250901,688093,buy,30082,39.69,3581.79
20250901,000617,buy,91824,13.0,3581.9
20250901,300545,sell,2044,35.9,220.15
20250901,002916,sell,2018,198.68,1202.78
20250901,300811,buy,21295,56.07,3581.89
20250901,300682,buy,45397,26.3,3581.82
20250901,603516,buy,12345,96.71,3581.65
20250901,300690,buy,33397,35.75,3581.83
20250901,000920,buy,91859,13.0,3581.9
20250901,002020,buy,60028,19.89,3581.87
20250901,002392,buy,135217,8.83,3581.9
20250901,002611,buy,64158,18.61,3581.88
20250901,300810,buy,21669,55.1,3581.89
20250901,301397,buy,25468,46.88,3581.82
20250901,002378,buy,76980,15.51,3581.88
20250901,600262,buy,48933,24.4,3581.9
20250901,603181,buy,71111,16.79,3581.86
20250901,601688,buy,495,21.2,31.49
20250901,601717,buy,54996,21.71,3581.89
20250901,300533,buy,42616,28.02,3581.84
20250901,301040,buy,30150,39.6,3581.82
20250901,603236,buy,11178,106.81,3581.77
20250901,002623,buy,6164,21.37,395.17
20250901,300304,buy,82712,14.44,3581.9
20250901,301165,buy,16218,73.62,3581.81
20250901,000408,buy,22591,52.85,3581.76
20250901,601089,buy,7271,24.87,542.49
20250901,002926,buy,90796,10.48,2853.43
20251009,002545,sell,113494,13.69,4661.2
20251009,300545,sell,33257,32.25,3217.76
20251009,600967,sell,47081,18.73,2645.48
20251009,300600,sell,62025,15.7,2921.38
20251009,002987,sell,57329,17.78,3058.73
20251009,300414,sell,87985,12.07,3185.94
20251009,301061,sell,15345,67.6,3111.8
20251009,002396,sell,43733,23.34,3061.77
20251009,601336,sell,18342,61.14,3364.46
20251009,002209,sell,74159,15.0,3337.16
20251009,601089,sell,48008,22.46,3234.78
20251009,688208,sell,29224,39.06,3424.13
20251009,601886,sell,163923,6.89,3386.77
20251009,000811,sell,88573,13.8,3666.92
20251009,002938,sell,20414,56.11,3436.29
20251009,002342,sell,140137,7.53,3165.69
20251009,002623,sell,55871,20.04,3358.96
20251009,300609,sell,21875,38.29,2512.78
20251009,688588,sell,59608,18.7,3344.01
20251009,600595,sell,231976,5.33,3711.03
20251009,002953,sell,78416,13.21,3108.8
20251009,300218,sell,49460,18.42,2733.16
20251009,603969,sell,122836,10.89,4013.05
20251009,002871,sell,66914,16.07,3225.67
20251009,600835,sell,41643,27.21,3399.32
20251009,300443,sell,45876,30.23,4160.18
20251009,300234,sell,199326,5.39,3223.1
20251009,300045,sell,45921,23.13,3186.46
20251009,688425,sell,207285,5.48,3407.77
20251009,603920,sell,30405,45.92,4188.69
20251009,601233,sell,81666,14.66,3591.67
20251009,600997,sell,179128,7.03,3779.98
20251009,300455,sell,62153,17.65,3291.0
20251009,001283,sell,20504,61.8,3801.61
20251009,688170,sell,30135,39.47,3568.29
20251009,002625,sell,22527,50.2,3392.57
20251009,002277,sell,147221,6.69,2954.73
20251009,300066,sell,151711,7.23,3290.61
20251009,301219,sell,16596,79.98,3982.17
20251009,603228,sell,19689,62.9,3715.43
20251009,301330,sell,34428,32.73,3380.49
20251009,000514,sell,221515,5.44,3615.12
20251009,688093,sell,30082,39.13,3531.38
20251009,000617,sell,91824,10.89,3000.9
20251009,300682,sell,45397,19.75,2689.77
20251009,603516,sell,12345,151.6,5614.51
20251009,000920,sell,91859,13.02,3587.38
20251009,300810,sell,21669,46.5,3022.83
20251009,301397,sell,25468,41.88,3199.8
20251009,002378,sell,76980,13.23,3055.34
20251009,600262,sell,48933,22.83,3351.42
20251009,300533,sell,42616,26.0,3323.91
20251009,301040,sell,30150,22.41,2026.98
20251009,603236,sell,11178,107.89,3617.98
20251009,301165,sell,16218,65.32,3178.03
20251009,002926,sell,90796,10.14,2761.21
20251009,600531,buy,82814,14.25,3540.3
20251009,300724,sell,192,108.77,62.65
20251009,002249,buy,102972,11.46,3540.31
20251009,002245,sell,9033,13.32,360.92
20251009,002850,buy,6223,189.62,3540.04
20251009,603979,sell,1531,74.88,343.92
20251009,603040,sell,3466,81.42,846.65
20251009,300304,buy,9179,12.84,353.64
20251009,600301,sell,1496,34.52,154.93
20251009,600211,buy,61,46.7,8.55
20251009,600522,buy,59005,20.0,3540.3
20251009,000596,buy,567,154.72,263.17
20251009,300767,sell,6010,24.44,440.65
20251009,000830,buy,4828,14.25,206.4
20251009,601717,sell,7659,24.93,572.82
20251009,605117,buy,20704,57.0,3540.25
20251009,000776,sell,4227,23.09,292.79
20251009,002429,sell,28838,6.68,577.91
20251009,603757,buy,25533,46.22,3540.2
20251009,600660,buy,16973,69.53,3540.25
20251009,000568,buy,302,128.44,116.37
20251009,300811,sell,1716,60.28,310.3
20251009,002150,buy,58363,20.22,3540.28
20251009,603811,buy,11712,12.6,442.71
20251009,000408,sell,2979,60.18,537.79
20251009,300274,sell,4660,157.11,2196.33
20251009,603699,buy,26296,44.88,3540.29
20251009,603380,sell,1969,46.64,275.5
20251009,601609,sell,10966,13.48,443.47
20251009,601001,sell,7762,14.39,335.09
20251009,002158,buy,43498,27.13,3540.3
20251009,001332,buy,23482,50.25,3540.18
20251009,601958,sell,184,16.35,9.03
20251009,300677,sell,699,36.7,76.96
20251009,688472,buy,84353,13.99,3540.3
20251009,601969,buy,132745,8.89,3540.32
20251009,000893,buy,29283,40.3,3540.31
20251009,002920,buy,8017,147.2,3540.28
20251009,300827,buy,32305,36.53,3540.22
20251009,300408,buy,24540,48.09,3540.24
20251009,002392,sell,17793,10.05,536.46
20251009,603225,sell,3403,16.05,163.85
20251009,002046,buy,8444,26.51,671.55
20251009,603367,buy,58975,20.01,3540.32
20251009,601619,buy,211077,5.59,3540.32
20251009,002611,sell,1250,18.76,70.35
20251009,002714,buy,557,51.37,85.85
20251009,002773,buy,3668,36.66,403.41
20251009,600486,buy,16661,70.83,3540.3
20251009,002463,sell,1153,73.61,254.61
20251009,002939,buy,1786,11.63,62.3
20251009,300033,buy,139,267.13,111.39
20251009,603058,buy,123442,9.56,3540.32
20251009,603166,buy,62287,18.95,3540.33
20251009,600114,buy,36156,32.64,3540.24
20251009,002270,buy,58097,20.31,3540.32
20251009,001206,buy,38792,30.42,3540.32
20251009,300457,sell,10424,34.48,1078.26
20251009,603181,sell,13628,20.53,839.35
20251009,600183,buy,21240,55.56,3540.28
20251009,688499,sell,2792,71.27,596.96
20251009,601156,sell,2086,15.83,99.06
20251009,000926,buy,460980,2.56,3540.33
20251009,002020,sell,1837,20.28,111.76
20251009,300456,sell,2821,25.17,213.05
20251009,603259,sell,283,111.08,94.31
20251009,300004,buy,88331,13.36,3540.31
20251009,300357,buy,41024,28.77,3540.24
20251009,002916,sell,1027,236.86,729.78
20251009,000700,buy,109691,10.76,3540.33
20251009,000425,buy,103791,11.37,3540.31
20251009,300893,buy,43137,27.36,3540.32
20251009,000977,buy,15544,75.92,3540.2
20251009,601929,buy,322434,3.66,3540.33
20251009,300690,sell,4606,40.99,566.4
20251009,002736,buy,5661,13.35,226.77
20251009,603444,buy,2198,536.8,3539.68
20251009,000021,buy,38490,30.66,3540.31
20251009,002287,buy,45319,26.04,3540.32
20251009,601689,buy,14944,78.96,3540.09
20251009,601688,sell,3262,22.25,217.71
20251009,301035,buy,14801,79.73,3540.25
20251009,301002,buy,30462,38.74,3540.29
20251009,002353,buy,21111,55.9,3540.31
20251009,600208,buy,31168,4.41,412.35
20251009,002091,buy,129002,9.15,3540.32
20251009,301538,buy,12264,96.22,3540.13
20251009,603222,buy,107478,10.98,3540.33
20251009,603456,buy,57259,20.61,3540.32
20251009,688029,buy,12016,98.21,3540.27
20251009,688082,buy,5960,197.99,3540.06
20251009,000728,buy,129749,9.1,3540.32
20251009,688332,buy,10690,110.39,3540.11
20251009,603203,buy,36088,32.7,3540.23
20251009,000630,buy,202106,5.84,3540.32
20251009,002028,buy,10531,112.05,3540.0
20251009,300499,buy,36581,32.26,3540.31
20251009,300684,buy,29472,40.04,3540.22
20251009,688702,buy,9326,126.53,3540.06
20251009,688039,buy,15129,63.9,2900.23
20251103,002773,sell,32190,33.12,3198.4
20251103,002736,sell,88380,13.84,3669.21
20251103,000776,sell,51113,22.42,3437.86
20251103,002463,sell,16033,71.3,3429.36
20251103,601001,sell,82009,15.74,3872.46
20251103,300767,sell,48286,21.75,3150.66
20251103,600208,sell,267598,4.25,3411.87
20251103,300677,sell,32156,38.47,3711.12
20251103,601958,sell,72178,14.97,3241.51
20251103,603259,sell,10624,94.9,3024.61
20251103,601156,sell,74549,16.02,3582.82
20251103,603811,sell,93659,12.0,3371.72
20251103,603225,sell,73528,15.64,3449.93
20251103,002714,sell,22971,50.63,3489.38
20251103,601688,sell,53045,21.38,3402.83
20251103,000830,sell,82814,13.54,3363.9
20251103,601609,sell,87546,11.32,2973.06
20251103,300457,sell,34226,29.25,3003.33
20251103,300274,sell,7512,198.51,4473.72
20251103,300033,sell,4417,252.1,3340.59
20251103,002046,sell,44515,28.81,3847.43
20251103,300456,sell,46879,26.12,3672.88
20251103,688499,sell,16559,59.1,2935.91
20251103,300811,sell,19579,56.72,3331.38
20251103,002020,sell,58191,18.7,3264.52
20251103,002392,sell,117424,8.18,2881.58
20251103,002611,sell,62908,20.85,3935.8
20251103,601717,sell,47337,23.61,3352.88
20251103,600531,sell,82814,12.01,2983.79
20251103,600522,sell,59005,16.8,2973.85
20251103,002150,sell,58363,20.84,3648.51
20251103,603699,sell,26296,53.69,4235.5
20251103,001332,sell,23482,42.62,3002.29
20251103,002920,sell,8017,115.42,2775.95
20251103,300827,sell,32305,33.69,3264.93
20251103,603367,sell,58975,21.66,3832.2
20251103,600486,sell,16661,67.25,3361.36
20251103,603058,sell,123442,9.23,3418.11
20251103,603166,sell,62287,15.67,2928.46
20251103,600114,sell,36156,28.84,3128.11
20251103,600183,sell,21240,63.68,4057.69
20251103,000926,sell,460980,2.53,3498.84
20251103,300004,sell,88331,11.6,3073.92
20251103,300357,sell,41024,34.99,4305.7
20251103,000700,sell,109691,9.82,3231.35
20251103,300893,sell,43137,25.37,3283.16
20251103,000977,sell,15544,63.74,2972.54
20251103,601929,sell,322434,4.07,3936.92
20251103,002287,sell,45319,25.4,3453.31
20251103,601689,sell,14944,73.55,3297.41
20251103,301035,sell,14801,73.35,3256.96
20251103,301002,sell,30462,33.12,3026.7
20251103,002353,sell,21111,50.64,3207.18
20251103,002091,sell,129002,9.25,3578.39
20251103,301538,sell,12264,82.21,3024.67
20251103,603222,sell,107478,10.3,3321.07
20251103,603456,sell,57259,20.26,3480.2
20251103,688029,sell,12016,83.62,3014.33
20251103,688082,sell,5960,174.57,3121.31
20251103,000728,sell,129749,8.61,3351.35
20251103,688332,sell,10690,91.55,2935.97
20251103,603203,sell,36088,32.82,3553.22
20251103,002028,sell,10531,136.0,4296.65
20251103,300499,sell,36581,27.83,3054.15
20251103,300684,sell,29472,45.24,3999.9
20251103,688039,sell,15129,52.1,2364.66
20251103,002487,buy,22085,50.85,3369.23
20251103,601898,buy,78429,14.32,3369.31
20251103,300408,sell,1855,49.51,275.53
20251103,300724,buy,1015,94.65,288.21
20251103,300328,buy,63096,17.8,3369.33
20251103,600382,buy,158397,7.09,3369.33
20251103,002249,sell,9981,12.08,361.64
20251103,603036,buy,53212,21.11,3369.31
20251103,002850,buy,282,172.63,146.05
20251103,600660,buy,326,64.92,63.49
20251103,002545,buy,64361,17.45,3369.3
20251103,002138,buy,29783,37.71,3369.32
20251103,002158,buy,2305,24.52,169.56
20251103,605117,sell,581,55.81,97.28
20251103,603979,buy,1909,63.56,364.01
20251103,688472,sell,19769,17.39,1031.35
20251103,300018,buy,95259,11.79,3369.31
20251103,002947,buy,22854,49.14,3369.22
20251103,600301,buy,3088,30.13,279.12
20251103,603040,buy,7,77.45,1.63
20251103,002939,buy,2175,10.83,70.69
20251103,601619,buy,43165,4.42,572.04
20251103,000568,sell,779,133.56,312.13
20251103,601126,buy,40567,27.69,3369.32
20251103,300389,buy,66417,16.91,3369.33
20251103,000737,buy,74427,15.09,3369.31
20251103,603218,buy,77831,14.43,3369.3
20251103,000603,buy,48410,23.2,3369.34
20251103,600262,buy,39297,28.58,3369.32
20251103,603380,buy,2217,40.81,271.43
20251103,002245,buy,1747,12.43,65.15
20251103,002056,buy,53228,21.1,3369.33
20251103,000021,buy,2876,27.15,234.25
20251103,000915,buy,32686,34.36,3369.27
20251103,000783,buy,129242,8.69,3369.34
20251103,002415,buy,35243,31.87,3369.32
20251103,002270,sell,14384,25.69,1108.72
20251103,603986,buy,4888,229.77,3369.28
20251103,300235,buy,62874,17.86,3369.31
20251103,000893,sell,2516,41.96,316.71
20251103,300373,buy,16390,68.52,3369.29
20251103,600846,buy,77616,14.47,3369.31
20251103,002772,buy,80371,13.97,3369.31
20251103,002177,buy,153851,7.3,3369.34
20251103,601061,buy,87432,12.85,3369.32
20251103,002236,buy,56179,19.99,3369.29
20251103,300619,buy,25409,44.2,3369.23
20251103,000630,buy,16974,5.13,261.05
20251103,300509,buy,102661,10.94,3369.33
20251103,603181,buy,5190,17.92,279.01
20251103,300376,buy,208369,5.39,3369.33
20251103,002026,buy,74186,15.14,3369.31
20251103,601326,buy,294008,3.82,3369.33
20251103,000600,buy,126801,8.86,3369.32
20251103,601198,buy,87880,12.78,3369.32
20251103,000792,buy,45636,24.61,3369.31
20251103,000408,buy,238,56.58,40.4
20251103,603757,buy,1144,42.1,144.49
20251103,603163,buy,22244,50.49,3369.3
20251103,002787,buy,103322,10.87,3369.33
20251103,002429,buy,4483,6.2,83.38
20251103,301031,buy,9407,119.38,3369.02
20251103,002690,buy,55415,20.27,3369.29
20251103,000596,sell,525,158.14,249.07
20251103,000960,buy,48780,23.02,3369.28
20251103,002518,buy,25369,44.27,3369.3
20251103,300948,buy,57155,19.65,3369.29
20251103,603500,buy,89777,12.51,3369.33
20251103,600173,buy,123964,9.06,3369.34
20251103,688691,buy,9556,117.52,3369.06
20251103,002782,buy,58569,19.18,3369.29
20251103,603061,buy,12803,87.72,3369.29
20251103,605060,buy,34706,32.36,3369.26
20251103,600988,buy,37854,29.67,3369.29
20251103,000923,buy,61105,18.38,3369.33
20251103,002916,buy,180,217.51,117.46
20251103,603298,buy,42091,26.68,3369.33
20251103,600033,buy,317401,3.54,3369.34
20251103,605318,buy,16965,66.2,3369.25
20251103,300285,buy,48181,23.31,3369.3
20251103,301448,buy,18366,61.15,3369.24
20251103,603391,buy,21481,52.28,3369.3
20251103,603316,buy,80857,13.89,3369.31
20251103,300690,buy,5078,33.16,505.16
20251103,601011,buy,283614,3.96,3369.33
20251103,300304,sell,1201,12.38,44.62
20251103,603444,buy,233,461.93,322.89
20251103,000623,buy,52457,21.41,3369.31
20251103,601969,sell,19449,9.91,578.4
20251103,688702,buy,159,118.4,56.48
20251103,301606,buy,15682,71.61,3369.13
20251103,301123,buy,24396,46.04,3369.23
20251103,688676,buy,15431,72.78,3369.18
20251103,000425,buy,1864,10.63,59.44
20251103,301158,buy,60577,18.54,3369.31
20251103,605305,buy,25019,44.89,3369.31
20251103,688148,buy,131666,8.53,3369.33
20251103,600211,sell,271,44.93,36.53
20251103,001206,buy,466,28.61,39.99
20251103,301345,buy,4045,221.1,2683.1
20251201,603979,sell,17670,65.9,3493.36
20251201,002916,sell,5163,195.91,3034.49
20251201,603380,sell,27520,36.68,3028.3
20251201,600211,sell,24998,41.61,3120.51
20251201,300724,sell,11865,84.92,3022.73
20251201,002245,sell,90354,10.99,2978.96
20251201,002939,sell,103675,10.08,3134.84
20251201,000568,sell,8409,134.27,3387.33
20251201,000596,sell,7102,165.61,3528.57
20251201,300690,sell,33869,30.07,3055.32
20251201,603181,sell,62673,14.67,2758.24
20251201,300304,sell,90690,11.38,3095.58
20251201,603757,sell,26677,36.64,2932.34
20251201,002158,sell,45803,22.47,3087.58
20251201,001206,sell,39258,31.15,3668.98
20251201,000425,sell,105655,10.17,3223.53
20251201,603444,sell,2431,433.52,3161.64
20251201,000021,sell,41366,24.61,3054.05
20251201,000630,sell,219080,5.42,3562.24
20251201,688702,sell,9485,131.0,3727.61
20251201,300328,sell,63096,16.82,3183.82
20251201,600382,sell,158397,6.57,3124.13
20251201,002947,sell,22854,44.88,3076.93
20251201,000737,sell,74427,14.89,3324.65
20251201,002056,sell,53228,19.24,3072.32
20251201,000783,sell,129242,8.12,3148.34
20251201,002415,sell,35243,29.89,3160.55
20251201,603986,sell,4888,212.51,3116.25
20251201,300373,sell,16390,64.83,3187.54
20251201,002177,sell,153851,6.75,3115.48
20251201,002236,sell,56179,18.81,3169.75
20251201,300376,sell,208369,6.05,3781.9
20251201,002026,sell,74186,14.93,3322.73
20251201,603163,sell,22244,52.97,3534.79
20251201,301031,sell,9407,102.82,2901.68
20251201,002690,sell,55415,19.41,3227.04
20251201,002518,sell,25369,44.12,3357.98
20251201,603500,sell,89777,11.35,3056.91
20251201,688691,sell,9556,112.45,3223.72
20251201,002782,sell,58569,17.92,3147.81
20251201,605060,sell,34706,35.22,3667.04
20251201,603298,sell,42091,24.85,3137.89
20251201,605318,sell,16965,52.18,2655.7
20251201,300285,sell,48181,22.9,3310.03
20251201,301448,sell,18366,60.23,3318.55
20251201,000623,sell,52457,19.22,3024.67
20251201,301606,sell,15682,61.25,2881.56
20251201,301123,sell,24396,41.42,3031.14
20251201,688676,sell,15431,79.26,3669.32
20251201,301345,sell,4045,207.02,2512.24
20251201,601898,buy,2281,13.65,93.41
20251201,600033,sell,28637,3.82,327.77
20251201,002487,sell,83,50.07,12.47
20251201,600846,sell,13563,17.2,699.85
20251201,002255,buy,91597,12.03,3305.06
20251201,002394,buy,92370,11.93,3305.06
20251201,002545,sell,2153,17.71,114.39
20251201,000915,buy,24,33.68,2.42
20251201,600262,buy,3321,25.85,257.54
20251201,601969,sell,18336,11.6,638.19
20251201,000893,sell,2257,44.95,304.36
20251201,300867,buy,50080,22.0,3305.07
20251201,603316,sell,8329,15.19,379.55
20251201,601061,sell,11935,14.59,522.49
20251201,300445,buy,51262,21.49,3305.05
20251201,002138,buy,2108,34.55,218.46
20251201,300274,buy,6165,178.7,3305.05
20251201,600173,buy,15668,7.89,370.86
20251201,300055,buy,136180,8.09,3305.09
20251201,601619,buy,4989,4.25,63.61
20251201,300509,sell,20075,13.34,803.4
20251201,605117,sell,1036,57.72,179.4
20251201,600660,buy,42,63.53,8.0
20251201,601107,buy,187682,5.87,3305.08
20251201,600988,sell,3350,31.93,320.9
20251201,002787,sell,9799,11.78,346.3
20251201,002249,buy,6724,11.05,222.87
20251201,002772,buy,5913,12.77,226.49
20251201,300018,buy,3547,11.15,118.65
20251201,600352,buy,104327,10.56,3305.08
20251201,000338,buy,63425,17.37,3305.08
20251201,600300,buy,313586,3.51,3305.08
20251201,603218,buy,8239,12.8,316.38
20251201,601126,sell,2476,28.92,214.84
20251201,000408,sell,2036,61.85,377.76
20251201,600685,buy,37510,29.37,3305.01
20251201,002330,buy,205924,5.35,3305.08
20251201,002632,buy,81724,13.48,3305.05
20251201,000755,buy,203640,5.41,3305.08
20251201,601225,buy,48130,22.89,3305.09
20251201,002950,buy,94810,11.62,3305.08
20251201,300948,sell,974,19.61,57.3
20251201,600219,buy,248352,4.44,3305.08
20251201,603091,buy,14617,75.37,3305.05
20251201,603353,buy,33235,33.15,3305.03
20251201,603036,sell,2296,21.64,149.04
20251201,603040,sell,660,79.6,157.61
20251201,600060,buy,42503,25.92,3305.03
20251201,688472,buy,4229,16.01,203.12
20251201,002091,buy,119489,9.22,3305.07
20251201,603391,sell,4403,64.51,852.14
20251201,000792,sell,4031,26.48,320.22
20251201,605598,buy,23227,47.43,3304.97
20251201,300235,buy,4364,16.39,214.51
20251201,603766,buy,76741,14.36,3305.08
20251201,601088,buy,26649,41.34,3305.01
20251201,002270,buy,1572,24.33,114.73
20251201,603759,buy,100980,10.91,3305.08
20251201,600828,buy,185470,5.94,3305.08
20251201,000923,sell,2504,18.8,141.23
20251201,605305,buy,1617,41.36,200.64
20251201,605099,buy,29856,36.9,3305.06
20251201,603568,buy,61251,17.99,3305.06
20251201,688336,buy,16871,65.3,3305.03
20251201,002039,buy,61985,17.77,3305.04
20251201,301158,buy,5457,16.68,273.13
20251201,300619,sell,3480,50.24,524.51
20251201,688148,sell,17500,9.65,506.62
20251201,000419,buy,169491,6.5,3305.07
20251201,603890,buy,67382,16.35,3305.09
20251201,603061,sell,64,86.49,16.61
20251201,002659,buy,172409,6.39,3305.08
20251201,000955,buy,159897,6.89,3305.07
20251201,000600,buy,9777,8.07,236.6
20251201,603456,buy,59519,18.51,3305.09
20251201,300447,buy,69108,15.94,3305.05
20251201,000960,sell,4315,24.78,320.74
20251201,000603,sell,9189,28.09,774.36
20251201,601011,buy,9390,3.76,105.92
20251201,600301,sell,8495,38.28,975.57
20251201,603239,buy,56468,19.51,3305.07
20251201,601198,sell,3973,13.13,156.5
20251201,601890,buy,104823,10.51,3305.07
20251201,603185,buy,34182,32.23,3305.06
20251201,603156,buy,39902,27.61,3305.08
20251201,600795,buy,193619,5.69,3305.08
20251201,300677,buy,25338,43.48,3305.09
20251201,600251,buy,124064,8.88,3305.06
20251201,600750,buy,48597,22.67,3305.08
20251201,603217,buy,38901,28.32,3305.03
20251201,300389,buy,1463,16.23,71.23
20251201,002850,buy,620,154.61,287.57
20251201,002264,buy,117201,9.4,3305.07
20251201,000333,buy,13771,80.0,3305.04
20251201,002595,buy,23136,47.62,3304.97
20251201,600995,buy,87758,12.55,3305.06
20251201,002429,sell,11394,6.49,221.84
20251201,600338,buy,75407,14.61,3305.09
20251201,300408,buy,305,42.66,39.03
20251201,601326,buy,2,3.55,0.02
