date,code,direction,qty,price,cost
20220104,603599,buy,57807,17.3,3000.0
20220104,300660,buy,64554,15.49,3000.0
20220104,603005,buy,30397,32.9,2999.91
20220104,603229,buy,78770,12.7,2999.97
20220104,601728,buy,276710,3.61,2999.99
20220104,600742,buy,99762,10.02,2999.99
20220104,002270,buy,126897,7.88,2999.99
20220104,688298,buy,7649,130.73,2999.88
20220104,300519,buy,47439,21.08,2999.98
20220104,600285,buy,70450,14.19,2999.97
20220104,002483,buy,127750,7.83,2999.98
20220104,603037,buy,135782,7.36,2999.99
20220104,601199,buy,169801,5.89,2999.99
20220104,601169,buy,286058,3.5,2999.99
20220104,603886,buy,56701,17.64,3000.0
20220104,600012,buy,170375,5.87,2999.99
20220104,002677,buy,71387,14.01,2999.97
20220104,688378,buy,47918,20.87,2999.96
20220104,002722,buy,64913,15.41,3000.0
20220104,300358,buy,40670,24.59,2999.95
20220104,600325,buy,196606,5.09,2999.99
20220104,601985,buy,133367,7.5,3000.0
20220104,300856,buy,75207,13.3,2999.99
20220104,002873,buy,65351,15.3,2999.99
20220104,300580,buy,83633,11.96,2999.99
20220104,603095,buy,90332,11.07,2999.99
20220104,600750,buy,84759,11.8,2999.97
20220104,688678,buy,62668,15.96,2999.99
20220104,600874,buy,156825,6.38,3000.0
20220104,002056,buy,61468,16.27,2999.97
20220104,002191,buy,78131,12.8,2999.99
20220104,688556,buy,75214,13.3,2999.96
20220104,603279,buy,38376,26.06,2999.95
20220104,002101,buy,94765,10.55,2999.98
20220104,603239,buy,62383,16.03,2999.98
20220104,000059,buy,145742,6.86,2999.99
20220104,600283,buy,106948,9.35,2999.98
20220104,002068,buy,95419,10.48,2999.97
20220104,603896,buy,21816,45.84,2999.93
20220104,300893,buy,79559,12.57,2999.99
20220104,003025,buy,83126,12.03,2999.97
20220104,000823,buy,78023,12.82,3000.0
20220104,002557,buy,18338,54.53,3000.0
20220104,600873,buy,152716,6.55,2999.98
20220104,000429,buy,168012,5.95,3000.0
20220104,603809,buy,132644,7.54,2999.99
20220104,300653,buy,25056,39.91,2999.99
20220104,603617,buy,116595,8.58,2999.97
20220104,300547,buy,77243,12.95,2999.98
20220104,603006,buy,105214,9.5,3000.0
20220104,000567,buy,186760,5.35,3000.0
20220104,605377,buy,116992,8.55,3000.0
20220104,300394,buy,56218,17.79,2999.99
20220104,603369,buy,20020,49.95,2999.86
20220104,600455,buy,42881,23.32,2999.95
20220104,002463,buy,64043,15.61,2999.96
20220104,002892,buy,106082,9.43,2999.97
20220104,603801,buy,57919,17.27,2999.96
20220104,002815,buy,63779,15.68,2999.96
20220104,603258,buy,35431,28.22,2999.97
20220104,600535,buy,70521,14.18,2999.99
20220104,688399,buy,12419,80.52,2999.79
20220104,605111,buy,16362,61.12,2999.95
20220104,605399,buy,43632,22.92,2999.98
20220104,600039,buy,150213,6.66,3000.0
20220104,000049,buy,20649,48.43,2999.86
20220104,601919,buy,90054,11.1,2999.99
20220104,603100,buy,69475,14.39,2999.98
20220104,603327,buy,150236,6.66,2999.99
20220104,600173,buy,162654,6.15,2999.99
20220104,688586,buy,60984,16.4,2999.99
20220104,603466,buy,52822,18.93,2999.95
20220104,600449,buy,90241,11.08,2999.98
20220104,002940,buy,57052,17.53,2999.99
20220104,600764,buy,27221,36.74,2999.95
20220104,603698,buy,55996,17.86,2999.96
20220104,002003,buy,122573,8.16,2999.98
20220104,600015,buy,229938,4.35,2999.99
20220104,002725,buy,95538,10.47,3000.0
20220104,601677,buy,34063,29.36,2999.98
20220104,603319,buy,75841,13.19,2999.96
20220104,605369,buy,16119,62.04,3000.0
20220104,600668,buy,63759,15.68,2999.96
20220104,300863,buy,47526,21.04,2999.96
20220104,603112,buy,84970,11.77,2999.97
20220104,600033,buy,413969,2.42,3000.0
20220104,601988,buy,415463,2.41,3000.0
20220104,603637,buy,105445,9.48,2999.98
20220104,002254,buy,55126,18.14,3000.0
20220104,601881,buy,98997,10.1,2999.97
20220104,603199,buy,48348,20.68,2999.98
20220104,603966,buy,168131,5.95,3000.0
20220104,688300,buy,26250,38.1,2999.98
20220104,002884,buy,48281,20.71,2999.94
20220104,600113,buy,156231,6.4,2999.98
20220104,002839,buy,255571,3.91,3000.0
20220104,002293,buy,90270,11.08,2999.97
20220104,601515,buy,163117,6.13,2999.99
20220104,300501,buy,81521,12.27,2999.99
20220104,000989,buy,71234,9.85,2105.2
20220207,603229,sell,78770,14.07,3326.05
20220207,600742,sell,99762,9.04,2706.7
20220207,603037,sell,135782,6.34,2581.78
20220207,688378,sell,47918,16.77,2410.88
20220207,002722,sell,64913,14.93,2907.35
20220207,300358,sell,40670,19.7,2403.51
20220207,002873,sell,65351,13.35,2616.56
20220207,002191,sell,78131,14.84,3478.96
20220207,688556,sell,75214,13.92,3141.99
20220207,002101,sell,94765,12.39,3522.18
20220207,603239,sell,62383,12.54,2347.07
20220207,603896,sell,21816,38.76,2536.62
20220207,300893,sell,79559,10.49,2504.21
20220207,000823,sell,78023,11.14,2607.74
20220207,002557,sell,18338,48.12,2647.06
20220207,300653,sell,25056,36.39,2735.13
20220207,300547,sell,77243,13.5,3127.6
20220207,603006,sell,105214,8.53,2690.86
20220207,000567,sell,186760,5.11,2862.28
20220207,300394,sell,56218,16.36,2759.26
20220207,603369,sell,20020,48.18,2893.82
20220207,600455,sell,42881,21.32,2742.67
20220207,002463,sell,64043,16.88,3244.04
20220207,002815,sell,63779,13.37,2557.97
20220207,603258,sell,35431,23.38,2484.73
20220207,600535,sell,70521,12.11,2562.68
20220207,688399,sell,12419,75.64,2818.22
20220207,605111,sell,16362,53.96,2648.77
20220207,605399,sell,43632,25.78,3374.6
20220207,600039,sell,150213,6.32,2848.84
20220207,000049,sell,20649,41.48,2569.65
20220207,601919,sell,90054,9.37,2530.09
20220207,603100,sell,69475,11.83,2465.31
20220207,688586,sell,60984,13.71,2508.92
20220207,603466,sell,52822,17.64,2795.32
20220207,002940,sell,57052,16.99,2907.46
20220207,600764,sell,27221,30.7,2506.9
20220207,603698,sell,55996,14.81,2487.77
20220207,002003,sell,122573,8.16,3002.28
20220207,002725,sell,95538,8.97,2571.43
20220207,603319,sell,75841,11.24,2558.38
20220207,605369,sell,16119,64.28,3108.4
20220207,600668,sell,63759,13.65,2610.61
20220207,300863,sell,47526,18.34,2615.31
20220207,603112,sell,84970,13.47,3433.1
20220207,601988,sell,415463,2.45,3058.63
20220207,603637,sell,105445,7.93,2508.33
20220207,002254,sell,55126,17.86,2954.41
20220207,601881,sell,98997,9.5,2822.56
20220207,688300,sell,26250,33.22,2616.33
20220207,002884,sell,48281,18.36,2658.67
20220207,600113,sell,156231,6.59,3090.76
20220207,002839,sell,255571,4.34,3329.33
20220207,002293,sell,90270,10.9,2952.93
20220207,300501,sell,81521,12.1,2958.53
20220207,000989,sell,71234,7.52,1606.64
20220207,002034,buy,53792,17.27,2786.95
20220207,600325,sell,28393,5.52,470.42
20220207,601339,buy,177781,5.23,2786.98
20220207,601728,sell,9266,3.47,96.56
20220207,688318,buy,21386,43.44,2786.93
20220207,600012,sell,29618,6.6,586.44
20220207,600033,sell,41086,2.49,307.08
20220207,603599,buy,5954,14.57,260.25
20220207,002818,buy,108547,8.56,2786.98
20220207,603095,sell,12020,11.86,427.77
20220207,000059,sell,11633,6.93,241.75
20220207,002677,sell,2988,13.58,121.75
20220207,603886,buy,1541,15.95,73.74
20220207,003025,sell,3692,11.7,129.54
20220207,000501,buy,93134,9.97,2786.98
20220207,601169,sell,26707,3.58,286.99
20220207,300660,buy,553,14.27,23.67
20220207,002763,buy,128404,7.23,2786.98
20220207,605377,sell,13959,9.02,377.59
20220207,603327,buy,12733,5.7,217.75
20220207,600603,buy,235786,3.94,2786.99
20220207,688298,buy,4,121.38,1.46
20220207,603005,buy,5519,25.87,428.25
20220207,601811,buy,120675,7.7,2786.98
20220207,002039,buy,79028,11.76,2786.96
20220207,300856,buy,6246,11.41,213.71
20220207,600449,sell,7946,11.29,269.1
20220207,000915,buy,35617,26.08,2786.95
20220207,600295,buy,104231,8.91,2786.98
20220207,600533,buy,295310,3.15,2786.99
20220207,601928,buy,154328,6.02,2786.99
20220207,601717,buy,94403,9.84,2786.96
20220207,002543,buy,150520,6.17,2786.99
20220207,600283,sell,4197,9.04,113.84
20220207,600873,sell,6906,6.37,132.0
20220207,600015,sell,21508,4.46,287.59
20220207,600874,sell,2871,6.03,51.97
20220207,601019,buy,181716,5.11,2786.99
20220207,300771,buy,84377,11.01,2786.96
20220207,600729,buy,43945,21.14,2786.93
20220207,600050,buy,278071,3.34,2786.99
20220207,605100,buy,82290,11.29,2786.98
20220207,600223,buy,85056,10.92,2786.97
20220207,300580,sell,7115,12.14,259.15
20220207,600582,buy,273997,3.39,2786.99
20220207,002483,sell,1661,7.37,36.71
20220207,000830,buy,79157,11.74,2786.97
20220207,000651,buy,32590,28.51,2786.94
20220207,601677,sell,1815,28.81,156.86
20220207,000429,sell,17815,6.19,330.57
20220207,000932,buy,193458,4.8,2786.98
20220207,002406,buy,175749,5.29,2786.98
20220207,002753,buy,112718,8.24,2786.98
20220207,688606,buy,13690,67.86,2786.92
20220207,600173,buy,6853,5.48,112.67
20220207,003816,buy,348119,2.67,2786.99
20220207,600097,buy,93483,9.94,2786.98
20220207,600585,buy,27086,34.3,2786.89
20220207,002296,buy,132750,7.0,2786.98
20220207,688068,buy,10748,86.43,2786.9
20220207,002508,buy,30804,30.16,2786.97
20220207,002068,buy,58,9.73,1.69
20220207,601518,buy,511503,1.82,2786.99
20220207,603617,sell,13423,9.0,362.6
20220207,603199,sell,6275,22.08,415.67
20220207,601199,sell,1716,5.53,28.45
20220207,601985,buy,5507,6.69,110.52
20220207,603966,buy,7167,5.3,113.94
20220207,600426,buy,32786,28.33,2786.94
20220207,603926,buy,85999,10.8,2786.98
20220207,002056,buy,1112,14.84,49.52
20220207,601515,buy,12980,5.28,205.43
20220207,601699,buy,105434,8.81,2786.99
20220207,002233,buy,111264,8.35,2786.97
20220207,603279,buy,2630,22.65,178.75
20220207,601688,buy,61028,15.22,2786.98
20220207,603086,buy,180265,5.15,2786.98
20220207,000612,buy,146419,6.34,2786.97
20220207,605277,buy,83957,11.07,2786.97
20220207,000690,buy,208033,4.47,2786.98
20220207,002498,buy,206900,4.49,2786.98
20220207,002106,buy,97515,9.53,2786.97
20220207,600750,buy,12771,9.53,364.94
20220207,688678,buy,7654,13.21,303.34
20220207,601006,buy,176567,5.26,2786.98
20220207,000715,buy,259877,3.57,2786.98
20220207,002892,buy,26250,7.02,552.84
20220207,600285,buy,12340,11.22,415.4
20220207,301000,buy,77550,11.98,2786.99
20220207,603697,buy,103174,9.0,2786.99
20220207,300916,buy,36957,25.14,2786.94
20220207,603809,sell,8798,7.5,197.99
20220207,600810,buy,86788,10.7,2786.98
20220207,002270,buy,11725,6.7,235.73
20220207,605368,buy,131043,7.09,2786.97
20220207,603289,buy,108150,8.59,2786.98
20220207,300519,buy,12017,15.62,563.29
20220207,603801,buy,882,15.8,41.8
20220207,600352,buy,85284,10.89,2786.96
20220207,002274,buy,77433,9.86,2291.38
20220301,603005,sell,35916,27.2,2930.55
20220301,002270,sell,138622,7.25,3013.22
20220301,002483,sell,126089,8.02,3034.05
20220301,300856,sell,81453,10.14,2478.52
20220301,688678,sell,70322,12.91,2723.72
20220301,002056,sell,62580,15.19,2852.53
20220301,603279,sell,41006,24.27,2985.79
20220301,000059,sell,134109,6.66,2681.12
20220301,603809,sell,123846,7.19,2672.22
20220301,603617,sell,103172,9.45,2925.83
20220301,002892,sell,132332,6.14,2437.15
20220301,603801,sell,58801,17.33,3057.55
20220301,600173,sell,169507,5.59,2844.35
20220301,600015,sell,208430,4.37,2733.87
20220301,603199,sell,42073,23.22,2930.48
20220301,603966,sell,175298,5.24,2754.09
20220301,601515,sell,176097,5.34,2823.29
20220301,601717,sell,94403,10.44,2956.22
20220301,600223,sell,85056,11.3,2882.32
20220301,601518,sell,511503,1.89,2898.47
20220301,603926,sell,85999,10.95,2825.18
20220301,601688,sell,61028,14.09,2579.05
20220301,603086,sell,180265,5.42,2929.77
20220301,000612,sell,146419,6.65,2918.92
20220301,605277,sell,83957,11.4,2871.99
20220301,301000,sell,77550,11.89,2765.5
20220301,300916,sell,36957,25.37,2812.5
20220301,605368,sell,131043,7.41,2912.04
20220301,603289,sell,108150,8.74,2835.39
20220301,002274,sell,77433,9.67,2246.33
20220301,002034,sell,5600,19.77,332.09
20220301,600325,buy,13384,5.25,210.63
20220301,601339,buy,4007,5.24,62.99
20220301,601728,buy,12112,3.41,123.82
20220301,000830,sell,7878,13.36,315.86
20220301,603886,buy,3249,15.49,151.0
20220301,002818,buy,1860,8.63,48.15
20220301,300660,buy,1066,14.4,46.04
20220301,600533,buy,487,3.22,4.71
20220301,002039,sell,3793,12.66,144.08
20220301,600449,sell,2255,11.9,80.52
20220301,600012,buy,12235,6.23,228.55
20220301,688298,sell,606,135.18,245.76
20220301,002677,buy,6009,12.8,230.79
20220301,600033,buy,12083,2.47,89.7
20220301,603599,sell,1714,15.35,78.95
20220301,600050,buy,405,3.42,4.16
20220301,603095,buy,2460,11.79,87.04
20220301,600295,sell,6456,9.74,188.7
20220301,000807,buy,74647,12.76,2857.84
20220301,605100,sell,9533,13.09,374.46
20220301,000915,sell,2440,28.71,210.18
20220301,601019,sell,3252,5.34,52.08
20220301,688606,sell,1860,80.53,449.34
20220301,600874,sell,4136,6.36,78.9
20220301,600603,buy,596,4.03,7.21
20220301,600585,buy,1636,33.17,162.78
20220301,601811,buy,632,7.85,14.89
20220301,605377,sell,3163,9.54,90.51
20220301,601928,sell,4656,6.36,88.9
20220301,002296,sell,9620,7.74,223.28
20220301,688318,buy,4578,36.69,503.89
20220301,601919,buy,94409,10.09,2857.84
20220301,000501,buy,4160,9.79,122.19
20220301,600901,buy,337487,2.82,2857.86
20220301,601169,buy,8352,3.56,89.16
20220301,002233,buy,1062,8.48,27.02
20220301,003025,sell,1922,12.29,70.86
20220301,000731,buy,111313,8.56,2857.86
20220301,000932,sell,1121,4.95,16.66
20220301,601199,buy,4855,5.51,80.23
20220301,600283,buy,4201,8.91,112.25
20220301,688068,sell,2057,109.62,676.47
20220301,002406,sell,2824,5.51,46.67
20220301,000429,buy,8567,6.0,154.21
20220301,601985,sell,275,6.87,5.67
20220301,600582,sell,6411,3.56,68.47
20220301,000651,buy,2090,27.47,172.23
20220301,600598,buy,75502,12.62,2857.86
20220301,600426,sell,2301,31.25,215.72
20220301,600352,buy,3655,10.71,117.44
20220301,601699,sell,15226,10.56,482.37
20220301,002763,buy,5256,7.13,112.38
20220301,603697,buy,3989,8.89,106.38
20220301,000883,buy,221329,4.3,2857.85
20220301,601677,buy,999,28.65,85.87
20220301,600810,buy,740,10.88,24.16
20220301,603037,buy,150053,6.35,2857.85
20220301,603327,buy,9026,5.54,149.98
20220301,300580,buy,4337,11.78,153.29
20220301,000800,buy,111460,8.55,2857.84
20220301,002106,buy,1704,9.6,49.08
20220301,601006,buy,3161,5.3,50.26
20220301,300771,sell,241,11.32,8.19
20220301,600750,sell,494,9.82,14.55
20220301,003816,buy,8852,2.67,70.87
20220301,605117,buy,25434,37.45,2857.77
20220301,600512,buy,264195,3.61,2857.85
20220301,000690,buy,2857,4.52,38.72
20220301,000581,buy,55558,17.15,2857.84
20220301,002757,buy,56801,16.77,2857.86
20220301,002649,buy,74546,12.78,2857.85
20220301,600694,buy,82445,11.55,2857.83
20220301,000715,sell,8107,3.78,92.02
20220301,000617,buy,190253,5.01,2857.86
20220301,600308,buy,236571,4.03,2857.85
20220301,600097,sell,7031,11.02,232.43
20220301,600285,sell,3836,12.07,138.85
20220301,600720,buy,96406,9.88,2857.85
20220301,688399,buy,12314,77.36,2857.7
20220301,002543,buy,6393,6.07,116.44
20220301,600548,buy,114392,8.33,2857.86
20220301,002753,sell,2223,8.62,57.5
20220301,600873,sell,8948,6.96,186.85
20220301,600398,buy,224953,4.23,2857.85
20220301,600566,buy,45969,20.72,2857.8
20220301,002498,buy,3913,4.52,53.05
20220301,688618,buy,39586,24.06,2857.83
20220301,600039,buy,140575,6.78,2857.86
20220301,600219,buy,242867,3.92,2857.86
20220301,601336,buy,29015,32.83,2857.77
20220301,300519,sell,5515,17.66,292.19
20220301,300823,buy,56878,16.75,2857.86
20220301,000425,buy,192464,4.95,2857.86
20220301,603685,buy,83821,11.36,2857.83
20220301,002068,sell,12784,11.52,441.82
20220301,601318,buy,22677,42.01,2857.74
20220301,002508,buy,2776,28.37,236.25
20220301,600729,buy,3786,19.96,226.68
20220301,002873,buy,53204,16.11,2570.98
20220401,300519,sell,53941,18.81,3043.72
20220401,600285,sell,78954,11.26,2668.04
20220401,601199,sell,172940,6.12,3175.93
20220401,300580,sell,80855,8.75,2122.67
20220401,600283,sell,106952,8.85,2838.45
20220401,002068,sell,82693,11.29,2800.81
20220401,600873,sell,136862,7.66,3144.7
20220401,601677,sell,33247,28.77,2869.98
20220401,002763,sell,133660,6.75,2706.62
20220401,600729,sell,47731,20.26,2900.4
20220401,000651,sell,34680,24.63,2562.18
20220401,002753,sell,110495,8.29,2747.36
20220401,600097,sell,86452,11.38,2951.39
20220401,002296,sell,123130,7.05,2602.97
20220401,002508,sell,33580,25.99,2618.33
20220401,002498,sell,210813,4.13,2609.61
20220401,600810,sell,87528,9.76,2563.36
20220401,601919,sell,94409,9.66,2735.89
20220401,000883,sell,221329,4.06,2692.62
20220401,605117,sell,25434,27.54,2101.17
20220401,688399,sell,12314,84.73,3130.06
20220401,600398,sell,224953,3.8,2564.01
20220401,600566,sell,45969,21.68,2989.18
20220401,688618,sell,39586,18.2,2160.88
20220401,600039,sell,140575,6.03,2541.38
20220401,600219,sell,242867,3.32,2422.32
20220401,300823,sell,56878,17.59,3000.8
20220401,601318,sell,22677,40.02,2722.61
20220401,002873,sell,53204,13.38,2135.71
20220401,600295,sell,8866,10.39,276.42
20220401,600325,sell,43123,6.67,863.23
20220401,601339,buy,9071,4.84,131.74
20220401,601728,sell,289,3.31,2.87
20220401,002034,buy,7899,16.47,390.36
20220401,000830,sell,8208,14.65,360.74
20220401,002818,buy,1008,8.29,25.08
20220401,600033,sell,12838,2.48,95.63
20220401,600533,sell,73863,4.16,922.55
20220401,600012,sell,10541,6.49,205.12
20220401,002039,buy,5691,11.42,194.93
20220401,300660,buy,15524,11.31,526.72
20220401,603095,buy,4349,10.85,141.62
20220401,600449,sell,7103,12.67,269.95
20220401,600050,buy,12000,3.18,114.51
20220401,603599,buy,3756,14.04,158.22
20220401,601811,sell,12459,8.49,317.28
20220401,601019,sell,10107,5.49,166.41
20220401,000429,sell,13532,6.36,258.28
20220401,600603,buy,3613,3.85,41.73
20220401,002233,sell,3277,8.47,83.3
20220401,688318,buy,2015,33.02,199.63
20220401,000807,sell,367,12.44,13.7
20220401,600901,sell,2272,2.76,18.79
20220401,600582,sell,49134,4.23,623.47
20220401,603886,buy,5079,13.88,211.49
20220401,605377,buy,3158,8.97,84.96
20220401,601006,sell,7176,5.35,115.28
20220401,600585,sell,105,32.29,10.17
20220401,688298,sell,1130,156.17,529.41
20220401,601928,sell,10130,6.62,201.23
20220401,000932,buy,5604,4.67,78.48
20220401,300771,sell,8504,12.22,311.68
20220401,002649,buy,804,12.26,29.58
20220401,000800,buy,4736,7.95,112.98
20220401,600997,buy,144156,6.41,2771.94
20220401,603037,buy,3336,6.02,60.29
20220401,000501,sell,1028,9.6,29.6
20220401,603327,buy,4417,5.24,69.4
20220401,688606,sell,1597,90.29,432.6
20220401,605277,buy,83046,11.13,2771.93
20220401,600308,buy,8543,3.77,96.61
20220401,600352,buy,8702,9.46,247.04
20220401,002406,buy,8906,5.08,135.77
20220401,600598,sell,3000,12.74,114.7
20220401,601319,buy,224316,4.12,2771.94
20220401,600548,sell,152,8.09,3.69
20220401,601717,buy,81488,11.34,2771.94
20220401,000731,sell,3233,8.55,82.92
20220401,002677,buy,8662,11.12,289.04
20220401,002133,buy,223426,4.14,2771.94
20220401,000581,buy,1031,16.33,50.5
20220401,600746,buy,77949,11.85,2771.94
20220401,000949,buy,197376,4.68,2771.94
20220401,601169,sell,12543,3.62,136.26
20220401,301000,buy,81315,11.36,2771.92
20220401,601900,buy,122374,7.55,2771.94
20220401,600426,buy,726,29.6,64.48
20220401,600694,sell,657,11.3,22.27
20220401,000006,buy,178857,5.17,2771.94
20220401,600720,buy,366,9.55,10.48
20220401,600015,buy,212082,4.36,2771.94
20220401,688068,sell,997,120.09,359.2
20220401,000715,sell,21640,4.02,260.66
20220401,000915,sell,238,28.05,20.03
20220401,600966,buy,108725,8.5,2771.94
20220401,605368,buy,133328,6.93,2771.94
20220401,002543,sell,1707,5.95,30.49
20220401,600742,buy,114819,8.05,2771.95
20220401,002254,buy,60753,15.21,2771.94
20220401,002757,buy,14722,12.92,570.56
20220401,603277,buy,86505,10.68,2771.94
20220401,605100,buy,17679,10.22,541.88
20220401,003816,buy,15806,2.48,117.53
20220401,300938,buy,69128,13.37,2771.92
20220401,000923,buy,68944,13.4,2771.93
20220401,000617,buy,1999,4.81,28.82
20220401,000425,buy,8657,4.59,119.31
20220401,000048,buy,47505,19.45,2771.92
20220401,300458,buy,53819,17.17,2771.9
20220401,601336,buy,1232,30.55,112.9
20220401,003025,buy,13398,10.16,408.52
20220401,603697,buy,8752,7.97,209.29
20220401,600782,buy,190921,4.84,2771.95
20220401,002106,buy,22077,7.62,504.52
20220401,601699,sell,12582,11.9,449.29
20220401,603950,buy,84489,10.94,2771.92
20220401,600512,sell,24159,3.85,278.99
20220401,605399,buy,35441,26.07,2771.88
20220401,601518,buy,492621,1.88,2771.95
20220401,601985,sell,12748,7.34,280.78
20220401,600987,buy,212810,4.34,2771.94
20220401,603926,buy,94613,9.77,2771.93
20220401,600075,buy,133066,6.94,2771.94
20220401,002022,buy,69280,13.34,2771.91
20220401,000690,buy,9588,4.19,120.54
20220401,600874,sell,15535,6.88,320.68
20220401,603685,buy,666,10.94,21.85
20220401,600750,sell,8066,10.39,251.31
20220401,002483,buy,123129,6.73,2487.14
20220505,600874,sell,134283,6.03,2430.91
20220505,605377,sell,103028,7.27,2245.93
20220505,688318,sell,27979,26.27,2204.72
20220505,002543,sell,155206,5.68,2642.75
20220505,605100,sell,90436,8.58,2328.67
20220505,003816,sell,372777,2.58,2883.23
20220505,000690,sell,220478,3.58,2368.64
20220505,002106,sell,121296,6.71,2443.43
20220505,000715,sell,230130,5.09,3513.89
20220505,603697,sell,115915,6.86,2384.79
20220505,600598,sell,72502,12.5,2718.48
20220505,002757,sell,71523,10.14,2175.2
20220505,002649,sell,75350,9.0,2033.32
20220505,601336,sell,30247,24.69,2240.35
20220505,603685,sell,84487,8.82,2236.3
20220505,002133,sell,223426,3.38,2266.25
20220505,600746,sell,77949,10.6,2477.76
20220505,000949,sell,197376,3.43,2028.95
20220505,600966,sell,108725,6.72,2190.33
20220505,603277,sell,86505,11.81,3064.28
20220505,000923,sell,68944,12.8,2647.87
20220505,000048,sell,47505,17.28,2463.32
20220505,300458,sell,53819,11.54,1863.41
20220505,600782,sell,190921,4.92,2815.71
20220505,603950,sell,84489,9.02,2285.21
20220505,605399,sell,35441,23.75,2524.94
20220505,603926,sell,94613,8.24,2339.63
20220505,002022,sell,69280,8.49,1765.55
20220505,002483,sell,123129,4.88,1804.19
20220505,603599,sell,13824,16.24,673.43
20220505,600325,sell,9548,6.55,187.52
20220505,002818,sell,13274,8.6,342.48
20220505,600295,sell,7992,10.43,250.09
20220505,002034,sell,5208,16.59,259.17
20220505,000830,sell,6505,14.92,291.19
20220505,600603,sell,37101,4.16,463.02
20220505,600050,sell,21374,3.14,201.12
20220505,002039,sell,9686,11.85,344.27
20220505,600033,sell,13986,2.36,98.88
20220505,300660,buy,3278,9.93,97.68
20220505,600533,buy,5819,3.71,64.69
20220505,601728,sell,14934,3.19,143.06
20220505,600901,sell,35608,2.82,300.94
20220505,603095,buy,10462,8.83,277.15
20220505,600012,buy,1551,5.86,27.27
20220505,601019,sell,2173,5.08,33.11
20220505,603037,buy,10034,5.16,155.47
20220505,601339,buy,7399,4.26,94.5
20220505,600449,buy,1533,11.33,52.12
20220505,600582,sell,8818,4.03,106.51
20220505,688606,buy,761,76.77,175.27
20220505,601169,sell,16920,3.54,179.83
20220505,300938,sell,10249,14.34,440.76
20220505,600585,sell,2916,32.84,287.29
20220505,600308,sell,14158,3.65,155.22
20220505,000501,sell,6961,9.45,197.37
20220505,600548,sell,5322,7.75,123.73
20220505,002233,buy,5710,7.35,125.99
20220505,000800,sell,2321,7.41,51.61
20220505,600750,sell,11185,10.85,364.11
20220505,603327,sell,20743,5.42,337.41
20220505,000932,sell,22785,4.82,329.39
20220505,601515,buy,179472,4.7,2532.11
20220505,000429,sell,12061,6.34,229.33
20220505,600398,buy,231571,3.64,2532.11
20220505,600694,sell,11686,12.04,422.11
20220505,600015,sell,8986,4.16,112.03
20220505,601811,buy,4067,7.47,91.2
20220505,601928,buy,10046,5.64,170.05
20220505,002677,sell,9421,11.46,323.9
20220505,601006,sell,7993,5.13,122.99
20220505,300771,buy,2730,10.77,88.21
20220505,003025,sell,5232,9.85,154.63
20220505,605368,sell,15568,7.17,334.75
20220505,000425,sell,11911,4.46,159.4
20220505,002913,buy,29884,28.24,2532.1
20220505,600352,sell,3716,8.99,100.18
20220505,600483,buy,101138,8.35,2532.1
20220505,002270,buy,168134,5.02,2532.11
20220505,000581,sell,5586,16.55,277.33
20220505,301000,buy,101,10.37,3.14
20220505,600720,sell,9198,9.64,265.95
20220505,000915,sell,4978,30.19,450.81
20220505,603587,buy,71181,11.86,2532.1
20220505,601319,sell,17175,4.07,209.95
20220505,000883,buy,221742,3.81,2532.11
20220505,600512,buy,25640,3.18,244.37
20220505,300639,buy,55236,15.28,2532.09
20220505,688399,buy,10204,82.71,2531.97
20220505,000731,sell,1115,7.89,26.39
20220505,600742,buy,8223,6.86,169.22
20220505,605277,buy,13897,8.71,362.98
20220505,601699,sell,98,10.89,3.2
20220505,600211,buy,34974,24.13,2532.05
20220505,300913,buy,98912,8.53,2532.1
20220505,002406,buy,23261,4.12,287.18
20220505,688378,buy,57332,14.72,2532.11
20220505,601518,sell,2967,1.72,15.34
20220505,600618,buy,83754,10.08,2532.1
20220505,300856,buy,79383,10.63,2532.09
20220505,002254,buy,6633,12.53,249.24
20220505,000807,buy,13190,9.65,381.83
20220505,600987,sell,6309,4.09,77.36
20220505,600997,buy,1181,5.81,20.58
20220505,600971,buy,158436,5.33,2532.11
20220505,600867,buy,93573,9.02,2532.1
20220505,603966,buy,161872,5.21,2532.11
20220505,601717,buy,1990,10.11,60.36
20220505,603886,buy,769,12.53,28.92
20220505,600426,sell,1243,28.16,105.03
20220505,000617,buy,3044,4.32,39.47
20220505,000006,buy,28043,4.08,343.2
20220505,002110,buy,140629,6.0,2532.1
20220505,605500,buy,129622,6.51,2532.1
20220505,601900,buy,6883,6.53,134.84
20220505,600039,buy,141127,5.98,2532.11
20220505,601988,buy,333296,2.53,2532.11
20220505,688068,buy,2238,84.98,570.56
20220505,002145,buy,164207,5.14,2532.1
20220505,600566,buy,42331,19.94,2532.06
20220505,603005,buy,47142,17.9,2532.06
20220505,600810,buy,101368,8.33,2532.11
20220505,600075,buy,13364,5.76,231.09
20220505,002498,buy,243542,3.47,2532.11
20220505,603298,buy,91189,9.26,2532.09
20220505,601985,buy,1724,6.62,34.22
20220505,600373,buy,100863,8.37,2532.09
20220505,605117,buy,29251,28.85,2532.04
20220505,688298,buy,1490,102.08,456.29
20220601,300660,sell,84975,10.72,2732.34
20220601,688298,sell,7407,93.65,2081.04
20220601,603886,sell,67339,13.04,2634.18
20220601,601985,sell,127575,6.57,2514.51
20220601,603095,sell,95583,9.24,2650.67
20220601,600750,sell,77785,10.4,2427.17
20220601,003025,sell,85678,10.41,2674.51
20220601,000429,sell,133171,6.72,2686.36
20220601,600033,sell,358142,2.46,2640.64
20220601,601339,sell,198258,4.29,2554.09
20220601,000501,sell,89305,9.59,2568.02
20220601,600603,sell,202894,4.6,2799.94
20220601,000915,sell,27961,35.63,2988.65
20220601,600295,sell,80917,10.53,2557.32
20220601,600533,sell,227753,3.45,2359.9
20220601,601928,sell,149588,6.2,2780.63
20220601,000932,sell,175156,4.47,2347.17
20220601,002406,sell,205092,4.77,2932.21
20220601,688606,sell,10994,71.31,2351.8
20220601,688068,sell,9932,76.08,2266.92
20220601,601699,sell,77528,11.77,2736.39
20220601,002233,sell,114759,7.33,2523.56
20220601,601006,sell,164559,5.21,2570.54
20220601,600352,sell,93925,9.13,2571.21
20220601,000807,sell,87470,10.35,2715.74
20220601,000800,sell,113875,8.33,2844.73
20220601,600512,sell,265676,3.04,2423.37
20220601,000617,sell,195296,4.37,2558.88
20220601,600720,sell,87574,12.28,3225.53
20220601,600548,sell,108918,7.97,2605.02
20220601,600997,sell,145337,6.42,2798.1
20220601,605277,sell,96943,9.63,2801.12
20220601,601900,sell,129257,7.09,2750.1
20220601,000006,sell,206900,4.33,2685.93
20220601,600015,sell,203096,4.14,2522.71
20220601,600742,sell,123042,7.69,2838.65
20220601,002254,sell,67386,13.83,2795.1
20220601,300938,sell,58879,13.5,2384.76
20220601,601518,sell,489654,1.85,2716.45
20220601,600987,sell,206501,4.29,2655.28
20220601,600075,sell,146430,5.97,2624.6
20220601,601515,sell,179472,4.36,2345.11
20220601,600398,sell,231571,3.64,2527.23
20220601,600483,sell,101138,8.89,2696.47
20220601,002270,sell,168134,6.81,3433.75
20220601,603587,sell,71181,12.37,2642.19
20220601,000883,sell,221742,4.16,2765.08
20220601,300639,sell,55236,13.5,2236.79
20220601,688399,sell,10204,77.82,2382.28
20220601,600211,sell,34974,24.71,2592.68
20220601,300913,sell,98912,9.15,2715.7
20220601,600971,sell,158436,5.94,2821.82
20220601,600867,sell,93573,8.9,2497.88
20220601,002110,sell,140629,6.2,2617.49
20220601,600039,sell,141127,5.9,2498.41
20220601,002145,sell,164207,7.47,3677.85
20220601,603005,sell,47142,19.43,2747.75
20220601,600810,sell,101368,8.83,2686.7
20220601,002498,sell,243542,3.71,2713.98
20220601,603298,sell,91189,9.33,2552.34
20220601,600373,sell,100863,8.92,2698.25
20220601,603599,buy,290,16.9,14.7
20220601,002818,buy,912,8.92,24.4
20220601,601328,buy,232957,3.79,2649.77
20220601,600598,buy,62389,14.16,2649.75
20220601,600901,buy,4134,2.91,36.06
20220601,600325,buy,13961,6.18,258.9
20220601,000529,buy,135185,6.53,2649.78
20220601,600582,sell,8080,4.38,106.23
20220601,600757,buy,186105,4.75,2649.77
20220601,601811,sell,2375,7.99,56.93
20220601,601101,buy,134716,6.56,2649.78
20220601,000581,buy,534,17.14,27.46
20220601,600846,buy,124811,7.08,2649.77
20220601,002061,buy,217355,4.06,2649.78
20220601,600528,buy,110953,7.96,2649.77
20220601,601019,sell,6221,5.52,103.05
20220601,300887,buy,47005,18.79,2649.78
20220601,300771,sell,5220,12.08,189.11
20220601,600894,buy,167401,5.28,2649.78
20220601,600123,buy,91091,9.7,2649.77
20220601,000731,sell,1340,8.36,33.62
20220601,688169,buy,5611,157.39,2649.33
20220601,688303,buy,16165,54.64,2649.71
20220601,603966,sell,8681,5.77,150.16
20220601,688556,buy,50210,17.59,2649.77
20220601,605117,sell,4522,35.72,484.56
20220601,601169,buy,16135,3.47,168.08
20220601,000930,buy,99062,8.92,2649.77
20220601,000830,buy,1417,15.23,64.76
20220601,600050,buy,17374,3.08,160.7
20220601,603013,buy,69157,12.77,2649.78
20220601,600308,sell,8619,3.97,102.72
20220601,603086,buy,119081,7.42,2649.78
20220601,600639,buy,73763,11.97,2649.75
20220601,002687,buy,211793,4.17,2649.78
20220601,002533,buy,151308,5.84,2649.78
20220601,000517,buy,340300,2.6,2649.78
20220601,688378,sell,2734,16.18,132.69
20220601,603529,buy,36823,23.99,2649.74
20220601,300856,sell,1789,11.38,61.09
20220601,603327,sell,19822,6.5,386.64
20220601,605500,sell,1133,6.87,23.37
20220601,603037,sell,7096,5.65,120.28
20220601,601717,sell,2905,10.96,95.54
20220601,002034,sell,2712,18.34,149.18
20220601,000719,buy,141203,6.26,2649.77
20220601,000880,buy,137698,6.41,2649.77
20220601,605259,buy,71075,12.43,2649.78
20220601,688636,buy,25599,34.5,2649.74
20220601,002543,buy,147531,5.99,2649.77
20220601,603277,buy,73175,12.07,2649.75
20220601,603217,buy,32289,27.35,2649.76
20220601,600694,buy,8269,11.27,279.58
20220601,002014,buy,162917,5.42,2649.77
20220601,600012,sell,2701,6.25,50.65
20220601,000425,sell,1313,4.7,18.52
20220601,603299,buy,84703,10.43,2649.76
20220601,601368,buy,150191,5.88,2649.78
20220601,603185,buy,11551,76.46,2649.59
20220601,605368,buy,3972,7.26,86.46
20220601,600888,buy,116075,7.61,2649.77
20220601,300772,buy,49824,17.73,2649.76
20220601,605337,buy,51276,17.23,2649.73
20220601,688550,buy,23380,37.78,2649.75
20220601,300897,buy,94716,9.33,2649.76
20220601,002267,buy,143556,6.15,2649.77
20220601,300951,buy,30592,28.87,2649.78
20220601,301000,buy,621,10.77,20.06
20220601,605399,buy,29866,29.57,2649.78
20220601,601319,buy,8685,4.09,106.63
20220601,603195,buy,19373,45.59,2649.75
20220601,600710,buy,170577,5.18,2649.78
20220601,601728,buy,10861,3.21,104.58
20220601,601288,buy,383957,2.3,2649.78
20220601,002367,buy,144887,6.1,2649.77
20220601,600060,buy,80852,10.92,2649.75
20220601,688318,buy,31044,28.45,2649.7
20220601,600426,buy,4095,25.93,318.54
20220601,002440,buy,121266,7.28,2649.76
20220601,603100,buy,80228,11.01,2649.76
20220601,002960,buy,57706,15.31,2649.76
20220601,601988,buy,19862,2.5,149.03
20220601,600618,sell,7054,11.52,243.7
20220601,301061,buy,67516,13.08,2649.76
20220601,603357,buy,109052,8.1,2649.78
20220601,601598,buy,275551,3.21,2649.78
20220601,002039,sell,4114,13.16,162.4
20220601,600271,buy,82710,10.68,2649.78
20220601,601156,buy,42938,20.57,2649.76
20220601,600585,buy,3516,30.23,318.87
20220601,002236,buy,63256,13.96,2649.77
20220601,000651,buy,36263,24.36,2649.76
20220601,603809,buy,136668,6.46,2649.77
20220601,600449,sell,3453,12.44,128.84
20220601,002913,buy,2980,26.88,240.27
20220601,002677,buy,1217,11.8,43.07
20220601,600874,buy,140100,6.3,2649.77
20220601,605169,buy,82907,10.65,2649.76
20220601,002304,buy,5193,138.21,2153.16
20220601,600566,buy,2,20.86,0.13
20220701,601728,sell,275194,3.21,2649.16
20220701,601169,sell,254375,3.56,2715.57
20220701,600012,sell,141301,6.1,2584.4
20220701,603327,sell,135847,6.99,2847.94
20220701,600449,sell,71017,11.52,2453.36
20220701,600050,sell,286476,3.12,2680.5
20220701,600582,sell,201554,4.15,2508.94
20220701,000830,sell,57983,13.95,2426.16
20220701,600585,sell,29217,30.9,2708.71
20220701,600426,sell,34063,26.66,2723.97
20220701,000731,sell,105625,8.43,2671.08
20220701,603037,sell,156327,6.15,2885.63
20220701,000581,sell,51537,16.96,2622.32
20220701,600694,sell,78371,11.29,2654.21
20220701,600308,sell,222337,4.02,2682.06
20220701,000425,sell,187897,4.92,2775.02
20220701,601717,sell,80573,12.73,3076.19
20220701,301000,sell,82037,11.37,2797.53
20220701,605368,sell,121732,6.97,2544.99
20220701,002913,sell,32864,29.7,2927.77
20220701,688378,sell,54598,15.54,2545.63
20220701,600618,sell,76700,11.57,2662.14
20220701,605500,sell,128489,7.21,2779.38
20220701,601988,sell,353158,2.56,2707.93
20220701,601328,sell,232957,3.85,2687.47
20220701,000529,sell,135185,6.52,2642.38
20220701,600757,sell,186105,4.63,2585.37
20220701,601101,sell,134716,6.9,2790.62
20220701,600528,sell,110953,7.82,2602.62
20220701,600894,sell,167401,5.44,2732.33
20220701,688169,sell,5611,153.11,2577.33
20220701,000930,sell,99062,8.5,2525.14
20220701,603013,sell,69157,13.05,2707.53
20220701,600639,sell,73763,11.53,2550.57
20220701,000517,sell,340300,2.52,2568.99
20220701,000719,sell,141203,6.22,2635.51
20220701,605259,sell,71075,13.03,2778.31
20220701,002543,sell,147531,6.16,2724.66
20220701,603217,sell,32289,28.45,2755.68
20220701,002014,sell,162917,5.48,2677.79
20220701,600888,sell,116075,8.79,3060.83
20220701,688550,sell,23380,34.94,2450.35
20220701,300897,sell,94716,9.53,2706.54
20220701,600710,sell,170577,5.39,2758.68
20220701,601288,sell,383957,2.3,2649.78
20220701,002367,sell,144887,6.49,2822.41
20220701,002960,sell,57706,14.31,2477.15
20220701,301061,sell,67516,14.1,2856.31
20220701,601598,sell,275551,3.08,2544.58
20220701,600271,sell,82710,10.76,2669.47
20220701,002236,sell,63256,14.41,2733.94
20220701,000651,sell,36263,25.68,2793.39
20220701,603809,sell,136668,6.64,2722.98
20220701,600874,sell,140100,6.42,2697.05
20220701,605169,sell,82907,10.6,2635.77
20220701,603599,sell,2160,18.41,119.27
20220701,603299,sell,1440,11.08,47.85
20220701,002818,sell,1111,9.42,31.39
20220701,603203,buy,39144,23.56,2766.77
20220701,600566,sell,1686,22.69,114.77
20220701,000915,buy,26865,34.33,2766.75
20220701,002304,buy,597,159.26,285.24
20220701,000880,sell,11236,7.29,245.83
20220701,600598,buy,9420,12.84,362.95
20220701,002039,sell,74,13.75,3.05
20220701,605117,sell,6269,49.96,939.63
20220701,600616,buy,128602,7.17,2766.79
20220701,688556,sell,11464,23.8,818.64
20220701,300856,sell,11029,13.86,458.43
20220701,600123,sell,3596,10.54,113.72
20220701,600901,sell,6558,3.1,61.06
20220701,603185,sell,3278,111.48,1096.29
20220701,601368,buy,4612,5.96,82.43
20220701,600867,buy,99949,9.23,2766.79
20220701,002034,buy,2028,18.37,111.78
20220701,300771,buy,1628,12.33,60.24
20220701,688636,buy,1418,34.14,145.21
20220701,601811,buy,3962,8.05,95.74
20220701,002061,sell,5524,4.35,72.15
20220701,603100,sell,5606,12.36,207.86
20220701,688318,sell,4714,35.03,495.36
20220701,300916,buy,30631,30.11,2766.77
20220701,002737,buy,66046,13.96,2766.79
20220701,300660,buy,42898,21.5,2766.76
20220701,600016,buy,300999,3.06,2766.79
20220701,601156,buy,6755,18.56,376.1
20220701,600325,sell,8609,6.87,177.39
20220701,601019,buy,5066,5.59,84.93
20220701,600284,buy,141687,6.51,2766.8
20220701,002867,buy,71756,12.85,2766.78
20220701,603040,buy,53149,17.35,2766.76
20220701,000822,buy,95275,9.68,2766.8
20220701,002154,buy,254450,3.62,2766.8
20220701,600750,buy,80765,11.42,2766.79
20220701,603086,buy,5025,7.43,112.03
20220701,603195,sell,63,47.76,9.03
20220701,002262,buy,71906,12.83,2766.78
20220701,603556,buy,67222,13.72,2766.76
20220701,300653,buy,18375,50.19,2766.77
20220701,002738,buy,14138,65.23,2766.61
20220701,603277,sell,1080,12.79,41.45
20220701,003019,buy,42288,21.81,2766.8
20220701,605337,sell,1833,18.65,102.57
20220701,300893,buy,91005,10.13,2766.78
20220701,688303,sell,1708,63.8,326.9
20220701,002267,buy,14473,5.84,253.4
20220701,000020,buy,89802,10.27,2766.8
20220701,605399,sell,1292,32.28,125.1
20220701,002687,buy,7861,4.2,99.02
20220701,603319,buy,72617,12.7,2766.77
20220701,603738,buy,44200,20.87,2766.78
20220701,603928,buy,100377,9.19,2766.79
20220701,300403,buy,153168,6.02,2766.79
20220701,600251,buy,94520,9.76,2766.78
20220701,002195,buy,419831,2.2,2766.8
20220701,000858,buy,5163,178.63,2766.74
20220701,300772,sell,6890,21.48,444.02
20220701,688586,buy,72900,12.65,2766.78
20220701,002396,buy,55820,16.52,2766.8
20220701,601319,sell,8874,4.46,118.64
20220701,300613,buy,11501,80.19,2766.73
20220701,688678,buy,70580,13.07,2766.79
20220701,002677,sell,668,12.43,24.91
20220701,603568,buy,44461,20.74,2766.74
20220701,002533,buy,283,6.08,5.17
20220701,603305,buy,45298,20.36,2766.77
20220701,300951,sell,670,30.82,61.95
20220701,603529,sell,6566,30.48,600.42
20220701,603357,buy,216,8.44,5.47
20220701,600674,buy,83648,11.03,2766.79
20220701,300887,sell,6074,22.53,410.58
20220701,003028,buy,23361,39.48,2766.7
20220701,603298,buy,88537,10.42,2766.79
20220701,605277,buy,81534,11.31,2766.8
20220701,300401,buy,55416,16.64,2766.78
20220701,603067,buy,103914,8.88,2766.78
20220701,600415,buy,167641,5.5,2766.79
20220701,603369,buy,19362,47.63,2766.8
20220701,002896,buy,60105,15.34,2766.77
20220701,002769,buy,115717,7.97,2766.79
20220701,300990,buy,29844,30.9,2766.79
20220701,002440,buy,3086,7.42,68.66
20220701,600846,buy,5845,7.06,123.77
20220701,600231,buy,346717,2.66,2766.8
20220701,000408,buy,31979,28.84,2766.78
20220701,600060,buy,4121,10.85,134.18
20220701,000596,buy,4112,224.28,2766.75
20220701,601601,buy,45626,20.21,2766.75
20220701,002242,buy,52872,17.44,2766.79
20220701,000519,buy,28985,31.82,2766.76
20220701,600025,buy,137224,6.72,2766.8
20220701,603758,buy,102698,8.98,2766.8
20220701,603966,sell,177,6.03,3.2
20220701,000501,buy,88863,10.38,2766.8
20220701,603801,buy,45339,16.79,2284.02
20220801,603599,sell,50109,16.91,2542.73
20220801,002677,sell,74198,11.44,2545.47
20220801,600325,sell,134278,6.93,2791.96
20220801,601811,sell,114502,8.05,2766.8
20220801,002039,sell,67052,13.93,2802.56
20220801,601019,sell,165029,5.26,2605.99
20220801,600901,sell,297183,3.01,2682.33
20220801,601319,sell,206952,4.34,2696.04
20220801,600598,sell,71809,12.07,2599.95
20220801,002061,sell,211831,4.3,2730.62
20220801,600123,sell,87495,9.31,2444.91
20220801,688303,sell,14457,56.48,2449.58
20220801,603086,sell,124106,8.04,2994.99
20220801,002687,sell,219654,4.15,2736.19
20220801,688636,sell,27017,33.64,2726.71
20220801,603277,sell,72095,12.12,2622.02
20220801,601368,sell,154803,5.89,2735.31
20220801,605337,sell,49443,15.82,2346.27
20220801,002267,sell,158029,6.78,3213.96
20220801,300951,sell,29922,32.96,2958.54
20220801,603195,sell,19310,44.91,2601.65
20220801,600060,sell,84973,11.38,2899.81
20220801,002440,sell,124352,7.4,2759.92
20220801,603357,sell,109268,7.71,2527.56
20220801,601156,sell,49693,16.36,2439.13
20220801,002304,sell,5790,146.04,2536.65
20220801,600867,sell,99949,8.55,2562.44
20220801,002737,sell,66046,15.51,3073.43
20220801,600284,sell,141687,6.04,2568.63
20220801,002867,sell,71756,11.14,2398.23
20220801,000822,sell,95275,8.19,2341.78
20220801,002154,sell,254450,3.2,2443.49
20220801,002262,sell,71906,12.43,2681.14
20220801,603556,sell,67222,14.82,2989.51
20220801,003019,sell,42288,21.44,2719.5
20220801,000020,sell,89802,9.49,2556.66
20220801,603738,sell,44200,20.63,2735.26
20220801,603928,sell,100377,9.48,2855.01
20220801,300403,sell,153168,11.03,5068.3
20220801,600251,sell,94520,10.59,3002.9
20220801,002195,sell,419831,2.22,2791.72
20220801,000858,sell,5163,157.14,2433.91
20220801,002396,sell,55820,16.78,2810.68
20220801,300613,sell,11501,71.26,2458.63
20220801,600674,sell,83648,11.88,2981.54
20220801,603298,sell,88537,9.8,2603.32
20220801,603067,sell,103914,14.13,4405.87
20220801,600415,sell,167641,4.89,2460.96
20220801,603369,sell,19362,44.02,2556.83
20220801,002896,sell,60105,32.29,5822.45
20220801,002769,sell,115717,8.15,2829.28
20220801,300990,sell,29844,50.56,4526.39
20220801,600231,sell,346717,2.48,2579.57
20220801,000596,sell,4112,216.17,2666.64
20220801,601601,sell,45626,17.94,2455.4
20220801,002242,sell,52872,15.83,2510.92
20220801,000519,sell,28985,32.07,2788.29
20220801,600025,sell,137224,6.69,2755.19
20220801,000501,sell,88863,9.99,2662.3
20220801,603801,sell,45339,13.52,1839.17
20220801,300893,sell,21327,13.72,877.9
20220801,300856,sell,4848,15.49,225.3
20220801,603013,buy,61779,15.48,2868.2
20220801,600846,sell,9190,7.87,217.01
20220801,000408,buy,2588,27.66,214.73
20220801,603203,buy,435,24.16,31.52
20220801,000880,buy,13382,6.84,274.46
20220801,688678,buy,304,13.49,12.3
20220801,300916,sell,5657,38.28,649.71
20220801,605277,sell,4075,12.34,150.89
20220801,002034,sell,8502,22.93,584.83
20220801,300653,buy,2866,45.01,386.99
20220801,600016,buy,19676,2.98,175.99
20220801,603568,sell,5343,24.44,391.76
20220801,300771,sell,8880,14.51,386.55
20220801,300887,sell,71,23.4,4.98
20220801,605377,buy,103939,9.2,2868.2
20220801,000915,buy,1066,34.23,109.46
20220801,605117,sell,2788,61.01,510.26
20220801,601101,buy,158915,6.02,2868.19
20220801,603217,buy,24878,38.43,2868.13
20220801,603185,sell,77,116.66,26.95
20220801,605305,buy,24894,38.4,2868.16
20220801,002026,buy,70035,13.65,2868.17
20220801,002565,buy,209826,4.56,2868.2
20220801,002892,buy,124414,7.68,2868.2
20220801,603040,sell,1678,18.58,93.51
20220801,688317,buy,20029,47.73,2868.12
20220801,002145,buy,100270,9.53,2868.18
20220801,600616,buy,17609,6.54,345.43
20220801,603305,sell,13123,29.71,1169.84
20220801,300105,buy,153426,6.23,2868.2
20220801,002978,buy,23405,40.85,2868.17
20220801,300787,buy,59266,16.13,2868.18
20220801,000529,buy,158760,6.02,2868.19
20220801,000957,buy,52021,18.38,2868.17
20220801,600710,buy,173916,5.5,2868.19
20220801,300772,buy,2917,20.85,182.47
20220801,605009,buy,37039,25.81,2868.13
20220801,605169,buy,72366,13.21,2868.19
20220801,688318,buy,3209,32.37,311.58
20220801,603006,buy,104185,9.18,2868.19
20220801,603319,sell,5017,14.14,212.87
20220801,300660,sell,5394,25.49,412.52
20220801,601222,buy,114947,8.32,2868.2
20220801,002738,buy,1801,59.98,324.08
20220801,603966,sell,14069,6.88,290.42
20220801,300458,buy,60264,15.86,2868.17
20220801,002543,buy,111181,8.6,2868.2
20220801,002876,buy,21307,44.87,2868.09
20220801,603100,sell,6844,14.11,289.63
20220801,601218,buy,188256,5.08,2868.2
20220801,300762,buy,68888,13.88,2868.2
20220801,600586,buy,109158,8.76,2868.19
20220801,300817,buy,82431,11.6,2868.17
20220801,601328,buy,251331,3.8,2868.2
20220801,605128,buy,33529,28.51,2868.15
20220801,688188,buy,7665,124.73,2868.1
20220801,002818,buy,12891,8.63,333.6
20220801,603037,buy,145744,6.56,2868.2
20220801,600835,buy,67138,14.24,2868.17
20220801,002902,buy,49227,19.42,2868.18
20220801,600216,buy,72222,13.24,2868.19
20220801,300401,buy,6611,15.41,305.7
20220801,300317,buy,139571,6.85,2868.18
20220801,002533,sell,26013,7.61,594.14
20220801,601717,buy,68155,14.03,2868.17
20220801,603758,sell,3866,9.67,112.2
20220801,600566,buy,4218,21.31,269.65
20220801,605399,buy,1761,31.52,166.5
20220801,688556,buy,1761,23.6,124.69
20220801,601369,buy,83628,11.43,2868.2
20220801,300852,buy,31863,30.01,2868.18
20220801,300841,buy,10397,91.95,2868.11
20220801,688586,buy,1342,12.88,51.85
20220801,603299,buy,202,11.45,6.94
20220801,603386,buy,73304,13.04,2868.2
20220801,600106,buy,216361,4.42,2868.2
20220801,603529,sell,4507,37.13,502.02
20220801,002221,buy,112611,8.49,2868.2
20220801,002623,buy,23192,41.22,2868.18
20220801,002790,buy,114840,8.33,2868.18
20220801,603938,buy,28458,33.6,2868.17
20220801,603915,buy,41929,22.8,2868.2
20220801,600452,buy,129738,7.37,2868.19
20220801,603239,buy,58343,16.39,2868.2
20220801,300765,buy,135127,7.08,2868.19
20220801,300215,buy,136618,7.0,2868.2
20220801,300305,buy,61311,15.59,2868.18
20220801,688156,buy,44972,21.26,2868.19
20220801,003028,buy,2962,36.32,322.73
20220801,000030,buy,179320,5.33,2868.2
20220801,603937,buy,72979,13.1,2868.18
20220801,605111,buy,15559,61.45,2868.19
20220801,002275,buy,84058,11.37,2868.17
20220801,002480,buy,172575,5.54,2868.2
20220801,002753,buy,88679,10.78,2868.19
20220801,600750,sell,4081,12.47,152.64
20220801,002606,buy,90121,10.61,2868.19
20220801,601016,buy,176319,4.39,2319.56
20220901,002034,sell,41697,17.75,2220.6
20220901,300856,sell,61717,21.27,3937.62
20220901,603966,sell,138945,5.86,2444.64
20220901,600566,sell,44865,19.92,2681.27
20220901,300887,sell,40860,19.81,2428.23
20220901,002533,sell,125578,6.09,2295.21
20220901,603529,sell,25750,30.0,2317.86
20220901,000880,sell,139844,6.27,2630.28
20220901,603185,sell,8196,94.99,2335.69
20220901,300772,sell,45851,19.96,2745.39
20220901,605399,sell,30335,26.56,2417.01
20220901,688318,sell,29539,31.38,2780.92
20220901,603203,sell,39579,21.98,2609.43
20220901,000915,sell,27931,33.0,2765.52
20220901,600616,sell,146211,6.28,2756.73
20220901,600016,sell,320675,2.98,2868.2
20220901,603040,sell,51471,15.79,2437.64
20220901,600750,sell,76684,12.89,2965.09
20220901,300653,sell,21241,44.84,2857.09
20220901,002738,sell,15939,62.63,2994.72
20220901,300893,sell,69678,14.64,3061.18
20220901,603319,sell,67600,11.22,2274.72
20220901,688586,sell,74242,10.97,2443.7
20220901,603305,sell,32175,27.12,2617.9
20220901,603758,sell,98832,7.38,2187.09
20220901,603013,sell,61779,13.28,2460.61
20220901,601101,sell,158915,6.32,3014.86
20220901,603217,sell,24878,29.35,2190.85
20220901,605305,sell,24894,28.42,2122.36
20220901,002026,sell,70035,11.14,2341.52
20220901,002565,sell,209826,4.06,2553.63
20220901,688317,sell,20029,37.17,2233.61
20220901,002145,sell,100270,7.81,2348.56
20220901,300105,sell,153426,6.07,2792.28
20220901,002978,sell,23405,33.26,2335.67
20220901,000529,sell,158760,6.22,2961.57
20220901,000957,sell,52021,16.41,2560.43
20220901,605169,sell,72366,12.08,2622.06
20220901,603006,sell,104185,7.89,2465.59
20220901,601222,sell,114947,6.93,2389.66
20220901,300458,sell,60264,13.83,2501.16
20220901,002876,sell,21307,55.31,3535.57
20220901,300762,sell,68888,13.01,2688.55
20220901,600586,sell,109158,10.06,3294.41
20220901,300817,sell,82431,9.4,2325.08
20220901,601328,sell,251331,3.79,2855.7
20220901,605128,sell,33529,20.1,2022.23
20220901,688188,sell,7665,97.59,2243.99
20220901,603037,sell,145744,5.79,2532.62
20220901,600835,sell,67138,11.44,2303.34
20220901,002902,sell,49227,14.96,2208.68
20220901,300317,sell,139571,5.63,2357.35
20220901,601717,sell,68155,11.6,2372.28
20220901,300841,sell,10397,96.05,2996.05
20220901,603386,sell,73304,11.01,2420.18
20220901,002221,sell,112611,8.93,3016.85
20220901,002623,sell,23192,32.76,2279.28
20220901,002790,sell,114840,7.5,2582.64
20220901,603938,sell,28458,30.24,2581.83
20220901,603915,sell,41929,16.38,2060.63
20220901,603239,sell,58343,13.71,2399.82
20220901,300215,sell,136618,6.2,2542.27
20220901,300305,sell,61311,13.28,2443.13
20220901,688156,sell,44972,23.82,3213.66
20220901,000030,sell,179320,4.47,2402.06
20220901,603937,sell,72979,11.14,2438.59
20220901,605111,sell,15559,51.59,2408.01
20220901,002275,sell,84058,11.9,3001.83
20220901,002480,sell,172575,5.36,2775.01
20220901,002753,sell,88679,9.17,2440.37
20220901,002606,sell,90121,9.27,2506.67
20220901,601016,sell,176319,3.98,2104.39
20220901,002014,buy,133409,6.58,2635.27
20220901,000719,buy,124463,7.06,2635.27
20220901,002818,sell,27685,10.56,877.45
20220901,601339,buy,192745,4.56,2635.27
20220901,300787,sell,8196,17.2,422.93
20220901,300660,buy,18253,15.75,862.7
20220901,600061,buy,140001,6.27,2635.27
20220901,600325,buy,115045,7.64,2635.27
20220901,002106,buy,106057,8.28,2635.26
20220901,600130,buy,196515,4.47,2635.27
20220901,605377,sell,7445,9.1,203.32
20220901,000408,buy,17,25.4,1.3
20220901,002543,sell,31310,11.0,1033.05
20220901,605117,sell,2949,69.05,610.85
20220901,601881,buy,100610,8.73,2635.26
20220901,300771,sell,1453,13.63,59.42
20220901,688678,sell,798,12.53,30.01
20220901,603568,buy,5982,19.48,349.53
20220901,601319,buy,191768,4.58,2635.27
20220901,603339,buy,73926,11.88,2635.27
20220901,300938,buy,50438,17.42,2635.24
20220901,300699,buy,19828,44.3,2635.23
20220901,600598,buy,67844,12.95,2635.26
20220901,603086,buy,88509,9.92,2635.25
20220901,002276,buy,93623,9.38,2635.26
20220901,600873,buy,96457,9.11,2635.25
20220901,300695,buy,24586,35.73,2635.2
20220901,002515,buy,204530,4.29,2635.27
20220901,605009,sell,4842,27.28,396.31
20220901,600710,sell,23351,5.83,408.7
20220901,603118,buy,108135,8.12,2635.27
20220901,002270,buy,128559,6.83,2635.26
20220901,002737,buy,56309,15.6,2635.26
20220901,600216,sell,6383,13.34,255.49
20220901,002892,buy,16941,6.21,315.83
20220901,603299,buy,1287,10.36,40.02
20220901,002745,buy,95076,9.24,2635.26
20220901,300801,buy,37772,23.26,2635.22
20220901,600452,sell,13708,7.57,311.34
20220901,601811,buy,93641,9.38,2635.26
20220901,605259,buy,59827,14.68,2635.27
20220901,688556,sell,7313,26.46,580.58
20220901,600106,sell,61290,5.66,1041.57
20220901,603505,buy,50665,17.34,2635.26
20220901,603100,sell,1655,13.28,65.96
20220901,300789,buy,70091,12.53,2635.24
20220901,002871,buy,100325,8.76,2635.25
20220901,300916,sell,1912,38.09,218.49
20220901,002595,buy,52987,16.58,2635.26
20220901,000913,buy,38778,22.65,2635.26
20220901,003028,buy,5242,27.83,437.64
20220901,000059,buy,120385,7.3,2635.26
20220901,603327,buy,97729,8.99,2635.25
20220901,600348,buy,85713,10.25,2635.27
20220901,000037,buy,93350,9.41,2635.27
20220901,300765,sell,16331,7.39,362.27
20220901,600894,buy,159052,5.52,2635.27
20220901,002440,buy,114873,7.65,2635.27
20220901,002483,buy,155385,5.65,2635.27
20220901,001206,buy,49897,17.6,2635.26
20220901,603599,buy,51206,17.15,2635.27
20220901,002911,buy,102216,8.59,2635.27
20220901,601699,buy,70871,12.39,2635.27
20220901,000731,buy,102122,8.6,2635.26
20220901,002835,buy,85510,10.27,2635.25
20220901,300652,buy,43742,20.08,2635.23
20220901,600757,buy,167858,5.23,2635.27
20220901,601169,buy,252494,3.48,2635.27
20220901,603556,buy,57603,15.25,2635.24
20220901,002267,buy,129094,6.8,2635.27
20220901,605277,buy,4468,10.72,143.72
20220901,600846,sell,4873,7.53,110.14
20220901,002039,buy,66676,13.17,2635.25
20220901,603823,buy,76094,11.54,2635.27
20220901,600998,buy,220804,3.98,2635.27
20220901,600161,buy,48302,18.19,2635.24
20220901,603383,buy,38275,22.95,2635.23
20220901,002763,buy,143379,6.13,2635.27
20220901,603801,buy,63375,13.86,2635.24
20220901,002517,buy,118224,7.43,2635.27
20220901,002262,buy,59385,14.79,2635.24
20220901,601218,buy,1016,4.64,14.15
20220901,300678,buy,79554,11.04,2635.27
20220901,603811,buy,92427,9.5,2635.25
20220901,002462,buy,69265,12.68,2635.26
20220901,600173,buy,159304,5.51,2635.26
20220901,603600,buy,100164,8.77,2635.27
20220901,300401,sell,13608,18.14,740.64
20220901,600729,buy,42920,20.47,2635.25
20220901,300852,buy,2028,25.92,157.69
20220901,301016,buy,118729,7.4,2635.26
20220901,688636,buy,23212,37.84,2635.26
20220901,600694,buy,79091,11.11,2635.25
20220901,601369,buy,16379,8.78,431.6
20220901,600551,buy,124052,7.08,2635.26
20220901,600285,buy,76997,11.41,2635.25
20220901,002343,buy,125668,6.99,2635.26
20220901,000728,buy,132774,6.62,2635.27
20220901,688369,buy,22621,38.83,2635.22
20220901,600875,buy,38212,17.77,2037.42
20221010,605117,sell,12723,74.9,2858.92
20221010,688556,sell,33194,23.41,2331.48
20221010,603100,sell,66123,19.67,3902.58
20221010,300916,sell,23062,32.4,2241.96
20221010,300660,sell,55757,13.53,2262.85
20221010,688678,sell,70086,9.74,2047.97
20221010,603568,sell,45100,17.52,2370.98
20221010,003028,sell,31565,24.69,2337.58
20221010,605277,sell,81927,9.7,2383.18
20221010,300401,sell,48419,15.92,2312.03
20221010,605377,sell,96494,8.25,2389.39
20221010,002892,sell,141355,5.03,2133.64
20221010,600710,sell,150565,4.86,2194.73
20221010,002543,sell,79871,10.89,2609.93
20221010,601218,sell,189272,3.88,2203.26
20221010,601369,sell,100007,7.86,2358.41
20221010,600106,sell,155071,4.47,2078.35
20221010,300765,sell,118796,6.34,2258.35
20221010,600130,sell,196515,3.56,2098.78
20221010,300938,sell,50438,15.77,2386.57
20221010,300699,sell,19828,47.18,2806.47
20221010,002276,sell,93623,8.07,2266.71
20221010,600873,sell,96457,8.5,2458.73
20221010,002515,sell,204530,3.83,2351.19
20221010,603505,sell,50665,17.11,2600.42
20221010,002871,sell,100325,8.9,2679.35
20221010,002595,sell,52987,14.81,2354.58
20221010,000913,sell,38778,18.21,2117.94
20221010,000037,sell,93350,6.75,1890.34
20221010,002483,sell,155385,4.86,2263.74
20221010,001206,sell,49897,17.69,2648.06
20221010,002911,sell,102216,7.96,2440.59
20221010,002835,sell,85510,9.52,2442.6
20221010,300652,sell,43742,16.83,2207.95
20221010,603556,sell,57603,13.5,2333.21
20221010,002039,sell,66676,12.35,2470.54
20221010,603823,sell,76094,10.44,2384.05
20221010,600161,sell,48302,16.3,2361.77
20221010,603383,sell,38275,26.5,3042.6
20221010,002763,sell,143379,5.7,2453.19
20221010,603801,sell,63375,15.01,2853.65
20221010,002517,sell,118224,6.11,2165.79
20221010,002262,sell,59385,14.58,2598.2
20221010,300678,sell,79554,9.58,2286.64
20221010,603811,sell,92427,9.73,2698.08
20221010,600173,sell,159304,5.04,2408.72
20221010,603600,sell,100164,8.48,2548.48
20221010,600729,sell,42920,17.94,2309.78
20221010,600551,sell,124052,6.04,2249.38
20221010,600285,sell,76997,10.28,2374.21
20221010,002343,sell,125668,4.65,1753.07
20221010,000728,sell,132774,5.92,2358.07
20221010,688369,sell,22621,41.13,2791.03
20221010,600875,sell,38212,19.18,2198.27
20221010,601339,sell,17439,4.63,242.22
20221010,000719,sell,1140,6.58,22.51
20221010,600598,buy,3033,11.45,104.19
20221010,002818,buy,897,9.66,25.99
20221010,601728,buy,234885,3.46,2434.87
20221010,000731,buy,1757,7.81,41.18
20221010,002014,sell,1270,6.14,23.4
20221010,603599,sell,2141,16.54,106.25
20221010,002106,buy,8835,7.06,187.24
20221010,300787,buy,11662,12.94,452.64
20221010,600426,buy,31300,25.93,2434.86
20221010,601699,sell,7866,12.88,303.99
20221010,600348,sell,4052,9.94,120.82
20221010,600901,buy,280248,2.9,2434.87
20221010,600061,buy,1601,5.73,27.53
20221010,601169,sell,18068,3.46,187.66
20221010,600123,buy,79832,10.17,2434.84
20221010,605259,sell,6968,15.35,320.97
20221010,000930,buy,109957,7.38,2434.86
20221010,600050,buy,267153,3.04,2434.86
20221010,002267,sell,14904,7.11,317.8
20221010,002270,sell,1065,6.37,20.34
20221010,603095,buy,78359,10.36,2434.87
20221010,600894,buy,3107,5.01,46.65
20221010,603118,sell,4385,7.82,102.91
20221010,603393,buy,36927,21.98,2434.82
20221010,600694,buy,45,10.26,1.38
20221010,603565,buy,105373,7.7,2434.86
20221010,300771,buy,2426,12.14,88.34
20221010,603037,buy,153765,5.28,2434.86
20221010,600998,sell,8053,3.81,92.16
20221010,000581,buy,53517,15.17,2434.86
20221010,002884,buy,54495,14.89,2434.86
20221010,300695,sell,728,34.02,74.3
20221010,603797,buy,156081,5.2,2434.86
20221010,601319,sell,15989,4.62,221.48
20221010,000408,sell,452,23.78,32.24
20221010,601881,sell,6130,8.59,157.98
20221010,688611,buy,40780,19.9,2434.85
20221010,603327,buy,8229,7.66,189.1
20221010,605189,buy,69636,11.66,2434.85
20221010,600325,sell,26014,9.12,711.45
20221010,603086,sell,5031,9.72,146.74
20221010,600452,sell,4586,7.28,100.2
20221010,002737,sell,2386,15.05,107.74
20221010,688636,sell,1324,37.08,147.29
20221010,300789,buy,1920,11.27,64.92
20221010,600295,buy,93381,8.69,2434.85
20221010,600582,buy,187652,4.33,2434.86
20221010,601811,buy,3475,8.36,87.12
20221010,002462,sell,1273,11.94,45.59
20221010,002440,sell,6382,7.48,143.23
20221010,600271,buy,83883,9.68,2434.87
20221010,601077,buy,276446,2.94,2434.86
20221010,600528,buy,114336,7.1,2434.85
20221010,601601,buy,44794,18.12,2434.84
20221010,000651,buy,30824,26.33,2434.84
20221010,301016,buy,5557,6.53,108.87
20221010,600742,buy,120638,6.73,2434.85
20221010,605368,buy,121666,6.67,2434.86
20221010,000897,buy,357078,2.27,2434.86
20221010,600757,buy,2485,4.76,35.52
20221010,603966,buy,125133,6.49,2434.87
20221010,300801,sell,1121,22.14,74.47
20221010,600846,sell,11475,7.72,265.8
20221010,605507,buy,48601,16.7,2434.83
20221010,002061,buy,238836,3.4,2434.87
20221010,688550,buy,30241,26.84,2434.8
20221010,002687,buy,206067,3.94,2434.86
20221010,000807,buy,95298,8.52,2434.85
20221010,002745,buy,16261,7.29,355.62
20221010,002034,buy,50530,16.06,2434.86
20221010,601288,buy,343685,2.36,2434.87
20221010,603339,sell,4967,11.77,175.38
20221010,600449,buy,73048,11.11,2434.87
20221010,600662,buy,169769,4.78,2434.86
20221010,000028,buy,37451,21.67,2434.87
20221010,688181,buy,31837,25.49,2434.8
20221010,002533,buy,156075,5.2,2434.87
20221010,600216,buy,50,12.32,1.85
20221010,605009,buy,1325,24.21,96.24
20221010,000059,sell,2054,6.86,42.26
20221010,000915,buy,23688,34.26,2434.8
20221010,600373,buy,110415,7.35,2434.87
20221010,600879,buy,144986,5.6,2434.87
20221010,603299,buy,8036,8.75,210.87
20221010,600874,buy,142880,5.68,2434.86
20221010,605222,buy,39828,20.38,2434.83
20221010,301179,buy,72230,11.24,2434.87
20221010,601985,buy,147349,5.51,2434.87
20221010,000823,buy,100995,8.04,2434.87
20221010,300897,buy,96640,8.4,2434.84
20221010,300394,buy,64098,12.66,2434.86
20221010,601229,buy,172513,4.7,2434.86
20221010,600219,buy,326008,2.49,2434.86
20221010,600398,buy,248197,3.27,2434.87
20221010,600566,buy,38557,21.05,2434.81
20221010,002393,buy,62893,12.9,2434.87
20221010,601368,buy,150889,4.99,2260.05
20221101,300771,sell,66863,11.43,2292.51
20221101,600846,sell,105118,8.04,2535.12
20221101,603299,sell,92788,9.62,2677.13
20221101,300787,sell,62732,13.95,2625.54
20221101,600216,sell,65889,11.5,2273.66
20221101,300852,sell,33891,24.4,2480.71
20221101,600452,sell,111444,7.31,2442.58
20221101,002106,sell,114892,7.52,2591.12
20221101,300695,sell,23858,30.07,2152.56
20221101,603118,sell,103750,8.91,2772.8
20221101,002745,sell,111337,7.79,2601.43
20221101,300801,sell,36651,22.48,2471.43
20221101,601811,sell,97116,8.37,2437.44
20221101,300789,sell,72011,10.78,2328.76
20221101,000059,sell,118331,6.61,2345.08
20221101,603327,sell,105958,7.41,2356.79
20221101,600348,sell,81661,9.38,2297.92
20221101,600894,sell,162159,5.31,2582.8
20221101,002440,sell,108491,6.69,2177.0
20221101,000731,sell,103879,7.23,2254.07
20221101,600757,sell,170343,4.46,2276.75
20221101,002267,sell,114190,6.35,2175.24
20221101,600998,sell,212751,4.25,2709.43
20221101,002462,sell,67992,12.78,2606.06
20221101,301016,sell,124286,7.33,2733.91
20221101,688636,sell,21888,43.68,2868.44
20221101,600694,sell,79136,10.02,2378.01
20221101,600426,sell,31300,25.58,2402.07
20221101,600901,sell,280248,3.22,2708.73
20221101,000930,sell,109957,7.65,2523.8
20221101,603393,sell,36927,20.08,2224.43
20221101,603565,sell,105373,7.19,2272.53
20221101,603037,sell,153765,5.94,2742.15
20221101,000581,sell,53517,15.41,2474.61
20221101,002884,sell,54495,12.15,1986.71
20221101,688611,sell,40780,19.53,2388.83
20221101,600295,sell,93381,8.16,2286.6
20221101,600271,sell,83883,11.11,2796.5
20221101,600528,sell,114336,7.29,2500.65
20221101,600742,sell,120638,7.47,2705.05
20221101,000897,sell,357078,2.08,2228.52
20221101,603966,sell,125133,7.65,2873.01
20221101,002061,sell,238836,3.37,2412.2
20221101,688550,sell,30241,24.76,2246.05
20221101,002687,sell,206067,3.95,2440.6
20221101,000807,sell,95298,8.78,2509.36
20221101,002034,sell,50530,16.69,2530.23
20221101,600449,sell,73048,10.88,2383.32
20221101,600662,sell,169769,4.59,2337.46
20221101,000028,sell,37451,23.44,2633.87
20221101,002533,sell,156075,5.61,2625.84
20221101,600373,sell,110415,7.55,2501.62
20221101,600879,sell,144986,6.6,2869.06
20221101,600874,sell,142880,5.62,2407.24
20221101,605222,sell,39828,27.4,3273.83
20221101,301179,sell,72230,12.72,2757.35
20221101,000823,sell,100995,9.1,2755.7
20221101,300897,sell,96640,9.23,2675.1
20221101,600219,sell,326008,2.63,2573.3
20221101,600398,sell,248197,3.38,2515.84
20221101,601368,sell,150889,5.1,2308.6
20221101,601728,buy,1996,3.53,21.12
20221101,002818,buy,5234,9.36,146.92
20221101,603556,buy,48935,17.07,2506.15
20221101,603599,sell,4031,18.55,224.33
20221101,000915,sell,2669,39.75,318.25
20221101,601339,buy,21165,4.25,269.98
20221101,002014,sell,10990,6.9,227.35
20221101,002195,buy,402017,2.08,2506.19
20221101,000617,buy,193611,4.31,2506.18
20221101,600566,sell,8649,27.93,724.77
20221101,000408,sell,429,24.79,31.9
20221101,601699,buy,4853,12.31,179.23
20221101,603086,sell,2541,10.32,78.68
20221101,601319,buy,7328,4.56,100.3
20221101,601328,buy,225001,3.71,2506.18
20221101,600598,sell,2103,12.15,76.64
20221101,300360,buy,61653,13.55,2506.16
20221101,688981,buy,20023,41.72,2506.08
20221101,601169,buy,10432,3.41,106.77
20221101,601985,sell,446,5.69,7.61
20221101,601038,buy,77556,10.77,2506.19
20221101,301004,buy,32780,25.48,2506.16
20221101,002020,buy,69618,12.0,2506.18
20221101,600325,buy,20251,7.64,464.42
20221101,601881,buy,2344,8.63,60.67
20221101,002737,sell,12940,20.38,791.32
20221101,603889,buy,273047,3.06,2506.18
20221101,000719,buy,8195,6.35,156.16
20221101,002270,sell,12177,7.24,264.64
20221101,601928,buy,139146,6.0,2506.18
20221101,603600,buy,91953,9.08,2506.17
20221101,605259,sell,379,15.92,18.1
20221101,603095,sell,3463,11.15,115.88
20221101,000913,buy,48262,17.31,2506.17
20221101,605196,buy,111884,7.47,2506.19
20221101,605507,sell,1763,17.84,94.33
20221101,300856,buy,44404,18.81,2506.14
20221101,002393,buy,4813,12.34,178.16
20221101,600285,buy,65363,12.78,2506.16
20221101,688318,buy,25206,33.14,2506.11
20221101,600050,buy,5406,3.07,49.71
20221101,600780,buy,130988,6.38,2506.17
20221101,002955,buy,32089,26.03,2506.15
20221101,600123,buy,13008,9.0,351.15
20221101,601900,buy,123965,6.74,2506.19
20221101,002832,buy,41670,20.05,2506.15
20221101,605368,sell,5559,7.2,119.99
20221101,600582,sell,1684,4.49,22.69
20221101,605117,buy,13905,60.08,2506.08
20221101,002391,buy,124378,6.72,2506.19
20221101,603339,sell,4231,12.91,163.82
20221101,605189,buy,1136,11.8,40.23
20221101,002871,buy,88697,9.42,2506.18
20221101,688181,sell,2400,28.38,204.33
20221101,603585,buy,47242,17.68,2506.14
20221101,002757,buy,64433,12.97,2506.17
20221101,002039,buy,67028,12.46,2506.16
20221101,002262,buy,43199,19.34,2506.16
20221101,002543,buy,98563,8.48,2506.17
20221101,000733,buy,6654,125.55,2506.16
20221101,000513,buy,25122,33.25,2506.14
20221101,603040,buy,48220,17.32,2506.15
20221101,000651,buy,3960,24.02,285.31
20221101,600130,buy,224568,3.72,2506.18
20221101,600845,buy,30319,27.55,2506.14
20221101,002887,buy,103354,8.08,2506.19
20221101,002947,buy,40867,20.44,2506.15
20221101,605377,buy,90770,9.2,2506.16
20221101,000738,buy,29361,28.45,2506.18
20221101,601077,buy,16181,2.85,138.58
20221101,603529,buy,23949,34.88,2506.16
20221101,002332,buy,88033,9.49,2506.18
20221101,300130,buy,65686,12.72,2506.18
20221101,300033,buy,14140,59.08,2506.18
20221101,605009,sell,3388,27.72,281.78
20221101,600236,buy,147395,5.67,2506.18
20221101,601288,buy,28208,2.25,190.09
20221101,603298,buy,76085,10.98,2506.18
20221101,688799,buy,34073,24.52,2506.16
20221101,600380,buy,71859,11.63,2506.16
20221101,603699,buy,106763,7.82,2506.18
20221101,600863,buy,262693,3.18,2506.18
20221101,002802,buy,81802,10.21,2506.16
20221101,688618,buy,26062,32.05,2506.15
20221101,601601,buy,128,18.6,7.14
20221101,002728,buy,128319,6.51,2506.18
20221101,600557,buy,46343,18.03,2506.15
20221101,603587,buy,70673,11.82,2506.18
20221101,300580,buy,98245,8.5,2506.17
20221101,600000,buy,138358,6.04,2506.19
20221101,603639,buy,37263,22.42,2506.16
20221101,300833,buy,14272,58.53,2506.12
20221101,603797,sell,3489,5.47,57.3
20221101,002835,buy,70717,11.81,2506.16
20221101,601229,buy,11014,4.55,150.4
20221101,300394,sell,4812,14.09,203.42
20221101,600061,buy,6610,5.64,111.77
20221101,300494,buy,96678,8.64,2506.17
20221101,600060,buy,75130,11.12,2506.17
20221101,002558,buy,91260,7.41,2028.96
20221201,600061,sell,148212,6.23,2768.66
20221201,603339,sell,64728,12.32,2393.12
20221201,002737,sell,40983,24.39,2998.79
20221201,601699,sell,67858,14.4,2930.85
20221201,605189,sell,70772,11.98,2543.05
20221201,601077,sell,292627,2.92,2563.14
20221201,605507,sell,46838,18.44,2591.51
20221201,601288,sell,371893,2.35,2625.53
20221201,688181,sell,29437,27.59,2436.88
20221201,002393,sell,67706,12.62,2564.24
20221201,000617,sell,193611,6.4,3718.32
20221201,002020,sell,69618,12.02,2510.07
20221201,601928,sell,139146,7.14,2981.49
20221201,000913,sell,48262,17.68,2559.3
20221201,600285,sell,65363,12.63,2476.26
20221201,002832,sell,41670,21.93,2742.06
20221201,002391,sell,124378,6.98,2603.51
20221201,603585,sell,47242,18.58,2633.9
20221201,002262,sell,43199,18.36,2378.77
20221201,002543,sell,98563,8.9,2631.35
20221201,000733,sell,6654,110.4,2203.77
20221201,000513,sell,25122,33.98,2561.05
20221201,600130,sell,224568,4.55,3065.35
20221201,600845,sell,30319,26.44,2405.07
20221201,002887,sell,103354,8.44,2617.82
20221201,002947,sell,40867,20.2,2477.1
20221201,000738,sell,29361,26.99,2377.5
20221201,002332,sell,88033,9.8,2588.85
20221201,600236,sell,147395,5.63,2490.22
20221201,688799,sell,34073,23.31,2382.51
20221201,600380,sell,71859,11.39,2454.81
20221201,600863,sell,262693,3.36,2650.37
20221201,002802,sell,81802,10.18,2499.33
20221201,688618,sell,26062,36.55,2858.08
20221201,002728,sell,128319,16.54,6366.51
20221201,600557,sell,46343,23.07,3207.98
20221201,603587,sell,70673,12.81,2715.94
20221201,600000,sell,138358,6.47,2684.67
20221201,603639,sell,37263,23.29,2603.67
20221201,300833,sell,14272,54.13,2317.47
20221201,002835,sell,70717,10.97,2326.42
20221201,300494,sell,96678,8.4,2437.23
20221201,002558,sell,91260,7.76,2125.21
20221201,601728,sell,10296,3.9,120.48
20221201,000408,buy,253,26.03,19.76
20221201,603599,buy,1939,18.82,109.45
20221201,603556,buy,1287,17.6,67.95
20221201,601328,buy,1422,3.9,16.65
20221201,601601,sell,4352,21.79,284.44
20221201,600325,sell,18377,9.72,536.02
20221201,000651,sell,1444,26.51,114.84
20221201,600123,buy,2644,9.26,73.42
20221201,601169,buy,309,3.61,3.34
20221201,601319,sell,1421,4.86,20.74
20221201,605377,sell,13048,11.37,445.14
20221201,600582,buy,216,4.75,3.08
20221201,601339,buy,2371,4.44,31.62
20221201,000517,buy,340522,2.6,2651.51
20221201,600050,sell,68347,4.33,887.43
20221201,601038,sell,888,11.53,30.71
20221201,002195,buy,19298,2.1,121.45
20221201,605368,buy,2108,7.48,47.28
20221201,600941,buy,13617,64.9,2651.4
20221201,002039,sell,319,13.25,12.68
20221201,600598,buy,465,12.76,17.81
20221201,601881,sell,1812,9.3,50.57
20221201,601318,buy,22840,38.7,2651.49
20221201,601900,sell,3901,7.36,86.15
20221201,603095,buy,5470,11.0,180.47
20221201,002818,buy,4484,9.43,126.8
20221201,603086,buy,8118,9.92,241.7
20221201,605259,buy,1266,16.44,62.46
20221201,600780,sell,683,6.78,13.9
20221201,300580,buy,1500,8.86,39.87
20221201,600373,buy,104323,8.47,2651.5
20221201,300360,buy,107,14.31,4.59
20221201,601985,buy,3784,5.87,66.58
20221201,603298,sell,2917,12.08,105.71
20221201,600060,sell,3194,12.29,117.73
20221201,300033,sell,1820,71.74,391.7
20221201,600566,buy,2853,26.98,230.9
20221201,603797,buy,1133,5.75,19.54
20221201,600398,buy,230340,3.84,2651.51
20221201,688318,buy,2392,32.02,229.81
20221201,603801,buy,49091,18.0,2651.46
20221201,601229,buy,559,4.8,8.05
20221201,688036,buy,17938,49.27,2651.39
20221201,600426,buy,29424,30.04,2651.48
20221201,002955,buy,4629,24.07,334.27
20221201,000932,buy,207328,4.26,2651.5
20221201,000663,buy,101125,8.74,2651.5
20221201,603699,sell,17028,9.85,503.15
20221201,002270,buy,7422,7.2,160.34
20221201,301004,buy,10325,20.5,635.11
20221201,688075,buy,12000,73.65,2651.4
20221201,000915,buy,1503,39.24,176.95
20221201,688303,buy,17977,49.16,2651.37
20221201,002938,buy,32390,27.29,2651.46
20221201,002871,sell,3444,10.37,107.12
20221201,600873,buy,103489,8.54,2651.51
20221201,688298,buy,10308,85.74,2651.33
20221201,002048,buy,65073,13.58,2651.48
20221201,002884,buy,67506,13.09,2651.48
20221201,603040,buy,2070,17.57,109.14
20221201,603889,sell,487,3.24,4.74
20221201,002986,buy,55875,15.82,2651.49
20221201,600694,buy,81003,10.91,2651.49
20221201,605196,buy,8386,7.35,184.88
20221201,603408,buy,87041,10.15,2651.5
20221201,688425,buy,226967,3.89,2651.51
20221201,002133,buy,241713,3.66,2651.5
20221201,000807,buy,87356,10.12,2651.49
20221201,002432,buy,16344,54.08,2651.5
20221201,300856,buy,5800,17.6,306.32
20221201,600452,buy,108417,8.15,2651.5
20221201,603697,buy,124271,7.11,2651.49
20221201,000719,sell,6287,7.06,133.12
20221201,000930,buy,108780,8.12,2651.5
20221201,600938,buy,62151,14.22,2651.49
20221201,600741,buy,54586,16.19,2651.48
20221201,603156,buy,53777,16.44,2651.49
20221201,300951,buy,24618,35.9,2651.46
20221201,000425,buy,180358,4.9,2651.5
20221201,603529,buy,5519,29.99,496.59
20221201,603201,buy,66965,13.2,2651.48
20221201,603600,buy,1118,9.5,31.85
20221201,600562,buy,51725,17.09,2651.48
20221201,000830,buy,73607,12.01,2651.48
20221201,601368,buy,165093,5.35,2651.5
20221201,688068,buy,9498,93.05,2651.45
20221201,605117,sell,611,66.49,121.87
20221201,600618,buy,92091,9.6,2651.5
20221201,002327,buy,154058,5.74,2651.5
20221201,688981,buy,1544,40.98,189.82
20221201,600219,buy,295681,2.99,2651.51
20221201,002014,buy,12749,6.6,252.46
20221201,600251,buy,108136,8.17,2651.49
20221201,002677,buy,93145,9.49,2651.51
20221201,301061,buy,69017,12.81,2651.5
20221201,300130,buy,6569,12.23,241.06
20221201,605009,sell,284,29.61,25.23
20221201,300394,buy,8445,13.05,330.6
20221201,002757,buy,8890,10.38,276.72
20230103,002818,sell,93763,9.33,2625.56
20230103,000408,sell,33956,22.87,2329.26
20230103,000719,sell,125231,7.34,2757.59
20230103,600325,sell,90905,8.44,2301.24
20230103,601881,sell,95012,8.6,2451.25
20230103,601319,sell,181686,4.85,2641.53
20230103,603086,sell,89055,9.33,2491.49
20230103,605259,sell,53746,16.68,2690.14
20230103,600123,sell,95484,8.69,2488.8
20230103,603095,sell,80366,10.1,2434.67
20230103,603797,sell,153725,5.51,2542.9
20230103,000651,sell,33340,26.58,2658.12
20230103,605368,sell,118215,6.91,2449.94
20230103,300394,sell,67731,12.97,2635.37
20230103,601229,sell,184086,4.75,2624.85
20230103,603889,sell,272560,3.43,2801.32
20230103,603600,sell,93071,8.69,2426.67
20230103,300856,sell,50204,17.4,2621.29
20230103,601900,sell,120064,7.5,2700.27
20230103,605117,sell,13294,59.75,2382.89
20230103,002871,sell,85253,9.32,2383.89
20230103,603529,sell,29468,29.69,2624.44
20230103,600941,sell,13617,63.18,2581.08
20230103,600373,sell,104323,8.48,2654.24
20230103,688075,sell,12000,54.47,1960.83
20230103,688303,sell,17977,43.92,2368.78
20230103,002938,sell,32390,25.91,2517.32
20230103,600873,sell,103489,8.89,2759.73
20230103,688298,sell,10308,61.66,1906.68
20230103,002884,sell,67506,13.18,2669.23
20230103,600694,sell,81003,11.32,2751.0
20230103,603408,sell,87041,9.4,2455.68
20230103,688425,sell,226967,3.76,2561.63
20230103,600452,sell,108417,9.5,3089.67
20230103,000930,sell,108780,7.88,2572.62
20230103,600938,sell,62151,13.31,2481.56
20230103,600741,sell,54586,14.9,2440.62
20230103,603156,sell,53777,17.37,2802.7
20230103,300951,sell,24618,32.25,2381.71
20230103,000425,sell,180358,4.79,2591.01
20230103,603201,sell,66965,12.28,2466.76
20230103,000830,sell,73607,11.21,2474.31
20230103,601368,sell,165093,5.15,2550.07
20230103,688068,sell,9498,60.64,1727.94
20230103,600618,sell,92091,9.15,2526.7
20230103,002327,sell,154058,5.82,2689.27
20230103,600251,sell,108136,7.69,2495.86
20230103,002677,sell,93145,9.36,2616.19
20230103,301061,sell,69017,12.5,2588.75
20230103,601038,buy,2099,10.82,68.12
20230103,603556,buy,268,16.88,13.57
20230103,603599,sell,2219,19.04,126.75
20230103,000617,buy,158197,5.39,2556.36
20230103,600050,sell,15714,4.52,213.11
20230103,600130,buy,183647,4.64,2556.37
20230103,002039,sell,6557,14.17,278.66
20230103,300360,buy,545,13.68,22.36
20230103,601601,sell,1031,21.55,66.66
20230103,605377,sell,7681,12.17,280.35
20230103,002195,sell,7304,2.06,45.1
20230103,601728,sell,6623,3.87,76.97
20230103,300033,buy,567,66.12,112.47
20230103,600566,buy,2349,24.27,171.03
20230103,002737,buy,38619,22.06,2556.34
20230103,603699,sell,5044,10.06,152.25
20230103,601318,sell,1902,40.7,232.23
20230103,600060,sell,4106,12.56,154.75
20230103,001219,buy,60783,14.02,2556.36
20230103,688036,sell,846,49.86,126.54
20230103,601169,sell,8796,3.61,95.13
20230103,000915,buy,1166,35.97,125.83
20230103,002343,buy,119011,7.16,2556.36
20230103,688981,sell,1053,41.54,131.22
20230103,605009,sell,4052,33.03,401.53
20230103,600398,sell,23738,4.12,293.72
20230103,000923,buy,72051,11.83,2556.34
20230103,002728,buy,76821,11.09,2556.37
20230103,300488,buy,38659,22.04,2556.31
20230103,002020,buy,71400,11.93,2556.36
20230103,601328,sell,9505,3.93,112.02
20230103,002432,buy,1447,47.9,207.92
20230103,603298,buy,1673,11.39,57.14
20230103,603697,sell,6359,7.23,137.87
20230103,000517,buy,17231,2.38,123.13
20230103,600780,buy,341,6.52,6.67
20230103,000932,sell,2760,4.17,34.49
20230103,605196,buy,698,7.04,14.75
20230103,603040,buy,2179,16.24,106.16
20230103,600562,sell,930,16.78,46.8
20230103,601985,sell,1827,5.72,31.38
20230103,601699,buy,66227,12.87,2556.37
20230103,600371,buy,63135,13.5,2556.36
20230103,600845,buy,28439,29.96,2556.33
20230103,002955,buy,1625,22.22,108.34
20230103,002116,buy,87376,9.75,2556.34
20230103,002014,sell,5915,6.66,118.15
20230103,003006,buy,67933,12.54,2556.35
20230103,600582,sell,3637,4.67,50.93
20230103,300580,buy,1840,8.39,46.3
20230103,000807,sell,5027,10.35,156.09
20230103,600219,buy,10728,2.78,89.5
20230103,002048,buy,1058,12.89,40.9
20230103,002790,buy,101904,8.36,2556.36
20230103,002027,buy,149890,5.68,2556.37
20230103,603217,buy,28063,30.36,2556.31
20230103,688121,buy,33688,25.29,2556.31
20230103,603801,buy,2719,16.45,134.16
20230103,002315,buy,68198,12.49,2556.35
20230103,300196,buy,63693,13.38,2556.37
20230103,600426,sell,1541,30.56,141.29
20230103,600030,buy,46061,18.5,2556.35
20230103,002270,buy,1761,6.84,36.16
20230103,300770,buy,27768,30.69,2556.34
20230103,603896,buy,21418,39.78,2556.27
20230103,601336,buy,31441,27.1,2556.36
20230103,600888,buy,111850,7.62,2556.36
20230103,300515,buy,69117,12.33,2556.35
20230103,688318,sell,1412,32.54,137.85
20230103,603127,buy,21035,40.51,2556.31
20230103,603299,buy,95124,8.96,2556.37
20230103,600000,buy,131563,6.48,2556.36
20230103,600016,buy,299935,2.84,2556.37
20230103,002033,buy,85265,9.99,2556.34
20230103,600511,buy,32365,26.33,2556.33
20230103,002986,buy,1588,14.83,70.65
20230103,002758,buy,65070,13.1,2556.34
20230103,300817,buy,74244,11.48,2556.37
20230103,000716,buy,98953,8.61,2556.35
20230103,301004,sell,2265,20.87,141.78
20230103,601518,buy,435506,1.96,2556.37
20230103,603203,buy,31577,26.99,2556.35
20230103,002133,buy,10911,3.37,110.41
20230103,000423,buy,24478,34.81,2556.33
20230103,600814,buy,126183,6.75,2556.37
20230103,600557,buy,44502,19.15,2556.36
20230103,000663,sell,1925,8.59,49.61
20230103,600598,buy,1621,12.03,58.48
20230103,002832,buy,35539,23.98,2556.34
20230103,002757,buy,12054,9.98,360.92
20230103,002177,buy,267993,3.18,2556.37
20230103,601339,sell,10872,4.53,147.86
20230103,002391,buy,128292,6.64,2556.37
20230103,000960,buy,63472,13.42,2556.33
20230103,601199,buy,137549,6.2,2556.37
20230103,300130,buy,232,11.76,8.18
20230103,002606,buy,89257,9.55,2556.36
20230103,003025,buy,72490,11.75,2556.34
20230103,300230,buy,225230,3.78,2556.37
20230103,000603,buy,55083,13.1,2164.52
20230201,002014,sell,127983,7.07,2713.61
20230201,601339,sell,187970,4.55,2565.45
20230201,600598,sell,70860,12.37,2630.33
20230201,601169,sell,236371,3.58,2538.5
20230201,600582,sell,182547,4.65,2546.75
20230201,000915,sell,23688,37.58,2670.77
20230201,601985,sell,148860,5.72,2556.38
20230201,600566,sell,35110,25.51,2687.08
20230201,688981,sell,20514,43.46,2674.62
20230201,301004,sell,40840,21.81,2672.6
20230201,605196,sell,120968,7.63,2770.28
20230201,600780,sell,130646,6.57,2575.26
20230201,002955,sell,38343,22.99,2644.8
20230201,002757,sell,85377,11.52,2949.83
20230201,603040,sell,52469,18.34,2887.39
20230201,300130,sell,72487,12.88,2800.21
20230201,300580,sell,101585,10.02,3054.45
20230201,600398,sell,206602,4.07,2522.68
20230201,002048,sell,66131,14.35,2847.18
20230201,002986,sell,57463,15.99,2757.21
20230201,002432,sell,17791,50.05,2671.44
20230201,002737,sell,38619,22.86,2648.55
20230201,001219,sell,60783,13.59,2478.19
20230201,300488,sell,38659,24.05,2788.91
20230201,002020,sell,71400,12.61,2702.04
20230201,600845,sell,28439,31.98,2728.3
20230201,002116,sell,87376,10.7,2804.44
20230201,002315,sell,68198,13.19,2699.13
20230201,300196,sell,63693,14.48,2767.02
20230201,300770,sell,27768,30.17,2513.61
20230201,600888,sell,111850,8.43,2827.54
20230201,300515,sell,69117,13.47,2792.2
20230201,603299,sell,95124,9.71,2772.12
20230201,600000,sell,131563,6.59,2602.32
20230201,600016,sell,299935,2.89,2600.96
20230201,002033,sell,85265,9.23,2360.22
20230201,002758,sell,65070,14.13,2758.2
20230201,601518,sell,435506,1.94,2530.28
20230201,000423,sell,24478,37.76,2772.98
20230201,600557,sell,44502,21.46,2864.93
20230201,002832,sell,35539,24.89,2653.54
20230201,002177,sell,267993,3.25,2612.46
20230201,002391,sell,128292,7.09,2728.47
20230201,601199,sell,137549,6.2,2560.24
20230201,002606,sell,89257,10.25,2745.91
20230201,003025,sell,72490,12.57,2733.84
20230201,300230,sell,225230,3.99,2698.75
20230201,601728,sell,15500,4.48,208.3
20230201,002195,sell,111530,3.03,1013.12
20230201,603369,buy,16720,54.78,2747.65
20230201,600130,sell,9190,5.25,144.74
20230201,002039,buy,5105,14.04,214.95
20230201,002884,buy,66746,13.72,2747.68
20230201,000663,buy,898,9.15,24.65
20230201,600050,buy,676,4.84,9.82
20230201,000617,sell,3298,5.91,58.5
20230201,601038,sell,1081,11.79,38.23
20230201,000517,sell,1621,2.57,12.51
20230201,601601,sell,425,23.42,29.86
20230201,601318,sell,274,44.32,36.43
20230201,600295,buy,93773,9.77,2747.67
20230201,300360,sell,3065,15.46,142.16
20230201,002027,buy,8241,5.79,143.2
20230201,603217,buy,957,31.56,90.61
20230201,002558,buy,99791,9.18,2747.69
20230201,000858,buy,4955,184.84,2747.62
20230201,600371,buy,5195,13.4,208.9
20230201,603699,buy,7965,9.88,236.2
20230201,000923,sell,6715,14.02,282.4
20230201,603697,buy,1444,7.67,33.24
20230201,603801,sell,3449,18.94,195.96
20230201,601699,sell,4974,14.95,223.13
20230201,000807,sell,11023,12.84,424.76
20230201,688300,buy,31284,29.28,2747.64
20230201,600426,buy,1076,31.63,102.09
20230201,000932,buy,1704,4.44,22.7
20230201,605337,buy,54977,16.66,2747.69
20230201,603866,buy,74147,12.35,2747.68
20230201,601828,buy,158318,5.79,2747.69
20230201,000568,buy,4341,210.96,2747.32
20230201,600873,buy,99808,9.18,2747.68
20230201,688169,buy,7871,116.36,2747.54
20230201,002545,buy,111483,8.22,2747.68
20230201,688036,sell,333,54.65,54.6
20230201,002728,buy,11690,10.35,362.9
20230201,601336,buy,1183,28.07,99.64
20230201,600660,buy,26614,34.41,2747.62
20230201,605259,buy,48335,18.95,2747.69
20230201,002555,buy,52861,17.33,2747.68
20230201,603195,buy,19836,46.17,2747.61
20230201,605377,buy,9486,11.52,327.74
20230201,000731,buy,116549,7.86,2747.67
20230201,603565,buy,104219,8.79,2747.68
20230201,600511,sell,178,28.46,15.2
20230201,000651,buy,32047,28.58,2747.64
20230201,000333,buy,19084,47.99,2747.64
20230201,600061,buy,137032,6.68,2747.69
20230201,300771,buy,64703,14.16,2747.68
20230201,300033,sell,1841,82.92,457.95
20230201,002677,buy,91950,9.96,2747.67
20230201,002343,buy,11831,7.0,248.45
20230201,603127,sell,521,44.65,69.78
20230201,600060,sell,1164,13.74,47.98
20230201,600486,buy,11374,80.52,2747.53
20230201,603896,sell,855,44.54,114.25
20230201,002133,buy,15898,3.41,162.68
20230201,600251,buy,111811,8.19,2747.67
20230201,603556,buy,1527,17.61,80.66
20230201,688121,buy,1582,25.97,123.24
20230201,002818,buy,92343,9.92,2747.67
20230201,000425,buy,166626,5.5,2747.68
20230201,000960,sell,3506,15.27,160.65
20230201,600941,buy,13536,67.66,2747.6
20230201,601328,buy,10477,4.03,126.6
20230201,600483,buy,103867,8.82,2747.67
20230201,000655,buy,123904,7.39,2747.67
20230201,603213,buy,64362,14.23,2747.65
20230201,000893,buy,31560,29.02,2747.61
20230201,000603,buy,7948,14.53,346.47
20230201,603599,buy,613,20.19,37.13
20230201,600219,sell,9111,3.08,84.21
20230201,002821,buy,5821,157.34,2747.59
20230201,600867,buy,100726,9.09,2747.68
20230201,003006,sell,10202,15.87,485.57
20230201,002508,buy,35385,25.88,2747.64
20230201,002057,buy,80013,11.45,2747.66
20230201,600585,buy,35701,25.65,2747.66
20230201,000716,buy,11290,8.31,281.39
20230201,000830,buy,75038,12.21,2747.67
20230201,600012,buy,133365,6.87,2747.68
20230201,600814,sell,43,7.26,0.94
20230201,300817,sell,2267,12.72,86.54
20230201,000913,buy,40817,22.44,2747.69
20230201,605009,buy,2053,32.89,202.54
20230201,002270,sell,2748,7.52,62.02
20230201,002790,buy,415,8.95,11.14
20230201,688318,sell,10965,60.18,1979.49
20230201,600030,sell,1460,20.54,89.95
20230201,603298,sell,1867,12.55,70.3
20230201,002493,buy,70988,12.9,2747.68
20230201,605399,buy,32539,28.15,2747.61
20230201,300677,buy,37575,24.37,2747.67
20230201,603203,sell,1016,29.97,91.35
20230201,603198,buy,15013,61.01,2747.62
20230201,000630,buy,276408,3.31,2747.68
20230201,002895,buy,32965,25.05,2477.45
20230201,600562,buy,1,17.08,0.05
20230301,300360,sell,59240,15.23,2707.48
20230301,601038,sell,77686,11.55,2691.1
20230301,605377,sell,79527,11.62,2772.69
20230301,603298,sell,72974,13.98,3060.18
20230301,603699,sell,92656,10.34,2873.01
20230301,000517,sell,356132,2.6,2773.06
20230301,688036,sell,16759,51.75,2601.82
20230301,002133,sell,268522,3.5,2816.19
20230301,600562,sell,50796,17.26,2630.53
20230301,600219,sell,297298,3.06,2732.85
20230301,000617,sell,154899,5.59,2599.17
20230301,002343,sell,130842,6.18,2425.81
20230301,002728,sell,88511,13.3,3530.9
20230301,600371,sell,68330,12.51,2565.01
20230301,600030,sell,44601,19.43,2599.71
20230301,603127,sell,20514,40.59,2498.15
20230301,300817,sell,71977,11.46,2474.19
20230301,000716,sell,110243,9.57,3165.18
20230301,603203,sell,30561,31.34,2873.71
20230301,600814,sell,126140,7.33,2772.61
20230301,000960,sell,59966,14.98,2694.85
20230301,000603,sell,63031,13.49,2551.56
20230301,002884,sell,66746,13.51,2706.2
20230301,600295,sell,93773,9.59,2699.12
20230301,002545,sell,111483,8.07,2700.61
20230301,600660,sell,26614,32.93,2629.56
20230301,603565,sell,104219,8.52,2664.06
20230301,000333,sell,19084,47.23,2704.08
20230301,600486,sell,11374,78.51,2679.08
20230301,600251,sell,111811,8.13,2726.42
20230301,600941,sell,13536,74.3,3017.19
20230301,000893,sell,31560,28.37,2686.07
20230301,002821,sell,5821,136.29,2380.05
20230301,002508,sell,35385,27.23,2890.32
20230301,600585,sell,35701,27.15,2907.75
20230301,000830,sell,75038,13.12,2952.63
20230301,000913,sell,40817,21.48,2630.64
20230301,002493,sell,70988,13.34,2840.5
20230301,300677,sell,37575,25.3,2852.03
20230301,000630,sell,276408,3.18,2640.53
20230301,002895,sell,32965,26.43,2613.99
20230301,601339,buy,169808,5.56,2833.5
20230301,601728,sell,37444,5.66,635.25
20230301,002195,buy,8430,3.04,76.83
20230301,600130,buy,19088,4.88,279.45
20230301,603369,sell,998,60.08,179.87
20230301,603599,sell,318,20.97,20.0
20230301,600050,sell,11886,5.33,189.97
20230301,603697,sell,17968,9.32,502.16
20230301,002558,sell,4571,9.92,136.02
20230301,603556,sell,8629,21.77,563.54
20230301,002677,sell,10019,11.53,346.5
20230301,002818,buy,159,10.21,4.87
20230301,688169,sell,973,136.94,399.74
20230301,002039,buy,2626,13.91,109.61
20230301,002833,buy,62859,15.03,2833.48
20230301,601699,sell,5870,17.05,300.32
20230301,605259,buy,46,19.52,2.69
20230301,603040,buy,41476,22.77,2833.46
20230301,002270,sell,3317,7.97,79.36
20230301,300926,buy,79534,11.88,2833.5
20230301,002014,buy,126875,7.44,2833.5
20230301,601601,sell,2587,25.86,200.69
20230301,002027,buy,6391,5.74,110.07
20230301,301061,buy,62327,15.15,2833.48
20230301,601328,buy,4242,4.08,51.89
20230301,600325,buy,90811,10.4,2833.48
20230301,600867,sell,10569,10.48,332.17
20230301,002057,buy,5139,11.09,171.0
20230301,603217,buy,1148,31.31,107.82
20230301,000923,sell,249,14.51,10.84
20230301,300787,buy,64687,14.6,2833.49
20230301,600398,buy,198042,4.77,2833.5
20230301,601318,buy,1224,43.15,158.45
20230301,603195,sell,877,49.82,131.08
20230301,000568,sell,158,225.82,107.04
20230301,002955,buy,31518,29.97,2833.51
20230301,000425,sell,25624,6.7,514.93
20230301,000858,buy,220,182.48,120.44
20230301,600012,sell,7521,7.51,169.34
20230301,300308,buy,37000,25.53,2833.49
20230301,603801,sell,6333,22.47,426.97
20230301,000651,sell,1199,30.62,110.14
20230301,688318,buy,5143,46.38,715.6
20230301,000807,buy,1072,13.05,41.97
20230301,688300,buy,994,29.26,87.26
20230301,002555,sell,3845,19.27,222.27
20230301,603339,buy,67574,13.98,2833.48
20230301,600511,sell,534,29.84,47.8
20230301,300033,buy,152,84.34,38.46
20230301,600061,buy,3479,6.72,70.16
20230301,688611,buy,46217,20.44,2833.48
20230301,000655,sell,1420,7.71,32.85
20230301,003006,sell,3498,17.42,182.76
20230301,300833,buy,14317,65.97,2833.46
20230301,300994,buy,49592,19.05,2833.47
20230301,300895,buy,25351,37.26,2833.4
20230301,603198,sell,375,64.53,72.59
20230301,600720,buy,83489,11.31,2833.49
20230301,300384,buy,59749,15.81,2833.5
20230301,300394,buy,45991,20.54,2833.46
20230301,002283,buy,168863,5.59,2833.5
20230301,000932,sell,18317,5.03,276.14
20230301,002790,sell,13445,10.63,428.66
20230301,688121,buy,4668,23.65,331.18
20230301,601101,buy,158343,5.96,2833.51
20230301,301181,buy,34645,27.26,2833.44
20230301,002429,buy,219021,4.31,2833.5
20230301,603228,buy,42053,22.46,2833.48
20230301,603896,sell,738,47.64,105.48
20230301,605009,buy,858,32.9,84.68
20230301,003025,buy,67805,13.93,2833.48
20230301,600426,sell,1011,33.8,102.5
20230301,300580,buy,85154,11.09,2833.49
20230301,600483,sell,1443,9.22,39.92
20230301,603327,buy,114188,8.27,2833.5
20230301,603866,sell,2712,13.22,107.57
20230301,601828,buy,6345,5.74,109.18
20230301,605399,sell,107,29.12,9.35
20230301,300771,buy,2286,14.1,96.69
20230301,603889,buy,250568,3.77,2833.51
20230301,600873,buy,5416,8.98,145.84
20230301,000731,buy,2678,7.92,63.64
20230301,002241,buy,45001,20.99,2833.51
20230301,603277,buy,75840,12.45,2833.49
20230301,603213,buy,4040,13.81,167.35
20230301,600780,buy,105714,8.93,2833.49
20230301,605196,buy,122468,7.71,2833.51
20230301,002757,buy,72505,13.03,2833.51
20230301,300398,buy,49210,19.19,2833.49
20230301,300130,buy,59985,15.75,2833.51
20230301,300349,buy,86723,10.89,2833.51
20230301,002835,buy,58815,16.06,2833.5
20230301,002832,buy,34419,27.44,2833.5
20230301,600060,sell,1947,14.59,85.24
20230301,300389,buy,76433,12.36,2833.5
20230301,301006,buy,47041,20.08,2833.47
20230301,601336,sell,56,29.0,4.87
20230301,605337,sell,4842,18.84,273.66
20230301,002461,buy,96729,8.54,2477.62
20230403,605009,sell,28709,30.4,2618.68
20230403,600050,sell,177288,5.1,2711.6
20230403,601601,sell,36527,23.75,2602.54
20230403,688318,sell,20364,60.67,3706.56
20230403,002039,sell,67883,13.9,2831.58
20230403,601318,sell,21888,39.43,2589.15
20230403,600426,sell,27948,31.34,2627.87
20230403,600130,sell,193545,4.63,2688.34
20230403,003006,sell,54233,16.76,2727.55
20230403,002027,sell,164522,5.73,2829.3
20230403,603217,sell,30168,29.06,2630.49
20230403,688121,sell,39938,27.57,3303.71
20230403,601336,sell,32568,28.47,2781.67
20230403,000858,sell,5175,171.75,2666.48
20230403,605337,sell,50135,17.16,2581.43
20230403,603866,sell,71435,11.96,2563.66
20230403,000568,sell,4183,224.94,2822.83
20230403,600873,sell,105224,8.47,2673.95
20230403,605259,sell,48381,17.54,2545.72
20230403,603195,sell,18959,48.45,2755.72
20230403,000731,sell,119227,7.36,2632.5
20230403,300771,sell,66989,13.54,2720.91
20230403,002677,sell,81931,10.61,2607.77
20230403,000655,sell,122484,6.72,2467.69
20230403,603213,sell,68402,13.23,2715.49
20230403,002057,sell,85152,9.76,2492.43
20230403,605399,sell,32432,25.34,2465.88
20230403,603198,sell,14638,62.55,2746.96
20230403,301061,sell,62327,14.15,2645.11
20230403,300787,sell,64687,14.26,2767.94
20230403,600398,sell,198042,4.78,2838.11
20230403,300994,sell,49592,18.14,2698.06
20230403,600720,sell,83489,9.97,2496.56
20230403,601101,sell,158343,5.44,2585.88
20230403,301181,sell,34645,21.47,2231.72
20230403,003025,sell,67805,14.17,2882.5
20230403,300580,sell,85154,10.02,2559.28
20230403,603327,sell,114188,7.66,2623.99
20230403,603889,sell,250568,3.71,2785.31
20230403,002241,sell,45001,21.03,2838.71
20230403,605196,sell,122468,7.41,2721.61
20230403,300398,sell,49210,21.52,3177.16
20230403,300130,sell,59985,16.77,3018.48
20230403,002558,sell,23980,13.43,965.81
20230403,300308,sell,16990,47.8,2436.27
20230403,601728,sell,2305,5.81,40.15
20230403,601339,buy,3139,5.53,52.08
20230403,002195,sell,29944,3.4,305.79
20230403,300033,sell,5246,160.7,2529.05
20230403,300913,buy,54568,17.53,2869.17
20230403,002517,buy,76377,12.52,2869.2
20230403,300502,buy,32430,29.49,2869.15
20230403,603556,buy,1636,21.24,104.26
20230403,002833,sell,693,15.38,31.98
20230403,688169,buy,681,126.18,257.78
20230403,002818,sell,2818,10.66,90.15
20230403,000617,buy,140331,6.82,2869.2
20230403,002555,sell,12019,25.85,932.13
20230403,600060,sell,8013,16.87,405.44
20230403,688601,buy,17109,55.9,2869.16
20230403,002955,buy,3170,27.57,262.2
20230403,603881,buy,55535,17.22,2869.21
20230403,601328,sell,5359,4.23,67.95
20230403,600325,buy,1223,10.39,38.13
20230403,601699,buy,1228,16.89,62.24
20230403,603369,sell,132,61.35,24.29
20230403,300384,sell,3071,16.87,155.47
20230403,300389,sell,2889,13.0,112.71
20230403,000021,buy,53399,17.91,2869.2
20230403,300926,sell,6522,13.1,256.3
20230403,688425,buy,192109,4.98,2869.21
20230403,002986,buy,51695,18.5,2869.17
20230403,002757,sell,6632,14.52,288.87
20230403,002815,buy,79510,12.03,2869.18
20230403,002270,buy,1753,7.96,41.85
20230403,688569,buy,42126,22.7,2869.17
20230403,688036,buy,13463,71.04,2869.08
20230403,002429,sell,12115,4.62,168.0
20230403,603697,buy,9389,8.63,243.18
20230403,688300,sell,4647,34.61,482.55
20230403,603565,buy,103835,9.21,2869.19
20230403,600012,sell,3266,7.8,76.45
20230403,000425,buy,6282,6.49,122.38
20230403,002832,sell,1635,29.17,143.1
20230403,603339,buy,806,13.99,33.82
20230403,600867,sell,2268,10.88,74.04
20230403,688981,buy,17522,54.58,2869.05
20230403,600511,sell,3393,33.84,344.5
20230403,002283,buy,17999,5.12,276.37
20230403,688611,buy,2989,19.44,174.29
20230403,603599,buy,1029,20.76,64.07
20230403,605277,buy,82783,11.55,2869.2
20230403,603738,buy,48900,19.56,2869.16
20230403,301191,buy,11070,86.39,2869.12
20230403,002463,buy,44371,21.55,2869.18
20230403,300895,sell,2530,41.91,318.1
20230403,301006,buy,526,20.11,31.73
20230403,300403,buy,144912,6.6,2869.2
20230403,601717,buy,78161,12.24,2869.18
20230403,300833,buy,383,65.06,74.75
20230403,600780,buy,6291,8.54,161.15
20230403,002014,buy,2166,7.41,48.16
20230403,603801,buy,2043,21.7,133.01
20230403,603165,buy,78494,12.18,2869.2
20230403,300349,sell,409,11.08,13.6
20230403,002835,buy,3820,15.27,174.99
20230403,000932,buy,7894,4.88,115.65
20230403,300394,sell,14145,30.03,1274.45
20230403,300570,buy,33091,28.9,2869.17
20230403,601199,buy,132499,7.22,2869.2
20230403,603896,buy,735,46.52,102.57
20230403,300002,buy,92808,10.31,2869.2
20230403,603040,buy,7613,19.48,444.97
20230403,601828,buy,9233,5.5,152.34
20230403,300852,buy,33899,28.21,2869.2
20230403,300515,buy,65019,14.71,2869.19
20230403,002790,buy,15082,9.2,416.27
20230403,600750,buy,57553,16.62,2869.2
20230403,603357,buy,115122,8.31,2869.19
20230403,605305,buy,31959,29.93,2869.12
20230403,600061,buy,969,6.76,19.65
20230403,600483,buy,10215,8.49,260.2
20230403,301039,buy,95447,10.02,2869.18
20230403,601169,buy,257493,3.71,2869.2
20230403,603005,buy,37931,25.21,2869.19
20230403,000923,buy,10038,12.73,383.37
20230403,002533,buy,150075,6.37,2869.2
20230403,000663,buy,2741,9.3,76.47
20230403,605368,buy,126244,7.58,2869.19
20230403,300196,buy,63505,15.06,2869.21
20230403,603228,sell,1789,23.75,127.48
20230403,000651,sell,316,31.33,29.7
20230403,600938,buy,63060,15.17,2869.19
20230403,605016,buy,80278,11.91,2869.21
20230403,000807,buy,5820,12.23,213.54
20230403,688117,buy,59398,16.1,2869.2
20230403,603083,buy,23395,40.88,2869.2
20230403,002327,buy,143066,6.69,2869.19
20230403,300229,buy,28396,33.68,2869.14
20230403,688158,buy,35356,27.05,2869.14
20230403,603277,buy,4001,11.98,143.78
20230403,002351,buy,61540,14.69,2712.73
20230403,002461,buy,1,8.99,0.03
20230504,002195,sell,280967,3.07,2585.63
20230504,300033,sell,5952,119.83,2139.72
20230504,600060,sell,56706,20.91,3557.34
20230504,603801,sell,44071,20.68,2733.89
20230504,000932,sell,195849,4.46,2619.26
20230504,000663,sell,102839,9.52,2937.08
20230504,000807,sell,78198,13.11,3074.44
20230504,603697,sell,110777,8.46,2813.02
20230504,000923,sell,75125,12.68,2856.82
20230504,601699,sell,56611,15.34,2605.42
20230504,002790,sell,103956,7.69,2398.18
20230504,603896,sell,20560,44.83,2765.12
20230504,603369,sell,15590,57.77,2701.96
20230504,601828,sell,173896,5.11,2663.89
20230504,688169,sell,7579,113.05,2570.45
20230504,000425,sell,147284,5.91,2609.85
20230504,600483,sell,112639,8.45,2855.08
20230504,603040,sell,49089,20.64,3039.75
20230504,300926,sell,73012,11.45,2508.51
20230504,002955,sell,34688,20.54,2137.87
20230504,688611,sell,49206,19.0,2805.21
20230504,300895,sell,22821,30.74,2104.36
20230504,002283,sell,186862,5.15,2884.27
20230504,603228,sell,40264,21.89,2644.36
20230504,002757,sell,65873,12.82,2534.43
20230504,300349,sell,86314,12.12,3137.91
20230504,002835,sell,62635,15.12,2840.25
20230504,002832,sell,32784,33.55,3299.65
20230504,300389,sell,73544,19.31,4260.39
20230504,301006,sell,47567,23.67,3377.99
20230504,002461,sell,96730,9.03,2619.3
20230504,300502,sell,32430,32.54,3165.43
20230504,688601,sell,17109,49.58,2544.54
20230504,603881,sell,55535,15.65,2607.82
20230504,000021,sell,53399,16.36,2621.13
20230504,688569,sell,42126,42.78,5406.18
20230504,688036,sell,13463,71.31,2880.29
20230504,603565,sell,103835,8.63,2689.24
20230504,605277,sell,82783,9.67,2402.22
20230504,603738,sell,48900,14.34,2103.92
20230504,301191,sell,11070,68.99,2291.15
20230504,002463,sell,44371,19.72,2625.1
20230504,300403,sell,144912,6.47,2814.18
20230504,601717,sell,78161,12.35,2896.92
20230504,603165,sell,78494,12.04,2835.7
20230504,300570,sell,33091,24.75,2456.96
20230504,300002,sell,92808,14.36,3997.17
20230504,300515,sell,65019,13.93,2716.89
20230504,605305,sell,31959,24.82,2379.61
20230504,603005,sell,37931,21.38,2433.3
20230504,002533,sell,150075,6.98,3140.81
20230504,300196,sell,63505,12.88,2454.49
20230504,605016,sell,80278,11.6,2793.91
20230504,688117,sell,59398,15.41,2746.78
20230504,603083,sell,23395,64.82,4549.37
20230504,002327,sell,143066,7.36,3160.32
20230504,300229,sell,28396,22.21,1892.11
20230504,688158,sell,35356,18.61,1973.93
20230504,002351,sell,61540,20.71,3822.8
20230504,601900,buy,52893,18.32,2907.38
20230504,600251,buy,113303,8.55,2907.4
20230504,601728,sell,1069,5.92,18.99
20230504,600373,buy,56293,17.22,2907.38
20230504,601339,buy,29696,4.78,426.06
20230504,300384,buy,2198,16.46,108.54
20230504,002270,sell,13036,9.04,353.72
20230504,601985,buy,144000,6.73,2907.41
20230504,002818,sell,1845,11.03,61.07
20230504,601319,buy,159077,6.09,2907.42
20230504,600757,buy,104513,9.27,2907.42
20230504,002014,sell,4511,7.78,105.32
20230504,601928,buy,74404,13.03,2907.4
20230504,300494,buy,39959,24.25,2907.41
20230504,000719,buy,71706,13.52,2907.42
20230504,300130,buy,55848,17.35,2907.37
20230504,002558,sell,12685,16.55,629.85
20230504,603556,sell,954,21.99,62.94
20230504,601601,buy,31562,30.71,2907.39
20230504,600938,sell,3482,16.27,169.92
20230504,601328,sell,28746,4.91,423.11
20230504,600325,buy,11126,9.39,313.57
20230504,601336,buy,26007,37.26,2907.4
20230504,600598,buy,81002,11.96,2907.42
20230504,603357,sell,8147,9.06,221.42
20230504,002429,buy,14453,4.38,189.83
20230504,002517,sell,21113,17.54,1110.76
20230504,601518,buy,409050,2.37,2907.42
20230504,600941,buy,10628,91.19,2907.41
20230504,601199,sell,8550,7.82,200.56
20230504,000651,buy,2013,29.78,179.83
20230504,000617,sell,6960,7.27,151.73
20230504,688981,sell,1028,58.76,181.22
20230504,300856,buy,42192,22.97,2907.42
20230504,600012,sell,12210,8.78,321.65
20230504,000731,buy,126836,7.64,2907.42
20230504,003816,buy,323404,3.0,2907.42
20230504,600158,buy,98382,9.85,2907.43
20230504,000408,buy,47395,20.45,2907.37
20230504,603889,buy,228506,4.24,2907.42
20230504,002555,sell,2717,28.27,230.44
20230504,301061,buy,67873,14.28,2907.42
20230504,600863,buy,267389,3.62,2907.42
20230504,601169,sell,19702,4.08,240.89
20230504,603230,buy,61439,15.77,2907.43
20230504,600511,sell,4267,40.39,517.07
20230504,603339,sell,278,14.23,11.87
20230504,002483,buy,193296,5.01,2907.41
20230504,600750,sell,13285,21.89,872.54
20230504,300394,buy,4291,26.82,345.23
20230504,600780,buy,3982,8.36,99.82
20230504,600211,buy,22575,42.93,2907.36
20230504,300833,buy,449,63.97,86.17
20230504,600061,sell,5580,7.13,119.38
20230504,688425,sell,24434,5.78,423.68
20230504,600835,buy,73205,13.24,2907.4
20230504,300580,buy,92262,10.5,2907.39
20230504,002448,buy,167051,5.8,2907.42
20230504,002343,buy,93186,10.4,2907.4
20230504,603599,buy,7119,18.22,389.08
20230504,300664,buy,183934,5.27,2907.42
20230504,603328,buy,135364,7.16,2907.43
20230504,603859,buy,34121,28.4,2907.41
20230504,605577,buy,61914,15.65,2907.4
20230504,603277,sell,2363,12.51,88.67
20230504,002986,buy,1036,18.38,57.12
20230504,600016,buy,294102,3.3,2907.43
20230504,603699,buy,80243,12.08,2907.41
20230504,601038,buy,87321,11.1,2907.4
20230504,300360,buy,63089,15.36,2907.39
20230504,605368,buy,117,7.67,2.69
20230504,301039,sell,18915,12.66,718.58
20230504,002728,buy,84148,11.52,2907.42
20230504,605009,buy,26915,36.01,2907.36
20230504,300765,buy,87536,11.07,2907.42
20230504,603331,buy,71240,13.6,2907.42
20230504,300660,buy,62756,15.44,2907.39
20230504,600398,buy,179784,5.39,2907.42
20230504,601006,buy,145104,6.68,2907.42
20230504,300913,buy,839,17.49,44.03
20230504,002871,buy,86418,11.21,2907.41
20230504,688300,buy,1063,33.77,107.71
20230504,000028,buy,20689,46.84,2907.32
20230504,002391,buy,143494,6.75,2907.41
20230504,601330,buy,135259,7.17,2907.42
20230504,002815,buy,8217,11.05,272.33
20230504,003011,buy,39717,24.4,2907.43
20230504,002462,buy,62029,15.62,2907.4
20230504,300970,buy,41897,23.13,2907.38
20230504,000567,buy,116623,8.31,2907.41
20230504,600033,buy,325143,2.98,2907.42
20230504,601000,buy,283321,3.42,2907.42
20230504,002833,buy,3538,14.75,156.56
20230504,300770,buy,22481,43.11,2907.41
20230504,600867,buy,421,10.97,13.86
20230504,300308,sell,4008,60.57,728.23
20230504,002440,buy,148785,6.51,2907.42
20230504,300852,buy,2713,26.47,215.44
20230504,002275,buy,52777,18.36,2907.4
20230504,601688,buy,60206,13.08,2362.69
20230601,002270,sell,107152,8.84,2842.09
20230601,603599,sell,53197,17.57,2804.64
20230601,603556,sell,44070,21.22,2805.96
20230601,601328,sell,197532,4.82,2858.32
20230601,002558,sell,58555,19.48,3421.5
20230601,688300,sell,28694,35.49,3055.35
20230601,002555,sell,34280,26.96,2772.25
20230601,600867,sell,88310,10.48,2775.47
20230601,601339,sell,202643,4.89,2970.94
20230601,002833,sell,65704,14.36,2831.09
20230601,002014,sell,124530,7.2,2689.7
20230601,600325,sell,103160,8.95,2770.33
20230601,300308,sell,16002,76.8,3686.91
20230601,603339,sell,68102,14.08,2876.73
20230601,300833,sell,15149,67.94,3087.72
20230601,300384,sell,58876,16.28,2874.94
20230601,300394,sell,36137,37.39,4053.61
20230601,002429,sell,221359,4.86,3225.62
20230601,600780,sell,115987,8.98,3125.63
20230601,300913,sell,55407,23.14,3846.41
20230601,002517,sell,55264,17.68,2931.47
20230601,000617,sell,133371,7.5,3001.47
20230601,688981,sell,16494,54.42,2692.81
20230601,601199,sell,123949,7.16,2663.12
20230601,300852,sell,36612,30.35,3333.84
20230601,600750,sell,44268,21.29,2827.4
20230601,301039,sell,76532,11.02,2531.07
20230601,601900,sell,52893,24.65,3910.86
20230601,601928,sell,74404,11.87,2649.39
20230601,300494,sell,39959,22.56,2703.95
20230601,300130,sell,55848,23.65,3962.61
20230601,601601,sell,31562,25.41,2405.76
20230601,000731,sell,126836,7.26,2762.56
20230601,003816,sell,323404,2.89,2808.1
20230601,600158,sell,98382,12.39,3656.31
20230601,000408,sell,47395,20.65,2936.71
20230601,603230,sell,61439,12.8,2359.33
20230601,002483,sell,193296,5.05,2928.91
20230601,300580,sell,92262,13.31,3684.98
20230601,002448,sell,167051,6.2,3106.95
20230601,002343,sell,93186,8.65,2418.18
20230601,300664,sell,183934,5.31,2932.7
20230601,603859,sell,34121,31.55,3229.99
20230601,605577,sell,61914,12.31,2287.23
20230601,603699,sell,80243,12.45,2996.81
20230601,601038,sell,87321,10.58,2770.35
20230601,300360,sell,63089,16.5,3122.04
20230601,002728,sell,84148,11.74,2963.27
20230601,603331,sell,71240,13.75,2938.64
20230601,300660,sell,62756,18.79,3537.23
20230601,601006,sell,145104,6.34,2761.32
20230601,002871,sell,86418,11.32,2933.77
20230601,000028,sell,20689,41.22,2558.67
20230601,002391,sell,143494,6.74,2902.72
20230601,002462,sell,62029,13.95,2595.08
20230601,300970,sell,41897,23.33,2932.27
20230601,000567,sell,116623,8.63,3018.17
20230601,600033,sell,325143,2.75,2682.44
20230601,601000,sell,283321,3.15,2677.8
20230601,300770,sell,22481,36.85,2485.44
20230601,002440,sell,148785,6.36,2837.51
20230601,002275,sell,52777,17.36,2749.15
20230601,600398,sell,4642,5.53,77.02
20230601,600015,buy,205079,4.72,2905.8
20230601,600598,sell,584,12.04,21.1
20230601,600373,buy,8473,14.96,380.15
20230601,600566,buy,36974,26.2,2905.8
20230601,600061,buy,2888,6.98,60.47
20230601,000719,buy,16127,11.03,533.53
20230601,603889,buy,296,4.23,3.76
20230601,000651,buy,2872,27.35,235.63
20230601,601336,buy,3250,33.11,322.78
20230601,600251,buy,5731,8.14,139.9
20230601,300856,sell,5111,26.12,400.52
20230601,601319,buy,14246,5.59,238.84
20230601,600757,buy,2911,9.02,78.74
20230601,600016,buy,5849,3.23,56.66
20230601,600998,buy,183140,5.29,2905.79
20230601,600938,buy,3998,15.24,182.73
20230601,603920,buy,52664,18.39,2905.79
20230601,600835,buy,1606,12.95,62.38
20230601,601019,buy,104374,9.28,2905.79
20230601,002772,buy,101031,9.59,2905.8
20230601,601518,buy,11587,2.3,80.04
20230601,603357,sell,11273,10.12,342.28
20230601,600894,buy,160129,6.05,2905.79
20230601,000623,buy,64206,15.09,2905.79
20230601,600863,buy,4424,3.56,47.29
20230601,601330,buy,7897,6.77,160.29
20230601,002327,buy,135298,7.16,2905.8
20230601,601985,buy,3210,6.58,63.36
20230601,000915,buy,29383,32.96,2905.75
20230601,603688,buy,14834,65.3,2905.76
20230601,600694,buy,79582,12.17,2905.79
20230601,002478,buy,149883,6.46,2905.79
20230601,600829,buy,139325,6.95,2905.79
20230601,688335,buy,60824,15.92,2905.8
20230601,605368,sell,3016,7.85,71.05
20230601,600941,buy,531,86.8,138.27
20230601,600582,buy,202168,4.79,2905.8
20230601,600511,buy,3787,34.87,396.11
20230601,601098,buy,80488,12.03,2905.77
20230601,300897,buy,90877,10.66,2905.77
20230601,601619,buy,227348,4.26,2905.79
20230601,600971,buy,133132,7.28,2905.79
20230601,002986,buy,2051,17.68,108.79
20230601,600710,buy,148628,6.52,2905.79
20230601,601811,buy,65957,14.69,2905.77
20230601,300349,buy,78526,12.33,2905.79
20230601,688360,buy,99281,9.76,2905.78
20230601,002757,buy,74304,13.04,2905.77
20230601,601688,buy,17072,12.53,641.93
20230601,000055,buy,214080,4.52,2905.8
20230601,002821,buy,7511,128.95,2905.7
20230601,301004,buy,42650,22.71,2905.79
20230601,600039,buy,113085,8.57,2905.78
20230601,605009,buy,2688,32.72,263.84
20230601,301179,buy,52124,18.58,2905.77
20230601,688318,buy,17678,54.79,2905.77
20230601,003011,sell,2497,26.02,194.95
20230601,600528,buy,98415,9.84,2905.8
20230601,002441,buy,100782,9.61,2905.8
20230601,300765,sell,825,11.17,27.65
20230601,603018,buy,109319,8.86,2905.78
20230601,301061,sell,6146,15.69,289.33
20230601,600612,buy,16929,57.21,2905.71
20230601,603328,sell,9183,7.68,211.47
20230601,002756,buy,16870,57.41,2905.74
20230601,002738,buy,18639,51.96,2905.66
20230601,000926,buy,339877,2.85,2905.8
20230601,601169,buy,7451,3.95,88.28
20230601,600012,sell,4688,9.17,128.9
20230601,002533,buy,139891,6.92,2905.8
20230601,600211,buy,2751,38.24,315.63
20230601,600390,buy,180581,5.36,2905.8
20230601,600449,buy,64697,14.97,2905.76
20230601,300910,buy,22946,42.21,2905.79
20230601,001308,buy,37428,25.88,2905.74
20230601,300926,buy,73103,13.25,2905.78
20230601,603040,buy,45026,21.51,2905.79
20230601,002818,buy,5609,10.37,174.41
20230601,301153,buy,20438,47.39,2905.69
20230601,605117,buy,22159,43.71,2905.78
20230601,300109,buy,60899,15.9,2905.77
20230601,603037,buy,161078,6.01,2905.8
20230601,600352,buy,115805,8.36,2905.78
20230601,603529,buy,29413,32.93,2905.72
20230601,601766,buy,155601,6.22,2905.79
20230601,300863,buy,44291,21.87,2905.75
20230601,688303,buy,23286,41.6,2905.79
20230601,002422,buy,33462,28.95,2905.8
20230601,600415,buy,121893,7.95,2905.79
20230601,601728,buy,12346,5.5,203.85
20230601,600060,buy,50306,19.25,2905.75
20230601,603697,buy,118643,8.16,2905.78
20230601,002061,buy,259518,3.73,2905.8
20230601,002815,sell,5622,11.8,198.97
20230601,688425,buy,17086,5.24,268.72
20230601,603277,sell,9997,14.35,430.49
20230601,300502,buy,23368,41.45,2905.75
20230601,600814,buy,112182,8.63,2905.79
20230601,301318,buy,30730,25.45,2346.13
20230703,601728,sell,175990,5.18,2734.36
20230703,603277,sell,67481,14.14,2862.32
20230703,688425,sell,184761,4.54,2519.06
20230703,002986,sell,54782,18.49,3039.39
20230703,688335,sell,60824,16.01,2920.88
20230703,600971,sell,133132,6.78,2708.36
20230703,600528,sell,98415,9.55,2820.84
20230703,603018,sell,109319,8.29,2720.14
20230703,600449,sell,64697,16.53,3207.39
20230703,001308,sell,37428,25.44,2856.9
20230703,301153,sell,20438,42.5,2605.6
20230703,603037,sell,161078,6.79,3279.01
20230703,600352,sell,115805,8.37,2908.87
20230703,603529,sell,29413,29.23,2578.87
20230703,601766,sell,155601,5.98,2791.75
20230703,300863,sell,44291,23.13,3073.74
20230703,688303,sell,23286,40.27,2812.94
20230703,002422,sell,33462,27.89,2800.2
20230703,600060,sell,50306,21.37,3225.77
20230703,301318,sell,30730,25.05,2309.82
20230703,600015,sell,3161,4.84,45.85
20230703,603889,sell,31917,4.96,474.83
20230703,600398,sell,7132,5.81,124.34
20230703,600598,buy,163,12.12,5.92
20230703,600061,buy,1098,6.98,22.99
20230703,000651,sell,4364,31.44,411.65
20230703,600566,buy,1745,25.22,132.01
20230703,002772,buy,2957,9.39,83.29
20230703,601336,sell,1865,35.64,199.43
20230703,600251,sell,114,8.21,2.81
20230703,000719,buy,11424,9.84,337.12
20230703,300856,sell,1033,27.09,83.94
20230703,601319,buy,2252,5.56,37.57
20230703,600373,buy,17256,11.9,616.22
20230703,600863,sell,1782,3.62,19.33
20230703,603920,buy,4228,17.16,217.68
20230703,000915,buy,3088,30.07,278.55
20230703,000055,sell,7146,4.72,101.15
20230703,600016,sell,5509,3.32,54.8
20230703,301004,sell,3921,25.21,296.55
20230703,002478,sell,9149,6.94,190.42
20230703,601601,buy,38336,25.47,2929.01
20230703,603688,sell,456,67.91,92.9
20230703,601518,buy,8330,2.28,56.88
20230703,600757,buy,17645,7.81,413.24
20230703,600938,sell,2587,16.01,124.25
20230703,600998,buy,2501,5.26,39.46
20230703,002327,sell,3732,7.42,83.09
20230703,000926,sell,15010,3.01,135.33
20230703,601318,buy,22776,42.87,2928.98
20230703,605117,sell,3879,53.41,621.56
20230703,601688,sell,1314,12.85,50.67
20230703,002441,sell,4738,10.17,144.5
20230703,000623,buy,3218,14.48,139.8
20230703,002061,sell,18542,4.05,225.38
20230703,600835,sell,11358,15.39,524.31
20230703,603040,sell,5763,24.87,429.94
20230703,600012,buy,845,9.17,23.23
20230703,601019,buy,16641,8.07,402.78
20230703,002818,sell,2784,10.77,89.94
20230703,603357,buy,4657,9.73,135.92
20230703,601985,sell,1116,6.68,22.38
20230703,003011,sell,4211,29.58,373.68
20230703,605009,buy,724,32.19,69.93
20230703,600390,buy,6402,5.22,100.29
20230703,605555,buy,71791,13.6,2929.04
20230703,688556,buy,43805,22.29,2929.03
20230703,600829,buy,2710,6.87,55.89
20230703,603697,buy,823,8.17,20.18
20230703,601169,buy,2491,3.94,29.45
20230703,301179,sell,91,18.76,5.12
20230703,601619,buy,3326,4.23,42.23
20230703,301061,sell,2340,16.44,115.41
20230703,600582,sell,16706,5.26,263.85
20230703,002533,sell,7851,7.39,174.16
20230703,603328,sell,222,7.75,5.16
20230703,600710,sell,32191,8.39,809.8
20230703,603393,buy,37429,26.09,2929.07
20230703,688318,buy,1628,50.57,246.99
20230703,002756,buy,380,56.6,64.52
20230703,601811,buy,10995,12.69,418.51
20230703,300897,sell,4152,11.26,140.23
20230703,601330,buy,1341,6.76,27.18
20230703,603183,buy,208496,4.68,2929.07
20230703,002757,sell,3207,13.73,132.12
20230703,600612,sell,941,61.07,172.4
20230703,300109,buy,2122,15.49,98.62
20230703,603299,buy,106623,9.16,2929.06
20230703,600694,buy,4395,11.63,153.29
20230703,601229,buy,195210,5.0,2929.07
20230703,600039,sell,2490,8.83,65.95
20230703,002179,buy,22590,43.22,2928.96
20230703,300910,buy,4660,35.37,494.43
20230703,300926,sell,9723,15.41,449.35
20230703,002728,buy,93186,10.48,2929.06
20230703,600941,buy,333,84.96,84.87
20230703,300349,sell,744,12.55,28.02
20230703,000404,buy,155812,6.27,2929.07
20230703,600814,buy,7142,8.18,175.32
20230703,605277,buy,77040,12.67,2929.05
20230703,600415,sell,50,8.01,1.2
20230703,300765,buy,3565,10.82,115.67
20230703,688360,sell,8216,10.72,264.27
20230703,600729,buy,34955,27.93,2929.07
20230703,603558,buy,138090,7.07,2929.07
20230703,605368,sell,1594,8.02,38.35
20230703,603619,buy,60855,16.04,2929.07
20230703,300502,sell,3086,48.14,445.68
20230703,002392,buy,270972,3.6,2929.08
20230703,600211,sell,110,38.72,12.78
20230703,600511,sell,73,35.24,7.72
20230703,603298,buy,58833,16.6,2929.06
20230703,002815,buy,995,11.75,35.07
20230703,688550,buy,33127,29.47,2929.05
20230703,601098,buy,13747,10.36,427.29
20230703,603006,buy,89967,10.85,2929.06
20230703,600894,sell,4569,6.28,86.03
20230703,002821,buy,1006,114.63,345.97
20230703,600425,buy,228990,4.26,2928.26
20230801,600511,sell,27707,30.63,2546.09
20230801,002815,sell,83100,11.55,2878.9
20230801,601169,sell,247733,4.2,3118.21
20230801,600938,sell,60989,16.95,3101.99
20230801,600373,sell,82022,11.58,2850.2
20230801,601985,sell,146094,7.02,3074.75
20230801,601319,sell,175575,5.89,3103.98
20230801,600757,sell,125069,7.83,2939.35
20230801,000719,sell,99257,9.75,2903.46
20230801,601518,sell,428967,2.45,3157.17
20230801,600941,sell,11492,84.5,2913.3
20230801,600863,sell,270031,3.25,2634.91
20230801,600211,sell,25216,34.95,2643.96
20230801,603328,sell,125959,7.47,2823.29
20230801,605009,sell,30327,30.31,2757.45
20230801,300765,sell,90276,10.82,2931.3
20230801,601330,sell,144497,7.04,3052.42
20230801,600566,sell,38719,22.34,2595.27
20230801,600998,sell,185641,4.96,2763.01
20230801,601019,sell,121015,8.2,2977.67
20230801,002772,sell,103988,8.77,2735.29
20230801,002327,sell,131566,7.59,2994.72
20230801,600694,sell,83977,12.7,3199.18
20230801,600582,sell,185462,5.26,2924.02
20230801,601098,sell,94235,10.38,2934.19
20230801,601619,sell,230674,4.02,2781.66
20230801,601811,sell,76952,12.77,2947.95
20230801,300349,sell,77782,12.53,2922.73
20230801,688360,sell,91065,10.09,2756.89
20230801,002757,sell,71097,12.87,2745.8
20230801,600039,sell,110595,8.61,2855.65
20230801,301179,sell,52033,15.8,2465.91
20230801,688318,sell,19306,70.61,4089.75
20230801,002441,sell,96044,9.54,2749.01
20230801,600612,sell,15988,58.4,2800.97
20230801,002756,sell,17250,48.55,2512.37
20230801,002738,sell,18639,42.57,2380.21
20230801,600390,sell,186983,5.77,3237.4
20230801,300910,sell,27606,35.17,2912.48
20230801,605117,sell,18280,40.63,2228.16
20230801,300109,sell,63021,13.81,2611.2
20230801,600415,sell,121843,8.01,2929.1
20230801,603697,sell,119466,8.66,3104.89
20230801,002061,sell,240976,4.06,2935.68
20230801,300502,sell,20282,38.2,2324.39
20230801,601601,sell,38336,27.79,3196.06
20230801,601318,sell,22776,46.03,3145.4
20230801,688556,sell,43805,19.4,2549.56
20230801,603183,sell,208496,5.08,3175.21
20230801,603299,sell,106623,9.18,2934.9
20230801,601229,sell,195210,5.31,3110.56
20230801,002179,sell,22590,41.19,2791.72
20230801,002728,sell,93186,10.71,2994.19
20230801,000404,sell,155812,6.09,2847.71
20230801,600729,sell,34955,31.85,3340.26
20230801,603558,sell,138090,7.25,3003.54
20230801,600425,sell,228990,4.6,3162.52
20230801,600598,sell,4673,12.93,181.31
20230801,000651,sell,682,32.33,66.14
20230801,603889,sell,22750,5.64,384.78
20230801,600016,sell,13887,3.5,145.78
20230801,600398,sell,11160,6.26,209.55
20230801,000893,buy,35738,27.47,2945.17
20230801,300193,buy,129864,7.56,2945.17
20230801,000915,sell,342,30.56,31.35
20230801,000932,buy,174737,5.62,2945.17
20230801,301004,buy,3599,23.19,250.42
20230801,688169,buy,7304,134.4,2945.03
20230801,600012,sell,3543,9.53,101.33
20230801,605555,buy,712,13.54,28.92
20230801,002821,sell,403,120.99,146.28
20230801,603688,buy,2919,56.76,497.0
20230801,600061,sell,10655,7.6,242.83
20230801,300652,buy,56836,17.27,2945.14
20230801,603037,buy,134917,7.28,2945.16
20230801,000926,sell,65414,3.78,742.55
20230801,600710,buy,13790,7.54,311.87
20230801,600015,sell,10092,5.12,154.95
20230801,002884,buy,69641,14.1,2945.16
20230801,603393,sell,129,26.32,10.19
20230801,601688,sell,10976,15.11,497.42
20230801,600480,buy,140824,6.97,2945.15
20230801,600835,buy,1689,15.07,76.36
20230801,603006,buy,3925,10.46,123.12
20230801,688678,buy,97902,10.03,2945.14
20230801,002444,buy,46987,20.89,2945.13
20230801,000019,buy,130771,7.51,2945.17
20230801,603277,buy,61988,15.84,2945.13
20230801,000858,buy,6061,161.96,2944.83
20230801,300856,buy,3233,24.99,242.4
20230801,301016,buy,114926,8.54,2945.15
20230801,603920,buy,2781,16.45,137.26
20230801,600829,sell,1805,7.0,37.91
20230801,605277,buy,9000,11.41,308.07
20230801,002703,buy,62535,15.7,2945.17
20230801,600251,sell,8190,8.87,217.84
20230801,601677,buy,66419,14.78,2945.14
20230801,300660,buy,48367,20.3,2945.13
20230801,603948,buy,41133,23.87,2945.14
20230801,603040,buy,2057,23.76,146.61
20230801,605196,buy,119554,8.21,2945.16
20230801,600739,buy,69515,14.12,2945.13
20230801,688550,buy,3462,26.83,278.67
20230801,002818,sell,12214,12.51,458.54
20230801,603298,buy,86,16.66,4.3
20230801,003011,buy,961,28.9,83.32
20230801,600792,buy,270229,3.63,2945.17
20230801,601336,sell,3304,40.76,403.98
20230801,002318,buy,61378,15.99,2945.17
20230801,002911,buy,108588,9.04,2945.17
20230801,002478,buy,3431,6.81,70.09
20230801,000551,buy,116489,8.43,2945.17
20230801,002802,buy,90290,10.87,2945.15
20230801,300403,buy,131789,7.45,2945.16
20230801,601881,buy,76655,12.81,2945.14
20230801,603619,sell,11268,19.8,669.26
20230801,600352,buy,110049,8.92,2945.17
20230801,002820,buy,86192,11.39,2945.17
20230801,603929,buy,67232,14.6,2945.15
20230801,000055,sell,9409,4.97,140.29
20230801,600283,buy,91477,10.73,2945.14
20230801,600875,buy,54981,17.86,2945.13
20230801,603565,buy,108391,9.06,2945.17
20230801,605368,sell,4096,8.34,102.53
20230801,600249,buy,175101,5.61,2945.17
20230801,301125,buy,100491,9.77,2945.16
20230801,601231,buy,69154,14.2,2945.14
20230801,002705,buy,58031,16.92,2945.14
20230801,300916,buy,34833,28.18,2945.1
20230801,600449,buy,62434,15.72,2945.14
20230801,002993,buy,30509,32.18,2945.09
20230801,000623,sell,5717,15.91,272.86
20230801,603357,sell,676,9.85,19.97
20230801,601555,buy,119174,8.24,2945.16
20230801,600894,sell,5386,6.54,105.63
20230801,002106,buy,116662,8.42,2945.17
20230801,300897,buy,5470,10.65,174.74
20230801,002412,buy,146089,6.72,2945.15
20230801,300505,buy,50122,19.59,2945.16
20230801,600814,sell,7923,8.81,209.47
20230801,300771,buy,88683,11.07,2945.17
20230801,605028,buy,54079,18.15,2945.13
20230801,301366,buy,38817,25.29,2945.14
20230801,601126,buy,70452,13.93,2945.15
20230801,601328,buy,191207,5.13,2945.17
20230801,600635,buy,283419,3.46,2945.17
20230801,300926,sell,507,15.61,23.75
20230801,002392,sell,17135,3.87,198.81
20230801,603327,buy,119230,8.23,2945.17
20230801,000014,buy,70385,13.95,2945.15
20230801,300258,buy,79781,12.31,2945.14
20230801,000811,buy,75225,13.05,2945.14
20230801,002229,buy,29659,33.1,2945.14
20230801,301061,sell,2901,17.38,151.26
20230801,002887,buy,110561,8.88,2945.15
20230801,300639,buy,77552,10.06,2340.15
20230801,002533,sell,3442,7.63,78.83
20230901,600061,sell,129231,7.02,2720.92
20230901,600012,sell,102982,9.89,3056.49
20230901,603357,sell,99683,8.87,2652.87
20230901,601336,sell,24088,38.71,2797.02
20230901,300856,sell,39281,24.17,2848.67
20230901,301061,sell,56486,19.56,3314.89
20230901,600835,sell,65142,14.21,2776.86
20230901,003011,sell,33970,23.79,2424.66
20230901,600015,sell,191826,4.91,2828.39
20230901,603920,sell,59673,16.03,2868.88
20230901,600894,sell,150174,6.76,3043.73
20230901,000915,sell,32129,27.75,2675.15
20230901,603688,sell,17297,58.3,3025.28
20230901,002478,sell,144165,5.98,2585.42
20230901,600829,sell,140230,7.58,3187.19
20230901,300897,sell,92195,11.96,3309.26
20230901,600710,sell,130227,7.13,2786.94
20230901,000926,sell,259453,3.36,2618.55
20230901,002533,sell,128598,6.75,2602.73
20230901,603040,sell,41320,22.71,2814.65
20230901,600814,sell,111401,8.28,2766.49
20230901,605555,sell,72503,14.34,3119.74
20230901,603393,sell,37300,26.34,2947.39
20230901,605277,sell,86040,11.25,2903.08
20230901,002392,sell,253837,3.55,2706.58
20230901,688550,sell,36589,26.92,2954.82
20230901,603006,sell,93892,10.49,2955.55
20230901,300652,sell,56836,17.26,2942.58
20230901,603037,sell,134917,7.38,2988.45
20230901,600480,sell,140824,6.88,2908.61
20230901,002444,sell,46987,18.83,2654.82
20230901,000019,sell,130771,6.9,2707.48
20230901,000858,sell,6061,143.82,2615.12
20230901,002703,sell,62535,16.95,3180.04
20230901,601677,sell,66419,14.22,2833.2
20230901,600739,sell,69515,12.68,2643.53
20230901,600792,sell,270229,3.61,2929.3
20230901,002318,sell,61378,16.38,3015.21
20230901,002911,sell,108588,8.41,2739.54
20230901,000551,sell,116489,7.89,2758.77
20230901,002802,sell,90290,11.37,3080.89
20230901,300403,sell,131789,7.52,2974.28
20230901,601881,sell,76655,10.91,2508.09
20230901,002820,sell,86192,10.65,2753.47
20230901,603929,sell,67232,14.47,2917.99
20230901,600283,sell,91477,9.23,2531.66
20230901,600875,sell,54981,15.85,2613.89
20230901,603565,sell,108391,7.77,2527.04
20230901,600249,sell,175101,5.23,2748.14
20230901,301125,sell,100491,10.28,3100.01
20230901,601231,sell,69154,14.31,2969.21
20230901,002705,sell,58031,16.68,2904.51
20230901,300916,sell,34833,26.2,2737.35
20230901,600449,sell,62434,15.24,2854.75
20230901,002412,sell,146089,6.66,2918.86
20230901,300505,sell,50122,15.52,2333.69
20230901,300771,sell,88683,10.83,2881.31
20230901,605028,sell,54079,16.8,2725.26
20230901,301366,sell,38817,25.54,2974.57
20230901,601126,sell,70452,13.68,2891.19
20230901,601328,sell,191207,4.9,2808.07
20230901,600635,sell,283419,3.23,2745.67
20230901,603327,sell,119230,8.17,2921.23
20230901,000014,sell,70385,13.46,2841.89
20230901,002229,sell,29659,38.35,3412.27
20230901,002887,sell,110561,8.55,2836.65
20230901,300639,sell,77552,9.23,2146.67
20230901,600398,sell,5338,6.32,101.16
20230901,300193,sell,6674,7.77,155.56
20230901,600251,sell,4655,9.02,126.01
20230901,002270,buy,87562,10.93,2871.31
20230901,000893,sell,1122,27.65,93.07
20230901,603889,sell,2318,5.57,38.74
20230901,601985,buy,137751,6.95,2871.32
20230901,000651,sell,160,31.68,15.21
20230901,605098,buy,26253,36.46,2871.32
20230901,600598,buy,2909,12.14,105.97
20230901,000623,buy,95,15.49,4.41
20230901,002821,sell,556,126.65,211.25
20230901,601688,sell,1686,15.12,76.48
20230901,603556,buy,39376,24.31,2871.29
20230901,601666,buy,119952,7.98,2871.32
20230901,002543,buy,123444,7.75,2871.31
20230901,002884,buy,62,13.73,2.55
20230901,688169,sell,862,148.59,384.25
20230901,000055,buy,2049,4.8,29.48
20230901,000932,sell,7160,5.71,122.68
20230901,603871,buy,110788,8.64,2871.32
20230901,300258,sell,13066,14.35,562.34
20230901,301004,sell,10004,29.61,888.66
20230901,002651,buy,125291,7.64,2871.31
20230901,600352,buy,3015,8.47,76.57
20230901,603299,buy,109550,8.74,2871.3
20230901,002670,buy,93926,10.19,2871.32
20230901,605088,buy,45807,20.89,2871.3
20230901,603599,buy,50937,18.79,2871.31
20230901,002833,buy,52800,18.13,2871.28
20230901,603338,buy,18901,50.64,2871.19
20230901,002790,buy,79528,12.03,2871.32
20230901,002027,buy,142147,6.73,2871.31
20230901,605196,sell,1719,8.12,41.89
20230901,000923,buy,64027,14.95,2871.31
20230901,002353,buy,35232,27.17,2871.32
20230901,688318,buy,12651,75.65,2871.32
20230901,603587,buy,69337,13.8,2871.3
20230901,600531,buy,138028,6.93,2871.31
20230901,000786,buy,32754,29.22,2871.25
20230901,600551,buy,121337,7.89,2871.31
20230901,600033,buy,324269,2.95,2871.32
20230901,002233,buy,136332,7.02,2871.32
20230901,603898,buy,87923,10.89,2871.3
20230901,688556,buy,49542,19.32,2871.27
20230901,605090,buy,43972,21.77,2871.31
20230901,603948,buy,2172,22.1,144.01
20230901,002662,buy,295220,3.24,2871.32
20230901,600016,buy,6569,3.33,65.69
20230901,301379,buy,55335,17.3,2871.31
20230901,603579,buy,57193,16.73,2871.32
20230901,600938,buy,56129,17.05,2871.3
20230901,000408,buy,45535,21.02,2871.27
20230901,600660,buy,27488,34.82,2871.23
20230901,601038,buy,81967,11.68,2871.31
20230901,002106,sell,11057,9.06,300.63
20230901,000589,buy,139797,6.85,2871.32
20230901,000700,buy,143661,6.66,2871.31
20230901,605368,buy,1819,8.01,43.72
20230901,600266,buy,144206,6.64,2871.32
20230901,300106,buy,82367,11.62,2871.31
20230901,603319,buy,81738,11.71,2871.31
20230901,600729,buy,32338,29.6,2871.32
20230901,002818,buy,6111,11.32,207.5
20230901,603277,sell,3928,16.48,194.26
20230901,603568,buy,69327,13.81,2871.32
20230901,000811,buy,2186,12.36,81.08
20230901,603165,buy,67986,14.08,2871.32
20230901,603801,buy,41305,23.17,2871.31
20230901,603160,buy,16489,58.04,2871.31
20230901,600885,buy,40123,23.85,2871.28
20230901,000719,buy,78320,12.22,2871.29
20230901,601229,buy,184379,5.19,2871.31
20230901,688678,sell,913,9.87,27.03
20230901,301016,sell,3608,8.6,93.06
20230901,002993,sell,1865,33.41,186.95
20230901,603088,buy,108243,8.84,2871.32
20230901,301106,buy,33603,28.48,2871.25
20230901,601555,buy,8731,7.48,196.0
20230901,002508,buy,37517,25.51,2871.27
20230901,601218,buy,270717,3.54,2871.32
20230901,603298,buy,2617,15.55,122.11
20230901,000429,buy,132941,7.2,2871.32
20230901,688188,buy,7374,129.79,2871.18
20230901,000733,buy,10854,88.17,2871.09
20230901,002545,buy,144393,6.63,2871.32
20230901,300887,buy,47585,20.11,2871.27
20230901,002483,buy,177379,5.4,2871.31
20230901,300514,buy,70052,13.66,2871.3
20230901,002158,buy,40386,23.7,2871.32
20230901,300926,sell,4698,16.45,231.88
20230901,603269,buy,140843,6.8,2871.31
20230901,603337,buy,48104,19.9,2871.3
20230901,300861,buy,31828,30.07,2871.25
20230901,601728,buy,181072,5.29,2871.31
20230901,000030,buy,189674,5.05,2871.32
20230901,603619,buy,2756,18.29,151.18
20230901,603267,buy,16060,59.59,2871.16
20230901,300660,sell,5662,22.41,380.69
20230901,000568,buy,3548,214.26,2280.6
20231009,002818,sell,84561,11.37,2885.14
20231009,600016,sell,287124,3.19,2751.06
20231009,000055,sell,199574,4.65,2784.31
20231009,300926,sell,58175,25.09,4379.53
20231009,688678,sell,96989,9.45,2749.71
20231009,300660,sell,42705,20.2,2588.01
20231009,002993,sell,28644,34.55,2969.03
20231009,601555,sell,127905,7.55,2896.05
20231009,300258,sell,66715,15.77,3155.35
20231009,000811,sell,77411,11.33,2630.44
20231009,603299,sell,109550,8.39,2757.17
20231009,603338,sell,18901,50.11,2841.2
20231009,600531,sell,138028,6.18,2561.0
20231009,600551,sell,121337,7.28,2650.44
20231009,688556,sell,49542,18.82,2797.51
20231009,000589,sell,139797,6.35,2664.27
20231009,000700,sell,143661,6.4,2758.02
20231009,603319,sell,81738,11.86,2908.64
20231009,600729,sell,32338,28.76,2789.68
20231009,603165,sell,67986,12.66,2582.96
20231009,603801,sell,41305,20.82,2579.62
20231009,600885,sell,40123,22.92,2758.41
20231009,601229,sell,184379,5.29,2928.45
20231009,301106,sell,33603,30.1,3034.07
20231009,000733,sell,10854,76.66,2496.3
20231009,300887,sell,47585,20.16,2878.35
20231009,300514,sell,70052,14.0,2942.32
20231009,002158,sell,40386,23.18,2808.85
20231009,603269,sell,140843,7.18,3031.97
20231009,300861,sell,31828,28.42,2713.92
20231009,000030,sell,189674,5.04,2866.03
20231009,603267,sell,16060,59.04,2844.7
20231009,000568,sell,3548,193.67,2061.46
20231009,600971,buy,118947,7.98,2847.35
20231009,300193,sell,2023,7.83,47.54
20231009,600251,buy,533,8.9,14.24
20231009,600398,sell,3402,6.41,65.4
20231009,002821,sell,1128,147.62,499.53
20231009,002543,sell,2041,7.82,47.87
20231009,601666,sell,14712,9.02,398.05
20231009,000408,sell,278,20.97,17.49
20231009,000623,sell,1657,15.78,78.45
20231009,000893,sell,536,27.85,44.78
20231009,600352,buy,153,8.38,3.85
20231009,002545,sell,2592,6.69,52.05
20231009,605098,buy,723,35.18,76.31
20231009,002327,buy,124661,7.61,2847.37
20231009,002884,sell,2738,14.17,116.42
20231009,600012,buy,92482,10.26,2847.37
20231009,000429,sell,10880,7.78,253.8
20231009,603871,buy,972,8.49,24.76
20231009,000932,buy,4206,5.53,69.72
20231009,603599,buy,591,18.42,32.66
20231009,605377,buy,82652,11.48,2847.36
20231009,600486,buy,14269,66.51,2847.18
20231009,601728,sell,5799,5.42,94.21
20231009,002270,sell,13476,12.81,517.93
20231009,601985,sell,3747,7.08,79.62
20231009,601688,buy,983,14.76,43.54
20231009,002662,sell,10802,3.34,108.14
20231009,600033,sell,16264,3.08,150.35
20231009,688169,buy,105,144.97,45.66
20231009,600598,buy,1479,11.82,52.45
20231009,002833,buy,3750,16.78,188.82
20231009,601218,sell,2985,3.55,31.75
20231009,603889,buy,5852,5.34,93.79
20231009,002353,sell,2962,29.41,261.36
20231009,601518,buy,389839,2.43,2847.37
20231009,603556,sell,810,24.61,59.8
20231009,301004,sell,262,29.6,23.27
20231009,000719,buy,21165,9.54,605.76
20231009,600050,buy,206949,4.59,2847.37
20231009,002651,sell,883,7.63,20.21
20231009,603393,buy,33581,28.26,2847.35
20231009,600566,buy,39125,24.26,2847.32
20231009,300628,buy,30098,31.53,2847.3
20231009,002027,buy,4422,6.48,85.91
20231009,000651,sell,179,31.6,16.97
20231009,603337,sell,1281,20.27,77.9
20231009,002955,buy,37375,25.39,2847.35
20231009,600941,buy,10458,90.76,2847.36
20231009,603579,buy,991,16.31,48.5
20231009,605196,buy,749,8.0,17.98
20231009,603558,buy,128631,7.38,2847.35
20231009,000786,buy,925,28.18,78.2
20231009,600938,sell,5322,18.68,298.27
20231009,605088,sell,855,21.11,54.16
20231009,688303,buy,23768,39.93,2847.3
20231009,002233,buy,1168,6.9,24.19
20231009,688318,buy,1770,65.81,349.47
20231009,603587,sell,667,13.82,27.66
20231009,300106,buy,19252,9.34,539.44
20231009,000923,sell,374,14.91,16.73
20231009,600266,buy,15511,5.94,276.52
20231009,603201,buy,69817,13.59,2847.36
20231009,603619,sell,3126,19.28,180.85
20231009,300897,buy,80606,11.77,2847.35
20231009,600483,buy,118471,8.01,2847.35
20231009,600285,buy,57678,16.46,2847.33
20231009,600660,sell,356,34.98,37.36
20231009,603948,buy,2055,20.92,129.0
20231009,603568,buy,645,13.56,26.25
20231009,002483,sell,6800,5.56,113.51
20231009,601169,buy,228173,4.16,2847.36
20231009,301016,buy,1214,8.43,30.72
20231009,002422,buy,34907,27.19,2847.36
20231009,605090,sell,785,21.98,51.76
20231009,300695,buy,29018,32.71,2847.3
20231009,301277,buy,90689,10.47,2847.36
20231009,603298,sell,6106,17.12,313.66
20231009,002790,buy,1691,11.69,59.28
20231009,603277,sell,4452,17.71,236.47
20231009,601038,sell,947,11.71,33.28
20231009,002106,sell,4756,9.41,134.28
20231009,605368,sell,8925,8.59,229.88
20231009,688188,sell,135,131.12,53.1
20231009,600873,buy,108322,8.76,2847.35
20231009,600585,buy,40243,23.58,2847.34
20231009,603365,buy,72419,13.11,2847.36
20231009,002670,buy,8460,9.27,235.27
20231009,002508,buy,3128,23.35,219.13
20231009,603929,buy,60465,15.7,2847.32
20231009,601928,buy,101472,9.35,2847.37
20231009,600325,buy,111067,8.55,2847.37
20231009,603088,buy,2378,8.58,61.21
20231009,603898,buy,7393,9.96,220.85
20231009,600272,buy,74723,12.7,2847.36
20231009,002757,buy,70811,13.4,2847.35
20231009,603160,sell,1117,61.74,206.9
20231009,002728,buy,89533,10.6,2847.37
20231009,301379,buy,4165,15.95,199.31
20231009,600874,buy,174400,5.44,2847.36
20231009,601163,buy,60066,14.1,2540.23
20231101,000651,sell,30032,29.22,2632.67
20231101,600598,sell,80296,11.41,2747.9
20231101,603889,sell,177669,4.67,2489.2
20231101,601688,sell,64285,15.02,2896.08
20231101,000623,sell,60145,14.59,2633.34
20231101,603619,sell,49217,18.77,2771.55
20231101,603298,sell,55430,14.32,2380.95
20231101,300193,sell,121167,6.78,2462.87
20231101,000932,sell,171783,5.43,2799.35
20231101,603277,sell,53608,17.64,2836.28
20231101,301016,sell,112532,8.49,2866.21
20231101,603948,sell,45360,20.34,2767.28
20231101,605196,sell,118584,7.17,2551.71
20231101,600352,sell,113217,8.12,2757.6
20231101,601666,sell,105240,8.65,2729.77
20231101,002651,sell,124408,6.96,2596.91
20231101,603599,sell,51528,15.2,2350.34
20231101,002790,sell,81219,10.78,2626.73
20231101,688318,sell,14421,72.71,3145.53
20231101,603587,sell,68670,12.73,2622.5
20231101,000786,sell,33679,23.16,2340.49
20231101,600033,sell,308005,3.02,2787.34
20231101,002233,sell,137500,6.32,2608.07
20231101,603898,sell,95316,10.68,3054.68
20231101,605090,sell,43187,22.97,2975.5
20231101,301379,sell,59500,14.33,2557.44
20231101,603579,sell,58184,14.52,2533.76
20231101,600660,sell,27132,33.79,2750.06
20231101,601038,sell,81020,11.1,2699.12
20231101,600266,sell,159717,5.71,2736.42
20231101,300106,sell,101619,9.08,2768.1
20231101,603160,sell,15372,73.01,3366.87
20231101,000719,sell,99485,9.17,2735.42
20231101,603088,sell,110621,7.49,2486.78
20231101,002508,sell,40645,20.27,2471.69
20231101,688188,sell,7239,117.17,2544.62
20231101,002545,sell,141801,6.64,2823.72
20231101,002483,sell,170579,5.05,2584.17
20231101,601728,sell,175273,4.92,2584.99
20231101,600012,sell,92482,9.35,2593.64
20231101,605377,sell,82652,10.38,2574.07
20231101,600050,sell,206949,4.11,2548.85
20231101,300628,sell,30098,28.93,2611.95
20231101,688303,sell,23768,34.76,2478.75
20231101,603201,sell,69817,14.58,3054.7
20231101,300897,sell,80606,11.12,2688.58
20231101,600483,sell,118471,8.17,2903.96
20231101,600285,sell,57678,14.73,2549.22
20231101,002422,sell,34907,25.85,2706.71
20231101,600585,sell,40243,21.92,2646.1
20231101,603365,sell,72419,12.84,2789.13
20231101,600325,sell,111067,7.62,2539.88
20231101,600272,sell,74723,12.23,2740.67
20231101,600874,sell,174400,5.4,2827.62
20231101,601163,sell,60066,13.75,2477.31
20231101,600971,sell,1920,7.85,45.23
20231101,000408,sell,912,20.72,56.69
20231101,603929,sell,20857,23.2,1451.63
20231101,002270,buy,6330,11.43,216.99
20231101,600015,buy,184966,4.97,2756.62
20231101,000923,sell,4439,15.52,206.65
20231101,600251,buy,838,8.55,21.5
20231101,002821,buy,103,140.63,43.46
20231101,301004,sell,1829,30.39,166.77
20231101,000893,sell,2196,28.82,189.87
20231101,601518,sell,10972,2.43,79.83
20231101,000429,buy,1792,7.42,39.88
20231101,600016,buy,282305,3.25,2756.62
20231101,002757,sell,4609,13.88,191.92
20231101,002833,buy,1273,15.89,60.69
20231101,600161,buy,39057,23.53,2756.59
20231101,002773,buy,53457,17.19,2756.61
20231101,600566,sell,922,24.05,66.53
20231101,002595,buy,44333,20.73,2756.61
20231101,002106,sell,12313,10.38,383.38
20231101,603558,sell,13821,8.0,331.85
20231101,002393,buy,61918,14.84,2756.61
20231101,002955,buy,1086,23.89,77.84
20231101,002947,buy,33312,27.58,2756.61
20231101,600863,buy,280930,3.27,2756.62
20231101,002981,buy,38286,24.0,2756.57
20231101,002543,sell,2606,7.73,60.47
20231101,601169,sell,2383,4.07,29.09
20231101,688589,buy,32700,28.1,2756.59
20231101,688639,buy,13621,67.46,2756.51
20231101,002884,sell,1821,14.11,77.06
20231101,300514,buy,63400,14.49,2756.59
20231101,600025,buy,122143,7.52,2756.62
20231101,605098,buy,639,33.27,63.79
20231101,300695,sell,2926,35.22,309.14
20231101,603393,buy,1369,26.29,107.98
20231101,603328,buy,120971,7.6,2756.62
20231101,688799,buy,28039,32.77,2756.62
20231101,600398,buy,2079,6.12,38.16
20231101,603161,buy,77586,11.84,2756.62
20231101,002631,buy,147297,6.24,2756.62
20231101,688556,buy,49085,18.72,2756.6
20231101,300558,buy,15020,61.18,2756.59
20231101,601985,sell,6181,7.19,133.3
20231101,600873,sell,1790,8.63,46.32
20231101,300908,buy,33168,27.7,2756.55
20231101,601699,buy,54261,16.93,2756.59
20231101,603195,buy,19008,48.34,2756.51
20231101,601089,buy,54000,17.02,2756.59
20231101,300866,buy,14016,65.55,2756.45
20231101,603408,buy,87782,10.47,2756.61
20231101,605088,buy,4633,18.53,257.56
20231101,002353,buy,692,27.88,57.87
20231101,601928,buy,3899,8.72,102.0
20231101,600938,buy,419,17.94,22.55
20231101,603337,sell,1621,20.33,98.86
20231101,601211,buy,65269,14.08,2756.61
20231101,600901,buy,218682,4.2,2756.61
20231101,300194,buy,200984,4.57,2756.62
20231101,603871,sell,1598,8.34,39.99
20231101,002662,sell,17432,3.44,179.99
20231101,601218,sell,20588,3.72,229.64
20231101,688169,sell,594,154.37,275.09
20231101,301061,buy,46835,19.62,2756.59
20231101,002670,sell,8909,9.83,262.73
20231101,002027,buy,2485,6.16,45.96
20231101,600351,buy,117932,7.79,2756.62
20231101,603920,buy,54291,16.92,2756.6
20231101,688181,buy,33079,27.78,2756.55
20231101,300541,buy,73669,12.47,2756.59
20231101,601019,buy,120451,7.63,2756.62
20231101,605368,buy,3559,8.05,85.98
20231101,002020,buy,74148,12.39,2756.59
20231101,601006,buy,142089,6.47,2756.61
20231101,301277,sell,6227,10.88,203.24
20231101,600750,buy,52187,17.61,2756.6
20231101,002983,buy,40366,22.76,2756.61
20231101,600377,buy,99572,9.23,2756.62
20231101,688019,buy,8401,109.37,2756.52
20231101,603326,buy,107730,8.53,2756.61
20231101,601229,buy,175558,5.23,2756.61
20231101,300231,buy,81812,11.23,2756.61
20231101,600486,buy,73,64.07,14.03
20231101,000915,buy,32594,28.19,2756.59
20231101,603568,sell,4990,14.14,211.68
20231101,002998,buy,124075,7.41,2756.61
20231101,600941,buy,265,85.69,68.12
20231101,000902,buy,84634,10.86,2756.61
20231101,002273,buy,69984,13.13,2756.59
20231101,603556,buy,3719,21.73,242.45
20231101,605319,buy,63379,14.5,2756.6
20231101,603269,buy,123683,7.43,2756.62
20231101,603817,buy,153825,5.97,2756.61
20231101,002327,sell,3972,7.61,90.72
20231101,605155,buy,84022,10.94,2756.62
20231101,600007,buy,49465,18.58,2756.6
20231101,603456,buy,34508,26.63,2756.62
20231101,300590,buy,84151,10.92,2756.61
20231101,002728,sell,11390,11.76,401.8
20231101,603809,buy,129928,5.86,2282.62
20231201,002821,sell,6533,135.62,2658.05
20231201,605098,sell,27615,35.93,2976.22
20231201,603871,sell,110162,8.01,2645.69
20231201,002670,sell,93477,9.42,2641.66
20231201,605088,sell,49585,21.45,3190.65
20231201,002027,sell,149054,5.6,2502.4
20231201,601218,sell,247144,3.79,2813.62
20231201,603393,sell,34950,31.18,3269.6
20231201,600941,sell,10723,84.94,2732.31
20231201,603558,sell,114810,8.53,2939.56
20231201,301277,sell,84462,10.94,2771.28
20231201,002728,sell,78143,15.4,3609.64
20231201,600016,sell,282305,3.38,2860.08
20231201,600161,sell,39057,25.92,3036.66
20231201,002595,sell,44333,19.41,2581.68
20231201,002393,sell,61918,15.06,2797.18
20231201,002947,sell,33312,31.55,3153.29
20231201,688639,sell,13621,75.83,3098.77
20231201,300514,sell,63400,15.25,2899.83
20231201,600025,sell,122143,8.05,2950.75
20231201,688799,sell,28039,30.93,2601.92
20231201,002631,sell,147297,6.21,2743.45
20231201,688556,sell,49085,17.31,2549.4
20231201,300558,sell,15020,55.96,2521.4
20231201,603195,sell,19008,45.3,2583.27
20231201,601089,sell,54000,17.03,2758.11
20231201,300866,sell,14016,62.07,2610.07
20231201,300194,sell,200984,4.52,2727.72
20231201,600351,sell,117932,7.05,2494.69
20231201,688181,sell,33079,28.31,2809.88
20231201,300541,sell,73669,12.73,2813.74
20231201,002020,sell,74148,12.95,2881.22
20231201,601006,sell,142089,6.55,2791.02
20231201,600750,sell,52187,20.06,3141.2
20231201,002983,sell,40366,24.59,2977.96
20231201,600377,sell,99572,9.51,2840.24
20231201,688019,sell,8401,100.84,2541.47
20231201,603326,sell,107730,8.85,2861.15
20231201,300231,sell,81812,10.77,2644.38
20231201,002998,sell,124075,7.3,2716.9
20231201,002273,sell,69984,12.39,2601.66
20231201,605319,sell,63379,14.82,2818.57
20231201,603269,sell,123683,7.15,2651.71
20231201,603817,sell,153825,6.26,2886.81
20231201,605155,sell,84022,10.9,2746.31
20231201,600007,sell,49465,18.25,2708.59
20231201,603456,sell,34508,26.25,2717.97
20231201,300590,sell,84151,11.58,2924.04
20231201,600015,sell,2544,5.14,39.26
20231201,000408,sell,2071,22.2,137.92
20231201,600971,sell,17716,9.45,502.22
20231201,600566,sell,5090,28.34,432.75
20231201,601518,sell,3488,2.5,26.16
20231201,603929,buy,3599,21.72,234.5
20231201,600967,buy,113357,8.28,2815.27
20231201,002543,buy,2818,7.72,65.23
20231201,002738,buy,27791,33.77,2815.26
20231201,000915,sell,785,29.5,69.48
20231201,002034,buy,65505,14.33,2815.25
20231201,600863,sell,15465,3.54,164.01
20231201,002884,buy,1305,14.12,55.29
20231201,000923,buy,1958,15.34,90.11
20231201,002757,sell,8427,16.24,410.64
20231201,600398,buy,742,6.22,13.84
20231201,002833,buy,2814,15.48,130.65
20231201,300795,buy,51495,18.22,2815.27
20231201,600938,buy,225,18.24,12.31
20231201,600251,buy,4093,8.41,103.31
20231201,300109,buy,76224,12.31,2815.28
20231201,605368,sell,12493,9.24,346.12
20231201,600873,buy,3076,8.56,79.01
20231201,002270,sell,4558,12.37,169.16
20231201,603556,sell,4315,24.72,319.94
20231201,002662,sell,6549,3.6,70.79
20231201,600348,buy,118974,7.89,2815.28
20231201,603161,buy,568,12.01,20.46
20231201,000429,buy,2792,7.41,62.07
20231201,002773,sell,1651,18.11,89.72
20231201,601038,buy,71392,13.14,2815.26
20231201,002895,buy,58759,15.97,2815.24
20231201,300951,buy,21296,44.06,2815.22
20231201,600373,buy,75192,12.48,2815.28
20231201,601985,buy,9522,6.83,195.18
20231201,600901,sell,4744,4.39,62.43
20231201,601699,sell,6556,19.67,386.91
20231201,300908,buy,668,27.73,55.58
20231201,601211,buy,725,14.22,30.93
20231201,002091,buy,133488,7.03,2815.26
20231201,300695,sell,1005,37.41,112.78
20231201,000651,buy,33439,28.06,2815.26
20231201,601156,buy,69030,13.59,2815.26
20231201,301004,sell,580,31.65,55.07
20231201,600486,buy,703,62.37,131.54
20231201,603299,buy,117088,8.01,2815.28
20231201,603920,buy,1280,16.89,64.85
20231201,603052,buy,55235,16.99,2815.25
20231201,603328,sell,1634,7.86,38.55
20231201,688589,buy,1624,27.34,133.2
20231201,601169,buy,3283,4.1,40.35
20231201,603339,buy,81375,11.53,2815.26
20231201,002818,buy,82876,11.32,2815.25
20231201,600874,buy,175476,5.35,2815.27
20231201,688100,buy,33463,28.04,2815.26
20231201,601229,buy,7346,5.13,113.07
20231201,002062,buy,214465,4.38,2815.27
20231201,688169,buy,700,141.05,296.21
20231201,600325,buy,136495,6.88,2815.27
20231201,002955,sell,2524,26.11,197.73
20231201,600757,buy,126110,7.44,2815.28
20231201,600352,buy,118648,7.91,2815.28
20231201,600694,buy,83211,11.28,2815.27
20231201,000902,buy,3715,10.62,118.38
20231201,603689,buy,119739,7.84,2815.27
20231201,603367,buy,68604,13.68,2815.28
20231201,002353,buy,1255,27.43,103.26
20231201,603337,buy,830,20.39,50.76
20231201,603365,buy,69795,13.45,2815.27
20231201,600598,buy,82851,11.33,2815.26
20231201,002981,buy,905,23.94,65.01
20231201,601619,buy,288668,3.25,2815.28
20231201,301061,buy,3150,18.77,177.42
20231201,603338,buy,20379,46.05,2815.24
20231201,600062,buy,50825,18.46,2815.24
20231201,002327,sell,2199,7.92,52.25
20231201,001311,buy,39520,23.75,2815.23
20231201,603568,buy,3924,13.62,160.32
20231201,600066,buy,85609,10.96,2815.26
20231201,002835,buy,54529,17.21,2815.24
20231201,603201,buy,64048,14.65,2815.26
20231201,601163,buy,69420,13.52,2815.25
20231201,002233,buy,153528,6.11,2815.27
20231201,000521,buy,166079,5.65,2815.27
20231201,300394,buy,24505,38.29,2815.18
20231201,601928,sell,2044,9.08,55.69
20231201,601019,sell,10498,8.53,268.8
20231201,000543,buy,151547,6.19,2815.28
20231201,002106,buy,1463,10.43,45.76
20231201,000893,buy,2617,27.2,213.55
20231201,300770,buy,27400,34.25,2815.19
20231201,000589,buy,161970,5.79,2815.27
20231201,605259,buy,60073,15.62,2815.25
20231201,600987,buy,115390,8.13,2815.27
20231201,603408,sell,22,10.69,0.71
20231201,600380,buy,76828,12.21,2815.27
20231201,601369,buy,131680,7.13,2815.26
20231201,600742,buy,91160,10.29,2815.27
20231201,603319,buy,70847,13.14,2793.2
20240102,000893,sell,34501,24.69,2555.49
20240102,688169,sell,6653,138.52,2764.75
20240102,002106,sell,89999,10.36,2796.98
20240102,002353,sell,34217,27.31,2803.39
20240102,603568,sell,68906,12.75,2634.97
20240102,603337,sell,46032,20.77,2868.24
20240102,002327,sell,118490,7.91,2812.19
20240102,600486,sell,15045,60.12,2713.63
20240102,002955,sell,35937,29.61,3191.92
20240102,601928,sell,103327,8.13,2520.87
20240102,002981,sell,39191,25.02,2941.34
20240102,603161,sell,78154,10.98,2573.3
20240102,601211,sell,65994,14.03,2777.89
20240102,601229,sell,182904,5.17,2834.17
20240102,002818,sell,82876,10.49,2608.7
20240102,688100,sell,33463,28.16,2826.81
20240102,001311,sell,39520,21.22,2516.42
20240102,600066,sell,85609,11.06,2840.76
20240102,300394,sell,24505,44.95,3304.21
20240102,605259,sell,60073,15.61,2814.03
20240102,600380,sell,76828,12.19,2808.59
20240102,601369,sell,131680,7.11,2808.23
20240102,600742,sell,91160,8.35,2283.17
20240102,603319,sell,70847,12.19,2591.69
20240102,600971,sell,3564,9.79,104.67
20240102,000408,sell,3403,24.11,246.17
20240102,600015,buy,3935,5.03,59.37
20240102,002738,sell,658,34.54,68.19
20240102,600566,sell,1668,29.81,149.16
20240102,002034,sell,799,14.49,34.72
20240102,603929,buy,417,21.49,26.88
20240102,600863,sell,10821,3.68,119.49
20240102,600938,sell,2419,19.12,138.73
20240102,002884,sell,4133,15.04,186.5
20240102,600967,buy,3907,7.99,93.69
20240102,300795,buy,756,17.94,40.68
20240102,002543,sell,8542,8.29,212.42
20240102,603556,sell,4086,27.66,339.08
20240102,605117,buy,35592,26.33,2811.81
20240102,002833,sell,856,15.68,40.26
20240102,000923,sell,2225,15.9,106.14
20240102,002757,buy,6304,14.63,276.63
20240102,000915,buy,5333,25.23,403.73
20240102,603367,sell,1094,13.88,45.57
20240102,600941,buy,10359,90.48,2811.86
20240102,002773,buy,833,17.81,44.5
20240102,600348,sell,15298,9.04,414.91
20240102,600251,buy,4582,8.07,110.95
20240102,601038,sell,3995,13.91,166.68
20240102,688799,buy,28273,33.15,2811.88
20240102,605368,buy,522,9.18,14.37
20240102,002835,sell,912,17.48,47.83
20240102,603338,sell,1429,49.46,212.04
20240102,002091,buy,521,6.99,10.93
20240102,301061,sell,7212,21.91,474.12
20240102,600295,buy,108860,8.61,2811.88
20240102,600398,sell,1772,6.28,33.41
20240102,000027,buy,155051,6.05,2811.88
20240102,002662,buy,17271,3.38,174.87
20240102,300695,buy,978,35.96,105.5
20240102,000902,sell,1339,10.77,43.27
20240102,600757,buy,11498,6.81,234.95
20240102,601518,buy,2366,2.48,17.61
20240102,600062,buy,795,18.16,43.31
20240102,601156,sell,3621,14.33,155.67
20240102,002728,buy,76032,12.33,2811.89
20240102,603920,sell,894,17.14,45.98
20240102,603299,buy,1481,7.91,35.12
20240102,601699,sell,1462,20.27,88.9
20240102,300109,buy,6273,11.36,213.81
20240102,000651,buy,449,27.66,37.26
20240102,002393,buy,63252,14.82,2811.86
20240102,603339,buy,308,11.47,10.6
20240102,603040,buy,36292,25.83,2811.88
20240102,601619,sell,3595,3.29,35.46
20240102,601163,buy,58,13.49,2.35
20240102,301004,buy,520,31.06,48.46
20240102,600901,buy,170,4.38,2.23
20240102,600016,buy,285667,3.28,2811.88
20240102,300951,buy,1171,41.72,146.55
20240102,600582,buy,185432,5.05,2811.88
20240102,001308,buy,35809,26.17,2811.87
20240102,002895,sell,1576,16.39,77.5
20240102,300908,buy,1843,26.27,145.25
20240102,600373,buy,4220,11.8,149.42
20240102,600987,buy,11482,7.39,254.48
20240102,600325,buy,9643,6.41,185.54
20240102,300900,buy,52984,17.69,2811.89
20240102,601985,sell,10525,7.39,233.36
20240102,688589,buy,87,27.24,7.11
20240102,600598,buy,3815,10.82,123.78
20240102,600211,buy,27752,33.77,2811.85
20240102,002938,buy,44369,21.12,2811.87
20240102,603201,sell,3228,15.41,149.24
20240102,601169,sell,275,4.1,3.38
20240102,603809,buy,32085,5.79,556.87
20240102,600873,sell,3078,8.8,81.24
20240102,001269,buy,19192,48.84,2811.82
20240102,000589,buy,1646,5.73,28.29
20240102,300770,buy,1646,32.27,159.34
20240102,000617,buy,181222,5.17,2811.89
20240102,603052,sell,16384,24.13,1185.82
20240102,603408,sell,8470,11.82,300.38
20240102,603328,buy,1323,7.77,30.83
20240102,600874,buy,2297,5.27,36.33
20240102,600694,buy,1501,11.06,49.82
20240102,600352,buy,2938,7.71,67.95
20240102,300882,buy,55693,16.83,2811.88
20240102,000521,buy,9271,5.35,148.67
20240102,603689,sell,412,7.85,9.71
20240102,000429,sell,7367,7.86,173.67
20240102,000014,buy,84653,11.07,2811.88
20240102,000404,buy,169953,5.52,2811.89
20240102,002233,buy,3487,5.97,62.45
20240102,601019,sell,3141,8.78,82.69
20240102,002062,buy,8908,4.2,112.14
20240102,002611,buy,189088,4.96,2811.88
20240102,002270,sell,4233,13.09,166.18
20240102,601818,buy,367480,2.55,2811.88
20240102,601298,buy,162030,5.78,2811.88
20240102,301277,buy,93423,10.03,2811.88
20240102,300360,buy,73993,12.55,2786.91
20240201,002270,sell,71625,13.07,2807.96
20240201,601985,sell,126820,7.89,3002.28
20240201,603556,sell,33884,27.29,2774.23
20240201,000429,sell,119278,8.37,2995.23
20240201,300695,sell,26065,26.95,2106.99
20240201,603929,sell,43624,15.28,1999.07
20240201,688589,sell,34411,18.91,1952.56
20240201,300908,sell,35679,21.05,2253.39
20240201,603408,sell,79290,9.58,2279.58
20240201,601019,sell,106812,8.69,2785.23
20240201,603809,sell,162013,4.5,2185.11
20240201,600348,sell,103676,8.3,2580.97
20240201,601038,sell,67397,12.37,2501.61
20240201,002895,sell,57183,12.68,2175.59
20240201,300951,sell,22467,26.06,1756.8
20240201,600373,sell,79412,12.56,2992.91
20240201,601156,sell,65409,14.65,2873.79
20240201,603689,sell,119327,6.62,2369.58
20240201,603365,sell,69795,13.87,2903.19
20240201,600062,sell,51620,16.51,2557.05
20240201,002835,sell,53617,12.33,1983.95
20240201,603201,sell,60820,12.28,2241.32
20240201,000521,sell,175350,6.81,3580.53
20240201,000543,sell,151547,6.52,2963.45
20240201,300770,sell,29046,27.49,2395.4
20240201,600987,sell,126872,6.03,2294.87
20240201,688799,sell,28273,25.72,2181.48
20240201,002728,sell,76032,9.6,2189.8
20240201,603040,sell,36292,17.99,1959.04
20240201,600016,sell,285667,3.42,2931.54
20240201,300900,sell,52984,13.3,2113.72
20240201,600211,sell,27752,27.33,2275.28
20240201,001269,sell,19192,42.15,2426.55
20240201,300882,sell,55693,11.84,1978.43
20240201,000404,sell,169953,4.71,2400.85
20240201,002611,sell,189088,4.05,2296.56
20240201,601818,sell,367480,2.74,3015.5
20240201,301277,sell,93423,7.93,2221.46
20240201,300360,sell,73993,13.45,2986.27
20240201,600015,sell,26751,5.32,427.01
20240201,000408,sell,1659,22.82,113.58
20240201,600971,sell,3128,9.17,86.04
20240201,002738,buy,1397,29.77,124.75
20240201,600566,buy,209,26.83,16.82
20240201,600967,buy,6689,6.85,137.48
20240201,603299,buy,718,7.12,15.33
20240201,000915,sell,271,23.03,18.73
20240201,002034,buy,1759,12.78,67.42
20240201,601117,buy,145601,5.83,2547.65
20240201,600938,sell,7131,20.27,433.59
20240201,600251,buy,5671,6.97,118.63
20240201,601319,buy,178282,4.76,2547.65
20240201,603871,buy,92194,9.21,2547.66
20240201,000617,sell,28069,5.54,466.92
20240201,600325,sell,5645,6.04,102.37
20240201,600352,sell,1021,7.04,21.57
20240201,002543,sell,2754,7.7,63.6
20240201,601298,sell,27600,6.32,523.07
20240201,600398,sell,16467,6.4,316.16
20240201,600694,sell,1551,10.21,47.52
20240201,601619,buy,6936,2.91,60.51
20240201,000651,sell,6011,30.46,549.36
20240201,002833,buy,717,14.04,30.19
20240201,601163,sell,3564,12.88,137.75
20240201,300795,buy,3246,15.3,149.01
20240201,002595,buy,47588,17.84,2547.61
20240201,002233,sell,8259,5.71,141.45
20240201,600874,sell,4290,4.9,63.0
20240201,600496,buy,316789,2.68,2547.66
20240201,600863,sell,21037,3.64,229.42
20240201,000027,sell,9494,5.83,166.17
20240201,600585,buy,40093,21.18,2547.63
20240201,301004,sell,6373,35.68,682.21
20240201,600873,sell,12540,9.04,339.91
20240201,603338,sell,1867,49.71,278.44
20240201,601169,sell,42024,4.55,573.22
20240201,601518,buy,3168,2.23,21.19
20240201,603920,buy,10570,13.02,412.72
20240201,600888,buy,133513,6.36,2547.66
20240201,301367,buy,17533,48.43,2547.63
20240201,300856,buy,43377,19.58,2547.64
20240201,002662,buy,34608,2.72,282.31
20240201,002884,sell,3735,14.5,162.44
20240201,605117,buy,2,23.86,0.14
20240201,600757,sell,2811,6.3,53.13
20240201,002818,buy,83447,10.18,2547.65
20240201,601601,buy,37602,22.58,2547.61
20240201,600941,sell,1171,92.43,324.72
20240201,002056,buy,74387,11.42,2547.66
20240201,600582,sell,18628,5.09,284.51
20240201,603339,buy,13843,8.89,369.19
20240201,603136,buy,76436,11.11,2547.65
20240201,600295,sell,10526,8.64,272.71
20240201,600219,buy,347144,2.45,2547.66
20240201,603328,buy,22748,5.92,404.12
20240201,605368,sell,11408,9.36,320.34
20240201,601928,buy,98404,8.63,2547.64
20240201,002062,buy,5274,3.71,58.76
20240201,301061,sell,2406,21.04,151.85
20240201,605259,buy,63286,13.42,2547.63
20240201,600598,sell,3079,10.16,93.85
20240201,001308,sell,1457,24.72,108.06
20240201,000932,buy,169100,5.02,2547.65
20240201,603889,buy,175041,4.85,2547.66
20240201,002938,buy,6125,16.82,309.03
20240201,000923,buy,1688,14.01,70.92
20240201,000589,buy,11708,4.84,170.13
20240201,601699,sell,5718,20.96,359.48
20240201,002393,buy,10497,11.52,362.62
20240201,600729,buy,32664,26.0,2547.6
20240201,000028,buy,30165,28.15,2547.6
20240201,002091,buy,7885,5.98,141.57
20240201,603587,buy,77535,10.95,2547.64
20240201,000063,buy,39829,21.32,2547.66
20240201,000902,buy,2096,9.53,59.93
20240201,603367,sell,644,12.7,24.54
20240201,000014,sell,10698,11.48,368.54
20240201,002757,buy,9898,11.48,340.87
20240201,601006,buy,126918,6.69,2547.66
20240201,600741,buy,57605,14.74,2547.63
20240201,601336,buy,31067,27.33,2547.61
20240201,601330,buy,135301,6.28,2547.65
20240201,002353,buy,34012,24.97,2547.6
20240201,002815,buy,119105,7.13,2547.66
20240201,603228,buy,51908,16.36,2547.62
20240201,300109,buy,7554,9.43,213.71
20240201,002773,buy,5582,14.59,244.26
20240201,002911,buy,108797,7.81,2547.64
20240201,605377,buy,90274,9.41,2547.65
20240201,603052,buy,20609,14.28,883.02
20240201,603568,buy,70136,12.11,2547.66
20240201,600901,sell,9432,4.15,117.4
20240201,002772,buy,141646,6.0,2547.65
20240201,300775,buy,38099,22.29,2547.65
20240201,002651,buy,168055,5.05,2547.66
20240201,002508,buy,42586,19.94,2547.61
20240201,000731,buy,139909,6.07,2547.66
20240201,000848,buy,127205,6.68,2547.65
20240201,603599,buy,63063,11.68,2210.39
20240301,605368,sell,90729,10.04,2733.55
20240301,002773,sell,58221,16.73,2921.45
20240301,601699,sell,40525,23.66,2876.21
20240301,600901,sell,204676,4.25,2612.44
20240301,000902,sell,89106,10.28,2748.85
20240301,603889,sell,175041,4.8,2519.43
20240301,603587,sell,77535,11.37,2644.17
20240301,601006,sell,126918,6.67,2540.83
20240301,601330,sell,135301,6.31,2562.62
20240301,002353,sell,34012,28.54,2911.96
20240301,002911,sell,108797,8.4,2742.59
20240301,603568,sell,70136,14.09,2965.44
20240301,002772,sell,141646,6.15,2612.68
20240301,300775,sell,38099,24.6,2811.55
20240301,002651,sell,168055,5.68,2861.14
20240301,002508,sell,42586,22.55,2881.12
20240301,000731,sell,139909,6.38,2679.7
20240301,000848,sell,127205,6.93,2644.48
20240301,002738,sell,2197,35.47,233.81
20240301,000408,sell,3053,27.35,250.47
20240301,600015,buy,7372,5.59,123.72
20240301,600325,buy,4317,6.45,83.54
20240301,000915,sell,2600,27.26,212.61
20240301,600967,sell,2756,7.71,63.73
20240301,603299,buy,3420,7.61,78.11
20240301,600971,sell,4395,10.59,139.6
20240301,002034,buy,5171,13.04,202.29
20240301,300109,sell,3097,10.74,99.81
20240301,603871,sell,8022,11.1,267.08
20240301,600566,sell,3510,33.19,349.51
20240301,601117,sell,6557,6.72,132.15
20240301,600352,sell,805,7.8,18.84
20240301,000617,buy,6242,5.86,109.74
20240301,601319,buy,10727,4.94,159.05
20240301,600938,sell,1222,22.96,84.18
20240301,600251,buy,5756,7.32,126.46
20240301,601619,buy,10868,3.08,100.56
20240301,002595,sell,4259,21.56,275.46
20240301,601518,buy,38083,2.23,254.71
20240301,605117,sell,3003,28.66,258.22
20240301,002543,buy,639,8.42,16.14
20240301,000651,sell,838,34.55,86.86
20240301,600874,buy,8909,5.12,136.88
20240301,002833,sell,4484,16.68,224.33
20240301,603920,sell,9335,16.71,467.88
20240301,002233,buy,4701,6.09,85.85
20240301,600888,buy,2051,6.89,42.4
20240301,603599,buy,5197,13.68,213.36
20240301,002818,buy,3448,10.75,111.2
20240301,002056,sell,5634,13.59,229.64
20240301,600941,buy,811,93.41,227.27
20240301,002884,buy,2487,15.3,114.13
20240301,600694,buy,7453,10.31,230.49
20240301,000027,buy,3535,6.27,66.44
20240301,300795,sell,4675,18.38,257.79
20240301,601336,sell,511,30.57,46.87
20240301,601601,buy,1877,23.66,133.23
20240301,300856,sell,2285,22.73,155.83
20240301,601163,sell,2659,14.77,117.8
20240301,600496,buy,19738,2.78,164.36
20240301,601928,buy,2341,9.27,65.12
20240301,603688,buy,19112,48.88,2802.32
20240301,301004,buy,1171,37.41,131.41
20240301,603338,sell,417,56.05,70.12
20240301,600863,sell,58,4.0,0.7
20240301,002478,buy,175594,5.32,2802.37
20240301,002938,sell,5254,20.65,325.46
20240301,001308,buy,1035,26.4,81.96
20240301,601169,buy,12746,4.68,179.02
20240301,600348,buy,103524,9.02,2802.35
20240301,688589,buy,41966,22.26,2802.33
20240301,600582,sell,14449,6.13,265.77
20240301,002662,sell,18146,3.18,172.87
20240301,000923,buy,2926,14.7,129.0
20240301,600757,buy,1978,6.83,40.53
20240301,600873,buy,1503,9.78,44.11
20240301,600398,sell,902,7.09,19.18
20240301,000014,buy,3375,12.08,122.31
20240301,603859,buy,37171,25.13,2802.36
20240301,601016,buy,325925,2.87,2802.37
20240301,603328,sell,3314,6.67,66.29
20240301,600211,buy,30034,31.1,2802.35
20240301,300196,buy,105292,8.87,2802.35
20240301,603339,buy,958,9.68,27.82
20240301,301061,buy,520,22.85,35.64
20240301,600295,buy,2241,9.29,62.44
20240301,000063,sell,7881,29.24,691.31
20240301,002757,sell,4766,13.5,192.98
20240301,002815,sell,7451,8.37,187.01
20240301,300770,buy,28331,32.97,2802.29
20240301,600729,buy,2303,26.71,184.57
20240301,600219,buy,7781,2.63,61.44
20240301,601298,buy,8254,6.55,162.11
20240301,603367,buy,4434,13.1,174.27
20240301,000858,buy,7276,128.38,2802.3
20240301,603228,sell,5059,19.94,302.62
20240301,000028,buy,690,30.27,62.67
20240301,002304,buy,10412,89.71,2802.29
20240301,000429,buy,106145,8.8,2802.35
20240301,603136,buy,4119,11.6,143.29
20240301,601156,buy,63493,14.71,2802.35
20240301,301367,buy,276,52.45,43.43
20240301,605259,buy,2927,14.11,123.88
20240301,688303,buy,32560,28.69,2802.31
20240301,600598,buy,1099,11.03,36.37
20240301,603052,sell,9278,18.61,518.13
20240301,002062,buy,19078,3.77,215.82
20240301,002393,buy,1322,12.44,49.35
20240301,000932,buy,8661,5.25,136.54
20240301,605377,buy,1846,10.14,56.16
20240301,002091,buy,7284,6.26,136.83
20240301,600585,buy,2580,21.89,169.43
20240301,000589,sell,2122,5.39,34.33
20240301,601818,buy,329840,2.83,2802.36
20240301,603279,buy,50297,18.57,2802.35
20240301,601229,buy,165161,5.66,2802.36
20240301,000404,buy,161232,5.5,2658.74
20240401,002884,sell,61068,16.75,3068.89
20240401,600938,sell,40679,26.48,3231.72
20240401,002757,sell,69211,14.03,2912.95
20240401,002091,sell,149178,6.44,2882.32
20240401,603052,sell,50182,21.94,3303.2
20240401,002062,sell,247725,3.95,2935.82
20240401,603367,sell,71300,13.74,2939.86
20240401,603338,sell,16666,57.31,2865.39
20240401,000589,sell,173202,5.46,2836.26
20240401,002393,sell,75071,13.68,3081.5
20240401,600582,sell,152355,6.57,3002.56
20240401,600496,sell,336527,2.7,2725.59
20240401,600585,sell,42673,20.66,2644.37
20240401,301367,sell,17809,43.99,2350.26
20240401,605259,sell,66213,15.78,3133.86
20240401,000932,sell,177761,4.88,2603.61
20240401,600729,sell,34967,23.95,2512.16
20240401,601336,sell,30556,28.16,2580.94
20240401,603228,sell,46849,19.52,2743.71
20240401,600348,sell,103524,8.07,2506.65
20240401,300770,sell,28331,34.46,2928.81
20240401,601156,sell,63493,17.47,3328.25
20240401,688303,sell,32560,26.98,2634.98
20240401,601818,sell,329840,2.73,2697.93
20240401,603279,sell,50297,19.17,2891.94
20240401,000404,sell,161232,6.44,3115.15
20240401,000915,sell,2341,30.49,214.11
20240401,600015,buy,1196,5.79,20.77
20240401,002738,buy,159,36.74,17.53
20240401,000408,sell,1100,29.45,97.17
20240401,300109,sell,7521,12.26,276.51
20240401,600325,buy,3135,6.58,61.88
20240401,600251,sell,4410,7.91,104.59
20240401,601319,buy,6101,4.99,91.32
20240401,603299,sell,7050,8.42,178.02
20240401,600967,buy,7002,7.59,159.51
20240401,002033,buy,107611,9.05,2920.37
20240401,600566,buy,587,33.88,59.66
20240401,603871,sell,1560,11.78,55.15
20240401,601117,buy,13110,6.4,251.63
20240401,600352,buy,4318,7.85,101.63
20240401,300856,sell,6315,27.99,530.3
20240401,000617,buy,17690,5.5,291.73
20240401,601928,sell,5174,10.19,158.1
20240401,002543,sell,2695,8.99,72.7
20240401,002818,sell,1983,11.46,68.2
20240401,601619,buy,6256,3.15,59.1
20240401,600874,sell,684,5.36,10.99
20240401,601163,buy,945,15.16,42.99
20240401,603920,sell,681,17.63,36.01
20240401,603688,sell,1983,56.83,338.09
20240401,603599,buy,5470,13.2,216.66
20240401,600694,sell,3548,11.18,119.01
20240401,600598,buy,2924,11.11,97.47
20240401,603859,sell,2478,28.06,208.59
20240401,600971,buy,8041,10.11,243.94
20240401,600888,sell,7962,7.63,182.22
20240401,000651,buy,1060,34.64,110.17
20240401,000027,sell,7767,6.89,160.5
20240401,002533,buy,102011,9.54,2920.36
20240401,600757,sell,6595,7.48,147.95
20240401,600863,sell,3773,4.24,47.95
20240401,002815,buy,2865,8.5,73.06
20240401,605117,sell,3042,32.94,300.65
20240401,600425,buy,272594,3.57,2920.37
20240401,600873,buy,7971,9.41,224.99
20240401,002478,sell,12999,5.99,233.48
20240401,301004,sell,3882,46.16,537.59
20240401,688589,buy,3907,21.22,248.73
20240401,300795,sell,1176,19.61,69.18
20240401,601016,buy,21703,2.8,182.32
20240401,300196,sell,6727,9.88,199.32
20240401,002034,buy,3668,12.93,142.25
20240401,600211,buy,787,31.58,74.57
20240401,002056,buy,2314,13.7,95.09
20240401,600398,buy,893,7.34,19.66
20240401,000923,sell,1796,15.76,84.92
20240401,603328,buy,1826,6.86,37.57
20240401,600548,buy,107482,9.06,2920.37
20240401,688169,buy,5785,168.25,2919.89
20240401,600531,buy,151361,6.43,2920.38
20240401,002938,sell,214,21.62,13.88
20240401,002662,buy,1755,3.29,17.32
20240401,603018,buy,117908,8.26,2920.38
20240401,601518,buy,14021,2.25,94.56
20240401,601601,buy,4351,22.21,289.9
20240401,002293,buy,117780,8.27,2920.37
20240401,000014,buy,3256,12.08,117.99
20240401,002233,buy,919,6.31,17.39
20240401,300073,buy,24661,39.47,2920.31
20240401,600163,buy,227468,4.28,2920.37
20240401,000429,buy,801,9.1,21.87
20240401,002595,sell,2221,23.68,157.79
20240401,000807,buy,73128,13.31,2920.36
20240401,000063,buy,4158,26.96,336.31
20240401,603587,buy,83837,11.61,2920.36
20240401,301061,sell,6988,28.72,602.03
20240401,600528,buy,128333,7.59,2920.36
20240401,600295,buy,1374,9.55,39.36
20240401,002508,buy,43746,22.25,2920.34
20240401,603136,sell,9142,13.63,373.86
20240401,601169,sell,10168,5.14,156.82
20240401,603165,buy,93941,10.36,2920.36
20240401,600219,sell,20432,2.91,178.39
20240401,601298,buy,2149,6.72,43.33
20240401,600741,buy,2888,16.09,139.42
20240401,000333,buy,16188,60.13,2920.25
20240401,600373,buy,69988,13.91,2920.35
20240401,002651,buy,162224,6.0,2920.37
20240401,600941,buy,156,95.85,44.86
20240401,002895,buy,60081,16.2,2920.37
20240401,001308,buy,4317,24.52,317.53
20240401,601229,buy,1624,5.84,28.44
20240401,603339,sell,7352,10.92,240.89
20240401,002304,buy,461,89.53,123.82
20240401,601958,buy,90211,10.79,2920.36
20240401,000858,sell,401,141.61,170.35
20240401,600016,buy,277500,3.51,2920.37
20240401,300130,buy,46985,20.72,2920.35
20240401,000028,buy,1630,29.97,146.53
20240401,603357,buy,104004,9.36,2920.36
20240401,605377,sell,342,10.61,10.88
20240401,605009,buy,36455,26.7,2920.37
20240401,603529,buy,32605,29.86,2920.32
20240401,002833,sell,1155,17.74,61.49
20240401,002484,buy,58954,15.05,2661.4
20240506,600251,sell,123138,8.18,3022.75
20240506,002662,sell,295925,3.36,2985.53
20240506,000408,sell,33059,27.51,2728.7
20240506,601518,sell,433017,2.45,3186.97
20240506,600873,sell,103464,10.47,3248.32
20240506,600863,sell,229776,4.07,2807.35
20240506,603328,sell,141920,7.05,3001.83
20240506,002738,sell,26492,33.96,2698.74
20240506,002034,sell,75304,13.9,3140.95
20240506,300795,sell,49646,17.03,2536.2
20240506,603339,sell,89132,10.02,2678.08
20240506,600874,sell,181708,5.79,3156.91
20240506,600325,sell,147945,5.84,2592.7
20240506,601619,sell,309133,3.27,3032.04
20240506,601163,sell,64200,16.2,3120.37
20240506,002233,sell,154376,6.32,2928.34
20240506,600941,sell,10155,92.38,2814.28
20240506,600295,sell,101949,10.3,3151.54
20240506,001308,sell,39704,23.69,2822.26
20240506,000617,sell,177085,5.68,3016.88
20240506,000014,sell,80586,10.9,2634.23
20240506,601117,sell,152154,6.78,3096.71
20240506,600888,sell,127602,7.68,2938.5
20240506,002056,sell,71067,13.49,2875.06
20240506,603136,sell,71413,12.08,2587.02
20240506,600219,sell,334493,3.13,3145.83
20240506,601928,sell,95571,9.32,2671.41
20240506,000028,sell,32485,35.53,3462.8
20240506,000063,sell,36106,27.52,2980.49
20240506,600741,sell,60493,15.2,2758.13
20240506,002815,sell,114519,8.26,2838.07
20240506,605377,sell,91778,11.98,3297.26
20240506,603599,sell,73730,14.38,3180.64
20240506,688589,sell,45873,20.69,2847.55
20240506,603859,sell,34693,24.38,2537.74
20240506,601016,sell,347628,3.0,3126.18
20240506,300196,sell,98565,11.17,3301.56
20240506,000858,sell,6875,139.56,2878.5
20240506,002304,sell,10873,87.34,2848.8
20240506,600425,sell,272594,3.5,2866.15
20240506,600548,sell,107482,9.57,3084.94
20240506,600531,sell,151361,6.49,2946.22
20240506,002293,sell,117780,7.65,2704.82
20240506,300073,sell,24661,43.78,3239.2
20240506,600163,sell,227468,4.48,3059.75
20240506,603587,sell,83837,11.59,2915.82
20240506,002508,sell,43746,22.48,2950.08
20240506,603165,sell,93941,10.41,2932.51
20240506,000333,sell,16188,64.48,3131.49
20240506,600373,sell,69988,13.88,2914.59
20240506,002651,sell,162224,5.93,2886.75
20240506,002895,sell,60081,18.02,3248.47
20240506,601958,sell,90211,10.55,2854.62
20240506,600016,sell,277500,3.42,2847.73
20240506,300130,sell,46985,20.81,2933.64
20240506,603357,sell,104004,10.03,3130.4
20240506,603529,sell,32605,33.13,3240.63
20240506,002484,sell,58954,15.09,2668.22
20240506,600566,sell,1956,37.56,220.4
20240506,600598,sell,4302,12.07,155.8
20240506,600211,sell,3424,36.71,377.06
20240506,002818,sell,964,11.98,34.64
20240506,300109,sell,7110,13.91,296.59
20240506,000915,buy,259,31.24,24.27
20240506,600971,sell,5231,11.05,173.36
20240506,600694,sell,14072,13.78,581.62
20240506,600066,buy,45155,22.27,3016.93
20240506,603299,sell,4503,9.05,122.22
20240506,000521,buy,100595,10.0,3016.93
20240506,600015,buy,2695,5.89,47.58
20240506,002035,buy,139648,7.2,3016.94
20240506,600642,buy,127796,7.87,3016.95
20240506,000612,buy,138417,7.27,3016.95
20240506,600551,buy,129936,7.74,3016.93
20240506,600582,buy,146570,6.86,3016.93
20240506,000429,sell,1141,9.5,32.53
20240506,603871,sell,687,12.28,25.3
20240506,600483,buy,106474,9.44,3016.94
20240506,002463,buy,31505,31.92,3016.9
20240506,600967,buy,2599,7.69,59.95
20240506,002033,buy,6828,8.79,180.01
20240506,000543,buy,127356,7.9,3016.94
20240506,000680,buy,116302,8.65,3016.94
20240506,603050,buy,66980,15.01,3016.9
20240506,300908,buy,34770,28.92,3016.95
20240506,300349,buy,75936,13.24,3016.94
20240506,000690,buy,201022,5.0,3016.95
20240506,600968,buy,258894,3.88,3016.94
20240506,688506,buy,5622,178.85,3016.48
20240506,301061,buy,18,29.65,1.6
20240506,688208,buy,57522,17.48,3016.91
20240506,002938,sell,5274,25.3,400.27
20240506,601229,sell,6318,6.27,118.79
20240506,300856,sell,114,29.01,9.92
20240506,301004,sell,2976,55.52,495.7
20240506,603920,buy,2823,17.32,146.7
20240506,605009,sell,3018,30.08,272.31
20240506,601169,buy,11176,5.01,168.14
20240506,603279,buy,44987,22.35,3016.92
20240506,002543,sell,14932,10.78,482.69
20240506,603688,buy,5787,43.88,761.87
20240506,000651,sell,1270,37.48,142.82
20240506,002533,buy,10044,8.97,270.42
20240506,000792,buy,57171,17.59,3016.91
20240506,600511,buy,29888,33.65,3016.91
20240506,000719,buy,104113,9.66,3016.94
20240506,600458,buy,83549,12.04,3016.94
20240506,000923,sell,3827,17.36,199.28
20240506,605117,buy,1757,32.12,169.32
20240506,603579,buy,57510,17.49,3016.9
20240506,002020,buy,87019,11.56,3016.95
20240506,002273,buy,69606,14.45,3016.92
20240506,603067,buy,117470,8.56,3016.94
20240506,605196,buy,92323,10.89,3016.92
20240506,002478,buy,16884,5.6,283.81
20240506,002835,buy,56491,17.8,3016.93
20240506,603018,sell,11342,9.44,321.1
20240506,600486,buy,15660,64.21,3016.78
20240506,688169,sell,1387,228.68,951.54
20240506,600023,buy,173885,5.78,3016.94
20240506,600522,buy,74936,13.42,3016.93
20240506,601326,buy,312473,3.22,3016.94
20240506,000404,buy,149147,6.74,3016.93
20240506,601975,buy,273341,3.68,3016.94
20240506,300628,buy,32453,30.99,3016.93
20240506,601319,buy,6072,5.0,91.06
20240506,601000,buy,257928,3.9,3016.94
20240506,600012,buy,83295,12.07,3016.94
20240506,603809,buy,166409,6.04,3016.94
20240506,000513,buy,26486,37.97,3016.86
20240506,601717,buy,64618,15.56,3016.93
20240506,000807,sell,413,13.83,17.14
20240506,002595,sell,4310,27.33,353.37
20240506,002422,buy,31492,31.93,3016.9
20240506,002833,sell,3033,19.4,176.56
20240506,601601,sell,3902,25.19,294.84
20240506,601298,sell,12238,7.58,278.45
20240506,000878,buy,74843,13.44,3016.94
20240506,600528,sell,520,7.87,12.27
20240506,000791,buy,170222,5.91,3016.94
20240506,300193,buy,129437,7.77,3016.93
20240506,002106,buy,95560,10.52,3016.94
20240506,601019,buy,101927,9.87,3016.94
20240506,601107,buy,194718,5.16,3016.94
20240506,300938,buy,57141,17.6,3016.9
20240506,300866,buy,15894,63.27,3016.84
20240506,600480,buy,118117,8.51,3016.94
20240506,603699,buy,56843,17.69,3016.9
20240506,002545,buy,136449,7.37,3016.94
20240506,601900,buy,72403,13.89,3016.94
20240506,600398,sell,539,7.61,12.31
20240506,600757,buy,12306,7.06,260.56
20240506,000027,sell,43,7.12,0.92
20240506,600352,sell,6544,8.56,167.98
20240506,603345,buy,11134,90.32,3016.72
20240506,000544,buy,125124,8.04,3016.95
20240506,000568,buy,5766,174.39,3016.63
20240506,603195,buy,14301,57.51,2467.33
20240603,600398,sell,132144,7.88,3125.42
20240603,002833,sell,51826,18.47,2871.49
20240603,601169,sell,200528,5.2,3125.26
20240603,603920,sell,58054,17.05,2969.09
20240603,600967,sell,130798,7.44,2919.85
20240603,000651,sell,26829,35.82,2882.88
20240603,600352,sell,117534,8.18,2885.14
20240603,605117,sell,31306,31.89,2995.01
20240603,000027,sell,141282,6.96,2951.98
20240603,300856,sell,34663,24.88,2587.44
20240603,603688,sell,22916,38.11,2619.75
20240603,002478,sell,179479,5.2,2798.55
20240603,002533,sell,112055,8.97,3015.81
20240603,000807,sell,72715,13.74,2996.41
20240603,600528,sell,127813,7.6,2912.27
20240603,000521,sell,100595,8.81,2659.7
20240603,000690,sell,201022,4.69,2829.09
20240603,603279,sell,44987,19.99,2697.59
20240603,000792,sell,57171,17.26,2960.31
20240603,600511,sell,29888,32.41,2906.37
20240603,600486,sell,15660,57.09,2681.99
20240603,600023,sell,173885,6.13,3197.2
20240603,601326,sell,312473,2.97,2784.87
20240603,000404,sell,149147,5.78,2586.52
20240603,601000,sell,257928,3.73,2888.66
20240603,600012,sell,83295,12.51,3125.43
20240603,000513,sell,26486,36.42,2893.95
20240603,601717,sell,64618,14.42,2795.42
20240603,000878,sell,74843,12.89,2893.25
20240603,601019,sell,101927,12.31,3763.4
20240603,601107,sell,194718,5.05,2947.53
20240603,300866,sell,15894,66.81,3185.7
20240603,600480,sell,118117,7.83,2774.26
20240603,002545,sell,136449,6.8,2785.45
20240603,601900,sell,72403,12.57,2730.47
20240603,603345,sell,11134,84.19,2812.11
20240603,000568,sell,5766,156.98,2715.51
20240603,600598,sell,1451,12.01,52.29
20240603,002818,buy,1486,11.51,51.31
20240603,600694,buy,3196,12.91,123.74
20240603,300109,buy,2634,13.12,103.66
20240603,600211,buy,2392,33.01,236.86
20240603,603579,buy,282,17.01,14.39
20240603,002035,sell,2936,7.19,63.35
20240603,603299,sell,3345,9.12,91.52
20240603,000612,sell,409,7.12,8.74
20240603,600066,buy,775,21.41,49.77
20240603,600566,buy,1860,34.34,191.6
20240603,300908,sell,932,29.06,81.25
20240603,301004,sell,429,55.6,71.56
20240603,603050,sell,9707,17.17,499.95
20240603,000915,buy,976,29.65,86.81
20240603,000923,sell,2123,17.62,112.2
20240603,603018,buy,4941,8.82,130.71
20240603,600971,sell,5906,11.55,204.65
20240603,300349,buy,4133,12.28,152.26
20240603,000680,buy,6074,8.03,146.41
20240603,000563,buy,358347,2.74,2949.8
20240603,605009,sell,1459,30.75,134.59
20240603,600458,buy,10853,10.42,339.13
20240603,601319,sell,4846,5.01,72.81
20240603,600531,buy,147870,6.65,2949.81
20240603,600757,sell,7195,7.27,156.88
20240603,002463,sell,1493,32.76,146.74
20240603,603357,buy,108582,9.06,2949.78
20240603,301277,buy,99802,9.85,2949.79
20240603,601229,sell,12129,6.63,241.19
20240603,600015,sell,7236,6.01,130.44
20240603,600551,buy,3412,7.37,75.48
20240603,000719,sell,1929,9.62,55.69
20240603,002033,buy,2833,8.38,71.26
20240603,601601,sell,3578,27.05,290.36
20240603,688506,sell,276,183.96,152.32
20240603,002938,sell,5571,28.77,480.78
20240603,300882,buy,56963,17.26,2949.81
20240603,603408,buy,71506,13.75,2949.8
20240603,000791,sell,18877,6.5,367.93
20240603,301061,buy,2897,26.71,232.13
20240603,000543,sell,274,7.74,6.36
20240603,002091,buy,148150,6.64,2949.8
20240603,603809,sell,14269,6.46,276.66
20240603,300897,buy,101589,9.68,2949.81
20240603,603161,buy,90547,10.86,2949.8
20240603,002106,sell,1084,10.41,33.85
20240603,000544,sell,3786,8.1,92.04
20240603,002273,sell,3435,14.86,153.13
20240603,600582,buy,1017,6.66,20.33
20240603,603067,buy,7466,7.87,176.28
20240603,600642,sell,2844,7.87,67.14
20240603,605378,buy,83363,11.79,2949.8
20240603,603871,sell,4994,12.78,191.49
20240603,601518,buy,419954,2.34,2949.8
20240603,605507,buy,84717,11.61,2949.79
20240603,000899,buy,100069,9.83,2949.8
20240603,002225,buy,237940,4.13,2949.8
20240603,600522,sell,6026,14.27,257.96
20240603,002083,buy,229484,4.28,2949.8
20240603,600483,sell,7382,9.92,219.75
20240603,688208,buy,4067,15.96,194.79
20240603,603966,buy,169434,5.8,2949.8
20240603,300481,buy,63694,15.44,2949.78
20240603,002835,buy,1560,16.94,79.27
20240603,605196,sell,8452,11.72,297.27
20240603,300628,sell,2077,32.37,201.7
20240603,002543,buy,1839,10.33,57.0
20240603,001207,buy,89441,10.99,2949.8
20240603,603367,buy,68521,14.35,2949.78
20240603,002255,buy,168531,5.83,2949.8
20240603,300863,buy,56101,17.53,2949.79
20240603,300938,buy,1362,16.81,68.67
20240603,002895,buy,53749,18.29,2949.77
20240603,603365,buy,56967,17.26,2949.78
20240603,000786,buy,32312,30.43,2949.72
20240603,002563,buy,171573,5.73,2949.79
20240603,603699,sell,2161,17.98,116.58
20240603,300193,buy,2380,7.46,53.26
20240603,603929,buy,42474,23.15,2949.75
20240603,600968,sell,12343,3.99,147.68
20240603,001296,buy,64639,15.21,2949.78
20240603,000429,sell,531,9.34,14.88
20240603,603195,buy,2911,57.12,498.86
20240603,603619,buy,41208,23.86,2949.74
20240603,605166,buy,90166,10.9,2949.78
20240603,603889,buy,183337,5.36,2949.79
20240603,002393,buy,73555,13.37,2949.79
20240603,601975,sell,8232,3.71,91.6
20240603,601298,sell,5263,7.72,121.92
20240603,688633,buy,51026,19.27,2949.8
20240603,002034,buy,71787,13.7,2949.78
20240603,603556,buy,21442,45.86,2949.77
20240603,600016,buy,291915,3.37,2949.8
20240603,002422,buy,399,30.83,36.91
20240603,002353,buy,29802,32.99,2949.74
20240603,002020,buy,3100,10.91,101.47
20240603,688169,buy,96,218.78,63.01
20240603,000902,buy,78983,11.62,2752.89
20240701,002595,sell,36798,25.64,2830.92
20240701,688169,sell,4494,193.4,2607.42
20240701,600551,sell,133348,6.9,2760.71
20240701,300349,sell,80069,11.29,2712.1
20240701,000719,sell,102184,10.1,3097.24
20240701,600458,sell,94402,9.9,2803.12
20240701,605196,sell,83871,10.18,2561.5
20240701,002422,sell,31891,29.3,2803.38
20240701,000791,sell,151345,5.91,2683.21
20240701,300938,sell,58503,14.07,2468.72
20240701,603699,sell,54682,15.83,2597.1
20240701,600531,sell,147870,6.32,2802.53
20240701,603357,sell,108582,8.59,2799.59
20240701,301277,sell,99802,9.05,2709.78
20240701,300897,sell,101589,9.04,2755.08
20240701,603161,sell,90547,10.33,2806.86
20240701,605378,sell,83363,10.73,2682.76
20240701,002083,sell,229484,4.02,2769.07
20240701,603966,sell,169434,5.03,2558.85
20240701,001207,sell,89441,9.96,2672.18
20240701,002255,sell,168531,4.91,2484.05
20240701,603365,sell,56967,14.81,2531.26
20240701,603929,sell,42474,22.76,2899.79
20240701,001296,sell,64639,14.01,2716.21
20240701,603619,sell,41208,22.95,2836.83
20240701,605166,sell,90166,10.93,2956.86
20240701,002393,sell,73555,12.52,2763.27
20240701,688633,sell,51026,18.67,2857.21
20240701,603556,sell,21442,44.16,2840.85
20240701,600598,sell,2172,12.03,78.39
20240701,002818,buy,3022,10.84,98.25
20240701,600694,sell,2031,12.93,78.77
20240701,600211,buy,1852,30.3,168.33
20240701,603299,sell,6839,9.49,194.8
20240701,002035,buy,20103,6.11,368.69
20240701,603579,buy,5818,15.07,263.05
20240701,000612,buy,11033,6.43,212.9
20240701,000923,buy,673,16.97,34.26
20240701,300852,buy,33615,28.52,2875.93
20240701,600642,sell,12636,8.54,323.56
20240701,601601,sell,475,26.72,38.08
20240701,603889,sell,5974,5.41,96.87
20240701,002025,buy,21059,45.52,2875.9
20240701,000563,buy,7490,2.62,58.88
20240701,002463,sell,3876,36.68,426.52
20240701,300866,buy,14086,68.06,2875.93
20240701,600582,sell,3487,6.65,69.59
20240701,600483,sell,14396,11.32,488.84
20240701,601229,sell,6528,6.76,132.39
20240701,300109,buy,8157,11.53,282.26
20240701,002091,buy,1874,6.39,35.92
20240701,601319,sell,1990,4.93,29.45
20240701,600066,sell,4084,22.91,280.69
20240701,000792,buy,55510,17.27,2875.97
20240701,600566,buy,2057,31.23,192.74
20240701,600757,sell,15233,7.99,364.91
20240701,002106,sell,1819,10.35,56.46
20240701,688208,buy,1667,15.16,75.79
20240701,603067,sell,11504,8.45,291.68
20240701,000544,sell,1696,8.01,40.77
20240701,000543,sell,18365,8.82,485.83
20240701,300628,sell,290,31.86,27.72
20240701,605507,sell,177,11.34,6.02
20240701,000429,sell,5279,9.59,151.83
20240701,601518,sell,7219,2.32,50.3
20240701,301061,sell,1793,27.37,147.25
20240701,600987,buy,146979,6.52,2875.98
20240701,601000,buy,221115,4.34,2875.98
20240701,000899,sell,136,9.59,3.91
20240701,603871,buy,2489,12.07,90.13
20240701,600522,sell,6533,15.37,301.22
20240701,000902,buy,1594,11.9,56.89
20240701,002563,buy,11720,5.23,183.89
20240701,300908,buy,2440,26.43,193.43
20240701,002533,buy,104700,9.16,2875.96
20240701,002543,buy,2671,9.8,78.51
20240701,601101,buy,106285,9.02,2875.98
20240701,000617,buy,180352,5.32,2875.98
20240701,601298,sell,19362,8.88,515.75
20240701,600486,buy,17121,55.99,2875.93
20240701,603279,buy,47635,20.12,2875.96
20240701,002938,sell,8908,37.93,1013.72
20240701,002273,sell,12467,17.85,667.65
20240701,688360,buy,112422,8.53,2875.98
20240701,605117,buy,26728,35.87,2875.95
20240701,601975,sell,2408,3.65,26.36
20240701,000690,buy,201587,4.76,2875.98
20240701,600971,sell,124,11.28,4.2
20240701,300951,buy,32196,29.78,2875.92
20240701,002835,sell,72,16.53,3.57
20240701,300481,buy,8868,13.21,351.48
20240701,600016,sell,3569,3.32,35.6
20240701,603809,sell,1148,6.35,21.87
20240701,603018,sell,1241,8.69,32.37
20240701,603535,buy,129770,7.39,2875.98
20240701,600511,buy,31227,30.7,2875.92
20240701,603408,buy,6166,12.34,228.31
20240701,002225,sell,901,4.04,10.93
20240701,688506,sell,179,185.56,99.65
20240701,600970,buy,83496,11.48,2875.99
20240701,603050,buy,7344,14.84,326.87
20240701,002895,buy,1849,17.24,95.65
20240701,000680,sell,19668,9.33,550.74
20240701,600968,sell,16554,4.17,207.0
20240701,601717,buy,67745,14.15,2875.97
20240701,002034,buy,3847,12.67,146.28
20240701,301004,sell,2731,64.11,525.27
20240701,002993,buy,27804,34.48,2875.98
20240701,600373,buy,64706,14.82,2875.97
20240701,600015,sell,4888,6.04,88.56
20240701,300193,buy,3706,7.07,78.65
20240701,003019,buy,38180,25.11,2875.99
20240701,000915,buy,1667,27.52,137.64
20240701,600528,buy,131981,7.26,2875.99
20240701,688019,buy,10113,94.79,2875.84
20240701,601231,buy,61153,15.68,2875.97
20240701,603195,buy,920,52.87,145.92
20240701,002020,buy,3519,10.24,108.08
20240701,300863,sell,3703,18.3,203.25
20240701,603367,buy,1006,13.79,41.61
20240701,605009,buy,2419,27.87,202.26
20240701,002353,sell,2383,34.96,249.96
20240701,300882,sell,1135,17.17,58.47
20240701,603920,buy,50676,18.92,2875.98
20240701,688138,buy,44687,21.45,2875.97
20240701,000786,sell,82,29.74,7.32
20240701,002033,sell,1660,8.29,41.29
20240701,603040,buy,50170,19.11,2875.94
20240701,600380,buy,78744,10.96,2588.48
20240801,002543,sell,97841,9.15,2684.43
20240801,000923,sell,56488,13.51,2289.68
20240801,600971,sell,85004,9.39,2393.98
20240801,600566,sell,30692,29.42,2709.24
20240801,301061,sell,35021,24.35,2558.42
20240801,000915,sell,34832,24.86,2597.86
20240801,300109,sell,83114,11.52,2873.52
20240801,600694,sell,74159,11.86,2638.84
20240801,605009,sell,34397,25.44,2625.19
20240801,600066,sell,41846,19.64,2466.09
20240801,002035,sell,156815,6.22,2924.65
20240801,000612,sell,149041,5.48,2448.01
20240801,600582,sell,144100,5.49,2375.48
20240801,000680,sell,102708,6.81,2096.89
20240801,300908,sell,36278,25.02,2723.54
20240801,600968,sell,229997,3.7,2554.95
20240801,603579,sell,63610,13.12,2504.53
20240801,002835,sell,57979,15.15,2634.94
20240801,601975,sell,262701,3.28,2586.05
20240801,300628,sell,30086,30.03,2710.66
20240801,603809,sell,150992,6.1,2762.34
20240801,002106,sell,92657,9.09,2526.48
20240801,603195,sell,18132,47.21,2567.99
20240801,300882,sell,55828,14.36,2405.3
20240801,603408,sell,77672,10.4,2422.56
20240801,002091,sell,150024,6.13,2758.6
20240801,000899,sell,99933,8.02,2404.86
20240801,300481,sell,72562,12.55,2731.67
20240801,603367,sell,69527,12.71,2651.52
20240801,002895,sell,55598,15.14,2525.48
20240801,000786,sell,32230,24.32,2351.81
20240801,002563,sell,183293,4.44,2443.35
20240801,300866,sell,14086,51.19,2163.22
20240801,000792,sell,55510,15.13,2519.6
20240801,600987,sell,146979,6.28,2767.53
20240801,601101,sell,106285,7.49,2387.66
20240801,000617,sell,180352,5.47,2957.84
20240801,600486,sell,17121,53.26,2735.53
20240801,603279,sell,47635,16.53,2362.91
20240801,000690,sell,201587,4.29,2592.28
20240801,603535,sell,129770,6.92,2693.82
20240801,600970,sell,83496,9.77,2447.09
20240801,601717,sell,67745,11.38,2312.2
20240801,002993,sell,27804,29.25,2439.61
20240801,600373,sell,64706,12.25,2378.57
20240801,003019,sell,38180,22.29,2553.17
20240801,688019,sell,10113,88.34,2680.24
20240801,688138,sell,44687,18.87,2529.26
20240801,603040,sell,50170,17.64,2655.16
20240801,600380,sell,78744,10.3,2433.16
20240801,600598,sell,5299,12.09,192.14
20240801,603299,sell,304,8.93,8.15
20240801,601319,sell,26501,5.36,425.85
20240801,000719,buy,92841,9.68,2697.13
20240801,600483,buy,2686,10.29,82.91
20240801,601601,sell,4543,28.69,391.08
20240801,603920,sell,6817,20.5,419.22
20240801,600757,sell,5120,7.82,120.15
20240801,605117,sell,7697,47.24,1090.87
20240801,600522,sell,1119,14.68,49.27
20240801,600016,sell,13767,3.27,135.23
20240801,000429,sell,16477,10.76,532.11
20240801,600967,buy,120987,7.43,2697.14
20240801,600211,sell,2318,30.66,213.22
20240801,600511,sell,3563,32.5,347.38
20240801,002025,sell,2160,47.57,308.26
20240801,000543,sell,1285,8.37,32.26
20240801,600551,buy,125465,7.17,2697.13
20240801,300613,buy,21564,41.69,2697.07
20240801,002304,buy,11932,75.35,2697.06
20240801,600012,buy,59780,15.04,2697.13
20240801,600692,buy,117825,7.63,2697.12
20240801,600528,sell,9522,7.34,209.72
20240801,300852,buy,3883,23.98,279.29
20240801,002463,buy,789,33.39,79.03
20240801,601518,sell,51163,2.49,381.65
20240801,605507,sell,6236,11.48,214.8
20240801,002938,buy,21,35.54,2.24
20240801,600710,buy,116832,7.7,2697.12
20240801,002273,sell,3257,17.82,174.14
20240801,301004,buy,1453,54.8,238.87
20240801,600941,buy,9140,98.35,2696.86
20240801,000902,buy,3423,10.7,109.91
20240801,688120,buy,9144,98.31,2696.97
20240801,603259,buy,22132,40.62,2697.03
20240801,600642,buy,2613,7.82,61.32
20240801,000544,buy,5412,7.19,116.72
20240801,002429,buy,181473,4.95,2697.13
20240801,002533,sell,1287,8.69,33.57
20240801,300863,sell,5796,19.29,335.45
20240801,601000,sell,39048,4.94,578.46
20240801,600862,buy,45282,19.85,2697.13
20240801,601229,sell,9000,6.77,182.77
20240801,601019,buy,85318,10.54,2697.11
20240801,002083,buy,209369,4.29,2697.13
20240801,601298,sell,5870,8.81,155.07
20240801,601117,buy,123157,7.3,2697.13
20240801,603050,sell,13341,17.53,701.74
20240801,603067,sell,7676,8.5,195.76
20240801,603052,buy,43668,20.59,2697.13
20240801,688506,buy,57,172.09,29.43
20240801,000563,sell,43756,2.79,366.42
20240801,600874,buy,159951,5.62,2697.13
20240801,688208,sell,7696,16.18,373.6
20240801,601231,sell,2286,15.27,104.74
20240801,603383,buy,29154,30.84,2697.1
20240801,000513,buy,25611,35.1,2697.08
20240801,600015,sell,6569,5.91,116.43
20240801,002225,buy,24524,3.44,252.88
20240801,000951,buy,61123,14.71,2697.11
20240801,600784,buy,189757,4.74,2697.12
20240801,600873,buy,92919,9.68,2697.14
20240801,688360,buy,1344,7.9,31.86
20240801,688633,buy,44581,20.17,2697.09
20240801,300868,buy,47727,18.84,2697.13
20240801,002034,sell,4488,12.64,170.14
20240801,002179,buy,24166,37.2,2697.03
20240801,002033,sell,2792,7.97,66.75
20240801,300193,sell,7560,7.03,159.35
20240801,601326,buy,264725,3.4,2697.13
20240801,601089,buy,64336,13.97,2697.13
20240801,000651,buy,25631,35.08,2697.04
20240801,002353,buy,2230,30.32,202.86
20240801,603018,sell,9197,8.9,245.43
20240801,300951,sell,959,28.78,82.8
20240801,601928,buy,93271,9.64,2697.13
20240801,002020,sell,6486,10.32,200.73
20240801,002821,buy,12294,73.13,2697.13
20240801,600352,buy,108140,8.31,2697.12
20240801,603339,buy,94607,9.5,2697.11
20240801,600585,buy,39816,22.58,2697.1
20240801,603456,buy,65973,13.63,2697.1
20240801,603228,buy,35623,25.24,2697.09
20240801,300627,buy,42319,21.24,2697.08
20240801,601211,buy,63616,14.13,2697.12
20240801,300360,buy,66556,13.51,2697.11
20240801,002973,buy,93661,9.6,2697.11
20240801,600377,buy,68910,13.05,2697.14
20240801,603889,buy,24481,4.45,327.13
20240801,301222,buy,55856,16.1,2697.09
20240801,600741,buy,61451,14.63,2697.11
20240801,603328,buy,119623,7.52,2697.12
20240801,600020,buy,247489,3.63,2697.14
20240801,600023,buy,144112,6.24,2697.12
20240801,300622,buy,108234,8.31,2697.12
20240801,002818,buy,2795,9.85,82.61
20240801,002871,buy,109718,8.19,2697.12
20240801,601006,buy,134421,6.69,2697.13
20240801,603871,sell,7080,12.43,263.97
20240801,000063,buy,28294,26.64,2260.94
20240902,002938,sell,25294,33.97,2577.37
20240902,601298,sell,102100,8.69,2662.31
20240902,603871,sell,72340,11.63,2523.0
20240902,601229,sell,132810,6.57,2616.74
20240902,002033,sell,112820,7.77,2628.4
20240902,603018,sell,101069,6.56,1987.68
20240902,600642,sell,114929,7.46,2572.59
20240902,002463,sell,26925,32.15,2596.57
20240902,603050,sell,51276,16.28,2505.01
20240902,688506,sell,5224,163.62,2564.25
20240902,600522,sell,61258,12.23,2247.32
20240902,300193,sell,127963,7.06,2711.87
20240902,000544,sell,125054,6.86,2573.54
20240902,000563,sell,322081,2.6,2513.66
20240902,002225,sell,261563,3.08,2420.5
20240902,300863,sell,46602,20.07,2806.45
20240902,603889,sell,201844,4.34,2629.38
20240902,002034,sell,71146,13.0,2774.9
20240902,002353,sell,29649,27.83,2475.54
20240902,300852,sell,37498,21.55,2424.8
20240902,002025,sell,18899,46.96,2662.74
20240902,601000,sell,182067,4.65,2537.6
20240902,002533,sell,103413,7.6,2358.57
20240902,605117,sell,19031,42.21,2410.09
20240902,300951,sell,31237,25.23,2364.53
20240902,600511,sell,27664,27.92,2316.82
20240902,601231,sell,58867,14.85,2622.39
20240902,300613,sell,21564,31.74,2053.12
20240902,600012,sell,59780,15.33,2748.99
20240902,600692,sell,117825,5.05,1785.17
20240902,600710,sell,116832,7.81,2737.58
20240902,603259,sell,22132,36.24,2406.29
20240902,601019,sell,85318,11.55,2956.21
20240902,603052,sell,43668,20.43,2676.59
20240902,600874,sell,159951,4.84,2323.83
20240902,603383,sell,29154,24.24,2120.16
20240902,000513,sell,25611,34.79,2673.17
20240902,000951,sell,61123,13.18,2416.67
20240902,600873,sell,92919,9.03,2517.68
20240902,688633,sell,44581,18.0,2407.83
20240902,300868,sell,47727,19.02,2722.87
20240902,002179,sell,24166,35.77,2593.35
20240902,601928,sell,93271,10.08,2821.9
20240902,002821,sell,12294,60.43,2228.92
20240902,600352,sell,108140,8.59,2788.34
20240902,600585,sell,39816,19.98,2386.99
20240902,603456,sell,65973,11.9,2355.64
20240902,603228,sell,35623,23.88,2552.2
20240902,300627,sell,42319,19.26,2445.14
20240902,601211,sell,63616,14.05,2682.29
20240902,002973,sell,93661,8.34,2342.89
20240902,600377,sell,68910,13.7,2833.09
20240902,600741,sell,61451,14.22,2621.21
20240902,600023,sell,144112,5.91,2554.95
20240902,300622,sell,108234,14.91,4839.77
20240902,601006,sell,134421,5.79,2334.21
20240902,000063,sell,28294,23.73,2014.53
20240902,603299,sell,8900,9.42,251.47
20240902,000719,sell,6893,10.06,207.94
20240902,600016,sell,6072,3.22,58.63
20240902,600598,sell,2492,12.02,89.87
20240902,601601,sell,1475,28.95,128.09
20240902,600854,buy,229363,3.77,2592.78
20240902,601319,sell,22346,5.94,398.21
20240902,603328,sell,7267,7.69,167.7
20240902,600211,sell,1959,31.58,185.62
20240902,601518,buy,7555,2.34,53.07
20240902,601336,buy,27457,31.48,2592.78
20240902,600757,sell,9487,8.2,233.26
20240902,600938,buy,32145,26.89,2592.72
20240902,002083,sell,3606,4.2,45.44
20240902,300897,buy,91463,9.45,2592.78
20240902,002304,sell,112,73.12,24.57
20240902,600967,buy,11507,6.52,225.18
20240902,300441,buy,147857,5.85,2592.78
20240902,603067,buy,3672,7.9,87.0
20240902,002159,buy,64075,13.49,2592.76
20240902,603339,sell,1151,9.25,31.93
20240902,605507,sell,9390,12.54,353.29
20240902,002555,buy,70840,12.2,2592.78
20240902,600015,sell,6580,5.94,117.18
20240902,002987,buy,136087,6.35,2592.79
20240902,600469,buy,159970,5.4,2592.78
20240902,300360,sell,1201,13.22,47.65
20240902,301222,buy,3505,14.56,153.09
20240902,603797,buy,277007,3.12,2592.79
20240902,002818,sell,227,9.49,6.47
20240902,600862,buy,1995,18.28,109.41
20240902,300230,buy,266701,3.24,2592.78
20240902,000521,buy,107361,8.05,2592.78
20240902,000651,sell,2034,36.63,223.49
20240902,300545,buy,36049,23.97,2592.75
20240902,002381,buy,141220,6.12,2592.77
20240902,600020,sell,15136,3.72,168.9
20240902,002478,buy,196780,4.39,2592.78
20240902,301004,sell,2369,61.57,437.59
20240902,688360,sell,17541,8.98,472.65
20240902,601619,buy,316251,2.73,2592.79
20240902,600483,buy,1521,9.72,44.36
20240902,600551,sell,9592,7.46,214.63
20240902,600784,sell,6575,4.72,93.06
20240902,600694,buy,73933,11.69,2592.76
20240902,601089,sell,4443,14.43,192.34
20240902,002061,buy,266910,3.24,2592.78
20240902,002273,buy,1385,16.67,69.28
20240902,000404,buy,146324,5.91,2592.79
20240902,600971,buy,101604,8.51,2592.79
20240902,600528,buy,6076,6.72,122.56
20240902,600566,buy,33541,25.77,2592.74
20240902,601900,buy,76743,11.26,2592.76
20240902,300695,buy,37868,22.82,2592.78
20240902,301061,buy,28502,30.32,2592.79
20240902,688208,buy,2122,14.98,95.38
20240902,603182,buy,86495,9.99,2592.78
20240902,603102,buy,29676,29.12,2592.73
20240902,603920,buy,1663,18.99,94.72
20240902,000700,buy,161036,5.37,2592.78
20240902,000902,sell,10100,11.7,354.36
20240902,301077,buy,78205,11.05,2592.77
20240902,600888,buy,135617,6.37,2592.78
20240902,603183,buy,268908,3.21,2592.79
20240902,002871,buy,5976,7.47,133.93
20240902,603897,buy,54540,15.85,2592.79
20240902,600829,buy,164935,5.24,2592.78
20240902,000429,sell,4224,10.9,138.12
20240902,601326,sell,1152,3.28,11.33
20240902,600664,buy,277007,3.12,2592.79
20240902,300770,buy,29405,29.39,2592.73
20240902,603987,buy,143158,6.04,2592.79
20240902,002558,buy,97281,8.88,2592.78
20240902,603040,buy,46020,18.78,2592.74
20240902,600941,sell,374,98.6,110.63
20240902,300259,buy,350766,2.46,2592.79
20240902,002981,buy,44333,19.49,2592.78
20240902,000543,sell,2598,8.24,64.26
20240902,603689,buy,111925,7.72,2592.78
20240902,603948,buy,58139,14.87,2592.79
20240902,301050,buy,27924,30.95,2592.75
20240902,601117,buy,14542,6.28,273.82
20240902,002060,buy,284330,3.04,2592.79
20240902,605259,buy,71114,12.15,2592.79
20240902,002020,sell,7512,10.85,244.56
20240902,601065,buy,106938,8.08,2592.77
20240902,603688,buy,37649,22.96,2592.74
20240902,002543,buy,105332,8.21,2592.77
20240902,000823,buy,113853,7.59,2592.78
20240902,002303,buy,369975,2.34,2592.79
20240902,300976,buy,26123,33.08,2592.74
20240902,300349,buy,80795,10.7,2592.77
20240902,688120,buy,942,85.68,242.14
20240902,002429,buy,12873,4.45,171.74
20240902,605158,buy,130628,6.62,2592.78
20240902,002753,buy,156151,5.53,2592.78
20240902,003010,buy,144681,5.97,2592.79
20240902,001207,buy,96331,8.97,2592.78
20240902,002955,buy,41568,20.79,2592.77
20240902,600219,buy,220402,3.22,2130.57
20241008,301004,sell,14037,78.41,3301.99
20241008,603299,sell,91766,11.4,3137.15
20241008,600757,sell,105451,9.1,2877.86
20241008,002818,sell,91024,11.62,3173.75
20241008,601601,sell,29857,39.59,3546.46
20241008,000429,sell,79294,10.72,2549.29
20241008,600483,sell,88903,10.3,2746.64
20241008,000543,sell,104834,8.08,2541.68
20241008,688208,sell,57682,23.82,4121.64
20241008,002020,sell,79640,13.14,3140.25
20241008,002273,sell,51832,20.11,3126.55
20241008,603067,sell,109428,9.22,3028.41
20241008,601518,sell,369127,2.66,2946.35
20241008,605507,sell,68914,14.78,3056.1
20241008,600016,sell,268507,3.82,3077.08
20241008,000902,sell,73900,13.42,2975.11
20241008,688360,sell,96225,12.0,3463.91
20241008,600528,sell,128535,8.5,3279.11
20241008,603920,sell,45522,27.18,3712.26
20241008,000719,sell,85948,12.22,3151.24
20241008,600967,sell,132494,8.27,3287.07
20241008,600551,sell,115873,8.8,3059.44
20241008,002304,sell,11820,91.93,3259.82
20241008,600941,sell,8766,105.54,2775.52
20241008,688120,sell,10086,130.02,3934.27
20241008,002429,sell,194346,5.54,3229.61
20241008,600862,sell,47277,23.34,3310.08
20241008,002083,sell,205763,5.3,3272.3
20241008,601117,sell,137699,8.35,3450.39
20241008,600784,sell,183182,5.93,3261.38
20241008,601326,sell,263573,3.67,2901.46
20241008,601089,sell,59893,16.98,3051.4
20241008,000651,sell,23597,47.1,3334.07
20241008,603339,sell,93456,11.3,3167.46
20241008,300360,sell,65355,17.37,3405.14
20241008,301222,sell,59361,19.35,3445.82
20241008,603328,sell,112356,9.95,3353.44
20241008,600020,sell,232353,4.16,2902.58
20241008,002871,sell,115694,9.37,3252.71
20241008,600938,sell,32145,29.28,2823.28
20241008,300897,sell,91463,12.08,3314.59
20241008,600469,sell,159970,6.84,3280.76
20241008,603797,sell,277007,3.95,3285.83
20241008,300230,sell,266701,4.66,3731.08
20241008,002381,sell,141220,7.27,3081.75
20241008,002478,sell,196780,5.42,3198.52
20241008,601619,sell,316251,3.28,3109.53
20241008,600694,sell,73933,14.68,3255.83
20241008,002061,sell,266910,4.03,3225.9
20241008,000404,sell,146324,6.94,3047.37
20241008,600971,sell,101604,9.98,3041.54
20241008,600566,sell,33541,30.4,3058.8
20241008,601900,sell,76743,14.71,3386.78
20241008,300695,sell,37868,31.73,3605.16
20241008,603182,sell,86495,12.13,3147.12
20241008,603102,sell,29676,35.12,3126.68
20241008,000700,sell,161036,6.78,3274.85
20241008,301077,sell,78205,14.57,3417.19
20241008,600888,sell,135617,7.78,3163.74
20241008,603183,sell,268908,3.92,3162.72
20241008,603897,sell,54540,20.76,3397.03
20241008,600829,sell,164935,6.56,3245.92
20241008,600664,sell,277007,3.99,3315.77
20241008,300770,sell,29405,41.16,3630.89
20241008,603987,sell,143158,7.56,3245.2
20241008,603040,sell,46020,22.83,3152.33
20241008,300259,sell,350766,3.62,3813.52
20241008,002981,sell,44333,23.25,3092.5
20241008,603689,sell,111925,8.69,2916.88
20241008,603948,sell,58139,18.96,3306.39
20241008,301050,sell,27924,49.22,4123.08
20241008,002060,sell,284330,3.82,3262.65
20241008,605259,sell,71114,14.72,3139.51
20241008,601065,sell,106938,9.74,3123.82
20241008,603688,sell,37649,32.81,3705.52
20241008,002543,sell,105332,10.64,3363.02
20241008,000823,sell,113853,9.54,3257.51
20241008,300976,sell,26123,46.91,3676.14
20241008,300349,sell,80795,14.47,3506.53
20241008,002753,sell,156151,6.64,3110.42
20241008,001207,sell,96331,11.44,3304.91
20241008,002955,sell,41568,25.37,3164.32
20241008,600219,sell,220402,3.86,2552.07
20241008,000521,sell,5042,10.64,161.0
20241008,600390,buy,149447,7.29,3267.25
20241008,601336,sell,4986,48.47,724.99
20241008,601688,buy,58121,18.74,3267.2
20241008,300099,buy,168898,6.45,3267.25
20241008,600439,buy,383481,2.84,3267.26
20241008,002423,buy,84345,12.91,3267.23
20241008,002555,sell,8158,17.37,425.24
20241008,600563,buy,10134,107.46,3266.98
20241008,688318,buy,8099,134.47,3267.1
20241008,300277,buy,94765,11.49,3267.25
20241008,300006,buy,255055,4.27,3267.25
20241008,603093,buy,75381,14.45,3267.24
20241008,001236,buy,74656,14.59,3267.25
20241008,300516,buy,37861,28.76,3267.18
20241008,300767,buy,81824,13.31,3267.23
20241008,600030,buy,37397,29.12,3267.24
20241008,000623,buy,59324,18.36,3267.22
20241008,688036,buy,9731,111.91,3267.06
20241008,002591,buy,204715,5.32,3267.25
20241008,603444,buy,4435,245.52,3266.69
20241008,603259,buy,19689,55.31,3267.16
20241008,600211,sell,1212,41.65,151.42
20241008,002946,buy,90096,12.09,3267.24
20241008,002159,buy,3922,16.02,188.45
20241008,002303,sell,38338,3.28,377.7
20241008,688819,buy,28374,38.38,3267.15
20241008,300622,buy,63778,17.08,3267.25
20241008,002659,buy,207050,5.26,3267.25
20241008,605158,sell,3584,8.57,92.17
20241008,300130,buy,40849,26.66,3267.19
20241008,300002,buy,73956,14.73,3267.23
20241008,002558,sell,10910,12.61,412.71
20241008,300063,buy,161585,6.74,3267.25
20241008,600151,buy,148985,7.31,3267.24
20241008,300590,buy,62117,17.53,3267.22
20241008,002625,buy,39952,27.26,3267.2
20241008,601319,sell,6743,7.85,158.78
20241008,605117,buy,21053,51.73,3267.12
20241008,300155,buy,180014,6.05,3267.25
20241008,300709,buy,23702,45.95,3267.15
20241008,300663,buy,52511,20.74,3267.23
20241008,300059,buy,45063,24.17,3267.24
20241008,603529,buy,31679,34.38,3267.17
20241008,688603,buy,27810,39.16,3267.22
20241008,301165,buy,43386,25.1,3267.21
20241008,600420,buy,79141,13.76,3267.24
20241008,603680,buy,125974,8.65,3267.25
20241008,002722,buy,64377,16.92,3267.22
20241008,301061,buy,2012,35.69,215.43
20241008,300861,buy,61358,17.75,3267.25
20241008,600854,sell,7121,4.9,104.69
20241008,000913,buy,59512,18.3,3267.21
20241008,300583,buy,51828,21.01,3267.21
20241008,300016,buy,160878,6.77,3267.25
20241008,603871,buy,68058,16.0,3267.22
20241008,300662,buy,41409,26.3,3267.24
20241008,600698,buy,211884,5.14,3267.25
20241008,600352,buy,107889,10.09,3267.25
20241008,000712,buy,67561,16.12,3267.25
20241008,002633,buy,120474,9.04,3267.25
20241008,300609,buy,29805,36.54,3267.22
20241008,002396,buy,80015,13.61,3267.24
20241008,300595,buy,45719,23.82,3267.23
20241008,600662,buy,209937,5.19,3267.25
20241008,300896,buy,3991,272.88,3267.14
20241008,003002,buy,61982,17.57,3267.23
20241008,300441,sell,19912,8.51,508.49
20241008,603866,buy,163657,6.65,3267.26
20241008,600015,buy,3915,7.28,85.55
20241008,002987,sell,15605,9.04,423.18
20241008,600130,buy,239886,4.54,3267.25
20241008,300302,buy,62127,17.53,3267.26
20241008,600598,buy,4239,14.3,181.92
20241008,300545,sell,3317,33.27,331.1
20241008,600000,buy,106867,10.19,3267.23
20241008,300163,buy,504206,2.16,3267.25
20241008,300193,buy,109993,9.9,3267.25
20241008,688059,buy,24720,44.06,3267.25
20241008,002098,buy,127333,8.55,3267.25
20241008,688597,buy,144588,7.53,3267.24
20241008,300231,buy,78645,13.85,3267.25
20241008,300841,buy,14379,75.74,3267.2
20241008,002850,buy,10769,101.12,3267.04
20241008,002034,buy,69988,15.56,3267.23
20241008,003010,sell,1605,7.61,36.65
20241008,300106,buy,108908,10.0,3267.24
20241008,600061,buy,123361,8.83,3267.24
20241008,300180,buy,140527,7.75,3267.25
20241008,300380,buy,27547,39.53,3267.21
20241008,300972,buy,22402,48.61,3267.12
20241008,000678,buy,184590,5.9,3267.24
20241008,300501,buy,108377,10.05,3267.26
20241008,300566,buy,53398,20.4,3267.24
20241008,002285,buy,386200,2.82,3267.25
20241008,002861,buy,75079,14.51,3267.23
20241008,600062,buy,45579,23.89,3267.21
20241008,603106,buy,117131,9.3,3267.24
20241008,301016,buy,81646,13.34,3267.23
20241008,601881,buy,49314,16.53,2445.93
20241101,601319,sell,138756,6.95,2892.14
20241101,600211,sell,26152,35.39,2776.56
20241101,300441,sell,127945,8.63,3311.24
20241101,002555,sell,62682,14.43,2712.73
20241101,002987,sell,120482,8.32,3005.48
20241101,605158,sell,127044,8.77,3342.21
20241101,003010,sell,143076,7.35,3155.9
20241101,601688,sell,58121,17.25,3008.16
20241101,002423,sell,84345,19.12,4837.11
20241101,600563,sell,10134,120.72,3670.28
20241101,688318,sell,8099,104.05,2528.04
20241101,300006,sell,255055,3.94,3014.75
20241101,603093,sell,75381,11.99,2712.22
20241101,001236,sell,74656,11.24,2517.57
20241101,300516,sell,37861,25.82,2933.1
20241101,300767,sell,81824,10.13,2486.63
20241101,000623,sell,59324,16.44,2926.1
20241101,688036,sell,9731,87.63,2558.1
20241101,002591,sell,204715,5.04,3095.29
20241101,603444,sell,4435,186.04,2475.29
20241101,300622,sell,63778,14.85,2840.41
20241101,002659,sell,207050,4.68,2906.98
20241101,300063,sell,161585,9.38,4547.0
20241101,600151,sell,148985,7.63,3410.27
20241101,300590,sell,62117,13.03,2428.63
20241101,002625,sell,39952,39.55,4740.3
20241101,605117,sell,21053,43.58,2752.7
20241101,300155,sell,180014,4.76,2570.6
20241101,300709,sell,23702,41.55,2954.48
20241101,300663,sell,52511,21.06,3317.64
20241101,300059,sell,45063,22.82,3084.83
20241101,301165,sell,43386,25.13,3271.13
20241101,600420,sell,79141,11.71,2779.7
20241101,603680,sell,125974,8.26,3119.91
20241101,002722,sell,64377,14.14,2730.3
20241101,000913,sell,59512,15.12,2699.19
20241101,300016,sell,160878,7.11,3430.14
20241101,603871,sell,68058,13.86,2829.46
20241101,300662,sell,41409,20.19,2508.51
20241101,000712,sell,67561,12.56,2545.7
20241101,002633,sell,120474,12.54,4532.23
20241101,300609,sell,29805,29.81,2665.46
20241101,002396,sell,80015,12.68,3044.6
20241101,300595,sell,45719,17.81,2443.09
20241101,600662,sell,209937,4.95,3116.27
20241101,300896,sell,3991,203.67,2438.57
20241101,003002,sell,61982,20.05,3727.64
20241101,603866,sell,163657,5.84,2869.05
20241101,600130,sell,239886,5.74,4130.84
20241101,300302,sell,62127,16.49,3073.42
20241101,600000,sell,106867,9.65,3092.98
20241101,300163,sell,504206,2.03,3070.61
20241101,688059,sell,24720,32.66,2422.04
20241101,002098,sell,127333,8.03,3067.06
20241101,688597,sell,144588,6.42,2785.65
20241101,300231,sell,78645,11.11,2622.09
20241101,300841,sell,14379,56.97,2457.52
20241101,300106,sell,108908,9.47,3094.08
20241101,600061,sell,123361,7.69,2845.19
20241101,300180,sell,140527,7.9,3330.49
20241101,300380,sell,27547,37.26,3079.0
20241101,300972,sell,22402,69.23,4652.66
20241101,000678,sell,184590,5.8,3211.87
20241101,300501,sell,108377,8.86,2880.04
20241101,300566,sell,53398,16.73,2679.39
20241101,002285,sell,386200,2.8,3244.08
20241101,002861,sell,75079,11.42,2571.27
20241101,600062,sell,45579,20.84,2849.02
20241101,603106,sell,117131,12.1,4251.27
20241101,301016,sell,81646,10.52,2577.48
20241101,300708,buy,132876,7.73,3080.47
20241101,600015,buy,3874,6.69,77.8
20241101,600208,buy,356538,2.88,3080.49
20241101,600598,sell,4118,14.26,176.15
20241101,300695,buy,35870,28.63,3080.41
20241101,300545,buy,1055,30.39,96.19
20241101,601336,buy,178,45.34,24.21
20241101,300724,buy,14784,69.45,3080.37
20241101,002558,sell,218,11.92,7.79
20241101,002255,buy,189858,5.41,3080.49
20241101,002303,buy,22600,2.9,196.53
20241101,300360,buy,66190,15.51,3080.49
20241101,000612,buy,137535,7.47,3080.48
20241101,002159,buy,1399,14.8,62.1
20241101,002545,buy,155594,6.6,3080.47
20241101,301061,sell,1494,35.38,158.59
20241101,000404,buy,145108,7.08,3080.48
20241101,301004,buy,12993,79.02,3080.3
20241101,001207,buy,77516,13.25,3080.48
20241101,002850,sell,206,97.22,60.08
20241101,002249,buy,188560,5.45,3080.49
20241101,300453,buy,137862,7.45,3080.47
20241101,300130,buy,2133,23.89,152.87
20241101,002818,buy,86640,11.85,3080.46
20241101,301077,buy,60320,17.02,3080.48
20241101,300099,buy,11951,5.68,203.57
20241101,600455,buy,46108,22.27,3080.48
20241101,603920,buy,38087,26.96,3080.45
20241101,000858,buy,7434,138.12,3080.43
20241101,688550,buy,34141,30.08,3080.42
20241101,600439,sell,182141,5.1,2786.76
20241101,002273,buy,46740,21.97,3080.45
20241101,001367,buy,52478,19.57,3080.47
20241101,600854,buy,7927,4.46,106.09
20241101,603833,buy,15657,65.58,3080.38
20241101,000423,buy,18723,54.84,3080.49
20241101,601619,buy,326585,3.14,3080.49
20241101,300230,buy,246285,4.17,3080.48
20241101,603558,buy,108564,9.46,3080.47
20241101,000544,buy,121675,8.44,3080.49
20241101,603969,buy,186039,5.52,3080.49
20241101,000893,buy,54072,18.99,3080.48
20241101,603801,buy,75695,13.57,3080.46
20241101,000617,buy,130269,7.88,3080.47
20241101,002946,sell,5697,12.17,207.94
20241101,603023,buy,429635,2.39,3080.48
20241101,603193,buy,44066,23.3,3080.43
20241101,002895,buy,53180,19.31,3080.44
20241101,300384,buy,65345,15.71,3080.45
20241101,601318,buy,19125,53.69,3080.48
20241101,600698,sell,29498,5.63,498.22
20241101,002517,buy,77833,13.19,3080.46
20241101,300002,buy,10515,12.16,383.46
20241101,603328,buy,113756,9.03,3080.48
20241101,001332,buy,44124,23.27,3080.43
20241101,300583,sell,9621,24.33,702.21
20241101,600352,sell,2110,9.71,61.45
20241101,002394,buy,146862,6.99,3080.47
20241101,688819,buy,8046,28.19,680.53
20241101,600390,sell,9509,7.34,209.33
20241101,002984,buy,39641,25.9,3080.48
20241101,603036,buy,70438,14.58,3080.46
20241101,600731,buy,166811,6.16,3080.48
20241101,300277,sell,7498,11.77,264.68
20241101,605305,buy,34250,29.98,3080.43
20241101,603299,buy,95896,10.71,3080.48
20241101,000968,buy,159863,6.42,3080.48
20241101,688332,buy,22617,45.4,3080.48
20241101,600030,buy,347,27.2,28.32
20241101,600835,buy,61632,16.66,3080.48
20241101,300558,buy,22561,45.51,3080.4
20241101,688093,buy,51370,19.99,3080.44
20241101,300861,buy,294,16.66,14.69
20241101,688360,buy,96800,10.61,3080.48
20241101,603181,buy,94837,10.83,3080.46
20241101,300160,buy,184440,5.57,3080.48
20241101,002884,buy,56245,18.26,3080.47
20241101,300880,buy,51277,20.03,3080.47
20241101,000997,buy,57385,17.89,3080.45
20241101,688603,sell,6303,47.75,902.81
20241101,000333,buy,14992,68.49,3080.35
20241101,000521,buy,23590,8.16,577.15
20241101,002106,buy,97932,10.49,3080.46
20241101,601881,buy,23604,14.08,997.17
20241101,002991,buy,14643,70.12,3080.45
20241101,603259,buy,1215,49.12,179.04
20241101,000680,buy,107619,9.54,3080.47
20241101,603529,sell,332,32.76,32.63
20241101,000807,buy,71320,14.4,3080.48
20241101,603656,buy,40744,25.2,3080.45
20241101,603040,buy,47504,21.62,3080.45
20241101,002083,buy,209428,4.9,3080.49
20241101,002034,buy,1125,14.44,48.73
20241101,300193,buy,8249,8.68,214.9
20241101,300109,buy,84342,12.17,3080.47
20241101,002557,buy,33153,30.97,3080.44
20241101,300259,buy,309547,3.32,3080.48
20241101,605507,buy,78173,13.14,3080.46
20241101,601997,buy,180524,5.69,3080.48
20241101,603809,buy,87797,9.14,2407.31
20241202,600598,sell,72015,13.76,2972.19
20241202,000521,sell,125909,8.23,3109.41
20241202,301061,sell,29020,33.18,2888.28
20241202,603259,sell,20904,49.19,3084.56
20241202,688819,sell,36420,28.35,3097.62
20241202,300002,sell,84471,12.28,3113.16
20241202,603529,sell,31347,35.13,3303.7
20241202,688603,sell,21507,58.12,3750.26
20241202,600352,sell,105779,9.8,3110.84
20241202,300193,sell,118242,9.74,3453.41
20241202,002034,sell,71113,15.25,3252.52
20241202,601881,sell,72918,15.41,3371.0
20241202,000404,sell,145108,7.04,3063.79
20241202,301004,sell,12993,68.4,2666.05
20241202,002249,sell,188560,5.46,3085.88
20241202,600455,sell,46108,23.95,3312.86
20241202,002273,sell,46740,21.06,2953.25
20241202,001367,sell,52478,18.81,2961.55
20241202,000423,sell,18723,53.89,3026.95
20241202,603558,sell,108564,9.45,3077.48
20241202,000544,sell,121675,8.73,3186.59
20241202,000893,sell,54072,21.24,3445.47
20241202,000617,sell,130269,7.4,2893.2
20241202,603193,sell,44066,22.18,2932.14
20241202,601318,sell,19125,51.64,2963.08
20241202,603328,sell,113756,9.19,3137.4
20241202,002984,sell,39641,24.7,2937.42
20241202,600731,sell,166811,6.1,3051.28
20241202,605305,sell,34250,28.54,2932.41
20241202,603299,sell,95896,10.64,3061.24
20241202,688093,sell,51370,19.06,2937.47
20241202,688360,sell,96800,13.36,3880.49
20241202,603181,sell,94837,12.25,3486.16
20241202,002884,sell,56245,16.19,2732.02
20241202,300880,sell,51277,23.46,3609.57
20241202,000333,sell,14992,66.43,2987.83
20241202,002991,sell,14643,76.08,3342.13
20241202,000807,sell,71320,13.41,2869.83
20241202,603040,sell,47504,22.38,3190.07
20241202,002083,sell,209428,5.0,3141.49
20241202,002557,sell,33153,29.1,2893.92
20241202,300259,sell,309547,3.78,3507.83
20241202,600015,buy,1829,6.96,38.17
20241202,603955,buy,44645,24.19,3239.27
20241202,603859,buy,35786,30.17,3239.28
20241202,002255,sell,9383,5.98,168.41
20241202,600208,sell,14839,3.16,140.67
20241202,300724,buy,942,68.66,194.04
20241202,688208,buy,44677,24.17,3239.29
20241202,300109,sell,11163,14.76,494.14
20241202,600563,buy,8268,130.6,3239.29
20241202,002850,buy,45,101.78,13.74
20241202,603920,sell,4379,32.03,420.82
20241202,601336,buy,672,46.3,93.34
20241202,300545,sell,2490,34.5,257.72
20241202,300277,sell,2938,12.8,112.86
20241202,002351,buy,66598,16.21,3239.26
20241202,300756,buy,89703,12.04,3239.29
20241202,300708,buy,1569,8.03,37.8
20241202,001207,buy,2198,13.55,89.32
20241202,002315,buy,36723,29.4,3239.23
20241202,002543,buy,106101,10.18,3239.28
20241202,603023,sell,58581,2.91,511.41
20241202,002558,sell,3869,13.12,152.31
20241202,002818,buy,945,12.33,34.95
20241202,300099,sell,21167,6.76,429.39
20241202,002303,sell,62764,3.7,697.53
20241202,002545,sell,17352,7.81,406.59
20241202,301077,buy,5200,16.48,257.08
20241202,300230,sell,26825,4.92,395.95
20241202,300695,buy,102,30.02,9.19
20241202,002651,buy,149299,7.23,3239.3
20241202,603833,sell,186,69.8,38.95
20241202,000997,sell,6527,21.23,415.73
20241202,600439,buy,62661,4.09,768.85
20241202,003010,buy,90998,11.87,3239.28
20241202,300453,sell,2830,8.0,67.89
20241202,000415,buy,255263,4.23,3239.29
20241202,002801,buy,44149,24.46,3239.28
20241202,300130,buy,205,25.0,15.38
20241202,605196,buy,87429,12.35,3239.27
20241202,002517,buy,2440,13.45,98.46
20241202,000680,sell,2705,10.29,83.52
20241202,603801,buy,3572,13.62,145.97
20241202,600835,sell,4439,18.88,251.42
20241202,688678,buy,112319,9.61,3239.28
20241202,603201,buy,71256,15.15,3239.29
20241202,300861,sell,3310,18.51,183.78
20241202,000661,buy,10144,106.44,3239.22
20241202,605319,buy,70414,15.33,3239.26
20241202,002296,buy,103575,10.42,3239.3
20241202,688332,sell,8917,78.82,2108.44
20241202,000858,buy,410,137.64,169.29
20241202,001332,sell,1540,25.36,117.15
20241202,001311,buy,66373,16.27,3239.27
20241202,300679,buy,19685,54.85,3239.14
20241202,603969,sell,6791,6.02,122.72
20241202,601619,buy,9660,3.21,93.06
20241202,002484,buy,61092,17.67,3239.29
20241202,000968,sell,3626,6.91,75.18
20241202,002394,sell,6311,7.68,145.45
20241202,300583,buy,2229,24.3,162.49
20241202,300896,buy,5155,209.43,3238.9
20241202,300304,buy,114075,9.47,3239.29
20241202,688080,buy,30190,35.77,3239.29
20241202,002106,sell,992,11.14,33.15
20241202,300558,sell,3539,56.77,602.68
20241202,600390,buy,9037,7.25,196.5
20241202,002159,sell,3597,16.41,177.08
20241202,002946,sell,707,12.9,27.36
20241202,300384,sell,1894,17.02,96.69
20241202,600480,buy,128826,8.38,3239.28
20241202,688800,buy,34853,30.98,3239.27
20241202,600854,sell,18677,5.11,286.06
20241202,603656,buy,15325,19.26,885.38
20241202,300360,buy,916,16.09,44.22
20241202,603173,buy,43832,24.63,3239.27
20241202,603797,buy,251837,4.29,3239.29
20241202,688138,buy,42649,25.32,3239.26
20241202,600729,buy,38652,27.93,3239.23
20241202,603809,buy,25264,9.55,723.84
20241202,002467,buy,144634,7.47,3239.3
20241202,301110,buy,30220,35.73,3239.29
20241202,300590,buy,74649,14.46,3239.26
20241202,603161,buy,93078,11.6,3239.27
20241202,600030,sell,2267,30.44,207.0
20241202,002035,buy,139837,7.72,3239.29
20241202,603036,sell,4027,16.26,196.42
20241202,002469,buy,132234,8.17,3239.28
20241202,002895,sell,859,20.64,53.18
20241202,300160,sell,1017,5.89,17.96
20241202,603214,buy,61446,17.57,3239.29
20241202,601997,buy,7418,5.75,127.85
20241202,603338,buy,18447,58.53,3239.14
20241202,605507,sell,5492,14.86,244.77
20241202,600694,buy,67364,16.03,3239.25
20241202,688181,buy,31027,34.8,3239.22
20241202,603630,buy,76350,14.14,3239.3
20241202,600698,buy,21343,5.3,339.35
20241202,300638,buy,63978,16.88,3239.27
20241202,000612,buy,4087,6.57,80.51
20250102,600854,sell,211492,4.47,2836.71
20250102,002159,sell,65799,15.42,3043.16
20250102,300545,sell,31297,29.64,2782.8
20250102,600390,sell,148975,6.18,2761.87
20250102,300099,sell,159682,5.53,2647.04
20250102,300277,sell,84329,10.79,2729.14
20250102,600030,sell,35477,26.93,2866.3
20250102,002946,sell,83692,14.36,3606.07
20250102,300130,sell,43187,20.66,2676.09
20250102,300861,sell,58342,13.39,2343.78
20250102,300583,sell,44436,20.47,2729.33
20250102,600698,sell,203729,4.85,2964.26
20250102,002850,sell,10608,90.64,2884.44
20250102,300724,sell,15726,60.26,2843.08
20250102,300360,sell,67106,15.4,3100.82
20250102,000612,sell,141622,6.15,2614.89
20250102,300453,sell,135032,6.9,2795.15
20250102,000858,sell,7844,127.92,3010.15
20250102,300230,sell,219460,4.3,2829.52
20250102,603801,sell,79267,11.87,2822.59
20250102,300384,sell,63451,17.15,3263.78
20250102,001332,sell,42584,23.84,3045.73
20250102,002394,sell,140551,7.05,2972.04
20250102,000968,sell,156237,6.46,3029.28
20250102,300160,sell,183423,5.13,2823.74
20250102,000997,sell,50858,18.85,2875.56
20250102,601997,sell,187942,5.55,3126.48
20250102,688208,sell,44677,24.61,3298.38
20250102,300756,sell,89703,10.3,2772.43
20250102,605196,sell,87429,11.73,3077.17
20250102,603201,sell,71256,13.55,2895.58
20250102,000661,sell,10144,94.71,2882.17
20250102,605319,sell,70414,14.56,3076.63
20250102,002296,sell,103575,9.3,2888.53
20250102,001311,sell,66373,14.32,2852.03
20250102,300679,sell,19685,55.01,3248.49
20250102,300896,sell,5155,170.22,2632.44
20250102,300304,sell,114075,7.56,2588.06
20250102,688080,sell,30190,31.79,2879.47
20250102,688800,sell,34853,40.23,4206.25
20250102,603797,sell,251837,3.85,2905.72
20250102,688138,sell,42649,21.37,2734.67
20250102,600729,sell,38652,28.92,3353.54
20250102,002467,sell,144634,5.45,2364.51
20250102,300590,sell,74649,14.16,3171.64
20250102,603161,sell,93078,10.14,2831.26
20250102,002035,sell,139837,6.88,2888.13
20250102,603214,sell,61446,22.74,4191.49
20250102,300638,sell,63978,18.97,3640.87
20250102,603955,buy,9752,18.76,548.93
20250102,002651,sell,1246,6.89,25.77
20250102,603682,buy,136337,7.49,3062.01
20250102,603023,buy,5578,2.71,45.35
20250102,002273,buy,47922,21.3,3061.96
20250102,600694,sell,14727,19.39,856.71
20250102,002255,buy,7213,5.44,117.68
20250102,002545,buy,15069,6.66,300.97
20250102,601229,buy,119624,8.53,3062.01
20250102,600548,buy,77252,13.21,3061.99
20250102,300109,sell,3866,14.73,170.79
20250102,003010,sell,19356,14.25,827.3
20250102,600439,buy,40677,3.35,408.8
20250102,000429,buy,77375,13.19,3061.99
20250102,603859,sell,703,29.09,61.36
20250102,002818,sell,11405,13.4,458.42
20250102,600015,sell,14552,7.26,316.78
20250102,600828,buy,221885,4.6,3062.01
20250102,301077,sell,6869,17.4,358.62
20250102,601121,buy,148905,6.85,3062.02
20250102,000423,buy,17788,57.38,3061.97
20250102,001207,sell,3748,13.44,151.07
20250102,601211,buy,58698,17.39,3062.01
20250102,603969,sell,30562,6.86,629.39
20250102,600352,buy,108678,9.39,3062.02
20250102,600163,buy,178595,5.72,3062.02
20250102,002351,sell,1114,15.59,52.09
20250102,600642,buy,116090,8.79,3062.02
20250102,600033,buy,272686,3.74,3062.01
20250102,603630,sell,938,13.53,38.09
20250102,002138,buy,35157,29.03,3061.96
20250102,603338,sell,1971,61.95,366.32
20250102,000893,buy,52503,19.44,3061.97
20250102,601619,sell,6592,3.1,61.23
20250102,002749,buy,97699,10.45,3062.0
20250102,002558,buy,3994,11.83,141.75
20250102,603036,sell,2371,15.94,113.37
20250102,002895,sell,4366,21.28,278.78
20250102,300938,buy,55320,18.45,3062.0
20250102,603656,sell,3719,19.5,217.53
20250102,600826,buy,125523,8.13,3062.02
20250102,000415,buy,28257,3.6,305.18
20250102,300558,buy,302,52.82,47.85
20250102,600563,buy,623,114.8,214.56
20250102,300708,sell,19234,8.86,511.2
20250102,688678,sell,17710,10.79,573.19
20250102,002801,sell,246,23.25,17.16
20250102,002993,buy,26935,37.89,3062.01
20250102,601098,buy,73222,13.94,3061.98
20250102,600835,buy,3532,16.81,178.1
20250102,300607,buy,34716,29.4,3061.95
20250102,688332,sell,2175,88.56,577.87
20250102,002484,sell,2987,17.57,157.41
20250102,002835,buy,55761,18.3,3062.02
20250102,301023,buy,32200,31.7,3061.93
20250102,002106,buy,405,10.49,12.74
20250102,301110,sell,7979,45.89,1098.53
20250102,300695,sell,1723,29.8,154.05
20250102,600814,buy,120230,8.49,3062.0
20250102,603166,buy,146023,6.99,3062.01
20250102,603117,buy,168150,6.07,3062.01
20250102,600862,buy,43512,23.46,3061.98
20250102,002543,sell,5028,10.1,152.33
20250102,603809,buy,2358,8.84,62.56
20250102,603236,buy,15023,67.94,3061.84
20250102,688550,buy,625,29.36,55.05
20250102,603365,buy,64586,15.8,3061.98
20250102,000680,buy,2953,9.46,83.83
20250102,002249,buy,194220,5.26,3062.01
20250102,603833,buy,359,64.47,69.44
20250102,002517,sell,2436,13.11,95.83
20250102,000063,buy,27438,37.2,3061.96
20250102,000404,buy,146019,6.99,3062.02
20250102,002014,buy,104173,9.8,3062.02
20250102,600467,buy,434306,2.35,3062.02
20250102,600603,buy,108582,9.4,3062.01
20250102,600227,buy,428854,2.38,3062.02
20250102,603038,buy,62727,16.27,3061.99
20250102,600182,buy,67099,15.21,3062.02
20250102,601336,sell,852,45.43,116.11
20250102,688181,buy,1293,31.58,122.5
20250102,603920,buy,2114,28.49,180.7
20250102,601113,buy,261711,3.9,3062.02
20250102,600480,buy,80,7.92,1.9
20250102,600377,buy,69798,14.62,3061.99
20250102,600208,buy,6654,2.93,58.49
20250102,002973,buy,98774,10.33,3062.01
20250102,603759,buy,119516,8.54,3062.0
20250102,605507,buy,2624,13.55,106.69
20250102,605100,buy,100310,10.18,3062.02
20250102,002303,buy,12066,3.36,121.72
20250102,600598,buy,77159,13.23,3062.02
20250102,300121,buy,88584,11.52,3062.01
20250102,603173,buy,1481,22.52,100.08
20250102,002469,buy,20406,6.69,409.35
20250102,002353,buy,29141,35.02,3061.95
20250102,002611,buy,106125,9.62,3062.01
20250102,688603,buy,18689,54.61,3061.94
20250102,002315,sell,3562,30.78,328.91
20250102,300580,buy,38001,22.61,2577.19
20250205,002558,sell,86278,13.25,3429.74
20250205,600439,sell,304678,3.26,2979.75
20250205,001207,sell,75966,14.09,3210.07
20250205,002818,sell,76180,11.97,2735.27
20250205,301077,sell,58651,17.95,3157.62
20250205,688550,sell,34766,31.11,3244.98
20250205,603833,sell,15830,60.07,2852.8
20250205,603969,sell,148686,6.29,2806.13
20250205,002895,sell,47955,19.58,2816.55
20250205,002517,sell,77837,15.09,3524.03
20250205,603036,sell,64040,15.98,3069.52
20250205,600835,sell,60725,17.58,3203.27
20250205,002106,sell,97345,10.66,3114.04
20250205,000680,sell,107867,9.64,3119.59
20250205,603656,sell,52350,19.69,3091.79
20250205,603809,sell,115419,12.01,4159.9
20250205,600563,sell,8891,112.64,3004.44
20250205,002351,sell,65484,16.04,3151.01
20250205,000415,sell,283520,3.42,2908.92
20250205,603173,sell,45313,22.13,3008.36
20250205,301110,sell,22241,41.88,2794.43
20250205,688181,sell,32320,29.7,2879.71
20250205,603630,sell,75412,12.2,2760.13
20250205,603682,sell,136337,4.82,1971.89
20250205,002273,sell,47922,21.7,3120.08
20250205,600828,sell,221885,3.45,2296.51
20250205,601121,sell,148905,6.15,2746.94
20250205,601211,sell,58698,17.4,3063.74
20250205,600352,sell,108678,9.18,2993.42
20250205,600163,sell,178595,5.34,2861.41
20250205,600642,sell,116090,8.13,2830.3
20250205,002138,sell,35157,29.03,3061.96
20250205,000893,sell,52503,20.14,3172.23
20250205,601098,sell,73222,12.81,2813.32
20250205,600814,sell,120230,6.9,2487.66
20250205,603166,sell,146023,9.01,3946.69
20250205,603117,sell,168150,5.53,2789.61
20250205,600862,sell,43512,23.51,3068.44
20250205,002249,sell,194220,5.5,3206.24
20250205,000404,sell,146019,6.91,3028.42
20250205,002014,sell,104173,9.4,2937.73
20250205,600467,sell,434306,2.16,2815.5
20250205,600603,sell,108582,9.13,2974.06
20250205,600227,sell,428854,2.25,2894.76
20250205,603038,sell,62727,15.2,2859.48
20250205,600182,sell,67099,14.95,3009.08
20250205,603759,sell,119516,6.93,2484.74
20250205,605100,sell,100310,9.63,2896.62
20250205,600598,sell,77159,13.21,3057.72
20250205,300121,sell,88584,11.26,2991.86
20250205,002611,sell,106125,11.64,3706.47
20250205,688603,sell,18689,50.05,2806.21
20250205,002543,sell,4913,10.71,157.78
20250205,603955,buy,2494,18.09,135.38
20250205,300695,sell,3287,33.25,327.86
20250205,600033,buy,7437,3.67,81.99
20250205,603228,buy,34377,29.94,3088.15
20250205,300109,buy,5017,13.85,208.44
20250205,601229,sell,1086,8.68,28.29
20250205,600548,buy,10238,11.77,361.38
20250205,002749,buy,4691,10.05,141.49
20250205,002773,buy,54378,18.93,3088.15
20250205,605319,buy,56679,18.16,3088.19
20250205,002255,sell,17603,6.05,319.61
20250205,600694,buy,3561,18.32,195.68
20250205,600480,sell,24446,9.85,722.71
20250205,603023,sell,19202,2.88,165.91
20250205,002651,buy,8493,6.58,167.54
20250205,600971,buy,127195,8.09,3088.19
20250205,000913,buy,58045,17.73,3088.19
20250205,000429,buy,7340,12.15,267.57
20250205,603859,sell,7132,36.83,787.99
20250205,603338,sell,867,65.95,171.54
20250205,601619,sell,6195,3.18,59.15
20250205,002545,sell,1343,6.77,27.29
20250205,600015,buy,5740,7.03,121.08
20250205,605196,buy,85845,11.99,3088.17
20250205,002296,buy,99023,10.4,3088.19
20250205,300580,buy,256,26.91,20.66
20250205,300558,sell,1231,56.9,210.11
20250205,688678,buy,433,10.83,14.07
20250205,300938,sell,6068,20.9,380.48
20250205,002484,sell,9663,21.25,616.03
20250205,600618,buy,93806,10.97,3088.17
20250205,002801,sell,6174,27.28,505.35
20250205,600854,buy,231251,4.45,3088.19
20250205,600007,buy,45799,22.48,3088.13
20250205,000807,buy,64313,16.01,3088.15
20250205,600901,buy,213059,4.83,3088.19
20250205,300708,sell,5023,9.34,140.78
20250205,688208,buy,39696,25.93,3088.14
20250205,300969,buy,20960,49.11,3088.16
20250205,002993,sell,372,38.75,43.25
20250205,001282,buy,55381,18.59,3088.17
20250205,002303,buy,18038,3.2,173.22
20250205,603365,buy,8651,14.06,364.79
20250205,605507,sell,104,13.69,4.27
20250205,001206,buy,54458,18.9,3088.14
20250205,300607,sell,1498,30.99,139.27
20250205,002315,sell,5325,36.98,590.78
20250205,002973,sell,15612,12.38,579.75
20250205,002353,sell,2068,38.02,235.9
20250205,002835,sell,1504,18.97,85.61
20250205,601319,buy,152394,6.75,3088.19
20250205,003010,buy,1685,14.04,70.96
20250205,301061,buy,22209,46.35,3088.15
20250205,000063,sell,2775,41.74,347.48
20250205,300976,buy,20569,50.05,3088.13
20250205,000915,buy,40199,25.61,3088.16
20250205,002394,buy,130302,7.9,3088.17
20250205,600750,buy,47359,21.74,3088.19
20250205,300628,buy,26819,38.38,3088.12
20250205,688799,buy,35421,29.06,3088.12
20250205,600873,buy,109083,9.44,3088.18
20250205,601336,buy,380,45.05,51.36
20250205,603236,sell,2915,85.02,743.5
20250205,603758,buy,98506,10.45,3088.16
20250205,601298,buy,118480,8.69,3088.18
20250205,002916,buy,11201,91.9,3088.11
20250205,300852,buy,31629,32.55,3088.16
20250205,300756,buy,88878,11.58,3088.17
20250205,000423,buy,642,55.85,107.57
20250205,600066,buy,41274,24.94,3088.18
20250205,300638,buy,34062,30.22,3088.13
20250205,603259,buy,19145,53.77,3088.09
20250205,000951,buy,60126,17.12,3088.19
20250205,601702,buy,53626,19.2,3088.17
20250205,688332,buy,141,88.23,37.32
20250205,605277,buy,64320,16.0,3088.19
20250205,605098,buy,29549,34.84,3088.1
20250205,600012,buy,67666,15.21,3088.15
20250205,600826,buy,5750,7.84,135.27
20250205,603238,buy,84227,12.22,3088.19
20250205,600377,buy,4790,13.8,198.32
20250205,688787,buy,8029,128.2,3087.9
20250205,600208,buy,595,2.95,5.27
20250205,603920,sell,1122,29.67,99.86
20250205,300660,buy,32128,32.04,3088.18
20250205,300360,buy,65729,15.66,3088.16
20250205,603111,buy,159696,6.45,3088.18
20250205,300590,buy,71167,14.46,3088.16
20250205,300679,buy,16589,62.05,3088.14
20250205,605166,buy,89709,11.47,3088.17
20250205,688578,buy,14806,69.52,3088.04
20250205,605378,buy,71971,14.3,3088.19
20250205,300547,buy,37603,27.37,3088.13
20250205,301023,sell,4014,36.52,439.8
20250205,688016,buy,10035,102.58,3088.12
20250205,603161,buy,95133,10.82,3088.19
20250205,601113,sell,5641,4.02,68.03
20250205,603915,buy,64058,13.41,2577.79
20250303,600015,sell,146402,6.89,3025.66
20250303,002303,sell,321577,3.13,3014.88
20250303,300708,sell,110188,8.67,2864.68
20250303,603920,sell,34700,30.2,3143.82
20250303,603023,sell,357430,2.77,2970.24
20250303,688332,sell,11666,72.65,2542.52
20250303,300558,sell,18093,52.43,2845.83
20250303,605507,sell,75201,13.15,2966.39
20250303,603955,sell,56891,19.45,3319.96
20250303,603859,sell,27951,32.1,2691.81
20250303,002315,sell,27836,32.55,2718.58
20250303,002651,sell,156546,6.67,3130.23
20250303,002484,sell,48442,19.32,2806.99
20250303,002469,sell,152640,7.67,3513.44
20250303,603338,sell,15609,56.41,2641.47
20250303,000423,sell,18430,53.05,2933.01
20250303,002749,sell,102390,10.22,3139.97
20250303,600826,sell,131273,7.78,3065.37
20250303,002993,sell,26563,37.54,2991.56
20250303,300607,sell,33218,33.74,3362.33
20250303,002835,sell,54257,19.47,3169.84
20250303,301023,sell,28186,45.9,3881.39
20250303,603365,sell,73237,14.58,3204.39
20250303,000063,sell,24663,35.44,2622.4
20250303,601113,sell,256070,4.31,3310.99
20250303,600377,sell,74588,14.8,3311.08
20250303,002353,sell,27073,34.27,2783.55
20250303,002773,sell,54378,18.74,3057.76
20250303,605196,sell,85845,11.09,2857.13
20250303,002296,sell,99023,10.69,3175.67
20250303,600854,sell,231251,4.55,3155.91
20250303,600901,sell,213059,4.6,2938.57
20250303,688208,sell,39696,26.86,3198.54
20250303,300969,sell,20960,46.96,2953.12
20250303,001282,sell,55381,17.72,2943.25
20250303,601319,sell,152394,6.46,2954.12
20250303,300976,sell,20569,47.94,2958.5
20250303,002394,sell,130302,7.19,2810.79
20250303,600750,sell,47359,20.57,2922.61
20250303,688799,sell,35421,29.24,3106.88
20250303,600873,sell,109083,8.79,2877.27
20250303,603758,sell,98506,11.56,3416.19
20250303,601298,sell,118480,8.09,2876.62
20250303,300756,sell,88878,12.52,3338.41
20250303,000951,sell,60126,17.69,3190.44
20250303,605277,sell,64320,15.69,3027.04
20250303,600012,sell,67666,16.57,3364.09
20250303,603238,sell,84227,12.86,3249.42
20250303,688787,sell,8029,99.67,2400.79
20250303,300660,sell,32128,42.59,4104.61
20250303,300590,sell,71167,14.86,3173.42
20250303,300679,sell,16589,63.1,3140.33
20250303,688578,sell,14806,77.89,3459.66
20250303,688016,sell,10035,90.36,2720.18
20250303,603161,sell,95133,10.86,3099.46
20250303,603915,sell,64058,17.12,3290.8
20250303,300695,sell,2626,37.23,293.27
20250303,601619,buy,10003,3.16,94.93
20250303,002543,sell,1930,11.19,64.82
20250303,603228,sell,1016,31.62,96.38
20250303,002273,buy,43416,24.3,3164.47
20250303,600814,buy,131680,8.01,3164.51
20250303,000915,buy,3484,24.15,252.39
20250303,605098,sell,1302,37.34,145.87
20250303,600480,sell,9901,11.16,331.35
20250303,600033,buy,9227,3.65,100.91
20250303,300580,sell,5172,31.88,494.7
20250303,002034,buy,67052,15.73,3164.51
20250303,000807,sell,769,16.6,38.3
20250303,300938,sell,770,21.76,50.26
20250303,301379,buy,59944,17.6,3164.48
20250303,605319,sell,9770,22.49,659.1
20250303,603929,buy,33285,31.69,3164.45
20250303,600208,buy,337,3.02,3.05
20250303,300109,sell,8427,16.01,404.65
20250303,300852,sell,1933,35.52,205.99
20250303,688080,buy,21273,49.59,3164.52
20250303,603682,buy,206705,5.1,3164.52
20250303,002255,sell,3953,6.35,75.3
20250303,001206,sell,3931,20.88,246.2
20250303,300360,sell,1138,16.33,55.75
20250303,688678,sell,29427,16.08,1419.25
20250303,002249,buy,170197,6.2,3164.51
20250303,601169,buy,185430,5.69,3164.52
20250303,688093,buy,46986,22.45,3164.48
20250303,600642,buy,124694,8.46,3164.51
20250303,601702,buy,1241,19.23,71.58
20250303,601229,buy,713,8.85,18.92
20250303,002973,sell,141,12.71,5.37
20250303,000429,sell,9678,14.06,408.15
20250303,301061,buy,2102,43.39,273.61
20250303,002801,sell,3602,30.91,334.02
20250303,002916,buy,293,91.77,80.67
20250303,601336,buy,191,45.78,26.23
20250303,603259,sell,1039,58.26,181.6
20250303,300652,buy,33757,31.25,3164.46
20250303,600694,sell,602,18.97,34.27
20250303,300258,buy,86195,12.24,3164.53
20250303,000612,buy,152426,6.92,3164.53
20250303,002545,sell,8931,7.37,197.59
20250303,003019,buy,33284,31.69,3164.48
20250303,000581,buy,53418,19.75,3164.48
20250303,300384,buy,57451,18.36,3164.53
20250303,301003,buy,39382,26.78,3164.46
20250303,002558,buy,70290,15.01,3164.52
20250303,603067,buy,87544,12.05,3164.51
20250303,000893,buy,42654,24.73,3164.5
20250303,603369,buy,21083,50.03,3164.45
20250303,301004,buy,15156,69.6,3164.4
20250303,600821,buy,187155,5.64,3164.53
20250303,688158,buy,34359,30.7,3164.46
20250303,002033,buy,131003,8.05,3164.52
20250303,603496,buy,25189,41.88,3164.44
20250303,300910,buy,28433,37.1,3164.43
20250303,301459,buy,21839,48.3,3164.46
20250303,605100,buy,65085,16.21,3164.5
20250303,600007,buy,1312,22.39,88.13
20250303,002850,buy,8281,127.37,3164.33
20250303,605378,sell,19262,20.01,1156.47
20250303,603277,buy,55272,19.08,3164.53
20250303,002536,buy,64899,16.25,3164.5
20250303,688316,buy,13901,75.88,3164.42
20250303,600548,buy,2461,11.73,86.58
20250303,003025,buy,82838,12.73,3164.51
20250303,603809,buy,88530,11.92,3164.52
20250303,002938,buy,28402,37.14,3164.51
20250303,603111,sell,4199,6.78,85.45
20250303,603236,buy,1388,78.15,325.44
20250303,603328,buy,104582,10.09,3164.51
20250303,688581,buy,15589,67.66,3164.41
20250303,001338,buy,99042,10.65,3164.5
20250303,003010,sell,11108,16.95,564.97
20250303,600971,buy,8444,7.78,197.0
20250303,688620,buy,70699,14.92,3164.49
20250303,300638,sell,1976,32.88,194.89
20250303,000408,buy,33555,31.44,3164.47
20250303,002261,buy,30416,34.68,3164.48
20250303,603040,buy,34171,30.87,3164.49
20250303,688123,buy,13426,78.56,3164.33
20250303,600380,buy,94389,11.18,3164.51
20250303,001389,buy,18931,55.72,3164.51
20250303,600618,buy,11752,9.99,352.31
20250303,300251,buy,44139,23.9,3164.52
20250303,603269,buy,128129,8.23,3164.53
20250303,600066,buy,3792,23.41,266.27
20250303,300628,buy,1814,36.84,200.48
20250303,300547,sell,8154,35.82,876.23
20250303,000913,buy,6241,16.41,307.21
20250303,603193,buy,36897,28.59,3164.45
20250303,001207,buy,73637,14.32,3164.52
20250303,605555,buy,53669,19.65,3164.48
20250303,688696,buy,8448,124.86,3164.46
20250303,601881,buy,67171,15.7,3164.52
20250303,605166,sell,3289,12.21,120.44
20250303,002913,buy,39055,27.01,3164.48
20250303,603727,buy,65656,13.21,2602.58
20250401,300109,sell,65903,17.17,3394.36
20250401,003010,sell,62219,21.48,4008.91
20250401,002801,sell,34127,37.22,3810.32
20250401,688678,sell,65615,16.93,3331.79
20250401,600694,sell,55596,18.21,3036.46
20250401,601229,sell,119251,9.46,3385.22
20250401,600548,sell,89951,11.01,2971.99
20250401,000429,sell,75037,13.75,3095.19
20250401,603236,sell,13496,84.24,3410.64
20250401,002973,sell,83021,11.8,2939.57
20250401,300580,sell,33085,29.0,2878.68
20250401,600971,sell,135639,7.66,3115.3
20250401,000913,sell,64286,16.18,3121.0
20250401,600618,sell,105558,9.8,3102.4
20250401,600007,sell,47111,22.11,3124.19
20250401,002916,sell,11494,95.29,3285.87
20250401,300852,sell,29696,30.41,2709.43
20250401,600066,sell,45066,23.36,3158.44
20250401,300638,sell,32086,31.17,3000.19
20250401,601702,sell,54867,19.45,3201.64
20250401,605378,sell,52709,17.23,2724.2
20250401,300547,sell,29449,33.56,2965.16
20250401,600814,sell,131680,7.56,2986.99
20250401,603682,sell,206705,4.78,2967.09
20250401,601169,sell,185430,5.87,3267.3
20250401,600642,sell,124694,8.75,3274.74
20250401,300652,sell,33757,32.97,3338.62
20250401,300258,sell,86195,13.23,3421.81
20250401,300384,sell,57451,19.93,3435.19
20250401,301004,sell,15156,69.0,3137.14
20250401,688158,sell,34359,25.15,2592.39
20250401,603496,sell,25189,28.25,2134.54
20250401,301459,sell,21839,42.21,2765.72
20250401,605100,sell,65085,15.9,3103.96
20250401,603277,sell,55272,17.13,2840.72
20250401,002536,sell,64899,14.39,2802.29
20250401,688316,sell,13901,65.45,2729.46
20250401,603809,sell,88530,12.06,3202.89
20250401,002938,sell,28402,35.1,2990.54
20250401,603328,sell,104582,9.84,3087.55
20250401,688581,sell,15589,70.54,3299.01
20250401,001338,sell,99042,11.27,3349.97
20250401,688620,sell,70699,13.29,2818.77
20250401,002261,sell,30416,29.01,2647.1
20250401,688123,sell,13426,80.25,3232.12
20250401,001389,sell,18931,54.85,3115.02
20250401,300251,sell,44139,20.46,2708.94
20250401,603269,sell,128129,8.1,3113.62
20250401,603193,sell,36897,33.38,3694.56
20250401,001207,sell,73637,15.06,3326.87
20250401,605555,sell,53669,18.07,2910.01
20250401,688696,sell,8448,131.95,3344.05
20250401,601881,sell,67171,15.98,3219.89
20250401,002913,sell,39055,25.75,3016.47
20250401,603727,sell,65656,13.93,2744.08
20250401,002773,buy,39874,26.63,3185.02
20250401,300695,sell,5738,46.98,808.77
20250401,002543,buy,859,11.17,28.77
20250401,003025,sell,11877,14.96,533.09
20250401,000915,sell,3901,26.69,312.33
20250401,002545,buy,2070,7.32,45.44
20250401,300360,sell,3350,17.34,174.23
20250401,605098,buy,435,37.01,48.3
20250401,002034,sell,7895,17.95,425.08
20250401,000568,buy,8505,124.83,3185.02
20250401,600854,buy,232885,4.56,3185.03
20250401,300628,sell,168,37.3,18.8
20250401,002818,buy,83146,12.77,3185.01
20250401,000923,buy,69769,15.22,3185.04
20250401,600015,buy,142894,7.43,3185.02
20250401,603228,sell,1192,33.0,118.02
20250401,002296,buy,97965,10.84,3185.01
20250401,600988,buy,47360,22.42,3185.03
20250401,600208,buy,15553,2.91,135.78
20250401,002273,buy,4037,22.37,270.96
20250401,601619,sell,30020,3.5,315.1
20250401,605319,buy,1867,21.77,121.91
20250401,300545,buy,30217,35.13,3184.99
20250401,301379,sell,7392,20.2,448.02
20250401,002255,sell,36058,8.16,882.93
20250401,002249,sell,10201,6.64,203.07
20250401,000807,sell,1835,17.2,94.71
20250401,688093,sell,1394,23.29,97.39
20250401,002014,buy,98623,10.76,3185.03
20250401,002749,buy,91937,11.55,3185.04
20250401,600211,buy,28890,36.75,3185.03
20250401,002033,sell,8427,8.66,218.97
20250401,002850,buy,786,117.09,276.1
20250401,603393,buy,36774,28.87,3185.0
20250401,601336,sell,1603,49.53,238.17
20250401,002533,buy,105338,10.08,3185.03
20250401,000612,sell,3341,7.12,71.38
20250401,603929,buy,1614,30.42,147.3
20250401,000951,buy,55446,19.15,3185.02
20250401,601717,buy,73611,14.42,3185.01
20250401,603040,buy,4060,27.77,338.23
20250401,600583,buy,193396,5.49,3185.04
20250401,300938,sell,4561,24.17,330.76
20250401,002558,buy,6790,13.77,280.57
20250401,002947,buy,28359,37.44,3184.98
20250401,603259,sell,1902,65.52,373.86
20250401,600480,sell,5533,11.93,197.95
20250401,605058,buy,44401,23.91,3185.01
20250401,603166,buy,76266,13.92,3185.04
20250401,600033,sell,14302,3.86,165.62
20250401,000893,buy,242,24.75,17.97
20250401,300910,sell,2963,41.68,370.53
20250401,603067,sell,4425,12.77,169.56
20250401,603102,buy,27240,38.97,3184.98
20250401,003019,sell,2280,34.24,234.23
20250401,600598,buy,82220,12.91,3185.01
20250401,000408,sell,3831,35.72,410.51
20250401,301003,sell,397,27.23,32.44
20250401,603369,sell,87,50.57,13.2
20250401,301061,sell,271,44.16,35.91
20250401,688080,buy,1250,47.14,176.76
20250401,601298,buy,110587,9.6,3185.03
20250401,603183,buy,257102,4.13,3185.03
20250401,688550,buy,27893,38.06,3184.99
20250401,603023,buy,340282,3.12,3185.04
20250401,600020,buy,246942,4.3,3185.03
20250401,301277,buy,82470,12.87,3185.04
20250401,301319,buy,62022,17.12,3185.01
20250401,603199,buy,30650,34.64,3184.98
20250401,601886,buy,196287,5.41,3185.04
20250401,600885,buy,42355,25.07,3185.0
20250401,603161,buy,91442,11.61,3185.04
20250401,603408,buy,83281,12.75,3185.04
20250401,300445,buy,49635,21.39,3185.04
20250401,002422,buy,30875,34.39,3185.01
20250401,600301,buy,48656,21.82,3185.02
20250401,002852,buy,124100,8.56,3185.04
20250401,601107,buy,204696,5.19,3185.04
20250401,605166,sell,4420,12.95,171.68
20250401,600698,buy,164346,6.46,3185.03
20250401,000581,sell,267,19.97,16.0
20250401,600821,sell,5625,5.85,98.69
20250401,600380,sell,3698,11.71,129.87
20250401,600901,buy,214746,4.94,3185.03
20250401,605009,buy,33335,31.85,3185.03
20250401,002948,buy,263329,4.03,3185.03
20250401,002448,buy,133951,7.93,3185.03
20250401,300193,buy,99823,10.64,3185.03
20250401,001206,buy,7565,18.28,414.77
20250401,000338,buy,69727,15.23,3185.0
20250401,603111,buy,5590,6.59,110.53
20250401,600455,buy,44910,23.64,3185.02
20250401,605117,buy,23535,45.11,3185.04
20250401,603299,buy,100404,10.57,3185.01
20250401,300230,buy,190532,5.57,3185.04
20250401,601318,buy,21509,49.36,3184.97
20250401,605196,buy,78722,13.49,3185.03
20250401,002484,buy,53444,19.87,3185.04
20250401,002595,buy,26267,40.42,3185.03
20250401,688597,buy,101999,8.6,2631.27
20250506,601336,sell,21437,46.67,3001.69
20250506,600208,sell,364838,2.7,2955.19
20250506,300695,sell,22598,57.43,3893.5
20250506,601619,sell,303441,3.6,3281.04
20250506,002543,sell,95089,11.14,3176.65
20250506,600480,sell,89026,13.54,3616.38
20250506,600033,sell,275048,3.59,2959.85
20250506,300938,sell,43921,23.35,3076.85
20250506,603228,sell,32169,28.28,2729.05
20250506,000807,sell,61709,14.8,2739.34
20250506,001206,sell,58092,17.21,2999.71
20250506,301061,sell,24040,41.48,2991.63
20250506,000915,sell,39782,28.5,3401.2
20250506,300628,sell,28465,30.99,2646.42
20250506,603259,sell,16204,57.94,2816.77
20250506,605098,sell,28682,36.2,3115.16
20250506,300360,sell,61241,15.45,2838.61
20250506,603111,sell,161087,6.24,3017.15
20250506,605166,sell,82000,11.19,2752.28
20250506,002273,sell,47453,19.76,2813.02
20250506,603929,sell,34899,27.07,2834.14
20250506,688080,sell,22523,44.32,2994.57
20250506,000612,sell,149085,6.6,2953.89
20250506,003019,sell,31004,28.7,2669.07
20250506,600821,sell,181530,5.37,2922.26
20250506,002033,sell,122576,8.14,2994.91
20250506,003025,sell,70961,14.07,2996.04
20250506,000408,sell,29724,35.58,3173.04
20250506,600380,sell,90691,10.53,2863.88
20250506,000568,sell,8505,119.66,3053.13
20250506,600854,sell,232885,4.54,3171.39
20250506,000923,sell,69769,12.55,2626.3
20250506,600015,sell,142894,6.83,2928.76
20250506,002296,sell,97965,10.99,3231.17
20250506,600988,sell,47360,26.84,3813.64
20250506,002014,sell,98623,10.21,3022.18
20250506,002749,sell,91937,11.64,3210.79
20250506,600211,sell,28890,34.28,2971.28
20250506,603393,sell,36774,27.83,3070.26
20250506,002533,sell,105338,9.47,2991.19
20250506,000951,sell,55446,16.5,2743.94
20250506,002947,sell,28359,31.96,2719.19
20250506,605058,sell,44401,22.16,2952.11
20250506,603102,sell,27240,40.02,3270.15
20250506,601298,sell,110587,8.32,2761.42
20250506,603183,sell,257102,3.98,3069.91
20250506,603023,sell,340282,3.62,3695.46
20250506,600885,sell,42355,23.28,2958.0
20250506,603161,sell,91442,11.66,3198.58
20250506,603408,sell,83281,10.49,2619.65
20250506,300445,sell,49635,17.32,2578.72
20250506,002422,sell,30875,34.68,3211.96
20250506,600698,sell,164346,5.85,2884.27
20250506,600901,sell,214746,5.05,3251.39
20250506,002948,sell,263329,4.38,3460.66
20250506,300193,sell,99823,9.27,2774.81
20250506,000338,sell,69727,14.8,3095.2
20250506,600455,sell,44910,24.57,3310.32
20250506,605117,sell,23535,42.54,3003.84
20250506,603299,sell,100404,9.24,2782.21
20250506,300230,sell,190532,4.49,2563.84
20250506,601318,sell,21509,48.57,3134.38
20250506,605196,sell,78722,14.03,3314.51
20250506,002484,sell,53444,18.47,2961.36
20250506,002595,sell,26267,38.72,3051.12
20250506,688597,sell,101999,8.03,2455.85
20250506,002545,sell,6685,7.51,150.62
20250506,600262,buy,49091,21.18,3118.71
20250506,603966,buy,148495,7.0,3118.75
20250506,002818,buy,804,12.38,29.87
20250506,002773,sell,1892,27.37,155.36
20250506,300251,buy,54824,18.96,3118.74
20250506,000719,buy,87241,11.92,3118.74
20250506,603680,buy,115558,9.0,3118.75
20250506,301379,sell,3501,21.19,222.6
20250506,605009,sell,7728,40.6,941.22
20250506,600352,buy,109797,9.47,3118.75
20250506,300144,buy,113807,9.13,3118.73
20250506,002987,buy,91534,11.36,3118.74
20250506,002255,sell,16121,9.12,441.21
20250506,603067,sell,17305,15.8,820.05
20250506,600578,buy,256294,4.06,3118.75
20250506,002249,sell,5546,6.73,111.99
20250506,600027,buy,186286,5.58,3118.74
20250506,603166,sell,17580,17.71,934.27
20250506,000893,sell,6622,28.66,569.36
20250506,002769,buy,138242,7.52,3118.74
20250506,688093,sell,6461,26.57,514.95
20250506,600531,buy,150534,6.91,3118.75
20250506,002034,buy,280,17.49,14.69
20250506,688096,buy,80395,12.93,3118.75
20250506,601169,buy,179676,5.79,3118.74
20250506,605319,sell,3778,23.1,261.85
20250506,000429,buy,78751,13.2,3118.72
20250506,002204,buy,166916,6.23,3118.75
20250506,002342,buy,217942,4.77,3118.75
20250506,601083,buy,96909,10.73,3118.73
20250506,600020,sell,12002,4.42,159.32
20250506,002286,buy,111825,9.3,3118.73
20250506,002736,buy,100290,10.37,3118.73
20250506,600967,buy,88293,11.77,3118.72
20250506,000899,buy,113981,9.12,3118.75
20250506,002048,buy,63301,16.42,3118.75
20250506,603199,sell,1845,36.09,199.76
20250506,688550,buy,317,36.85,35.04
20250506,300910,sell,2433,45.13,329.38
20250506,600583,buy,8741,5.14,134.86
20250506,600809,buy,5193,200.15,3118.19
20250506,600983,buy,104504,9.95,3118.73
20250506,601107,sell,13082,5.43,212.93
20250506,603811,buy,117491,8.85,3118.74
20250506,600522,buy,75519,13.77,3118.75
20250506,000975,buy,52269,19.89,3118.75
20250506,601991,buy,336404,3.09,3118.75
20250506,301107,buy,59193,17.56,3118.73
20250506,600595,buy,272933,3.81,3118.75
20250506,600835,buy,45563,22.82,3118.74
20250506,002454,buy,202553,5.13,3118.74
20250506,600031,buy,54626,19.03,3118.72
20250506,601881,buy,66995,15.52,3118.74
20250506,603040,sell,10369,37.31,1160.69
20250506,002392,buy,167638,6.2,3118.74
20250506,000779,buy,105494,9.85,3118.74
20250506,603369,buy,1847,45.51,252.17
20250506,601717,sell,1437,14.4,62.1
20250506,688208,buy,37440,27.77,3118.71
20250506,002697,buy,188381,5.52,3118.75
20250506,002616,buy,188046,5.53,3118.74
20250506,600039,buy,122203,8.51,3118.73
20250506,002020,buy,78224,13.29,3118.74
20250506,601155,buy,78223,13.29,3118.75
20250506,000030,buy,178263,5.83,3118.75
20250506,688019,buy,7193,144.53,3118.74
20250506,002487,buy,37465,27.75,3118.72
20250506,600301,buy,4061,19.72,240.25
20250506,601117,buy,144124,7.21,3118.74
20250506,002982,buy,70512,14.74,3118.74
20250506,301003,buy,801,26.13,62.79
20250506,603759,buy,126933,8.19,3118.74
20250506,601886,buy,4155,5.19,64.65
20250506,300545,buy,4429,30.01,398.68
20250506,600598,sell,8736,14.15,370.77
20250506,605296,buy,36014,28.87,3118.75
20250506,002850,sell,872,126.86,331.86
20250506,301277,buy,4388,11.97,157.56
20250506,301319,sell,81,16.78,4.08
20250506,601177,buy,51456,20.2,3118.72
20250506,000776,buy,68153,15.25,3118.74
20250506,688526,buy,69673,14.92,3118.73
20250506,000581,buy,1605,18.99,91.42
20250506,000902,buy,78368,13.27,3118.75
20250506,000651,buy,25000,41.58,3118.71
20250506,002852,sell,14895,9.52,425.38
20250506,600582,buy,176109,5.9,3118.75
20250506,002558,sell,6743,14.78,298.99
20250506,002448,sell,4237,8.01,101.87
20250506,000809,buy,324870,3.2,3118.75
20250506,000963,buy,27464,37.85,3118.73
20250506,600797,buy,93825,11.08,3118.74
20250506,603325,buy,13864,74.98,3118.73
20250506,688697,buy,76330,13.62,3118.74
20250506,001316,buy,48704,21.34,3118.75
20250506,000720,buy,331077,3.14,3118.75
20250506,688401,buy,30262,34.35,3118.66
20250506,600731,buy,160035,6.5,3118.75
20250506,301077,buy,38634,21.34,2473.65
20250603,605319,sell,44998,21.44,2894.55
20250603,002034,sell,59437,17.1,3049.42
20250603,002249,sell,154450,6.22,2880.55
20250603,000581,sell,54756,18.89,3103.12
20250603,301003,sell,39786,29.42,3511.18
20250603,002558,sell,70337,15.39,3247.12
20250603,603369,sell,22843,42.65,2922.72
20250603,002850,sell,8195,111.48,2740.83
20250603,603040,sell,27862,40.13,3354.21
20250603,301277,sell,86858,17.25,4493.75
20250603,600301,sell,52717,18.87,2984.31
20250603,002852,sell,109205,9.93,3252.55
20250603,002448,sell,129714,8.21,3195.4
20250603,300251,sell,54824,17.37,2856.7
20250603,002987,sell,91534,11.76,3228.71
20250603,600027,sell,186286,5.63,3145.58
20250603,002769,sell,138242,7.79,3230.72
20250603,000429,sell,78751,13.58,3207.44
20250603,002048,sell,63301,14.65,2781.19
20250603,600809,sell,5193,177.39,2763.55
20250603,600522,sell,75519,12.92,2927.99
20250603,600595,sell,272933,3.55,2910.83
20250603,600835,sell,45563,20.0,2733.59
20250603,600031,sell,54626,17.81,2919.05
20250603,601881,sell,66995,15.59,3132.55
20250603,002392,sell,167638,6.05,3043.65
20250603,000779,sell,105494,9.1,2880.29
20250603,002697,sell,188381,5.38,3037.64
20250603,002616,sell,188046,5.84,3293.48
20250603,002020,sell,78224,13.57,3184.5
20250603,601155,sell,78223,12.5,2933.36
20250603,000030,sell,178263,5.9,3155.26
20250603,688019,sell,7193,136.88,2953.77
20250603,603759,sell,126933,7.75,2951.19
20250603,605296,sell,36014,29.92,3232.88
20250603,601177,sell,51456,17.27,2666.37
20250603,688526,sell,69673,16.27,3400.49
20250603,600797,sell,93825,9.33,2626.16
20250603,603325,sell,13864,73.12,3041.21
20250603,688697,sell,76330,13.16,3012.61
20250603,688401,sell,30262,31.74,2881.55
20250603,600731,sell,160035,6.52,3128.09
20250603,301077,sell,38634,19.22,2228.16
20250603,600262,sell,655,21.58,42.41
20250603,603966,sell,1044,7.09,22.2
20250603,002545,buy,3875,7.35,85.39
20250603,000719,sell,3862,12.54,145.25
20250603,603680,sell,14386,10.33,445.89
20250603,000651,sell,131,42.03,16.52
20250603,600352,buy,154,9.51,4.39
20250603,002773,sell,3818,30.6,350.45
20250603,605009,sell,2957,46.15,409.4
20250603,000809,buy,4864,3.17,46.26
20250603,002818,buy,458,12.38,17.01
20250603,002463,buy,33798,30.93,3135.71
20250603,600020,sell,20278,4.87,296.22
20250603,300144,buy,4154,8.86,110.43
20250603,600219,buy,306232,3.41,3135.77
20250603,601319,buy,128517,8.13,3135.76
20250603,000720,sell,23648,3.4,241.21
20250603,600583,sell,1511,5.21,23.62
20250603,600578,sell,9856,4.24,125.41
20250603,002478,buy,201010,5.2,3135.76
20250603,601717,sell,4453,15.43,206.19
20250603,001207,buy,63343,16.5,3135.73
20250603,600531,sell,236,6.95,4.92
20250603,002204,buy,8450,5.96,151.1
20250603,600211,buy,28802,36.29,3135.69
20250603,600582,buy,454,5.92,8.06
20250603,000902,buy,758,13.21,30.04
20250603,301379,buy,4333,19.58,254.52
20250603,002982,sell,9182,17.04,469.48
20250603,601083,sell,2752,11.1,91.65
20250603,601601,buy,31189,33.51,3135.71
20250603,002736,sell,3578,10.81,116.01
20250603,600967,sell,3464,12.32,128.05
20250603,601107,sell,19823,6.08,361.84
20250603,603166,buy,13853,14.41,598.84
20250603,601117,sell,3175,7.42,70.64
20250603,302132,buy,13579,76.97,3135.7
20250603,002342,sell,37414,5.79,649.88
20250603,603199,buy,86,36.18,9.33
20250603,603067,buy,328,15.8,15.55
20250603,688093,buy,1057,26.01,82.47
20250603,600901,buy,187617,5.57,3135.77
20250603,601001,buy,92040,11.36,3135.75
20250603,600039,sell,4485,8.88,119.47
20250603,601898,buy,104556,10.0,3135.75
20250603,600598,buy,1072,14.02,45.09
20250603,601991,sell,1315,3.12,12.31
20250603,000776,sell,2435,15.91,116.19
20250603,600551,buy,121727,8.59,3135.76
20250603,002264,buy,155894,6.7,3135.76
20250603,300743,buy,54668,19.12,3135.76
20250603,002255,sell,6495,9.73,189.53
20250603,688096,buy,17748,10.65,567.06
20250603,603187,buy,94308,11.08,3135.76
20250603,601318,buy,20299,51.49,3135.65
20250603,000975,sell,92,20.03,5.53
20250603,000963,sell,3483,43.59,455.45
20250603,603811,sell,3983,9.21,110.04
20250603,002286,sell,24312,11.94,871.15
20250603,000893,sell,292,29.05,25.45
20250603,605058,buy,45908,22.77,3135.72
20250603,001316,buy,1468,20.83,91.75
20250603,688208,buy,2067,26.46,164.06
20250603,603303,buy,92902,11.25,3135.75
20250603,002014,buy,90519,11.55,3135.76
20250603,000899,buy,5286,8.76,138.98
20250603,600854,buy,218520,4.78,3135.76
20250603,301345,buy,14842,70.42,3135.59
20250603,002968,buy,90758,11.52,3135.75
20250603,002454,sell,1026,5.19,15.96
20250603,688550,sell,4245,43.62,555.46
20250603,301107,buy,712,17.45,37.27
20250603,603036,buy,67672,15.45,3135.73
20250603,601577,buy,111524,9.37,3135.77
20250603,300084,buy,130331,8.02,3135.76
20250603,300910,sell,57,45.49,7.78
20250603,002487,buy,628,27.44,51.7
20250603,002972,buy,92038,11.36,3135.74
20250603,002749,buy,89788,11.64,3135.74
20250603,301319,buy,1896,16.37,93.13
20250603,002190,buy,29669,35.23,3135.72
20250603,603365,buy,55300,18.9,3135.74
20250603,002061,buy,271505,3.85,3135.77
20250603,601958,buy,100413,10.41,3135.76
20250603,603797,buy,238335,4.39,3135.77
20250603,001332,buy,37424,27.93,3135.73
20250603,600664,buy,267329,3.91,3135.77
20250603,300545,buy,2377,28.23,201.33
20250603,601169,sell,13023,6.27,245.04
20250603,601886,sell,724,5.23,11.37
20250603,600983,buy,1399,9.87,41.42
20250603,600941,buy,9269,112.77,3135.69
20250603,002895,buy,47064,22.21,3135.74
20250603,600674,buy,64410,16.23,3135.76
20250603,603979,buy,27194,38.44,3135.69
20250603,300600,buy,117444,8.9,3135.75
20250603,301283,buy,46963,22.26,3135.76
20250603,000915,buy,35931,29.09,3135.69
20250603,600566,buy,40653,25.71,3135.71
20250603,605599,buy,55104,16.36,2704.21
20250701,300910,sell,22980,43.24,2980.71
20250701,002818,sell,84408,11.81,2989.84
20250701,300545,sell,37023,31.38,3485.77
20250701,601717,sell,67721,15.52,3152.92
20250701,600583,sell,200626,5.45,3280.24
20250701,603166,sell,72539,15.12,3290.27
20250701,688550,sell,23965,41.88,3010.69
20250701,600020,sell,214662,4.7,3023.78
20250701,603199,sell,28891,35.86,3107.79
20250701,601886,sell,199718,5.84,3498.04
20250701,300144,sell,117961,8.51,3011.54
20250701,688096,sell,98143,11.13,3275.91
20250701,002204,sell,175366,6.05,3182.89
20250701,002342,sell,180528,6.22,3368.65
20250701,000899,sell,119267,8.94,3198.74
20250701,603811,sell,113508,9.5,3234.98
20250701,000975,sell,52177,19.21,3006.57
20250701,601991,sell,335089,3.19,3203.94
20250701,688208,sell,39507,29.41,3486.03
20250701,600582,sell,176563,6.02,3188.73
20250701,000809,sell,329734,3.08,3046.74
20250701,000963,sell,23981,40.78,2933.88
20250701,002478,sell,201010,5.27,3177.97
20250701,001207,sell,63343,17.25,3277.96
20250701,600211,sell,28802,35.39,3057.67
20250701,603303,sell,92902,11.64,3244.98
20250701,002014,sell,90519,11.43,3104.73
20250701,301345,sell,14842,122.45,5452.43
20250701,002968,sell,90758,10.3,2804.05
20250701,601577,sell,111524,9.88,3304.25
20250701,300084,sell,130331,8.39,3280.43
20250701,002749,sell,89788,11.73,3158.9
20250701,002061,sell,271505,3.85,3136.7
20250701,601958,sell,100413,10.71,3226.27
20250701,603797,sell,238335,4.47,3198.91
20250701,001332,sell,37424,25.53,2865.78
20250701,600664,sell,267329,3.77,3023.49
20250701,600941,sell,9269,109.99,3058.5
20250701,002895,sell,47064,22.11,3122.2
20250701,600674,sell,64410,15.95,3081.11
20250701,605599,sell,55104,17.43,2881.39
20250701,600262,buy,610,22.67,41.5
20250701,002463,sell,8467,43.91,1115.24
20250701,002545,sell,16736,8.86,444.71
20250701,603680,sell,3185,11.35,108.45
20250701,600352,buy,4053,9.76,118.61
20250701,000720,buy,9417,3.51,99.16
20250701,601169,sell,2330,6.77,47.31
20250701,002769,buy,120884,9.2,3336.4
20250701,000719,buy,5662,12.49,212.16
20250701,301379,sell,13479,27.87,1126.98
20250701,300600,sell,46697,15.72,2202.23
20250701,605009,buy,3554,42.44,452.5
20250701,601319,buy,2100,8.51,53.64
20250701,302132,sell,639,85.95,164.77
20250701,002773,buy,2467,30.36,224.69
20250701,603380,buy,41497,26.8,3336.36
20250701,600854,sell,8286,5.29,131.5
20250701,601898,buy,1563,10.48,49.14
20250701,002736,buy,1027,11.38,35.06
20250701,601601,sell,585,36.34,63.78
20250701,300743,buy,1078,19.95,64.52
20250701,000690,buy,253305,4.39,3336.39
20250701,600967,sell,27011,19.24,1558.68
20250701,600578,sell,3242,4.57,44.48
20250701,603948,buy,47184,23.57,3336.38
20250701,603979,sell,3775,47.49,537.82
20250701,688093,sell,3872,30.62,355.73
20250701,300308,buy,7670,144.98,3335.98
20250701,301061,buy,18942,58.71,3336.27
20250701,603036,sell,1060,16.7,53.09
20250701,603966,buy,13601,6.91,281.76
20250701,600901,sell,5456,6.11,99.93
20250701,603187,buy,1603,11.6,55.76
20250701,600219,buy,9463,3.52,100.01
20250701,300414,buy,78047,14.25,3336.36
20250701,002987,buy,71226,15.61,3336.37
20250701,600983,sell,587,10.56,18.6
20250701,603228,buy,26470,42.01,3336.33
20250701,601083,buy,7089,10.98,233.61
20250701,000893,sell,25,30.93,2.32
20250701,001316,sell,1702,22.94,117.16
20250701,601997,buy,174589,6.37,3336.4
20250701,002913,buy,36947,30.1,3336.31
20250701,605058,sell,8750,29.93,785.66
20250701,002286,buy,7986,11.65,279.0
20250701,601011,buy,416529,2.67,3336.4
20250701,000915,sell,3313,34.1,338.88
20250701,601318,sell,4,54.8,0.66
20250701,601001,buy,4838,11.48,166.62
20250701,002454,buy,3912,5.41,63.53
20250701,000902,buy,1630,13.77,67.34
20250701,603067,buy,1961,16.33,96.07
20250701,301107,sell,5800,20.56,357.66
20250701,002722,buy,70550,15.76,3336.38
20250701,002661,buy,112256,9.91,3336.39
20250701,600566,buy,1617,26.31,127.63
20250701,600216,buy,75258,14.78,3336.36
20250701,603929,buy,33166,33.53,3336.38
20250701,300767,buy,78374,14.19,3336.38
20250701,002981,buy,41199,26.99,3336.35
20250701,002190,sell,842,38.58,97.45
20250701,603365,buy,4981,18.45,275.68
20250701,002443,buy,175531,6.34,3336.39
20250701,002246,buy,72811,15.27,3336.38
20250701,600039,buy,59,9.44,1.67
20250701,002916,buy,10080,110.32,3336.11
20250701,002846,buy,62018,17.93,3336.35
20250701,002396,buy,64763,17.17,3336.37
20250701,002558,buy,48410,22.97,3336.36
20250701,301283,buy,798,23.29,55.75
20250701,600598,buy,5264,13.93,220.03
20250701,601117,buy,9802,7.38,216.94
20250701,002982,buy,12374,15.09,560.13
20250701,688543,buy,23061,48.23,3336.39
20250701,688616,buy,89256,12.46,3336.39
20250701,002264,buy,22572,6.23,421.98
20250701,301319,sell,15864,23.18,1103.32
20250701,301162,buy,29271,37.99,3336.37
20250701,002972,buy,404,12.03,14.58
20250701,688019,buy,6976,159.4,3335.92
20250701,002255,buy,20708,8.68,539.06
20250701,600731,buy,158398,7.02,3336.39
20250701,002392,buy,179337,6.2,3336.39
20250701,001367,buy,49715,22.37,3336.39
20250701,002724,buy,141672,7.85,3336.38
20250701,002487,sell,4600,33.21,458.24
20250701,002177,buy,143131,7.77,3336.38
20250701,002555,buy,64888,17.14,3336.38
20250701,688588,buy,77843,14.29,3336.36
20250701,300708,buy,133410,8.34,3336.39
20250701,300951,buy,33288,33.41,3336.36
20250701,600551,buy,6605,8.67,171.72
20250701,601107,buy,9930,6.12,182.31
20250701,600531,sell,6113,7.71,141.45
20250701,000776,buy,1129,16.64,56.35
20250701,000651,buy,1317,42.47,167.8
20250701,603040,buy,26489,41.98,3336.39
20250701,300130,buy,34129,32.59,3336.36
20250701,603558,buy,128935,8.63,3336.37
20250701,601336,buy,16977,56.5,2877.56
20250801,002255,sell,128166,8.46,3252.59
20250801,301379,sell,39905,24.6,2944.99
20250801,688093,sell,36316,32.02,3488.07
20250801,603067,sell,68103,14.67,2997.21
20250801,000893,sell,35957,31.54,3402.25
20250801,600598,sell,79820,14.28,3419.45
20250801,301319,sell,47973,20.28,2918.16
20250801,601107,sell,181721,5.59,3047.46
20250801,605009,sell,26204,38.01,2988.04
20250801,600262,sell,49046,22.77,3350.33
20250801,000719,sell,89041,13.04,3483.28
20250801,600578,sell,243196,4.23,3086.16
20250801,601169,sell,164323,6.48,3194.44
20250801,601083,sell,101246,11.76,3572.36
20250801,002286,sell,95499,10.51,3011.08
20250801,301107,sell,54105,20.55,3335.28
20250801,600039,sell,117777,8.24,2912.15
20250801,002487,sell,33493,32.76,3291.36
20250801,601117,sell,150751,7.73,3497.96
20250801,002982,sell,73704,15.7,3472.36
20250801,000902,sell,80756,13.99,3388.9
20250801,000651,sell,26186,42.88,3368.66
20250801,001316,sell,48470,23.39,3400.84
20250801,000720,sell,316846,3.6,3421.94
20250801,601319,sell,130617,7.98,3125.71
20250801,302132,sell,12940,82.3,3194.89
20250801,600901,sell,182161,5.66,3090.46
20250801,002264,sell,178466,6.86,3674.25
20250801,300743,sell,55746,20.53,3433.4
20250801,603036,sell,66612,16.14,3226.28
20250801,002972,sell,92442,12.17,3374.28
20250801,002190,sell,28827,33.8,2923.06
20250801,603365,sell,60281,17.46,3157.29
20250801,301283,sell,47761,26.22,3756.43
20250801,000915,sell,32618,33.21,3249.71
20250801,600566,sell,42270,27.07,3432.75
20250801,603228,sell,26470,61.67,4897.33
20250801,601011,sell,416529,2.72,3398.88
20250801,002722,sell,70550,16.94,3585.35
20250801,002661,sell,112256,10.18,3429.25
20250801,002981,sell,41199,26.48,3272.5
20250801,002443,sell,175531,6.82,3593.84
20250801,002846,sell,62018,15.85,2948.1
20250801,688543,sell,23061,42.83,2962.91
20250801,688616,sell,89256,13.66,3657.71
20250801,301162,sell,29271,35.88,3150.88
20250801,688019,sell,6976,147.5,3086.88
20250801,002392,sell,179337,6.99,3760.7
20250801,001367,sell,49715,25.57,3814.29
20250801,002724,sell,141672,7.58,3221.62
20250801,002177,sell,143131,6.36,2730.94
20250801,002555,sell,64888,15.85,3085.64
20250801,688588,sell,77843,15.21,3551.98
20250801,300951,sell,33288,33.11,3306.87
20250801,603040,sell,26489,48.08,3820.79
20250801,300130,sell,34129,29.13,2982.87
20250801,002545,sell,6647,9.68,193.03
20250801,601997,buy,6114,6.37,116.84
20250801,002463,sell,3855,53.6,619.89
20250801,600528,buy,128487,8.96,3453.21
20250801,603680,sell,5209,12.41,193.88
20250801,300767,buy,4616,13.87,192.07
20250801,600854,buy,3721,5.38,60.06
20250801,603558,buy,524,8.89,13.98
20250801,600352,sell,2887,10.36,89.72
20250801,300677,buy,30918,37.23,3453.13
20250801,601001,sell,10200,13.28,406.37
20250801,002736,sell,10561,13.2,418.34
20250801,603979,buy,798,47.53,113.79
20250801,002773,sell,8773,41.32,1087.5
20250801,601958,buy,95085,12.11,3453.21
20250801,603380,sell,2211,29.3,194.35
20250801,603328,buy,111215,10.35,3453.23
20250801,603929,sell,559,35.3,59.2
20250801,601898,sell,4175,11.29,141.42
20250801,300600,sell,128,16.3,6.26
20250801,300976,buy,20758,55.45,3453.09
20250801,603966,sell,19559,8.14,477.35
20250801,605183,buy,54709,21.04,3453.23
20250801,688208,buy,33708,34.15,3453.18
20250801,600486,buy,16996,67.72,3453.1
20250801,601886,buy,161384,7.13,3453.24
20250801,603259,buy,12615,91.24,3453.12
20250801,000776,sell,7067,19.26,408.24
20250801,601336,buy,1434,62.52,268.96
20250801,002444,buy,37384,30.79,3453.2
20250801,301061,sell,2637,70.6,558.52
20250801,002396,sell,8703,20.53,536.1
20250801,000811,buy,93583,12.3,3453.21
20250801,600010,buy,454972,2.53,3453.24
20250801,600208,buy,279388,4.12,3453.24
20250801,002987,sell,1989,16.63,99.2
20250801,002769,buy,13274,8.58,341.67
20250801,000612,buy,141542,8.13,3453.23
20250801,603577,buy,122241,9.42,3453.23
20250801,601601,buy,422,37.1,46.97
20250801,002938,buy,22351,51.5,3453.23
20250801,603871,buy,104721,10.99,3453.23
20250801,000001,buy,95721,12.03,3453.21
20250801,601156,buy,81636,14.1,3453.2
20250801,600211,buy,28538,40.33,3453.17
20250801,300866,buy,9495,121.23,3453.18
20250801,601089,buy,43371,26.54,3453.2
20250801,600731,sell,11576,7.84,272.27
20250801,600351,buy,149144,7.72,3453.23
20250801,603811,buy,94119,12.23,3453.23
20250801,603013,buy,58550,19.66,3453.23
20250801,605507,buy,70510,16.32,3453.19
20250801,300006,buy,215155,5.35,3453.24
20250801,300234,buy,213162,5.4,3453.22
20250801,603187,buy,1869,11.77,66.01
20250801,002916,sell,1532,134.67,618.96
20250801,603948,buy,4971,22.07,329.13
20250801,600551,sell,3217,9.2,88.79
20250801,000690,buy,6058,4.44,80.66
20250801,600967,sell,550,20.1,33.16
20250801,002483,buy,172575,6.67,3453.23
20250801,002342,buy,166100,6.93,3453.22
20250801,300308,sell,2192,210.17,1382.05
20250801,603619,buy,60471,19.04,3453.2
20250801,002913,sell,7776,39.46,920.52
20250801,600531,sell,8923,8.51,227.8
20250801,605058,buy,2644,28.92,229.39
20250801,000513,buy,27309,42.15,3453.22
20250801,001207,buy,66066,17.42,3453.21
20250801,300545,buy,37585,30.63,3453.23
20250801,601577,buy,118309,9.73,3453.22
20250801,601598,buy,221317,5.2,3453.22
20250801,002060,buy,325128,3.54,3453.23
20250801,601318,sell,191,57.26,32.81
20250801,001311,buy,64736,17.78,3453.2
20250801,300708,sell,3283,8.85,87.12
20250801,603201,buy,69621,16.53,3453.22
20250801,600983,sell,767,11.01,25.33
20250801,300684,buy,38626,29.8,3453.23
20250801,603225,buy,93659,12.29,3453.21
20250801,002246,sell,4145,16.76,208.46
20250801,688581,buy,14455,79.63,3453.15
20250801,002454,buy,2699,5.53,44.78
20250801,000951,buy,65057,17.69,3453.21
20250801,300009,buy,99763,11.54,3453.22
20250801,002484,buy,48551,23.71,3453.21
20250801,600150,buy,33975,33.88,3453.22
20250801,002209,buy,73270,15.71,3453.22
20250801,000404,buy,157898,7.29,3453.23
20250801,600216,sell,3044,15.94,145.56
20250801,002714,buy,25849,44.53,3453.2
20250801,300414,sell,3974,15.54,185.27
20250801,301538,buy,18777,61.3,3453.09
20250801,600295,buy,115223,9.99,3453.23
20250801,600219,buy,5236,3.59,56.34
20250801,002558,sell,526,24.04,37.93
20250801,300086,buy,147763,7.79,3453.22
20250801,002623,buy,52923,21.75,3453.23
20250801,601688,buy,59422,19.37,3453.18
20250801,300897,buy,48511,19.51,2839.85
20250901,600352,sell,111117,10.25,3417.32
20250901,600531,sell,135262,9.91,4021.34
20250901,600983,sell,104549,10.87,3409.34
20250901,002454,sell,208138,6.03,3762.48
20250901,600219,sell,320931,3.64,3505.95
20250901,601601,sell,31026,39.6,3685.89
20250901,601898,sell,101944,11.21,3429.78
20250901,600551,sell,125115,8.84,3319.58
20250901,603187,sell,97780,14.91,4374.87
20250901,601318,sell,20104,57.56,3471.79
20250901,605058,sell,39802,29.21,3487.85
20250901,600854,sell,213955,5.29,3395.47
20250901,002769,sell,134158,9.24,3718.86
20250901,000690,sell,259363,4.4,3423.6
20250901,601997,sell,180703,6.14,3328.55
20250901,002913,sell,29171,40.98,3586.28
20250901,600216,sell,72214,15.78,3418.61
20250901,002246,sell,68666,17.29,3562.35
20250901,002558,sell,47884,31.13,4471.25
20250901,600731,sell,146822,7.5,3303.49
20250901,300708,sell,130127,9.41,3673.95
20250901,600528,sell,128487,8.5,3276.42
20250901,603328,sell,111215,11.45,3820.24
20250901,300976,sell,20758,65.33,4068.36
20250901,605183,sell,54709,20.27,3326.85
20250901,600486,sell,16996,74.3,3788.5
20250901,002444,sell,37384,31.95,3583.32
20250901,000811,sell,93583,13.48,3784.5
20250901,600010,sell,454972,2.75,3753.52
20250901,000612,sell,141542,8.95,3800.62
20250901,603577,sell,122241,9.78,3588.15
20250901,603871,sell,104721,12.12,3806.3
20250901,000001,sell,95721,11.64,3343.54
20250901,300866,sell,9495,142.32,4054.1
20250901,600351,sell,149144,6.93,3101.39
20250901,603013,sell,58550,25.11,4410.07
20250901,605507,sell,70510,16.04,3392.95
20250901,300006,sell,215155,4.79,3091.78
20250901,002483,sell,172575,6.62,3427.34
20250901,603619,sell,60471,19.25,3492.72
20250901,000513,sell,27309,42.41,3474.52
20250901,001207,sell,66066,16.44,3258.16
20250901,601577,sell,118309,9.42,3342.16
20250901,601598,sell,221317,5.53,3673.92
20250901,002060,sell,325128,3.52,3434.46
20250901,001311,sell,64736,17.38,3375.53
20250901,603201,sell,69621,17.52,3659.29
20250901,300684,sell,38626,35.36,4096.92
20250901,688581,sell,14455,75.3,3265.38
20250901,000951,sell,65057,17.68,3451.29
20250901,300009,sell,99763,11.57,3461.92
20250901,002484,sell,48551,36.5,5316.2
20250901,600150,sell,33975,38.92,3966.92
20250901,000404,sell,157898,7.37,3491.12
20250901,301538,sell,18777,68.7,3869.94
20250901,300086,sell,147763,6.78,3005.5
20250901,002623,sell,52923,21.37,3392.89
20250901,300897,sell,48511,22.09,3214.33
20250901,002545,buy,1975,10.52,62.33
20250901,300767,sell,25156,21.99,1659.54
20250901,300724,buy,11762,108.12,3815.12
20250901,002463,sell,3171,69.48,660.93
20250901,300600,sell,4553,19.25,262.94
20250901,603680,buy,3516,13.21,139.31
20250901,603979,sell,5799,69.05,1201.26
20250901,300308,sell,2339,405.2,2843.32
20250901,002396,sell,9477,27.3,776.21
20250901,688588,buy,63492,20.03,3815.23
20250901,002736,buy,930,14.43,40.27
20250901,002245,buy,104001,12.23,3815.25
20250901,600967,sell,7119,25.36,541.61
20250901,300609,buy,23300,54.58,3815.14
20250901,601233,buy,86987,14.62,3815.25
20250901,002939,buy,106211,11.97,3815.26
20250901,601001,buy,8942,13.3,356.79
20250901,000776,sell,834,21.58,53.98
20250901,600208,sell,27554,5.05,417.44
20250901,603969,buy,130839,9.72,3815.27
20250901,688208,sell,2580,40.86,316.23
20250901,000830,buy,83067,15.31,3815.27
20250901,300234,sell,848,5.99,15.24
20250901,603966,buy,3437,8.77,90.48
20250901,603380,sell,10237,43.78,1344.53
20250901,603929,sell,1645,41.08,202.71
20250901,603558,buy,8206,9.24,227.42
20250901,600301,buy,38008,33.46,3815.24
20250901,603040,buy,19130,66.48,3815.08
20250901,600211,sell,1688,47.37,239.86
20250901,000568,buy,9465,134.36,3815.23
20250901,002938,sell,607,58.49,106.51
20250901,600595,buy,247090,5.15,3815.27
20250901,002342,sell,16832,8.52,430.23
20250901,601609,buy,104930,12.12,3815.25
20250901,300274,buy,12965,98.09,3815.04
20250901,601156,sell,8,15.58,0.37
20250901,603811,sell,6832,14.57,298.63
20250901,300677,buy,4077,36.34,444.48
20250901,002953,buy,83525,15.23,3815.24
20250901,688425,buy,220791,5.76,3815.27
20250901,600835,buy,44356,28.67,3815.21
20250901,300457,buy,47560,26.74,3815.26
20250901,603948,sell,12524,32.09,1205.69
20250901,300033,buy,4556,279.08,3814.52
20250901,601886,buy,13219,7.28,288.85
20250901,002871,buy,71274,17.84,3815.25
20250901,002209,buy,5721,16.1,276.32
20250901,300443,buy,48865,26.03,3815.26
20250901,301061,buy,40,77.81,9.34
20250901,300218,buy,52682,24.14,3815.23
20250901,300045,buy,48913,26.0,3815.21
20250901,603225,sell,11715,15.52,545.45
20250901,603920,buy,32386,39.27,3815.27
20250901,002429,buy,218891,5.81,3815.27
20250901,603259,sell,997,109.47,327.43
20250901,300456,buy,52938,24.02,3815.21
20250901,600997,buy,190799,6.67,3815.26
20250901,601606,buy,17988,70.7,3815.25
20250901,000596,buy,7520,169.11,3815.06
20250901,002773,buy,2523,41.86,316.84
20250901,300414,buy,19645,13.57,799.75
20250901,300455,buy,66202,19.21,3815.22
20250901,001283,buy,21840,58.23,3815.11
20250901,601958,sell,18008,16.5,891.4
20250901,603757,buy,24317,52.3,3815.13
20250901,002987,sell,8173,20.83,510.65
20250901,002625,buy,23995,53.0,3815.2
20250901,301219,buy,17678,71.94,3815.21
20250901,688170,buy,32098,39.62,3815.17
20250901,603303,buy,91249,13.94,3815.27
20250901,603228,buy,20972,60.64,3815.19
20250901,002046,buy,38421,33.1,3815.21
20250901,002277,buy,156813,8.11,3815.26
20250901,601336,buy,1126,65.09,219.89
20250901,002020,buy,63939,19.89,3815.24
20250901,688093,buy,32042,39.69,3815.16
20250901,000617,buy,97806,13.0,3815.25
20250901,002104,buy,44112,28.83,3815.25
20250901,300066,buy,161595,7.87,3815.26
20250901,688499,buy,20611,61.7,3815.1
20250901,300545,sell,2161,35.9,232.75
20250901,601717,buy,58579,21.71,3815.25
20250901,002714,sell,1974,53.27,315.46
20250901,301330,buy,36671,34.68,3815.25
20250901,603516,buy,13150,96.71,3815.21
20250901,300811,buy,22682,56.07,3815.19
20250901,002611,buy,68338,18.61,3815.24
20250901,002916,sell,2146,198.68,1279.07
20250901,000514,buy,235947,5.39,3815.26
20250901,300012,buy,95338,13.34,3815.27
20250901,300690,buy,35573,35.75,3815.2
20250901,000920,buy,97844,13.0,3815.27
20250901,601089,buy,7765,24.87,579.35
20250901,600458,buy,88774,14.33,3815.25
20250901,600295,buy,10196,10.14,310.16
20250901,300810,buy,23080,55.1,3815.12
20250901,601688,buy,553,21.2,35.18
20250901,603181,buy,75744,16.79,3815.23
20250901,600262,buy,42256,24.4,3093.14
20251009,002545,sell,120889,13.69,4964.91
20251009,603966,sell,144930,8.55,3717.1
20251009,603680,sell,96294,12.36,3569.84
20251009,600967,sell,50149,18.73,2817.87
20251009,300600,sell,66066,15.7,3111.71
20251009,603948,sell,39631,25.77,3063.87
20251009,301061,sell,16345,67.6,3314.59
20251009,300414,sell,93718,12.07,3393.53
20251009,002987,sell,61064,17.78,3258.01
20251009,002396,sell,46583,23.34,3261.3
20251009,601336,sell,19537,61.14,3583.66
20251009,688208,sell,31128,39.06,3647.22
20251009,601886,sell,174603,6.89,3607.43
20251009,600208,sell,251834,4.41,3331.76
20251009,002938,sell,21744,56.11,3660.17
20251009,601089,sell,51136,22.46,3445.54
20251009,300234,sell,212314,5.39,3433.12
20251009,002342,sell,149268,7.53,3371.96
20251009,300545,sell,35424,32.25,3427.43
20251009,002209,sell,78991,15.0,3554.6
20251009,600295,sell,125419,10.49,3946.94
20251009,688588,sell,63492,18.7,3561.9
20251009,300609,sell,23300,38.29,2676.47
20251009,601233,sell,86987,14.66,3825.69
20251009,603969,sell,130839,10.89,4274.51
20251009,600595,sell,247090,5.33,3952.82
20251009,002953,sell,83525,13.21,3311.34
20251009,600835,sell,44356,27.21,3620.78
20251009,002871,sell,71274,16.07,3435.85
20251009,300443,sell,48865,30.23,4431.23
20251009,300218,sell,52682,18.42,2911.21
20251009,300045,sell,48913,23.13,3394.07
20251009,603920,sell,32386,45.92,4461.6
20251009,600997,sell,190799,7.03,4026.27
20251009,601606,sell,17988,42.91,2315.6
20251009,300455,sell,66202,17.65,3505.4
20251009,001283,sell,21840,61.8,4049.31
20251009,002625,sell,23995,50.2,3613.65
20251009,301219,sell,17678,79.98,4241.79
20251009,688170,sell,32098,39.47,3800.72
20251009,603303,sell,91249,13.47,3687.37
20251009,603228,sell,20972,62.9,3957.54
20251009,002277,sell,156813,6.69,3147.24
20251009,688093,sell,32042,39.13,3761.47
20251009,000617,sell,97806,10.89,3196.4
20251009,002104,sell,44112,21.37,2828.02
20251009,300066,sell,161595,7.23,3505.0
20251009,301330,sell,36671,32.73,3600.73
20251009,000514,sell,235947,5.44,3850.66
20251009,300012,sell,95338,13.49,3857.63
20251009,300690,sell,35573,40.99,4374.41
20251009,000920,sell,97844,13.02,3821.12
20251009,600458,sell,88774,15.53,4136.06
20251009,300810,sell,23080,46.5,3219.66
20251009,600262,sell,42256,22.83,2894.11
20251009,002394,buy,118758,10.6,3778.24
20251009,600531,buy,88380,14.25,3778.24
20251009,603979,sell,1598,74.88,358.97
20251009,300724,sell,183,108.77,59.71
20251009,002249,buy,109892,11.46,3778.23
20251009,002245,sell,9439,13.32,377.14
20251009,600301,sell,1524,34.52,157.83
20251009,002850,buy,6641,189.62,3777.82
20251009,600211,buy,118,46.7,16.53
20251009,603811,buy,12666,12.6,478.77
20251009,603040,sell,3662,81.42,894.52
20251009,300304,buy,98066,12.84,3778.23
20251009,000596,buy,620,154.72,287.77
20251009,300767,sell,6303,24.44,462.14
20251009,600522,buy,62970,20.0,3778.2
20251009,000830,buy,5313,14.25,227.13
20251009,000408,buy,20928,60.18,3778.08
20251009,300308,buy,25,397.93,29.84
20251009,601717,sell,8060,24.93,602.81
20251009,000776,sell,4398,23.09,304.63
20251009,300811,sell,1787,60.28,323.14
20251009,605117,buy,22095,57.0,3778.1
20251009,000568,buy,340,128.44,131.01
20251009,600660,buy,18114,69.53,3778.24
20251009,601609,sell,11501,13.48,465.1
20251009,603699,buy,28063,44.88,3778.19
20251009,601958,sell,48,16.35,2.35
20251009,601001,sell,8099,14.39,349.63
20251009,002158,buy,46421,27.13,3778.21
20251009,603380,sell,2046,46.64,286.28
20251009,300033,buy,158,267.13,126.62
20251009,300677,sell,678,36.7,74.65
20251009,000893,buy,31251,40.3,3778.25
20251009,002150,buy,62286,20.22,3778.25
20251009,603757,buy,2932,46.22,406.53
20251009,002773,buy,3972,36.66,436.84
20251009,601619,buy,225262,5.59,3778.24
20251009,300274,sell,4948,157.11,2332.07
20251009,300408,buy,26189,48.09,3778.13
20251009,002429,sell,30355,6.68,608.31
20251009,603367,buy,62938,20.01,3778.22
20251009,002920,buy,8555,147.2,3777.86
20251009,600486,buy,17780,70.83,3778.07
20251009,603225,sell,3475,16.05,167.32
20251009,603558,sell,9067,9.79,266.39
20251009,001332,buy,25061,50.25,3778.23
20251009,300827,buy,34477,36.53,3778.25
20251009,688330,buy,31399,40.11,3778.24
20251009,002463,sell,1195,73.61,263.88
20251009,002611,sell,1202,18.76,67.65
20251009,002939,buy,2110,11.63,73.6
20251009,002020,sell,1837,20.28,111.76
20251009,300450,buy,20022,62.9,3778.15
20251009,603259,sell,280,111.08,93.31
20251009,601156,sell,2069,15.83,98.26
20251009,002287,buy,48364,26.04,3778.2
20251009,300357,buy,43782,28.77,3778.25
20251009,002714,buy,639,51.37,98.48
20251009,002046,buy,9086,26.51,722.61
20251009,603889,buy,242976,5.18,3778.25
20251009,603166,buy,66472,18.95,3778.2
20251009,601969,buy,141666,8.89,3778.25
20251009,000425,buy,110766,11.37,3778.23
20251009,688472,buy,90022,13.99,3778.22
20251009,300456,sell,2908,25.17,219.62
20251009,600114,buy,38586,32.64,3778.17
20251009,002558,buy,29605,42.54,3778.19
20251009,600183,buy,22667,55.56,3778.14
20251009,603456,buy,61107,20.61,3778.25
20251009,300457,sell,11033,34.48,1141.25
20251009,002392,buy,125315,10.05,3778.25
20251009,603181,sell,14398,20.53,886.77
20251009,000021,buy,41076,30.66,3778.17
20251009,603929,sell,2245,43.86,295.38
20251009,002736,buy,6211,13.35,248.8
20251009,688499,sell,2939,71.27,628.39
20251009,002916,sell,1084,236.86,770.28
20251009,601688,sell,3365,22.25,224.59
20251009,688029,buy,12823,98.21,3778.04
20251009,603203,buy,38514,32.7,3778.22
20251009,002353,buy,22529,55.9,3778.11
20251009,601929,buy,344102,3.66,3778.24
20251009,300004,buy,94267,13.36,3778.22
20251009,300893,buy,46036,27.36,3778.24
20251009,603222,buy,114700,10.98,3778.22
20251009,000977,buy,16589,75.92,3778.21
20251009,600585,buy,53252,23.65,3778.23
20251009,603444,buy,2346,536.8,3778.02
20251009,000700,buy,117062,10.76,3778.23
20251009,000630,buy,215688,5.84,3778.24
20251009,603516,sell,4842,151.6,2202.14
20251009,603058,buy,131738,9.56,3778.25
20251009,603111,buy,154340,8.16,3778.24
20251009,301035,buy,15796,79.73,3778.25
20251009,688425,buy,9029,5.48,148.44
20251009,000728,buy,138469,9.1,3778.25
20251009,301002,buy,32509,38.74,3778.2
20251009,000623,buy,62617,20.11,3778.2
20251009,601689,buy,15949,78.96,3778.17
20251009,301043,buy,19995,51.75,3104.05
20251103,002773,sell,34353,33.12,3413.31
20251103,002736,sell,94319,13.84,3915.77
20251103,000776,sell,54548,22.42,3668.9
20251103,002463,sell,17110,71.3,3659.73
20251103,601001,sell,87521,15.74,4132.74
20251103,603929,sell,28717,46.31,3989.3
20251103,300767,sell,51531,21.75,3362.4
20251103,603558,sell,128598,11.77,4541.43
20251103,300677,sell,34317,38.47,3960.52
20251103,601958,sell,77029,14.97,3459.37
20251103,603259,sell,11338,94.9,3227.89
20251103,600211,sell,26968,44.93,3634.89
20251103,603811,sell,99953,12.0,3598.31
20251103,603225,sell,78469,15.64,3681.77
20251103,002714,sell,24514,50.63,3723.77
20251103,601688,sell,56610,21.38,3631.52
20251103,000830,sell,88380,13.54,3590.0
20251103,601609,sell,93429,11.32,3172.85
20251103,688425,sell,229820,5.36,3695.51
20251103,300457,sell,36527,29.25,3205.24
20251103,300033,sell,4714,252.1,3565.22
20251103,300456,sell,50030,26.12,3919.75
20251103,002046,sell,47507,28.81,4106.03
20251103,002020,sell,62102,18.7,3483.92
20251103,688499,sell,17672,59.1,3133.25
20251103,601717,sell,50519,23.61,3578.26
20251103,603516,sell,8308,189.97,4734.81
20251103,300811,sell,20895,56.72,3555.29
20251103,002611,sell,67136,20.85,4200.32
20251103,600531,sell,88380,12.01,3184.33
20251103,600522,sell,62970,16.8,3173.69
20251103,603699,sell,28063,53.69,4520.11
20251103,002150,sell,62286,20.84,3893.76
20251103,603367,sell,62938,21.66,4089.71
20251103,002920,sell,8555,115.42,2962.23
20251103,600486,sell,17780,67.25,3587.12
20251103,300827,sell,34477,33.69,3484.44
20251103,300450,sell,20022,54.8,3291.62
20251103,002287,sell,48364,25.4,3685.34
20251103,300357,sell,43782,34.99,4595.17
20251103,603166,sell,66472,15.67,3125.22
20251103,601969,sell,141666,9.91,4213.06
20251103,600114,sell,38586,28.84,3338.34
20251103,002558,sell,29605,36.33,3226.65
20251103,600183,sell,22667,63.68,4330.3
20251103,603456,sell,61107,20.26,3714.08
20251103,002392,sell,125315,8.18,3075.23
20251103,688029,sell,12823,83.62,3216.78
20251103,603203,sell,38514,32.82,3792.09
20251103,002353,sell,22529,50.64,3422.61
20251103,601929,sell,344102,4.07,4201.49
20251103,300004,sell,94267,11.6,3280.49
20251103,300893,sell,46036,25.37,3503.8
20251103,603222,sell,114700,10.3,3544.23
20251103,000977,sell,16589,63.74,3172.38
20251103,600585,sell,53252,23.26,3715.92
20251103,000700,sell,117062,9.82,3448.49
20251103,603058,sell,131738,9.23,3647.83
20251103,603111,sell,154340,7.35,3403.2
20251103,301035,sell,15796,73.35,3475.91
20251103,000728,sell,138469,8.61,3576.58
20251103,301002,sell,32509,33.12,3230.09
20251103,601689,sell,15949,73.55,3519.16
20251103,301043,sell,19995,42.78,2566.34
20251103,002487,buy,23769,50.85,3626.13
20251103,601898,buy,84410,14.32,3626.25
20251103,300408,sell,1774,49.51,263.49
20251103,300724,buy,1191,94.65,338.18
20251103,300328,buy,67907,17.8,3626.23
20251103,603036,buy,57270,21.11,3626.25
20251103,002545,buy,69269,17.45,3626.23
20251103,600382,buy,170475,7.09,3626.25
20251103,600660,buy,504,64.92,98.16
20251103,002249,sell,9810,12.08,355.45
20251103,000603,buy,52101,23.2,3626.23
20251103,002850,buy,360,172.63,186.44
20251103,002138,buy,32054,37.71,3626.24
20251103,002394,sell,11464,11.27,387.46
20251103,300274,sell,1928,198.51,1148.21
20251103,603979,buy,2197,63.56,418.92
20251103,601619,buy,48367,4.42,640.98
20251103,603889,sell,29459,5.66,500.32
20251103,600301,buy,3633,30.13,328.39
20251103,002947,buy,24597,49.14,3626.18
20251103,002939,buy,3259,10.83,105.91
20251103,002158,buy,2875,24.52,211.49
20251103,603040,buy,139,77.45,32.3
20251103,001332,buy,3301,42.62,422.05
20251103,000737,buy,80102,15.09,3626.22
20251103,603380,buy,2616,40.81,320.28
20251103,300389,buy,71481,16.91,3626.23
20251103,600262,buy,42293,28.58,3626.2
20251103,605117,sell,437,55.81,73.17
20251103,603218,buy,83766,14.43,3626.23
20251103,300018,buy,102523,11.79,3626.24
20251103,000915,buy,35179,34.36,3626.25
20251103,000021,buy,3445,27.15,280.6
20251103,000568,sell,754,133.56,302.12
20251103,000893,sell,2443,41.96,307.52
20251103,000783,buy,139097,8.69,3626.26
20251103,002245,buy,2681,12.43,99.98
20251103,688472,sell,20513,17.39,1070.16
20251103,002056,buy,57286,21.1,3626.2
20251103,601126,buy,43660,27.69,3626.21
20251103,603986,buy,5260,229.77,3625.69
20251103,002270,buy,47045,25.69,3626.23
20251103,002415,buy,37930,31.87,3626.2
20251103,300235,buy,67668,17.86,3626.21
20251103,300373,buy,17640,68.52,3626.26
20251103,600846,buy,83535,14.47,3626.25
20251103,603331,buy,101066,11.96,3626.25
20251103,002871,buy,77236,15.65,3626.23
20251103,000408,buy,436,56.58,74.0
20251103,601518,buy,398928,3.03,3626.26
20251103,002026,buy,79843,15.14,3626.23
20251103,002177,buy,165582,7.3,3626.25
20251103,600988,buy,40741,29.67,3626.25
20251103,300509,buy,110489,10.94,3626.25
20251103,000960,buy,52500,23.02,3626.22
20251103,000630,buy,20098,5.13,309.1
20251103,603163,buy,23940,50.49,3626.19
20251103,603181,buy,6106,17.92,328.26
20251103,002429,buy,6424,6.2,119.49
20251103,000600,buy,136470,8.86,3626.25
20251103,002690,buy,59641,20.27,3626.23
20251103,000792,buy,49116,24.61,3626.23
20251103,300308,sell,642,479.43,923.39
20251103,605098,buy,29326,41.22,3626.23
20251103,002236,buy,60463,19.99,3626.22
20251103,002772,buy,86500,13.97,3626.25
20251103,301031,buy,10125,119.38,3626.17
20251103,601198,buy,94581,12.78,3626.24
20251103,300619,buy,27347,44.2,3626.21
20251103,601061,buy,94099,12.85,3626.24
20251103,601326,buy,316427,3.82,3626.25
20251103,688183,buy,11539,104.75,3626.13
20251103,300376,buy,224258,5.39,3626.25
20251103,002782,buy,63036,19.18,3626.26
20251103,603061,buy,13779,87.72,3626.14
20251103,002787,buy,111200,10.87,3626.23
20251103,688330,buy,235,38.21,26.94
20251103,603500,buy,96623,12.51,3626.26
20251103,688691,buy,10285,117.52,3626.08
20251103,002950,buy,107924,11.2,3626.25
20251103,300304,sell,461,12.38,17.13
20251103,603391,buy,23119,52.28,3626.22
20251103,000596,sell,496,158.14,235.31
20251103,605305,buy,26927,44.89,3626.26
20251103,002916,buy,239,217.51,155.96
20251103,603757,buy,1462,42.1,184.65
20251103,301158,buy,65196,18.54,3626.22
20251103,300285,buy,51855,23.31,3626.22
20251103,605155,buy,65429,18.47,3626.21
20251103,000425,buy,2945,10.63,93.92
20251103,000899,buy,113391,10.66,3626.24
20251103,600961,buy,80637,14.99,3626.25
20251103,603444,buy,270,461.93,374.16
20251103,301606,buy,16878,71.61,3626.08
20251103,000623,sell,6159,21.41,395.59
20251103,601156,sell,4106,16.02,197.33
20251103,601011,buy,305240,3.96,3626.25
20251103,603298,buy,45300,26.68,3626.21
20251103,688702,buy,10209,118.4,3626.24
20251103,605060,buy,29889,32.36,2901.62
20251201,603979,sell,19017,65.9,3759.66
20251201,603380,sell,29619,36.68,3259.27
20251201,300308,sell,2522,537.36,4065.7
20251201,002916,sell,5557,195.91,3266.05
20251201,601156,sell,75453,16.46,3725.87
20251201,300724,sell,12770,84.92,3253.29
20251201,002245,sell,97243,10.99,3206.09
20251201,002939,sell,111580,10.08,3373.86
20251201,000568,sell,9051,134.27,3645.94
20251201,002429,sell,194960,6.49,3795.87
20251201,000596,sell,7644,165.61,3797.86
20251201,603757,sell,28711,36.64,3155.91
20251201,603181,sell,67452,14.67,2968.56
20251201,300304,sell,97605,11.38,3331.62
20251201,002158,sell,49296,22.47,3323.04
20251201,300408,sell,24415,42.66,3124.37
20251201,688330,sell,31634,41.83,3969.75
20251201,000425,sell,113711,10.17,3469.32
20251201,000021,sell,44521,24.61,3286.99
20251201,603444,sell,2616,433.52,3402.24
20251201,000630,sell,235786,5.42,3833.88
20251201,000623,sell,56458,19.22,3255.37
20251201,300328,sell,67907,16.82,3426.59
20251201,002947,sell,24597,44.88,3311.6
20251201,000737,sell,80102,14.89,3578.16
20251201,300389,sell,71481,16.23,3480.41
20251201,000783,sell,139097,8.12,3388.4
20251201,002056,sell,57286,19.24,3306.55
20251201,603986,sell,5260,212.51,3353.41
20251201,002415,sell,37930,29.89,3401.51
20251201,300373,sell,17640,64.83,3430.64
20251201,002871,sell,77236,15.08,3494.16
20251201,002026,sell,79843,14.93,3576.1
20251201,002177,sell,165582,6.75,3353.04
20251201,603163,sell,23940,52.97,3804.31
20251201,002690,sell,59641,19.41,3473.13
20251201,002236,sell,60463,18.81,3411.47
20251201,301031,sell,10125,102.82,3123.16
20251201,601326,sell,316427,3.55,3369.95
20251201,688183,sell,11539,98.02,3393.16
20251201,300376,sell,224258,6.05,4070.28
20251201,002782,sell,63036,17.92,3387.89
20251201,603500,sell,96623,11.35,3290.01
20251201,688691,sell,10285,112.45,3469.64
20251201,300285,sell,51855,22.9,3562.44
20251201,605155,sell,65429,16.15,3170.51
20251201,000899,sell,113391,10.16,3456.16
20251201,600961,sell,80637,15.19,3674.63
20251201,301606,sell,16878,61.25,3101.32
20251201,603298,sell,45300,24.85,3377.12
20251201,688702,sell,10209,131.0,4012.14
20251201,605060,sell,29889,35.22,3158.07
20251201,600033,buy,310036,3.82,3548.57
20251201,601898,buy,2246,13.65,91.97
20251201,002487,sell,146,50.07,21.93
20251201,002255,buy,98345,12.03,3548.54
20251201,002394,sell,8118,11.93,290.47
20251201,002545,sell,2478,17.71,131.66
20251201,000915,sell,58,33.68,5.86
20251201,600846,sell,14764,17.2,761.82
20251201,000893,sell,2493,44.95,336.18
20251201,600382,buy,9442,6.57,186.23
20251201,600262,buy,3465,25.85,268.71
20251201,300867,buy,53769,22.0,3548.53
20251201,603889,buy,711,5.52,11.78
20251201,603331,buy,379,11.66,13.26
20251201,601619,buy,4699,4.25,59.91
20251201,002138,buy,2186,34.55,226.55
20251201,600988,sell,3695,31.93,353.94
20251201,601969,buy,101955,11.6,3548.57
20251201,300445,buy,55039,21.49,3548.56
20251201,300055,buy,146212,8.09,3548.57
20251201,300274,buy,530,178.7,284.13
20251201,605117,sell,1165,57.72,201.73
20251201,601061,sell,13040,14.59,570.86
20251201,601107,buy,201509,5.87,3548.57
20251201,000408,sell,2238,61.85,415.24
20251201,002249,buy,6979,11.05,231.32
20251201,601518,buy,2041,2.95,18.06
20251201,300509,sell,21818,13.34,873.16
20251201,001332,buy,3203,37.47,360.07
20251201,603778,buy,92773,12.75,3548.57
20251201,002787,sell,10787,11.78,381.21
20251201,600352,buy,112013,10.56,3548.57
20251201,300018,buy,3563,11.15,119.18
20251201,002632,buy,87745,13.48,3548.55
20251201,000755,buy,218643,5.41,3548.58
20251201,603568,buy,65763,17.99,3548.53
20251201,600685,buy,40274,29.37,3548.54
20251201,603365,buy,56609,20.9,3548.54
20251201,600219,buy,266648,4.44,3548.57
20251201,000338,buy,68097,17.37,3548.53
20251201,002950,sell,6128,11.62,213.62
20251201,688101,buy,67059,17.64,3548.53
20251201,002772,buy,6141,12.77,235.23
20251201,605098,sell,531,41.08,65.44
20251201,003011,buy,51766,22.85,3548.56
20251201,603218,buy,8644,12.8,331.93
20251201,000603,sell,9991,28.09,841.94
20251201,603316,buy,77870,15.19,3548.54
20251201,000792,sell,4446,26.48,353.19
20251201,601126,sell,2763,28.92,239.75
20251201,600300,buy,336688,3.51,3548.57
20251201,603040,sell,746,79.6,178.14
20251201,603036,sell,2603,21.64,168.97
20251201,603766,buy,82394,14.36,3548.55
20251201,600060,buy,45634,25.92,3548.5
20251201,603353,buy,35684,33.15,3548.57
20251201,002270,buy,1576,24.33,115.02
20251201,300235,buy,4523,16.39,222.33
20251201,605099,buy,32055,36.9,3548.49
20251201,603456,buy,63903,18.51,3548.53
20251201,002039,buy,66552,17.77,3548.56
20251201,002330,buy,221095,5.35,3548.57
20251201,000960,sell,4760,24.78,353.82
20251201,601225,buy,51675,22.89,3548.52
20251201,688472,buy,4373,16.01,210.04
20251201,301158,buy,5703,16.68,285.44
20251201,603759,buy,108419,10.91,3548.55
20251201,002659,buy,185110,6.39,3548.56
20251201,605305,buy,1672,41.36,207.46
20251201,603391,sell,4783,64.51,925.68
20251201,603091,buy,15694,75.37,3548.57
20251201,600750,buy,52177,22.67,3548.56
20251201,002091,buy,128292,9.22,3548.56
20251201,688336,buy,18114,65.3,3548.53
20251201,603061,sell,102,86.49,26.47
20251201,600301,sell,9216,38.28,1058.37
20251201,000600,buy,10169,8.07,246.08
20251201,603890,buy,72346,16.35,3548.57
20251201,300619,sell,3802,50.24,573.04
20251201,688148,buy,122576,9.65,3548.58
20251201,600828,buy,199134,5.94,3548.57
20251201,300447,buy,74200,15.94,3548.57
20251201,300677,buy,27204,43.48,3548.49
20251201,000333,buy,14785,80.0,3548.4
20251201,603239,buy,60628,19.51,3548.56
20251201,603156,buy,42841,27.61,3548.52
20251201,000923,buy,62918,18.8,3548.58
20251201,601088,buy,28612,41.34,3548.46
20251201,601011,buy,9350,3.76,105.47
20251201,600338,buy,80962,14.61,3548.56
20251201,601890,buy,112546,10.51,3548.58
20251201,001206,buy,37969,31.15,3548.51
20251201,601198,sell,4492,13.13,176.94
20251201,600173,buy,149918,7.89,3548.56
20251201,603600,buy,94932,12.46,3548.56
20251201,688335,buy,56326,21.0,3548.54
20251201,300948,buy,60319,19.61,3548.57
20251201,002850,buy,649,154.61,301.02
20251201,600795,buy,173231,5.69,2957.05
