t0,code,f,profit_leg,capacity_leg,m,strong_leg,trend_leg,m_rps,b_v35,t2q_yoy,t4q_yoy
20231110,000001,1,True,False,0,False,False,0,WEAK,3.0199999809265137,0.449999988079071
20231110,000002,0,False,False,0,False,False,0,YELLOW,-359.3800048828125,-220.9600067138672
20231110,000006,1,False,True,0,False,False,0,WEAK,-100.68000030517578,-500.0
20231110,000007,1,True,False,1,True,False,1,WEAK,-71.70999908447266,-40.15999984741211
20231110,000008,1,True,False,0,False,False,0,WEAK,-59.459999084472656,-40.869998931884766
20231110,000009,0,False,False,1,True,False,1,WEAK,-14.720000267028809,-58.16999816894531
20231110,000011,0,False,False,1,True,False,1,WEAK,-98.33000183105467,-96.72000122070312
20231110,000012,0,False,False,0,False,False,0,WEAK,-20.020000457763672,-49.06999969482422
20231110,000014,2,True,True,0,False,False,0,OK,-71.0199966430664,-90.4499969482422
20231110,000017,2,True,True,0,False,False,0,YELLOW,-9.68000030517578,18.63999938964844
20231110,000019,0,False,False,1,True,False,1,YELLOW,-49.25,-13.119999885559082
20231110,000020,1,True,False,1,False,True,0,YELLOW,-11.25,31.030000686645508
20231110,000021,1,False,True,1,False,True,0,YELLOW,19.420000076293945,64.95999908447266
20231110,000025,1,True,False,1,True,False,1,WEAK,59.43000030517578,56.150001525878906
20231110,000026,1,True,False,1,True,False,1,OK,-26.950000762939453,-24.540000915527344
20231110,000027,2,True,True,0,False,False,0,YELLOW,78.41999816894531,-32.290000915527344
20231110,000028,1,True,False,1,False,True,0,YELLOW,5.099999904632568,-10.390000343322754
20231110,000029,1,False,True,1,True,False,1,WEAK,89.48999786376953,75.13999938964844
20231110,000030,2,True,True,1,False,True,0,YELLOW,100.62999725341795,11.239999771118164
20231110,000031,0,False,False,0,False,False,0,WEAK,-176.33999633789062,-187.38999938964844
20231110,000032,2,True,True,0,False,False,0,WEAK,107.1999969482422,-0.4699999988079071
20231110,000034,2,True,True,1,True,False,1,YELLOW,-14.729999542236328,2.0999999046325684
20231110,000035,2,True,True,1,True,False,1,YELLOW,329.3500061035156,30.579999923706055
20231110,000036,1,False,True,1,True,False,1,WEAK,-96.94000244140624,-57.810001373291016
20231110,000037,1,True,False,0,False,False,0,WEAK,20.18000030517578,-5.929999828338623
20231110,000039,1,False,True,0,False,False,0,YELLOW,500.0,40.34000015258789
20231110,000042,1,False,True,0,False,False,0,WEAK,108.69000244140624,-320.3699951171875
20231110,000045,2,True,True,2,True,True,1,YELLOW,184.02999877929688,29.0
20231110,000048,1,True,False,0,False,False,0,OK,-95.27999877929688,-54.25
20231110,000049,1,False,True,1,True,False,1,YELLOW,-58.72999954223633,-52.529998779296875
20231110,000050,1,False,True,2,True,True,1,WEAK,38.63999938964844,56.38999938964844
20231110,000055,2,True,True,0,False,False,0,YELLOW,-25.700000762939453,-44.77000045776367
20231110,000058,1,True,False,1,True,False,1,YELLOW,-18.15999984741211,-37.849998474121094
20231110,000059,1,False,True,0,False,False,0,WEAK,-0.6100000143051147,-362.9299926757813
20231110,000060,1,False,True,0,False,False,0,YELLOW,-23.940000534057617,16.389999389648438
20231110,000061,2,True,True,1,True,False,1,WEAK,-9.6899995803833,-2.180000066757202
20231110,000062,0,False,False,1,False,True,0,YELLOW,-53.720001220703125,-37.900001525878906
20231110,000063,1,True,False,0,False,False,0,YELLOW,7.929999828338623,-2.859999895095825
20231110,000065,1,True,False,0,False,False,0,YELLOW,41.970001220703125,5.170000076293945
20231110,000066,1,False,True,0,False,False,0,WEAK,28.270000457763672,24.56999969482422
20231110,000068,1,False,True,1,True,False,1,WEAK,10.890000343322754,29.65999984741211
20231110,000069,0,False,False,0,False,False,0,WEAK,-40.7400016784668,25.68000030517578
20231110,000070,1,False,True,1,True,False,1,WEAK,-22.739999771118164,29.61000061035156
20231110,000088,1,True,False,1,True,False,1,OK,145.7100067138672,107.12999725341795
20231110,000089,2,True,True,0,False,False,0,WEAK,151.9600067138672,280.1499938964844
20231110,000090,0,False,False,0,False,False,0,WEAK,-56.0099983215332,-69.58999633789062
20231110,000096,0,False,False,1,True,False,1,YELLOW,33.2400016784668,42.2400016784668
20231110,000099,1,True,False,0,False,False,0,WEAK,22.760000228881836,10.720000267028809
20231110,000100,1,True,False,1,False,True,0,YELLOW,109.69000244140624,43.58000183105469
20231110,000151,1,True,False,0,False,False,0,WEAK,-2.7200000286102295,-500.0
20231110,000153,1,True,False,2,True,True,1,YELLOW,4.960000038146973,-9.640000343322754
20231110,000155,2,True,True,0,False,False,0,WEAK,49.65999984741211,12.899999618530272
20231110,000156,0,False,False,0,False,False,0,OK,-38.599998474121094,-39.599998474121094
20231110,000157,1,True,False,0,False,False,0,YELLOW,19.450000762939453,-7.25
20231110,000158,1,True,False,1,True,False,1,WEAK,-29.799999237060547,-27.520000457763672
20231110,000159,2,True,True,1,True,False,1,WEAK,294.4700012207031,-23.6200008392334
20231110,000166,2,True,True,1,True,False,1,WEAK,-33.15999984741211,-9.90999984741211
20231110,000301,2,True,True,0,False,False,0,YELLOW,-87.62999725341797,-167.88999938964844
20231110,000333,1,True,False,0,False,False,0,YELLOW,20.38999938964844,13.170000076293944
20231110,000338,1,True,False,2,True,True,1,YELLOW,34.56999969482422,36.72999954223633
20231110,000400,2,True,True,0,False,False,0,YELLOW,57.09000015258789,20.219999313354492
20231110,000401,0,False,False,0,False,False,0,WEAK,-37.4900016784668,-9.729999542236328
20231110,000402,1,False,True,0,False,False,0,WEAK,-28.049999237060547,-90.73999786376952
20231110,000403,1,False,True,2,True,True,1,YELLOW,196.8500061035156,84.70999908447266
20231110,000404,2,True,True,0,False,False,0,YELLOW,34.2400016784668,23.579999923706055
20231110,000407,0,False,False,1,True,False,1,YELLOW,-13.869999885559082,9.579999923706056
20231110,000408,1,False,True,1,True,False,1,WEAK,-36.83000183105469,-37.380001068115234
20231110,000409,2,True,True,0,False,False,0,OK,94.12000274658205,79.44000244140625
20231110,000410,1,True,False,0,False,False,0,WEAK,-23.38999938964844,-8.880000114440918
20231110,000411,2,True,True,1,False,True,0,YELLOW,57.45000076293945,24.540000915527344
20231110,000415,2,True,True,0,False,False,0,OK,215.2899932861328,500.0
20231110,000417,2,True,True,0,False,False,0,YELLOW,17.229999542236328,22.399999618530273
20231110,000419,1,True,False,1,True,False,1,YELLOW,-42.560001373291016,-9.119999885559082
20231110,000420,1,True,False,0,False,False,0,YELLOW,500.0,57.209999084472656
20231110,000421,2,True,True,1,True,False,1,YELLOW,177.1199951171875,-171.57000732421875
20231110,000422,1,False,True,0,False,False,0,WEAK,-51.189998626708984,70.4000015258789
20231110,000423,2,True,True,1,False,True,0,YELLOW,54.790000915527344,52.33000183105469
20231110,000425,0,False,False,0,False,False,0,YELLOW,12.479999542236328,11.850000381469728
20231110,000426,2,True,True,1,True,False,1,WEAK,500.0,130.9600067138672
20231110,000428,1,True,False,1,True,False,1,WEAK,14.770000457763672,-9.300000190734863
20231110,000429,2,True,True,1,True,False,1,OK,2.5799999237060547,-0.3100000023841858
20231110,000498,1,False,True,0,False,False,0,YELLOW,2.1600000858306885,2.7699999809265137
20231110,000501,0,False,False,0,False,False,0,OK,-15.199999809265137,-13.649999618530272
20231110,000503,1,True,False,0,False,False,0,WEAK,6.909999847412109,7.690000057220459
20231110,000505,1,False,True,0,False,False,0,YELLOW,-44.779998779296875,-73.55999755859375
20231110,000506,1,True,False,0,False,False,0,WEAK,24.469999313354492,14.369999885559082
20231110,000507,1,True,False,1,True,False,1,YELLOW,-6.630000114440918,-4.260000228881836
20231110,000509,0,False,False,2,True,True,1,WEAK,90.72000122070312,2.700000047683716
20231110,000510,0,False,False,0,False,False,0,WEAK,-163.14999389648438,57.130001068115234
20231110,000513,2,True,True,2,True,True,1,OK,3.569999933242798,3.509999990463257
20231110,000514,1,True,False,1,True,False,1,WEAK,-66.91999816894531,-335.8399963378906
20231110,000516,1,True,False,2,True,True,1,WEAK,13.050000190734863,37.20000076293945
20231110,000517,0,False,False,0,False,False,0,WEAK,-6.360000133514404,-65.91000366210938
20231110,000519,1,False,True,0,False,False,0,WEAK,67.41999816894531,-141.33999633789062
20231110,000520,1,False,True,1,True,False,1,WEAK,10.779999732971191,-49.41999816894531
20231110,000521,1,True,False,0,False,False,0,YELLOW,79.63999938964844,0.209999993443489
20231110,000523,1,True,False,0,False,False,0,YELLOW,500.0,211.6999969482422
20231110,000524,2,True,True,0,False,False,0,YELLOW,239.5399932861328,10.260000228881836
20231110,000525,1,False,True,0,False,False,0,WEAK,-12.960000038146973,205.52000427246097
20231110,000526,2,True,True,1,True,False,1,YELLOW,322.30999755859375,40.45000076293945
20231110,000528,2,True,True,0,False,False,0,YELLOW,67.08000183105469,93.88999938964844
20231110,000529,1,False,True,1,True,False,1,WEAK,-79.16999816894531,-49.70000076293945
20231110,000530,2,True,True,1,True,False,1,YELLOW,83.52999877929688,51.369998931884766
20231110,000531,2,True,True,1,True,False,1,WEAK,-57.06999969482422,-48.040000915527344
20231110,000532,0,False,False,1,True,False,1,YELLOW,500.0,-7.989999771118164
20231110,000533,2,True,True,1,True,False,1,YELLOW,42.63999938964844,50.810001373291016
20231110,000534,1,True,False,1,False,True,0,YELLOW,15.40999984741211,9.75
20231110,000536,1,False,True,2,True,True,1,WEAK,25.34000015258789,22.020000457763672
20231110,000537,2,True,True,0,False,False,0,WEAK,-28.809999465942383,4.130000114440918
20231110,000538,1,True,False,1,False,True,0,YELLOW,20.510000228881836,10.68000030517578
20231110,000539,2,True,True,0,False,False,0,YELLOW,27.88999938964844,-13.09000015258789
20231110,000541,1,True,False,1,True,False,1,YELLOW,28.88999938964844,-5.389999866485596
20231110,000543,2,True,True,1,True,False,1,YELLOW,271.1000061035156,25.06999969482422
20231110,000544,2,True,True,0,False,False,0,YELLOW,187.91000366210935,36.47999954223633
20231110,000545,1,False,True,1,True,False,1,WEAK,80.2699966430664,44.7599983215332
20231110,000546,0,False,False,1,True,False,1,WEAK,86.77999877929688,-14.520000457763672
20231110,000547,1,False,True,0,False,False,0,WEAK,-19.06999969482422,-2.890000104904175
20231110,000548,2,True,True,1,True,False,1,OK,85.5,87.25
20231110,000550,1,True,False,1,False,True,0,YELLOW,500.0,64.95999908447266
20231110,000551,2,True,True,1,True,False,1,YELLOW,67.66999816894531,65.72000122070312
20231110,000552,2,True,True,1,False,True,0,YELLOW,-44.060001373291016,-37.400001525878906
20231110,000553,0,False,False,0,False,False,0,WEAK,-500.0,-71.38999938964844
20231110,000554,2,True,True,1,True,False,1,YELLOW,144.72000122070312,129.75999450683594
20231110,000555,0,False,False,1,True,False,1,YELLOW,-500.0,-390.9100036621094
20231110,000557,1,False,True,0,False,False,0,YELLOW,6.019999980926514,8.0600004196167
20231110,000558,1,True,False,1,True,False,1,WEAK,312.45001220703125,35.959999084472656
20231110,000559,1,False,True,1,False,True,0,YELLOW,21.579999923706055,35.650001525878906
20231110,000560,1,True,False,0,False,False,0,WEAK,-222.97999572753903,0.0
20231110,000561,0,False,False,0,False,False,0,WEAK,-225.16000366210935,-165.25
20231110,000563,2,True,True,1,True,False,1,WEAK,14.869999885559082,15.9399995803833
20231110,000564,1,False,True,1,True,False,1,WEAK,-18.6200008392334,25.969999313354492
20231110,000565,1,False,True,1,True,False,1,WEAK,161.11000061035156,173.69000244140625
20231110,000566,0,False,False,1,False,True,0,WEAK,-12.399999618530272,-71.8499984741211
20231110,000567,2,True,True,0,False,False,0,OK,21.61000061035156,-15.859999656677246
20231110,000568,2,True,True,0,False,False,0,OK,23.40999984741211,10.239999771118164
20231110,000570,2,True,True,1,False,True,0,YELLOW,500.0,500.0
20231110,000571,0,False,False,2,True,True,1,WEAK,25.040000915527344,-26.420000076293945
20231110,000572,0,False,False,1,False,True,0,WEAK,3.200000047683716,1.1100000143051147
20231110,000573,1,False,True,1,True,False,1,WEAK,-313.3500061035156,46.150001525878906
20231110,000576,0,False,False,0,False,False,0,WEAK,-61.290000915527344,-78.62000274658203
20231110,000581,0,False,False,1,False,True,0,YELLOW,54.349998474121094,3.259999990463257
20231110,000582,1,True,False,0,False,False,0,OK,-24.68000030517578,-19.219999313354492
20231110,000586,1,True,False,0,False,False,0,OK,-145.13999938964844,-118.2699966430664
20231110,000589,2,True,True,1,False,True,0,YELLOW,121.9000015258789,-13.0600004196167
20231110,000590,0,False,False,2,True,True,1,YELLOW,-287.8500061035156,-500.0
20231110,000591,2,True,True,0,False,False,0,WEAK,-9.640000343322754,-10.0
20231110,000592,1,True,False,1,True,False,1,YELLOW,52.81999969482422,82.61000061035156
20231110,000593,2,True,True,1,True,False,1,YELLOW,272.6700134277344,-26.780000686645508
20231110,000596,2,True,True,1,True,False,1,OK,32.66999816894531,25.549999237060547
20231110,000597,1,True,False,1,False,True,0,YELLOW,-32.959999084472656,-18.38999938964844
20231110,000598,1,True,False,1,True,False,1,OK,22.100000381469727,9.449999809265137
20231110,000599,1,True,False,1,False,True,0,WEAK,71.62999725341797,22.059999465942383
20231110,000600,1,False,True,0,False,False,0,YELLOW,263.57000732421875,276.2799987792969
20231110,000601,0,False,False,1,True,False,1,WEAK,158.72999572753906,473.8599853515625
20231110,000603,0,False,False,0,False,False,0,WEAK,-156.14999389648438,48.709999084472656
20231110,000605,1,True,False,0,False,False,0,YELLOW,37.41999816894531,38.220001220703125
20231110,000607,0,False,False,0,False,False,0,YELLOW,50.34000015258789,-153.25
20231110,000612,1,True,False,1,True,False,1,WEAK,500.0,54.93000030517578
20231110,000617,2,True,True,0,False,False,0,WEAK,-18.280000686645508,-22.18000030517578
20231110,000619,1,True,False,1,True,False,1,WEAK,12.640000343322754,-73.38999938964844
20231110,000620,1,False,True,1,True,False,1,WEAK,101.83000183105467,102.16999816894533
20231110,000623,2,True,True,1,False,True,0,OK,-37.5099983215332,2.819999933242798
20231110,000625,1,False,True,2,True,True,1,YELLOW,-92.45999908447266,-53.470001220703125
20231110,000626,0,False,False,0,False,False,0,WEAK,58.720001220703125,65.61000061035156
20231110,000628,2,True,True,1,True,False,1,YELLOW,-49.40999984741211,-23.559999465942383
20231110,000629,1,False,True,0,False,False,0,WEAK,-79.69999694824219,-80.94000244140625
20231110,000630,2,True,True,1,True,False,1,YELLOW,52.59000015258789,45.880001068115234
20231110,000631,1,True,False,1,True,False,1,WEAK,-6.039999961853027,-91.36000061035156
20231110,000633,0,False,False,1,True,False,1,YELLOW,74.56999969482422,-30.149999618530273
20231110,000635,1,False,True,1,True,False,1,WEAK,56.310001373291016,48.7400016784668
20231110,000636,0,False,False,1,False,True,0,WEAK,127.76000213623048,229.02000427246097
20231110,000637,1,False,True,1,True,False,1,WEAK,-53.220001220703125,-111.41000366210938
20231110,000650,1,True,False,2,True,True,1,OK,-42.279998779296875,-35.130001068115234
20231110,000651,2,True,True,0,False,False,0,YELLOW,21.549999237060547,10.140000343322754
20231110,000652,1,True,False,1,True,False,1,YELLOW,-31.920000076293945,-25.709999084472656
20231110,000655,1,False,True,1,True,False,1,WEAK,32.93000030517578,-19.700000762939453
20231110,000657,0,False,False,1,True,False,1,YELLOW,-48.47999954223633,-26.649999618530273
20231110,000659,0,False,False,0,False,False,0,YELLOW,3.190000057220459,-2.3299999237060547
20231110,000661,1,True,False,2,True,True,1,YELLOW,-0.8600000143051147,-21.450000762939453
20231110,000663,1,False,True,0,False,False,0,OK,-119.0,-136.72999572753906
20231110,000665,1,True,False,0,False,False,0,WEAK,-3.180000066757202,2.3499999046325684
20231110,000670,1,False,True,2,True,True,1,WEAK,61.15999984741211,-5.639999866485596
20231110,000672,0,False,False,0,False,False,0,WEAK,-86.19999694824219,-35.33000183105469
20231110,000676,1,True,False,1,True,False,1,YELLOW,-14.93000030517578,-42.79999923706055
20231110,000678,2,True,True,1,False,True,0,WEAK,36.779998779296875,46.650001525878906
20231110,000679,1,True,False,1,True,False,1,WEAK,12.300000190734863,-92.26000213623048
20231110,000680,1,True,False,1,True,False,1,YELLOW,44.91999816894531,42.5099983215332
20231110,000681,0,False,False,0,False,False,0,WEAK,88.3499984741211,6.159999847412109
20231110,000682,2,True,True,0,False,False,0,OK,28.34000015258789,19.239999771118164
20231110,000683,1,False,True,0,False,False,0,YELLOW,-13.029999732971191,16.479999542236328
20231110,000685,2,True,True,0,False,False,0,WEAK,-44.68000030517578,8.140000343322754
20231110,000686,2,True,True,0,False,False,0,WEAK,-96.8000030517578,-19.100000381469727
20231110,000688,1,False,True,0,False,False,0,WEAK,-85.5999984741211,500.0
20231110,000690,2,True,True,0,False,False,0,WEAK,500.0,-3.25
20231110,000692,1,True,False,1,True,False,1,WEAK,37.540000915527344,19.81999969482422
20231110,000695,2,True,True,0,False,False,0,WEAK,95.9499969482422,108.87000274658205
20231110,000697,2,True,True,0,False,False,0,WEAK,14.90999984741211,19.5
20231110,000700,2,True,True,2,True,True,1,YELLOW,35.83000183105469,13.210000038146973
20231110,000701,1,False,True,1,False,True,0,WEAK,58.5099983215332,42.400001525878906
20231110,000702,1,True,False,1,True,False,1,WEAK,66.36000061035156,46.02000045776367
20231110,000703,1,False,True,0,False,False,0,YELLOW,500.0,-88.98999786376953
20231110,000705,2,True,True,2,True,True,1,YELLOW,2.1600000858306885,-44.63999938964844
20231110,000707,0,False,False,0,False,False,0,WEAK,-28.350000381469727,-28.059999465942383
20231110,000708,1,False,True,0,False,False,0,YELLOW,-5.679999828338623,-10.710000038146973
20231110,000709,0,False,False,0,False,False,0,YELLOW,-57.20000076293945,-45.97999954223633
20231110,000710,0,False,False,1,False,True,0,WEAK,148.7899932861328,111.16999816894533
20231110,000712,0,False,False,1,True,False,1,WEAK,-500.0,68.37999725341797
20231110,000713,1,False,True,0,False,False,0,WEAK,-500.0,-109.12000274658205
20231110,000715,1,True,False,1,True,False,1,OK,-52.61000061035156,-44.2400016784668
20231110,000716,1,True,False,0,False,False,0,YELLOW,-52.27000045776367,39.529998779296875
20231110,000717,1,True,False,0,False,False,0,WEAK,-500.0,-437.5199890136719
20231110,000718,1,False,True,1,True,False,1,OK,-26.799999237060547,-10.010000228881836
20231110,000719,1,True,False,0,False,False,0,OK,-65.38999938964844,-26.3700008392334
20231110,000720,1,True,False,0,False,False,0,WEAK,45.16999816894531,15.15999984741211
20231110,000721,2,True,True,0,False,False,0,WEAK,5.489999771118164,-30.540000915527344
20231110,000722,0,False,False,0,False,False,0,WEAK,500.0,50.75
20231110,000723,1,False,True,1,False,True,0,WEAK,-193.33999633789065,-276.92999267578125
20231110,000725,0,False,False,1,False,True,0,WEAK,135.77000427246094,254.6699981689453
20231110,000726,1,False,True,0,False,False,0,YELLOW,138.64999389648438,15.869999885559082
20231110,000727,1,True,False,2,True,True,1,YELLOW,-500.0,-78.91000366210938
20231110,000728,2,True,True,1,True,False,1,WEAK,-10.25,18.059999465942383
20231110,000729,2,True,True,1,True,False,1,OK,81.72000122070312,45.68000030517578
20231110,000731,1,False,True,0,False,False,0,WEAK,-59.470001220703125,-43.40999984741211
20231110,000733,1,True,False,0,False,False,0,OK,-86.87000274658203,-71.02999877929688
20231110,000735,0,False,False,0,False,False,0,WEAK,273.42999267578125,285.0899963378906
20231110,000737,1,False,True,0,False,False,0,YELLOW,10.0600004196167,4.739999771118164
20231110,000738,2,True,True,0,False,False,0,OK,5.739999771118164,6.429999828338623
20231110,000739,2,True,True,1,False,True,0,YELLOW,2.4200000762939453,0.4000000059604645
20231110,000750,1,True,False,1,True,False,1,WEAK,-59.439998626708984,-55.7400016784668
20231110,000751,2,True,True,0,False,False,0,YELLOW,-136.67999267578125,-127.22000122070312
20231110,000753,0,False,False,1,True,False,1,YELLOW,11.130000114440918,-32.68000030517578
20231110,000755,2,True,True,0,False,False,0,OK,-34.83000183105469,-0.5400000214576721
20231110,000756,1,True,False,1,False,True,0,YELLOW,-6.409999847412109,-11.390000343322754
20231110,000757,1,False,True,2,True,True,1,WEAK,17.81999969482422,53.529998779296875
20231110,000758,1,False,True,0,False,False,0,YELLOW,500.0,6.21999979019165
20231110,000759,1,True,False,0,False,False,0,WEAK,-268.3399963378906,-500.0
20231110,000761,1,False,True,1,True,False,1,WEAK,-500.0,-149.32000732421875
20231110,000762,0,False,False,0,False,False,0,WEAK,119.7699966430664,54.220001220703125
20231110,000766,2,True,True,2,True,True,1,OK,33.43000030517578,51.150001525878906
20231110,000767,0,False,False,1,True,False,1,WEAK,-242.47999572753903,-151.8300018310547
20231110,000768,1,True,False,0,False,False,0,YELLOW,24.520000457763672,16.3799991607666
20231110,000776,2,True,True,1,True,False,1,WEAK,-28.299999237060547,21.530000686645508
20231110,000777,1,True,False,0,False,False,0,YELLOW,20.719999313354492,-2.3399999141693115
20231110,000778,0,False,False,1,True,False,1,WEAK,-76.91999816894531,-66.9800033569336
20231110,000779,1,True,False,1,True,False,1,YELLOW,9.789999961853027,-2.450000047683716
20231110,000782,1,False,True,1,True,False,1,WEAK,54.529998779296875,81.79000091552734
20231110,000783,2,True,True,0,False,False,0,WEAK,-46.83000183105469,21.059999465942383
20231110,000785,1,False,True,0,False,False,0,WEAK,-11.960000038146973,-31.040000915527344
20231110,000786,1,True,False,0,False,False,0,YELLOW,40.68000030517578,13.3100004196167
20231110,000788,1,False,True,1,False,True,0,WEAK,163.67999267578125,221.8500061035156
20231110,000789,0,False,False,0,False,False,0,YELLOW,-114.4499969482422,-110.43000030517578
20231110,000790,0,False,False,2,True,True,1,WEAK,-30.920000076293945,-81.30000305175781
20231110,000791,1,True,False,1,True,False,1,OK,214.67999267578125,9.140000343322754
20231110,000792,1,False,True,0,False,False,0,WEAK,-60.41999816894531,-44.220001220703125
20231110,000795,0,False,False,1,True,False,1,YELLOW,108.02999877929688,390.489990234375
20231110,000796,1,True,False,0,False,False,0,WEAK,99.02999877929688,83.01000213623047
20231110,000797,0,False,False,1,True,False,1,WEAK,154.60000610351562,500.0
20231110,000798,1,False,True,0,False,False,0,WEAK,-38.310001373291016,176.97999572753906
20231110,000799,1,False,True,0,False,False,0,OK,-76.75,-89.2699966430664
20231110,000800,1,True,False,1,False,True,0,YELLOW,225.9199981689453,-23.06999969482422
20231110,000801,0,False,False,1,True,False,1,YELLOW,-37.90999984741211,3.4200000762939453
20231110,000802,1,False,True,0,False,False,0,WEAK,-13.18000030517578,-5.110000133514404
20231110,000803,1,False,True,0,False,False,0,WEAK,-83.41999816894531,-227.38999938964844
20231110,000807,1,False,True,0,False,False,0,YELLOW,17.65999984741211,48.810001373291016
20231110,000809,1,True,False,1,True,False,1,WEAK,10.630000114440918,7.840000152587891
20231110,000810,1,False,True,0,False,False,0,YELLOW,-13.020000457763672,-52.70000076293945
20231110,000811,1,True,False,0,False,False,0,YELLOW,-3.690000057220459,-19.239999771118164
20231110,000812,0,False,False,0,False,False,0,YELLOW,26.309999465942383,33.349998474121094
20231110,000813,1,False,True,1,False,True,0,WEAK,-500.0,123.12999725341795
20231110,000815,2,True,True,1,True,False,1,WEAK,161.4199981689453,69.08999633789062
20231110,000816,0,False,False,1,False,True,0,YELLOW,-500.0,304.75
20231110,000818,0,False,False,1,True,False,1,WEAK,500.0,-57.90999984741211
20231110,000819,2,True,True,1,True,False,1,YELLOW,6.869999885559082,-9.5600004196167
20231110,000822,0,False,False,0,False,False,0,YELLOW,-37.13999938964844,-77.41000366210938
20231110,000823,0,False,False,1,False,True,0,YELLOW,17.780000686645508,10.079999923706056
20231110,000825,0,False,False,0,False,False,0,WEAK,92.95999908447266,-54.56999969482422
20231110,000828,0,False,False,1,True,False,1,OK,-11.06999969482422,-14.079999923706056
20231110,000829,0,False,False,1,True,False,1,YELLOW,-22.239999771118164,-211.72999572753903
20231110,000830,0,False,False,1,True,False,1,WEAK,91.29000091552734,183.1999969482422
20231110,000831,0,False,False,0,False,False,0,WEAK,-500.0,-273.8900146484375
20231110,000833,0,False,False,0,False,False,0,WEAK,79.69999694824219,406.8699951171875
20231110,000837,0,False,False,0,False,False,0,YELLOW,-77.54000091552734,-63.31999969482422
20231110,000839,1,True,False,0,False,False,0,YELLOW,-500.0,3.9700000286102295
20231110,000848,2,True,True,1,True,False,1,OK,3.0299999713897705,-5.130000114440918
20231110,000850,0,False,False,0,False,False,0,WEAK,186.4600067138672,102.63999938964844
20231110,000852,1,True,False,0,False,False,0,YELLOW,18.829999923706055,-7.619999885559082
20231110,000856,1,True,False,1,True,False,1,YELLOW,19.670000076293945,-79.37999725341797
20231110,000858,2,True,True,0,False,False,0,OK,12.710000038146973,9.1899995803833
20231110,000859,1,False,True,1,True,False,1,WEAK,-500.0,-141.2899932861328
20231110,000860,0,False,False,0,False,False,0,WEAK,37.43000030517578,230.63999938964844
20231110,000862,2,True,True,0,False,False,0,YELLOW,-14.779999732971191,9.479999542236328
20231110,000863,2,True,True,1,True,False,1,OK,49.45000076293945,41.06999969482422
20231110,000868,2,True,True,1,False,True,0,WEAK,75.16999816894531,39.459999084472656
20231110,000869,0,False,False,0,False,False,0,OK,-42.31999969482422,-49.369998931884766
20231110,000875,1,True,False,0,False,False,0,YELLOW,17.40999984741211,26.309999465942383
20231110,000876,0,False,False,0,False,False,0,WEAK,-12.390000343322754,100.97000122070312
20231110,000877,0,False,False,0,False,False,0,WEAK,-50.59000015258789,-500.0
20231110,000878,2,True,True,0,False,False,0,YELLOW,0.959999978542328,-0.3400000035762787
20231110,000880,2,True,True,2,True,True,1,YELLOW,11.649999618530272,7.860000133514404
20231110,000881,1,False,True,0,False,False,0,WEAK,-18.350000381469727,-22.68000030517578
20231110,000882,2,True,True,0,False,False,0,YELLOW,46.65999984741211,-77.12000274658203
20231110,000883,2,True,True,0,False,False,0,YELLOW,187.5500030517578,44.65999984741211
20231110,000885,1,True,False,0,False,False,0,OK,-27.780000686645508,-1.659999966621399
20231110,000886,2,True,True,0,False,False,0,WEAK,388.7699890136719,365.2000122070313
20231110,000887,2,True,True,1,False,True,0,YELLOW,40.47999954223633,30.43000030517578
20231110,000888,2,True,True,0,False,False,0,OK,6.980000019073486,-6.0
20231110,000889,1,False,True,1,True,False,1,WEAK,29.079999923706055,15.920000076293944
20231110,000890,1,True,False,0,False,False,0,WEAK,-48.65999984741211,-74.8499984741211
20231110,000892,1,False,True,1,True,False,1,WEAK,95.4800033569336,-240.3800048828125
20231110,000893,1,False,True,1,True,False,1,WEAK,-75.9800033569336,-48.790000915527344
20231110,000895,1,True,False,1,True,False,1,YELLOW,-11.119999885559082,-10.65999984741211
20231110,000897,1,True,False,0,False,False,0,OK,500.0,-24.809999465942383
20231110,000898,0,False,False,0,False,False,0,WEAK,-500.0,-138.35000610351562
20231110,000899,2,True,True,1,True,False,1,YELLOW,500.0,41.619998931884766
20231110,000900,1,False,True,1,True,False,1,YELLOW,4.300000190734863,-4.21999979019165
20231110,000901,0,False,False,1,False,True,0,YELLOW,296.2300109863281,-248.97000122070312
20231110,000902,0,False,False,1,True,False,1,YELLOW,-19.420000076293945,10.56999969482422
20231110,000905,1,False,True,0,False,False,0,YELLOW,-59.33000183105469,-20.90999984741211
20231110,000906,2,True,True,0,False,False,0,YELLOW,-66.70999908447266,-114.80999755859376
20231110,000910,1,False,True,1,True,False,1,YELLOW,16.290000915527344,-45.59000015258789
20231110,000912,1,False,True,0,False,False,0,WEAK,-110.61000061035156,-75.05000305175781
20231110,000913,0,False,False,1,False,True,0,YELLOW,57.2599983215332,37.08000183105469
20231110,000915,0,False,False,1,False,True,0,WEAK,4.989999771118164,-20.93000030517578
20231110,000917,0,False,False,1,True,False,1,YELLOW,71.55000305175781,-17.6200008392334
20231110,000919,0,False,False,1,False,True,0,YELLOW,10.140000343322754,-44.810001373291016
20231110,000920,1,True,False,0,False,False,0,OK,20.170000076293945,8.59000015258789
20231110,000921,1,True,False,0,False,False,0,YELLOW,60.88999938964844,10.989999771118164
20231110,000922,2,True,True,0,False,False,0,YELLOW,7.539999961853027,-24.06999969482422
20231110,000923,1,True,False,1,True,False,1,WEAK,29.25,-12.989999771118164
20231110,000925,1,False,True,1,True,False,1,WEAK,3.309999942779541,-113.62999725341795
20231110,000926,0,False,False,1,True,False,1,YELLOW,86.30999755859375,-61.04999923706055
20231110,000927,1,False,True,0,False,False,0,YELLOW,-8.1899995803833,-13.75
20231110,000928,1,True,False,0,False,False,0,YELLOW,32.58000183105469,32.54999923706055
20231110,000930,1,False,True,0,False,False,0,WEAK,275.7300109863281,89.23999786376953
20231110,000931,2,True,True,1,False,True,0,YELLOW,-1.659999966621399,19.969999313354492
20231110,000932,0,False,False,1,True,False,1,YELLOW,-49.91999816894531,-62.650001525878906
20231110,000933,1,False,True,1,True,False,1,WEAK,-34.2400016784668,-15.68000030517578
20231110,000935,1,True,False,0,False,False,0,WEAK,-102.02999877929688,-64.94000244140625
20231110,000936,1,False,True,0,False,False,0,YELLOW,86.51000213623047,47.63999938964844
20231110,000937,1,False,True,1,False,True,0,YELLOW,-41.709999084472656,-50.11000061035156
20231110,000938,1,False,True,0,False,False,0,YELLOW,1.75,6.909999847412109
20231110,000948,2,True,True,0,False,False,0,YELLOW,16.969999313354492,8.229999542236328
20231110,000949,1,True,False,1,True,False,1,WEAK,365.6099853515625,500.0
20231110,000950,1,False,True,1,False,True,0,YELLOW,-37.939998626708984,-40.86000061035156
20231110,000951,1,True,False,1,False,True,0,YELLOW,18.68000030517578,34.06999969482422
20231110,000952,1,False,True,2,True,True,1,WEAK,-26.979999542236328,-144.52999877929688
20231110,000953,1,True,False,2,True,True,1,WEAK,11.770000457763672,133.5500030517578
20231110,000955,1,True,False,1,True,False,1,WEAK,26.65999984741211,28.450000762939453
20231110,000957,1,True,False,1,False,True,0,YELLOW,100.54000091552734,238.19000244140625
20231110,000958,1,False,True,1,True,False,1,YELLOW,10.65999984741211,6.710000038146973
20231110,000959,0,False,False,0,False,False,0,WEAK,47.029998779296875,-99.75
20231110,000960,0,False,False,0,False,False,0,WEAK,17.489999771118164,46.439998626708984
20231110,000962,2,True,True,1,True,False,1,YELLOW,17.969999313354492,20.450000762939453
20231110,000963,1,True,False,2,True,True,1,OK,10.65999984741211,14.899999618530272
20231110,000965,1,False,True,0,False,False,0,WEAK,-42.47999954223633,98.58000183105467
20231110,000966,1,True,False,0,False,False,0,YELLOW,11.300000190734863,42.18000030517578
20231110,000967,2,True,True,1,True,False,1,YELLOW,40.59000015258789,11.119999885559082
20231110,000968,0,False,False,1,True,False,1,YELLOW,-31.56999969482422,-24.649999618530273
20231110,000969,1,True,False,1,True,False,1,YELLOW,-1.9700000286102295,36.099998474121094
20231110,000970,0,False,False,0,False,False,0,YELLOW,-216.63999938964844,-130.0800018310547
20231110,000973,1,False,True,1,True,False,1,YELLOW,13.329999923706056,436.4100036621094
20231110,000975,1,True,False,0,False,False,0,YELLOW,78.2300033569336,64.20999908447266
20231110,000977,1,False,True,0,False,False,0,YELLOW,40.150001525878906,169.0
20231110,000978,2,True,True,1,True,False,1,WEAK,-3.859999895095825,-83.48999786376953
20231110,000980,1,False,True,1,False,True,0,WEAK,33.630001068115234,25.479999542236328
20231110,000981,0,False,False,2,True,True,1,WEAK,105.62999725341795,48.75
20231110,000983,1,False,True,2,True,True,1,YELLOW,-64.02999877929688,-51.29999923706055
20231110,000985,1,False,True,1,True,False,1,WEAK,200.4900054931641,305.1700134277344
20231110,000987,2,True,True,0,False,False,0,WEAK,-41.310001373291016,-36.459999084472656
20231110,000988,1,True,False,0,False,False,0,YELLOW,-18.280000686645508,3.4600000381469727
20231110,000989,1,True,False,1,False,True,0,YELLOW,-13.0,-19.81999969482422
20231110,000990,2,True,True,1,True,False,1,WEAK,346.4800109863281,39.09000015258789
20231110,000993,1,True,False,0,False,False,0,WEAK,-208.1300048828125,-63.5099983215332
20231110,000995,0,False,False,1,True,False,1,OK,-92.27999877929688,-9.420000076293944
20231110,000997,1,True,False,0,False,False,0,YELLOW,12.529999732971191,-7.75
20231110,000998,1,False,True,1,True,False,1,WEAK,-27.350000381469727,-46.099998474121094
20231110,000999,2,True,True,1,False,True,0,WEAK,17.3799991607666,19.479999542236328
20231110,001201,0,False,False,0,False,False,0,WEAK,56.5099983215332,81.58999633789062
20231110,001202,2,True,True,1,True,False,1,YELLOW,35.2400016784668,55.939998626708984
20231110,001203,0,False,False,1,True,False,1,OK,57.70000076293945,-16.260000228881836
20231110,001205,1,False,True,0,False,False,0,WEAK,1.7200000286102295,8.529999732971191
20231110,001206,0,False,False,1,True,False,1,YELLOW,500.0,61.08000183105469
20231110,001207,1,True,False,1,True,False,1,YELLOW,272.3699951171875,75.73999786376953
20231110,001208,0,False,False,1,True,False,1,YELLOW,1.659999966621399,55.11000061035156
20231110,001209,2,True,True,1,True,False,1,OK,-2.569999933242798,-35.02000045776367
20231110,001210,0,False,False,0,False,False,0,YELLOW,10.9399995803833,17.520000457763672
20231110,001211,1,False,True,1,True,False,1,WEAK,291.20001220703125,170.47000122070312
20231110,001212,1,True,False,1,True,False,1,YELLOW,-23.549999237060547,-46.630001068115234
20231110,001213,2,True,True,0,False,False,0,YELLOW,98.87999725341795,-6.25
20231110,001215,2,True,True,0,False,False,0,YELLOW,14.050000190734863,-1.25
20231110,001216,1,False,True,1,True,False,1,OK,44.43000030517578,20.950000762939453
20231110,001217,1,False,True,1,True,False,1,WEAK,12.630000114440918,-14.079999923706056
20231110,001218,2,True,True,1,True,False,1,YELLOW,-8.960000038146973,-28.079999923706055
20231110,001219,2,True,True,1,True,False,1,OK,9.520000457763672,20.38999938964844
20231110,001222,0,False,False,0,False,False,0,YELLOW,59.65999984741211,13.640000343322754
20231110,001223,1,False,True,0,False,False,0,WEAK,-3.8299999237060542,-17.8700008392334
20231110,001225,1,False,True,0,,False,-1,WEAK,-33.59000015258789,-48.88999938964844
20231110,001226,1,False,True,1,True,False,1,WEAK,-53.900001525878906,210.57000732421875
20231110,001227,1,True,False,0,False,False,0,WEAK,5.130000114440918,-1.3700000047683716
20231110,001228,1,False,True,0,False,False,0,YELLOW,-14.779999732971191,-41.34000015258789
20231110,001229,2,True,True,1,True,False,1,OK,-19.690000534057617,-16.469999313354492
20231110,001230,2,True,True,1,True,False,1,YELLOW,8.579999923706055,40.189998626708984
20231110,001231,0,False,False,1,True,False,1,OK,-9.5600004196167,9.68000030517578
20231110,001234,1,False,True,0,False,False,0,WEAK,142.89999389648438,32.16999816894531
20231110,001236,1,False,True,0,False,False,0,WEAK,-336.25,500.0
20231110,001238,0,False,False,1,True,False,1,YELLOW,50.560001373291016,-32.88999938964844
20231110,001255,1,False,True,0,False,False,0,OK,-109.97000122070312,-76.83000183105469
20231110,001256,0,False,False,1,True,False,1,OK,76.54000091552734,41.869998931884766
20231110,001258,1,True,False,0,False,False,0,WEAK,-46.5,-34.220001220703125
20231110,001259,1,False,True,0,False,False,0,YELLOW,-25.280000686645508,-39.09000015258789
20231110,001260,1,False,True,1,,True,-1,YELLOW,-18.6200008392334,16.68000030517578
20231110,001266,1,False,True,1,True,False,1,WEAK,-383.7000122070313,-82.29000091552734
20231110,001267,0,False,False,0,False,False,0,YELLOW,248.11000061035156,21.809999465942383
20231110,001268,1,False,True,1,True,False,1,WEAK,1.190000057220459,8.670000076293945
20231110,001269,2,True,True,0,False,False,0,YELLOW,-87.6500015258789,-140.39999389648438
20231110,001278,1,False,True,1,,True,-1,YELLOW,-8.220000267028809,-36.439998626708984
20231110,001282,1,False,True,1,,True,-1,YELLOW,65.0,44.279998779296875
20231110,001283,1,False,True,1,True,False,1,YELLOW,76.41000366210938,-36.939998626708984
20231110,001286,1,False,True,0,,False,-1,YELLOW,15.479999542236328,12.329999923706056
20231110,001287,1,False,True,1,,True,-1,YELLOW,-48.09000015258789,160.3000030517578
20231110,001288,1,True,False,0,False,False,0,YELLOW,23.11000061035156,22.280000686645508
20231110,001289,2,True,True,1,True,False,1,OK,4.46999979019165,-15.829999923706056
20231110,001296,2,True,True,1,True,False,1,WEAK,64.4800033569336,2.3399999141693115
20231110,001298,1,False,True,2,True,True,1,YELLOW,-26.899999618530273,-53.439998626708984
20231110,001299,1,False,True,1,True,False,1,WEAK,-14.609999656677246,15.010000228881836
20231110,001300,0,False,False,1,True,False,1,YELLOW,500.0,204.4900054931641
20231110,001301,0,False,False,0,False,False,0,WEAK,-35.15999984741211,3.690000057220459
20231110,001308,1,False,True,1,False,True,0,YELLOW,-38.779998779296875,-46.86000061035156
20231110,001309,1,False,True,2,True,True,1,WEAK,500.0,439.19000244140625
20231110,001311,1,False,True,1,,True,-1,YELLOW,9.15999984741211,-10.1899995803833
20231110,001313,0,False,False,1,True,False,1,WEAK,-15.779999732971191,-197.47000122070312
20231110,001314,0,False,False,1,,True,-1,YELLOW,-172.41000366210938,-85.69000244140625
20231110,001316,1,True,False,1,True,False,1,WEAK,-20.030000686645508,-4.679999828338623
20231110,001317,2,True,True,1,True,False,1,YELLOW,-24.420000076293945,-48.27000045776367
20231110,001318,2,True,True,0,False,False,0,OK,0.959999978542328,-4.059999942779541
20231110,001319,1,True,False,2,True,True,1,YELLOW,28.31999969482422,13.010000228881836
20231110,001322,1,False,True,0,False,False,0,OK,-500.0,-99.61000061035156
20231110,001323,1,True,False,0,False,False,0,YELLOW,36.439998626708984,-2.299999952316284
20231110,001324,1,False,True,0,,False,-1,WEAK,-16.40999984741211,-26.1200008392334
20231110,001328,1,False,True,0,,False,-1,OK,-0.3799999952316284,6.400000095367432
20231110,001330,1,False,True,0,False,False,0,WEAK,91.95999908447266,8.430000305175781
20231110,001331,1,False,True,1,True,False,1,WEAK,500.0,130.24000549316406
20231110,001332,1,False,True,0,False,False,0,WEAK,-17.440000534057617,95.30999755859376
20231110,001333,0,False,False,0,False,False,0,WEAK,7.71999979019165,2.9800000190734863
20231110,001336,1,False,True,1,True,False,1,OK,-25.440000534057617,5.239999771118164
20231110,001337,1,False,True,0,,False,-1,OK,24.440000534057617,25.40999984741211
20231110,001338,1,True,False,0,False,False,0,WEAK,319.3599853515625,120.55999755859376
20231110,001339,0,False,False,0,False,False,0,WEAK,-76.95999908447266,157.8699951171875
20231110,001360,1,False,True,0,,False,-1,WEAK,-4.360000133514404,-23.13999938964844
20231110,001366,1,False,True,0,,False,-1,YELLOW,-129.5800018310547,-166.8800048828125
20231110,001367,1,False,True,1,,True,-1,OK,30.489999771118164,22.8700008392334
20231110,001368,0,False,False,0,,False,-1,YELLOW,-1.8799999952316284,2.4700000286102295
20231110,001373,1,False,True,1,,True,-1,YELLOW,-56.220001220703125,-63.099998474121094
20231110,001380,1,False,True,1,,True,-1,YELLOW,39.16999816894531,45.08000183105469
20231110,001696,1,False,True,0,False,False,0,YELLOW,11.239999771118164,2.299999952316284
20231110,001872,1,True,False,1,True,False,1,OK,12.199999809265137,11.770000457763672
20231110,001896,1,True,False,1,True,False,1,WEAK,100.51000213623048,81.4800033569336
20231110,001914,1,True,False,1,True,False,1,YELLOW,10.470000267028809,10.199999809265137
20231110,001965,1,True,False,1,True,False,1,OK,-3.440000057220459,-4.389999866485596
20231110,001979,1,True,False,0,False,False,0,WEAK,8.0,-43.31999969482422
20231110,002001,0,False,False,1,True,False,1,WEAK,46.220001220703125,99.02999877929688
20231110,002003,1,False,True,1,True,False,1,OK,46.130001068115234,21.09000015258789
20231110,002004,0,False,False,1,False,True,0,OK,-11.789999961853027,-9.779999732971191
20231110,002006,1,False,True,0,False,False,0,YELLOW,24.61000061035156,-51.209999084472656
20231110,002007,2,True,True,1,False,True,0,OK,-19.65999984741211,-9.75
20231110,002008,1,False,True,0,False,False,0,YELLOW,87.0,2.2899999618530273
20231110,002009,0,False,False,1,True,False,1,WEAK,100.19000244140624,69.75
20231110,002010,0,False,False,0,False,False,0,YELLOW,1.0499999523162842,-29.739999771118164
20231110,002011,2,True,True,0,False,False,0,YELLOW,13.9399995803833,0.8100000023841858
20231110,002012,0,False,False,0,False,False,0,WEAK,137.0800018310547,174.19000244140625
20231110,002014,2,True,True,0,False,False,0,YELLOW,5.5,2.5399999618530273
20231110,002015,2,True,True,1,True,False,1,YELLOW,-33.349998474121094,60.099998474121094
20231110,002016,2,True,True,1,True,False,1,WEAK,-80.70999908447266,-90.4800033569336
20231110,002017,2,True,True,0,False,False,0,YELLOW,21.200000762939453,8.100000381469727
20231110,002019,1,False,True,2,True,True,1,OK,83.93000030517578,122.3000030517578
20231110,002020,0,False,False,2,True,True,1,WEAK,14.300000190734863,13.15999984741211
20231110,002021,0,False,False,0,False,False,0,WEAK,500.0,224.05999755859375
20231110,002022,0,False,False,1,False,True,0,WEAK,-181.25,-282.82000732421875
20231110,002023,1,False,True,1,True,False,1,WEAK,47.2599983215332,500.0
20231110,002025,1,True,False,0,False,False,0,OK,-2.8399999141693115,-34.27000045776367
20231110,002026,0,False,False,0,False,False,0,YELLOW,500.0,64.87000274658203
20231110,002027,2,True,True,0,False,False,0,OK,18.170000076293945,8.710000038146973
20231110,002028,2,True,True,1,True,False,1,YELLOW,86.95999908447266,26.520000457763672
20231110,002029,2,True,True,0,False,False,0,YELLOW,-7.710000038146973,-82.66999816894531
20231110,002030,0,False,False,1,False,True,0,WEAK,-481.6700134277344,-500.0
20231110,002031,1,True,False,1,True,False,1,WEAK,-143.9499969482422,95.6500015258789
20231110,002032,1,True,False,1,True,False,1,YELLOW,8.0600004196167,5.260000228881836
20231110,002033,2,True,True,0,False,False,0,OK,-0.6600000262260437,-10.779999732971191
20231110,002034,1,True,False,0,False,False,0,WEAK,11.40999984741211,3.059999942779541
20231110,002035,2,True,True,0,False,False,0,OK,50.72999954223633,12.0
20231110,002036,1,False,True,1,False,True,0,WEAK,52.630001068115234,74.19000244140625
20231110,002037,2,True,True,0,False,False,0,YELLOW,-95.29000091552734,-204.05999755859375
20231110,002038,2,True,True,2,True,True,1,OK,6.619999885559082,-61.34000015258789
20231110,002039,0,False,False,1,True,False,1,WEAK,170.55999755859375,-2.6500000953674316
20231110,002040,1,False,True,1,True,False,1,OK,-2.390000104904175,-0.9700000286102296
20231110,002041,1,False,True,1,True,False,1,WEAK,-54.97999954223633,-104.0199966430664
20231110,002042,0,False,False,1,True,False,1,WEAK,-81.2300033569336,-376.3399963378906
20231110,002043,2,True,True,0,False,False,0,YELLOW,38.34000015258789,14.140000343322754
20231110,002044,1,True,False,1,False,True,0,OK,-71.58000183105469,-96.41999816894533
20231110,002045,1,True,False,2,True,True,1,YELLOW,445.19000244140625,25.979999542236328
20231110,002046,1,False,True,1,True,False,1,YELLOW,52.58000183105469,7.409999847412109
20231110,002048,1,False,True,1,False,True,0,YELLOW,8.029999732971191,-15.15999984741211
20231110,002049,1,False,True,1,False,True,0,OK,-58.25,-54.29999923706055
20231110,002050,1,True,False,0,False,False,0,YELLOW,20.530000686645508,1.1399999856948853
20231110,002051,1,True,False,0,False,False,0,YELLOW,29.969999313354492,-49.40999984741211
20231110,002052,2,True,True,0,False,False,0,WEAK,-66.70999908447266,89.45999908447266
20231110,002053,2,True,True,0,False,False,0,YELLOW,108.04000091552734,82.7300033569336
20231110,002054,0,False,False,1,True,False,1,WEAK,389.69000244140625,44.90999984741211
20231110,002056,2,True,True,0,False,False,0,YELLOW,-40.4900016784668,-45.849998474121094
20231110,002057,1,False,True,1,True,False,1,YELLOW,2.4100000858306885,-38.0
20231110,002059,1,False,True,0,False,False,0,WEAK,-46.810001373291016,-43.619998931884766
20231110,002060,2,True,True,0,False,False,0,WEAK,-16.149999618530273,-33.290000915527344
20231110,002061,1,False,True,0,False,False,0,YELLOW,14.920000076293944,11.630000114440918
20231110,002062,2,True,True,0,False,False,0,YELLOW,-16.739999771118164,-2.950000047683716
20231110,002063,1,True,False,0,False,False,0,OK,171.4600067138672,-22.510000228881836
20231110,002064,0,False,False,0,False,False,0,WEAK,7.559999942779541,4.239999771118164
20231110,002065,0,False,False,0,False,False,0,WEAK,1.3700000047683716,12.989999771118164
20231110,002066,1,False,True,1,True,False,1,YELLOW,48.43000030517578,6.409999847412109
20231110,002067,0,False,False,1,True,False,1,WEAK,303.3800048828125,-56.79999923706055
20231110,002068,1,False,True,0,False,False,0,WEAK,97.6500015258789,67.75
20231110,002069,1,True,False,1,True,False,1,YELLOW,-6.0,-256.1600036621094
20231110,002072,1,True,False,1,True,False,1,WEAK,266.42999267578125,-80.70999908447266
20231110,002073,2,True,True,1,True,False,1,YELLOW,404.3800048828125,82.1500015258789
20231110,002074,1,True,False,0,False,False,0,YELLOW,195.2599945068359,12.619999885559082
20231110,002075,0,False,False,1,True,False,1,WEAK,500.0,-142.52000427246094
20231110,002077,0,False,False,2,True,True,1,WEAK,25.440000534057617,26.469999313354492
20231110,002078,0,False,False,1,True,False,1,YELLOW,72.22000122070312,24.260000228881836
20231110,002079,0,False,False,1,True,False,1,YELLOW,47.43000030517578,-82.30000305175781
20231110,002080,1,False,True,0,False,False,0,WEAK,-70.76000213623047,-78.4000015258789
20231110,002081,0,False,False,0,False,False,0,YELLOW,-23.88999938964844,-34.599998474121094
20231110,002083,1,True,False,1,True,False,1,YELLOW,476.0499877929687,34.2599983215332
20231110,002084,0,False,False,0,False,False,0,YELLOW,122.2699966430664,-213.2899932861328
20231110,002085,1,False,True,1,,True,-1,YELLOW,5.840000152587891,3.200000047683716
20231110,002086,0,False,False,1,False,True,0,WEAK,-500.0,-5.079999923706055
20231110,002088,0,False,False,0,False,False,0,YELLOW,-15.880000114440918,-12.739999771118164
20231110,002090,2,True,True,0,False,False,0,YELLOW,144.63999938964844,89.29000091552734
20231110,002091,0,False,False,1,True,False,1,YELLOW,-19.18000030517578,-24.030000686645508
20231110,002092,0,False,False,0,False,False,0,WEAK,44.88999938964844,65.25
20231110,002093,1,True,False,1,True,False,1,WEAK,14.109999656677246,29.06999969482422
20231110,002094,0,False,False,1,True,False,1,YELLOW,-36.27000045776367,118.0199966430664
20231110,002095,1,False,True,1,True,False,1,YELLOW,-260.55999755859375,-471.8500061035156
20231110,002096,2,True,True,0,False,False,0,WEAK,4.329999923706055,8.539999961853027
20231110,002097,1,True,False,0,False,False,0,YELLOW,-286.1300048828125,-11.100000381469728
20231110,002098,1,True,False,1,True,False,1,OK,148.24000549316406,77.08000183105469
20231110,002099,0,False,False,1,False,True,0,WEAK,500.0,-39.27000045776367
20231110,002100,0,False,False,0,False,False,0,WEAK,500.0,206.3500061035156
20231110,002101,1,True,False,1,False,True,0,YELLOW,-17.940000534057617,-15.119999885559082
20231110,002103,1,True,False,0,False,False,0,YELLOW,235.86000061035156,-6.010000228881836
20231110,002104,2,True,True,0,False,False,0,YELLOW,-37.84000015258789,-42.720001220703125
20231110,002105,0,False,False,1,False,True,0,YELLOW,-71.05000305175781,-129.16000366210938
20231110,002106,0,False,False,2,True,True,1,YELLOW,500.0,4.96999979019165
20231110,002107,0,False,False,2,True,True,1,OK,-66.80000305175781,-61.439998626708984
20231110,002108,1,False,True,0,False,False,0,YELLOW,-27.59000015258789,-46.65999984741211
20231110,002110,0,False,False,0,False,False,0,WEAK,-60.380001068115234,-500.0
20231110,002111,1,True,False,1,True,False,1,YELLOW,91.75,127.5500030517578
20231110,002112,2,True,True,0,False,False,0,YELLOW,314.010009765625,163.33999633789062
20231110,002114,1,False,True,1,True,False,1,WEAK,-321.8500061035156,115.31999969482422
20231110,002115,2,True,True,1,True,False,1,YELLOW,-53.84000015258789,-155.92999267578125
20231110,002116,2,True,True,0,False,False,0,YELLOW,10.0,13.130000114440918
20231110,002117,2,True,True,0,False,False,0,YELLOW,-11.0,-43.369998931884766
20231110,002119,0,False,False,2,True,True,1,WEAK,-11.600000381469728,32.619998931884766
20231110,002120,1,True,False,0,False,False,0,YELLOW,11.5,20.86000061035156
20231110,002121,2,True,True,0,False,False,0,WEAK,58.279998779296875,-298.6000061035156
20231110,002123,0,False,False,0,False,False,0,YELLOW,-141.1699981689453,136.57000732421875
20231110,002124,1,False,True,0,False,False,0,WEAK,34.08000183105469,107.91999816894533
20231110,002125,0,False,False,1,True,False,1,WEAK,73.44000244140625,5.110000133514404
20231110,002126,1,True,False,1,False,True,0,YELLOW,62.29999923706055,32.779998779296875
20231110,002127,0,False,False,0,False,False,0,WEAK,14.270000457763672,-43.400001525878906
20231110,002128,2,True,True,1,False,True,0,OK,20.84000015258789,22.959999084472656
20231110,002129,1,True,False,0,False,False,0,YELLOW,-146.77999877929688,-230.38999938964844
20231110,002130,1,True,False,2,True,True,1,OK,78.83999633789062,36.0
20231110,002131,2,True,True,0,False,False,0,YELLOW,-31.40999984741211,20.229999542236328
20231110,002132,0,False,False,0,False,False,0,YELLOW,129.1300048828125,500.0
20231110,002133,2,True,True,1,True,False,1,YELLOW,-97.93000030517578,-197.32000732421875
20231110,002134,2,True,True,2,True,True,1,YELLOW,52.11000061035156,21.059999465942383
20231110,002135,0,False,False,0,False,False,0,YELLOW,-48.22999954223633,-47.810001373291016
20231110,002136,0,False,False,1,True,False,1,WEAK,-39.119998931884766,-55.11000061035156
20231110,002137,1,False,True,1,False,True,0,YELLOW,-29.1299991607666,-28.63999938964844
20231110,002138,2,True,True,1,False,True,0,OK,156.72999572753906,33.40999984741211
20231110,002139,1,True,False,1,False,True,0,YELLOW,85.4800033569336,42.119998931884766
20231110,002140,0,False,False,1,True,False,1,YELLOW,23.06999969482422,35.099998474121094
20231110,002141,1,True,False,0,False,False,0,WEAK,-44.060001373291016,52.709999084472656
20231110,002142,1,True,False,0,False,False,0,WEAK,10.079999923706056,8.329999923706055
20231110,002144,0,False,False,1,True,False,1,YELLOW,3.200000047683716,-3.609999895095825
20231110,002145,1,False,True,0,False,False,0,WEAK,204.08999633789065,51.630001068115234
20231110,002146,1,True,False,0,False,False,0,WEAK,111.25,-500.0
20231110,002148,1,False,True,1,True,False,1,WEAK,61.529998779296875,205.0800018310547
20231110,002149,2,True,True,1,True,False,1,YELLOW,7.099999904632568,-23.65999984741211
20231110,002150,0,False,False,0,False,False,0,YELLOW,-3.2100000381469727,171.74000549316406
20231110,002151,0,False,False,1,True,False,1,WEAK,-500.0,-341.3500061035156
20231110,002152,1,True,False,1,True,False,1,OK,7.409999847412109,-17.079999923706055
20231110,002153,1,True,False,0,False,False,0,YELLOW,22.81999969482422,123.91000366210938
20231110,002154,2,True,True,1,True,False,1,OK,6.929999828338623,-25.600000381469727
20231110,002155,1,True,False,0,False,False,0,YELLOW,51.84000015258789,73.55000305175781
20231110,002156,0,False,False,1,False,True,0,WEAK,306.82000732421875,438.9800109863281
20231110,002157,1,True,False,1,True,False,1,WEAK,71.94999694824219,88.68000030517578
20231110,002158,2,True,True,0,False,False,0,OK,24.25,6.349999904632568
20231110,002159,2,True,True,1,True,False,1,OK,-21.93000030517578,9.59000015258789
20231110,002160,2,True,True,1,True,False,1,WEAK,-500.0,268.7900085449219
20231110,002161,1,True,False,1,False,True,0,OK,38.20000076293945,-46.689998626708984
20231110,002162,2,True,True,0,False,False,0,YELLOW,-100.18000030517578,6.789999961853027
20231110,002163,2,True,True,0,False,False,0,YELLOW,12.800000190734863,-328.5199890136719
20231110,002164,0,False,False,0,False,False,0,WEAK,290.1700134277344,98.43000030517578
20231110,002165,2,True,True,1,True,False,1,YELLOW,299.5299987792969,-22.68000030517578
20231110,002166,1,False,True,1,True,False,1,WEAK,372.0499877929687,500.0
20231110,002167,1,False,True,0,False,False,0,WEAK,-500.0,-352.6700134277344
20231110,002169,2,True,True,1,True,False,1,YELLOW,-146.5399932861328,-500.0
20231110,002170,2,True,True,0,False,False,0,YELLOW,9.34000015258789,22.149999618530273
20231110,002171,2,True,True,1,True,False,1,YELLOW,500.0,-125.5
20231110,002172,2,True,True,1,False,True,0,YELLOW,138.5399932861328,18.049999237060547
20231110,002173,1,True,False,2,True,True,1,WEAK,-500.0,-109.87000274658205
20231110,002174,0,False,False,0,False,False,0,YELLOW,292.07000732421875,112.04000091552734
20231110,002176,1,False,True,1,True,False,1,WEAK,-204.3699951171875,-22.8799991607666
20231110,002177,1,False,True,0,False,False,0,OK,16.309999465942383,83.37000274658203
20231110,002178,1,True,False,1,True,False,1,YELLOW,-500.0,-500.0
20231110,002179,2,True,True,0,False,False,0,OK,-24.799999237060547,-13.760000228881836
20231110,002180,0,False,False,0,False,False,0,OK,30.479999542236328,152.83999633789062
20231110,002181,0,False,False,1,True,False,1,YELLOW,-52.75,-500.0
20231110,002182,1,False,True,1,True,False,1,WEAK,32.72999954223633,-33.72999954223633
20231110,002183,1,False,True,0,False,False,0,YELLOW,-52.560001373291016,-46.77000045776367
20231110,002184,2,True,True,1,True,False,1,YELLOW,-191.8500061035156,-247.77000427246097
20231110,002185,0,False,False,1,False,True,0,WEAK,57.720001220703125,116.56999969482422
20231110,002186,1,True,False,0,False,False,0,WEAK,87.62000274658203,1.3799999952316284
20231110,002187,1,True,False,0,False,False,0,YELLOW,-25.270000457763672,56.16999816894531
20231110,002188,2,True,True,1,True,False,1,YELLOW,2.75,-27.25
20231110,002189,1,False,True,1,True,False,1,WEAK,77.69999694824219,75.41999816894531
20231110,002190,1,False,True,1,False,True,0,YELLOW,-500.0,-235.30999755859375
20231110,002191,0,False,False,0,False,False,0,YELLOW,-10.350000381469728,-29.6299991607666
20231110,002192,1,False,True,1,True,False,1,WEAK,-65.29000091552734,-49.97999954223633
20231110,002194,1,False,True,1,True,False,1,YELLOW,-99.3000030517578,-55.81999969482422
20231110,002195,2,True,True,0,False,False,0,YELLOW,-29.86000061035156,-91.55999755859376
20231110,002196,1,True,False,1,True,False,1,YELLOW,-209.05999755859375,-115.8499984741211
20231110,002197,2,True,True,1,True,False,1,WEAK,-106.33999633789062,-500.0
20231110,002201,1,False,True,0,False,False,0,YELLOW,-25.290000915527344,-10.65999984741211
20231110,002202,1,False,True,0,False,False,0,WEAK,-68.41000366210938,73.1500015258789
20231110,002203,2,True,True,0,False,False,0,YELLOW,-10.029999732971191,-39.5
20231110,002204,2,True,True,0,False,False,0,YELLOW,52.959999084472656,35.70000076293945
20231110,002205,0,False,False,1,True,False,1,WEAK,60.599998474121094,75.4000015258789
20231110,002206,1,True,False,0,False,False,0,WEAK,14.15999984741211,3.059999942779541
20231110,002208,2,True,True,1,True,False,1,WEAK,-306.4700012207031,-67.62000274658203
20231110,002209,2,True,True,1,True,False,1,YELLOW,114.47000122070312,46.630001068115234
20231110,002210,1,True,False,1,True,False,1,YELLOW,500.0,-84.54000091552734
20231110,002212,1,True,False,1,True,False,1,WEAK,2.049999952316284,29.950000762939453
20231110,002213,0,False,False,1,False,True,0,WEAK,-500.0,22.030000686645508
20231110,002215,1,True,False,1,True,False,1,YELLOW,93.76000213623048,66.61000061035156
20231110,002216,1,True,False,0,False,False,0,YELLOW,-18.040000915527344,-35.43000030517578
20231110,002217,0,False,False,1,False,True,0,WEAK,13.050000190734863,62.720001220703125
20231110,002218,1,False,True,1,True,False,1,YELLOW,-101.54000091552734,-2.7699999809265137
20231110,002219,0,False,False,1,False,True,0,YELLOW,23.549999237060547,60.95000076293945
20231110,002221,0,False,False,1,True,False,1,YELLOW,3.9600000381469727,17.309999465942383
20231110,002222,1,False,True,2,True,True,1,OK,-8.949999809265137,11.359999656677246
20231110,002223,2,True,True,1,False,True,0,OK,-21.690000534057617,-23.739999771118164
20231110,002224,1,False,True,1,True,False,1,YELLOW,500.0,-49.79999923706055
20231110,002225,0,False,False,1,True,False,1,YELLOW,36.72999954223633,-60.31999969482422
20231110,002226,1,False,True,0,False,False,0,WEAK,30.06999969482422,0.0399999991059303
20231110,002228,0,False,False,1,True,False,1,YELLOW,15.649999618530272,24.15999984741211
20231110,002229,2,True,True,1,True,False,1,WEAK,-44.4900016784668,-87.37999725341797
20231110,002230,0,False,False,0,False,False,0,OK,-30.290000915527344,-44.380001068115234
20231110,002232,1,False,True,1,True,False,1,YELLOW,-293.3599853515625,-164.80999755859375
20231110,002233,1,True,False,0,False,False,0,WEAK,-17.309999465942383,-52.43000030517578
20231110,002234,2,True,True,0,False,False,0,WEAK,-162.77999877929688,-84.9800033569336
20231110,002235,0,False,False,1,True,False,1,WEAK,-270.010009765625,147.0500030517578
20231110,002236,1,True,False,1,True,False,1,YELLOW,25.920000076293945,-5.869999885559082
20231110,002237,2,True,True,1,True,False,1,YELLOW,90.8499984741211,38.689998626708984
20231110,002238,1,False,True,1,True,False,1,YELLOW,-195.4600067138672,-201.3699951171875
20231110,002239,2,True,True,1,False,True,0,YELLOW,22.59000015258789,109.20999908447266
20231110,002240,1,False,True,0,False,False,0,WEAK,-149.92999267578125,-223.6300048828125
20231110,002241,0,False,False,2,True,True,1,WEAK,500.0,160.22000122070312
20231110,002242,0,False,False,0,False,False,0,YELLOW,7.230000019073486,-61.619998931884766
20231110,002243,1,True,False,0,False,False,0,YELLOW,-500.0,-32.119998931884766
20231110,002244,1,True,False,0,False,False,0,YELLOW,19.780000686645508,-38.88999938964844
20231110,002245,0,False,False,0,False,False,0,WEAK,401.4100036621094,214.77000427246097
20231110,002246,0,False,False,0,False,False,0,YELLOW,-469.4599914550781,-500.0
20231110,002247,1,True,False,1,True,False,1,WEAK,41.529998779296875,-50.63999938964844
20231110,002248,1,True,False,1,True,False,1,YELLOW,30.049999237060547,-0.6600000262260437
20231110,002249,2,True,True,1,True,False,1,YELLOW,27.719999313354492,32.380001068115234
20231110,002250,0,False,False,0,False,False,0,WEAK,-73.19000244140625,-11.510000228881836
20231110,002251,0,False,False,1,True,False,1,WEAK,103.95999908447266,61.310001373291016
20231110,002252,2,True,True,1,False,True,0,WEAK,-16.639999389648438,-3.640000104904175
20231110,002254,1,False,True,0,False,False,0,YELLOW,-94.47000122070312,-76.87000274658203
20231110,002255,1,True,False,0,False,False,0,YELLOW,35.18000030517578,4.119999885559082
20231110,002256,0,False,False,0,False,False,0,WEAK,83.27999877929688,85.76000213623047
20231110,002258,0,False,False,0,False,False,0,WEAK,-86.12999725341797,-78.8499984741211
20231110,002259,2,True,True,1,True,False,1,YELLOW,-0.8700000047683716,73.91000366210938
20231110,002261,0,False,False,1,True,False,1,WEAK,-86.98999786376953,-81.7300033569336
20231110,002262,2,True,True,1,False,True,0,YELLOW,16.6200008392334,16.350000381469727
20231110,002263,1,False,True,1,True,False,1,WEAK,-368.4100036621094,-116.93000030517578
20231110,002264,1,True,False,0,False,False,0,YELLOW,47.150001525878906,19.450000762939453
20231110,002265,2,True,True,1,False,True,0,WEAK,11.18000030517578,69.62000274658203
20231110,002266,0,False,False,0,False,False,0,WEAK,-69.18000030517578,-24.239999771118164
20231110,002267,0,False,False,0,False,False,0,YELLOW,15.609999656677246,71.16999816894531
20231110,002268,1,True,False,0,False,False,0,YELLOW,-369.5,-500.0
20231110,002269,2,True,True,0,False,False,0,YELLOW,-61.79999923706055,39.540000915527344
20231110,002270,2,True,True,1,True,False,1,OK,24.09000015258789,10.789999961853027
20231110,002271,1,True,False,0,False,False,0,YELLOW,-4.389999866485596,-49.40999984741211
20231110,002272,1,True,False,0,False,False,0,WEAK,-94.5500030517578,-58.7400016784668
20231110,002273,0,False,False,2,True,True,1,YELLOW,170.77000427246094,127.36000061035156
20231110,002274,1,False,True,0,False,False,0,WEAK,22.6200008392334,13.609999656677246
20231110,002275,2,True,True,1,False,True,0,OK,-46.56999969482422,-7.78000020980835
20231110,002276,2,True,True,1,True,False,1,YELLOW,2.569999933242798,-45.29999923706055
20231110,002277,1,True,False,1,True,False,1,YELLOW,53.4900016784668,15.359999656677246
20231110,002278,1,True,False,1,True,False,1,YELLOW,19.059999465942383,91.94000244140624
20231110,002279,0,False,False,1,True,False,1,WEAK,-41.119998931884766,-135.91000366210938
20231110,002281,1,False,True,0,False,False,0,YELLOW,-5.150000095367432,29.56999969482422
20231110,002282,1,True,False,1,True,False,1,YELLOW,112.52999877929688,27.559999465942383
20231110,002283,2,True,True,1,False,True,0,YELLOW,-5.090000152587891,-16.459999084472656
20231110,002284,1,True,False,1,False,True,0,YELLOW,99.3000030517578,129.97999572753906
20231110,002285,1,True,False,1,True,False,1,WEAK,-47.7400016784668,-65.08999633789062
20231110,002286,0,False,False,1,True,False,1,YELLOW,59.0099983215332,215.9199981689453
20231110,002287,0,False,False,1,False,True,0,OK,77.41999816894531,2.7300000190734863
20231110,002290,0,False,False,1,True,False,1,YELLOW,59.84000015258789,3.049999952316284
20231110,002291,1,False,True,0,False,False,0,WEAK,-116.69000244140624,6.210000038146973
20231110,002292,1,True,False,0,False,False,0,YELLOW,208.5800018310547,14.34000015258789
20231110,002293,2,True,True,0,False,False,0,OK,-46.4900016784668,-37.970001220703125
20231110,002294,0,False,False,2,True,True,1,WEAK,5.869999885559082,16.969999313354492
20231110,002295,1,True,False,1,True,False,1,YELLOW,-9.850000381469728,-4.53000020980835
20231110,002296,1,False,True,1,True,False,1,YELLOW,234.57000732421875,122.9499969482422
20231110,002297,1,False,True,1,True,False,1,YELLOW,-362.2300109863281,-500.0
20231110,002298,0,False,False,1,True,False,1,WEAK,197.6499938964844,-202.88999938964844
20231110,002299,1,True,False,0,False,False,0,YELLOW,-162.57000732421875,-48.47999954223633
20231110,002300,2,True,True,1,True,False,1,YELLOW,-21.18000030517578,-41.86000061035156
20231110,002301,1,True,False,0,False,False,0,YELLOW,3.5799999237060547,7.380000114440918
20231110,002302,1,False,True,0,False,False,0,YELLOW,-94.83000183105467,-108.22000122070312
20231110,002303,1,True,False,1,True,False,1,YELLOW,107.58000183105467,60.08000183105469
20231110,002304,2,True,True,0,False,False,0,OK,6.789999961853027,-17.389999389648438
20231110,002307,0,False,False,0,False,False,0,YELLOW,-49.709999084472656,-335.0199890136719
20231110,002309,1,True,False,0,False,False,0,WEAK,-43.25,-66.38999938964844
20231110,002310,0,False,False,0,False,False,0,WEAK,47.68000030517578,0.1000000014901161
20231110,002311,1,True,False,1,True,False,1,YELLOW,95.19000244140624,61.11000061035156
20231110,002312,0,False,False,0,False,False,0,WEAK,-39.41999816894531,42.31999969482422
20231110,002313,1,True,False,1,True,False,1,WEAK,89.30000305175781,62.959999084472656
20231110,002314,1,True,False,0,False,False,0,WEAK,-283.239990234375,-500.0
20231110,002315,2,True,True,1,True,False,1,OK,57.029998779296875,19.760000228881836
20231110,002316,1,True,False,1,True,False,1,WEAK,106.94000244140624,150.32000732421875
20231110,002317,2,True,True,2,True,True,1,WEAK,-43.58000183105469,-37.209999084472656
20231110,002318,2,True,True,1,True,False,1,YELLOW,55.689998626708984,15.600000381469728
20231110,002319,1,True,False,0,False,False,0,YELLOW,-500.0,-500.0
20231110,002320,2,True,True,0,False,False,0,OK,7.75,-31.809999465942383
20231110,002321,2,True,True,1,True,False,1,YELLOW,-192.80999755859375,74.83000183105469
20231110,002322,2,True,True,1,True,False,1,OK,212.2899932861328,39.33000183105469
20231110,002324,2,True,True,1,True,False,1,YELLOW,-9.829999923706056,-48.77000045776367
20231110,002326,0,False,False,0,False,False,0,WEAK,49.900001525878906,42.439998626708984
20231110,002327,2,True,True,0,False,False,0,OK,2.4000000953674316,-15.020000457763672
20231110,002328,2,True,True,1,False,True,0,YELLOW,8.100000381469727,-5.800000190734863
20231110,002329,2,True,True,0,False,False,0,YELLOW,73.9800033569336,10.550000190734863
20231110,002330,1,True,False,1,True,False,1,YELLOW,-45.34000015258789,-83.43000030517578
20231110,002331,1,True,False,1,True,False,1,WEAK,68.08999633789062,63.7599983215332
20231110,002332,1,False,True,1,False,True,0,WEAK,9.829999923706056,12.81999969482422
20231110,002333,1,True,False,1,True,False,1,YELLOW,-7.53000020980835,7.090000152587891
20231110,002334,2,True,True,0,False,False,0,OK,-44.66999816894531,-40.45000076293945
20231110,002335,1,True,False,0,False,False,0,YELLOW,-54.31999969482422,-47.900001525878906
20231110,002337,2,True,True,1,True,False,1,OK,-83.02999877929688,-25.3700008392334
20231110,002338,2,True,True,1,True,False,1,OK,-25.760000228881836,-48.279998779296875
20231110,002339,2,True,True,1,True,False,1,WEAK,-11.720000267028809,-28.829999923706055
20231110,002340,1,False,True,0,False,False,0,YELLOW,332.9800109863281,72.55000305175781
20231110,002342,1,False,True,1,True,False,1,YELLOW,132.77999877929688,-284.5799865722656
20231110,002343,0,False,False,1,True,False,1,WEAK,-55.75,315.3399963378906
20231110,002344,0,False,False,0,False,False,0,YELLOW,-43.7599983215332,-14.579999923706056
20231110,002345,2,True,True,0,False,False,0,WEAK,5.369999885559082,0.7699999809265137
20231110,002346,1,False,True,1,True,False,1,YELLOW,-91.4800033569336,0.8799999952316284
20231110,002347,0,False,False,1,True,False,1,WEAK,-500.0,-56.709999084472656
20231110,002348,1,True,False,0,False,False,0,WEAK,19.079999923706055,-25.15999984741211
20231110,002349,1,True,False,1,False,True,0,OK,-23.09000015258789,-17.420000076293945
20231110,002350,1,False,True,1,True,False,1,WEAK,49.119998931884766,109.87999725341795
20231110,002351,2,True,True,1,False,True,0,OK,43.95000076293945,20.850000381469727
20231110,002352,2,True,True,0,False,False,0,YELLOW,9.210000038146973,21.579999923706055
20231110,002353,1,True,False,1,True,False,1,OK,4.889999866485596,-8.65999984741211
20231110,002354,2,True,True,0,False,False,0,WEAK,500.0,-500.0
20231110,002355,2,True,True,1,False,True,0,WEAK,89.4800033569336,19.649999618530273
20231110,002356,1,True,False,0,False,False,0,WEAK,-283.8500061035156,-153.52000427246094
20231110,002357,1,True,False,1,True,False,1,YELLOW,-0.6800000071525574,-21.989999771118164
20231110,002358,1,True,False,1,True,False,1,YELLOW,138.0800018310547,45.119998931884766
20231110,002361,1,False,True,1,True,False,1,YELLOW,125.45999908447266,112.04000091552734
20231110,002362,1,False,True,0,False,False,0,WEAK,44.279998779296875,8.0600004196167
20231110,002363,0,False,False,2,True,True,1,YELLOW,6.639999866485596,8.550000190734863
20231110,002364,2,True,True,1,True,False,1,YELLOW,104.16000366210938,500.0
20231110,002365,0,False,False,1,False,True,0,YELLOW,247.61000061035156,489.6600036621094
20231110,002366,2,True,True,0,False,False,0,WEAK,99.55999755859376,-447.8500061035156
20231110,002367,1,True,False,0,False,False,0,YELLOW,-7.179999828338623,-17.209999084472656
20231110,002368,1,True,False,0,False,False,0,YELLOW,-43.58000183105469,-129.0800018310547
20231110,002369,1,False,True,2,True,True,1,WEAK,23.270000457763672,37.720001220703125
20231110,002370,1,True,False,2,True,True,1,OK,62.16999816894531,61.15999984741211
20231110,002371,2,True,True,1,False,True,0,OK,100.91000366210938,61.58000183105469
20231110,002372,2,True,True,0,False,False,0,OK,-17.010000228881836,-27.760000228881836
20231110,002373,1,True,False,0,False,False,0,OK,22.809999465942383,-60.349998474121094
20231110,002374,0,False,False,0,False,False,0,WEAK,-212.8300018310547,-116.9800033569336
20231110,002375,2,True,True,1,True,False,1,YELLOW,4.099999904632568,5.78000020980835
20231110,002376,1,False,True,1,True,False,1,WEAK,40.75,323.739990234375
20231110,002377,1,True,False,0,False,False,0,WEAK,78.30999755859375,54.529998779296875
20231110,002378,0,False,False,0,False,False,0,YELLOW,-12.029999732971191,83.29000091552734
20231110,002379,0,False,False,1,True,False,1,WEAK,35.88999938964844,21.299999237060547
20231110,002380,1,True,False,0,False,False,0,YELLOW,363.0199890136719,88.70999908447266
20231110,002381,2,True,True,1,True,False,1,YELLOW,-2.9700000286102295,-14.539999961853027
20231110,002382,0,False,False,1,False,True,0,WEAK,26.510000228881836,43.61000061035156
20231110,002383,2,True,True,1,True,False,1,WEAK,-43.290000915527344,-208.97999572753903
20231110,002384,1,False,True,1,False,True,0,YELLOW,-6.710000038146973,-2.7200000286102295
20231110,002385,0,False,False,1,True,False,1,WEAK,28.81999969482422,108.08000183105467
20231110,002386,1,False,True,0,False,False,0,WEAK,-171.38999938964844,-16.559999465942383
20231110,002387,1,False,True,2,True,True,1,WEAK,15.890000343322754,23.760000228881836
20231110,002388,1,False,True,1,False,True,0,YELLOW,1.3600000143051147,172.94000244140625
20231110,002389,2,True,True,0,False,False,0,YELLOW,-93.70999908447266,-106.16000366210938
20231110,002390,1,True,False,1,False,True,0,YELLOW,14.699999809265137,-29.079999923706055
20231110,002391,0,False,False,0,False,False,0,YELLOW,-89.16000366210938,-92.98999786376952
20231110,002392,1,True,False,1,True,False,1,YELLOW,14.119999885559082,5.300000190734863
20231110,002393,2,True,True,2,True,True,1,OK,29.709999084472656,-22.5
20231110,002394,2,True,True,1,True,False,1,YELLOW,89.11000061035156,1.0299999713897705
20231110,002395,2,True,True,1,True,False,1,YELLOW,254.16000366210935,77.30000305175781
20231110,002396,0,False,False,0,False,False,0,OK,-99.54000091552734,0.1899999976158142
20231110,002397,1,True,False,1,True,False,1,YELLOW,-34.08000183105469,-53.90999984741211
20231110,002398,0,False,False,0,False,False,0,YELLOW,-17.969999313354492,-48.400001525878906
20231110,002399,1,False,True,2,True,True,1,YELLOW,253.0,402.4299926757813
20231110,002400,1,True,False,0,False,False,0,YELLOW,-56.97999954223633,-21.06999969482422
20231110,002401,1,True,False,0,False,False,0,YELLOW,8.579999923706055,-25.13999938964844
20231110,002402,2,True,True,1,False,True,0,YELLOW,12.729999542236328,7.210000038146973
20231110,002403,0,False,False,1,True,False,1,WEAK,93.95999908447266,79.31999969482422
20231110,002404,1,False,True,1,True,False,1,YELLOW,20.540000915527344,-12.520000457763672
20231110,002405,0,False,False,0,False,False,0,WEAK,-65.83000183105469,-0.6700000166893005
20231110,002406,1,True,False,2,True,True,1,YELLOW,49.34000015258789,10.729999542236328
20231110,002407,0,False,False,0,False,False,0,WEAK,-90.45999908447266,-114.0199966430664
20231110,002408,0,False,False,0,False,False,0,WEAK,131.8300018310547,0.1400000005960464
20231110,002409,2,True,True,1,False,True,0,YELLOW,55.66999816894531,56.22999954223633
20231110,002410,0,False,False,0,False,False,0,OK,-101.4800033569336,-12.960000038146973
20231110,002412,0,False,False,1,False,True,0,OK,5.070000171661377,19.13999938964844
20231110,002413,0,False,False,1,True,False,1,WEAK,-359.1700134277344,-135.0
20231110,002414,0,False,False,1,True,False,1,WEAK,-98.27999877929688,-90.04000091552734
20231110,002415,0,False,False,1,True,False,1,OK,13.270000457763672,-3.6700000762939458
20231110,002416,0,False,False,1,True,False,1,YELLOW,-7.570000171661377,-4.849999904632568
20231110,002418,1,True,False,0,False,False,0,YELLOW,-79.83999633789062,-202.6999969482422
20231110,002419,1,True,False,0,False,False,0,OK,-26.06999969482422,-48.65999984741211
20231110,002420,0,False,False,1,True,False,1,WEAK,500.0,185.0500030517578
20231110,002421,0,False,False,0,False,False,0,WEAK,-142.25999450683594,-60.310001373291016
20231110,002422,2,True,True,2,True,True,1,OK,25.68000030517578,27.31999969482422
20231110,002423,1,True,False,0,False,False,0,YELLOW,67.38999938964844,36.4900016784668
20231110,002425,0,False,False,1,True,False,1,WEAK,120.25,29.3799991607666
20231110,002426,1,False,True,1,False,True,0,WEAK,69.98999786376953,24.93000030517578
20231110,002427,2,True,True,0,False,False,0,WEAK,-30.34000015258789,26.790000915527344
20231110,002428,2,True,True,1,True,False,1,WEAK,-5.119999885559082,153.74000549316406
20231110,002429,1,True,False,1,True,False,1,YELLOW,21.950000762939453,17.280000686645508
20231110,002430,1,False,True,0,False,False,0,WEAK,-26.709999084472656,-22.18000030517578
20231110,002432,0,False,False,2,True,True,1,WEAK,-10.579999923706056,100.83000183105467
20231110,002434,2,True,True,1,False,True,0,YELLOW,-12.550000190734863,-6.360000133514404
20231110,002436,1,False,True,2,True,True,1,WEAK,500.0,-140.58999633789062
20231110,002437,1,True,False,2,True,True,1,YELLOW,136.50999450683594,219.0800018310547
20231110,002438,1,True,False,0,False,False,0,OK,12.649999618530272,15.529999732971191
20231110,002439,1,True,False,0,False,False,0,WEAK,51.95000076293945,-500.0
20231110,002440,1,False,True,0,False,False,0,WEAK,500.0,11.979999542236328
20231110,002441,0,False,False,1,True,False,1,YELLOW,-19.170000076293945,-46.7400016784668
20231110,002442,2,True,True,1,True,False,1,YELLOW,117.66999816894533,8.720000267028809
20231110,002443,1,True,False,1,True,False,1,YELLOW,-21.65999984741211,-56.150001525878906
20231110,002444,2,True,True,0,False,False,0,YELLOW,51.369998931884766,24.950000762939453
20231110,002445,2,True,True,0,False,False,0,YELLOW,19.950000762939453,-5.619999885559082
20231110,002446,1,False,True,1,True,False,1,OK,-48.060001373291016,-59.560001373291016
20231110,002448,2,True,True,1,False,True,0,YELLOW,4.389999866485596,-14.970000267028809
20231110,002449,0,False,False,1,False,True,0,YELLOW,102.36000061035156,-31.510000228881836
20231110,002451,1,False,True,1,True,False,1,YELLOW,-114.87999725341795,-38.790000915527344
20231110,002452,2,True,True,1,True,False,1,OK,54.72999954223633,9.640000343322754
20231110,002453,1,False,True,0,False,False,0,YELLOW,-34.75,16.18000030517578
20231110,002454,1,True,False,2,True,True,1,YELLOW,39.77000045776367,46.540000915527344
20231110,002455,0,False,False,1,True,False,1,WEAK,152.32000732421875,199.41000366210935
20231110,002456,1,True,False,2,True,True,1,WEAK,95.37999725341795,104.6999969482422
20231110,002457,1,False,True,1,True,False,1,YELLOW,-35.470001220703125,500.0
20231110,002458,2,True,True,0,False,False,0,WEAK,-64.98999786376953,-55.720001220703125
20231110,002459,2,True,True,0,False,False,0,YELLOW,-114.80999755859376,-108.4499969482422
20231110,002460,1,False,True,0,False,False,0,WEAK,-111.88999938964844,-108.22000122070312
20231110,002461,2,True,True,0,False,False,0,OK,45.790000915527344,27.229999542236328
20231110,002462,0,False,False,2,True,True,1,YELLOW,7.889999866485596,-26.079999923706055
20231110,002463,1,True,False,1,False,True,0,YELLOW,172.02000427246094,105.8000030517578
20231110,002465,0,False,False,1,True,False,1,YELLOW,86.66999816894531,-70.62000274658203
20231110,002466,1,False,True,0,False,False,0,OK,-180.9900054931641,-171.8699951171875
20231110,002467,1,True,False,1,True,False,1,YELLOW,102.93000030517578,-19.850000381469727
20231110,002468,1,True,False,0,False,False,0,YELLOW,48.70000076293945,204.77000427246097
20231110,002469,1,True,False,1,True,False,1,YELLOW,28.799999237060547,-26.510000228881836
20231110,002470,1,True,False,0,False,False,0,WEAK,108.33999633789062,95.66000366210938
20231110,002471,1,True,False,1,True,False,1,YELLOW,38.810001373291016,-8.859999656677246
20231110,002472,2,True,True,1,False,True,0,YELLOW,34.88999938964844,29.209999084472656
20231110,002474,0,False,False,0,False,False,0,WEAK,16.860000610351562,67.62999725341797
20231110,002475,1,True,False,1,False,True,0,YELLOW,23.229999542236328,15.43000030517578
20231110,002476,0,False,False,1,True,False,1,WEAK,250.52999877929688,500.0
20231110,002478,1,True,False,0,False,False,0,YELLOW,-25.079999923706055,-39.189998626708984
20231110,002479,2,True,True,1,True,False,1,YELLOW,-17.149999618530273,34.34000015258789
20231110,002480,2,True,True,1,True,False,1,WEAK,9.119999885559082,-24.670000076293945
20231110,002481,1,True,False,1,True,False,1,WEAK,162.49000549316406,500.0
20231110,002482,0,False,False,1,True,False,1,WEAK,59.619998931884766,80.6500015258789
20231110,002483,1,True,False,1,True,False,1,WEAK,53.18000030517578,5.380000114440918
20231110,002484,1,True,False,1,False,True,0,YELLOW,-10.600000381469728,-12.81999969482422
20231110,002486,1,False,True,0,False,False,0,YELLOW,-232.0,-76.62999725341797
20231110,002487,1,True,False,1,True,False,1,YELLOW,-37.84000015258789,-31.65999984741211
20231110,002488,2,True,True,2,True,True,1,WEAK,134.27999877929688,354.05999755859375
20231110,002489,1,False,True,0,False,False,0,YELLOW,-24.260000228881836,112.37000274658205
20231110,002490,1,True,False,1,True,False,1,WEAK,22.549999237060547,11.289999961853027
20231110,002491,1,True,False,0,False,False,0,YELLOW,3.2200000286102295,-62.09000015258789
20231110,002492,1,False,True,1,True,False,1,YELLOW,0.3199999928474426,-37.9900016784668
20231110,002493,0,False,False,0,False,False,0,WEAK,130.17999267578125,500.0
20231110,002494,2,True,True,1,True,False,1,WEAK,253.72000122070312,122.26000213623048
20231110,002495,2,True,True,1,True,False,1,WEAK,210.27000427246097,500.0
20231110,002497,1,False,True,0,False,False,0,WEAK,-98.63999938964844,-85.23999786376953
20231110,002498,1,True,False,1,True,False,1,YELLOW,12.609999656677246,-22.11000061035156
20231110,002500,0,False,False,0,False,False,0,WEAK,-36.61000061035156,59.7599983215332
20231110,002506,2,True,True,0,False,False,0,YELLOW,-17.06999969482422,-72.19999694824219
20231110,002507,0,False,False,0,False,False,0,OK,6.289999961853027,5.599999904632568
20231110,002508,1,True,False,0,False,False,0,OK,3.3399999141693115,-16.270000457763672
20231110,002510,1,False,True,2,True,True,1,YELLOW,500.0,9.300000190734863
20231110,002511,0,False,False,1,True,False,1,WEAK,7.920000076293945,-77.51000213623047
20231110,002513,1,False,True,1,True,False,1,WEAK,-61.790000915527344,-19.15999984741211
20231110,002515,1,False,True,1,True,False,1,YELLOW,-2.450000047683716,-6.860000133514404
20231110,002516,1,False,True,2,True,True,1,YELLOW,-8.579999923706055,-23.0
20231110,002517,2,True,True,0,False,False,0,YELLOW,48.349998474121094,23.43000030517578
20231110,002518,1,True,False,0,False,False,0,OK,-48.61000061035156,-51.36000061035156
20231110,002519,2,True,True,1,True,False,1,OK,-51.20000076293945,-51.29999923706055
20231110,002520,2,True,True,1,True,False,1,WEAK,9.260000228881836,-25.790000915527344
20231110,002521,2,True,True,1,True,False,1,YELLOW,500.0,-39.0
20231110,002522,0,False,False,0,False,False,0,WEAK,-26.790000915527344,-53.380001068115234
20231110,002523,0,False,False,0,False,False,0,WEAK,-15.5600004196167,177.25999450683594
20231110,002524,1,True,False,1,False,True,0,YELLOW,-163.85000610351562,-500.0
20231110,002526,1,True,False,0,False,False,0,YELLOW,-34.20000076293945,-52.79999923706055
20231110,002527,1,False,True,1,True,False,1,YELLOW,-500.0,-3.4200000762939453
20231110,002530,1,True,False,1,True,False,1,WEAK,101.95999908447266,95.81999969482422
20231110,002531,1,True,False,1,True,False,1,YELLOW,-21.06999969482422,-57.70000076293945
20231110,002532,0,False,False,0,False,False,0,WEAK,125.13999938964844,122.72000122070312
20231110,002533,1,True,False,1,True,False,1,YELLOW,19.100000381469727,11.75
20231110,002534,0,False,False,0,False,False,0,YELLOW,3.430000066757202,500.0
20231110,002535,2,True,True,1,True,False,1,YELLOW,-38.900001525878906,53.810001373291016
20231110,002536,2,True,True,2,True,True,1,YELLOW,75.0199966430664,21.09000015258789
20231110,002537,1,True,False,1,False,True,0,YELLOW,108.62000274658205,69.72000122070312
20231110,002539,1,False,True,0,False,False,0,WEAK,-47.36000061035156,3.9800000190734863
20231110,002540,2,True,True,1,True,False,1,YELLOW,23.09000015258789,-5.599999904632568
20231110,002541,0,False,False,0,False,False,0,YELLOW,-38.790000915527344,-48.97999954223633
20231110,002543,1,False,True,1,True,False,1,YELLOW,50.20000076293945,4.710000038146973
20231110,002544,0,False,False,0,False,False,0,YELLOW,-27.84000015258789,-77.01000213623047
20231110,002545,1,False,True,0,False,False,0,OK,-2.180000066757202,-9.359999656677246
20231110,002546,1,True,False,1,True,False,1,OK,100.79000091552734,39.220001220703125
20231110,002548,0,False,False,1,True,False,1,WEAK,50.93000030517578,107.3499984741211
20231110,002549,1,False,True,0,False,False,0,WEAK,-500.0,168.69000244140625
20231110,002550,1,False,True,2,True,True,1,OK,19.11000061035156,37.65999984741211
20231110,002551,2,True,True,1,False,True,0,WEAK,3.799999952316284,-59.90999984741211
20231110,002552,1,False,True,0,False,False,0,WEAK,163.75999450683594,157.1199951171875
20231110,002553,2,True,True,1,False,True,0,OK,103.19000244140624,16.010000228881836
20231110,002554,1,False,True,0,False,False,0,WEAK,58.4900016784668,-185.6199951171875
20231110,002555,1,False,True,1,True,False,1,WEAK,-8.119999885559082,-9.670000076293944
20231110,002556,0,False,False,0,False,False,0,YELLOW,-88.26000213623047,11.65999984741211
20231110,002557,1,False,True,0,False,False,0,WEAK,55.79999923706055,31.440000534057617
20231110,002558,2,True,True,0,False,False,0,OK,54.41999816894531,14.15999984741211
20231110,002559,2,True,True,1,True,False,1,YELLOW,-11.170000076293944,-12.039999961853027
20231110,002560,1,True,False,0,False,False,0,YELLOW,-65.7699966430664,-37.650001525878906
20231110,002561,1,True,False,0,False,False,0,YELLOW,-57.599998474121094,-107.0999984741211
20231110,002562,1,False,True,0,False,False,0,WEAK,5.389999866485596,148.10000610351562
20231110,002563,2,True,True,0,False,False,0,OK,15.550000190734863,-5.309999942779541
20231110,002564,0,False,False,1,True,False,1,WEAK,88.37000274658203,92.4000015258789
20231110,002565,2,True,True,1,True,False,1,YELLOW,340.3900146484375,237.25
20231110,002566,0,False,False,2,True,True,1,YELLOW,-15.109999656677246,-54.54999923706055
20231110,002567,0,False,False,1,True,False,1,WEAK,46.810001373291016,126.9000015258789
20231110,002568,2,True,True,0,False,False,0,OK,-13.789999961853027,-13.56999969482422
20231110,002570,2,True,True,1,True,False,1,YELLOW,364.7200012207031,129.36000061035156
20231110,002571,0,False,False,1,True,False,1,WEAK,112.91999816894533,43.029998779296875
20231110,002572,1,True,False,0,False,False,0,OK,73.80999755859375,-3.549999952316284
20231110,002573,0,False,False,0,False,False,0,YELLOW,-2.380000114440918,-84.1500015258789
20231110,002574,2,True,True,0,False,False,0,YELLOW,-74.08999633789062,-145.1300048828125
20231110,002575,1,True,,1,True,False,1,WEAK,-319.760009765625,-328.8500061035156
20231110,002576,1,True,False,1,True,False,1,YELLOW,-50.86000061035156,-42.130001068115234
20231110,002577,1,False,True,1,True,False,1,YELLOW,38.75,3.869999885559082
20231110,002578,1,False,True,1,True,False,1,YELLOW,-16.229999542236328,-2.359999895095825
20231110,002579,1,False,True,1,False,True,0,WEAK,25.61000061035156,19.040000915527344
20231110,002580,2,True,True,1,True,False,1,YELLOW,4.760000228881836,-8.3100004196167
20231110,002582,1,True,False,1,True,False,1,WEAK,258.6300048828125,-15.630000114440918
20231110,002583,1,True,False,1,True,False,1,YELLOW,239.13999938964844,75.8499984741211
20231110,002584,1,False,True,2,True,True,1,YELLOW,-23.510000228881836,175.3699951171875
20231110,002585,0,False,False,0,False,False,0,WEAK,-500.0,-500.0
20231110,002587,0,False,False,1,False,True,0,YELLOW,-210.13999938964844,-500.0
20231110,002588,2,True,True,1,True,False,1,YELLOW,0.1700000017881393,4.429999828338623
20231110,002589,1,True,False,1,False,True,0,WEAK,500.0,107.87999725341795
20231110,002590,1,True,False,2,True,True,1,YELLOW,279.32000732421875,235.3999938964844
20231110,002591,0,False,False,1,True,False,1,WEAK,-6.800000190734863,12.850000381469728
20231110,002593,2,True,True,1,True,False,1,YELLOW,-14.039999961853027,-64.91999816894531
20231110,002594,2,True,True,1,False,True,0,YELLOW,5.239999771118164,19.86000061035156
20231110,002595,2,True,True,0,False,False,0,YELLOW,23.969999313354492,18.329999923706055
20231110,002596,1,True,False,0,False,False,0,WEAK,13.420000076293944,13.9399995803833
20231110,002597,1,False,True,0,False,False,0,WEAK,-38.61000061035156,-21.90999984741211
20231110,002599,1,False,True,0,False,False,0,WEAK,64.95999908447266,79.55999755859375
20231110,002600,1,True,False,2,True,True,1,YELLOW,-17.729999542236328,-29.540000915527344
20231110,002601,0,False,False,1,True,False,1,WEAK,67.20999908447266,22.88999938964844
20231110,002602,2,True,True,1,True,False,1,YELLOW,91.66000366210938,47.97999954223633
20231110,002603,1,True,False,1,False,True,0,OK,-75.18000030517578,-69.06999969482422
20231110,002605,2,True,True,0,False,False,0,YELLOW,-21.600000381469727,-22.420000076293945
20231110,002606,1,False,True,0,False,False,0,WEAK,-62.119998931884766,430.6799926757813
20231110,002607,1,True,False,1,True,False,1,WEAK,259.1099853515625,-34.72999954223633
20231110,002608,2,True,True,1,True,False,1,YELLOW,210.3300018310547,47.7599983215332
20231110,002609,2,True,True,1,True,False,1,OK,7.090000152587891,-36.22999954223633
20231110,002611,2,True,True,0,False,False,0,YELLOW,26.5,53.029998779296875
20231110,002612,2,True,True,0,False,False,0,OK,25.020000457763672,2.940000057220459
20231110,002613,1,True,False,1,True,False,1,YELLOW,46.52000045776367,-5.300000190734863
20231110,002614,1,False,True,0,False,False,0,YELLOW,-59.33000183105469,-82.66000366210938
20231110,002615,0,False,False,1,True,False,1,YELLOW,500.0,38.459999084472656
20231110,002616,1,True,False,0,False,False,0,YELLOW,112.8499984741211,-9.15999984741211
20231110,002617,1,True,False,1,True,False,1,YELLOW,30.579999923706055,14.699999809265137
20231110,002622,2,True,True,1,False,True,0,OK,-330.2699890136719,-8.630000114440918
20231110,002623,2,True,True,1,True,False,1,YELLOW,-50.08000183105469,-158.7899932861328
20231110,002624,1,False,True,0,False,False,0,WEAK,-177.50999450683594,-197.97999572753903
20231110,002625,2,True,True,1,True,False,1,OK,37.720001220703125,28.38999938964844
20231110,002626,1,False,True,1,True,False,1,WEAK,-15.350000381469728,-8.050000190734863
20231110,002627,1,True,False,1,True,False,1,YELLOW,-59.40999984741211,7.539999961853027
20231110,002628,1,True,False,1,True,False,1,YELLOW,-60.189998626708984,-197.47999572753903
20231110,002629,1,False,True,1,True,False,1,WEAK,34.54999923706055,81.16999816894531
20231110,002631,0,False,False,1,True,False,1,YELLOW,-3.940000057220459,-26.709999084472656
20231110,002632,1,True,False,1,True,False,1,OK,24.549999237060547,13.600000381469728
20231110,002633,1,True,False,1,True,False,1,WEAK,103.0500030517578,160.1699981689453
20231110,002635,1,False,True,2,True,True,1,YELLOW,155.7100067138672,-12.369999885559082
20231110,002636,0,False,False,1,False,True,0,WEAK,-367.6000061035156,-48.720001220703125
20231110,002637,1,True,False,1,True,False,1,WEAK,138.66000366210938,-13.34000015258789
20231110,002638,2,True,True,0,False,False,0,WEAK,69.56999969482422,50.58000183105469
20231110,002639,2,True,True,0,False,False,0,YELLOW,315.1000061035156,156.58999633789062
20231110,002640,0,False,False,1,True,False,1,WEAK,-156.50999450683594,-205.41000366210935
20231110,002641,1,True,False,0,False,False,0,YELLOW,-84.80000305175781,-47.310001373291016
20231110,002642,0,False,False,1,True,False,1,WEAK,143.58999633789062,126.1500015258789
20231110,002643,0,False,False,1,False,True,0,YELLOW,-49.08000183105469,-54.56999969482422
20231110,002644,1,True,False,1,False,True,0,YELLOW,-37.849998474121094,-47.65999984741211
20231110,002645,0,False,False,0,False,False,0,WEAK,3.9200000762939458,61.7599983215332
20231110,002646,2,True,True,1,True,False,1,YELLOW,41.040000915527344,-41.47999954223633
20231110,002647,1,False,True,0,False,False,0,WEAK,10.270000457763672,-36.65999984741211
20231110,002648,1,True,False,1,True,False,1,WEAK,36.630001068115234,21.799999237060547
20231110,002649,1,False,True,0,False,False,0,YELLOW,-64.3499984741211,-14.140000343322754
20231110,002651,1,True,False,0,False,False,0,OK,-30.239999771118164,-46.91999816894531
20231110,002652,1,False,True,1,True,False,1,WEAK,34.95000076293945,25.93000030517578
20231110,002653,2,True,True,2,True,True,1,YELLOW,14.279999732971191,53.58000183105469
20231110,002654,2,True,True,2,True,True,1,WEAK,111.11000061035156,136.75999450683594
20231110,002655,1,False,True,2,True,True,1,WEAK,51.18000030517578,75.11000061035156
20231110,002657,1,False,True,1,True,False,1,WEAK,-74.62000274658203,-74.87999725341797
20231110,002658,0,False,False,0,False,False,0,YELLOW,-142.8000030517578,-42.45000076293945
20231110,002659,2,True,True,1,True,False,1,WEAK,61.18000030517578,14.539999961853027
20231110,002660,0,False,False,2,True,True,1,YELLOW,-31.350000381469727,-49.29999923706055
20231110,002661,0,False,False,0,False,False,0,YELLOW,31.43000030517578,500.0
20231110,002662,2,True,True,2,True,True,1,YELLOW,86.77999877929688,-5.03000020980835
20231110,002663,2,True,True,1,True,False,1,WEAK,-24.65999984741211,5.980000019073486
20231110,002664,2,True,True,2,True,True,1,YELLOW,22.209999084472656,-47.02000045776367
20231110,002666,0,False,False,1,True,False,1,YELLOW,9.210000038146973,74.43000030517578
20231110,002668,2,True,True,0,False,False,0,YELLOW,33.25,39.15999984741211
20231110,002669,2,True,True,0,False,False,0,YELLOW,-62.849998474121094,-337.260009765625
20231110,002670,2,True,True,1,True,False,1,WEAK,-53.72999954223633,44.4900016784668
20231110,002671,2,True,True,1,True,False,1,YELLOW,-0.8700000047683716,500.0
20231110,002672,0,False,False,0,False,False,0,WEAK,-30.920000076293945,-1.0399999618530271
20231110,002673,2,True,True,1,True,False,1,WEAK,-46.619998931884766,-17.719999313354492
20231110,002674,1,True,False,1,True,False,1,YELLOW,44.83000183105469,-33.040000915527344
20231110,002675,1,False,True,2,True,True,1,YELLOW,29.399999618530273,-40.040000915527344
20231110,002676,1,False,True,1,True,False,1,YELLOW,62.93000030517578,60.040000915527344
20231110,002677,0,False,False,0,False,False,0,OK,-22.93000030517578,-70.5999984741211
20231110,002678,0,False,False,0,False,False,0,YELLOW,-181.3699951171875,-500.0
20231110,002679,1,True,False,1,True,False,1,WEAK,-14.869999885559082,-2.450000047683716
20231110,002681,1,True,False,1,False,True,0,YELLOW,103.54000091552734,-10.010000228881836
20231110,002682,0,False,False,1,True,False,1,WEAK,93.12000274658205,33.90999984741211
20231110,002683,2,True,True,0,False,False,0,YELLOW,30.350000381469727,26.950000762939453
20231110,002685,1,False,True,0,False,False,0,WEAK,-13.4399995803833,117.16999816894533
20231110,002686,1,True,False,0,False,False,0,YELLOW,21.90999984741211,-13.850000381469728
20231110,002687,1,True,False,1,True,False,1,OK,4.260000228881836,-75.04000091552734
20231110,002688,0,False,False,1,True,False,1,YELLOW,28.559999465942383,7.889999866485596
20231110,002690,1,True,False,0,False,False,0,OK,-21.969999313354492,-20.13999938964844
20231110,002692,2,True,True,1,True,False,1,YELLOW,176.57000732421875,40.84000015258789
20231110,002695,2,True,True,1,True,False,1,YELLOW,-11.020000457763672,-26.799999237060547
20231110,002696,1,False,True,1,True,False,1,YELLOW,-317.92999267578125,-315.0799865722656
20231110,002697,2,True,True,0,False,False,0,YELLOW,9.859999656677246,-8.720000267028809
20231110,002698,1,False,True,0,False,False,0,OK,-51.400001525878906,7.400000095367432
20231110,002700,1,True,False,1,True,False,1,YELLOW,-0.3000000119209289,-15.020000457763672
20231110,002701,1,True,False,0,False,False,0,YELLOW,28.440000534057617,9.399999618530272
20231110,002702,0,False,False,1,True,False,1,YELLOW,-30.989999771118164,-500.0
20231110,002703,2,True,True,1,False,True,0,YELLOW,272.95001220703125,345.8900146484375
20231110,002705,1,False,True,0,False,False,0,YELLOW,131.8300018310547,-0.5699999928474426
20231110,002706,1,True,False,0,False,False,0,OK,16.34000015258789,-24.760000228881836
20231110,002707,2,True,True,0,False,False,0,WEAK,171.52000427246094,500.0
20231110,002708,2,True,True,2,True,True,1,WEAK,154.60000610351562,137.0
20231110,002709,0,False,False,0,False,False,0,WEAK,-85.31999969482422,-83.2300033569336
20231110,002712,2,True,True,1,True,False,1,WEAK,300.760009765625,6.130000114440918
20231110,002714,0,False,False,0,False,False,0,WEAK,-90.62000274658205,500.0
20231110,002715,2,True,True,2,True,True,1,YELLOW,151.33999633789062,11.760000228881836
20231110,002716,2,True,True,0,False,False,0,WEAK,-500.0,411.8500061035156
20231110,002718,1,True,False,1,True,False,1,YELLOW,-232.38999938964844,-202.11000061035156
20231110,002721,0,False,False,0,False,False,0,WEAK,101.56999969482422,97.22000122070312
20231110,002722,1,True,False,1,True,False,1,YELLOW,95.63999938964844,24.63999938964844
20231110,002723,1,False,True,0,False,False,0,YELLOW,-68.31999969482422,-487.989990234375
20231110,002724,0,False,False,1,True,False,1,OK,-500.0,-68.63999938964844
20231110,002725,0,False,False,2,True,True,1,WEAK,106.93000030517578,70.66999816894531
20231110,002727,2,True,True,1,False,True,0,OK,2.140000104904175,-49.439998626708984
20231110,002728,1,True,False,2,True,True,1,OK,-91.47000122070312,-98.6999969482422
20231110,002729,0,False,False,2,True,True,1,OK,154.8000030517578,500.0
20231110,002730,1,True,False,1,True,False,1,YELLOW,21.239999771118164,-12.09000015258789
20231110,002732,1,True,False,0,False,False,0,YELLOW,-53.540000915527344,-44.02000045776367
20231110,002733,2,True,True,1,True,False,1,YELLOW,273.19000244140625,-11.119999885559082
20231110,002734,0,False,False,0,False,False,0,YELLOW,-117.29000091552734,198.44000244140625
20231110,002735,0,False,False,1,True,False,1,YELLOW,500.0,22.920000076293945
20231110,002736,1,True,False,1,True,False,1,WEAK,-30.260000228881836,0.3300000131130218
20231110,002737,1,True,False,2,True,True,1,OK,-39.18000030517578,-42.04999923706055
20231110,002738,2,True,True,0,False,False,0,WEAK,-79.31999969482422,-79.48999786376953
20231110,002739,1,True,False,0,False,False,0,WEAK,-15.3100004196167,-92.52999877929688
20231110,002741,0,False,False,1,False,True,0,WEAK,101.2699966430664,102.06999969482422
20231110,002742,1,False,True,1,False,True,0,WEAK,2.7100000381469727,-25.170000076293945
20231110,002743,1,True,False,1,True,False,1,YELLOW,-19.719999313354492,-17.850000381469727
20231110,002745,0,False,False,1,False,True,0,YELLOW,11.779999732971191,18.40999984741211
20231110,002746,1,True,False,0,False,False,0,YELLOW,-132.00999450683594,-74.33000183105469
20231110,002747,2,True,True,0,False,False,0,OK,-140.30999755859375,-222.8500061035156
20231110,002748,0,False,False,1,True,False,1,WEAK,16.270000457763672,249.63999938964844
20231110,002749,1,True,False,1,True,False,1,OK,23.549999237060547,22.920000076293945
20231110,002752,1,True,False,1,True,False,1,YELLOW,121.5199966430664,20.940000534057617
20231110,002753,1,True,False,1,True,False,1,WEAK,500.0,40.349998474121094
20231110,002755,1,False,True,2,True,True,1,WEAK,126.54000091552734,145.61000061035156
20231110,002756,0,False,False,0,False,False,0,WEAK,-67.04000091552734,-73.08000183105469
20231110,002757,2,True,True,1,True,False,1,WEAK,6.460000038146973,-8.75
20231110,002758,0,False,False,0,False,False,0,YELLOW,-35.310001373291016,-36.15999984741211
20231110,002759,0,False,False,0,False,False,0,WEAK,-500.0,-500.0
20231110,002760,0,False,False,1,True,False,1,WEAK,-140.5,88.25
20231110,002761,1,False,True,0,False,False,0,YELLOW,-45.4900016784668,-68.45999908447266
20231110,002763,1,True,False,1,True,False,1,OK,-8.220000267028809,-43.290000915527344
20231110,002765,1,False,True,1,False,True,0,YELLOW,-7.630000114440918,72.9000015258789
20231110,002766,2,True,True,1,False,True,0,YELLOW,500.0,133.77000427246094
20231110,002767,1,True,False,1,True,False,1,YELLOW,44.119998931884766,-71.41000366210938
20231110,002768,1,False,True,0,False,False,0,YELLOW,22.040000915527344,11.18000030517578
20231110,002769,1,False,True,1,True,False,1,WEAK,-58.5099983215332,29.770000457763672
20231110,002771,1,False,True,1,True,False,1,WEAK,141.47999572753906,59.95000076293945
20231110,002772,1,True,False,0,False,False,0,WEAK,-85.55999755859375,-58.470001220703125
20231110,002773,2,True,True,2,True,True,1,OK,36.18000030517578,19.56999969482422
20231110,002774,1,True,False,1,True,False,1,WEAK,500.0,-5.400000095367432
20231110,002775,1,True,False,1,True,False,1,WEAK,-500.0,25.520000457763672
20231110,002777,1,False,True,0,False,False,0,WEAK,-28.25,-92.98999786376952
20231110,002778,0,False,False,0,False,False,0,WEAK,-371.2799987792969,-99.02999877929688
20231110,002779,1,True,False,0,False,False,0,YELLOW,40.43000030517578,-21.469999313354492
20231110,002780,1,True,False,0,False,False,0,WEAK,-94.8000030517578,-56.380001068115234
20231110,002782,1,False,True,2,True,True,1,WEAK,84.06999969482422,25.309999465942383
20231110,002783,2,True,True,1,True,False,1,YELLOW,-26.75,-40.7400016784668
20231110,002785,1,False,True,1,True,False,1,YELLOW,147.1199951171875,-313.8900146484375
20231110,002786,0,False,False,1,True,False,1,WEAK,32.380001068115234,15.529999732971191
20231110,002787,1,True,False,1,True,False,1,YELLOW,500.0,206.1499938964844
20231110,002788,2,True,True,1,False,True,0,YELLOW,5.210000038146973,2.75
20231110,002790,2,True,True,1,True,False,1,YELLOW,54.47999954223633,-30.6299991607666
20231110,002791,1,True,False,0,False,False,0,OK,2.640000104904175,-99.04000091552734
20231110,002792,1,False,True,1,True,False,1,YELLOW,115.04000091552734,243.1699981689453
20231110,002793,1,True,False,2,True,True,1,WEAK,59.540000915527344,-13.350000381469728
20231110,002795,1,False,True,1,True,False,1,WEAK,-39.869998931884766,-133.91000366210938
20231110,002796,1,True,False,1,True,False,1,WEAK,-33.34000015258789,83.23999786376953
20231110,002797,1,True,False,1,True,False,1,WEAK,3.369999885559082,99.4800033569336
20231110,002798,1,True,False,0,False,False,0,WEAK,43.209999084472656,-114.94000244140624
20231110,002799,1,False,True,1,True,False,1,YELLOW,-17.760000228881836,-37.720001220703125
20231110,002800,0,False,False,1,True,False,1,YELLOW,341.20001220703125,18.579999923706055
20231110,002801,1,False,True,0,False,False,0,YELLOW,2.5899999141693115,1.3700000047683716
20231110,002802,0,False,False,1,True,False,1,YELLOW,-70.6500015258789,31.1299991607666
20231110,002803,2,True,True,1,True,False,1,OK,-41.040000915527344,-59.75
20231110,002805,0,False,False,1,True,False,1,WEAK,68.94000244140625,10.989999771118164
20231110,002806,1,False,True,2,True,True,1,WEAK,110.87999725341795,93.98999786376952
20231110,002807,1,True,False,0,False,False,0,WEAK,10.65999984741211,11.989999771118164
20231110,002809,2,True,True,1,True,False,1,YELLOW,-24.8700008392334,-46.0
20231110,002810,0,False,False,1,True,False,1,WEAK,-26.25,-21.450000762939453
20231110,002811,2,True,True,1,True,False,1,YELLOW,500.0,500.0
20231110,002812,0,False,False,0,False,False,0,WEAK,-76.25,-79.70999908447266
20231110,002813,1,False,True,1,False,True,0,WEAK,-211.9199981689453,-106.76000213623048
20231110,002815,0,False,False,1,False,True,0,YELLOW,-31.65999984741211,-37.15999984741211
20231110,002817,1,True,False,1,False,True,0,YELLOW,-18.56999969482422,-24.020000457763672
20231110,002818,1,True,False,1,True,False,1,OK,-8.529999732971191,-10.010000228881836
20231110,002819,1,False,True,0,False,False,0,WEAK,19.899999618530273,19.09000015258789
20231110,002820,2,True,True,1,True,False,1,OK,-25.030000686645508,-42.709999084472656
20231110,002821,0,False,False,2,True,True,1,YELLOW,-58.880001068115234,-67.41000366210938
20231110,002823,2,True,True,1,True,False,1,YELLOW,500.0,123.83999633789062
20231110,002824,1,False,True,1,True,False,1,YELLOW,-23.1299991607666,-48.619998931884766
20231110,002825,1,False,True,0,False,False,0,YELLOW,26.780000686645508,46.310001373291016
20231110,002826,0,False,False,2,True,True,1,YELLOW,-77.30000305175781,49.61000061035156
20231110,002827,1,True,False,1,True,False,1,YELLOW,6.130000114440918,25.239999771118164
20231110,002828,1,True,False,1,True,False,1,YELLOW,377.9700012207031,-37.43000030517578
20231110,002829,2,True,True,0,False,False,0,OK,-165.6199951171875,-127.0
20231110,002830,1,True,False,1,True,False,1,YELLOW,170.0500030517578,7.489999771118164
20231110,002831,0,False,False,1,True,False,1,YELLOW,54.31999969482422,9.0
20231110,002832,2,True,True,0,False,False,0,OK,21.8700008392334,1.2999999523162842
20231110,002833,2,True,True,1,True,False,1,OK,12.829999923706056,-6.849999904632568
20231110,002835,2,True,True,1,True,False,1,YELLOW,382.8399963378906,47.5
20231110,002836,0,False,False,1,True,False,1,WEAK,315.2099914550781,486.239990234375
20231110,002837,2,True,True,0,False,False,0,YELLOW,169.64999389648438,78.45999908447266
20231110,002838,0,False,False,0,False,False,0,YELLOW,-1.2400000095367432,3.4000000953674316
20231110,002839,1,True,False,0,False,False,0,WEAK,6.010000228881836,7.920000076293945
20231110,002840,0,False,False,1,True,False,1,WEAK,-27.829999923706055,109.4000015258789
20231110,002841,1,False,True,1,False,True,0,YELLOW,-32.9900016784668,-4.550000190734863
20231110,002842,1,False,True,1,True,False,1,WEAK,-500.0,-34.470001220703125
20231110,002843,2,True,True,1,True,False,1,WEAK,-2.0899999141693115,-15.210000038146973
20231110,002845,2,True,True,2,True,True,1,YELLOW,106.9800033569336,500.0
20231110,002846,2,True,True,0,False,False,0,YELLOW,94.56999969482422,66.8499984741211
20231110,002847,2,True,True,1,True,False,1,YELLOW,40.09000015258789,12.899999618530272
20231110,002849,2,True,True,1,True,False,1,YELLOW,251.4199981689453,2.2200000286102295
20231110,002850,2,True,True,0,False,False,0,YELLOW,27.06999969482422,27.75
20231110,002851,1,True,False,0,False,False,0,YELLOW,25.6200008392334,18.100000381469727
20231110,002852,1,True,False,1,True,False,1,YELLOW,2.6700000762939453,-39.02000045776367
20231110,002853,0,False,False,0,False,False,0,WEAK,-20.100000381469727,-121.87999725341795
20231110,002855,0,False,False,2,True,True,1,WEAK,-100.70999908447266,-300.6400146484375
20231110,002857,1,False,True,1,True,False,1,WEAK,-27.84000015258789,-92.33000183105467
20231110,002858,2,True,True,0,False,False,0,WEAK,17.950000762939453,500.0
20231110,002859,1,True,False,1,False,True,0,OK,70.38999938964844,1.8200000524520872
20231110,002860,1,True,False,1,True,False,1,WEAK,19.1299991607666,-19.40999984741211
20231110,002861,1,False,True,2,True,True,1,WEAK,55.59000015258789,-1.3799999952316284
20231110,002862,1,False,True,0,False,False,0,WEAK,-24.719999313354492,97.97000122070312
20231110,002863,2,True,True,2,True,True,1,YELLOW,9.829999923706056,8.550000190734863
20231110,002864,2,True,True,2,True,True,1,YELLOW,19.84000015258789,-5.800000190734863
20231110,002865,2,True,True,0,False,False,0,YELLOW,-149.66000366210938,-146.74000549316406
20231110,002866,1,False,True,1,False,True,0,YELLOW,-47.959999084472656,-43.959999084472656
20231110,002867,2,True,True,0,False,False,0,WEAK,-5.699999809265137,-20.549999237060547
20231110,002868,1,False,True,0,False,False,0,WEAK,6.039999961853027,-69.91999816894531
20231110,002869,1,True,False,1,True,False,1,WEAK,38.66999816894531,23.239999771118164
20231110,002870,1,True,False,2,True,True,1,YELLOW,36.02000045776367,-22.989999771118164
20231110,002871,2,True,True,0,False,False,0,OK,-4.840000152587891,5.050000190734863
20231110,002873,0,False,False,2,True,True,1,OK,-38.529998779296875,-49.20000076293945
20231110,002875,1,True,False,0,False,False,0,WEAK,205.6199951171875,2.630000114440918
20231110,002876,1,False,True,2,True,True,1,WEAK,500.0,75.2300033569336
20231110,002877,2,True,True,0,False,False,0,OK,3.5999999046325684,-59.09000015258789
20231110,002878,1,False,True,1,True,False,1,WEAK,-33.459999084472656,-203.3500061035156
20231110,002879,2,True,True,1,True,False,1,OK,492.7200012207031,100.41999816894533
20231110,002880,1,True,False,1,False,True,0,OK,1.2300000190734863,20.479999542236328
20231110,002881,1,False,True,0,False,False,0,YELLOW,-60.720001220703125,109.72000122070312
20231110,002882,1,False,True,1,True,False,1,YELLOW,-13.579999923706056,-26.84000015258789
20231110,002884,0,False,False,1,True,False,1,YELLOW,26.68000030517578,18.600000381469727
20231110,002885,1,False,True,2,True,True,1,YELLOW,-92.0999984741211,-60.209999084472656
20231110,002886,0,False,False,1,True,False,1,YELLOW,-23.510000228881836,41.689998626708984
20231110,002887,1,False,True,0,False,False,0,YELLOW,10.579999923706056,-40.560001373291016
20231110,002888,1,False,True,2,True,True,1,YELLOW,-97.26000213623048,500.0
20231110,002889,1,True,False,1,True,False,1,YELLOW,15.550000190734863,-9.43000030517578
20231110,002890,1,False,True,1,True,False,1,YELLOW,-14.210000038146973,-13.0
20231110,002891,2,True,True,1,True,False,1,YELLOW,298.04998779296875,42.16999816894531
20231110,002892,1,False,True,1,True,False,1,YELLOW,29.11000061035156,24.850000381469727
20231110,002893,1,True,False,0,False,False,0,WEAK,3.759999990463257,31.450000762939453
20231110,002895,1,False,True,0,False,False,0,OK,-15.25,31.6299991607666
20231110,002896,2,True,True,1,True,False,1,YELLOW,21.209999084472656,0.2000000029802322
20231110,002897,1,False,True,1,True,False,1,YELLOW,500.0,136.07000732421875
20231110,002899,2,True,True,1,True,False,1,YELLOW,500.0,19.200000762939453
20231110,002900,2,True,True,2,True,True,1,OK,-75.20999908447266,3.440000057220459
20231110,002901,1,False,True,2,True,True,1,WEAK,4.480000019073486,297.20001220703125
20231110,002902,0,False,False,1,True,False,1,WEAK,-500.0,-245.1499938964844
20231110,002903,0,False,False,1,True,False,1,YELLOW,-36.16999816894531,-81.38999938964844
20231110,002905,1,True,False,0,False,False,0,WEAK,-500.0,-500.0
20231110,002906,2,True,True,1,False,True,0,YELLOW,89.26000213623047,61.310001373291016
20231110,002907,1,False,True,1,False,True,0,YELLOW,30.40999984741211,60.529998779296875
20231110,002908,1,False,True,0,False,False,0,YELLOW,-64.37000274658203,-88.83000183105469
20231110,002909,1,True,False,1,True,False,1,YELLOW,-500.0,-24.63999938964844
20231110,002910,0,False,False,1,True,False,1,WEAK,-500.0,-224.5099945068359
20231110,002911,2,True,True,0,False,False,0,YELLOW,0.0099999997764825,10.300000190734863
20231110,002912,1,True,False,0,False,False,0,OK,-194.55999755859375,-204.63999938964844
20231110,002913,1,True,False,1,False,True,0,YELLOW,-12.510000228881836,-34.650001525878906
20231110,002915,1,False,True,0,False,False,0,WEAK,-94.38999938964844,-16.399999618530273
20231110,002916,1,False,True,1,False,True,0,YELLOW,87.43000030517578,86.66999816894531
20231110,002917,1,True,False,0,False,False,0,YELLOW,295.239990234375,35.779998779296875
20231110,002918,1,True,False,0,False,False,0,YELLOW,32.31999969482422,-63.790000915527344
20231110,002919,2,True,True,0,False,False,0,OK,34.20000076293945,-41.150001525878906
20231110,002920,1,True,False,0,False,False,0,YELLOW,27.229999542236328,67.7300033569336
20231110,002921,0,False,False,2,True,True,1,WEAK,-36.25,-500.0
20231110,002922,2,True,True,1,False,True,0,YELLOW,207.3000030517578,23.059999465942383
20231110,002923,0,False,False,1,False,True,0,WEAK,-29.799999237060547,-45.43000030517578
20231110,002925,0,False,False,1,False,True,0,YELLOW,2.190000057220459,-49.2599983215332
20231110,002926,1,True,False,0,False,False,0,WEAK,-68.98999786376953,-29.90999984741211
20231110,002927,2,True,True,1,True,False,1,OK,12.220000267028809,-36.0099983215332
20231110,002928,2,True,True,0,False,False,0,WEAK,105.5,141.52000427246094
20231110,002929,1,True,False,1,True,False,1,YELLOW,-8.649999618530273,-28.780000686645508
20231110,002930,2,True,True,1,True,False,1,YELLOW,-9.079999923706056,-37.209999084472656
20231110,002931,0,False,False,1,True,False,1,WEAK,-500.0,101.86000061035156
20231110,002933,2,True,True,1,True,False,1,WEAK,42.79999923706055,-62.5
20231110,002935,1,False,True,1,True,False,1,YELLOW,14.649999618530272,-31.93000030517578
20231110,002936,0,False,False,0,False,False,0,WEAK,-20.290000915527344,-18.13999938964844
20231110,002937,2,True,True,1,False,True,0,YELLOW,40.34000015258789,0.7400000095367432
20231110,002938,0,False,False,1,False,True,0,YELLOW,24.780000686645508,8.890000343322754
20231110,002939,2,True,True,1,True,False,1,WEAK,-21.809999465942383,-9.5
20231110,002940,1,False,True,2,True,True,1,WEAK,-32.33000183105469,-54.33000183105469
20231110,002941,2,True,True,0,False,False,0,YELLOW,-500.0,-23.18000030517578
20231110,002942,1,False,True,1,True,False,1,WEAK,500.0,500.0
20231110,002943,2,True,True,0,False,False,0,YELLOW,94.12000274658205,-74.27999877929688
20231110,002945,1,False,True,1,True,False,1,WEAK,19.290000915527344,86.05000305175781
20231110,002946,2,True,True,0,False,False,0,YELLOW,33.75,29.5
20231110,002947,1,True,False,2,True,True,1,YELLOW,86.01000213623047,67.48999786376953
20231110,002948,1,True,False,1,True,False,1,WEAK,16.93000030517578,16.520000457763672
20231110,002949,1,False,True,1,True,False,1,YELLOW,116.41999816894533,-2.0999999046325684
20231110,002950,1,False,True,1,False,True,0,OK,-24.479999542236328,15.220000267028809
20231110,002951,1,False,True,1,True,False,1,WEAK,45.40999984741211,11.199999809265137
20231110,002952,1,False,True,1,False,True,0,YELLOW,-52.68000030517578,-27.059999465942383
20231110,002953,1,True,False,1,True,False,1,YELLOW,16.34000015258789,14.75
20231110,002955,1,False,True,2,True,True,1,YELLOW,63.130001068115234,-19.219999313354492
20231110,002956,2,True,True,1,True,False,1,OK,21.739999771118164,6.28000020980835
20231110,002957,0,False,False,1,True,False,1,YELLOW,15.56999969482422,25.149999618530273
20231110,002958,1,True,False,0,False,False,0,WEAK,9.779999732971191,7.510000228881836
20231110,002959,2,True,True,0,False,False,0,OK,-24.260000228881836,-52.9900016784668
20231110,002960,2,True,True,0,False,False,0,OK,7.789999961853027,-36.650001525878906
20231110,002961,0,False,False,0,False,False,0,WEAK,38.290000915527344,58.38999938964844
20231110,002962,0,False,False,2,True,True,1,YELLOW,73.19000244140625,61.88999938964844
20231110,002963,1,False,True,1,True,False,1,WEAK,500.0,125.12999725341795
20231110,002965,2,True,True,1,False,True,0,YELLOW,48.939998626708984,-4.119999885559082
20231110,002966,1,True,False,0,False,False,0,WEAK,14.140000343322754,13.550000190734863
20231110,002967,2,True,True,1,True,False,1,WEAK,38.209999084472656,46.209999084472656
20231110,002968,1,False,True,1,True,False,1,YELLOW,-15.699999809265137,-17.299999237060547
20231110,002969,1,True,False,1,True,False,1,YELLOW,130.36000061035156,49.7599983215332
20231110,002970,1,True,False,1,True,False,1,OK,161.19000244140625,174.52000427246094
20231110,002971,0,False,False,0,False,False,0,WEAK,-16.969999313354492,2.8499999046325684
20231110,002972,0,False,False,1,True,False,1,YELLOW,28.959999084472656,61.439998626708984
20231110,002973,1,True,False,0,False,False,0,YELLOW,28.350000381469727,2.4100000858306885
20231110,002975,0,False,False,0,False,False,0,WEAK,146.8300018310547,29.829999923706055
20231110,002976,1,False,True,2,True,True,1,YELLOW,-99.3499984741211,-121.45999908447266
20231110,002978,1,False,True,1,True,False,1,WEAK,0.800000011920929,-2.640000104904175
20231110,002979,0,False,False,0,False,False,0,YELLOW,65.61000061035156,83.12000274658203
20231110,002980,1,False,True,0,False,False,0,YELLOW,30.459999084472656,24.5
20231110,002981,2,True,True,2,True,True,1,YELLOW,190.11000061035156,-6.550000190734863
20231110,002982,0,False,False,0,False,False,0,WEAK,57.5,247.44000244140625
20231110,002983,2,True,True,2,True,True,1,YELLOW,-8.390000343322754,-47.959999084472656
20231110,002984,2,True,True,1,False,True,0,YELLOW,106.6999969482422,79.43000030517578
20231110,002985,1,True,False,0,False,False,0,WEAK,-46.560001373291016,-78.4800033569336
20231110,002986,1,True,False,1,True,False,1,YELLOW,-31.829999923706055,-34.7400016784668
20231110,002987,2,True,True,0,False,False,0,YELLOW,-12.109999656677246,-5.710000038146973
20231110,002988,1,True,False,1,True,False,1,YELLOW,230.83999633789065,41.84000015258789
20231110,002989,0,False,False,1,True,False,1,YELLOW,-151.6199951171875,-500.0
20231110,002990,2,True,True,0,False,False,0,YELLOW,-14.529999732971191,-39.41999816894531
20231110,002991,1,True,False,1,True,False,1,OK,69.25,32.099998474121094
20231110,002992,2,True,True,1,False,True,0,WEAK,68.26000213623047,19.09000015258789
20231110,002993,0,False,False,2,True,True,1,YELLOW,39.56999969482422,-19.200000762939453
20231110,002995,0,False,False,1,True,False,1,WEAK,23.6200008392334,0.9200000166893004
20231110,002996,1,False,True,1,True,False,1,YELLOW,335.92999267578125,387.510009765625
20231110,002997,2,True,True,2,True,True,1,YELLOW,81.33999633789062,71.41999816894531
20231110,002998,2,True,True,1,True,False,1,YELLOW,14.529999732971191,-18.36000061035156
20231110,002999,0,False,False,1,True,False,1,YELLOW,-44.18000030517578,-86.77999877929688
20231110,003000,1,True,False,1,True,False,1,YELLOW,77.44999694824219,72.88999938964844
20231110,003001,2,True,True,1,True,False,1,YELLOW,128.63999938964844,194.38999938964844
20231110,003002,2,True,True,1,True,False,1,OK,-56.880001068115234,-30.440000534057617
20231110,003003,1,True,False,1,True,False,1,YELLOW,141.2100067138672,58.7599983215332
20231110,003005,0,False,False,1,True,False,1,YELLOW,-81.41999816894531,411.7900085449219
20231110,003006,1,True,False,1,True,False,1,OK,30.6299991607666,31.760000228881836
20231110,003007,1,True,False,1,True,False,1,WEAK,44.81999969482422,15.3100004196167
20231110,003008,0,False,False,1,True,False,1,OK,24.40999984741211,43.220001220703125
20231110,003009,1,False,True,1,True,False,1,WEAK,-78.12999725341797,-51.16999816894531
20231110,003010,2,True,True,1,True,False,1,YELLOW,78.12999725341797,73.2699966430664
20231110,003011,2,True,True,0,False,False,0,YELLOW,-83.4800033569336,-96.1999969482422
20231110,003012,1,True,False,0,False,False,0,YELLOW,5.699999809265137,-49.33000183105469
20231110,003013,2,True,True,0,False,False,0,YELLOW,3.9200000762939458,3.940000057220459
20231110,003015,1,False,True,2,True,True,1,WEAK,159.6999969482422,500.0
20231110,003016,0,False,False,0,False,False,0,OK,-89.7300033569336,-134.3000030517578
20231110,003017,0,False,False,1,True,False,1,YELLOW,-6.53000020980835,48.36000061035156
20231110,003018,2,True,True,1,True,False,1,YELLOW,6.489999771118164,26.850000381469727
20231110,003019,1,False,True,2,True,True,1,YELLOW,119.73999786376952,36.349998474121094
20231110,003020,1,True,False,2,True,True,1,OK,-56.380001068115234,-24.100000381469727
20231110,003021,1,True,False,1,True,False,1,YELLOW,148.0399932861328,49.0099983215332
20231110,003022,1,False,True,0,False,False,0,WEAK,-80.69999694824219,19.299999237060547
20231110,003023,1,True,False,0,False,False,0,OK,33.61000061035156,18.18000030517578
20231110,003025,1,False,True,0,False,False,0,OK,35.93000030517578,54.529998779296875
20231110,003026,0,False,False,1,False,True,0,WEAK,108.01000213623048,150.99000549316406
20231110,003027,1,False,True,0,False,False,0,WEAK,-121.12999725341795,-59.93000030517578
20231110,003028,1,True,False,1,True,False,1,YELLOW,80.37999725341797,-12.420000076293944
20231110,003029,1,False,True,0,False,False,0,WEAK,-500.0,11.890000343322754
20231110,003030,2,True,True,0,False,False,0,YELLOW,7.039999961853027,-144.9199981689453
20231110,003031,2,True,True,0,False,False,0,YELLOW,99.79000091552734,106.16999816894533
20231110,003033,1,False,True,1,False,True,0,YELLOW,18.6299991607666,13.770000457763672
20231110,003035,0,False,False,0,False,False,0,OK,9.140000343322754,-57.119998931884766
20231110,003036,2,True,True,0,False,False,0,YELLOW,13.0,-38.959999084472656
20231110,003037,0,False,False,0,False,False,0,YELLOW,-226.72000122070312,-101.68000030517578
20231110,003038,1,True,False,0,False,False,0,YELLOW,27.40999984741211,-36.279998779296875
20231110,003039,2,True,True,0,False,False,0,WEAK,72.4000015258789,10.890000343322754
20231110,003040,1,False,True,1,True,False,1,YELLOW,-55.27000045776367,-144.6300048828125
20231110,003041,1,True,False,1,True,False,1,YELLOW,33.720001220703125,-54.7400016784668
20231110,003042,0,False,False,0,False,False,0,WEAK,-253.6699981689453,32.97999954223633
20231110,003043,1,False,True,2,True,True,1,WEAK,23.559999465942383,-4.739999771118164
20231110,003816,1,True,False,1,True,False,1,OK,0.0700000002980232,0.9100000262260436
20231110,300001,2,True,True,1,True,False,1,YELLOW,500.0,122.12999725341795
20231110,300002,2,True,True,0,False,False,0,OK,95.38999938964844,55.11000061035156
20231110,300003,0,False,False,1,False,True,0,YELLOW,-18.850000381469727,-42.90999984741211
20231110,300004,2,True,True,1,True,False,1,YELLOW,500.0,500.0
20231110,300005,1,True,False,1,True,False,1,OK,417.9100036621094,159.50999450683594
20231110,300006,1,True,False,2,True,True,1,WEAK,16.110000610351562,-99.94000244140624
20231110,300007,0,False,False,1,True,False,1,WEAK,48.88999938964844,-61.72999954223633
20231110,300008,1,True,False,0,False,False,0,YELLOW,293.489990234375,-11.40999984741211
20231110,300009,2,True,True,2,True,True,1,YELLOW,15.029999732971191,-11.93000030517578
20231110,300011,2,True,True,1,True,False,1,YELLOW,87.8499984741211,128.8800048828125
20231110,300012,1,True,False,0,False,False,0,OK,-3.75,3.180000066757202
20231110,300013,0,False,False,1,True,False,1,WEAK,48.77000045776367,20.469999313354492
20231110,300014,0,False,False,0,False,False,0,YELLOW,14.630000114440918,16.0
20231110,300015,1,True,False,1,False,True,0,OK,12.039999961853027,0.2599999904632568
20231110,300016,1,False,True,2,True,True,1,WEAK,32.95000076293945,275.5899963378906
20231110,300017,1,True,False,1,True,False,1,YELLOW,183.4499969482422,3.240000009536743
20231110,300018,1,True,False,1,True,False,1,OK,-6.03000020980835,101.11000061035156
20231110,300019,2,True,True,1,True,False,1,YELLOW,-27.350000381469727,-32.16999816894531
20231110,300021,0,False,False,1,True,False,1,YELLOW,11.149999618530272,-146.32000732421875
20231110,300022,2,True,True,1,True,False,1,YELLOW,165.4199981689453,-500.0
20231110,300024,2,True,True,0,False,False,0,WEAK,26.0,-6.590000152587891
20231110,300025,1,False,True,0,False,False,0,WEAK,-86.97000122070312,-83.45999908447266
20231110,300026,2,True,True,1,False,True,0,OK,-65.45999908447266,-64.12000274658203
20231110,300030,1,True,False,2,True,True,1,OK,-130.24000549316406,-267.6199951171875
20231110,300031,0,False,False,0,False,False,0,YELLOW,22.100000381469727,174.33999633789062
20231110,300032,1,False,True,1,False,True,0,WEAK,-198.2599945068359,-500.0
20231110,300033,0,False,False,0,False,False,0,OK,-14.579999923706056,-16.739999771118164
20231110,300034,2,True,True,0,False,False,0,YELLOW,66.9000015258789,-0.209999993443489
20231110,300035,0,False,False,0,False,False,0,WEAK,124.30999755859376,500.0
20231110,300036,1,True,False,0,False,False,0,OK,-99.4800033569336,-87.02999877929688
20231110,300037,0,False,False,0,False,False,0,YELLOW,-19.520000457763672,-5.159999847412109
20231110,300039,2,True,True,1,False,True,0,OK,17.270000457763672,11.93000030517578
20231110,300040,2,True,True,1,True,False,1,OK,-7.28000020980835,-67.05999755859375
20231110,300041,1,True,False,0,False,False,0,YELLOW,-48.540000915527344,-59.58000183105469
20231110,300042,1,False,True,1,True,False,1,WEAK,-230.9600067138672,-74.18000030517578
20231110,300043,1,True,False,1,True,False,1,WEAK,-123.95999908447266,-500.0
20231110,300045,2,True,True,1,True,False,1,WEAK,144.64999389648438,-500.0
20231110,300046,1,False,True,1,False,True,0,WEAK,59.560001373291016,78.01000213623047
20231110,300047,2,True,True,1,True,False,1,YELLOW,14.510000228881836,20.059999465942383
20231110,300048,1,False,True,0,False,False,0,WEAK,500.0,121.4000015258789
20231110,300049,2,True,True,2,True,True,1,YELLOW,126.23999786376952,21.979999542236328
20231110,300050,2,True,True,1,True,False,1,WEAK,79.16999816894531,-70.87000274658203
20231110,300051,2,True,True,0,False,False,0,WEAK,-500.0,-307.5299987792969
20231110,300052,1,False,True,1,True,False,1,WEAK,-500.0,-177.1999969482422
20231110,300053,2,True,True,2,True,True,1,YELLOW,-85.87000274658203,-266.4800109863281
20231110,300054,1,False,True,1,False,True,0,OK,213.7100067138672,165.25999450683594
20231110,300055,0,False,False,0,False,False,0,WEAK,-29.770000457763672,-196.72999572753903
20231110,300056,1,False,True,1,True,False,1,WEAK,45.189998626708984,34.13999938964844
20231110,300057,1,False,True,1,True,False,1,WEAK,-261.739990234375,-107.02999877929688
20231110,300058,2,True,True,0,False,False,0,YELLOW,-41.29999923706055,-62.2400016784668
20231110,300059,0,False,False,1,True,False,1,OK,2.380000114440918,-3.490000009536743
20231110,300061,1,False,True,0,False,False,0,WEAK,-500.0,32.66999816894531
20231110,300062,2,True,True,1,True,False,1,YELLOW,-11.170000076293944,-136.3800048828125
20231110,300063,1,False,True,1,True,False,1,YELLOW,-17.049999237060547,23.190000534057617
20231110,300065,1,True,False,1,True,False,1,YELLOW,-414.2699890136719,43.540000915527344
20231110,300066,1,False,True,1,True,False,1,WEAK,-144.27000427246094,-43.029998779296875
20231110,300067,1,False,True,1,True,False,1,WEAK,150.17999267578125,199.80999755859375
20231110,300069,2,True,True,1,True,False,1,WEAK,-6.900000095367432,500.0
20231110,300070,2,True,True,0,False,False,0,YELLOW,161.13999938964844,-148.5800018310547
20231110,300071,0,False,False,0,False,False,0,WEAK,97.18000030517578,-28.540000915527344
20231110,300072,0,False,False,1,True,False,1,WEAK,45.04999923706055,-0.8899999856948853
20231110,300073,0,False,False,1,True,False,1,YELLOW,-75.48999786376953,-80.3499984741211
20231110,300074,1,True,False,1,True,False,1,WEAK,-500.0,-224.32000732421875
20231110,300075,1,True,False,0,False,False,0,YELLOW,16.84000015258789,-89.1500015258789
20231110,300077,0,False,False,1,False,True,0,WEAK,43.279998779296875,64.81999969482422
20231110,300078,1,False,True,1,True,False,1,WEAK,9.3100004196167,-11.789999961853027
20231110,300079,0,False,False,1,True,False,1,YELLOW,9.359999656677246,-11.760000228881836
20231110,300080,1,False,True,1,True,False,1,YELLOW,-281.44000244140625,-500.0
20231110,300082,0,False,False,0,False,False,0,WEAK,-20.65999984741211,29.229999542236328
20231110,300083,0,False,False,1,True,False,1,WEAK,-64.02999877929688,89.58999633789062
20231110,300084,1,True,False,1,True,False,1,WEAK,29.420000076293945,-500.0
20231110,300085,1,True,False,0,False,False,0,WEAK,-500.0,-8.619999885559082
20231110,300086,2,True,True,2,True,True,1,WEAK,-440.510009765625,-458.9299926757813
20231110,300087,2,True,True,0,False,False,0,YELLOW,-77.5,-500.0
20231110,300088,1,False,True,2,True,True,1,WEAK,-57.709999084472656,17.350000381469727
20231110,300092,2,True,True,0,False,False,0,YELLOW,1.2400000095367432,3.119999885559082
20231110,300094,1,False,True,0,False,False,0,WEAK,-195.3699951171875,60.77000045776367
20231110,300095,0,False,False,0,False,False,0,YELLOW,-65.54000091552734,-75.76000213623047
20231110,300097,1,True,False,1,True,False,1,YELLOW,123.5999984741211,176.25
20231110,300098,2,True,True,1,True,False,1,WEAK,-77.33999633789062,-38.06999969482422
20231110,300099,1,False,True,0,False,False,0,YELLOW,-56.849998474121094,-16.469999313354492
20231110,300100,2,True,True,2,True,True,1,YELLOW,223.6199951171875,226.4199981689453
20231110,300101,0,False,False,1,True,False,1,YELLOW,-95.54000091552734,-58.58000183105469
20231110,300102,0,False,False,2,True,True,1,WEAK,91.0500030517578,116.51000213623048
20231110,300103,1,True,False,1,True,False,1,WEAK,72.22000122070312,11.470000267028809
20231110,300105,2,True,True,1,True,False,1,YELLOW,252.0800018310547,11.239999771118164
20231110,300106,1,False,True,1,True,False,1,WEAK,-493.9700012207031,-80.9800033569336
20231110,300107,0,False,False,1,True,False,1,WEAK,310.0,39.880001068115234
20231110,300109,2,True,True,0,False,False,0,YELLOW,6.210000038146973,-19.799999237060547
20231110,300110,1,True,False,2,True,True,1,WEAK,21.31999969482422,-28.65999984741211
20231110,300111,1,False,True,1,False,True,0,WEAK,103.48999786376952,113.12999725341795
20231110,300112,1,False,True,1,True,False,1,WEAK,-41.720001220703125,-61.970001220703125
20231110,300113,1,True,False,1,True,False,1,WEAK,29.450000762939453,36.36000061035156
20231110,300115,1,True,False,2,True,True,1,YELLOW,231.47999572753903,500.0
20231110,300118,2,True,True,0,False,False,0,YELLOW,-225.0399932861328,-210.3500061035156
20231110,300119,1,True,False,1,True,False,1,OK,20.84000015258789,-8.380000114440918
20231110,300120,1,False,True,1,False,True,0,YELLOW,73.31999969482422,-15.850000381469728
20231110,300121,1,False,True,1,True,False,1,YELLOW,-17.520000457763672,-34.22999954223633
20231110,300122,1,True,False,2,True,True,1,WEAK,-28.36000061035156,-66.41000366210938
20231110,300124,1,True,False,0,False,False,0,OK,26.670000076293945,2.9100000858306885
20231110,300126,0,False,False,1,True,False,1,YELLOW,-51.630001068115234,-500.0
20231110,300127,2,True,True,0,False,False,0,YELLOW,-20.329999923706055,-22.11000061035156
20231110,300128,1,False,True,1,True,False,1,WEAK,-54.33000183105469,-30.65999984741211
20231110,300129,1,False,True,1,True,False,1,YELLOW,-30.479999542236328,-34.939998626708984
20231110,300130,2,True,True,0,False,False,0,YELLOW,79.08000183105469,5.03000020980835
20231110,300131,1,False,True,2,True,True,1,YELLOW,-20.56999969482422,37.790000915527344
20231110,300132,1,True,False,1,True,False,1,WEAK,85.08999633789062,143.67999267578125
20231110,300133,2,True,True,1,True,False,1,WEAK,-98.8000030517578,-55.0099983215332
20231110,300134,0,False,False,1,True,False,1,WEAK,-145.47000122070312,-458.5199890136719
20231110,300135,1,False,True,1,True,False,1,YELLOW,-6.369999885559082,-21.079999923706055
20231110,300136,2,True,True,2,True,True,1,YELLOW,3.5899999141693115,-16.90999984741211
20231110,300137,1,True,False,1,True,False,1,WEAK,122.22000122070312,-98.0
20231110,300138,1,True,False,0,False,False,0,YELLOW,-58.380001068115234,-95.52999877929688
20231110,300139,2,True,True,1,True,False,1,WEAK,141.8800048828125,-50.779998779296875
20231110,300140,2,True,True,0,False,False,0,YELLOW,500.0,220.97999572753903
20231110,300141,2,True,True,1,True,False,1,YELLOW,113.61000061035156,-248.0399932861328
20231110,300142,0,False,False,1,False,True,0,OK,-37.369998931884766,-59.84000015258789
20231110,300143,2,True,True,1,False,True,0,YELLOW,-38.54999923706055,-16.420000076293945
20231110,300144,2,True,True,0,False,False,0,OK,349.07000732421875,28.049999237060547
20231110,300145,1,True,False,1,True,False,1,YELLOW,51.63999938964844,0.0199999995529651
20231110,300146,2,True,True,0,False,False,0,OK,-28.670000076293945,-55.11000061035156
20231110,300148,0,False,False,0,False,False,0,WEAK,56.369998931884766,172.9600067138672
20231110,300149,1,False,True,1,False,True,0,WEAK,4.230000019073486,-78.06999969482422
20231110,300150,2,True,True,1,True,False,1,OK,-500.0,68.77999877929688
20231110,300151,0,False,False,1,True,False,1,YELLOW,-34.95000076293945,76.69999694824219
20231110,300153,2,True,True,1,True,False,1,YELLOW,2.7300000190734863,56.459999084472656
20231110,300154,2,True,True,1,True,False,1,YELLOW,0.5799999833106995,-32.0
20231110,300155,1,True,False,1,True,False,1,YELLOW,-500.0,-498.8399963378906
20231110,300157,1,True,False,1,True,False,1,WEAK,8.020000457763672,-2.1600000858306885
20231110,300158,0,False,False,2,True,True,1,WEAK,51.349998474121094,10.420000076293944
20231110,300160,1,True,False,1,True,False,1,YELLOW,20.739999771118164,4.159999847412109
20231110,300161,2,True,True,0,False,False,0,WEAK,-39.93000030517578,-4.690000057220459
20231110,300162,0,False,False,2,True,True,1,WEAK,34.22999954223633,-182.0099945068359
20231110,300163,1,False,True,1,True,False,1,WEAK,-18.809999465942383,-69.37000274658203
20231110,300164,2,True,True,1,True,False,1,OK,-94.80999755859376,-48.869998931884766
20231110,300165,1,True,False,1,True,False,1,OK,-148.22000122070312,48.2599983215332
20231110,300166,1,False,True,1,True,False,1,WEAK,-251.3999938964844,-139.52000427246094
20231110,300168,1,False,True,0,False,False,0,WEAK,-312.5,-58.040000915527344
20231110,300169,1,False,True,0,False,False,0,WEAK,68.94000244140625,115.73999786376952
20231110,300170,0,False,False,0,False,False,0,YELLOW,21.6299991607666,500.0
20231110,300171,0,False,False,1,False,True,0,WEAK,-73.44000244140625,-75.5
20231110,300172,2,True,True,1,True,False,1,YELLOW,30.09000015258789,-8.029999732971191
20231110,300174,1,True,False,0,False,False,0,YELLOW,4.75,3.990000009536743
20231110,300176,0,False,False,2,True,True,1,WEAK,187.4199981689453,369.7999877929687
20231110,300177,0,False,False,1,True,False,1,WEAK,17.059999465942383,28.65999984741211
20231110,300179,0,False,False,0,False,False,0,OK,-15.68000030517578,-7.519999980926514
20231110,300180,0,False,False,1,True,False,1,WEAK,121.58000183105467,206.88999938964844
20231110,300181,1,True,False,1,False,True,0,OK,50.0099983215332,47.79999923706055
20231110,300182,0,False,False,1,True,False,1,OK,-23.489999771118164,-11.300000190734863
20231110,300183,0,False,False,1,True,False,1,WEAK,-71.88999938964844,20.81999969482422
20231110,300184,1,False,True,2,True,True,1,YELLOW,-9.989999771118164,47.47999954223633
20231110,300185,1,True,False,1,True,False,1,YELLOW,-93.63999938964844,-81.75
20231110,300187,0,False,False,1,True,False,1,WEAK,-73.06999969482422,500.0
20231110,300188,0,False,False,0,False,False,0,WEAK,7.230000019073486,6.809999942779541
20231110,300189,1,True,False,0,False,False,0,WEAK,-115.18000030517578,-15.880000114440918
20231110,300190,0,False,False,1,True,False,1,WEAK,-113.95999908447266,-500.0
20231110,300191,1,False,True,0,False,False,0,WEAK,-500.0,56.9900016784668
20231110,300192,1,True,False,1,True,False,1,OK,12.859999656677246,5.130000114440918
20231110,300193,2,True,True,0,False,False,0,YELLOW,128.86000061035156,17.459999084472656
20231110,300194,1,True,False,2,True,True,1,WEAK,55.02000045776367,26.079999923706055
20231110,300195,1,True,False,1,True,False,1,WEAK,92.2699966430664,69.80999755859375
20231110,300196,0,False,False,0,False,False,0,WEAK,-37.83000183105469,-31.40999984741211
20231110,300197,0,False,False,0,False,False,0,WEAK,-118.7699966430664,-42.68000030517578
20231110,300199,0,False,False,2,True,True,1,WEAK,34.900001525878906,60.36000061035156
20231110,300200,0,False,False,1,True,False,1,YELLOW,41.56999969482422,6.010000228881836
20231110,300201,2,True,True,1,True,False,1,YELLOW,-7.75,4.590000152587891
20231110,300203,0,False,False,1,True,False,1,WEAK,64.58999633789062,131.8699951171875
20231110,300204,0,False,False,1,False,True,0,WEAK,90.98999786376952,92.94000244140624
20231110,300206,1,True,False,1,False,True,0,OK,-75.66000366210938,-26.93000030517578
20231110,300207,1,True,False,1,True,False,1,YELLOW,212.88999938964844,90.77999877929688
20231110,300209,0,False,False,1,True,False,1,WEAK,9.960000038146973,66.31999969482422
20231110,300210,1,True,False,1,True,False,1,WEAK,-53.810001373291016,-4.610000133514404
20231110,300213,2,True,True,1,True,False,1,WEAK,9.529999732971191,12.470000267028809
20231110,300214,1,False,True,1,True,False,1,WEAK,-172.11000061035156,-181.66000366210935
20231110,300215,0,False,False,1,True,False,1,WEAK,130.22000122070312,262.6099853515625
20231110,300217,1,True,False,1,True,False,1,YELLOW,31.979999542236328,-14.949999809265137
20231110,300218,1,True,False,1,True,False,1,YELLOW,314.7300109863281,377.7900085449219
20231110,300219,1,True,False,2,True,True,1,YELLOW,-52.31999969482422,-57.20000076293945
20231110,300220,1,True,False,1,True,False,1,WEAK,139.82000732421875,89.62999725341797
20231110,300221,2,True,True,1,True,False,1,YELLOW,139.7899932861328,4.230000019073486
20231110,300222,1,True,False,1,True,False,1,WEAK,83.58999633789062,81.43000030517578
20231110,300223,0,False,False,1,False,True,0,OK,-26.049999237060547,-8.25
20231110,300224,1,True,False,1,True,False,1,YELLOW,-41.0099983215332,-75.95999908447266
20231110,300226,1,True,False,0,False,False,0,YELLOW,26.450000762939453,-13.359999656677246
20231110,300227,0,False,False,1,True,False,1,WEAK,-58.45000076293945,-38.75
20231110,300228,2,True,True,1,True,False,1,WEAK,500.0,171.80999755859375
20231110,300229,0,False,False,0,False,False,0,WEAK,10.15999984741211,-500.0
20231110,300230,1,False,True,1,True,False,1,YELLOW,85.05000305175781,-7.789999961853027
20231110,300231,1,False,True,1,True,False,1,YELLOW,-16.489999771118164,-55.060001373291016
20231110,300232,0,False,False,1,False,True,0,YELLOW,-93.5500030517578,-39.54999923706055
20231110,300233,1,False,True,1,False,True,0,WEAK,87.19000244140625,15.899999618530272
20231110,300234,1,True,False,1,True,False,1,YELLOW,3.200000047683716,-79.9000015258789
20231110,300235,0,False,False,1,True,False,1,YELLOW,-11.970000267028809,-28.06999969482422
20231110,300236,1,False,True,2,True,True,1,OK,30.170000076293945,80.79000091552734
20231110,300238,2,True,True,2,True,True,1,YELLOW,-29.18000030517578,-46.880001068115234
20231110,300239,2,True,True,1,False,True,0,YELLOW,-21.61000061035156,-34.04999923706055
20231110,300240,1,False,True,1,True,False,1,YELLOW,67.29000091552734,-177.63999938964844
20231110,300241,0,False,False,2,True,True,1,WEAK,118.70999908447266,203.42999267578125
20231110,300242,1,False,True,0,False,False,0,WEAK,41.13999938964844,43.56999969482422
20231110,300243,1,True,False,1,True,False,1,YELLOW,-47.0,-48.41999816894531
20231110,300244,0,False,False,2,True,True,1,WEAK,-83.01000213623047,-72.18000030517578
20231110,300246,1,True,False,1,False,True,0,YELLOW,-126.75,-175.41000366210938
20231110,300247,1,True,False,1,True,False,1,YELLOW,85.05999755859375,42.380001068115234
20231110,300248,1,True,False,1,True,False,1,OK,-41.630001068115234,500.0
20231110,300249,1,False,True,1,True,False,1,WEAK,116.43000030517578,104.41000366210938
20231110,300250,2,True,True,1,True,False,1,OK,108.20999908447266,-404.9299926757813
20231110,300251,2,True,True,0,False,False,0,WEAK,252.0099945068359,24.280000686645508
20231110,300252,0,False,False,1,True,False,1,YELLOW,-500.0,-116.97000122070312
20231110,300253,0,False,False,1,True,False,1,WEAK,111.73999786376952,58.95000076293945
20231110,300254,1,True,False,2,True,True,1,WEAK,248.9499969482422,191.94000244140625
20231110,300255,0,False,False,2,True,True,1,WEAK,-500.0,93.0
20231110,300256,1,False,True,1,False,True,0,WEAK,65.66999816894531,44.29999923706055
20231110,300257,1,True,False,1,True,False,1,OK,13.149999618530272,-35.72999954223633
20231110,300258,1,True,False,1,False,True,0,YELLOW,2.7699999809265137,-43.869998931884766
20231110,300259,0,False,False,0,False,False,0,YELLOW,-36.040000915527344,-28.1299991607666
20231110,300260,0,False,False,1,True,False,1,YELLOW,16.479999542236328,12.529999732971191
20231110,300261,1,False,True,0,False,False,0,YELLOW,-184.66000366210935,-208.4499969482422
20231110,300263,2,True,True,0,False,False,0,YELLOW,-27.030000686645508,-14.119999885559082
20231110,300264,1,False,True,1,True,False,1,WEAK,-9.25,21.309999465942383
20231110,300265,1,True,False,1,True,False,1,YELLOW,-75.19000244140625,-48.97999954223633
20231110,300266,1,False,True,1,True,False,1,WEAK,75.58000183105469,39.31999969482422
20231110,300267,1,False,True,2,True,True,1,YELLOW,-117.4000015258789,-500.0
20231110,300268,1,False,True,0,False,False,0,WEAK,42.41999816894531,-2.2699999809265137
20231110,300269,1,True,False,2,True,True,1,YELLOW,78.98999786376953,-173.77000427246094
20231110,300270,1,False,True,1,True,False,1,WEAK,-500.0,7.650000095367432
20231110,300271,1,False,True,0,False,False,0,WEAK,-1.440000057220459,5.480000019073486
20231110,300272,1,True,False,1,True,False,1,YELLOW,27.6299991607666,-17.950000762939453
20231110,300274,2,True,True,0,False,False,0,YELLOW,42.84000015258789,4.309999942779541
20231110,300275,2,True,True,0,False,False,0,OK,43.099998474121094,30.579999923706055
20231110,300276,2,True,True,1,True,False,1,YELLOW,32.11000061035156,-70.16000366210938
20231110,300277,1,True,False,1,True,False,1,YELLOW,-500.0,-139.2899932861328
20231110,300278,0,False,False,0,False,False,0,YELLOW,71.4800033569336,-20.270000457763672
20231110,300279,1,True,False,1,True,False,1,YELLOW,-11.789999961853027,23.850000381469727
20231110,300281,0,False,False,1,True,False,1,YELLOW,94.38999938964844,180.57000732421875
20231110,300283,1,False,True,1,True,False,1,YELLOW,-500.0,19.209999084472656
20231110,300284,0,False,False,0,False,False,0,OK,50.56999969482422,-30.43000030517578
20231110,300285,0,False,False,1,False,True,0,WEAK,20.040000915527344,12.479999542236328
20231110,300286,2,True,True,0,False,False,0,OK,9.0600004196167,-11.890000343322754
20231110,300287,0,False,False,1,True,False,1,WEAK,-500.0,19.329999923706055
20231110,300288,2,True,True,0,False,False,0,OK,-70.43000030517578,-38.970001220703125
20231110,300289,1,False,True,2,True,True,1,YELLOW,-176.41000366210938,-130.0500030517578
20231110,300290,1,True,False,2,True,True,1,YELLOW,-166.1300048828125,-334.2900085449219
20231110,300291,1,False,True,1,True,False,1,WEAK,59.79999923706055,-49.13999938964844
20231110,300292,1,False,True,1,True,False,1,YELLOW,34.0099983215332,44.61000061035156
20231110,300293,1,True,False,1,True,False,1,WEAK,-7.619999885559082,79.01000213623047
20231110,300294,1,True,False,1,False,True,0,WEAK,-7.630000114440918,-6.960000038146973
20231110,300296,1,True,False,1,False,True,0,YELLOW,8.949999809265137,-64.48999786376953
20231110,300298,2,True,True,2,True,True,1,WEAK,21.479999542236328,-31.729999542236328
20231110,300299,1,False,True,1,True,False,1,WEAK,-329.760009765625,-500.0
20231110,300300,1,False,True,1,False,True,0,WEAK,-66.7300033569336,2.309999942779541
20231110,300302,1,False,True,1,True,False,1,WEAK,-70.58999633789062,139.8800048828125
20231110,300303,2,True,True,2,True,True,1,YELLOW,5.010000228881836,19.13999938964844
20231110,300304,2,True,True,2,True,True,1,YELLOW,121.27999877929688,64.45999908447266
20231110,300305,0,False,False,1,True,False,1,WEAK,-430.05999755859375,-500.0
20231110,300306,1,True,False,1,True,False,1,YELLOW,-25.43000030517578,1.6200000047683716
20231110,300307,2,True,True,0,False,False,0,YELLOW,98.72000122070312,54.58000183105469
20231110,300308,1,True,False,0,False,False,0,YELLOW,325.7300109863281,198.77000427246097
20231110,300310,0,False,False,1,True,False,1,YELLOW,135.13999938964844,-321.82000732421875
20231110,300314,1,True,False,1,False,True,0,OK,-11.140000343322754,-44.470001220703125
20231110,300315,1,False,True,1,True,False,1,OK,-5.730000019073486,33.130001068115234
20231110,300316,2,True,True,0,False,False,0,OK,26.0,-11.649999618530272
20231110,300317,0,False,False,1,True,False,1,YELLOW,-70.48999786376953,-500.0
20231110,300318,2,True,True,2,True,True,1,OK,330.1000061035156,29.239999771118164
20231110,300319,1,True,False,2,True,True,1,YELLOW,54.459999084472656,39.25
20231110,300320,2,True,True,0,False,False,0,YELLOW,25.899999618530273,29.3700008392334
20231110,300321,0,False,False,1,True,False,1,WEAK,94.37999725341795,177.4499969482422
20231110,300322,1,False,True,2,True,True,1,WEAK,71.56999969482422,100.55999755859376
20231110,300323,1,False,True,1,False,True,0,WEAK,7.920000076293945,31.18000030517578
20231110,300324,2,True,True,1,True,False,1,WEAK,-5.059999942779541,-10.729999542236328
20231110,300327,0,False,False,1,False,True,0,WEAK,40.939998626708984,11.989999771118164
20231110,300328,0,False,False,1,True,False,1,YELLOW,-205.77000427246097,1.840000033378601
20231110,300329,1,False,True,1,True,False,1,YELLOW,-240.0,-275.70001220703125
20231110,300331,1,True,False,2,True,True,1,YELLOW,431.6300048828125,500.0
20231110,300332,2,True,True,0,False,False,0,YELLOW,-61.66999816894531,-57.63999938964844
20231110,300333,1,True,False,1,True,False,1,WEAK,61.5099983215332,92.91999816894533
20231110,300334,1,True,False,1,True,False,1,WEAK,85.19000244140625,41.66999816894531
20231110,300335,1,True,False,1,True,False,1,YELLOW,-28.030000686645508,9.210000038146973
20231110,300337,2,True,True,1,True,False,1,YELLOW,245.47999572753903,68.76000213623047
20231110,300339,0,False,False,2,True,True,1,YELLOW,22.790000915527344,3.3399999141693115
20231110,300340,1,False,True,1,True,False,1,WEAK,72.66000366210938,-23.329999923706055
20231110,300341,1,False,True,2,True,True,1,OK,-28.809999465942383,-0.3700000047683716
20231110,300342,2,True,True,1,True,False,1,YELLOW,-78.86000061035156,32.06999969482422
20231110,300345,1,False,True,0,False,False,0,WEAK,-500.0,-62.150001525878906
20231110,300346,0,False,False,1,False,True,0,WEAK,14.399999618530272,19.920000076293945
20231110,300347,1,True,False,1,False,True,0,OK,-20.5,-25.559999465942383
20231110,300348,0,False,False,0,False,False,0,WEAK,21.11000061035156,112.48999786376952
20231110,300349,2,True,True,0,False,False,0,OK,35.36000061035156,-1.8700000047683716
20231110,300350,0,False,False,1,True,False,1,WEAK,-150.8000030517578,40.83000183105469
20231110,300351,1,False,True,1,True,False,1,YELLOW,27.780000686645508,18.5
20231110,300353,1,False,True,0,False,False,0,WEAK,-36.689998626708984,11.8100004196167
20231110,300354,2,True,True,0,False,False,0,OK,176.8699951171875,19.829999923706055
20231110,300355,2,True,True,1,True,False,1,OK,-260.92999267578125,-102.37999725341795
20231110,300357,1,False,True,1,False,True,0,OK,6.800000190734863,0.3100000023841858
20231110,300358,0,False,False,1,False,True,0,WEAK,-117.26000213623048,-174.74000549316406
20231110,300359,1,True,False,1,True,False,1,WEAK,-36.84000015258789,-500.0
20231110,300360,1,True,False,0,False,False,0,OK,42.33000183105469,44.279998779296875
20231110,300363,0,False,False,2,True,True,1,OK,-131.5500030517578,-150.2899932861328
20231110,300364,0,False,False,1,True,False,1,WEAK,-15.489999771118164,-92.08000183105467
20231110,300365,1,False,True,1,True,False,1,WEAK,1.9700000286102295,-49.349998474121094
20231110,300368,0,False,False,0,False,False,0,WEAK,-209.7599945068359,-7.929999828338623
20231110,300369,0,False,False,0,False,False,0,WEAK,17.68000030517578,37.31999969482422
20231110,300370,2,True,True,0,False,False,0,WEAK,44.40999984741211,29.59000015258789
20231110,300371,0,False,False,0,False,False,0,OK,-50.029998779296875,-35.7599983215332
20231110,300373,1,False,True,1,False,True,0,WEAK,4.21999979019165,6.590000152587891
20231110,300374,2,True,True,0,False,False,0,WEAK,0.8600000143051147,22.88999938964844
20231110,300375,1,False,True,2,True,True,1,YELLOW,101.08999633789062,115.58999633789062
20231110,300376,1,True,False,1,True,False,1,YELLOW,-62.40999984741211,-66.9000015258789
20231110,300377,1,False,True,0,False,False,0,WEAK,8.380000114440918,-203.6000061035156
20231110,300378,1,False,True,0,False,False,0,OK,20.469999313354492,59.099998474121094
20231110,300380,1,False,True,0,False,False,0,WEAK,107.91000366210938,97.33999633789062
20231110,300381,2,True,True,2,True,True,1,YELLOW,296.3500061035156,8.109999656677246
20231110,300382,0,False,False,0,False,False,0,YELLOW,-60.20000076293945,-131.9499969482422
20231110,300383,0,False,False,1,True,False,1,YELLOW,-5.179999828338623,-2.630000114440918
20231110,300384,2,True,True,1,True,False,1,OK,17.68000030517578,26.61000061035156
20231110,300386,0,False,False,0,False,False,0,WEAK,72.93000030517578,72.48999786376953
20231110,300387,1,True,False,1,True,False,1,YELLOW,40.54999923706055,51.369998931884766
20231110,300388,1,True,False,1,True,False,1,YELLOW,40.02000045776367,31.11000061035156
20231110,300389,1,True,False,1,False,True,0,YELLOW,-29.059999465942383,-59.380001068115234
20231110,300390,1,False,True,0,False,False,0,WEAK,-69.80000305175781,-60.70000076293945
20231110,300393,2,True,True,0,False,False,0,YELLOW,-253.6699981689453,-164.42999267578125
20231110,300394,2,True,True,0,False,False,0,OK,215.07000732421875,126.1500015258789
20231110,300395,2,True,True,0,False,False,0,OK,-54.060001373291016,-49.90999984741211
20231110,300397,0,False,False,1,True,False,1,WEAK,122.33000183105467,25.989999771118164
20231110,300398,0,False,False,2,True,True,1,WEAK,0.6200000047683716,16.940000534057617
20231110,300399,1,False,True,1,False,True,0,WEAK,-17.040000915527344,-25.760000228881836
20231110,300400,1,False,True,1,True,False,1,OK,500.0,78.62999725341797
20231110,300401,1,False,True,1,False,True,0,WEAK,41.290000915527344,52.54999923706055
20231110,300402,2,True,True,0,False,False,0,YELLOW,13.25,12.890000343322754
20231110,300403,1,True,False,1,True,False,1,YELLOW,18.200000762939453,0.7799999713897705
20231110,300404,1,True,False,2,True,True,1,WEAK,103.3000030517578,155.64999389648438
20231110,300405,2,True,True,1,True,False,1,WEAK,-45.790000915527344,-27.200000762939453
20231110,300406,2,True,True,1,False,True,0,YELLOW,10.90999984741211,0.6299999952316284
20231110,300407,1,True,False,1,True,False,1,YELLOW,80.87000274658203,-20.219999313354492
20231110,300408,0,False,False,1,False,True,0,WEAK,57.400001525878906,63.65999984741211
20231110,300409,0,False,False,0,False,False,0,WEAK,124.0199966430664,429.7799987792969
20231110,300410,1,False,True,1,True,False,1,WEAK,57.54999923706055,-63.540000915527344
20231110,300411,1,False,True,1,True,False,1,YELLOW,-22.729999542236328,-8.800000190734863
20231110,300412,0,False,False,1,True,False,1,YELLOW,-191.3800048828125,-26.239999771118164
20231110,300413,1,True,False,0,False,False,0,OK,-10.130000114440918,-24.049999237060547
20231110,300414,0,False,False,1,True,False,1,YELLOW,-77.4000015258789,-106.0
20231110,300415,1,True,False,1,True,False,1,OK,35.400001525878906,35.970001220703125
20231110,300416,2,True,True,1,True,False,1,OK,-1.809999942779541,-36.119998931884766
20231110,300417,0,False,False,0,False,False,0,WEAK,-20.030000686645508,-95.0999984741211
20231110,300418,1,False,True,1,True,False,1,YELLOW,-216.80999755859375,-336.1099853515625
20231110,300420,1,True,False,0,False,False,0,YELLOW,-14.239999771118164,-207.32000732421875
20231110,300421,2,True,True,0,False,False,0,YELLOW,4.199999809265137,-2.009999990463257
20231110,300422,1,True,False,0,False,False,0,WEAK,256.0299987792969,3.180000066757202
20231110,300423,1,False,True,0,False,False,0,WEAK,-87.6500015258789,103.4499969482422
20231110,300424,1,False,True,1,True,False,1,WEAK,276.80999755859375,440.8800048828125
20231110,300425,1,True,False,0,False,False,0,OK,-89.23999786376953,-56.75
20231110,300426,1,True,False,1,True,False,1,OK,206.57000732421875,-500.0
20231110,300427,1,False,True,0,False,False,0,WEAK,-184.5800018310547,-5.139999866485596
20231110,300428,1,True,False,1,False,True,0,YELLOW,220.77999877929688,17.610000610351562
20231110,300429,1,False,True,2,True,True,1,WEAK,-38.95000076293945,-52.2400016784668
20231110,300432,0,False,False,1,True,False,1,WEAK,105.79000091552734,153.8699951171875
20231110,300433,2,True,True,2,True,True,1,YELLOW,500.0,45.959999084472656
20231110,300434,1,True,False,1,False,True,0,YELLOW,-37.099998474121094,-60.52000045776367
20231110,300435,1,True,False,1,True,False,1,YELLOW,-2.7100000381469727,-26.799999237060547
20231110,300436,1,False,True,2,True,True,1,WEAK,72.1500015258789,54.95000076293945
20231110,300437,0,False,False,0,False,False,0,WEAK,-34.84000015258789,-40.459999084472656
20231110,300438,1,False,True,0,False,False,0,YELLOW,-97.45999908447266,-94.52999877929688
20231110,300439,1,False,True,2,True,True,1,YELLOW,14.369999885559082,7.159999847412109
20231110,300440,0,False,False,2,True,True,1,WEAK,22.479999542236328,37.72999954223633
20231110,300441,2,True,True,1,True,False,1,OK,80.8499984741211,50.599998474121094
20231110,300442,1,True,False,0,False,False,0,OK,45.47999954223633,33.650001525878906
20231110,300443,2,True,True,1,True,False,1,YELLOW,-75.9800033569336,-56.72999954223633
20231110,300444,2,True,True,1,True,False,1,YELLOW,382.9700012207031,19.700000762939453
20231110,300445,1,True,False,1,True,False,1,OK,79.0999984741211,19.15999984741211
20231110,300446,2,True,True,2,True,True,1,WEAK,500.0,500.0
20231110,300447,0,False,False,0,False,False,0,OK,-48.61000061035156,-54.06999969482422
20231110,300448,1,False,True,1,False,True,0,WEAK,142.82000732421875,119.29000091552734
20231110,300449,1,True,False,0,False,False,0,WEAK,28.829999923706055,37.20000076293945
20231110,300450,1,True,False,0,False,False,0,OK,0.0099999997764825,-74.22000122070312
20231110,300451,0,False,False,1,True,False,1,WEAK,51.52000045776367,-40.97999954223633
20231110,300452,2,True,True,1,False,True,0,OK,-7.559999942779541,-5.119999885559082
20231110,300453,1,False,True,2,True,True,1,OK,28.61000061035156,18.84000015258789
20231110,300454,1,True,False,0,False,False,0,WEAK,-19.649999618530273,-8.180000305175781
20231110,300455,2,True,True,1,True,False,1,YELLOW,7.269999980926514,-12.079999923706056
20231110,300456,1,True,False,2,True,True,1,WEAK,-4.559999942779541,-154.67999267578125
20231110,300457,2,True,True,0,False,False,0,YELLOW,97.52999877929688,4.650000095367432
20231110,300458,0,False,False,1,False,True,0,WEAK,129.72000122070312,358.2300109863281
20231110,300459,1,False,True,0,False,False,0,YELLOW,-44.619998931884766,-62.709999084472656
20231110,300461,2,True,True,1,True,False,1,YELLOW,-500.0,-500.0
20231110,300463,0,False,False,1,False,True,0,OK,-2.0,6.050000190734863
20231110,300464,1,True,False,1,True,False,1,WEAK,-56.720001220703125,-243.80999755859375
20231110,300465,2,True,True,0,False,False,0,YELLOW,-86.63999938964844,-7.179999828338623
20231110,300466,2,True,True,1,True,False,1,YELLOW,-265.57000732421875,-415.0499877929687
20231110,300467,1,True,False,1,True,False,1,YELLOW,-13.199999809265137,-31.459999084472656
20231110,300468,2,True,True,1,True,False,1,WEAK,10.40999984741211,-15.229999542236328
20231110,300469,2,True,True,0,False,False,0,WEAK,-29.8700008392334,-3.7899999618530273
20231110,300470,2,True,True,0,False,False,0,OK,5.0,13.600000381469728
20231110,300471,1,True,False,0,False,False,0,WEAK,-121.2699966430664,-30.40999984741211
20231110,300473,1,True,False,2,True,True,1,YELLOW,119.83000183105467,469.1600036621094
20231110,300474,0,False,False,1,True,False,1,OK,78.80999755859375,119.9000015258789
20231110,300475,0,False,False,1,False,True,0,WEAK,193.4499969482422,213.0800018310547
20231110,300476,0,False,False,1,False,True,0,YELLOW,81.08000183105469,33.20000076293945
20231110,300478,1,False,True,1,True,False,1,YELLOW,42.66999816894531,18.649999618530273
20231110,300479,1,False,True,1,True,False,1,WEAK,-500.0,-89.73999786376953
20231110,300480,1,True,False,1,True,False,1,OK,-30.11000061035156,-189.22999572753903
20231110,300481,0,False,False,1,False,True,0,WEAK,-19.540000915527344,-20.75
20231110,300482,0,False,False,1,False,True,0,YELLOW,6.78000020980835,14.880000114440918
20231110,300483,0,False,False,0,False,False,0,WEAK,-500.0,-500.0
20231110,300484,1,False,True,0,False,False,0,YELLOW,-33.560001373291016,-11.670000076293944
20231110,300485,1,False,True,2,True,True,1,WEAK,383.80999755859375,-21.270000457763672
20231110,300486,1,False,True,0,False,False,0,WEAK,19.040000915527344,-93.81999969482422
20231110,300487,2,True,True,0,False,False,0,OK,27.969999313354492,15.43000030517578
20231110,300488,1,False,True,1,True,False,1,WEAK,29.920000076293945,-8.399999618530273
20231110,300489,0,False,False,1,False,True,0,WEAK,16.290000915527344,55.380001068115234
20231110,300490,2,True,True,0,False,False,0,WEAK,102.4000015258789,-500.0
20231110,300491,2,True,True,1,True,False,1,OK,60.720001220703125,-65.87999725341797
20231110,300492,1,False,True,1,True,False,1,WEAK,500.0,500.0
20231110,300493,1,False,True,2,True,True,1,YELLOW,82.87999725341797,22.690000534057617
20231110,300494,1,False,True,1,True,False,1,YELLOW,-86.04000091552734,-103.66999816894533
20231110,300496,1,False,True,1,False,True,0,OK,-46.22999954223633,-75.9800033569336
20231110,300497,0,False,False,1,False,True,0,WEAK,68.06999969482422,-13.529999732971191
20231110,300498,0,False,False,1,True,False,1,WEAK,62.20000076293945,233.3000030517578
20231110,300499,1,True,False,1,True,False,1,WEAK,136.5800018310547,-143.32000732421875
20231110,300500,1,False,True,0,False,False,0,YELLOW,-82.0999984741211,-266.9200134277344
20231110,300501,0,False,False,0,False,False,0,YELLOW,-10.65999984741211,29.809999465942383
20231110,300502,1,False,True,0,False,False,0,OK,206.7100067138672,287.7300109863281
20231110,300503,1,False,True,1,True,False,1,WEAK,119.37000274658205,205.42999267578125
20231110,300504,1,False,True,1,True,False,1,YELLOW,-61.63999938964844,-66.12999725341797
20231110,300505,1,False,True,0,False,False,0,WEAK,500.0,187.0099945068359
20231110,300507,1,False,True,2,True,True,1,YELLOW,92.44000244140624,25.030000686645508
20231110,300508,1,True,False,1,True,False,1,YELLOW,-21.309999465942383,0.2399999946355819
20231110,300509,0,False,False,1,True,False,1,WEAK,-34.439998626708984,-32.349998474121094
20231110,300510,1,True,False,1,True,False,1,YELLOW,-500.0,-404.0700073242187
20231110,300511,1,False,True,0,False,False,0,WEAK,-101.61000061035156,-37.869998931884766
20231110,300512,0,False,False,1,True,False,1,OK,-40.36000061035156,-44.5
20231110,300513,1,False,True,0,False,False,0,WEAK,-150.1300048828125,-254.1699981689453
20231110,300514,1,True,False,1,True,False,1,YELLOW,34.13999938964844,-4.010000228881836
20231110,300515,0,False,False,0,False,False,0,OK,44.84000015258789,74.7699966430664
20231110,300516,0,False,False,2,True,True,1,YELLOW,-7.590000152587891,-60.5
20231110,300517,0,False,False,1,True,False,1,YELLOW,14.390000343322754,-4.96999979019165
20231110,300518,1,False,True,1,True,False,1,WEAK,-144.6999969482422,-148.82000732421875
20231110,300519,0,False,False,2,True,True,1,WEAK,-28.06999969482422,-37.54999923706055
20231110,300520,1,False,True,1,True,False,1,WEAK,170.4499969482422,-500.0
20231110,300521,0,False,False,1,True,False,1,WEAK,73.11000061035156,-341.54998779296875
20231110,300522,1,False,True,1,True,False,1,WEAK,44.68000030517578,-13.59000015258789
20231110,300523,1,True,False,1,False,True,0,WEAK,-500.0,-500.0
20231110,300525,1,True,False,0,False,False,0,YELLOW,0.8899999856948853,148.5800018310547
20231110,300528,1,True,False,0,False,False,0,WEAK,491.25,-500.0
20231110,300529,1,False,True,1,False,True,0,WEAK,42.7400016784668,86.48999786376953
20231110,300530,2,True,True,0,False,False,0,WEAK,35.77000045776367,8.8100004196167
20231110,300531,0,False,False,1,True,False,1,YELLOW,-26.299999237060547,-76.22000122070312
20231110,300532,2,True,True,1,False,True,0,YELLOW,7.670000076293945,-18.3700008392334
20231110,300533,2,True,True,1,True,False,1,OK,-348.75,-400.4800109863281
20231110,300534,2,True,True,1,False,True,0,OK,10.8100004196167,-44.97999954223633
20231110,300535,2,True,True,1,True,False,1,OK,113.33999633789062,-5.539999961853027
20231110,300536,0,False,False,1,True,False,1,YELLOW,169.77999877929688,-500.0
20231110,300537,1,True,False,2,True,True,1,YELLOW,500.0,136.36000061035156
20231110,300538,2,True,True,1,True,False,1,YELLOW,-0.2199999988079071,-35.25
20231110,300539,2,True,True,1,True,False,1,YELLOW,-21.020000457763672,-3.5399999618530273
20231110,300540,1,False,True,0,False,False,0,WEAK,118.75,500.0
20231110,300541,1,True,False,2,True,True,1,YELLOW,-144.61000061035156,-67.76000213623047
20231110,300542,1,False,True,0,False,False,0,WEAK,-82.3499984741211,-31.020000457763672
20231110,300543,2,True,True,1,True,False,1,YELLOW,146.22000122070312,-1.0800000429153442
20231110,300545,1,True,False,2,True,True,1,YELLOW,12.039999961853027,68.30999755859375
20231110,300546,1,False,True,0,False,False,0,WEAK,-500.0,118.72000122070312
20231110,300547,2,True,True,2,True,True,1,YELLOW,84.98999786376953,33.369998931884766
20231110,300548,1,False,True,0,False,False,0,WEAK,-103.73999786376952,-47.810001373291016
20231110,300549,0,False,False,0,False,False,0,YELLOW,-109.44000244140624,-30.209999084472656
20231110,300550,0,False,False,1,True,False,1,WEAK,-500.0,-108.6999969482422
20231110,300551,1,False,True,1,True,False,1,WEAK,-163.36000061035156,-286.0899963378906
20231110,300552,0,False,False,1,True,False,1,WEAK,11.8100004196167,-15.0
20231110,300553,2,True,True,0,False,False,0,OK,-63.33000183105469,-30.59000015258789
20231110,300554,2,True,True,1,True,False,1,YELLOW,260.19000244140625,-317.75
20231110,300556,0,False,False,1,True,False,1,WEAK,-62.619998931884766,-500.0
20231110,300557,2,True,True,0,False,False,0,OK,121.8499984741211,55.59000015258789
20231110,300558,2,True,True,2,True,True,1,WEAK,390.3900146484375,50.119998931884766
20231110,300559,1,True,False,1,True,False,1,YELLOW,79.23999786376953,-56.15999984741211
20231110,300560,2,True,True,1,True,False,1,WEAK,-17.440000534057617,-55.720001220703125
20231110,300562,1,True,False,2,True,True,1,YELLOW,193.6999969482422,389.8299865722656
20231110,300563,0,False,False,1,True,False,1,YELLOW,-0.0599999986588954,-25.030000686645508
20231110,300564,0,False,False,1,True,False,1,YELLOW,-155.5500030517578,-500.0
20231110,300565,1,False,True,0,False,False,0,WEAK,-19.850000381469727,-18.209999084472656
20231110,300566,1,True,False,2,True,True,1,YELLOW,117.08000183105467,122.73999786376952
20231110,300567,1,False,True,0,False,False,0,WEAK,-500.0,100.80999755859376
20231110,300568,2,True,True,1,True,False,1,YELLOW,-39.65999984741211,-53.4900016784668
20231110,300569,1,True,False,1,True,False,1,YELLOW,-15.899999618530272,-98.37999725341795
20231110,300570,1,False,True,0,False,False,0,OK,9.039999961853027,47.09000015258789
20231110,300571,1,False,True,1,True,False,1,YELLOW,-79.4000015258789,-75.77999877929688
20231110,300572,1,True,False,1,True,False,1,WEAK,-500.0,-319.69000244140625
20231110,300573,1,False,True,2,True,True,1,YELLOW,126.45999908447266,63.310001373291016
20231110,300575,0,False,False,0,False,False,0,YELLOW,-110.87000274658205,-87.37999725341797
20231110,300576,2,True,True,2,True,True,1,YELLOW,90.81999969482422,27.290000915527344
20231110,300577,1,True,False,1,True,False,1,YELLOW,121.43000030517578,63.02000045776367
20231110,300578,0,False,False,0,False,False,0,WEAK,74.63999938964844,131.5800018310547
20231110,300579,1,False,True,0,False,False,0,WEAK,-500.0,-13.850000381469728
20231110,300580,1,True,False,2,True,True,1,OK,74.69000244140625,22.3799991607666
20231110,300581,1,False,True,1,True,False,1,WEAK,-61.619998931884766,9.550000190734863
20231110,300582,1,False,True,1,False,True,0,WEAK,500.0,174.3699951171875
20231110,300583,0,False,False,2,True,True,1,YELLOW,-89.80000305175781,-85.38999938964844
20231110,300584,1,True,False,2,True,True,1,YELLOW,6.53000020980835,35.400001525878906
20231110,300585,2,True,True,1,False,True,0,YELLOW,-409.2099914550781,-201.05999755859375
20231110,300586,0,False,False,0,False,False,0,WEAK,-49.16999816894531,-58.77000045776367
20231110,300587,1,False,True,0,False,False,0,WEAK,212.3800048828125,51.869998931884766
20231110,300588,2,True,True,1,True,False,1,WEAK,-330.95001220703125,8.029999732971191
20231110,300589,2,True,True,1,True,False,1,WEAK,351.9200134277344,176.60000610351562
20231110,300590,0,False,False,1,True,False,1,YELLOW,118.08000183105467,18.299999237060547
20231110,300591,2,True,True,1,True,False,1,YELLOW,29.15999984741211,-500.0
20231110,300592,2,True,True,1,True,False,1,OK,6.730000019073486,-33.97999954223633
20231110,300593,1,False,True,0,False,False,0,OK,-138.58999633789062,-203.75
20231110,300595,2,True,True,1,False,True,0,OK,11.59000015258789,0.4000000059604645
20231110,300596,1,False,True,0,False,False,0,WEAK,23.559999465942383,11.800000190734863
20231110,300597,1,False,True,1,True,False,1,YELLOW,-36.470001220703125,-27.670000076293945
20231110,300598,1,False,True,0,False,False,0,WEAK,32.75,40.59000015258789
20231110,300599,0,False,False,1,True,False,1,YELLOW,-276.0299987792969,-472.9500122070313
20231110,300600,1,True,False,0,False,False,0,WEAK,99.38999938964844,26.420000076293945
20231110,300601,1,True,False,2,True,True,1,YELLOW,-92.41999816894533,-49.27000045776367
20231110,300602,1,True,False,2,True,True,1,YELLOW,159.02999877929688,225.1499938964844
20231110,300603,1,False,True,0,False,False,0,WEAK,-192.5099945068359,111.77999877929688
20231110,300604,1,False,True,1,False,True,0,YELLOW,102.43000030517578,422.25
20231110,300605,0,False,False,1,True,False,1,YELLOW,-240.17999267578125,-285.95001220703125
20231110,300606,2,True,True,1,True,False,1,YELLOW,500.0,-36.06999969482422
20231110,300607,0,False,False,1,True,False,1,WEAK,169.7899932861328,-99.25
20231110,300608,1,False,True,1,True,False,1,WEAK,2.190000057220459,-121.94000244140624
20231110,300609,1,False,True,2,True,True,1,WEAK,-173.22999572753906,-2.3499999046325684
20231110,300610,1,False,True,1,True,False,1,WEAK,68.51000213623047,131.16000366210938
20231110,300611,1,True,False,2,True,True,1,YELLOW,111.0,176.00999450683594
20231110,300612,0,False,False,0,False,False,0,WEAK,-500.0,-500.0
20231110,300613,0,False,False,1,False,True,0,OK,-47.86000061035156,-1.8700000047683716
20231110,300614,1,False,True,0,False,False,0,WEAK,-398.489990234375,-500.0
20231110,300615,2,True,True,1,True,False,1,YELLOW,-143.9600067138672,-130.5
20231110,300616,2,True,True,0,False,False,0,OK,9.210000038146973,-500.0
20231110,300617,2,True,True,0,False,False,0,WEAK,-33.36000061035156,-8.260000228881836
20231110,300618,1,False,True,0,False,False,0,WEAK,70.23999786376953,24.940000534057617
20231110,300619,2,True,True,0,False,False,0,YELLOW,-181.91000366210935,-117.1500015258789
20231110,300620,1,False,True,0,False,False,0,WEAK,-58.90999984741211,39.61000061035156
20231110,300621,1,True,False,1,True,False,1,YELLOW,147.3300018310547,-31.329999923706055
20231110,300622,1,True,False,1,True,False,1,OK,-35.06999969482422,-21.979999542236328
20231110,300623,0,False,False,1,False,True,0,WEAK,80.87999725341797,146.69000244140625
20231110,300624,1,True,False,1,True,False,1,OK,26.59000015258789,-137.49000549316406
20231110,300625,2,True,True,1,True,False,1,YELLOW,142.8800048828125,-69.33999633789062
20231110,300626,1,False,True,1,True,False,1,YELLOW,500.0,79.12999725341797
20231110,300627,1,True,False,0,False,False,0,OK,40.41999816894531,35.310001373291016
20231110,300628,0,False,False,0,False,False,0,YELLOW,49.33000183105469,33.2599983215332
20231110,300629,2,True,True,1,True,False,1,OK,17.549999237060547,2.509999990463257
20231110,300631,0,False,False,0,False,False,0,YELLOW,340.4700012207031,263.2300109863281
20231110,300632,0,False,False,2,True,True,1,YELLOW,-26.739999771118164,-54.13999938964844
20231110,300633,1,True,False,2,True,True,1,YELLOW,-26.549999237060547,-73.20999908447266
20231110,300634,1,True,False,1,False,True,0,OK,25.229999542236328,1.0399999618530271
20231110,300635,1,False,True,1,True,False,1,YELLOW,-94.20999908447266,134.74000549316406
20231110,300636,0,False,False,1,False,True,0,YELLOW,23.309999465942383,29.90999984741211
20231110,300637,1,False,True,1,True,False,1,WEAK,12.979999542236328,-97.1999969482422
20231110,300638,2,True,True,0,False,False,0,YELLOW,27.350000381469727,3.8299999237060542
20231110,300639,1,False,True,1,False,True,0,WEAK,-126.62000274658205,-276.9800109863281
20231110,300640,0,False,False,1,True,False,1,YELLOW,264.4200134277344,-33.91999816894531
20231110,300641,1,False,True,1,True,False,1,WEAK,450.7799987792969,500.0
20231110,300642,1,False,True,1,False,True,0,YELLOW,-159.5399932861328,-48.27000045776367
20231110,300643,1,False,True,1,False,True,0,OK,61.2599983215332,2.759999990463257
20231110,300644,1,True,False,1,True,False,1,YELLOW,125.5199966430664,14.140000343322754
20231110,300645,2,True,True,0,False,False,0,OK,-15.369999885559082,-76.83000183105469
20231110,300647,1,False,True,1,False,True,0,WEAK,127.0500030517578,24.43000030517578
20231110,300648,1,False,True,1,True,False,1,WEAK,5.119999885559082,36.599998474121094
20231110,300649,1,False,True,0,False,False,0,YELLOW,-27.0,-268.8900146484375
20231110,300650,1,False,True,2,True,True,1,YELLOW,62.540000915527344,-6.210000038146973
20231110,300651,1,True,False,0,False,False,0,YELLOW,-119.9800033569336,-71.75
20231110,300652,1,True,False,2,True,True,1,YELLOW,102.37999725341795,-1.0700000524520874
20231110,300653,0,False,False,1,False,True,0,OK,-33.93000030517578,-26.670000076293945
20231110,300654,1,True,False,1,True,False,1,OK,-23.299999237060547,-7.329999923706055
20231110,300655,0,False,False,2,True,True,1,YELLOW,-99.5199966430664,-123.5
20231110,300656,0,False,False,1,False,True,0,YELLOW,-144.88999938964844,-171.7899932861328
20231110,300657,0,False,False,2,True,True,1,WEAK,118.88999938964844,103.54000091552734
20231110,300658,2,True,True,1,True,False,1,YELLOW,71.01000213623047,12.300000190734863
20231110,300659,2,True,True,0,False,False,0,WEAK,31.899999618530273,21.959999084472656
20231110,300660,1,False,True,1,True,False,1,YELLOW,29.5,-11.1899995803833
20231110,300661,0,False,False,1,False,True,0,WEAK,500.0,165.77000427246094
20231110,300662,0,False,False,0,False,False,0,YELLOW,-10.010000228881836,-2.7699999809265137
20231110,300663,1,True,False,1,True,False,1,WEAK,35.22999954223633,14.34000015258789
20231110,300664,1,False,True,1,True,False,1,YELLOW,15.43000030517578,-17.440000534057617
20231110,300665,1,True,False,1,True,False,1,WEAK,-500.0,-234.6300048828125
20231110,300666,0,False,False,1,False,True,0,YELLOW,94.63999938964844,87.31999969482422
20231110,300667,1,False,True,1,True,False,1,WEAK,-134.39999389648438,-206.7599945068359
20231110,300668,2,True,True,1,True,False,1,OK,-371.7000122070313,-84.83999633789062
20231110,300669,2,True,True,1,True,False,1,YELLOW,-27.1200008392334,-40.290000915527344
20231110,300670,2,True,True,1,True,False,1,WEAK,4.079999923706055,-20.979999542236328
20231110,300671,0,False,False,1,False,True,0,WEAK,52.470001220703125,47.790000915527344
20231110,300672,0,False,False,1,False,True,0,WEAK,-24.290000915527344,33.75
20231110,300673,1,False,True,1,True,False,1,WEAK,203.22000122070312,500.0
20231110,300674,1,True,False,1,False,True,0,WEAK,-15.210000038146973,35.18000030517578
20231110,300675,0,False,False,0,False,False,0,WEAK,43.04999923706055,25.200000762939453
20231110,300676,1,False,True,1,False,True,0,WEAK,-92.69000244140624,-260.8599853515625
20231110,300677,0,False,False,1,False,True,0,WEAK,194.6300048828125,284.2099914550781
20231110,300678,2,True,True,1,False,True,0,WEAK,-21.940000534057617,-73.66999816894531
20231110,300679,1,False,True,2,True,True,1,OK,252.05999755859375,87.83000183105469
20231110,300680,1,True,False,2,True,True,1,YELLOW,57.79999923706055,78.45999908447266
20231110,300681,2,True,True,2,True,True,1,YELLOW,152.00999450683594,385.94000244140625
20231110,300682,1,True,False,1,False,True,0,YELLOW,-500.0,-27.219999313354492
20231110,300683,1,False,True,2,True,True,1,WEAK,-186.72000122070312,-55.5
20231110,300684,0,False,False,2,True,True,1,YELLOW,10.329999923706056,140.11000061035156
20231110,300685,1,True,False,1,False,True,0,OK,26.440000534057617,37.7400016784668
20231110,300686,0,False,False,2,True,True,1,WEAK,16.209999084472656,52.83000183105469
20231110,300687,0,False,False,2,True,True,1,OK,194.38999938964844,-18.850000381469727
20231110,300688,1,True,False,1,True,False,1,WEAK,14.539999961853027,-198.17999267578125
20231110,300689,0,False,False,0,False,False,0,YELLOW,-140.39999389648438,-214.3300018310547
20231110,300690,1,True,False,1,True,False,1,YELLOW,-4.869999885559082,-22.3700008392334
20231110,300691,1,True,False,1,True,False,1,YELLOW,-158.7100067138672,-36.86000061035156
20231110,300692,0,False,False,0,False,False,0,YELLOW,-1.690000057220459,-17.969999313354492
20231110,300693,2,True,True,0,False,False,0,OK,5.039999961853027,0.3199999928474426
20231110,300694,2,True,True,2,True,True,1,YELLOW,165.3699951171875,-27.959999084472656
20231110,300695,2,True,True,2,True,True,1,YELLOW,39.68000030517578,-24.309999465942383
20231110,300696,1,False,True,0,False,False,0,WEAK,-114.87999725341795,-125.77999877929688
20231110,300697,1,True,False,1,True,False,1,YELLOW,-28.0,-22.209999084472656
20231110,300698,2,True,True,1,True,False,1,YELLOW,-63.029998779296875,-22.440000534057617
20231110,300699,0,False,False,0,False,False,0,WEAK,-19.579999923706055,10.09000015258789
20231110,300700,2,True,True,1,True,False,1,OK,-102.68000030517578,-151.6699981689453
20231110,300701,1,True,False,2,True,True,1,YELLOW,5.619999885559082,25.6200008392334
20231110,300702,1,True,False,1,False,True,0,YELLOW,-42.720001220703125,-30.670000076293945
20231110,300703,1,False,True,1,True,False,1,YELLOW,164.05999755859375,-8.140000343322754
20231110,300705,1,True,False,2,True,True,1,OK,53.900001525878906,44.81999969482422
20231110,300706,0,False,False,1,False,True,0,WEAK,-9.739999771118164,30.899999618530273
20231110,300707,0,False,False,2,True,True,1,YELLOW,500.0,176.08999633789062
20231110,300708,2,True,True,1,False,True,0,WEAK,216.2400054931641,500.0
20231110,300709,0,False,False,2,True,True,1,YELLOW,29.75,-18.940000534057617
20231110,300710,1,True,False,0,False,False,0,WEAK,139.39999389648438,176.44000244140625
20231110,300711,2,True,True,1,True,False,1,OK,30.059999465942383,21.309999465942383
20231110,300712,0,False,False,0,False,False,0,YELLOW,5.650000095367432,-2.3299999237060547
20231110,300713,0,False,False,1,True,False,1,WEAK,-500.0,-106.4000015258789
20231110,300715,2,True,True,0,False,False,0,YELLOW,-499.6300048828125,-251.83999633789065
20231110,300717,0,False,False,1,True,False,1,YELLOW,49.029998779296875,14.460000038146973
20231110,300718,1,True,False,0,False,False,0,YELLOW,1.2100000381469729,-0.7900000214576721
20231110,300719,2,True,True,1,True,False,1,WEAK,500.0,-95.29000091552734
20231110,300720,1,False,True,1,True,False,1,WEAK,-10.15999984741211,22.959999084472656
20231110,300721,0,False,False,1,True,False,1,WEAK,119.08999633789062,129.4499969482422
20231110,300722,1,True,False,1,True,False,1,YELLOW,-45.939998626708984,3.259999990463257
20231110,300723,1,True,False,2,True,True,1,WEAK,5.159999847412109,-98.3000030517578
20231110,300724,2,True,True,0,False,False,0,YELLOW,85.54000091552734,72.13999938964844
20231110,300725,0,False,False,1,False,True,0,WEAK,-0.6000000238418579,-43.88999938964844
20231110,300726,0,False,False,0,False,False,0,WEAK,-48.720001220703125,-32.630001068115234
20231110,300727,0,False,False,1,True,False,1,YELLOW,18.6200008392334,11.369999885559082
20231110,300729,1,True,False,0,False,False,0,WEAK,100.08000183105467,-8.640000343322754
20231110,300730,1,False,True,1,True,False,1,WEAK,23.6299991607666,49.439998626708984
20231110,300731,2,True,True,1,True,False,1,YELLOW,108.33000183105467,500.0
20231110,300732,0,False,False,0,False,False,0,OK,-189.3000030517578,-264.1400146484375
20231110,300733,0,False,False,2,True,True,1,WEAK,1.8200000524520872,290.19000244140625
20231110,300735,1,True,False,2,True,True,1,YELLOW,14.6899995803833,-43.5099983215332
20231110,300736,1,True,False,2,True,True,1,WEAK,-500.0,-51.0099983215332
20231110,300737,0,False,False,0,False,False,0,WEAK,-42.63999938964844,-50.22999954223633
20231110,300738,2,True,True,0,False,False,0,YELLOW,27.11000061035156,-3.430000066757202
20231110,300739,0,False,False,2,True,True,1,YELLOW,-58.97999954223633,-71.9000015258789
20231110,300740,1,True,False,0,False,False,0,OK,44.66999816894531,-44.81999969482422
20231110,300741,1,False,True,0,False,False,0,WEAK,-43.15999984741211,-56.650001525878906
20231110,300743,2,True,True,1,True,False,1,YELLOW,115.81999969482422,94.4800033569336
20231110,300745,1,False,True,1,False,True,0,WEAK,-146.66000366210938,-154.8800048828125
20231110,300746,0,False,False,1,True,False,1,YELLOW,-67.83000183105469,-93.95999908447266
20231110,300747,2,True,True,0,False,False,0,YELLOW,1.3700000047683716,-56.810001373291016
20231110,300748,1,False,True,1,True,False,1,WEAK,-80.12000274658203,-79.62999725341797
20231110,300749,1,False,True,1,True,False,1,YELLOW,-500.0,-176.0
20231110,300750,1,True,False,0,False,False,0,YELLOW,18.559999465942383,19.260000228881836
20231110,300751,2,True,True,0,False,False,0,WEAK,13.729999542236328,3.7899999618530273
20231110,300752,1,True,False,2,True,True,1,YELLOW,169.75,493.5799865722656
20231110,300753,1,True,False,2,True,True,1,OK,76.41000366210938,-74.25
20231110,300755,0,False,False,0,False,False,0,WEAK,28.25,-15.239999771118164
20231110,300756,2,True,True,0,False,False,0,WEAK,-91.3499984741211,-94.6999969482422
20231110,300757,1,True,False,1,True,False,1,YELLOW,30.1200008392334,133.5
20231110,300758,1,False,True,1,True,False,1,WEAK,219.77000427246097,500.0
20231110,300759,1,True,False,2,True,True,1,OK,-46.0099983215332,-27.690000534057617
20231110,300760,2,True,True,2,True,True,1,OK,20.079999923706055,7.75
20231110,300761,0,False,False,1,True,False,1,WEAK,110.38999938964844,449.2300109863281
20231110,300762,1,False,True,1,True,False,1,WEAK,19.950000762939453,-18.399999618530273
20231110,300763,2,True,True,0,False,False,0,YELLOW,-95.63999938964844,-18.420000076293945
20231110,300765,1,True,False,2,True,True,1,YELLOW,-56.439998626708984,-76.26000213623047
20231110,300766,0,False,False,1,True,False,1,YELLOW,-500.0,500.0
20231110,300767,0,False,False,0,False,False,0,OK,-450.2999877929687,-500.0
20231110,300768,2,True,True,0,False,False,0,OK,5.070000171661377,33.29999923706055
20231110,300769,0,False,False,0,False,False,0,WEAK,73.91000366210938,17.15999984741211
20231110,300770,0,False,False,1,True,False,1,OK,-10.100000381469728,-12.31999969482422
20231110,300771,1,False,True,0,False,False,0,WEAK,61.20000076293945,97.56999969482422
20231110,300772,1,False,True,0,False,False,0,YELLOW,-24.770000457763672,8.619999885559082
20231110,300773,2,True,True,0,False,False,0,YELLOW,22.709999084472656,7.260000228881836
20231110,300774,2,True,True,0,False,False,0,YELLOW,-47.33000183105469,19.1200008392334
20231110,300775,1,True,False,0,False,False,0,OK,-24.209999084472656,-54.2400016784668
20231110,300776,2,True,True,1,True,False,1,OK,40.86000061035156,7.989999771118164
20231110,300777,0,False,False,0,False,False,0,YELLOW,-61.220001220703125,1.8899999856948853
20231110,300778,1,False,True,0,False,False,0,YELLOW,-318.010009765625,-237.6199951171875
20231110,300779,1,True,False,0,False,False,0,YELLOW,-44.47999954223633,-74.01000213623047
20231110,300780,0,False,False,1,True,False,1,YELLOW,-500.0,-500.0
20231110,300781,0,False,False,1,True,False,1,YELLOW,12.039999961853027,59.45000076293945
20231110,300782,1,False,True,2,True,True,1,WEAK,64.7699966430664,-49.11000061035156
20231110,300783,1,True,False,0,False,False,0,YELLOW,92.83999633789062,211.5500030517578
20231110,300785,1,False,True,0,False,False,0,OK,-311.2200012207031,84.61000061035156
20231110,300786,0,False,False,1,True,False,1,WEAK,-500.0,-500.0
20231110,300787,1,False,True,1,False,True,0,YELLOW,114.20999908447266,-54.86000061035156
20231110,300788,1,False,True,0,False,False,0,OK,-9.5600004196167,13.420000076293944
20231110,300789,1,True,False,1,True,False,1,OK,31.31999969482422,9.039999961853027
20231110,300790,1,False,True,1,True,False,1,WEAK,391.2099914550781,333.67999267578125
20231110,300791,2,True,True,1,True,False,1,YELLOW,155.07000732421875,28.11000061035156
20231110,300792,0,False,False,0,False,False,0,WEAK,-21.25,-17.020000457763672
20231110,300793,1,False,True,1,False,True,0,YELLOW,-51.880001068115234,-65.81999969482422
20231110,300795,2,True,True,0,False,False,0,OK,311.55999755859375,-28.420000076293945
20231110,300796,1,False,True,1,True,False,1,YELLOW,-62.38999938964844,-108.62999725341795
20231110,300797,1,True,False,1,True,False,1,OK,31.90999984741211,-2.5299999713897705
20231110,300798,1,True,False,1,True,False,1,YELLOW,58.099998474121094,-72.26000213623047
20231110,300800,1,False,True,1,True,False,1,WEAK,84.0,-51.04999923706055
20231110,300801,0,False,False,1,True,False,1,WEAK,34.349998474121094,-24.739999771118164
20231110,300802,0,False,False,0,False,False,0,OK,29.63999938964844,-12.789999961853027
20231110,300803,1,False,True,0,False,False,0,WEAK,-71.41999816894531,-131.3699951171875
20231110,300804,0,False,False,0,,False,-1,WEAK,-25.510000228881836,-41.869998931884766
20231110,300805,2,True,True,1,True,False,1,YELLOW,-43.9900016784668,-98.25
20231110,300806,0,False,False,0,False,False,0,YELLOW,-67.05999755859375,-46.459999084472656
20231110,300807,1,False,True,1,True,False,1,WEAK,-27.190000534057617,1.4199999570846558
20231110,300808,1,True,False,2,True,True,1,YELLOW,93.44000244140624,-122.41999816894533
20231110,300809,2,True,True,1,True,False,1,WEAK,2.9200000762939453,-58.34000015258789
20231110,300810,1,False,True,1,True,False,1,WEAK,-136.8000030517578,-96.77999877929688
20231110,300811,2,True,True,1,True,False,1,YELLOW,5.090000152587891,55.40999984741211
20231110,300812,0,False,False,2,True,True,1,WEAK,-262.6300048828125,-163.88999938964844
20231110,300813,1,False,True,0,False,False,0,WEAK,-65.26000213623047,-36.75
20231110,300814,1,False,True,2,True,True,1,YELLOW,-53.720001220703125,-6.110000133514404
20231110,300815,1,True,False,1,True,False,1,YELLOW,10.81999969482422,12.970000267028809
20231110,300816,1,False,True,1,False,True,0,WEAK,500.0,430.4700012207031
20231110,300817,1,True,False,1,True,False,1,YELLOW,15.369999885559082,10.84000015258789
20231110,300818,1,False,True,1,True,False,1,YELLOW,373.75,70.9000015258789
20231110,300819,0,False,False,1,True,False,1,YELLOW,72.2699966430664,49.08000183105469
20231110,300820,2,True,True,0,False,False,0,OK,45.040000915527344,6.789999961853027
20231110,300821,0,False,False,0,False,False,0,WEAK,174.07000732421875,133.17999267578125
20231110,300822,1,False,True,2,True,True,1,YELLOW,33.869998931884766,48.56999969482422
20231110,300823,1,False,True,1,True,False,1,YELLOW,-21.190000534057617,-2.940000057220459
20231110,300824,1,True,False,0,False,False,0,OK,29.040000915527344,-25.200000762939453
20231110,300825,1,False,True,1,False,True,0,YELLOW,-17.8799991607666,-91.25
20231110,300826,0,False,False,1,True,False,1,YELLOW,-49.40999984741211,-18.11000061035156
20231110,300827,2,True,True,0,False,False,0,WEAK,46.90999984741211,50.810001373291016
20231110,300828,1,False,True,1,True,False,1,YELLOW,-19.18000030517578,-33.150001525878906
20231110,300829,1,False,True,1,True,False,1,YELLOW,-23.440000534057617,19.31999969482422
20231110,300830,0,False,False,1,True,False,1,WEAK,14.619999885559082,10.829999923706056
20231110,300831,0,False,False,1,False,True,0,WEAK,500.0,500.0
20231110,300832,2,True,True,2,True,True,1,OK,25.489999771118164,20.799999237060547
20231110,300833,2,True,True,0,False,False,0,OK,0.9399999976158142,-18.200000762939453
20231110,300834,1,False,True,0,False,False,0,WEAK,30.239999771118164,39.2400016784668
20231110,300835,0,False,False,1,True,False,1,WEAK,84.44999694824219,74.08999633789062
20231110,300836,0,False,False,1,True,False,1,WEAK,437.989990234375,278.80999755859375
20231110,300837,0,False,False,0,False,False,0,OK,14.729999542236328,-34.119998931884766
20231110,300838,1,True,False,0,False,False,0,YELLOW,-75.69999694824219,-70.62999725341797
20231110,300839,1,True,False,0,False,False,0,YELLOW,-264.1499938964844,-232.1000061035156
20231110,300840,2,True,True,1,True,False,1,OK,0.270000010728836,-3.140000104904175
20231110,300841,0,False,False,2,True,True,1,OK,58.02000045776367,14.520000457763672
20231110,300842,2,True,True,1,True,False,1,YELLOW,143.4499969482422,65.0
20231110,300843,2,True,True,2,True,True,1,YELLOW,12.119999885559082,21.690000534057617
20231110,300844,2,True,True,0,False,False,0,WEAK,135.97999572753906,132.74000549316406
20231110,300845,1,False,True,1,True,False,1,OK,12.140000343322754,95.86000061035156
20231110,300846,0,False,False,2,True,True,1,WEAK,21.270000457763672,2.740000009536743
20231110,300847,0,False,False,0,False,False,0,YELLOW,14.609999656677246,32.63999938964844
20231110,300848,2,True,True,0,False,False,0,YELLOW,-53.15999984741211,-31.3799991607666
20231110,300849,1,False,True,1,True,False,1,WEAK,63.619998931884766,67.02999877929688
20231110,300850,0,False,False,1,True,False,1,WEAK,-59.720001220703125,-74.5199966430664
20231110,300851,2,True,True,1,True,False,1,YELLOW,78.01000213623047,-45.650001525878906
20231110,300852,1,False,True,1,False,True,0,YELLOW,-1.1299999952316284,-25.920000076293945
20231110,300853,2,True,True,0,False,False,0,OK,-162.30999755859375,-500.0
20231110,300854,0,False,False,1,True,False,1,YELLOW,-500.0,-63.7599983215332
20231110,300855,1,True,False,0,False,False,0,OK,14.59000015258789,2.940000057220459
20231110,300856,2,True,True,0,False,False,0,OK,29.780000686645508,-9.0
20231110,300857,2,True,True,2,True,True,1,YELLOW,296.8399963378906,186.5800018310547
20231110,300858,1,False,True,1,True,False,1,OK,-14.170000076293944,0.3000000119209289
20231110,300859,2,True,True,1,True,False,1,WEAK,10.06999969482422,-7.480000019073486
20231110,300860,2,True,True,0,False,False,0,OK,1.7100000381469729,-206.6000061035156
20231110,300861,2,True,True,0,False,False,0,OK,-48.97999954223633,-81.72000122070312
20231110,300862,1,False,True,0,False,False,0,WEAK,79.45999908447266,-383.0299987792969
20231110,300863,2,True,True,1,False,True,0,YELLOW,43.54999923706055,5.150000095367432
20231110,300864,2,True,True,1,True,False,1,OK,17.329999923706055,13.880000114440918
20231110,300865,1,False,True,1,True,False,1,WEAK,-186.92999267578125,242.3999938964844
20231110,300866,1,True,False,2,True,True,1,OK,29.040000915527344,41.130001068115234
20231110,300867,0,False,False,0,False,False,0,YELLOW,20.450000762939453,20.68000030517578
20231110,300868,1,False,True,2,True,True,1,WEAK,94.18000030517578,63.880001068115234
20231110,300869,1,True,False,1,False,True,0,OK,-102.0199966430664,-103.52999877929688
20231110,300870,1,True,False,1,True,False,1,YELLOW,500.0,133.94000244140625
20231110,300871,0,False,False,0,False,False,0,YELLOW,-192.6000061035156,-500.0
20231110,300872,1,False,True,1,False,True,0,WEAK,61.7400016784668,20.030000686645508
20231110,300873,1,False,True,1,True,False,1,WEAK,-4.199999809265137,-9.65999984741211
20231110,300875,0,False,False,0,False,False,0,WEAK,-500.0,18.280000686645508
20231110,300876,1,False,True,0,False,False,0,WEAK,-231.5800018310547,-206.22999572753903
20231110,300877,1,True,False,1,True,False,1,WEAK,113.01000213623048,236.9499969482422
20231110,300878,1,False,True,2,True,True,1,WEAK,-10.539999961853027,-173.94000244140625
20231110,300879,1,False,True,1,True,False,1,WEAK,122.01000213623048,233.1999969482422
20231110,300880,0,False,False,0,False,False,0,YELLOW,61.31999969482422,74.22000122070312
20231110,300881,1,True,False,0,False,False,0,YELLOW,146.64999389648438,161.42999267578125
20231110,300882,2,True,True,1,True,False,1,YELLOW,47.88999938964844,-43.97999954223633
20231110,300883,1,False,True,1,True,False,1,YELLOW,6.070000171661377,-55.77000045776367
20231110,300884,1,False,True,1,True,False,1,YELLOW,-218.5399932861328,-100.5500030517578
20231110,300885,0,False,False,1,True,False,1,WEAK,237.94000244140625,111.83999633789062
20231110,300886,0,False,False,1,True,False,1,WEAK,275.3699951171875,500.0
20231110,300887,1,False,True,0,False,False,0,YELLOW,-500.0,-362.8999938964844
20231110,300888,0,False,False,0,False,False,0,OK,-53.459999084472656,-24.010000228881836
20231110,300889,0,False,False,2,True,True,1,YELLOW,-75.0,-500.0
20231110,300890,0,False,False,0,False,False,0,YELLOW,-76.8499984741211,-52.9900016784668
20231110,300891,1,False,True,1,True,False,1,WEAK,500.0,-33.470001220703125
20231110,300892,1,False,True,0,False,False,0,WEAK,74.2699966430664,86.80999755859375
20231110,300893,1,True,False,2,True,True,1,YELLOW,97.12000274658205,67.37000274658203
20231110,300894,1,True,False,0,False,False,0,OK,-18.06999969482422,-95.6500015258789
20231110,300895,0,False,False,2,True,True,1,WEAK,-500.0,-500.0
20231110,300896,2,True,True,0,False,False,0,OK,36.529998779296875,9.65999984741211
20231110,300897,2,True,True,1,True,False,1,OK,6.329999923706055,1.440000057220459
20231110,300898,1,True,False,0,False,False,0,YELLOW,41.0,-4.650000095367432
20231110,300899,0,False,False,1,True,False,1,OK,500.0,70.41999816894531
20231110,300900,1,True,False,0,False,False,0,WEAK,22.450000762939453,-47.59000015258789
20231110,300901,1,False,True,1,True,False,1,YELLOW,-117.83000183105467,-183.92999267578125
20231110,300902,1,True,False,1,True,False,1,WEAK,108.22000122070312,-306.6300048828125
20231110,300903,1,False,True,1,False,True,0,WEAK,-65.19000244140625,-78.62000274658203
20231110,300904,0,False,False,0,,False,-1,WEAK,-500.0,-500.0
20231110,300905,1,True,False,1,True,False,1,YELLOW,261.3800048828125,9.75
20231110,300906,1,False,True,1,True,False,1,OK,-2.0899999141693115,35.93000030517578
20231110,300907,2,True,True,1,True,False,1,YELLOW,163.72000122070312,60.54999923706055
20231110,300908,2,True,True,1,True,False,1,OK,28.86000061035156,10.510000228881836
20231110,300909,1,False,True,2,True,True,1,WEAK,154.32000732421875,56.0099983215332
20231110,300910,2,True,True,0,False,False,0,YELLOW,65.95999908447266,11.199999809265137
20231110,300911,1,True,False,0,False,False,0,YELLOW,-102.58000183105467,-113.44000244140624
20231110,300912,1,True,False,1,False,True,0,WEAK,-500.0,-500.0
20231110,300913,0,False,False,0,False,False,0,YELLOW,7.599999904632568,15.039999961853027
20231110,300915,1,False,True,0,False,False,0,YELLOW,53.38999938964844,42.09000015258789
20231110,300916,0,False,False,1,False,True,0,WEAK,500.0,98.63999938964844
20231110,300917,2,True,True,0,False,False,0,YELLOW,9.5,7.210000038146973
20231110,300918,2,True,True,0,False,False,0,OK,4.670000076293945,0.8600000143051147
20231110,300919,2,True,True,0,False,False,0,YELLOW,34.63999938964844,0.9200000166893004
20231110,300920,2,True,True,1,True,False,1,WEAK,471.6600036621094,1.3300000429153442
20231110,300921,1,False,True,1,True,False,1,YELLOW,-149.6699981689453,-328.1400146484375
20231110,300922,1,False,True,1,True,False,1,OK,47.349998474121094,71.94000244140625
20231110,300923,0,False,False,1,True,False,1,OK,-55.18000030517578,-8.020000457763672
20231110,300925,0,False,False,0,False,False,0,YELLOW,8.630000114440918,46.029998779296875
20231110,300926,2,True,True,2,True,True,1,YELLOW,183.5800018310547,104.73999786376952
20231110,300927,2,True,True,1,True,False,1,YELLOW,-45.18000030517578,-39.0099983215332
20231110,300928,1,False,True,2,True,True,1,WEAK,-423.1700134277344,-202.58999633789065
20231110,300929,1,False,True,1,True,False,1,YELLOW,-354.6199951171875,-500.0
20231110,300930,1,False,True,1,True,False,1,WEAK,-25.81999969482422,-5.070000171661377
20231110,300931,2,True,True,1,True,False,1,YELLOW,84.06999969482422,-82.91000366210938
20231110,300932,0,False,False,1,True,False,1,YELLOW,29.270000457763672,92.86000061035156
20231110,300933,0,False,False,1,True,False,1,YELLOW,21.520000457763672,-10.619999885559082
20231110,300935,1,False,True,1,True,False,1,WEAK,-11.960000038146973,-22.75
20231110,300936,1,True,False,2,True,True,1,WEAK,4.800000190734863,2.559999942779541
20231110,300937,2,True,True,2,True,True,1,YELLOW,-80.6500015258789,-80.08999633789062
20231110,300938,1,True,False,1,True,False,1,OK,31.479999542236328,8.34000015258789
20231110,300939,0,False,False,1,False,True,0,YELLOW,-16.190000534057617,-24.56999969482422
20231110,300940,0,False,False,2,True,True,1,WEAK,61.93000030517578,90.13999938964844
20231110,300941,1,False,True,1,True,False,1,YELLOW,5.880000114440918,-15.5
20231110,300942,0,False,False,1,False,True,0,WEAK,71.7699966430664,90.88999938964844
20231110,300943,1,False,True,0,False,False,0,YELLOW,7.139999866485596,19.6299991607666
20231110,300945,1,True,False,1,True,False,1,YELLOW,24.8799991607666,15.25
20231110,300946,2,True,True,0,False,False,0,YELLOW,14.130000114440918,15.510000228881836
20231110,300947,1,False,True,1,True,False,1,WEAK,500.0,-6.289999961853027
20231110,300948,2,True,True,1,True,False,1,WEAK,-148.52999877929688,-133.4600067138672
20231110,300949,1,False,True,1,True,False,1,WEAK,130.05999755859375,56.65999984741211
20231110,300950,1,False,True,0,False,False,0,YELLOW,173.0500030517578,189.3300018310547
20231110,300951,0,False,False,2,True,True,1,WEAK,-11.449999809265137,-18.36000061035156
20231110,300952,1,True,False,1,True,False,1,YELLOW,58.75,2.440000057220459
20231110,300953,0,False,False,0,False,False,0,YELLOW,206.4199981689453,494.5899963378906
20231110,300955,0,False,False,1,True,False,1,YELLOW,-157.58999633789062,-103.52999877929688
20231110,300956,0,False,False,2,True,True,1,WEAK,123.93000030517578,148.25
20231110,300957,1,True,False,0,False,False,0,OK,21.940000534057617,-32.810001373291016
20231110,300958,0,False,False,1,True,False,1,YELLOW,-131.99000549316406,-100.3499984741211
20231110,300959,0,False,False,0,False,False,0,YELLOW,-147.8000030517578,-89.25
20231110,300960,2,True,True,1,True,False,1,YELLOW,52.83000183105469,152.3300018310547
20231110,300961,1,False,True,1,True,False,1,WEAK,95.4800033569336,79.68000030517578
20231110,300962,1,True,False,1,True,False,1,OK,2.059999942779541,-1.7200000286102295
20231110,300963,1,True,False,1,True,False,1,YELLOW,-24.40999984741211,0.1899999976158142
20231110,300964,0,False,False,1,False,True,0,YELLOW,15.59000015258789,449.44000244140625
20231110,300965,1,False,True,1,True,False,1,OK,211.4199981689453,500.0
20231110,300966,0,False,False,2,True,True,1,WEAK,500.0,-190.91000366210935
20231110,300967,0,False,False,1,True,False,1,WEAK,-500.0,69.29000091552734
20231110,300968,0,False,False,2,True,True,1,YELLOW,168.5,9.039999961853027
20231110,300969,1,True,False,2,True,True,1,YELLOW,60.790000915527344,9.81999969482422
20231110,300970,1,True,False,0,False,False,0,WEAK,-99.36000061035156,-147.83999633789062
20231110,300971,1,True,False,1,True,False,1,YELLOW,-13.550000190734863,-11.329999923706056
20231110,300972,1,False,True,0,False,False,0,WEAK,-96.16999816894533,221.47999572753903
20231110,300973,1,True,False,0,False,False,0,OK,40.290000915527344,31.31999969482422
20231110,300975,1,False,True,2,True,True,1,YELLOW,-7.809999942779541,62.45000076293945
20231110,300976,0,False,False,2,True,True,1,WEAK,500.0,412.8900146484375
20231110,300977,1,True,False,1,True,False,1,WEAK,-154.61000061035156,-60.36000061035156
20231110,300978,2,True,True,2,True,True,1,YELLOW,36.5,16.479999542236328
20231110,300979,1,False,True,0,False,False,0,YELLOW,64.33999633789062,24.450000762939453
20231110,300980,1,False,True,1,True,False,1,OK,186.0500030517578,-50.0099983215332
20231110,300981,0,False,False,2,True,True,1,WEAK,56.4900016784668,99.62999725341795
20231110,300982,0,False,False,0,False,False,0,YELLOW,-48.83000183105469,-75.4000015258789
20231110,300983,0,False,False,1,True,False,1,WEAK,-4.840000152587891,-25.719999313354492
20231110,300984,0,False,False,1,True,False,1,YELLOW,0.6899999976158142,43.29999923706055
20231110,300985,1,True,False,1,True,False,1,WEAK,157.24000549316406,220.97999572753903
20231110,300986,0,False,False,0,False,False,0,WEAK,-280.0299987792969,204.25
20231110,300987,2,True,True,1,True,False,1,WEAK,-68.56999969482422,-41.630001068115234
20231110,300988,2,True,True,1,True,False,1,YELLOW,18.40999984741211,-8.149999618530273
20231110,300989,1,False,True,0,False,False,0,WEAK,34.790000915527344,-385.4500122070313
20231110,300990,1,True,False,1,True,False,1,YELLOW,-83.45999908447266,-49.04999923706055
20231110,300991,0,False,False,2,True,True,1,WEAK,104.95999908447266,50.970001220703125
20231110,300992,0,False,False,1,True,False,1,YELLOW,26.329999923706055,-59.66999816894531
20231110,300993,1,False,True,0,False,False,0,OK,36.97999954223633,7.489999771118164
20231110,300994,1,False,True,1,False,True,0,YELLOW,77.55000305175781,-11.449999809265137
20231110,300995,1,False,True,0,False,False,0,YELLOW,50.77000045776367,94.55999755859376
20231110,300996,0,False,False,0,False,False,0,WEAK,101.27999877929688,119.58000183105467
20231110,300997,2,True,True,1,True,False,1,OK,-5.139999866485596,-51.11000061035156
20231110,300998,0,False,False,1,False,True,0,YELLOW,-466.8599853515625,-473.0499877929687
20231110,300999,0,False,False,0,False,False,0,YELLOW,1.340000033378601,-73.7699966430664
20231110,301000,1,False,True,1,False,True,0,YELLOW,66.62000274658203,53.02000045776367
20231110,301001,2,True,True,1,True,False,1,WEAK,500.0,124.4800033569336
20231110,301002,0,False,False,1,True,False,1,YELLOW,-25.56999969482422,-58.849998474121094
20231110,301003,0,False,False,1,True,False,1,YELLOW,63.93000030517578,31.229999542236328
20231110,301004,2,True,True,1,True,False,1,OK,112.5500030517578,61.959999084472656
20231110,301005,1,False,True,2,True,True,1,WEAK,83.51000213623047,100.52999877929688
20231110,301006,1,True,False,0,False,False,0,YELLOW,-82.06999969482422,-49.5
20231110,301007,2,True,True,2,True,True,1,YELLOW,80.41999816894531,-6.760000228881836
20231110,301008,2,True,True,0,False,False,0,YELLOW,138.82000732421875,-27.530000686645508
20231110,301009,2,True,True,0,False,False,0,YELLOW,85.83000183105469,-35.279998779296875
20231110,301010,0,False,False,1,True,False,1,YELLOW,220.19000244140625,28.8799991607666
20231110,301011,1,True,False,0,False,False,0,YELLOW,242.7899932861328,53.279998779296875
20231110,301012,0,False,False,0,False,False,0,WEAK,500.0,500.0
20231110,301013,1,True,False,1,True,False,1,WEAK,100.0199966430664,269.7300109863281
20231110,301015,2,True,True,2,True,True,1,YELLOW,30.709999084472656,26.219999313354492
20231110,301016,1,False,True,0,False,False,0,WEAK,-74.30999755859375,1.899999976158142
20231110,301017,2,True,True,2,True,True,1,YELLOW,-84.25,-109.73999786376952
20231110,301018,1,True,False,0,False,False,0,YELLOW,35.869998931884766,-12.960000038146973
20231110,301019,2,True,True,1,True,False,1,YELLOW,6.559999942779541,-9.760000228881836
20231110,301020,1,True,False,2,True,True,1,WEAK,6.440000057220459,18.200000762939453
20231110,301021,1,False,True,1,True,False,1,WEAK,-124.97000122070312,40.33000183105469
20231110,301022,1,False,True,1,False,True,0,YELLOW,-129.22999572753906,-18.239999771118164
20231110,301023,1,False,True,1,True,False,1,YELLOW,-2.4100000858306885,89.81999969482422
20231110,301024,2,True,True,1,True,False,1,WEAK,136.2899932861328,-103.31999969482422
20231110,301025,0,False,False,0,False,False,0,OK,290.4700012207031,-14.90999984741211
20231110,301026,1,False,True,0,False,False,0,YELLOW,-48.63999938964844,27.6299991607666
20231110,301027,1,False,True,1,True,False,1,WEAK,-404.8800048828125,-92.1500015258789
20231110,301028,0,False,False,1,True,False,1,YELLOW,31.13999938964844,39.959999084472656
20231110,301029,2,True,True,0,False,False,0,OK,-40.349998474121094,-28.049999237060547
20231110,301031,0,False,False,1,False,True,0,OK,-19.38999938964844,40.689998626708984
20231110,301032,1,True,False,1,True,False,1,YELLOW,500.0,500.0
20231110,301033,2,True,True,2,True,True,1,YELLOW,87.05000305175781,108.37000274658205
20231110,301035,0,False,False,0,False,False,0,YELLOW,-17.209999084472656,-52.43000030517578
20231110,301036,2,True,True,1,True,False,1,YELLOW,500.0,369.8900146484375
20231110,301037,1,True,False,1,True,False,1,YELLOW,-73.75,-500.0
20231110,301038,1,False,True,1,True,False,1,WEAK,45.97999954223633,95.47000122070312
20231110,301039,1,True,False,1,False,True,0,YELLOW,-45.189998626708984,-41.720001220703125
20231110,301040,1,False,True,1,True,False,1,YELLOW,-500.0,-500.0
20231110,301041,1,True,False,1,False,True,0,YELLOW,21.899999618530273,-37.880001068115234
20231110,301042,1,False,True,1,True,False,1,YELLOW,320.6499938964844,10.399999618530272
20231110,301043,1,True,False,1,True,False,1,YELLOW,29.959999084472656,13.130000114440918
20231110,301045,1,False,True,2,True,True,1,WEAK,29.5,62.40999984741211
20231110,301046,2,True,True,0,False,False,0,YELLOW,130.44000244140625,62.5099983215332
20231110,301047,1,False,True,1,False,True,0,WEAK,-58.63999938964844,-74.04000091552734
20231110,301048,1,False,True,0,False,False,0,YELLOW,-46.41999816894531,-47.310001373291016
20231110,301049,0,False,False,1,True,False,1,WEAK,-2.319999933242798,41.529998779296875
20231110,301050,2,True,True,1,True,False,1,YELLOW,15.300000190734863,51.869998931884766
20231110,301051,1,True,False,1,False,True,0,WEAK,-75.01000213623047,-500.0
20231110,301052,2,True,True,1,True,False,1,OK,-173.05999755859375,-53.86000061035156
20231110,301053,1,False,True,1,True,False,1,YELLOW,27.649999618530273,90.44000244140624
20231110,301055,0,False,False,1,True,False,1,OK,-11.460000038146973,117.91000366210938
20231110,301056,1,True,False,1,True,False,1,YELLOW,171.07000732421875,19.90999984741211
20231110,301057,2,True,True,1,True,False,1,YELLOW,10.390000343322754,-33.93000030517578
20231110,301058,1,True,False,0,False,False,0,YELLOW,2.4000000953674316,10.5
20231110,301059,0,False,False,0,False,False,0,OK,-2.190000057220459,75.02999877929688
20231110,301060,1,False,True,1,False,True,0,WEAK,-94.12000274658205,-249.5399932861328
20231110,301061,1,True,False,1,True,False,1,YELLOW,82.93000030517578,39.029998779296875
20231110,301062,1,False,True,1,True,False,1,WEAK,436.5799865722656,20.59000015258789
20231110,301063,1,False,True,0,False,False,0,YELLOW,-77.05999755859375,-65.38999938964844
20231110,301065,0,False,False,1,False,True,0,YELLOW,40.939998626708984,9.760000228881836
20231110,301066,2,True,True,0,False,False,0,OK,98.37000274658205,23.1200008392334
20231110,301067,1,False,True,1,False,True,0,YELLOW,-393.0299987792969,-94.7300033569336
20231110,301068,1,False,True,0,False,False,0,WEAK,91.9499969482422,49.11000061035156
20231110,301069,0,False,False,0,False,False,0,OK,-56.869998931884766,-72.4800033569336
20231110,301070,2,True,True,1,True,False,1,YELLOW,-72.7699966430664,-98.54000091552734
20231110,301071,1,False,True,0,False,False,0,WEAK,41.08000183105469,-39.84000015258789
20231110,301072,2,True,True,2,True,True,1,YELLOW,-73.06999969482422,-127.47000122070312
20231110,301073,1,True,False,0,False,False,0,OK,52.45000076293945,-23.850000381469727
20231110,301075,1,False,True,2,True,True,1,WEAK,-1.399999976158142,-433.6400146484375
20231110,301076,0,False,False,0,False,False,0,OK,-54.52000045776367,-43.2599983215332
20231110,301077,1,False,True,1,True,False,1,YELLOW,108.8000030517578,72.37000274658203
20231110,301078,1,False,True,0,False,False,0,YELLOW,167.02000427246094,8.149999618530273
20231110,301079,1,False,True,1,True,False,1,YELLOW,-98.91000366210938,-4.889999866485596
20231110,301080,1,False,True,1,False,True,0,YELLOW,-32.119998931884766,-32.849998474121094
20231110,301081,0,False,False,1,True,False,1,YELLOW,93.6999969482422,-0.8999999761581421
20231110,301082,0,False,False,1,True,False,1,YELLOW,13.529999732971191,-64.41000366210938
20231110,301083,1,True,False,1,True,False,1,YELLOW,59.720001220703125,-32.15999984741211
20231110,301085,1,True,False,2,True,True,1,YELLOW,8.270000457763672,-32.810001373291016
20231110,301086,1,False,True,2,True,True,1,YELLOW,-23.520000457763672,9.020000457763672
20231110,301087,1,True,False,1,False,True,0,YELLOW,-26.549999237060547,12.59000015258789
20231110,301088,1,False,True,0,False,False,0,WEAK,-38.220001220703125,-9.68000030517578
20231110,301089,2,True,True,1,False,True,0,OK,-100.20999908447266,-103.4000015258789
20231110,301090,0,False,False,1,True,False,1,YELLOW,-168.60000610351562,-182.47000122070312
20231110,301091,2,True,True,1,True,False,1,WEAK,3.75,64.83999633789062
20231110,301092,0,False,False,1,True,False,1,YELLOW,5.239999771118164,-15.890000343322754
20231110,301093,1,False,True,2,True,True,1,WEAK,-81.33000183105469,-25.979999542236328
20231110,301095,1,True,False,1,True,False,1,OK,-500.0,-107.79000091552734
20231110,301096,2,True,True,2,True,True,1,OK,41.0,-37.7400016784668
20231110,301097,1,False,True,2,True,True,1,YELLOW,-77.08999633789062,-104.06999969482422
20231110,301098,0,False,False,1,True,False,1,OK,-31.510000228881836,-63.9900016784668
20231110,301099,0,False,False,2,True,True,1,YELLOW,111.5199966430664,74.83000183105469
20231110,301100,1,False,True,0,False,False,0,YELLOW,-184.9600067138672,-219.6199951171875
20231110,301101,2,True,True,0,False,False,0,OK,15.039999961853027,9.880000114440918
20231110,301102,1,False,True,0,False,False,0,WEAK,-48.459999084472656,-52.040000915527344
20231110,301103,2,True,True,1,False,True,0,OK,-48.619998931884766,-84.56999969482422
20231110,301105,1,False,True,1,True,False,1,WEAK,254.97999572753903,475.3900146484375
20231110,301106,1,False,True,2,True,True,1,YELLOW,108.75,36.119998931884766
20231110,301107,1,True,False,1,True,False,1,YELLOW,-73.05999755859375,-13.020000457763672
20231110,301108,1,False,True,1,True,False,1,OK,-74.94000244140625,-70.81999969482422
20231110,301109,1,True,False,1,True,False,1,WEAK,18.950000762939453,1.7699999809265137
20231110,301110,1,False,True,1,True,False,1,OK,204.8300018310547,240.77000427246097
20231110,301111,1,False,True,1,False,True,0,OK,-23.950000762939453,-71.1500015258789
20231110,301112,0,False,False,0,False,False,0,YELLOW,-143.3699951171875,-68.27999877929688
20231110,301113,0,False,False,1,True,False,1,OK,-10.6899995803833,-81.04000091552734
20231110,301115,1,False,True,0,False,False,0,OK,-122.4499969482422,-94.6500015258789
20231110,301116,2,True,True,0,False,False,0,WEAK,-33.779998779296875,500.0
20231110,301117,2,True,True,1,True,False,1,YELLOW,-479.4100036621094,-192.3300018310547
20231110,301118,0,False,False,0,False,False,0,WEAK,-366.4500122070313,-142.97000122070312
20231110,301119,2,True,True,1,False,True,0,YELLOW,12.3100004196167,-14.979999542236328
20231110,301120,1,False,True,0,False,False,0,OK,-92.81999969482422,-98.63999938964844
20231110,301121,0,False,False,1,True,False,1,WEAK,148.67999267578125,239.75
20231110,301122,1,False,True,2,True,True,1,WEAK,114.87000274658205,-44.09000015258789
20231110,301123,0,False,False,1,False,True,0,WEAK,6.889999866485596,170.9499969482422
20231110,301125,1,False,True,1,True,False,1,YELLOW,-168.36000061035156,-81.23999786376953
20231110,301126,0,False,False,1,False,True,0,YELLOW,31.450000762939453,69.08999633789062
20231110,301127,2,True,True,1,True,False,1,WEAK,9.229999542236328,8.380000114440918
20231110,301128,1,True,False,1,True,False,1,OK,357.3900146484375,121.95999908447266
20231110,301129,0,False,False,0,False,False,0,OK,-500.0,-500.0
20231110,301130,1,False,True,2,True,True,1,OK,90.22000122070312,25.709999084472656
20231110,301131,1,True,False,1,True,False,1,YELLOW,137.32000732421875,-15.859999656677246
20231110,301132,2,True,True,1,False,True,0,YELLOW,-73.95999908447266,-21.010000228881836
20231110,301133,1,True,False,2,True,True,1,YELLOW,49.2599983215332,4.360000133514404
20231110,301135,0,False,False,1,True,False,1,YELLOW,-82.83999633789062,-63.09000015258789
20231110,301136,1,False,True,1,True,False,1,OK,-55.5099983215332,-141.25999450683594
20231110,301137,1,True,False,1,True,False,1,YELLOW,-150.5,-78.33000183105469
20231110,301138,1,False,True,0,False,False,0,YELLOW,-22.200000762939453,9.15999984741211
20231110,301141,1,False,True,0,,False,-1,WEAK,-86.43000030517578,-72.93000030517578
20231110,301148,0,False,False,0,False,False,0,OK,-7.090000152587891,9.65999984741211
20231110,301149,2,True,True,1,True,False,1,YELLOW,1.3600000143051147,-28.8799991607666
20231110,301150,0,False,False,0,False,False,0,WEAK,-249.97999572753903,-500.0
20231110,301151,1,False,True,1,True,False,1,WEAK,6.300000190734863,-66.81999969482422
20231110,301152,1,False,True,0,False,False,0,WEAK,-500.0,-41.380001068115234
20231110,301153,2,True,True,0,False,False,0,OK,-255.52000427246097,-97.45999908447266
20231110,301155,1,False,True,1,True,False,1,WEAK,5.599999904632568,68.26000213623047
20231110,301156,1,True,False,1,True,False,1,YELLOW,-1.7899999618530271,-36.849998474121094
20231110,301157,1,False,True,0,,False,-1,YELLOW,61.4900016784668,48.150001525878906
20231110,301158,2,True,True,0,False,False,0,YELLOW,5.579999923706055,28.100000381469727
20231110,301159,2,True,True,1,True,False,1,WEAK,4.940000057220459,-72.8499984741211
20231110,301160,2,True,True,1,True,False,1,YELLOW,41.279998779296875,10.369999885559082
20231110,301161,1,False,True,0,False,False,0,OK,-9.93000030517578,50.130001068115234
20231110,301162,2,True,True,0,False,False,0,OK,14.619999885559082,0.8999999761581421
20231110,301163,2,True,True,1,True,False,1,YELLOW,-17.670000076293945,-45.7400016784668
20231110,301165,1,False,True,0,False,False,0,YELLOW,-111.66000366210938,47.130001068115234
20231110,301166,0,False,False,1,False,True,0,YELLOW,-96.66000366210938,-120.63999938964844
20231110,301167,0,False,False,1,True,False,1,OK,-124.66000366210938,-106.6999969482422
20231110,301168,2,True,True,0,False,False,0,YELLOW,1.0,-54.529998779296875
20231110,301169,1,False,True,1,True,False,1,WEAK,-31.63999938964844,-119.33999633789062
20231110,301170,1,False,True,1,,True,-1,YELLOW,15.800000190734863,-9.130000114440918
20231110,301171,0,False,False,0,False,False,0,YELLOW,26.729999542236328,16.309999465942383
20231110,301172,0,False,False,1,,True,-1,YELLOW,311.3999938964844,-28.93000030517578
20231110,301175,2,True,True,0,False,False,0,WEAK,23.739999771118164,31.700000762939453
20231110,301176,1,False,True,1,False,True,0,WEAK,33.869998931884766,10.9399995803833
20231110,301177,0,False,False,0,False,False,0,OK,-111.7300033569336,-16.15999984741211
20231110,301178,1,False,True,2,True,True,1,WEAK,-86.4800033569336,-236.7899932861328
20231110,301179,1,True,False,1,True,False,1,WEAK,-79.22000122070312,-27.56999969482422
20231110,301180,1,False,True,2,True,True,1,WEAK,-233.08999633789065,-91.04000091552734
20231110,301181,2,True,True,1,False,True,0,YELLOW,-4.380000114440918,-30.520000457763672
20231110,301182,1,False,True,1,True,False,1,WEAK,-51.130001068115234,-42.220001220703125
20231110,301183,0,False,False,1,False,True,0,WEAK,245.11000061035156,320.25
20231110,301185,1,True,False,1,False,True,0,OK,-36.630001068115234,-9.34000015258789
20231110,301186,1,True,False,2,True,True,1,OK,59.84000015258789,0.7799999713897705
20231110,301187,1,False,True,1,True,False,1,YELLOW,144.8000030517578,54.2599983215332
20231110,301188,0,False,False,2,True,True,1,WEAK,9.609999656677246,46.22999954223633
20231110,301189,1,False,True,1,False,True,0,WEAK,-76.98999786376953,-239.08999633789065
20231110,301190,2,True,True,1,True,False,1,YELLOW,-18.100000381469727,-31.079999923706055
20231110,301191,0,False,False,1,True,False,1,YELLOW,-39.189998626708984,-12.289999961853027
20231110,301192,1,False,True,1,False,True,0,WEAK,4.889999866485596,74.23999786376953
20231110,301193,1,False,True,1,True,False,1,YELLOW,8.279999732971191,-41.16999816894531
20231110,301195,2,True,True,1,True,False,1,YELLOW,-28.760000228881836,-21.8799991607666
20231110,301196,0,False,False,1,True,False,1,OK,127.16000366210938,80.5199966430664
20231110,301197,1,False,True,0,False,False,0,WEAK,47.439998626708984,-366.7799987792969
20231110,301198,1,False,True,0,False,False,0,WEAK,-36.09000015258789,-89.83000183105469
20231110,301199,2,True,True,0,False,False,0,YELLOW,135.5,198.0
20231110,301200,1,False,True,1,True,False,1,OK,22.65999984741211,35.560001373291016
20231110,301201,1,False,True,1,False,True,0,WEAK,-26.770000457763672,-59.779998779296875
20231110,301202,0,False,False,0,,False,-1,YELLOW,31.8799991607666,33.7599983215332
20231110,301203,0,False,False,0,,False,-1,WEAK,9.449999809265137,-5.920000076293945
20231110,301205,1,False,True,0,False,False,0,WEAK,-129.4199981689453,423.260009765625
20231110,301206,0,False,False,0,False,False,0,WEAK,226.72000122070312,94.68000030517578
20231110,301207,2,True,True,1,False,True,0,WEAK,-79.19000244140625,-64.6500015258789
20231110,301208,2,True,True,1,False,True,0,YELLOW,-25.34000015258789,-29.90999984741211
20231110,301209,0,False,False,1,True,False,1,WEAK,71.9800033569336,105.9000015258789
20231110,301210,1,False,True,0,,False,-1,WEAK,4.679999828338623,-5.670000076293945
20231110,301211,2,True,True,1,False,True,0,OK,-8.829999923706055,-54.90999984741211
20231110,301212,1,False,True,0,False,False,0,YELLOW,-80.79000091552734,-82.75
20231110,301213,1,False,True,1,True,False,1,OK,-29.1200008392334,23.1200008392334
20231110,301215,2,True,True,1,False,True,0,YELLOW,-26.1299991607666,-8.149999618530273
20231110,301216,1,False,True,0,False,False,0,YELLOW,-87.75,-117.18000030517578
20231110,301217,1,False,True,0,False,False,0,WEAK,-254.86000061035156,-500.0
20231110,301218,1,False,True,1,False,True,0,YELLOW,22.81999969482422,-500.0
20231110,301219,1,False,True,1,True,False,1,WEAK,500.0,156.8000030517578
20231110,301220,1,False,True,0,False,False,0,OK,13.279999732971191,-30.959999084472656
20231110,301221,2,True,True,2,True,True,1,WEAK,-289.8999938964844,239.19000244140625
20231110,301222,2,True,True,1,True,False,1,YELLOW,48.15999984741211,-4.289999961853027
20231110,301223,2,True,True,0,False,False,0,YELLOW,-18.299999237060547,-28.84000015258789
20231110,301225,1,False,True,1,,True,-1,YELLOW,-1.9700000286102295,7.619999885559082
20231110,301226,1,False,True,1,True,False,1,YELLOW,-66.20999908447266,-63.099998474121094
20231110,301227,2,True,True,0,False,False,0,OK,-7.760000228881836,-140.1199951171875
20231110,301228,1,False,True,1,True,False,1,WEAK,27.600000381469727,45.77000045776367
20231110,301229,1,True,False,2,True,True,1,YELLOW,61.34000015258789,-9.470000267028809
20231110,301230,2,True,True,1,False,True,0,OK,-95.4499969482422,-85.5999984741211
20231110,301231,1,False,True,0,False,False,0,WEAK,-351.17999267578125,-500.0
20231110,301232,1,False,True,0,,False,-1,YELLOW,-238.67999267578125,-237.1300048828125
20231110,301233,2,True,True,2,True,True,1,OK,53.18000030517578,50.689998626708984
20231110,301234,1,True,False,2,True,True,1,YELLOW,-27.5,-47.709999084472656
20231110,301235,2,True,True,1,False,True,0,OK,-48.15999984741211,-75.37999725341797
20231110,301236,0,False,False,2,True,True,1,YELLOW,-500.0,-101.44000244140624
20231110,301237,1,False,True,1,True,False,1,WEAK,-368.55999755859375,-410.7799987792969
20231110,301238,1,False,True,0,False,False,0,YELLOW,-68.30000305175781,-61.65999984741211
20231110,301239,2,True,True,1,False,True,0,OK,-73.27999877929688,-92.04000091552734
20231110,301246,0,False,False,1,,True,-1,WEAK,-62.2599983215332,-91.4800033569336
20231110,301248,0,False,False,1,False,True,0,WEAK,-102.43000030517578,-425.760009765625
20231110,301251,0,False,False,1,,True,-1,UNKNOWN,0.0,-35.63999938964844
20231110,301252,1,False,True,0,,False,-1,YELLOW,34.29999923706055,16.3799991607666
20231110,301255,1,False,True,1,True,False,1,YELLOW,-2.0399999618530273,-25.420000076293945
20231110,301256,1,True,False,0,False,False,0,YELLOW,-49.459999084472656,-53.959999084472656
20231110,301257,2,True,True,2,True,True,1,YELLOW,7.739999771118164,-27.420000076293945
20231110,301258,0,False,False,1,False,True,0,OK,-92.87000274658205,-114.13999938964844
20231110,301259,1,False,True,1,True,False,1,WEAK,-141.17999267578125,-500.0
20231110,301260,1,False,True,0,,False,-1,WEAK,58.4900016784668,112.02999877929688
20231110,301261,0,False,False,0,,False,-1,YELLOW,-9.039999961853027,-1.9700000286102295
20231110,301262,0,False,False,0,,False,-1,OK,0.4199999868869781,15.6899995803833
20231110,301263,1,True,False,1,False,True,0,YELLOW,-7.199999809265137,-13.579999923706056
20231110,301265,1,False,True,0,False,False,0,WEAK,-110.4000015258789,-55.130001068115234
20231110,301266,2,True,True,0,False,False,0,YELLOW,-15.300000190734863,-65.76000213623047
20231110,301267,2,True,True,1,False,True,0,OK,6.889999866485596,-27.229999542236328
20231110,301268,1,True,False,0,False,False,0,YELLOW,-124.68000030517578,-138.38999938964844
20231110,301269,1,False,True,0,False,False,0,OK,-500.0,-280.8800048828125
20231110,301270,1,False,True,0,False,False,0,OK,-239.58999633789065,-102.2300033569336
20231110,301272,1,False,True,0,,False,-1,YELLOW,9.34000015258789,-24.63999938964844
20231110,301273,1,False,True,0,False,False,0,WEAK,-109.19000244140624,-500.0
20231110,301276,1,False,True,0,False,False,0,OK,0.8199999928474426,-7.820000171661377
20231110,301277,2,True,True,1,False,True,0,OK,22.3700008392334,5.650000095367432
20231110,301278,2,True,True,0,False,False,0,YELLOW,-1.8200000524520872,-41.7400016784668
20231110,301279,1,False,True,1,True,False,1,WEAK,-6.960000038146973,-12.640000343322754
20231110,301280,1,True,False,1,True,False,1,YELLOW,36.06999969482422,26.899999618530273
20231110,301281,1,False,True,1,,True,-1,YELLOW,-36.349998474121094,-54.849998474121094
20231110,301282,1,False,True,1,False,True,0,WEAK,-83.7300033569336,79.58999633789062
20231110,301283,2,True,True,0,False,False,0,YELLOW,161.7899932861328,-9.470000267028809
20231110,301285,1,False,True,2,True,True,1,WEAK,121.58999633789062,136.89999389648438
20231110,301286,1,True,False,1,True,False,1,OK,-47.59000015258789,-18.0
20231110,301287,1,False,True,0,,False,-1,OK,-11.050000190734863,-31.75
20231110,301288,2,True,True,1,True,False,1,WEAK,-305.6199951171875,-500.0
20231110,301289,2,True,True,0,False,False,0,OK,2.549999952316284,2.5999999046325684
20231110,301290,1,False,True,1,False,True,0,WEAK,-5.199999809265137,-15.449999809265137
20231110,301291,1,False,True,0,,False,-1,YELLOW,102.66000366210938,38.45000076293945
20231110,301292,0,False,False,0,,False,-1,WEAK,-439.5199890136719,-500.0
20231110,301293,1,False,True,1,,True,-1,YELLOW,32.22999954223633,19.579999923706055
20231110,301295,0,False,False,0,,False,-1,YELLOW,-21.59000015258789,-24.5
20231110,301296,2,True,True,0,False,False,0,WEAK,6.519999980926514,3.369999885559082
20231110,301297,0,False,False,2,True,True,1,OK,59.4900016784668,27.790000915527344
20231110,301298,2,True,True,2,True,True,1,WEAK,161.30999755859375,41.40999984741211
20231110,301299,1,False,True,0,False,False,0,WEAK,61.849998474121094,43.380001068115234
20231110,301300,1,False,True,1,True,False,1,WEAK,-20.309999465942383,20.079999923706055
20231110,301301,2,True,True,1,False,True,0,YELLOW,101.87000274658205,68.1500015258789
20231110,301302,1,False,True,0,False,False,0,WEAK,29.649999618530273,-500.0
20231110,301303,2,True,True,0,,False,-1,OK,7.130000114440918,-1.7400000095367432
20231110,301305,1,False,True,0,,False,-1,YELLOW,-7.03000020980835,34.900001525878906
20231110,301306,1,False,True,1,True,False,1,WEAK,-399.3699951171875,-289.3500061035156
20231110,301307,1,False,True,0,,False,-1,YELLOW,-94.5,-149.6699981689453
20231110,301308,1,False,True,2,True,True,1,WEAK,228.44000244140625,155.3800048828125
20231110,301309,1,False,True,0,False,False,0,YELLOW,174.44000244140625,53.18000030517578
20231110,301310,1,False,True,1,,True,-1,WEAK,-17.790000915527344,-10.460000038146973
20231110,301311,1,True,False,0,False,False,0,WEAK,23.549999237060547,-118.63999938964844
20231110,301312,1,False,True,1,True,False,1,WEAK,-139.07000732421875,-41.810001373291016
20231110,301313,0,False,False,0,False,False,0,WEAK,-500.0,-296.67999267578125
20231110,301314,0,False,False,0,,False,-1,WEAK,-72.54000091552734,-61.630001068115234
20231110,301315,1,False,True,0,,False,-1,WEAK,-63.34000015258789,-33.900001525878906
20231110,301316,1,False,True,1,False,True,0,YELLOW,20.920000076293945,-24.719999313354492
20231110,301317,1,False,True,0,,False,-1,YELLOW,24.63999938964844,16.170000076293945
20231110,301318,1,False,True,0,False,False,0,OK,30.40999984741211,32.4900016784668
20231110,301319,1,True,False,2,True,True,1,YELLOW,-22.280000686645508,-7.949999809265137
20231110,301320,1,False,True,0,,False,-1,YELLOW,-14.119999885559082,-8.390000343322754
20231110,301321,1,False,True,2,True,True,1,YELLOW,-167.72999572753906,-353.2799987792969
20231110,301322,0,False,False,1,,True,-1,YELLOW,-37.63999938964844,-44.7599983215332
20231110,301323,1,False,True,0,,False,-1,OK,33.9900016784668,5.260000228881836
20231110,301325,1,False,True,0,,False,-1,OK,-33.65999984741211,-84.41999816894531
20231110,301326,0,False,False,1,False,True,0,WEAK,65.41000366210938,53.63999938964844
20231110,301327,0,False,False,0,False,False,0,WEAK,129.10000610351562,177.5399932861328
20231110,301328,2,True,True,1,False,True,0,OK,-31.31999969482422,-16.65999984741211
20231110,301329,1,False,True,1,,True,-1,YELLOW,8.390000343322754,-25.25
20231110,301330,2,True,True,1,True,False,1,YELLOW,-29.950000762939453,-26.719999313354492
20231110,301331,1,True,False,1,False,True,0,WEAK,-74.0999984741211,-66.4800033569336
20231110,301332,1,False,True,0,,False,-1,OK,0.3199999928474426,5.210000038146973
20231110,301333,1,True,False,2,True,True,1,OK,-18.420000076293945,-32.349998474121094
20231110,301335,1,False,True,0,False,False,0,YELLOW,-16.1200008392334,-14.489999771118164
20231110,301336,0,False,False,0,False,False,0,YELLOW,32.849998474121094,-3.069999933242798
20231110,301337,1,False,True,0,,False,-1,OK,-326.010009765625,-192.05999755859375
20231110,301338,1,False,True,1,True,False,1,WEAK,20.290000915527344,28.1200008392334
20231110,301339,2,True,True,0,False,False,0,OK,9.56999969482422,7.079999923706055
20231110,301345,1,False,True,1,,True,-1,YELLOW,,51.540000915527344
20231110,301348,0,False,False,1,,True,-1,YELLOW,-168.02000427246094,-107.58999633789062
20231110,301349,1,False,True,0,False,False,0,WEAK,-209.17999267578125,-266.5400085449219
20231110,301353,1,False,True,0,,False,-1,OK,9.34000015258789,-17.610000610351562
20231110,301355,1,False,True,0,,False,-1,YELLOW,6.800000190734863,-41.720001220703125
20231110,301356,1,False,True,0,False,False,0,WEAK,-182.2400054931641,43.36000061035156
20231110,301357,1,False,True,0,,False,-1,OK,-95.61000061035156,-118.01000213623048
20231110,301358,0,False,False,0,,False,-1,WEAK,-43.130001068115234,-68.1500015258789
20231110,301359,1,True,False,1,False,True,0,WEAK,27.200000762939453,10.220000267028809
20231110,301360,1,False,True,0,,False,-1,WEAK,16.059999465942383,390.3299865722656
20231110,301361,0,False,False,1,True,False,1,OK,18.68000030517578,9.84000015258789
20231110,301362,0,False,False,0,,False,-1,OK,-13.529999732971191,-9.31999969482422
20231110,301363,1,False,True,1,False,True,0,OK,-44.380001068115234,-11.149999618530272
20231110,301365,1,False,True,0,False,False,0,WEAK,-91.7300033569336,-19.479999542236328
20231110,301366,1,False,True,1,False,True,0,WEAK,-31.670000076293945,17.06999969482422
20231110,301367,0,False,False,1,False,True,0,OK,-71.54000091552734,-62.880001068115234
20231110,301368,1,False,True,1,True,False,1,YELLOW,67.70999908447266,-28.969999313354492
20231110,301369,1,False,True,1,False,True,0,OK,-500.0,-20.36000061035156
20231110,301370,0,False,False,1,,True,-1,YELLOW,3.650000095367432,11.729999542236328
20231110,301371,1,False,True,0,,False,-1,YELLOW,-5.340000152587891,-6.710000038146973
20231110,301372,1,False,True,0,,False,-1,OK,-45.38999938964844,-201.57000732421875
20231110,301373,2,True,True,0,,False,-1,YELLOW,25.5,10.8100004196167
20231110,301376,0,False,False,0,,False,-1,OK,13.609999656677246,-17.440000534057617
20231110,301377,1,False,True,1,True,False,1,OK,-14.829999923706056,10.270000457763672
20231110,301378,1,False,True,1,,True,-1,WEAK,-500.0,-288.42999267578125
20231110,301379,1,False,True,1,False,True,0,YELLOW,2.609999895095825,26.579999923706055
20231110,301380,1,False,True,0,False,False,0,YELLOW,-7.25,-8.779999732971191
20231110,301381,1,False,True,0,,False,-1,OK,53.5099983215332,-21.469999313354492
20231110,301382,1,False,True,0,,False,-1,YELLOW,16.479999542236328,9.260000228881836
20231110,301383,0,False,False,1,,True,-1,YELLOW,63.63999938964844,23.190000534057617
20231110,301386,1,False,True,0,,False,-1,WEAK,10.6899995803833,-27.040000915527344
20231110,301387,1,False,True,1,,True,-1,OK,-55.54999923706055,-85.5
20231110,301388,1,False,True,0,False,False,0,WEAK,-55.52000045776367,-61.16999816894531
20231110,301389,1,False,True,2,True,True,1,WEAK,-5.619999885559082,-34.869998931884766
20231110,301390,1,False,True,0,,False,-1,WEAK,237.61000061035156,8.630000114440918
20231110,301391,1,True,False,1,True,False,1,OK,-74.23999786376953,-133.02999877929688
20231110,301393,1,False,True,1,,True,-1,WEAK,-24.1200008392334,16.1299991607666
20231110,301395,1,False,True,0,,False,-1,WEAK,-76.55999755859375,4.079999923706055
20231110,301396,1,False,True,1,False,True,0,WEAK,-192.63999938964844,-273.1499938964844
20231110,301397,1,False,True,1,,True,-1,OK,2.2699999809265137,3.359999895095825
20231110,301398,2,True,True,1,False,True,0,WEAK,8.220000267028809,-0.8100000023841858
20231110,301399,1,False,True,0,,False,-1,YELLOW,-19.31999969482422,-41.790000915527344
20231110,301408,1,False,True,1,,True,-1,YELLOW,60.38999938964844,35.88999938964844
20231110,301418,1,False,True,0,,False,-1,OK,-25.770000457763672,-67.75
20231110,301419,2,True,True,0,,False,-1,OK,-58.43000030517578,-48.86000061035156
20231110,301421,1,False,True,1,,True,-1,YELLOW,0.0,-34.15999984741211
20231110,301428,0,False,False,0,,False,-1,YELLOW,0.0,6.829999923706055
20231110,301429,1,False,True,0,,False,-1,YELLOW,1.899999976158142,16.270000457763672
20231110,301439,1,False,True,0,,False,-1,YELLOW,4.849999904632568,-5.420000076293945
20231110,301446,0,False,False,0,,False,-1,WEAK,-18.6200008392334,-12.329999923706056
20231110,301448,0,False,False,0,,False,-1,YELLOW,64.05999755859375,27.40999984741211
20231110,301456,1,False,True,0,,False,-1,WEAK,-57.459999084472656,-42.0
20231110,301468,0,False,False,0,,False,-1,OK,-28.100000381469727,-52.619998931884766
20231110,301469,1,False,True,0,,False,-1,WEAK,0.0,-24.709999084472656
20231110,301486,1,False,True,1,,True,-1,YELLOW,-19.61000061035156,0.6800000071525574
20231110,301487,0,False,False,0,,False,-1,WEAK,-46.06999969482422,-87.51000213623047
20231110,301488,1,False,True,1,,True,-1,YELLOW,22.11000061035156,-5.539999961853027
20231110,301498,1,False,True,0,,False,-1,YELLOW,64.44999694824219,41.75
20231110,301499,0,False,False,1,,True,-1,YELLOW,-18.940000534057617,-40.439998626708984
20231110,301500,1,False,True,0,,False,-1,WEAK,0.0,107.68000030517578
20231110,301503,1,False,True,0,,False,-1,YELLOW,107.0500030517578,42.11000061035156
20231110,301505,1,False,True,0,,False,-1,WEAK,-33.790000915527344,-46.72999954223633
20231110,301507,1,False,True,1,,True,-1,WEAK,0.0,9.300000190734863
20231110,301509,0,False,False,1,,True,-1,YELLOW,-60.689998626708984,-82.83999633789062
20231110,301510,1,False,True,0,,False,-1,WEAK,32.150001525878906,-14.739999771118164
20231110,301511,1,False,True,0,,False,-1,WEAK,-365.8500061035156,-427.6099853515625
20231110,301512,1,False,True,0,,False,-1,WEAK,8.819999694824219,-221.9900054931641
20231110,301515,1,False,True,1,,True,-1,YELLOW,97.25,-26.15999984741211
20231110,301518,1,False,True,0,,False,-1,YELLOW,1.7000000476837158,-64.94000244140625
20231110,301519,0,False,False,0,,False,-1,OK,4.170000076293945,-103.79000091552734
20231110,301520,1,False,True,1,,True,-1,YELLOW,0.0,-21.079999923706055
20231110,301525,1,False,True,0,,False,-1,YELLOW,0.0,-36.689998626708984
20231110,301528,0,False,False,0,,False,-1,YELLOW,0.0,-72.87999725341797
20231110,301529,1,False,True,1,,True,-1,WEAK,0.0,-22.350000381469727
20231110,301533,1,False,True,0,,False,-1,YELLOW,18.84000015258789,5.340000152587891
20231110,301548,1,False,True,0,,False,-1,OK,0.0,-2.859999895095825
20231110,301550,1,False,True,1,,True,-1,YELLOW,0.0,22.5
20231110,301558,0,False,False,0,,False,-1,WEAK,0.0,-74.27999877929688
20231110,301559,0,False,False,0,,False,-1,YELLOW,0.0,-67.98999786376953
20231110,302132,-1,,,0,False,False,0,UNKNOWN,,
20231110,600000,0,False,False,1,True,False,1,WEAK,30.56999969482422,34.77000045776367
20231110,600004,2,True,True,0,False,False,0,WEAK,386.5299987792969,162.5399932861328
20231110,600006,1,False,True,2,True,True,1,YELLOW,154.9600067138672,-182.38999938964844
20231110,600007,1,True,False,1,True,False,1,YELLOW,5.940000057220459,1.2000000476837158
20231110,600008,1,True,False,0,False,False,0,OK,11.56999969482422,8.989999771118164
20231110,600009,2,True,True,0,False,False,0,WEAK,480.4599914550781,159.1300048828125
20231110,600010,1,True,False,0,False,False,0,YELLOW,-80.36000061035156,-222.55999755859375
20231110,600011,2,True,True,0,False,False,0,YELLOW,117.9800033569336,6.869999885559082
20231110,600012,1,True,False,1,True,False,1,OK,-7.619999885559082,-11.130000114440918
20231110,600015,2,True,True,1,True,False,1,WEAK,0.7699999809265137,3.559999942779541
20231110,600016,0,False,False,1,True,False,1,WEAK,-5.75,-9.260000228881836
20231110,600017,2,True,True,0,False,False,0,YELLOW,-15.9399995803833,-2.5899999141693115
20231110,600018,1,False,True,0,False,False,0,WEAK,-1.5099999904632568,-2.9000000953674316
20231110,600019,0,False,False,1,True,False,1,WEAK,-4.079999923706055,-25.170000076293945
20231110,600020,1,True,False,0,False,False,0,WEAK,-25.940000534057617,-9.470000267028809
20231110,600021,1,True,False,0,False,False,0,YELLOW,101.13999938964844,61.59000015258789
20231110,600022,0,False,False,0,False,False,0,WEAK,-97.4499969482422,-182.63999938964844
20231110,600023,2,True,True,1,True,False,1,YELLOW,110.76000213623048,12.859999656677246
20231110,600025,2,True,True,1,True,False,1,OK,33.13999938964844,7.070000171661377
20231110,600026,2,True,True,1,True,False,1,WEAK,39.810001373291016,0.7699999809265137
20231110,600027,1,True,False,0,False,False,0,YELLOW,66.9000015258789,23.6200008392334
20231110,600028,0,False,False,0,False,False,0,YELLOW,-7.760000228881836,-12.550000190734863
20231110,600029,1,True,False,0,False,False,0,WEAK,125.23999786376952,-283.44000244140625
20231110,600030,0,False,False,1,True,False,1,WEAK,-7.96999979019165,3.4200000762939453
20231110,600031,1,True,False,0,False,False,0,YELLOW,-6.409999847412109,9.420000076293944
20231110,600032,1,False,True,0,False,False,0,WEAK,42.7599983215332,11.550000190734863
20231110,600033,2,True,True,1,True,False,1,OK,5.539999961853027,0.0
20231110,600035,1,True,False,1,True,False,1,OK,-20.209999084472656,-17.920000076293945
20231110,600036,1,True,False,0,False,False,0,WEAK,-1.9900000095367432,-0.4799999892711639
20231110,600037,1,False,True,1,True,False,1,WEAK,500.0,-144.42999267578125
20231110,600038,2,True,True,0,False,False,0,YELLOW,500.0,23.700000762939453
20231110,600039,2,True,True,0,False,False,0,YELLOW,-35.7599983215332,-39.119998931884766
20231110,600048,1,True,False,0,False,False,0,WEAK,-20.34000015258789,-41.029998779296875
20231110,600050,1,True,False,0,False,False,0,YELLOW,11.039999961853027,1.0
20231110,600051,0,False,False,1,True,False,1,WEAK,-13.579999923706056,-5.159999847412109
20231110,600052,2,True,True,1,True,False,1,WEAK,-500.0,-86.52999877929688
20231110,600054,2,True,True,0,False,False,0,OK,-62.77000045776367,-33.119998931884766
20231110,600055,2,True,True,1,False,True,0,WEAK,7.059999942779541,5.869999885559082
20231110,600056,1,False,True,1,False,True,0,YELLOW,-44.25,-26.530000686645508
20231110,600057,1,False,True,0,False,False,0,YELLOW,-122.8499984741211,42.599998474121094
20231110,600058,1,False,True,0,False,False,0,YELLOW,-500.0,-273.5899963378906
20231110,600059,2,True,True,0,False,False,0,OK,5.320000171661377,2.3499999046325684
20231110,600060,2,True,True,1,True,False,1,YELLOW,-21.920000076293945,-27.309999465942383
20231110,600061,2,True,True,0,False,False,0,YELLOW,-60.20000076293945,-13.56999969482422
20231110,600062,1,True,False,2,True,True,1,OK,10.550000190734863,23.90999984741211
20231110,600063,1,False,True,0,False,False,0,WEAK,-53.2599983215332,-43.619998931884766
20231110,600064,1,False,True,1,True,False,1,WEAK,-17.420000076293945,3.680000066757202
20231110,600066,1,True,False,1,False,True,0,YELLOW,500.0,164.1199951171875
20231110,600067,1,False,True,0,False,False,0,WEAK,500.0,26.190000534057617
20231110,600071,0,False,False,2,True,True,1,WEAK,15.460000038146973,14.779999732971191
20231110,600072,2,True,True,0,False,False,0,YELLOW,-500.0,-500.0
20231110,600073,1,False,True,0,False,False,0,YELLOW,-46.40999984741211,22.1299991607666
20231110,600075,1,False,True,0,False,False,0,WEAK,-279.6099853515625,95.95999908447266
20231110,600076,1,True,False,0,False,False,0,WEAK,5.75,4.53000020980835
20231110,600078,0,False,False,0,False,False,0,WEAK,-183.0,3.5899999141693115
20231110,600081,0,False,False,2,True,True,1,YELLOW,-72.69000244140625,-62.470001220703125
20231110,600085,1,True,False,1,False,True,0,OK,9.979999542236328,-4.170000076293945
20231110,600088,1,True,False,1,True,False,1,WEAK,-132.80999755859375,-82.29000091552734
20231110,600089,0,False,False,0,False,False,0,OK,-54.619998931884766,-55.959999084472656
20231110,600094,2,True,True,0,False,False,0,YELLOW,-141.77999877929688,-65.05999755859375
20231110,600095,1,True,False,0,False,False,0,YELLOW,-41.02000045776367,7.590000152587891
20231110,600096,0,False,False,0,False,False,0,YELLOW,-5.409999847412109,21.420000076293945
20231110,600097,0,False,False,1,True,False,1,WEAK,117.75,152.39999389648438
20231110,600098,1,True,False,0,False,False,0,YELLOW,10.550000190734863,5.079999923706055
20231110,600099,2,True,True,2,True,True,1,YELLOW,-17.780000686645508,7.849999904632568
20231110,600100,1,True,False,1,True,False,1,WEAK,-88.48999786376953,33.099998474121094
20231110,600101,1,True,False,1,True,False,1,YELLOW,20.770000457763672,19.530000686645508
20231110,600103,1,False,True,0,False,False,0,YELLOW,-69.9800033569336,0.4699999988079071
20231110,600104,0,False,False,1,False,True,0,YELLOW,-1.9700000286102295,-88.91999816894531
20231110,600105,1,False,True,0,False,False,0,YELLOW,34.560001373291016,-21.850000381469727
20231110,600106,1,True,False,1,True,False,1,OK,11.630000114440918,-14.710000038146973
20231110,600108,1,True,False,0,False,False,0,YELLOW,7.510000228881836,-41.7400016784668
20231110,600109,2,True,True,1,True,False,1,WEAK,-38.95000076293945,-28.350000381469727
20231110,600110,1,False,True,0,False,False,0,WEAK,-500.0,-238.3300018310547
20231110,600111,1,False,True,0,False,False,0,WEAK,-99.58000183105467,-80.08000183105469
20231110,600113,1,False,True,1,True,False,1,WEAK,-20.65999984741211,8.529999732971191
20231110,600114,0,False,False,1,True,False,1,YELLOW,500.0,307.9800109863281
20231110,600115,2,True,True,0,False,False,0,WEAK,75.37999725341797,83.22000122070312
20231110,600116,1,False,True,0,False,False,0,WEAK,94.87000274658205,35.56999969482422
20231110,600117,0,False,False,1,True,False,1,WEAK,28.899999618530273,34.79999923706055
20231110,600118,0,False,False,1,True,False,1,YELLOW,-151.8699951171875,-114.8499984741211
20231110,600120,1,True,False,0,False,False,0,YELLOW,-79.63999938964844,1.5299999713897705
20231110,600121,1,False,True,1,False,True,0,WEAK,-46.91999816894531,98.33999633789062
20231110,600123,0,False,False,2,True,True,1,WEAK,-82.72000122070312,-59.95000076293945
20231110,600125,1,True,False,1,True,False,1,YELLOW,29.850000381469727,-12.9399995803833
20231110,600126,0,False,False,0,False,False,0,YELLOW,162.52999877929688,-500.0
20231110,600127,1,True,False,0,False,False,0,YELLOW,-66.91000366210938,-123.37000274658205
20231110,600128,1,False,True,1,True,False,1,YELLOW,117.66999816894533,16.25
20231110,600129,2,True,True,1,False,True,0,YELLOW,-8.470000267028809,-30.0
20231110,600130,1,False,True,2,True,True,1,YELLOW,-79.66000366210938,-234.3300018310547
20231110,600131,0,False,False,0,False,False,0,YELLOW,-75.16000366210938,-3.2200000286102295
20231110,600132,1,True,False,0,False,False,0,OK,16.90999984741211,-1.6100000143051147
20231110,600133,1,False,True,1,True,False,1,YELLOW,-19.850000381469727,-23.209999084472656
20231110,600135,1,False,True,1,True,False,1,YELLOW,-500.0,-394.2099914550781
20231110,600137,1,True,False,1,True,False,1,YELLOW,30.260000228881836,45.81999969482422
20231110,600138,2,True,True,0,False,False,0,YELLOW,-280.0,-21.100000381469727
20231110,600141,1,False,True,0,False,False,0,WEAK,-13.050000190734863,44.349998474121094
20231110,600143,0,False,False,0,False,False,0,YELLOW,-69.30000305175781,84.29000091552734
20231110,600148,0,False,False,2,True,True,1,WEAK,85.98999786376953,69.08000183105469
20231110,600149,0,False,False,0,False,False,0,WEAK,196.77999877929688,74.44000244140625
20231110,600150,1,False,True,0,False,False,0,YELLOW,500.0,500.0
20231110,600151,1,False,True,0,False,False,0,YELLOW,-96.9499969482422,-28.09000015258789
20231110,600152,0,False,False,1,True,False,1,WEAK,110.55999755859376,52.86000061035156
20231110,600153,1,False,True,0,False,False,0,YELLOW,-15.800000190734863,-39.29999923706055
20231110,600155,2,True,True,1,True,False,1,WEAK,-87.76000213623047,-57.2599983215332
20231110,600156,1,True,False,1,True,False,1,WEAK,34.880001068115234,8.920000076293945
20231110,600157,1,True,False,1,False,True,0,YELLOW,12.039999961853027,-13.670000076293944
20231110,600158,1,True,False,0,False,False,0,WEAK,139.1999969482422,164.07000732421875
20231110,600159,1,True,False,1,True,False,1,WEAK,-500.0,-500.0
20231110,600160,0,False,False,0,False,False,0,WEAK,118.26000213623048,71.88999938964844
20231110,600161,2,True,True,2,True,True,1,OK,23.81999969482422,18.68000030517578
20231110,600162,1,True,False,0,False,False,0,OK,-98.4499969482422,-40.54999923706055
20231110,600163,0,False,False,0,False,False,0,WEAK,-23.63999938964844,5.050000190734863
20231110,600166,1,True,False,1,False,True,0,YELLOW,19.040000915527344,-51.16999816894531
20231110,600167,1,False,True,0,False,False,0,WEAK,-13.6899995803833,-19.729999542236328
20231110,600168,0,False,False,0,False,False,0,WEAK,259.0,163.6300048828125
20231110,600170,2,True,True,0,False,False,0,YELLOW,11.010000228881836,0.209999993443489
20231110,600171,0,False,False,1,False,True,0,WEAK,32.400001525878906,58.95000076293945
20231110,600172,1,False,True,0,False,False,0,WEAK,-500.0,-18.8700008392334
20231110,600173,1,False,True,1,True,False,1,WEAK,-19.950000762939453,-52.029998779296875
20231110,600176,0,False,False,0,False,False,0,WEAK,-65.94999694824219,-28.809999465942383
20231110,600177,1,False,True,0,False,False,0,YELLOW,14.140000343322754,-3.369999885559082
20231110,600178,1,False,True,2,True,True,1,YELLOW,-72.8499984741211,-500.0
20231110,600179,0,False,False,0,False,False,0,WEAK,-58.70000076293945,-83.83999633789062
20231110,600182,2,True,True,1,False,True,0,YELLOW,78.55999755859375,20.440000534057617
20231110,600183,1,False,True,2,True,True,1,WEAK,65.6500015258789,55.79999923706055
20231110,600184,0,False,False,0,False,False,0,YELLOW,-383.239990234375,-123.98999786376952
20231110,600185,1,False,True,1,True,False,1,WEAK,-500.0,-165.86000061035156
20231110,600186,1,True,False,1,True,False,1,YELLOW,130.02999877929688,77.0
20231110,600188,1,False,True,2,True,True,1,WEAK,-34.7400016784668,-22.450000762939453
20231110,600189,1,False,True,1,True,False,1,YELLOW,-15.699999809265137,-143.64999389648438
20231110,600191,2,True,True,0,False,False,0,WEAK,-98.2300033569336,-74.0999984741211
20231110,600192,1,False,True,1,True,False,1,WEAK,-94.9000015258789,-96.51000213623048
20231110,600195,1,False,True,0,False,False,0,WEAK,-14.510000228881836,-75.23999786376953
20231110,600196,0,False,False,1,False,True,0,YELLOW,-33.810001373291016,24.579999923706055
20231110,600197,2,True,True,0,False,False,0,OK,7.329999923706055,5.989999771118164
20231110,600198,2,True,True,1,True,False,1,WEAK,-11.81999969482422,9.010000228881836
20231110,600199,1,True,False,0,False,False,0,WEAK,134.75999450683594,-128.9199981689453
20231110,600201,1,True,False,1,True,False,1,YELLOW,-5.320000171661377,-44.79999923706055
20231110,600202,1,False,True,1,True,False,1,YELLOW,-238.7400054931641,-168.3699951171875
20231110,600203,0,False,False,2,True,True,1,WEAK,-33.099998474121094,-25.030000686645508
20231110,600206,0,False,False,1,False,True,0,YELLOW,-117.94000244140624,-20.18000030517578
20231110,600207,0,False,False,1,True,False,1,YELLOW,-202.4499969482422,-500.0
20231110,600208,1,True,False,1,True,False,1,WEAK,51.16999816894531,60.68000030517578
20231110,600210,2,True,True,0,False,False,0,YELLOW,35.630001068115234,19.010000228881836
20231110,600211,2,True,True,2,True,True,1,OK,-19.75,-6.21999979019165
20231110,600212,1,True,False,1,True,False,1,YELLOW,-275.9800109863281,-154.33999633789062
20231110,600215,1,True,False,0,False,False,0,WEAK,18.81999969482422,-41.08000183105469
20231110,600216,0,False,False,1,False,True,0,WEAK,8.069999694824219,226.88999938964844
20231110,600217,1,False,True,0,False,False,0,WEAK,105.94000244140624,10.630000114440918
20231110,600218,1,True,False,1,False,True,0,YELLOW,-20.09000015258789,8.15999984741211
20231110,600219,1,False,True,0,False,False,0,YELLOW,62.90999984741211,64.2300033569336
20231110,600221,2,True,True,0,False,False,0,WEAK,500.0,500.0
20231110,600222,1,True,False,2,True,True,1,WEAK,449.0899963378906,181.61000061035156
20231110,600223,1,False,True,0,False,False,0,WEAK,242.47999572753903,40.09000015258789
20231110,600226,2,True,True,1,True,False,1,YELLOW,33.060001373291016,1.0499999523162842
20231110,600227,0,False,False,1,True,False,1,WEAK,-14.850000381469728,78.27999877929688
20231110,600229,1,True,False,1,True,False,1,OK,-46.2599983215332,-56.709999084472656
20231110,600230,1,True,False,0,False,False,0,YELLOW,-71.12999725341797,-89.44000244140625
20231110,600231,2,True,True,1,True,False,1,WEAK,-500.0,-445.5700073242187
20231110,600232,0,False,False,1,True,False,1,YELLOW,12.350000381469728,82.5999984741211
20231110,600233,0,False,False,0,False,False,0,YELLOW,3.2300000190734863,11.020000457763672
20231110,600234,1,False,True,1,True,False,1,WEAK,-3.9700000286102295,110.58999633789062
20231110,600235,2,True,True,1,True,False,1,YELLOW,500.0,135.05999755859375
20231110,600236,0,False,False,1,True,False,1,WEAK,42.88999938964844,87.30000305175781
20231110,600237,2,True,True,1,False,True,0,YELLOW,9.630000114440918,8.670000076293945
20231110,600241,0,False,False,1,True,False,1,WEAK,-70.05000305175781,-57.52000045776367
20231110,600246,2,True,True,1,True,False,1,WEAK,-35.40999984741211,2.7100000381469727
20231110,600248,0,False,False,0,False,False,0,YELLOW,-34.459999084472656,-8.569999694824219
20231110,600249,2,True,True,1,True,False,1,YELLOW,500.0,17.610000610351562
20231110,600250,2,True,True,1,True,False,1,WEAK,-9.619999885559082,-39.970001220703125
20231110,600251,1,True,False,1,True,False,1,YELLOW,-21.049999237060547,-45.45000076293945
20231110,600252,1,True,False,1,False,True,0,WEAK,500.0,-111.93000030517578
20231110,600255,0,False,False,0,False,False,0,WEAK,148.0,168.00999450683594
20231110,600256,1,False,True,1,True,False,1,WEAK,-73.97000122070312,-58.5
20231110,600257,1,True,False,1,True,False,1,YELLOW,10.710000038146973,-361.9700012207031
20231110,600258,1,True,False,0,False,False,0,WEAK,102.19000244140624,5.769999980926514
20231110,600259,0,False,False,1,True,False,1,YELLOW,-500.0,-349.7300109863281
20231110,600261,2,True,True,0,False,False,0,YELLOW,201.75,-5.110000133514404
20231110,600262,2,True,True,0,False,False,0,YELLOW,198.52000427246097,19.15999984741211
20231110,600266,1,True,False,0,False,False,0,YELLOW,-268.57000732421875,-145.16000366210938
20231110,600267,1,True,False,1,False,True,0,OK,-21.31999969482422,8.800000190734863
20231110,600268,1,True,False,1,True,False,1,YELLOW,42.18000030517578,114.11000061035156
20231110,600269,2,True,True,1,True,False,1,YELLOW,22.420000076293945,3.4100000858306885
20231110,600271,1,False,True,0,False,False,0,YELLOW,-302.9700012207031,-353.4100036621094
20231110,600272,1,False,True,2,True,True,1,YELLOW,-92.7300033569336,-86.88999938964844
20231110,600273,1,False,True,0,False,False,0,WEAK,-45.88999938964844,-16.09000015258789
20231110,600276,1,True,False,2,True,True,1,OK,18.059999465942383,37.380001068115234
20231110,600278,1,False,True,1,True,False,1,YELLOW,15.09000015258789,-5.03000020980835
20231110,600279,1,True,False,1,True,False,1,YELLOW,98.20999908447266,-31.270000457763672
20231110,600280,1,True,False,0,False,False,0,YELLOW,123.05999755859376,-451.55999755859375
20231110,600281,1,False,True,1,True,False,1,WEAK,9.84000015258789,29.65999984741211
20231110,600282,0,False,False,1,True,False,1,YELLOW,33.099998474121094,1.7799999713897705
20231110,600283,2,True,True,0,False,False,0,WEAK,-50.9900016784668,19.709999084472656
20231110,600284,2,True,True,1,True,False,1,YELLOW,16.969999313354492,-6.340000152587891
20231110,600285,2,True,True,1,False,True,0,OK,31.549999237060547,22.540000915527344
20231110,600287,2,True,True,1,True,False,1,YELLOW,101.61000061035156,-41.61000061035156
20231110,600288,0,False,False,1,True,False,1,OK,-500.0,23.670000076293945
20231110,600292,2,True,True,1,True,False,1,YELLOW,41.27000045776367,60.4900016784668
20231110,600293,1,True,False,1,True,False,1,WEAK,128.5800018310547,-135.16000366210938
20231110,600295,0,False,False,1,True,False,1,WEAK,-61.52000045776367,-31.489999771118164
20231110,600298,1,True,False,1,True,False,1,YELLOW,-10.800000190734863,3.690000057220459
20231110,600299,0,False,False,0,False,False,0,WEAK,500.0,500.0
20231110,600300,2,True,True,1,True,False,1,YELLOW,23.25,25.6299991607666
20231110,600301,2,True,True,0,False,False,0,WEAK,99.88999938964844,126.48999786376952
20231110,600303,0,False,False,1,False,True,0,WEAK,13.920000076293944,12.420000076293944
20231110,600305,1,False,True,0,False,False,0,YELLOW,-35.709999084472656,-19.719999313354492
20231110,600307,2,True,True,0,False,False,0,WEAK,-500.0,-381.8599853515625
20231110,600308,1,False,True,0,False,False,0,YELLOW,16.360000610351562,-10.640000343322754
20231110,600309,1,False,True,0,False,False,0,WEAK,3.4700000286102295,-12.06999969482422
20231110,600310,0,False,False,0,False,False,0,WEAK,109.3499984741211,284.3999938964844
20231110,600312,2,True,True,1,True,False,1,YELLOW,49.11000061035156,54.90999984741211
20231110,600313,2,True,True,0,False,False,0,YELLOW,-45.060001373291016,-89.97000122070312
20231110,600315,0,False,False,0,False,False,0,OK,29.170000076293945,-59.7400016784668
20231110,600316,0,False,False,0,False,False,0,YELLOW,21.950000762939453,120.61000061035156
20231110,600318,1,True,False,0,False,False,0,OK,42.70000076293945,-11.779999732971191
20231110,600319,1,False,True,1,True,False,1,WEAK,-91.06999969482422,-32.47999954223633
20231110,600320,0,False,False,0,False,False,0,YELLOW,225.97999572753903,-30.81999969482422
20231110,600322,1,True,False,1,True,False,1,WEAK,-21.899999618530273,-349.7300109863281
20231110,600323,1,True,False,0,False,False,0,YELLOW,23.190000534057617,20.13999938964844
20231110,600325,2,True,True,0,False,False,0,WEAK,-39.40999984741211,-41.779998779296875
20231110,600326,1,True,False,1,True,False,1,WEAK,16.75,41.25
20231110,600327,1,True,False,1,True,False,1,YELLOW,103.1999969482422,-48.970001220703125
20231110,600328,1,False,True,0,False,False,0,YELLOW,-95.88999938964844,-36.11000061035156
20231110,600329,2,True,True,1,False,True,0,YELLOW,-4.840000152587891,-8.930000305175781
20231110,600330,0,False,False,1,False,True,0,WEAK,-45.77000045776367,-49.849998474121094
20231110,600331,0,False,False,1,True,False,1,WEAK,-177.02000427246094,172.49000549316406
20231110,600332,1,True,False,1,False,True,0,YELLOW,0.3300000131130218,-16.950000762939453
20231110,600333,1,True,False,1,True,False,1,WEAK,70.75,25.690000534057617
20231110,600335,2,True,True,2,True,True,1,YELLOW,77.29000091552734,8.680000305175781
20231110,600336,0,False,False,0,False,False,0,YELLOW,1.4900000095367432,-136.16000366210938
20231110,600338,0,False,False,0,False,False,0,WEAK,-500.0,174.75
20231110,600339,0,False,False,0,False,False,0,YELLOW,8.34000015258789,-25.219999313354492
20231110,600343,1,False,True,0,False,False,0,WEAK,-86.04000091552734,-48.2599983215332
20231110,600345,0,False,False,1,True,False,1,YELLOW,-218.47999572753903,-99.18000030517578
20231110,600346,2,True,True,0,False,False,0,WEAK,211.5,-7.039999961853027
20231110,600348,0,False,False,1,False,True,0,WEAK,-54.63999938964844,-59.16999816894531
20231110,600350,1,True,False,1,True,False,1,WEAK,-7.429999828338623,-4.449999809265137
20231110,600351,2,True,True,2,True,True,1,OK,2.390000104904175,10.65999984741211
20231110,600352,0,False,False,0,False,False,0,WEAK,24.3799991607666,2.8299999237060547
20231110,600353,2,True,True,2,True,True,1,YELLOW,22.959999084472656,7.460000038146973
20231110,600354,2,True,True,0,False,False,0,WEAK,65.36000061035156,120.38999938964844
20231110,600356,1,False,True,1,True,False,1,YELLOW,-16.489999771118164,15.90999984741211
20231110,600358,0,False,False,0,False,False,0,WEAK,-230.2400054931641,-162.2899932861328
20231110,600359,0,False,False,1,True,False,1,WEAK,5.46999979019165,500.0
20231110,600361,2,True,True,0,False,False,0,WEAK,16.040000915527344,18.15999984741211
20231110,600362,2,True,True,0,False,False,0,YELLOW,6.46999979019165,44.279998779296875
20231110,600363,1,True,False,1,False,True,0,YELLOW,20.950000762939453,9.119999885559082
20231110,600366,1,False,True,0,False,False,0,WEAK,-148.16000366210938,130.41000366210938
20231110,600367,1,False,True,0,False,False,0,WEAK,139.42999267578125,500.0
20231110,600368,1,True,False,1,True,False,1,OK,7.610000133514404,3.549999952316284
20231110,600369,2,True,True,0,False,False,0,WEAK,5.150000095367432,-13.9399995803833
20231110,600371,0,False,False,0,False,False,0,WEAK,0.800000011920929,0.7300000190734863
20231110,600372,2,True,True,0,False,False,0,YELLOW,99.01000213623048,-25.6200008392334
20231110,600373,0,False,False,1,True,False,1,OK,1.090000033378601,-42.2400016784668
20231110,600375,1,True,False,1,False,True,0,WEAK,58.9900016784668,23.63999938964844
20231110,600376,0,False,False,0,False,False,0,WEAK,-6.949999809265137,-44.810001373291016
20231110,600377,1,True,False,1,True,False,1,OK,0.7200000286102295,7.949999809265137
20231110,600378,0,False,False,0,False,False,0,YELLOW,-39.540000915527344,-14.600000381469728
20231110,600379,1,True,False,1,True,False,1,YELLOW,88.63999938964844,22.34000015258789
20231110,600380,0,False,False,2,True,True,1,YELLOW,-4.260000228881836,2.299999952316284
20231110,600382,1,False,True,1,True,False,1,WEAK,-48.400001525878906,-77.87000274658203
20231110,600383,0,False,False,0,False,False,0,YELLOW,-161.91000366210938,-500.0
20231110,600386,1,False,True,1,False,True,0,WEAK,21.670000076293945,260.42999267578125
20231110,600388,1,False,True,0,False,False,0,YELLOW,8.1899995803833,18.229999542236328
20231110,600389,1,False,True,0,False,False,0,WEAK,-33.470001220703125,-35.2599983215332
20231110,600390,2,True,True,0,False,False,0,YELLOW,-51.2400016784668,-33.61000061035156
20231110,600391,2,True,True,0,False,False,0,YELLOW,54.099998474121094,77.04000091552734
20231110,600392,0,False,False,0,False,False,0,WEAK,-500.0,-7.300000190734863
20231110,600395,1,False,True,1,False,True,0,WEAK,-99.1999969482422,-106.3000030517578
20231110,600396,1,True,False,1,True,False,1,WEAK,147.4600067138672,101.9000015258789
20231110,600397,2,True,True,1,False,True,0,YELLOW,-266.32000732421875,-500.0
20231110,600398,2,True,True,1,True,False,1,OK,10.84000015258789,-21.34000015258789
20231110,600399,1,False,True,1,True,False,1,WEAK,166.1300048828125,24.15999984741211
20231110,600400,1,False,True,0,False,False,0,YELLOW,3.1600000858306885,-173.77000427246094
20231110,600403,1,False,True,1,False,True,0,WEAK,-187.88999938964844,-500.0
20231110,600405,0,False,False,1,True,False,1,WEAK,-24.06999969482422,-65.2300033569336
20231110,600406,1,True,False,1,True,False,1,YELLOW,17.989999771118164,6.409999847412109
20231110,600408,0,False,False,2,True,True,1,WEAK,-1.6200000047683716,30.86000061035156
20231110,600409,1,False,True,0,False,False,0,YELLOW,179.2899932861328,5.179999828338623
20231110,600410,2,True,True,1,True,False,1,YELLOW,-222.75,11.760000228881836
20231110,600415,1,True,False,1,True,False,1,WEAK,-36.029998779296875,6.119999885559082
20231110,600416,2,True,True,0,False,False,0,YELLOW,-44.810001373291016,-32.779998779296875
20231110,600418,2,True,True,2,True,True,1,YELLOW,89.41000366210938,56.27000045776367
20231110,600419,2,True,True,0,False,False,0,YELLOW,-53.63999938964844,-48.52000045776367
20231110,600420,1,True,False,1,False,True,0,YELLOW,91.04000091552734,74.87000274658203
20231110,600422,2,True,True,2,True,True,1,YELLOW,9.109999656677246,-6.809999942779541
20231110,600425,1,True,False,0,False,False,0,YELLOW,-500.0,-30.790000915527344
20231110,600426,1,False,True,0,False,False,0,WEAK,37.7400016784668,5.349999904632568
20231110,600428,2,True,True,0,False,False,0,YELLOW,6.769999980926514,46.93000030517578
20231110,600429,0,False,False,0,False,False,0,YELLOW,72.13999938964844,192.0500030517578
20231110,600433,1,False,True,1,True,False,1,WEAK,426.2200012207031,142.0399932861328
20231110,600435,2,True,True,1,True,False,1,YELLOW,-387.3599853515625,-150.44000244140625
20231110,600436,1,True,False,1,False,True,0,OK,28.229999542236328,11.25
20231110,600438,1,False,True,0,False,False,0,YELLOW,-109.29000091552734,-125.80999755859376
20231110,600439,0,False,False,1,True,False,1,YELLOW,281.94000244140625,-24.030000686645508
20231110,600444,0,False,False,1,True,False,1,YELLOW,22.280000686645508,159.27999877929688
20231110,600446,0,False,False,0,False,False,0,YELLOW,-50.939998626708984,-265.3800048828125
20231110,600448,1,True,False,1,True,False,1,YELLOW,498.9100036621094,500.0
20231110,600449,0,False,False,1,True,False,1,WEAK,-500.0,-46.93000030517578
20231110,600452,0,False,False,0,False,False,0,WEAK,-2.4100000858306885,-6.179999828338623
20231110,600455,1,False,True,1,True,False,1,OK,-494.3500061035156,15.279999732971191
20231110,600456,1,True,False,1,True,False,1,YELLOW,-16.5,-14.270000457763672
20231110,600458,1,True,False,0,False,False,0,YELLOW,30.25,-16.209999084472656
20231110,600459,1,True,False,1,True,False,1,YELLOW,2.5299999713897705,9.119999885559082
20231110,600460,0,False,False,1,False,True,0,WEAK,17.270000457763672,-23.760000228881836
20231110,600461,2,True,True,1,True,False,1,YELLOW,14.989999771118164,12.229999542236328
20231110,600463,1,False,True,1,True,False,1,WEAK,51.66999816894531,2.4700000286102295
20231110,600467,1,False,True,1,True,False,1,YELLOW,-490.5799865722656,-77.30999755859375
20231110,600468,0,False,False,0,False,False,0,YELLOW,12.789999961853027,4.610000133514404
20231110,600469,2,True,True,1,False,True,0,YELLOW,49.130001068115234,-8.890000343322754
20231110,600470,1,False,True,1,True,False,1,WEAK,-184.6499938964844,159.82000732421875
20231110,600475,2,True,True,0,False,False,0,YELLOW,-16.31999969482422,-52.81999969482422
20231110,600477,2,True,True,0,False,False,0,YELLOW,2.309999942779541,-18.219999313354492
20231110,600478,1,False,True,0,False,False,0,YELLOW,12.59000015258789,-78.0199966430664
20231110,600479,2,True,True,2,True,True,1,OK,21.25,-14.1899995803833
20231110,600480,2,True,True,1,False,True,0,YELLOW,163.8699951171875,3.309999942779541
20231110,600481,2,True,True,0,False,False,0,WEAK,-199.61000061035156,-213.3300018310547
20231110,600482,1,True,False,0,False,False,0,YELLOW,193.9600067138672,148.8300018310547
20231110,600483,0,False,False,1,True,False,1,WEAK,-1.3899999856948853,10.600000381469728
20231110,600486,0,False,False,0,False,False,0,YELLOW,-40.220001220703125,-24.309999465942383
20231110,600487,1,True,False,0,False,False,0,YELLOW,13.899999618530272,30.200000762939453
20231110,600488,2,True,True,1,False,True,0,YELLOW,-13.800000190734863,27.299999237060547
20231110,600489,2,True,True,1,True,False,1,YELLOW,36.380001068115234,24.84000015258789
20231110,600490,1,True,False,0,False,False,0,WEAK,-500.0,-180.27000427246097
20231110,600493,1,False,True,1,True,False,1,WEAK,103.66999816894533,500.0
20231110,600495,2,True,True,0,False,False,0,YELLOW,-30.049999237060547,-64.05999755859375
20231110,600496,0,False,False,0,False,False,0,YELLOW,-51.040000915527344,-12.399999618530272
20231110,600497,2,True,True,0,False,False,0,YELLOW,-20.020000457763672,-13.229999542236328
20231110,600498,1,True,False,1,True,False,1,YELLOW,10.34000015258789,24.760000228881836
20231110,600499,1,False,True,0,False,False,0,YELLOW,-25.700000762939453,-67.45999908447266
20231110,600500,0,False,False,0,False,False,0,WEAK,-500.0,-39.43000030517578
20231110,600501,0,False,False,1,True,False,1,YELLOW,-500.0,-500.0
20231110,600502,2,True,True,0,False,False,0,YELLOW,-23.520000457763672,-21.86000061035156
20231110,600503,0,False,False,1,True,False,1,WEAK,165.35000610351562,-149.89999389648438
20231110,600505,0,False,False,1,True,False,1,WEAK,69.19999694824219,142.7899932861328
20231110,600506,2,True,True,1,True,False,1,WEAK,500.0,140.0500030517578
20231110,600507,0,False,False,1,True,False,1,WEAK,8.609999656677246,-73.33999633789062
20231110,600508,0,False,False,1,False,True,0,OK,-64.12000274658203,-53.790000915527344
20231110,600509,2,True,True,0,False,False,0,WEAK,15.359999656677246,13.850000381469728
20231110,600510,1,True,False,0,False,False,0,YELLOW,-44.15999984741211,-78.3499984741211
20231110,600511,1,True,False,1,False,True,0,YELLOW,11.0,4.039999961853027
20231110,600512,0,False,False,0,False,False,0,YELLOW,37.349998474121094,-17.889999389648438
20231110,600513,0,False,False,2,True,True,1,YELLOW,5.309999942779541,8.699999809265137
20231110,600515,2,True,True,1,True,False,1,OK,-39.709999084472656,-91.18000030517578
20231110,600516,0,False,False,1,True,False,1,WEAK,33.349998474121094,-48.43000030517578
20231110,600517,1,True,False,0,False,False,0,YELLOW,-8.520000457763672,26.59000015258789
20231110,600518,2,True,True,1,False,True,0,WEAK,34.220001220703125,42.79999923706055
20231110,600519,1,True,False,1,True,False,1,OK,15.75,15.079999923706056
20231110,600520,1,False,True,1,True,False,1,WEAK,-176.22000122070312,109.1999969482422
20231110,600521,0,False,False,1,False,True,0,OK,67.29000091552734,34.29999923706055
20231110,600522,1,False,True,0,False,False,0,YELLOW,-7.320000171661377,-3.2100000381469727
20231110,600523,2,True,True,1,False,True,0,YELLOW,2.259999990463257,-9.270000457763672
20231110,600526,1,True,False,0,False,False,0,YELLOW,56.400001525878906,28.25
20231110,600527,0,False,False,0,False,False,0,WEAK,-61.45000076293945,1.7300000190734863
20231110,600528,1,True,False,0,False,False,0,YELLOW,-12.010000228881836,-8.880000114440918
20231110,600529,1,True,False,2,True,True,1,YELLOW,36.13999938964844,16.719999313354492
20231110,600530,1,False,True,1,True,False,1,WEAK,-500.0,100.33999633789062
20231110,600531,1,True,False,0,False,False,0,YELLOW,15.81999969482422,7.420000076293945
20231110,600533,1,False,True,0,False,False,0,WEAK,-256.44000244140625,-500.0
20231110,600535,2,True,True,2,True,True,1,OK,5.21999979019165,-6.78000020980835
20231110,600536,0,False,False,0,False,False,0,WEAK,38.5099983215332,48.59000015258789
20231110,600538,1,False,True,2,True,True,1,WEAK,-311.3399963378906,-1.399999976158142
20231110,600539,0,False,False,1,True,False,1,WEAK,26.940000534057617,46.47999954223633
20231110,600540,2,True,True,1,True,False,1,WEAK,-334.4700012207031,-500.0
20231110,600545,2,True,True,1,True,False,1,YELLOW,28.56999969482422,-388.3500061035156
20231110,600546,0,False,False,2,True,True,1,OK,-65.04000091552734,-46.130001068115234
20231110,600547,2,True,True,0,False,False,0,YELLOW,61.529998779296875,63.56999969482422
20231110,600548,1,True,False,1,True,False,1,OK,-7.949999809265137,-13.449999809265137
20231110,600549,1,False,True,0,False,False,0,YELLOW,-23.270000457763672,15.369999885559082
20231110,600550,0,False,False,0,False,False,0,WEAK,-71.63999938964844,193.33999633789065
20231110,600551,2,True,True,1,True,False,1,YELLOW,-20.979999542236328,-7.070000171661377
20231110,600552,1,False,True,2,True,True,1,YELLOW,-68.69999694824219,-94.73999786376952
20231110,600556,1,False,True,0,False,False,0,YELLOW,-46.59000015258789,-38.790000915527344
20231110,600557,2,True,True,1,False,True,0,YELLOW,0.2000000029802322,-10.15999984741211
20231110,600558,1,True,False,1,True,False,1,YELLOW,-2.2899999618530273,7.630000114440918
20231110,600559,1,True,False,0,False,False,0,OK,33.38999938964844,34.279998779296875
20231110,600560,0,False,False,1,True,False,1,WEAK,-36.849998474121094,4.309999942779541
20231110,600561,1,True,False,1,True,False,1,WEAK,49.09000015258789,31.540000915527344
20231110,600562,1,True,False,0,False,False,0,YELLOW,0.4600000083446502,-6.429999828338623
20231110,600563,1,True,False,1,False,True,0,OK,-11.640000343322754,3.25
20231110,600566,2,True,True,2,True,True,1,OK,19.829999923706055,-7.059999942779541
20231110,600567,0,False,False,0,False,False,0,WEAK,95.88999938964844,-22.770000457763672
20231110,600569,1,True,False,1,True,False,1,WEAK,-28.690000534057617,-132.80999755859375
20231110,600570,2,True,True,0,False,False,0,OK,-71.27999877929688,-50.279998779296875
20231110,600571,1,True,False,0,False,False,0,WEAK,6.489999771118164,-380.7300109863281
20231110,600572,2,True,True,1,False,True,0,YELLOW,-23.56999969482422,-16.84000015258789
20231110,600573,1,True,False,1,True,False,1,YELLOW,500.0,18.09000015258789
20231110,600575,0,False,False,1,False,True,0,YELLOW,141.7100067138672,72.91000366210938
20231110,600576,2,True,True,1,True,False,1,OK,-44.029998779296875,-6.440000057220459
20231110,600577,1,True,False,1,True,False,1,YELLOW,4.03000020980835,31.0
20231110,600578,2,True,True,0,False,False,0,YELLOW,17.489999771118164,74.41999816894531
20231110,600579,0,False,False,1,True,False,1,WEAK,3.569999933242798,-38.349998474121094
20231110,600580,1,True,False,1,True,False,1,YELLOW,-9.59000015258789,-21.469999313354492
20231110,600582,1,True,False,0,False,False,0,OK,9.449999809265137,9.399999618530272
20231110,600583,1,True,False,0,False,False,0,YELLOW,23.350000381469727,20.8799991607666
20231110,600584,0,False,False,1,False,True,0,WEAK,91.33000183105467,36.72999954223633
20231110,600585,0,False,False,0,False,False,0,WEAK,-36.5,-40.189998626708984
20231110,600586,1,True,False,0,False,False,0,WEAK,95.94000244140624,-33.16999816894531
20231110,600587,2,True,True,1,False,True,0,YELLOW,13.770000457763672,9.359999656677246
20231110,600588,1,False,True,0,False,False,0,WEAK,8.970000267028809,-30.709999084472656
20231110,600589,2,True,True,1,True,False,1,WEAK,63.349998474121094,53.130001068115234
20231110,600590,1,True,False,1,True,False,1,YELLOW,-27.799999237060547,-500.0
20231110,600592,2,True,True,1,True,False,1,YELLOW,10.859999656677246,-10.579999923706056
20231110,600593,2,True,True,1,True,False,1,OK,-132.94000244140625,-7.940000057220459
20231110,600594,0,False,False,2,True,True,1,WEAK,-322.5400085449219,-225.66000366210935
20231110,600595,1,False,True,1,True,False,1,WEAK,-90.68000030517578,-8.960000038146973
20231110,600596,0,False,False,0,False,False,0,WEAK,40.88999938964844,-103.47000122070312
20231110,600597,1,True,False,0,False,False,0,YELLOW,6.199999809265137,-31.65999984741211
20231110,600598,2,True,True,0,False,False,0,WEAK,3.2699999809265137,4.159999847412109
20231110,600600,1,True,False,0,False,False,0,OK,12.109999656677246,1.9600000381469729
20231110,600601,2,True,True,1,False,True,0,YELLOW,251.72999572753903,87.51000213623047
20231110,600602,1,True,False,0,False,False,0,YELLOW,82.83000183105469,39.45000076293945
20231110,600603,2,True,True,1,True,False,1,OK,16.739999771118164,4.5
20231110,600604,1,False,True,1,True,False,1,WEAK,-27.11000061035156,-73.7300033569336
20231110,600605,1,False,True,1,True,False,1,WEAK,97.27999877929688,55.86000061035156
20231110,600606,0,False,False,0,False,False,0,YELLOW,-82.98999786376953,-81.26000213623047
20231110,600609,1,True,False,1,False,True,0,YELLOW,-21.530000686645508,-6.579999923706055
20231110,600610,0,False,False,0,False,False,0,WEAK,9.18000030517578,64.52999877929688
20231110,600611,1,True,False,0,False,False,0,WEAK,14.510000228881836,-21.649999618530273
20231110,600612,2,True,True,0,False,False,0,YELLOW,13.81999969482422,-14.199999809265137
20231110,600613,2,True,True,1,False,True,0,WEAK,1.1100000143051147,-6.119999885559082
20231110,600615,2,True,True,1,True,False,1,WEAK,113.7300033569336,217.5099945068359
20231110,600616,0,False,False,0,False,False,0,OK,110.83000183105467,-17.549999237060547
20231110,600617,0,False,False,0,False,False,0,WEAK,-3.3299999237060547,-7.570000171661377
20231110,600618,0,False,False,1,True,False,1,WEAK,29.59000015258789,46.630001068115234
20231110,600619,0,False,False,1,True,False,1,WEAK,53.31999969482422,78.58000183105469
20231110,600620,2,True,True,0,False,False,0,OK,-238.57000732421875,-231.4499969482422
20231110,600621,0,False,False,1,True,False,1,WEAK,-31.399999618530273,46.279998779296875
20231110,600622,0,False,False,0,False,False,0,WEAK,-500.0,29.760000228881836
20231110,600623,0,False,False,1,True,False,1,WEAK,464.4299926757813,34.060001373291016
20231110,600626,0,False,False,1,False,True,0,WEAK,89.16999816894531,77.13999938964844
20231110,600628,2,True,True,1,True,False,1,OK,19.260000228881836,23.489999771118164
20231110,600629,1,True,False,0,False,False,0,YELLOW,1.9700000286102295,19.329999923706055
20231110,600630,2,True,True,1,True,False,1,WEAK,27.1299991607666,287.2200012207031
20231110,600633,2,True,True,0,False,False,0,WEAK,-57.5099983215332,-46.849998474121094
20231110,600635,1,True,False,0,False,False,0,YELLOW,-89.08000183105469,-62.43000030517578
20231110,600637,1,True,False,1,True,False,1,YELLOW,-46.27000045776367,-0.1199999973177909
20231110,600638,2,True,True,1,True,False,1,WEAK,-76.12000274658203,-38.16999816894531
20231110,600639,1,True,False,0,False,False,0,OK,-83.37999725341797,-76.19999694824219
20231110,600640,1,True,False,1,True,False,1,YELLOW,110.29000091552734,353.510009765625
20231110,600641,2,True,True,1,True,False,1,WEAK,0.7200000286102295,-92.18000030517578
20231110,600642,2,True,True,0,False,False,0,YELLOW,86.62999725341797,18.6299991607666
20231110,600643,0,False,False,0,False,False,0,YELLOW,22.479999542236328,-21.40999984741211
20231110,600644,0,False,False,1,True,False,1,WEAK,33.0099983215332,-11.0
20231110,600645,1,True,False,2,True,True,1,OK,5.239999771118164,4.179999828338623
20231110,600648,1,False,True,1,True,False,1,WEAK,245.4900054931641,-25.959999084472656
20231110,600649,1,True,False,1,True,False,1,WEAK,-79.08000183105469,-195.47999572753903
20231110,600650,2,True,True,1,True,False,1,YELLOW,112.52999877929688,6.429999828338623
20231110,600651,1,True,False,1,False,True,0,WEAK,38.34000015258789,-53.880001068115234
20231110,600653,0,False,False,1,False,True,0,WEAK,-3.640000104904175,-3.609999895095825
20231110,600654,1,True,False,1,True,False,1,YELLOW,-45.38999938964844,-73.30999755859375
20231110,600655,1,False,True,0,False,False,0,WEAK,-70.47000122070312,-339.6099853515625
20231110,600657,0,False,False,0,False,False,0,YELLOW,-98.45999908447266,-500.0
20231110,600658,0,False,False,0,False,False,0,OK,-54.0,-500.0
20231110,600660,2,True,True,1,False,True,0,OK,72.88999938964844,36.650001525878906
20231110,600661,2,True,True,1,True,False,1,WEAK,146.19000244140625,109.16999816894533
20231110,600662,2,True,True,0,False,False,0,YELLOW,0.75,6.75
20231110,600663,1,False,True,0,False,False,0,WEAK,0.1899999976158142,36.4900016784668
20231110,600664,1,True,False,2,True,True,1,YELLOW,43.11000061035156,91.38999938964844
20231110,600665,0,False,False,0,False,False,0,WEAK,-500.0,41.959999084472656
20231110,600666,2,True,True,2,True,True,1,WEAK,-42.349998474121094,45.779998779296875
20231110,600667,2,True,True,1,True,False,1,YELLOW,-10.710000038146973,-10.609999656677246
20231110,600668,0,False,False,1,True,False,1,WEAK,-131.47999572753906,-48.29999923706055
20231110,600671,2,True,True,2,True,True,1,WEAK,-37.470001220703125,66.44999694824219
20231110,600673,1,False,True,1,True,False,1,WEAK,3.940000057220459,199.22999572753903
20231110,600674,2,True,True,1,True,False,1,WEAK,11.880000114440918,15.220000267028809
20231110,600675,2,True,True,0,False,False,0,WEAK,31.520000457763672,-221.9600067138672
20231110,600676,2,True,True,1,False,True,0,WEAK,-48.36000061035156,-84.33000183105469
20231110,600679,1,False,True,2,True,True,1,YELLOW,124.29000091552734,109.51000213623048
20231110,600681,1,False,True,0,False,False,0,YELLOW,-23.549999237060547,-26.809999465942383
20231110,600682,0,False,False,0,False,False,0,WEAK,-27.11000061035156,-39.2599983215332
20231110,600683,0,False,False,0,False,False,0,WEAK,-177.9499969482422,-500.0
20231110,600684,1,True,False,1,True,False,1,WEAK,110.61000061035156,124.9000015258789
20231110,600685,0,False,False,0,False,False,0,YELLOW,179.6199951171875,500.0
20231110,600686,1,True,False,2,True,True,1,YELLOW,26.68000030517578,-110.91000366210938
20231110,600688,1,True,False,0,False,False,0,WEAK,161.69000244140625,110.91000366210938
20231110,600689,2,True,True,1,True,False,1,YELLOW,180.41000366210935,4.869999885559082
20231110,600690,1,True,False,0,False,False,0,OK,25.40999984741211,15.4399995803833
20231110,600691,0,False,False,1,True,False,1,WEAK,-500.0,-77.72000122070312
20231110,600692,1,False,True,1,True,False,1,WEAK,33.40999984741211,4.809999942779541
20231110,600693,1,True,False,1,True,False,1,OK,18.09000015258789,-19.950000762939453
20231110,600694,1,True,False,0,False,False,0,OK,21.209999084472656,24.38999938964844
20231110,600697,2,True,True,1,True,False,1,YELLOW,-35.97999954223633,62.790000915527344
20231110,600698,1,False,True,1,False,True,0,YELLOW,-463.239990234375,-83.05999755859375
20231110,600699,2,True,True,1,False,True,0,YELLOW,134.17999267578125,40.25
20231110,600702,2,True,True,0,False,False,0,YELLOW,-2.5399999618530273,-47.970001220703125
20231110,600703,0,False,False,1,False,True,0,WEAK,82.16000366210938,55.25
20231110,600704,0,False,False,0,False,False,0,YELLOW,-2.8299999237060547,-16.459999084472656
20231110,600706,2,True,True,0,False,False,0,YELLOW,-85.0199966430664,-500.0
20231110,600707,1,True,False,1,False,True,0,WEAK,152.3300018310547,371.4700012207031
20231110,600708,1,False,True,0,False,False,0,YELLOW,-500.0,-500.0
20231110,600710,2,True,True,0,False,False,0,YELLOW,5.0,26.959999084472656
20231110,600711,1,False,True,0,False,False,0,WEAK,500.0,500.0
20231110,600712,2,True,True,1,True,False,1,WEAK,29.239999771118164,96.56999969482422
20231110,600713,1,False,True,1,False,True,0,YELLOW,3.240000009536743,0.4600000083446502
20231110,600714,0,False,False,1,True,False,1,WEAK,17.290000915527344,214.52000427246097
20231110,600715,1,True,False,1,True,False,1,WEAK,22.020000457763672,-37.119998931884766
20231110,600716,1,False,True,1,True,False,1,WEAK,-141.02999877929688,-204.9600067138672
20231110,600717,2,True,True,0,False,False,0,YELLOW,11.289999961853027,-4.889999866485596
20231110,600718,1,True,False,0,False,False,0,WEAK,67.72000122070312,128.6999969482422
20231110,600719,1,False,True,1,True,False,1,WEAK,148.47000122070312,41.22999954223633
20231110,600720,0,False,False,1,True,False,1,YELLOW,500.0,63.540000915527344
20231110,600721,2,True,True,2,True,True,1,WEAK,224.2400054931641,32.52000045776367
20231110,600722,1,False,True,0,False,False,0,YELLOW,22.61000061035156,25.940000534057617
20231110,600724,0,False,False,1,True,False,1,WEAK,-2.950000047683716,-5.070000171661377
20231110,600725,0,False,False,1,False,True,0,YELLOW,-97.5999984741211,-500.0
20231110,600726,2,True,True,0,False,False,0,WEAK,500.0,175.33999633789062
20231110,600727,2,True,True,1,True,False,1,WEAK,500.0,496.1099853515625
20231110,600728,1,False,True,0,False,False,0,YELLOW,-500.0,108.2300033569336
20231110,600729,1,True,False,0,False,False,0,YELLOW,-3.609999895095825,-11.630000114440918
20231110,600731,1,False,True,0,False,False,0,YELLOW,-92.56999969482422,10.489999771118164
20231110,600732,2,True,True,0,False,False,0,YELLOW,-215.5399932861328,-296.8500061035156
20231110,600733,0,False,False,2,True,True,1,WEAK,2.069999933242798,-18.56999969482422
20231110,600736,2,True,True,1,True,False,1,YELLOW,98.25,-327.760009765625
20231110,600737,2,True,True,1,True,False,1,YELLOW,44.90999984741211,-17.65999984741211
20231110,600738,1,True,False,1,True,False,1,WEAK,10.229999542236328,-12.619999885559082
20231110,600739,0,False,False,1,False,True,0,YELLOW,-72.91000366210938,17.829999923706055
20231110,600740,0,False,False,1,False,True,0,WEAK,-91.9800033569336,-82.0999984741211
20231110,600741,0,False,False,1,False,True,0,YELLOW,-7.869999885559082,-1.3200000524520874
20231110,600742,0,False,False,2,True,True,1,YELLOW,24.1299991607666,-8.989999771118164
20231110,600743,1,False,True,0,False,False,0,WEAK,-85.61000061035156,-11.539999961853027
20231110,600744,2,True,True,1,True,False,1,YELLOW,104.11000061035156,500.0
20231110,600746,0,False,False,1,True,False,1,WEAK,120.94000244140624,231.9199981689453
20231110,600748,2,True,True,0,False,False,0,WEAK,-217.6300048828125,-330.989990234375
20231110,600749,1,True,False,1,True,False,1,WEAK,-123.12000274658205,-51.90999984741211
20231110,600750,1,True,False,2,True,True,1,OK,17.530000686645508,10.079999923706056
20231110,600751,0,False,False,1,True,False,1,WEAK,154.97999572753906,72.5
20231110,600754,1,True,False,0,False,False,0,OK,-32.43000030517578,-20.38999938964844
20231110,600755,1,False,True,0,False,False,0,YELLOW,-118.19000244140624,-217.33999633789065
20231110,600756,1,True,False,0,False,False,0,WEAK,-500.0,-420.4299926757813
20231110,600757,1,True,False,0,False,False,0,YELLOW,-32.540000915527344,-19.18000030517578
20231110,600758,0,False,False,1,False,True,0,YELLOW,-70.01000213623047,302.5799865722656
20231110,600760,1,True,False,0,False,False,0,YELLOW,12.630000114440918,-22.309999465942383
20231110,600761,2,True,True,0,False,False,0,YELLOW,56.470001220703125,13.84000015258789
20231110,600763,0,False,False,1,False,True,0,YELLOW,4.199999809265137,-0.4699999988079071
20231110,600764,0,False,False,0,False,False,0,OK,-117.1999969482422,28.88999938964844
20231110,600765,1,True,False,0,False,False,0,YELLOW,7.289999961853027,-6.099999904632568
20231110,600768,1,False,True,1,True,False,1,YELLOW,-64.01000213623047,-50.27000045776367
20231110,600769,1,True,False,1,True,False,1,OK,21.809999465942383,12.529999732971191
20231110,600770,1,True,False,0,False,False,0,WEAK,-117.0199966430664,45.689998626708984
20231110,600771,2,True,True,1,False,True,0,YELLOW,399.1799926757813,378.8900146484375
20231110,600773,0,False,False,0,False,False,0,OK,-277.8299865722656,-343.8900146484375
20231110,600774,0,False,False,1,False,True,0,OK,-50.220001220703125,-132.97999572753906
20231110,600775,0,False,False,1,True,False,1,WEAK,-40.7599983215332,-147.6999969482422
20231110,600776,1,False,True,1,True,False,1,YELLOW,-36.619998931884766,-69.7300033569336
20231110,600778,1,True,False,0,False,False,0,WEAK,-71.16999816894531,103.62999725341795
20231110,600779,0,False,False,0,False,False,0,OK,-2.4200000762939453,11.149999618530272
20231110,600780,0,False,False,1,True,False,1,YELLOW,-44.13999938964844,-29.6200008392334
20231110,600782,0,False,False,0,False,False,0,WEAK,-500.0,-500.0
20231110,600783,0,False,False,0,False,False,0,YELLOW,-267.5799865722656,500.0
20231110,600784,1,True,False,0,False,False,0,YELLOW,-6.570000171661377,0.1000000014901161
20231110,600785,1,True,False,0,False,False,0,YELLOW,-3.559999942779541,-20.219999313354492
20231110,600787,1,True,False,0,False,False,0,YELLOW,-27.09000015258789,-31.260000228881836
20231110,600789,2,True,True,2,True,True,1,YELLOW,28.989999771118164,0.6100000143051147
20231110,600790,1,True,False,0,False,False,0,YELLOW,-18.1200008392334,-12.6899995803833
20231110,600791,0,False,False,1,True,False,1,WEAK,-38.20000076293945,56.79999923706055
20231110,600792,2,True,True,2,True,True,1,YELLOW,-462.0400085449219,-325.6600036621094
20231110,600793,0,False,False,0,False,False,0,WEAK,-500.0,-104.0999984741211
20231110,600794,1,True,False,0,False,False,0,WEAK,28.65999984741211,-5.010000228881836
20231110,600795,2,True,True,1,True,False,1,YELLOW,89.80000305175781,-12.489999771118164
20231110,600796,2,True,True,1,True,False,1,YELLOW,13.34000015258789,-2.1600000858306885
20231110,600797,1,False,True,0,False,False,0,YELLOW,-500.0,-67.8499984741211
20231110,600798,1,True,False,1,True,False,1,WEAK,-500.0,-132.72000122070312
20231110,600800,0,False,False,1,True,False,1,WEAK,-61.220001220703125,-39.29999923706055
20231110,600801,0,False,False,1,True,False,1,WEAK,-35.09000015258789,-41.689998626708984
20231110,600802,0,False,False,1,True,False,1,WEAK,15.15999984741211,24.670000076293945
20231110,600803,1,True,False,0,False,False,0,YELLOW,7.46999979019165,42.0099983215332
20231110,600805,2,True,True,1,True,False,1,YELLOW,25.209999084472656,57.630001068115234
20231110,600807,0,False,False,1,False,True,0,WEAK,-271.8900146484375,4.909999847412109
20231110,600808,0,False,False,1,True,False,1,WEAK,22.25,-30.950000762939453
20231110,600809,1,True,False,1,True,False,1,OK,30.079999923706055,20.40999984741211
20231110,600810,0,False,False,1,True,False,1,WEAK,196.13999938964844,-83.27999877929688
20231110,600812,0,False,False,1,False,True,0,OK,290.3500061035156,500.0
20231110,600814,1,True,False,0,False,False,0,OK,3.0,-12.119999885559082
20231110,600815,1,True,False,0,False,False,0,WEAK,39.31999969482422,54.68000030517578
20231110,600816,2,True,True,1,True,False,1,YELLOW,469.4800109863281,139.94000244140625
20231110,600817,1,False,True,0,False,False,0,WEAK,4.119999885559082,98.3000030517578
20231110,600819,0,False,False,1,True,False,1,WEAK,107.45999908447266,164.9600067138672
20231110,600820,1,True,False,0,False,False,0,YELLOW,10.1899995803833,-8.529999732971191
20231110,600821,2,True,True,1,True,False,1,YELLOW,5.460000038146973,2.240000009536743
20231110,600822,2,True,True,1,False,True,0,YELLOW,-56.68000030517578,-56.459999084472656
20231110,600824,1,True,False,1,True,False,1,WEAK,9.609999656677246,-45.88999938964844
20231110,600825,1,False,True,0,False,False,0,OK,-235.6499938964844,-349.5799865722656
20231110,600826,2,True,True,0,False,False,0,WEAK,89.43000030517578,-13.949999809265137
20231110,600827,1,True,False,0,False,False,0,YELLOW,-16.170000076293945,-43.09000015258789
20231110,600828,1,True,False,0,False,False,0,OK,23.1200008392334,20.510000228881836
20231110,600829,2,True,True,2,True,True,1,YELLOW,8.800000190734863,-17.15999984741211
20231110,600830,2,True,True,1,True,False,1,YELLOW,282.9100036621094,358.44000244140625
20231110,600831,1,False,True,1,True,False,1,WEAK,-500.0,-500.0
20231110,600833,1,False,True,1,False,True,0,YELLOW,-43.54999923706055,-70.20999908447266
20231110,600834,1,True,False,0,False,False,0,OK,-22.25,-24.200000762939453
20231110,600835,1,True,False,0,False,False,0,YELLOW,0.75,-10.609999656677246
20231110,600838,2,True,True,1,True,False,1,YELLOW,-35.90999984741211,-39.439998626708984
20231110,600839,2,True,True,1,True,False,1,YELLOW,49.810001373291016,42.720001220703125
20231110,600841,0,False,False,1,False,True,0,WEAK,41.79999923706055,-16.5
20231110,600843,1,False,True,1,True,False,1,YELLOW,-45.45000076293945,-265.44000244140625
20231110,600844,0,False,False,1,True,False,1,WEAK,-22.31999969482422,-7.480000019073486
20231110,600845,1,True,False,0,False,False,0,YELLOW,20.309999465942383,4.699999809265137
20231110,600846,1,True,False,1,True,False,1,YELLOW,0.2000000029802322,-21.18000030517578
20231110,600847,1,True,False,1,True,False,1,WEAK,-55.779998779296875,-66.88999938964844
20231110,600848,1,False,True,1,True,False,1,YELLOW,13.829999923706056,-4.039999961853027
20231110,600850,1,False,True,1,True,False,1,YELLOW,2.0799999237060547,10.800000190734863
20231110,600851,1,False,True,1,False,True,0,WEAK,17.690000534057617,2.9000000953674316
20231110,600853,2,True,True,1,True,False,1,YELLOW,9.989999771118164,31.809999465942383
20231110,600854,1,True,False,1,True,False,1,OK,-97.62000274658205,-1.600000023841858
20231110,600855,1,False,True,0,False,False,0,WEAK,5.28000020980835,-30.719999313354492
20231110,600857,1,False,True,0,False,False,0,YELLOW,-42.060001373291016,-52.279998779296875
20231110,600858,1,True,False,0,False,False,0,OK,-8.65999984741211,-22.809999465942383
20231110,600859,1,True,False,0,False,False,0,OK,-13.720000267028809,-39.119998931884766
20231110,600860,1,False,True,0,False,False,0,WEAK,40.77000045776367,47.95000076293945
20231110,600861,2,True,True,0,False,False,0,WEAK,500.0,137.9199981689453
20231110,600862,1,True,False,0,False,False,0,YELLOW,7.760000228881836,12.130000114440918
20231110,600863,2,True,True,1,True,False,1,YELLOW,0.9100000262260436,11.220000267028809
20231110,600864,1,True,False,1,True,False,1,YELLOW,-18.81999969482422,446.010009765625
20231110,600865,1,True,False,0,False,False,0,YELLOW,-14.890000343322754,-17.510000228881836
20231110,600866,2,True,True,0,False,False,0,WEAK,110.94000244140624,62.9900016784668
20231110,600867,1,True,False,2,True,True,1,YELLOW,-13.010000228881836,-82.16000366210938
20231110,600868,1,False,True,1,True,False,1,YELLOW,-222.52000427246097,-53.75
20231110,600869,1,False,True,0,False,False,0,YELLOW,-94.4800033569336,-134.6699981689453
20231110,600871,2,True,True,0,False,False,0,YELLOW,-17.170000076293945,15.739999771118164
20231110,600872,1,True,False,1,True,False,1,WEAK,63.90999984741211,19.25
20231110,600873,0,False,False,1,True,False,1,WEAK,-19.010000228881836,-15.699999809265137
20231110,600874,2,True,True,0,False,False,0,YELLOW,23.1299991607666,2.940000057220459
20231110,600875,2,True,True,0,False,False,0,YELLOW,10.609999656677246,-8.1899995803833
20231110,600876,2,True,True,0,False,False,0,WEAK,-419.3699951171875,-402.8999938964844
20231110,600877,1,False,True,2,True,True,1,YELLOW,7.940000057220459,-45.29999923706055
20231110,600879,1,True,False,1,True,False,1,YELLOW,-29.56999969482422,-57.400001525878906
20231110,600880,2,True,True,1,True,False,1,YELLOW,8.529999732971191,-72.88999938964844
20231110,600881,0,False,False,0,False,False,0,WEAK,-49.810001373291016,3.5899999141693115
20231110,600882,0,False,False,0,False,False,0,WEAK,426.3399963378906,500.0
20231110,600883,0,False,False,1,True,False,1,WEAK,-27.88999938964844,-32.59000015258789
20231110,600884,0,False,False,1,True,False,1,WEAK,-144.07000732421875,-94.5199966430664
20231110,600885,1,True,False,0,False,False,0,OK,15.989999771118164,11.140000343322754
20231110,600886,2,True,True,1,True,False,1,OK,26.100000381469727,5.429999828338623
20231110,600887,1,True,False,1,True,False,1,OK,12.390000343322754,0.6499999761581421
20231110,600888,0,False,False,0,False,False,0,YELLOW,-21.809999465942383,-25.459999084472656
20231110,600893,1,True,False,0,False,False,0,YELLOW,444.8200073242187,-19.6200008392334
20231110,600894,2,True,True,0,False,False,0,YELLOW,20.459999084472656,9.649999618530272
20231110,600895,2,True,True,1,True,False,1,OK,-40.310001373291016,-33.279998779296875
20231110,600897,2,True,True,0,False,False,0,WEAK,58.209999084472656,30.59000015258789
20231110,600900,2,True,True,1,True,False,1,WEAK,11.449999809265137,30.420000076293945
20231110,600901,2,True,True,1,True,False,1,WEAK,3.609999895095825,8.729999542236328
20231110,600903,2,True,True,0,False,False,0,YELLOW,16.0,-25.020000457763672
20231110,600905,1,False,True,0,False,False,0,WEAK,1.2799999713897705,-4.889999866485596
20231110,600906,2,True,True,0,False,False,0,WEAK,-43.560001373291016,-32.599998474121094
20231110,600908,1,True,False,0,False,False,0,WEAK,11.15999984741211,6.110000133514404
20231110,600909,1,False,True,0,False,False,0,WEAK,-21.81999969482422,21.329999923706055
20231110,600916,1,True,False,0,False,False,0,YELLOW,33.209999084472656,2.690000057220459
20231110,600917,0,False,False,1,True,False,1,WEAK,-0.6100000143051147,8.0600004196167
20231110,600918,1,True,False,1,True,False,1,WEAK,-34.83000183105469,-57.41999816894531
20231110,600919,2,True,True,1,True,False,1,WEAK,10.300000190734863,10.949999809265137
20231110,600925,1,False,True,1,,True,-1,YELLOW,-47.790000915527344,-33.130001068115234
20231110,600926,1,True,False,0,False,False,0,WEAK,21.739999771118164,19.979999542236328
20231110,600927,1,True,False,0,False,False,0,WEAK,-63.650001525878906,-24.15999984741211
20231110,600928,1,True,False,0,False,False,0,WEAK,3.839999914169311,1.340000033378601
20231110,600929,0,False,False,0,False,False,0,OK,-24.850000381469727,-42.459999084472656
20231110,600933,2,True,True,1,False,True,0,YELLOW,44.86000061035156,15.600000381469728
20231110,600935,1,False,True,0,False,False,0,WEAK,-500.0,-256.75
20231110,600936,0,False,False,0,False,False,0,WEAK,-42.189998626708984,-29.25
20231110,600938,1,False,True,1,True,False,1,WEAK,25.479999542236328,21.06999969482422
20231110,600939,0,False,False,1,True,False,1,YELLOW,-58.36000061035156,-180.13999938964844
20231110,600941,1,True,False,0,False,False,0,YELLOW,8.300000190734863,3.609999895095825
20231110,600955,1,False,True,0,False,False,0,WEAK,-11.170000076293944,9.630000114440918
20231110,600956,0,False,False,0,False,False,0,YELLOW,0.9800000190734864,0.0399999991059303
20231110,600958,2,True,True,0,False,False,0,WEAK,-38.130001068115234,17.260000228881836
20231110,600959,1,True,False,0,False,False,0,YELLOW,-11.020000457763672,45.43000030517578
20231110,600960,1,False,True,2,True,True,1,WEAK,-500.0,-67.0
20231110,600961,2,True,True,0,False,False,0,YELLOW,3.0,3.5899999141693115
20231110,600962,2,True,True,1,True,False,1,YELLOW,41.619998931884766,-103.88999938964844
20231110,600963,1,False,True,1,True,False,1,WEAK,-164.8000030517578,-173.13999938964844
20231110,600966,0,False,False,1,True,False,1,WEAK,117.29000091552734,156.4199981689453
20231110,600967,1,True,False,0,False,False,0,YELLOW,-22.8700008392334,-39.540000915527344
20231110,600968,2,True,True,1,True,False,1,YELLOW,31.079999923706055,26.469999313354492
20231110,600969,0,False,False,1,True,False,1,WEAK,-401.0299987792969,116.45999908447266
20231110,600970,1,True,False,0,False,False,0,YELLOW,12.350000381469728,2.2100000381469727
20231110,600971,1,True,False,2,True,True,1,YELLOW,-27.559999465942383,-40.959999084472656
20231110,600973,1,True,False,1,True,False,1,YELLOW,-46.54999923706055,-86.4800033569336
20231110,600975,1,False,True,1,True,False,1,WEAK,-13.979999542236328,99.16000366210938
20231110,600976,2,True,True,1,False,True,0,YELLOW,0.050000000745058,-23.36000061035156
20231110,600977,1,True,False,0,False,False,0,WEAK,-49.34000015258789,-64.80999755859375
20231110,600979,1,True,False,1,True,False,1,WEAK,500.0,59.380001068115234
20231110,600980,2,True,True,1,True,False,1,YELLOW,-8.880000114440918,13.539999961853027
20231110,600981,2,True,True,0,False,False,0,YELLOW,3.2799999713897705,-22.260000228881836
20231110,600982,0,False,False,0,False,False,0,YELLOW,79.58000183105469,-8.40999984741211
20231110,600983,1,True,False,1,True,False,1,YELLOW,497.3999938964844,-43.68000030517578
20231110,600984,0,False,False,0,False,False,0,WEAK,-71.51000213623047,-74.5999984741211
20231110,600985,1,False,True,2,True,True,1,YELLOW,-24.56999969482422,-16.510000228881836
20231110,600986,1,False,True,1,True,False,1,YELLOW,-34.61000061035156,-22.450000762939453
20231110,600987,1,True,False,1,True,False,1,YELLOW,12.470000267028809,10.239999771118164
20231110,600988,2,True,True,0,False,False,0,WEAK,55.79999923706055,84.3499984741211
20231110,600989,1,False,True,1,True,False,1,WEAK,15.789999961853027,18.350000381469727
20231110,600990,0,False,False,0,False,False,0,WEAK,63.189998626708984,35.060001373291016
20231110,600992,1,True,False,0,False,False,0,YELLOW,-11.399999618530272,-253.0
20231110,600993,1,False,True,1,False,True,0,YELLOW,35.66999816894531,24.6200008392334
20231110,600995,2,True,True,0,False,False,0,WEAK,-23.6200008392334,29.229999542236328
20231110,600996,0,False,False,1,True,False,1,WEAK,-500.0,-48.43000030517578
20231110,600997,0,False,False,2,True,True,1,WEAK,-50.720001220703125,-35.400001525878906
20231110,600998,2,True,True,2,True,True,1,YELLOW,-9.010000228881836,-5.679999828338623
20231110,600999,1,True,False,1,True,False,1,WEAK,-3.859999895095825,12.140000343322754
20231110,601000,1,True,False,1,True,False,1,YELLOW,5.039999961853027,-3.700000047683716
20231110,601001,1,False,True,2,True,True,1,WEAK,10.260000228881836,0.8799999952316284
20231110,601002,0,False,False,0,False,False,0,WEAK,-226.3300018310547,500.0
20231110,601003,1,True,False,0,False,False,0,WEAK,-81.33000183105469,46.540000915527344
20231110,601005,0,False,False,0,False,False,0,WEAK,-194.1699981689453,-121.62000274658205
20231110,601006,1,True,False,1,True,False,1,YELLOW,-16.850000381469727,-23.06999969482422
20231110,601007,1,True,False,0,False,False,0,YELLOW,-1.100000023841858,-7.639999866485596
20231110,601008,2,True,True,0,False,False,0,YELLOW,46.59000015258789,20.549999237060547
20231110,601009,2,True,True,0,False,False,0,WEAK,7.829999923706055,11.350000381469728
20231110,601011,1,False,True,2,True,True,1,WEAK,-447.4599914550781,-500.0
20231110,601012,2,True,True,0,False,False,0,YELLOW,-167.3699951171875,-156.35000610351562
20231110,601015,1,False,True,2,True,True,1,WEAK,-500.0,-146.99000549316406
20231110,601016,1,False,True,0,False,False,0,WEAK,11.979999542236328,0.1800000071525573
20231110,601018,1,False,True,1,True,False,1,OK,24.09000015258789,7.409999847412109
20231110,601019,1,True,False,1,True,False,1,OK,15.800000190734863,-23.36000061035156
20231110,601020,0,False,False,0,False,False,0,OK,95.41999816894533,14.729999542236328
20231110,601021,2,True,True,0,False,False,0,WEAK,137.82000732421875,0.8500000238418579
20231110,601022,0,False,False,1,True,False,1,YELLOW,24.229999542236328,17.270000457763672
20231110,601038,1,True,False,1,True,False,1,YELLOW,24.38999938964844,2.1500000953674316
20231110,601058,1,True,False,1,False,True,0,YELLOW,176.5399932861328,48.959999084472656
20231110,601059,0,False,False,0,,False,-1,WEAK,-14.920000076293944,-19.079999923706055
20231110,601061,1,False,True,0,,False,-1,YELLOW,-40.63999938964844,-6.670000076293945
20231110,601065,1,False,True,0,,False,-1,YELLOW,2.2200000286102295,3.180000066757202
20231110,601066,0,False,False,1,True,False,1,WEAK,-50.36000061035156,-33.310001373291016
20231110,601068,0,False,False,0,False,False,0,WEAK,500.0,111.9800033569336
20231110,601069,1,True,False,0,False,False,0,WEAK,197.22999572753903,425.0
20231110,601077,2,True,True,1,True,False,1,WEAK,-10.300000190734863,2.630000114440918
20231110,601086,2,True,True,0,False,False,0,OK,-34.52000045776367,-43.81999969482422
20231110,601088,1,False,True,2,True,True,1,OK,-11.170000076293944,-3.7200000286102295
20231110,601089,2,True,True,2,True,True,1,OK,11.859999656677246,3.2899999618530273
20231110,601098,2,True,True,1,True,False,1,YELLOW,-24.540000915527344,-22.6200008392334
20231110,601099,2,True,True,0,False,False,0,WEAK,-77.47000122070312,-49.060001373291016
20231110,601100,2,True,True,0,False,False,0,OK,-2.299999952316284,2.640000104904175
20231110,601101,0,False,False,1,False,True,0,WEAK,5.050000190734863,13.550000190734863
20231110,601106,1,False,True,0,False,False,0,YELLOW,-500.0,-500.0
20231110,601107,2,True,True,0,False,False,0,YELLOW,-8.65999984741211,5.75
20231110,601108,2,True,True,1,True,False,1,WEAK,-2.809999942779541,-2.0999999046325684
20231110,601111,2,True,True,0,False,False,0,WEAK,43.22999954223633,149.55999755859375
20231110,601113,2,True,True,0,False,False,0,YELLOW,500.0,98.88999938964844
20231110,601116,2,True,True,0,False,False,0,YELLOW,12.579999923706056,18.06999969482422
20231110,601117,2,True,True,0,False,False,0,YELLOW,3.700000047683716,4.679999828338623
20231110,601118,1,False,True,1,True,False,1,WEAK,-5.349999904632568,27.780000686645508
20231110,601121,0,False,False,0,,False,-1,WEAK,18.479999542236328,91.9499969482422
20231110,601126,2,True,True,1,True,False,1,OK,23.469999313354492,14.5600004196167
20231110,601127,1,False,True,2,True,True,1,WEAK,112.37999725341795,224.80999755859375
20231110,601128,1,True,False,1,True,False,1,WEAK,20.649999618530273,18.559999465942383
20231110,601133,1,False,True,0,,False,-1,YELLOW,32.95000076293945,4.079999923706055
20231110,601136,0,False,False,1,True,False,1,WEAK,24.65999984741211,64.7300033569336
20231110,601137,1,True,False,1,True,False,1,YELLOW,44.33000183105469,33.189998626708984
20231110,601138,1,True,False,1,False,True,0,YELLOW,33.220001220703125,8.869999885559082
20231110,601139,2,True,True,0,False,False,0,YELLOW,15.869999885559082,-2.5899999141693115
20231110,601155,0,False,False,0,False,False,0,YELLOW,-46.279998779296875,-27.6299991607666
20231110,601156,0,False,False,0,False,False,0,WEAK,-19.829999923706055,26.780000686645508
20231110,601158,1,False,True,1,True,False,1,WEAK,-44.59000015258789,-52.61000061035156
20231110,601162,1,True,False,0,False,False,0,WEAK,-182.1000061035156,-251.9600067138672
20231110,601163,2,True,True,1,False,True,0,YELLOW,34.470001220703125,-21.399999618530273
20231110,601166,0,False,False,0,False,False,0,WEAK,-3.430000066757202,-3.049999952316284
20231110,601168,1,False,True,1,True,False,1,WEAK,6.659999847412109,17.84000015258789
20231110,601169,1,True,False,1,True,False,1,WEAK,4.690000057220459,1.8700000047683716
20231110,601177,1,True,False,0,False,False,0,YELLOW,-23.309999465942383,4.159999847412109
20231110,601179,2,True,True,0,False,False,0,YELLOW,9.079999923706056,74.48999786376953
20231110,601186,1,True,False,0,False,False,0,YELLOW,1.9900000095367432,-19.84000015258789
20231110,601187,1,True,False,1,True,False,1,WEAK,4.300000190734863,-5.909999847412109
20231110,601188,1,True,False,1,True,False,1,YELLOW,-21.010000228881836,-19.010000228881836
20231110,601198,2,True,True,1,True,False,1,WEAK,36.720001220703125,51.15999984741211
20231110,601199,1,True,False,0,False,False,0,YELLOW,14.600000381469728,14.31999969482422
20231110,601200,1,True,False,0,False,False,0,YELLOW,-6.489999771118164,7.820000171661377
20231110,601208,0,False,False,0,False,False,0,YELLOW,-36.540000915527344,-14.020000457763672
20231110,601211,2,True,True,1,True,False,1,WEAK,-25.459999084472656,13.979999542236328
20231110,601212,1,True,False,0,False,False,0,WEAK,-12.43000030517578,-483.4500122070313
20231110,601216,1,False,True,0,False,False,0,WEAK,-4.659999847412109,1.7100000381469729
20231110,601218,2,True,True,1,True,False,1,YELLOW,21.63999938964844,-73.68000030517578
20231110,601222,2,True,True,0,False,False,0,YELLOW,8.710000038146973,5.170000076293945
20231110,601225,0,False,False,2,True,True,1,OK,-26.329999923706055,-13.9399995803833
20231110,601226,0,False,False,0,False,False,0,YELLOW,9.199999809265137,41.31999969482422
20231110,601228,0,False,False,0,False,False,0,YELLOW,-3.990000009536743,4.769999980926514
20231110,601229,1,True,False,1,True,False,1,WEAK,4.050000190734863,2.2799999713897705
20231110,601231,1,False,True,1,False,True,0,YELLOW,30.459999084472656,-17.280000686645508
20231110,601233,0,False,False,0,False,False,0,WEAK,203.02000427246097,14.270000457763672
20231110,601236,2,True,True,0,False,False,0,WEAK,-46.27000045776367,218.5800018310547
20231110,601238,1,False,True,1,False,True,0,YELLOW,-52.08000183105469,-146.49000549316406
20231110,601279,2,True,True,2,True,True,1,YELLOW,221.16000366210935,-42.29999923706055
20231110,601288,2,True,True,1,True,False,1,WEAK,-1.5499999523162842,3.4200000762939453
20231110,601298,2,True,True,0,False,False,0,YELLOW,5.329999923706055,4.75
20231110,601311,1,True,False,1,True,False,1,YELLOW,35.439998626708984,25.40999984741211
20231110,601318,1,True,False,0,False,False,0,WEAK,-4.380000114440918,27.329999923706055
20231110,601319,0,False,False,0,False,False,0,WEAK,-23.459999084472656,78.2300033569336
20231110,601326,1,True,False,0,False,False,0,OK,10.220000267028809,1.3899999856948853
20231110,601328,2,True,True,1,True,False,1,WEAK,1.75,-0.7400000095367432
20231110,601330,0,False,False,0,False,False,0,OK,-18.06999969482422,-5.110000133514404
20231110,601333,2,True,True,0,False,False,0,YELLOW,35.04999923706055,19.479999542236328
20231110,601336,1,True,False,0,False,False,0,WEAK,-28.3799991607666,116.63999938964844
20231110,601339,0,False,False,0,False,False,0,WEAK,-109.76000213623048,138.58999633789062
20231110,601360,1,True,False,0,False,False,0,WEAK,-70.69000244140625,-111.18000030517578
20231110,601366,1,False,True,0,False,False,0,OK,89.66000366210938,-222.3699951171875
20231110,601368,0,False,False,1,True,False,1,YELLOW,-44.72999954223633,-4.769999980926514
20231110,601369,0,False,False,0,False,False,0,YELLOW,-9.770000457763672,-7.25
20231110,601375,2,True,True,0,False,False,0,WEAK,98.48999786376952,-26.61000061035156
20231110,601377,1,False,True,1,True,False,1,WEAK,-61.209999084472656,-11.25
20231110,601388,1,False,True,0,False,False,0,WEAK,-57.43000030517578,-37.20000076293945
20231110,601390,2,True,True,0,False,False,0,YELLOW,-3.299999952316284,-15.869999885559082
20231110,601398,1,True,False,1,True,False,1,WEAK,-2.440000057220459,0.2800000011920929
20231110,601399,2,True,True,0,False,False,0,YELLOW,14.529999732971191,28.86000061035156
20231110,601456,2,True,True,1,True,False,1,WEAK,-211.91000366210935,-41.900001525878906
20231110,601500,2,True,True,1,False,True,0,YELLOW,500.0,162.52999877929688
20231110,601512,0,False,False,0,False,False,0,WEAK,14.75,-26.809999465942383
20231110,601515,1,False,True,1,True,False,1,WEAK,-98.58000183105467,-271.7200012207031
20231110,601518,2,True,True,1,True,False,1,OK,-1.440000057220459,-0.8799999952316284
20231110,601519,1,False,True,0,False,False,0,OK,-93.1999969482422,-85.62000274658203
20231110,601528,1,True,False,0,False,False,0,WEAK,16.56999969482422,12.100000381469728
20231110,601555,2,True,True,0,False,False,0,WEAK,-20.56999969482422,5.869999885559082
20231110,601566,1,True,False,0,False,False,0,OK,95.43000030517578,-29.229999542236328
20231110,601567,2,True,True,1,True,False,1,YELLOW,41.2400016784668,31.31999969482422
20231110,601568,1,False,True,1,True,False,1,WEAK,-91.6999969482422,-47.59000015258789
20231110,601577,1,True,False,0,False,False,0,WEAK,3.2799999713897705,5.170000076293945
20231110,601579,1,True,False,1,True,False,1,OK,5.809999942779541,2.6700000762939453
20231110,601588,2,True,True,0,False,False,0,YELLOW,-500.0,-500.0
20231110,601595,2,True,True,0,False,False,0,WEAK,20.829999923706055,-33.7599983215332
20231110,601598,1,False,True,1,True,False,1,YELLOW,-14.789999961853027,-7.130000114440918
20231110,601599,2,True,True,1,True,False,1,YELLOW,-3.9200000762939458,61.83000183105469
20231110,601600,2,True,True,0,False,False,0,YELLOW,35.61000061035156,76.80999755859375
20231110,601601,1,True,False,0,False,False,0,WEAK,1.4600000381469729,66.43000030517578
20231110,601606,2,True,True,0,False,False,0,YELLOW,-17.670000076293945,-500.0
20231110,601607,0,False,False,1,False,True,0,YELLOW,1.2999999523162842,11.5600004196167
20231110,601608,1,True,False,0,False,False,0,YELLOW,96.41000366210938,35.31999969482422
20231110,601609,1,True,False,1,True,False,1,YELLOW,500.0,-55.93000030517578
20231110,601611,1,True,False,0,False,False,0,YELLOW,7.960000038146973,10.550000190734863
20231110,601615,1,False,True,0,False,False,0,WEAK,200.38999938964844,-36.880001068115234
20231110,601616,0,False,False,1,True,False,1,OK,500.0,289.8900146484375
20231110,601618,1,True,False,0,False,False,0,YELLOW,-18.75,-29.260000228881836
20231110,601619,2,True,True,0,False,False,0,OK,-22.739999771118164,-16.5
20231110,601628,0,False,False,0,False,False,0,WEAK,15.579999923706056,500.0
20231110,601633,1,False,True,1,False,True,0,YELLOW,500.0,119.93000030517578
20231110,601636,1,False,True,1,True,False,1,WEAK,500.0,-45.209999084472656
20231110,601658,1,True,False,1,True,False,1,WEAK,-1.7300000190734863,0.0199999995529651
20231110,601665,2,True,True,1,True,False,1,WEAK,17.989999771118164,19.600000381469727
20231110,601666,1,False,True,2,True,True,1,OK,-26.1200008392334,-32.36000061035156
20231110,601668,1,True,False,0,False,False,0,YELLOW,1.1299999952316284,-9.84000015258789
20231110,601669,1,True,False,0,False,False,0,YELLOW,1.3200000524520874,-14.40999984741211
20231110,601677,0,False,False,0,False,False,0,YELLOW,-3.390000104904175,24.850000381469727
20231110,601678,1,False,True,0,False,False,0,WEAK,-56.189998626708984,-30.88999938964844
20231110,601686,1,True,False,0,False,False,0,YELLOW,-106.0199966430664,-92.11000061035156
20231110,601688,2,True,True,1,True,False,1,WEAK,-29.149999618530273,-35.290000915527344
20231110,601689,1,True,False,1,False,True,0,YELLOW,41.790000915527344,34.83000183105469
20231110,601696,2,True,True,1,True,False,1,WEAK,-18.770000457763672,-15.65999984741211
20231110,601698,0,False,False,1,True,False,1,YELLOW,-17.6200008392334,-18.780000686645508
20231110,601699,0,False,False,2,True,True,1,YELLOW,-61.72999954223633,-61.04999923706055
20231110,601700,2,True,True,1,True,False,1,YELLOW,500.0,116.37000274658205
20231110,601702,2,True,True,1,True,False,1,YELLOW,51.45000076293945,31.350000381469727
20231110,601717,2,True,True,1,True,False,1,YELLOW,40.65999984741211,26.65999984741211
20231110,601727,1,True,False,1,True,False,1,YELLOW,-157.77999877929688,500.0
20231110,601728,1,True,False,0,False,False,0,YELLOW,5.400000095367432,5.420000076293945
20231110,601766,2,True,True,0,False,False,0,YELLOW,228.0800018310547,21.209999084472656
20231110,601777,1,False,True,1,False,True,0,WEAK,-64.44000244140625,-47.36000061035156
20231110,601778,2,True,True,0,False,False,0,OK,-41.77000045776367,-19.270000457763672
20231110,601788,1,False,True,0,False,False,0,WEAK,-19.40999984741211,0.6100000143051147
20231110,601789,2,True,True,0,False,False,0,YELLOW,-22.600000381469727,-10.289999961853027
20231110,601798,2,True,True,0,False,False,0,WEAK,46.04999923706055,55.189998626708984
20231110,601799,1,False,True,1,False,True,0,YELLOW,34.560001373291016,38.77000045776367
20231110,601800,1,True,False,0,False,False,0,YELLOW,12.140000343322754,-11.449999809265137
20231110,601801,2,True,True,0,False,False,0,YELLOW,17.1299991607666,-16.770000457763672
20231110,601808,2,True,True,1,True,False,1,YELLOW,69.4800033569336,12.130000114440918
20231110,601811,2,True,True,1,True,False,1,OK,-1.2400000095367432,-5.840000152587891
20231110,601816,2,True,True,0,False,False,0,OK,33.11000061035156,12.289999961853027
20231110,601818,1,True,False,1,True,False,1,WEAK,0.75,2.180000066757202
20231110,601825,2,True,True,1,True,False,1,WEAK,-9.989999771118164,1.6299999952316284
20231110,601827,1,True,False,1,True,False,1,OK,10.880000114440918,4.590000152587891
20231110,601828,0,False,False,0,False,False,0,WEAK,-155.11000061035156,-213.58999633789065
20231110,601838,2,True,True,0,False,False,0,WEAK,12.649999618530272,11.40999984741211
20231110,601857,1,True,False,0,False,False,0,YELLOW,3.7799999713897705,0.4900000095367431
20231110,601858,1,True,False,0,False,False,0,YELLOW,-26.950000762939453,-28.90999984741211
20231110,601860,1,True,False,0,False,False,0,WEAK,6.630000114440918,1.2200000286102295
20231110,601865,1,True,False,0,False,False,0,WEAK,52.4900016784668,-36.02000045776367
20231110,601866,0,False,False,0,False,False,0,YELLOW,-38.41999816894531,6.929999828338623
20231110,601868,2,True,True,0,False,False,0,YELLOW,9.229999542236328,-1.350000023841858
20231110,601869,0,False,False,0,False,False,0,YELLOW,-89.36000061035156,-56.630001068115234
20231110,601872,1,False,True,1,True,False,1,YELLOW,23.309999465942383,-9.109999656677246
20231110,601877,1,True,False,0,False,False,0,YELLOW,-4.980000019073486,12.640000343322754
20231110,601878,1,True,False,1,True,False,1,WEAK,-7.619999885559082,-5.079999923706055
20231110,601880,0,False,False,0,False,False,0,YELLOW,-4.090000152587891,-25.709999084472656
20231110,601881,1,True,False,1,True,False,1,WEAK,-27.6299991607666,5.019999980926514
20231110,601882,1,True,False,0,False,False,0,YELLOW,-4.389999866485596,-9.550000190734863
20231110,601886,2,True,True,0,False,False,0,YELLOW,21.8700008392334,-16.6299991607666
20231110,601888,1,True,False,0,False,False,0,WEAK,0.1500000059604644,-25.399999618530273
20231110,601890,2,True,True,0,False,False,0,YELLOW,-3.0399999618530273,4.369999885559082
20231110,601898,0,False,False,2,True,True,1,YELLOW,-31.40999984741211,-12.9399995803833
20231110,601899,1,False,True,1,True,False,1,YELLOW,15.920000076293944,56.15999984741211
20231110,601900,1,False,True,0,False,False,0,OK,-9.529999732971191,-11.350000381469728
20231110,601901,0,False,False,1,True,False,1,WEAK,40.689998626708984,3.869999885559082
20231110,601908,1,False,True,0,False,False,0,WEAK,-258.70001220703125,-500.0
20231110,601916,1,True,False,1,True,False,1,WEAK,11.140000343322754,3.619999885559082
20231110,601918,2,True,True,2,True,True,1,WEAK,-0.1599999964237213,-5.789999961853027
20231110,601919,1,False,True,1,True,False,1,WEAK,-5.199999809265137,73.11000061035156
20231110,601921,1,False,True,1,True,False,1,YELLOW,-11.949999809265137,-53.959999084472656
20231110,601928,2,True,True,1,True,False,1,OK,-24.469999313354492,-23.049999237060547
20231110,601929,0,False,False,1,True,False,1,WEAK,-500.0,-46.119998931884766
20231110,601933,1,True,False,0,False,False,0,YELLOW,-3.0799999237060547,-76.47000122070312
20231110,601939,1,True,False,1,True,False,1,WEAK,-2.200000047683716,0.2199999988079071
20231110,601949,1,True,False,0,False,False,0,OK,-500.0,-29.38999938964844
20231110,601952,1,False,True,0,False,False,0,YELLOW,12.359999656677246,-8.850000381469727
20231110,601956,1,True,False,1,True,False,1,YELLOW,21.209999084472656,-36.119998931884766
20231110,601958,2,True,True,0,False,False,0,OK,-23.989999771118164,-6.130000114440918
20231110,601963,0,False,False,0,False,False,0,WEAK,5.480000019073486,5.050000190734863
20231110,601965,1,True,False,1,False,True,0,OK,14.140000343322754,13.600000381469728
20231110,601966,1,True,False,1,False,True,0,YELLOW,137.33999633789062,56.720001220703125
20231110,601968,1,True,False,0,False,False,0,YELLOW,-10.479999542236328,-26.13999938964844
20231110,601969,1,False,True,1,True,False,1,WEAK,49.459999084472656,16.729999542236328
20231110,601975,2,True,True,0,False,False,0,YELLOW,40.470001220703125,16.850000381469727
20231110,601985,2,True,True,1,True,False,1,OK,0.8500000238418579,-3.0199999809265137
20231110,601988,2,True,True,1,True,False,1,WEAK,-3.180000066757202,0.4099999964237213
20231110,601990,2,True,True,0,False,False,0,WEAK,22.559999465942383,23.260000228881836
20231110,601991,1,True,False,0,False,False,0,YELLOW,500.0,100.04000091552734
20231110,601992,0,False,False,0,False,False,0,WEAK,-170.27999877929688,-119.83999633789062
20231110,601995,0,False,False,1,True,False,1,WEAK,-44.16999816894531,-37.779998779296875
20231110,601996,1,True,False,1,True,False,1,WEAK,66.51000213623047,-140.72000122070312
20231110,601997,0,False,False,0,False,False,0,WEAK,-3.880000114440918,-5.849999904632568
20231110,601998,2,True,True,1,True,False,1,WEAK,0.4000000059604645,0.8799999952316284
20231110,601999,1,True,False,1,True,False,1,YELLOW,-36.040000915527344,-42.97999954223633
20231110,603000,0,False,False,1,True,False,1,YELLOW,7.650000095367432,0.959999978542328
20231110,603001,2,True,True,1,True,False,1,WEAK,-69.58999633789062,-23.81999969482422
20231110,603002,1,False,True,1,False,True,0,YELLOW,-42.060001373291016,-47.90999984741211
20231110,603005,1,False,True,2,True,True,1,WEAK,92.73999786376952,82.80999755859375
20231110,603006,1,True,False,2,True,True,1,YELLOW,-50.66999816894531,-50.52000045776367
20231110,603007,0,False,False,0,False,False,0,WEAK,16.1200008392334,-29.020000457763672
20231110,603009,0,False,False,2,True,True,1,YELLOW,282.1499938964844,127.25
20231110,603010,0,False,False,1,True,False,1,WEAK,21.329999923706055,-17.350000381469727
20231110,603011,1,False,True,1,True,False,1,OK,-66.94999694824219,-93.87999725341795
20231110,603012,2,True,True,0,False,False,0,OK,-37.08000183105469,-39.72999954223633
20231110,603013,1,True,False,2,True,True,1,YELLOW,3.839999914169311,-6.769999980926514
20231110,603015,1,False,True,1,True,False,1,OK,94.0199966430664,112.13999938964844
20231110,603016,2,True,True,1,True,False,1,YELLOW,11.109999656677246,0.4199999868869781
20231110,603017,1,False,True,1,True,False,1,YELLOW,3.259999990463257,-39.68000030517578
20231110,603018,2,True,True,0,False,False,0,YELLOW,-1.5800000429153442,-33.31999969482422
20231110,603019,1,True,False,0,False,False,0,YELLOW,16.0,8.65999984741211
20231110,603020,0,False,False,1,True,False,1,YELLOW,13.829999923706056,7.659999847412109
20231110,603022,1,True,False,1,True,False,1,YELLOW,8.029999732971191,4.929999828338623
20231110,603023,1,False,True,2,True,True,1,OK,500.0,248.4600067138672
20231110,603025,2,True,True,0,False,False,0,OK,101.4800033569336,74.31999969482422
20231110,603026,1,False,True,0,False,False,0,WEAK,211.13999938964844,-96.0500030517578
20231110,603027,2,True,True,1,True,False,1,OK,4.690000057220459,-10.25
20231110,603028,2,True,True,1,True,False,1,WEAK,-281.5199890136719,-242.3300018310547
20231110,603029,2,True,True,0,False,False,0,OK,115.1500015258789,8.350000381469727
20231110,603030,1,True,False,1,True,False,1,YELLOW,39.900001525878906,37.66999816894531
20231110,603031,2,True,True,1,True,False,1,OK,43.939998626708984,44.91999816894531
20231110,603032,1,True,False,0,False,False,0,WEAK,-114.47000122070312,-104.2300033569336
20231110,603033,2,True,True,1,True,False,1,YELLOW,-32.459999084472656,-68.98999786376953
20231110,603035,2,True,True,1,False,True,0,YELLOW,39.97999954223633,2.1600000858306885
20231110,603036,2,True,True,1,True,False,1,OK,43.439998626708984,18.940000534057617
20231110,603037,1,True,False,2,True,True,1,OK,80.19999694824219,14.920000076293944
20231110,603038,1,True,False,1,True,False,1,YELLOW,-75.87000274658203,-12.850000381469728
20231110,603039,0,False,False,0,False,False,0,OK,343.1600036621094,500.0
20231110,603040,1,True,False,1,False,True,0,YELLOW,-1.059999942779541,15.220000267028809
20231110,603041,1,True,False,1,True,False,1,YELLOW,26.010000228881836,-2.680000066757202
20231110,603042,0,False,False,1,True,False,1,WEAK,65.98999786376953,66.88999938964844
20231110,603043,1,True,False,0,False,False,0,OK,1.149999976158142,-8.539999961853027
20231110,603045,1,True,False,1,True,False,1,YELLOW,-39.599998474121094,-17.700000762939453
20231110,603048,1,True,False,2,True,True,1,WEAK,160.02000427246094,38.13999938964844
20231110,603050,1,True,False,1,True,False,1,YELLOW,91.02999877929688,-3.200000047683716
20231110,603051,1,False,True,0,False,False,0,WEAK,142.7899932861328,122.44000244140624
20231110,603052,1,False,True,2,True,True,1,WEAK,23.700000762939453,-25.309999465942383
20231110,603053,1,True,False,1,True,False,1,YELLOW,3.380000114440918,-3.910000085830689
20231110,603055,2,True,True,1,True,False,1,WEAK,377.6700134277344,110.8499984741211
20231110,603057,2,True,True,0,False,False,0,YELLOW,13.890000343322754,2.930000066757202
20231110,603058,2,True,True,0,False,False,0,OK,33.650001525878906,98.79000091552734
20231110,603059,1,True,False,1,True,False,1,YELLOW,253.1000061035156,-30.8700008392334
20231110,603060,0,False,False,0,False,False,0,OK,-15.56999969482422,-3.4600000381469727
20231110,603061,1,False,True,1,,True,-1,WEAK,-57.5099983215332,-20.350000381469727
20231110,603063,2,True,True,0,False,False,0,OK,29.34000015258789,-17.739999771118164
20231110,603065,0,False,False,0,,False,-1,WEAK,-81.0199966430664,-94.66000366210938
20231110,603066,1,True,False,0,False,False,0,YELLOW,49.81999969482422,28.709999084472656
20231110,603067,0,False,False,0,False,False,0,YELLOW,-16.079999923706055,23.6299991607666
20231110,603068,2,True,True,1,False,True,0,WEAK,102.55999755859376,61.0
20231110,603069,1,True,False,1,True,False,1,WEAK,71.1500015258789,60.0099983215332
20231110,603070,1,True,False,1,True,False,1,YELLOW,-79.02999877929688,-54.5099983215332
20231110,603071,1,True,False,1,False,True,0,YELLOW,-20.0,-38.970001220703125
20231110,603073,1,False,True,0,,False,-1,WEAK,61.04999923706055,5.550000190734863
20231110,603075,0,False,False,0,,False,-1,UNKNOWN,0.0,19.1200008392334
20231110,603076,0,False,False,0,False,False,0,YELLOW,-80.44999694824219,-67.01000213623047
20231110,603077,0,False,False,0,False,False,0,WEAK,-92.91999816894533,-78.26000213623047
20231110,603078,1,True,False,2,True,True,1,YELLOW,-3.5399999618530273,-11.520000457763672
20231110,603079,1,False,True,1,True,False,1,WEAK,238.63999938964844,194.44000244140625
20231110,603080,1,True,False,1,True,False,1,YELLOW,46.36000061035156,4.820000171661377
20231110,603081,0,False,False,0,False,False,0,WEAK,75.45999908447266,-59.599998474121094
20231110,603083,2,True,True,0,False,False,0,YELLOW,-78.05000305175781,15.710000038146973
20231110,603085,0,False,False,2,True,True,1,YELLOW,459.5299987792969,50.84000015258789
20231110,603086,0,False,False,0,False,False,0,WEAK,-144.64999389648438,-121.48999786376952
20231110,603087,1,True,False,2,True,True,1,WEAK,-42.93000030517578,38.63999938964844
20231110,603088,1,True,False,0,False,False,0,YELLOW,57.810001373291016,3.4000000953674316
20231110,603089,0,False,False,2,True,True,1,YELLOW,250.30999755859375,-35.11000061035156
20231110,603090,2,True,True,0,False,False,0,YELLOW,0.7300000190734863,-20.63999938964844
20231110,603093,2,True,True,0,False,False,0,WEAK,49.77000045776367,22.09000015258789
20231110,603095,0,False,False,1,True,False,1,YELLOW,-54.84000015258789,12.489999771118164
20231110,603096,0,False,False,1,True,False,1,OK,4.570000171661377,-2.049999952316284
20231110,603097,1,True,False,1,True,False,1,YELLOW,75.62999725341797,-4.010000228881836
20231110,603098,1,False,True,0,False,False,0,YELLOW,-10.4399995803833,-10.539999961853027
20231110,603099,2,True,True,1,True,False,1,WEAK,361.3699951171875,3.630000114440918
20231110,603100,2,True,True,0,False,False,0,OK,-0.6299999952316284,3.950000047683716
20231110,603101,2,True,True,1,True,False,1,OK,-59.099998474121094,-74.45999908447266
20231110,603102,2,True,True,0,False,False,0,OK,-20.459999084472656,-7.789999961853027
20231110,603103,1,True,False,0,False,False,0,WEAK,13.56999969482422,-142.38999938964844
20231110,603105,2,True,True,0,False,False,0,YELLOW,3.9600000381469727,-0.6000000238418579
20231110,603106,1,True,False,0,False,False,0,WEAK,25.829999923706055,27.760000228881836
20231110,603108,0,False,False,2,True,True,1,YELLOW,-74.2699966430664,-82.61000061035156
20231110,603109,2,True,True,1,False,True,0,YELLOW,-59.72999954223633,-24.290000915527344
20231110,603110,2,True,True,1,True,False,1,YELLOW,-30.350000381469727,-4.090000152587891
20231110,603111,2,True,True,1,True,False,1,OK,58.25,18.850000381469727
20231110,603112,1,True,False,1,True,False,1,YELLOW,34.43000030517578,22.600000381469727
20231110,603113,0,False,False,1,True,False,1,WEAK,80.5,35.88999938964844
20231110,603115,0,False,False,1,True,False,1,WEAK,40.4900016784668,70.66000366210938
20231110,603116,2,True,True,1,True,False,1,YELLOW,57.83000183105469,-215.8800048828125
20231110,603117,2,True,True,1,True,False,1,WEAK,318.5,136.3699951171875
20231110,603118,0,False,False,0,False,False,0,YELLOW,-110.87999725341795,-117.6500015258789
20231110,603119,0,False,False,1,,True,-1,OK,62.40999984741211,46.34000015258789
20231110,603121,1,True,False,2,True,True,1,YELLOW,500.0,56.13999938964844
20231110,603122,0,False,False,1,False,True,0,YELLOW,-32.209999084472656,-44.27000045776367
20231110,603123,1,False,True,1,True,False,1,WEAK,-500.0,-500.0
20231110,603125,2,True,True,0,,False,-1,OK,-3.7799999713897705,-10.229999542236328
20231110,603126,0,False,False,0,False,False,0,YELLOW,-30.959999084472656,-79.72000122070312
20231110,603127,0,False,False,1,False,True,0,YELLOW,-251.9199981689453,-136.47000122070312
20231110,603128,1,False,True,0,False,False,0,YELLOW,-23.719999313354492,-11.720000267028809
20231110,603129,2,True,True,1,False,True,0,YELLOW,38.70000076293945,36.7400016784668
20231110,603130,2,True,True,0,False,False,0,YELLOW,102.95999908447266,-17.579999923706055
20231110,603131,0,False,False,1,True,False,1,YELLOW,309.989990234375,26.59000015258789
20231110,603132,1,False,True,1,True,False,1,WEAK,94.93000030517578,43.09000015258789
20231110,603135,0,False,False,0,,False,-1,YELLOW,-74.62000274658203,-107.2699966430664
20231110,603136,1,True,False,0,False,False,0,OK,-44.709999084472656,-27.36000061035156
20231110,603137,1,False,True,0,,False,-1,YELLOW,-25.059999465942383,-1.9800000190734863
20231110,603138,0,False,False,0,False,False,0,WEAK,67.93000030517578,44.25
20231110,603139,1,False,True,2,True,True,1,WEAK,-101.48999786376952,-500.0
20231110,603150,0,False,False,1,True,False,1,YELLOW,21.510000228881836,8.369999885559082
20231110,603151,1,False,True,0,False,False,0,YELLOW,-15.210000038146973,-42.7400016784668
20231110,603153,1,False,True,0,,False,-1,YELLOW,159.27000427246094,31.719999313354492
20231110,603155,1,False,True,0,False,False,0,WEAK,-47.369998931884766,-24.63999938964844
20231110,603156,2,True,True,1,True,False,1,OK,15.43000030517578,-9.31999969482422
20231110,603158,2,True,True,2,True,True,1,YELLOW,65.66000366210938,31.34000015258789
20231110,603159,1,True,False,1,True,False,1,YELLOW,9.81999969482422,-22.5
20231110,603160,2,True,True,2,True,True,1,WEAK,194.22000122070312,500.0
20231110,603161,2,True,True,2,True,True,1,YELLOW,105.19000244140624,15.079999923706056
20231110,603162,1,False,True,0,,False,-1,WEAK,22.649999618530273,149.5399932861328
20231110,603163,1,True,False,1,True,False,1,YELLOW,-48.560001373291016,-33.81999969482422
20231110,603165,1,True,False,0,False,False,0,YELLOW,0.1299999952316284,-0.8799999952316284
20231110,603166,2,True,True,2,True,True,1,YELLOW,19.229999542236328,124.2699966430664
20231110,603167,2,True,True,1,True,False,1,WEAK,275.760009765625,5.639999866485596
20231110,603168,2,True,True,2,True,True,1,WEAK,-82.05999755859375,-190.1000061035156
20231110,603169,1,True,False,0,False,False,0,YELLOW,66.91000366210938,-25.63999938964844
20231110,603170,2,True,True,1,True,False,1,OK,-7.039999961853027,-12.4399995803833
20231110,603171,1,True,False,0,False,False,0,OK,13.140000343322754,24.81999969482422
20231110,603172,1,False,True,0,,False,-1,WEAK,-60.2599983215332,-32.58000183105469
20231110,603173,2,True,True,0,,False,-1,YELLOW,56.470001220703125,40.38999938964844
20231110,603176,1,False,True,1,True,False,1,YELLOW,-79.43000030517578,116.13999938964844
20231110,603177,1,False,True,0,False,False,0,WEAK,500.0,277.6600036621094
20231110,603178,1,False,True,2,True,True,1,YELLOW,58.31999969482422,-500.0
20231110,603179,2,True,True,1,False,True,0,YELLOW,35.400001525878906,18.0
20231110,603180,2,True,True,0,False,False,0,YELLOW,8.239999771118164,-25.549999237060547
20231110,603181,0,False,False,1,True,False,1,YELLOW,37.349998474121094,36.18000030517578
20231110,603182,1,False,True,0,False,False,0,YELLOW,3.0,-11.140000343322754
20231110,603183,1,True,False,1,True,False,1,YELLOW,-21.440000534057617,-20.13999938964844
20231110,603185,1,False,True,0,False,False,0,YELLOW,-130.1199951171875,-227.4499969482422
20231110,603186,0,False,False,2,True,True,1,WEAK,104.5500030517578,76.12000274658203
20231110,603187,1,True,False,0,False,False,0,YELLOW,-12.220000267028809,-31.030000686645508
20231110,603188,0,False,False,1,True,False,1,WEAK,146.64999389648438,91.22000122070312
20231110,603190,2,True,True,1,,True,-1,YELLOW,17.25,-33.29999923706055
20231110,603191,2,True,True,0,False,False,0,YELLOW,-73.4800033569336,-85.22000122070312
20231110,603192,0,False,False,1,True,False,1,YELLOW,15.579999923706056,33.16999816894531
20231110,603195,1,True,False,0,False,False,0,YELLOW,26.729999542236328,8.260000228881836
20231110,603196,0,False,False,0,False,False,0,OK,-201.8000030517578,-500.0
20231110,603197,2,True,True,2,True,True,1,YELLOW,-7.809999942779541,-24.290000915527344
20231110,603198,2,True,True,1,True,False,1,OK,32.70000076293945,23.940000534057617
20231110,603199,2,True,True,0,False,False,0,OK,-17.940000534057617,0.4600000083446502
20231110,603200,1,False,True,1,True,False,1,YELLOW,151.0800018310547,41.290000915527344
20231110,603201,2,True,True,2,True,True,1,YELLOW,78.93000030517578,16.93000030517578
20231110,603203,1,False,True,1,True,False,1,OK,6.260000228881836,2.049999952316284
20231110,603206,2,True,True,1,True,False,1,YELLOW,-18.219999313354492,-29.3700008392334
20231110,603208,1,True,False,0,False,False,0,WEAK,-50.02000045776367,-46.869998931884766
20231110,603209,2,True,True,0,False,False,0,WEAK,0.9100000262260436,53.349998474121094
20231110,603211,0,False,False,2,True,True,1,YELLOW,29.790000915527344,15.890000343322754
20231110,603212,1,False,True,0,False,False,0,WEAK,-8.029999732971191,-232.13999938964844
20231110,603213,0,False,False,0,False,False,0,WEAK,-19.63999938964844,2.950000047683716
20231110,603214,0,False,False,1,True,False,1,YELLOW,154.9199981689453,10.199999809265137
20231110,603215,2,True,True,0,False,False,0,YELLOW,-76.44999694824219,-40.4900016784668
20231110,603216,0,False,False,0,False,False,0,WEAK,500.0,13.029999732971191
20231110,603217,1,False,True,0,False,False,0,WEAK,-8.550000190734863,-9.670000076293944
20231110,603218,2,True,True,0,False,False,0,YELLOW,-37.349998474121094,-28.170000076293945
20231110,603219,0,False,False,1,True,False,1,YELLOW,107.80999755859376,-25.899999618530273
20231110,603220,2,True,True,1,True,False,1,YELLOW,104.1999969482422,46.41999816894531
20231110,603221,1,True,False,1,True,False,1,YELLOW,360.8800048828125,231.77999877929688
20231110,603222,0,False,False,1,False,True,0,WEAK,-58.04999923706055,-32.470001220703125
20231110,603223,2,True,True,0,False,False,0,YELLOW,7.349999904632568,3.119999885559082
20231110,603225,1,True,False,0,False,False,0,YELLOW,102.95999908447266,-13.600000381469728
20231110,603226,1,False,True,1,True,False,1,WEAK,11.520000457763672,-14.140000343322754
20231110,603227,2,True,True,0,False,False,0,YELLOW,-46.29999923706055,-18.809999465942383
20231110,603228,1,False,True,1,False,True,0,YELLOW,48.2599983215332,20.299999237060547
20231110,603229,1,True,False,2,True,True,1,YELLOW,17.690000534057617,0.1000000014901161
20231110,603230,1,True,False,1,True,False,1,OK,-19.209999084472656,-20.690000534057617
20231110,603232,2,True,True,0,False,False,0,WEAK,-7.019999980926514,29.170000076293945
20231110,603233,2,True,True,1,False,True,0,OK,-20.399999618530273,-26.760000228881836
20231110,603235,1,False,True,0,False,False,0,WEAK,33.529998779296875,23.600000381469727
20231110,603236,1,False,True,0,False,False,0,WEAK,135.25,500.0
20231110,603237,2,True,True,1,True,False,1,WEAK,-1.149999976158142,-13.529999732971191
20231110,603238,1,True,False,1,True,False,1,YELLOW,105.41000366210938,29.329999923706055
20231110,603239,1,True,False,2,True,True,1,WEAK,70.58999633789062,34.439998626708984
20231110,603255,1,False,True,0,False,False,0,WEAK,-83.30999755859375,-78.66000366210938
20231110,603256,0,False,False,1,True,False,1,WEAK,-20.6299991607666,95.5999984741211
20231110,603258,0,False,False,0,False,False,0,OK,-5.289999961853027,-50.470001220703125
20231110,603259,1,True,False,2,True,True,1,YELLOW,8.859999656677246,-13.329999923706056
20231110,603260,1,False,True,0,False,False,0,WEAK,-45.880001068115234,-32.099998474121094
20231110,603266,0,False,False,2,True,True,1,YELLOW,15.5,-4.46999979019165
20231110,603267,0,False,False,0,False,False,0,WEAK,-28.350000381469727,-49.619998931884766
20231110,603268,2,True,True,0,False,False,0,WEAK,50.36000061035156,5.769999980926514
20231110,603269,1,False,True,1,True,False,1,YELLOW,500.0,8.180000305175781
20231110,603270,1,False,True,0,,False,-1,UNKNOWN,0.0,-28.989999771118164
20231110,603275,1,False,True,0,,False,-1,UNKNOWN,0.0,-4.480000019073486
20231110,603276,0,False,False,0,,False,-1,WEAK,0.0,-60.34000015258789
20231110,603277,2,True,True,1,True,False,1,OK,68.80999755859375,15.15999984741211
20231110,603278,1,True,False,0,False,False,0,YELLOW,177.5,-412.6600036621094
20231110,603279,1,True,False,0,False,False,0,OK,5.059999942779541,-10.8100004196167
20231110,603280,0,False,False,1,True,False,1,YELLOW,-47.13999938964844,-11.149999618530272
20231110,603281,1,False,True,0,,False,-1,OK,0.2000000029802322,-12.460000038146973
20231110,603282,1,False,True,0,,False,-1,WEAK,4.78000020980835,-40.849998474121094
20231110,603283,2,True,True,1,True,False,1,OK,70.29000091552734,18.010000228881836
20231110,603286,2,True,True,2,True,True,1,YELLOW,128.0800018310547,90.75
20231110,603288,1,False,True,0,False,False,0,OK,13.34000015258789,11.140000343322754
20231110,603289,0,False,False,0,False,False,0,OK,-19.170000076293945,-53.81999969482422
20231110,603290,2,True,True,1,False,True,0,YELLOW,-18.579999923706055,-34.439998626708984
20231110,603291,1,False,True,0,,False,-1,OK,45.91999816894531,-16.65999984741211
20231110,603296,0,False,False,1,,True,-1,YELLOW,43.13999938964844,2.5
20231110,603297,0,False,False,1,False,True,0,OK,27.09000015258789,1.3600000143051147
20231110,603298,2,True,True,0,False,False,0,YELLOW,33.72999954223633,21.450000762939453
20231110,603299,1,False,True,0,False,False,0,OK,11.390000343322754,23.049999237060547
20231110,603300,1,True,False,1,True,False,1,OK,23.18000030517578,-13.010000228881836
20231110,603301,0,False,False,1,False,True,0,OK,-46.9900016784668,-20.59000015258789
20231110,603303,0,False,False,1,True,False,1,YELLOW,27.899999618530273,-3.680000066757202
20231110,603305,1,True,False,1,False,True,0,YELLOW,-23.079999923706055,-47.08000183105469
20231110,603306,2,True,True,2,True,True,1,WEAK,109.11000061035156,18.270000457763672
20231110,603307,1,False,True,0,,False,-1,YELLOW,-27.020000457763672,-46.9900016784668
20231110,603308,1,True,False,0,False,False,0,OK,29.049999237060547,11.59000015258789
20231110,603309,2,True,True,2,True,True,1,YELLOW,-0.6800000071525574,21.18000030517578
20231110,603311,1,False,True,1,True,False,1,YELLOW,-7.690000057220459,24.520000457763672
20231110,603313,1,True,False,0,False,False,0,YELLOW,262.739990234375,-225.2899932861328
20231110,603315,2,True,True,0,False,False,0,YELLOW,47.040000915527344,62.08000183105469
20231110,603316,0,False,False,1,True,False,1,WEAK,8.399999618530273,51.849998474121094
20231110,603317,1,True,False,1,True,False,1,YELLOW,23.469999313354492,38.099998474121094
20231110,603318,1,True,False,1,True,False,1,YELLOW,46.20000076293945,15.640000343322754
20231110,603319,1,True,False,1,False,True,0,YELLOW,13.640000343322754,-10.15999984741211
20231110,603320,0,False,False,1,True,False,1,YELLOW,172.8699951171875,144.47999572753906
20231110,603321,2,True,True,1,True,False,1,YELLOW,82.44999694824219,-19.760000228881836
20231110,603322,1,False,True,1,True,False,1,WEAK,204.44000244140625,159.3300018310547
20231110,603323,1,True,False,1,True,False,1,WEAK,22.06999969482422,16.6299991607666
20231110,603324,1,False,True,1,True,False,1,YELLOW,7.920000076293945,-14.550000190734863
20231110,603326,1,True,False,1,True,False,1,OK,128.52000427246094,-55.45000076293945
20231110,603327,0,False,False,2,True,True,1,YELLOW,-28.649999618530273,-49.66999816894531
20231110,603328,2,True,True,2,True,True,1,YELLOW,33.540000915527344,25.780000686645508
20231110,603329,0,False,False,1,True,False,1,WEAK,134.7899932861328,312.0299987792969
20231110,603330,1,False,True,0,False,False,0,WEAK,-74.80000305175781,-4.119999885559082
20231110,603331,2,True,True,1,True,False,1,YELLOW,-30.579999923706055,-84.13999938964844
20231110,603332,1,True,False,1,True,False,1,WEAK,161.1199951171875,324.17999267578125
20231110,603333,2,True,True,1,True,False,1,YELLOW,-500.0,-13.489999771118164
20231110,603335,0,False,False,2,True,True,1,WEAK,62.439998626708984,22.450000762939453
20231110,603336,0,False,False,0,False,False,0,YELLOW,-21.559999465942383,-43.22999954223633
20231110,603337,0,False,False,1,True,False,1,YELLOW,61.66999816894531,52.66999816894531
20231110,603338,1,True,False,0,False,False,0,YELLOW,22.3700008392334,19.420000076293945
20231110,603339,1,False,True,0,False,False,0,YELLOW,-32.470001220703125,-27.049999237060547
20231110,603345,2,True,True,0,False,False,0,YELLOW,21.559999465942383,-2.4600000381469727
20231110,603348,0,False,False,1,False,True,0,WEAK,500.0,100.95999908447266
20231110,603351,1,True,False,1,False,True,0,YELLOW,31.850000381469727,32.7599983215332
20231110,603353,0,False,False,1,True,False,1,YELLOW,-19.209999084472656,-31.84000015258789
20231110,603355,0,False,False,0,False,False,0,YELLOW,57.119998931884766,11.489999771118164
20231110,603356,1,False,True,1,True,False,1,WEAK,-54.11000061035156,7.710000038146973
20231110,603357,1,True,False,1,True,False,1,YELLOW,-29.43000030517578,-18.280000686645508
20231110,603358,1,False,True,2,True,True,1,YELLOW,52.810001373291016,19.709999084472656
20231110,603360,0,False,False,1,True,False,1,OK,30.799999237060547,-13.359999656677246
20231110,603363,1,False,True,0,False,False,0,WEAK,-46.099998474121094,39.939998626708984
20231110,603365,2,True,True,0,False,False,0,OK,20.34000015258789,-13.75
20231110,603366,1,True,False,0,False,False,0,YELLOW,-283.55999755859375,-90.22000122070312
20231110,603367,2,True,True,1,False,True,0,YELLOW,-4.96999979019165,-2.490000009536743
20231110,603368,1,True,False,2,True,True,1,YELLOW,14.9399995803833,5.199999809265137
20231110,603369,2,True,True,1,True,False,1,OK,22.079999923706055,16.59000015258789
20231110,603379,1,False,True,0,False,False,0,WEAK,500.0,222.66000366210935
20231110,603380,0,False,False,2,True,True,1,WEAK,500.0,80.33000183105469
20231110,603383,2,True,True,0,False,False,0,OK,-28.34000015258789,-15.850000381469728
20231110,603385,0,False,False,0,False,False,0,WEAK,178.99000549316406,144.61000061035156
20231110,603386,0,False,False,2,True,True,1,YELLOW,-300.04998779296875,-145.4600067138672
20231110,603387,1,False,True,1,False,True,0,OK,-17.709999084472656,-24.809999465942383
20231110,603390,1,True,False,2,True,True,1,YELLOW,37.41999816894531,430.3800048828125
20231110,603392,1,False,True,1,False,True,0,OK,-95.9000015258789,-97.5500030517578
20231110,603393,1,False,True,1,True,False,1,OK,125.4000015258789,31.229999542236328
20231110,603396,2,True,True,0,False,False,0,OK,18.36000061035156,10.270000457763672
20231110,603399,1,False,True,0,False,False,0,WEAK,23.170000076293945,85.29000091552734
20231110,603408,0,False,False,1,True,False,1,YELLOW,324.7099914550781,37.84000015258789
20231110,603416,0,False,False,1,True,False,1,WEAK,23.450000762939453,23.920000076293945
20231110,603421,0,False,False,0,False,False,0,OK,-76.23999786376953,-156.7100067138672
20231110,603439,2,True,True,2,True,True,1,OK,4.949999809265137,22.15999984741211
20231110,603444,0,False,False,0,False,False,0,OK,-29.450000762939453,-25.540000915527344
20231110,603456,1,True,False,1,False,True,0,YELLOW,-14.68000030517578,-35.040000915527344
20231110,603458,1,False,True,0,False,False,0,WEAK,-221.1300048828125,-357.0899963378906
20231110,603466,1,True,False,1,True,False,1,YELLOW,-135.9600067138672,-169.77000427246094
20231110,603477,0,False,False,1,True,False,1,WEAK,36.77000045776367,194.36000061035156
20231110,603486,1,False,True,0,False,False,0,OK,0.2599999904632568,1.690000057220459
20231110,603488,1,False,True,1,True,False,1,YELLOW,-66.36000061035156,-147.7899932861328
20231110,603489,1,False,True,0,False,False,0,WEAK,-58.150001525878906,-59.439998626708984
20231110,603496,1,False,True,1,True,False,1,WEAK,148.47999572753906,262.79998779296875
20231110,603499,1,True,False,1,True,False,1,YELLOW,20.3700008392334,500.0
20231110,603500,2,True,True,0,False,False,0,YELLOW,22.86000061035156,-27.850000381469727
20231110,603501,0,False,False,2,True,True,1,WEAK,500.0,500.0
20231110,603505,2,True,True,1,True,False,1,YELLOW,83.44000244140625,2.0399999618530273
20231110,603506,0,False,False,1,True,False,1,WEAK,-24.030000686645508,-7.480000019073486
20231110,603507,2,True,True,1,True,False,1,YELLOW,41.04999923706055,32.84000015258789
20231110,603508,1,True,False,1,True,False,1,YELLOW,10.670000076293944,36.72999954223633
20231110,603511,1,True,False,0,False,False,0,OK,-17.719999313354492,-46.79999923706055
20231110,603515,2,True,True,0,False,False,0,YELLOW,36.41999816894531,-11.050000190734863
20231110,603516,1,False,True,1,True,False,1,WEAK,130.47999572753906,500.0
20231110,603518,1,True,False,0,False,False,0,OK,12.170000076293944,-14.06999969482422
20231110,603519,1,False,True,1,True,False,1,YELLOW,37.279998779296875,25.229999542236328
20231110,603520,1,True,False,2,True,True,1,WEAK,31.850000381469727,-84.05999755859375
20231110,603527,1,False,True,0,False,False,0,YELLOW,-28.459999084472656,-10.130000114440918
20231110,603528,0,False,False,1,True,False,1,YELLOW,-196.0500030517578,43.349998474121094
20231110,603529,2,True,True,1,False,True,0,YELLOW,-3.900000095367432,-0.0299999993294477
20231110,603530,1,True,False,1,True,False,1,YELLOW,383.05999755859375,135.16000366210938
20231110,603533,0,False,False,1,True,False,1,WEAK,-500.0,-301.2900085449219
20231110,603535,2,True,True,1,True,False,1,YELLOW,65.43000030517578,3.5899999141693115
20231110,603536,1,True,False,0,False,False,0,WEAK,72.20999908447266,6.510000228881836
20231110,603538,0,False,False,2,True,True,1,WEAK,72.62999725341797,-1.149999976158142
20231110,603551,1,True,False,0,False,False,0,YELLOW,0.1000000014901161,-10.670000076293944
20231110,603556,2,True,True,1,True,False,1,OK,31.780000686645508,24.459999084472656
20231110,603558,0,False,False,1,True,False,1,YELLOW,164.7100067138672,28.1200008392334
20231110,603565,1,False,True,0,False,False,0,WEAK,-17.020000457763672,-20.06999969482422
20231110,603566,2,True,True,0,False,False,0,OK,-56.11000061035156,-47.18000030517578
20231110,603567,0,False,False,1,False,True,0,WEAK,27.63999938964844,500.0
20231110,603568,2,True,True,1,True,False,1,YELLOW,39.689998626708984,33.16999816894531
20231110,603569,1,True,False,1,True,False,1,YELLOW,69.41000366210938,-9.710000038146973
20231110,603577,1,False,True,1,True,False,1,YELLOW,500.0,333.17999267578125
20231110,603578,2,True,True,0,False,False,0,YELLOW,-47.84000015258789,-75.05000305175781
20231110,603579,1,True,False,0,False,False,0,YELLOW,136.0399932861328,-5.539999961853027
20231110,603583,0,False,False,1,True,False,1,YELLOW,500.0,56.720001220703125
20231110,603585,0,False,False,1,True,False,1,WEAK,-115.2699966430664,-80.25
20231110,603586,0,False,False,2,True,True,1,YELLOW,-56.06999969482422,-43.83000183105469
20231110,603587,1,True,False,0,False,False,0,OK,-32.33000183105469,-32.439998626708984
20231110,603588,1,True,False,0,False,False,0,YELLOW,-9.529999732971191,-19.0
20231110,603589,1,True,False,0,False,False,0,OK,10.81999969482422,-4.889999866485596
20231110,603590,1,True,False,2,True,True,1,OK,74.62999725341797,-23.43000030517578
20231110,603596,2,True,True,1,False,True,0,YELLOW,21.260000228881836,30.850000381469727
20231110,603598,1,True,False,1,True,False,1,YELLOW,21.81999969482422,-27.799999237060547
20231110,603599,0,False,False,0,False,False,0,WEAK,-55.060001373291016,-56.439998626708984
20231110,603600,1,True,False,1,True,False,1,YELLOW,21.600000381469727,14.850000381469728
20231110,603601,1,False,True,1,True,False,1,WEAK,-12.510000228881836,-37.209999084472656
20231110,603602,1,True,False,1,True,False,1,YELLOW,57.79999923706055,-39.38999938964844
20231110,603605,2,True,True,0,False,False,0,OK,47.5,33.810001373291016
20231110,603606,2,True,True,1,True,False,1,YELLOW,-22.170000076293945,-0.959999978542328
20231110,603607,1,False,True,1,True,False,1,OK,-18.790000915527344,28.420000076293945
20231110,603608,1,True,False,1,True,False,1,WEAK,54.310001373291016,-25.450000762939453
20231110,603609,0,False,False,1,True,False,1,YELLOW,-222.6199951171875,500.0
20231110,603610,2,True,True,1,True,False,1,OK,495.8399963378906,-22.239999771118164
20231110,603611,1,True,False,0,False,False,0,YELLOW,28.790000915527344,-0.1899999976158142
20231110,603612,1,False,True,0,False,False,0,WEAK,122.9800033569336,140.8699951171875
20231110,603613,1,True,False,0,False,False,0,YELLOW,-6.809999942779541,7.840000152587891
20231110,603615,1,True,False,1,True,False,1,YELLOW,-261.79998779296875,-500.0
20231110,603616,2,True,True,1,True,False,1,WEAK,44.36000061035156,23.36000061035156
20231110,603617,1,False,True,0,False,False,0,WEAK,29.31999969482422,153.05999755859375
20231110,603618,2,True,True,1,True,False,1,YELLOW,2.4000000953674316,0.6899999976158142
20231110,603619,2,True,True,1,True,False,1,OK,-19.030000686645508,-5.820000171661377
20231110,603626,1,False,True,2,True,True,1,WEAK,12.239999771118164,-41.130001068115234
20231110,603628,2,True,True,0,False,False,0,YELLOW,-80.1500015258789,-30.030000686645508
20231110,603629,1,False,True,2,True,True,1,YELLOW,447.75,167.77000427246094
20231110,603630,2,True,True,1,True,False,1,WEAK,-22.1299991607666,-27.399999618530273
20231110,603633,2,True,True,2,True,True,1,YELLOW,12.539999961853027,1.8600000143051147
20231110,603636,1,False,True,0,False,False,0,WEAK,-176.60000610351562,-108.93000030517578
20231110,603637,0,False,False,1,True,False,1,YELLOW,-20.989999771118164,-1.919999957084656
20231110,603638,2,True,True,0,False,False,0,OK,8.420000076293945,28.559999465942383
20231110,603639,0,False,False,0,False,False,0,YELLOW,-34.900001525878906,-62.290000915527344
20231110,603648,2,True,True,1,True,False,1,YELLOW,-10.0600004196167,-5.889999866485596
20231110,603650,1,True,False,1,True,False,1,YELLOW,4.050000190734863,8.180000305175781
20231110,603655,1,True,False,1,False,True,0,WEAK,148.41000366210938,105.4800033569336
20231110,603656,1,True,False,1,True,False,1,OK,47.20000076293945,65.80000305175781
20231110,603657,1,False,True,0,False,False,0,WEAK,-125.95999908447266,-93.05999755859376
20231110,603658,1,True,False,1,False,True,0,YELLOW,33.150001525878906,6.690000057220459
20231110,603659,0,False,False,0,False,False,0,WEAK,-38.25,-26.479999542236328
20231110,603660,1,True,False,1,True,False,1,WEAK,-123.98999786376952,-10.75
20231110,603661,2,True,True,0,False,False,0,YELLOW,33.959999084472656,-21.899999618530273
20231110,603662,1,True,False,1,True,False,1,YELLOW,21.290000915527344,3.6700000762939458
20231110,603663,0,False,False,0,False,False,0,YELLOW,-59.119998931884766,-14.140000343322754
20231110,603665,0,False,False,0,False,False,0,WEAK,-32.72999954223633,-225.3999938964844
20231110,603666,1,False,True,0,False,False,0,WEAK,-500.0,15.800000190734863
20231110,603667,1,False,True,1,True,False,1,YELLOW,14.279999732971191,-16.68000030517578
20231110,603668,1,False,True,1,True,False,1,WEAK,5.800000190734863,290.6099853515625
20231110,603669,1,False,True,2,True,True,1,WEAK,10.670000076293944,24.959999084472656
20231110,603676,1,True,False,1,False,True,0,OK,-3.0899999141693115,15.84000015258789
20231110,603677,1,False,True,1,True,False,1,YELLOW,71.5999984741211,-18.020000457763672
20231110,603678,1,False,True,0,False,False,0,YELLOW,-43.72999954223633,-23.93000030517578
20231110,603679,2,True,True,2,True,True,1,YELLOW,-114.8000030517578,-257.5899963378906
20231110,603680,2,True,True,1,True,False,1,YELLOW,88.77999877929688,43.22999954223633
20231110,603681,0,False,False,1,True,False,1,WEAK,385.3500061035156,-17.760000228881836
20231110,603682,1,True,False,0,False,False,0,WEAK,-65.70999908447266,-104.87000274658205
20231110,603683,2,True,True,1,True,False,1,YELLOW,223.1699981689453,60.099998474121094
20231110,603685,1,True,False,1,False,True,0,YELLOW,-65.30000305175781,-28.450000762939453
20231110,603686,1,False,True,1,True,False,1,YELLOW,-10.93000030517578,-38.22999954223633
20231110,603687,2,True,True,1,True,False,1,YELLOW,-14.149999618530272,2.1700000762939453
20231110,603688,2,True,True,1,True,False,1,OK,-79.73999786376953,-93.08999633789062
20231110,603689,1,True,False,1,True,False,1,YELLOW,1.5099999904632568,-5.320000171661377
20231110,603690,1,False,True,1,False,True,0,OK,8.640000343322754,19.299999237060547
20231110,603693,1,False,True,0,False,False,0,OK,42.54999923706055,4.300000190734863
20231110,603696,2,True,True,1,True,False,1,YELLOW,-1.649999976158142,-39.41999816894531
20231110,603697,0,False,False,0,False,False,0,YELLOW,-10.420000076293944,17.06999969482422
20231110,603698,2,True,True,0,False,False,0,YELLOW,-62.02000045776367,32.599998474121094
20231110,603699,1,True,False,0,False,False,0,YELLOW,91.55999755859376,29.65999984741211
20231110,603700,2,True,True,1,True,False,1,YELLOW,37.81999969482422,-66.47000122070312
20231110,603701,2,True,True,1,False,True,0,YELLOW,33.77000045776367,-87.94999694824219
20231110,603703,0,False,False,2,True,True,1,YELLOW,341.45001220703125,382.0299987792969
20231110,603706,1,True,False,1,True,False,1,YELLOW,3.660000085830689,25.25
20231110,603707,1,False,True,1,False,True,0,YELLOW,-48.119998931884766,-33.40999984741211
20231110,603708,2,True,True,0,False,False,0,YELLOW,1.0499999523162842,-18.059999465942383
20231110,603709,2,True,True,1,True,False,1,YELLOW,97.29000091552734,-85.22000122070312
20231110,603711,2,True,True,0,False,False,0,YELLOW,382.5700073242187,85.69999694824219
20231110,603712,1,True,False,1,True,False,1,OK,-60.209999084472656,-115.9800033569336
20231110,603713,0,False,False,0,False,False,0,YELLOW,37.689998626708984,18.100000381469727
20231110,603716,0,False,False,1,False,True,0,WEAK,105.37000274658205,-132.72999572753906
20231110,603717,1,False,True,1,True,False,1,WEAK,103.77999877929688,98.4800033569336
20231110,603719,1,False,True,0,False,False,0,YELLOW,-48.689998626708984,-102.58999633789062
20231110,603722,1,False,True,1,True,False,1,WEAK,-97.62999725341795,-146.72000122070312
20231110,603725,1,True,False,1,True,False,1,YELLOW,368.55999755859375,32.27000045776367
20231110,603726,2,True,True,1,True,False,1,YELLOW,129.3300018310547,43.08000183105469
20231110,603727,1,False,True,0,False,False,0,WEAK,297.6600036621094,263.8299865722656
20231110,603728,0,False,False,1,True,False,1,OK,-86.72000122070312,-45.93000030517578
20231110,603730,2,True,True,1,False,True,0,YELLOW,48.59000015258789,9.09000015258789
20231110,603733,1,False,True,0,False,False,0,WEAK,105.97000122070312,135.4600067138672
20231110,603737,2,True,True,0,False,False,0,YELLOW,-80.19999694824219,-42.81999969482422
20231110,603738,0,False,False,2,True,True,1,WEAK,30.920000076293945,3.440000057220459
20231110,603739,0,False,False,1,True,False,1,OK,-4.329999923706055,-33.400001525878906
20231110,603755,1,True,False,1,True,False,1,OK,24.549999237060547,35.380001068115234
20231110,603757,1,True,False,0,False,False,0,YELLOW,-33.349998474121094,-37.900001525878906
20231110,603758,2,True,True,2,True,True,1,YELLOW,10.220000267028809,-28.350000381469727
20231110,603759,1,True,False,1,True,False,1,OK,-4.889999866485596,-10.829999923706056
20231110,603766,0,False,False,1,False,True,0,YELLOW,60.70000076293945,19.440000534057617
20231110,603767,2,True,True,2,True,True,1,YELLOW,86.45999908447266,-22.040000915527344
20231110,603768,2,True,True,2,True,True,1,YELLOW,-45.52000045776367,-26.510000228881836
20231110,603773,2,True,True,2,True,True,1,WEAK,-393.9500122070313,-98.43000030517578
20231110,603776,0,False,False,1,False,True,0,WEAK,-218.8800048828125,-92.41000366210938
20231110,603777,0,False,False,1,True,False,1,OK,-24.90999984741211,-138.91000366210938
20231110,603778,1,False,True,1,True,False,1,YELLOW,-500.0,-500.0
20231110,603779,0,False,False,1,True,False,1,WEAK,206.0099945068359,138.30999755859375
20231110,603786,2,True,True,1,False,True,0,YELLOW,62.36000061035156,31.25
20231110,603787,1,False,True,1,False,True,0,YELLOW,-69.19000244140625,-32.75
20231110,603788,2,True,True,2,True,True,1,YELLOW,40.31999969482422,37.70000076293945
20231110,603790,0,False,False,1,True,False,1,YELLOW,40.86000061035156,10.270000457763672
20231110,603797,0,False,False,0,False,False,0,WEAK,3.0899999141693115,-6.519999980926514
20231110,603798,1,True,False,0,False,False,0,WEAK,26.34000015258789,17.790000915527344
20231110,603799,1,False,True,0,False,False,0,YELLOW,-42.970001220703125,11.5600004196167
20231110,603800,1,False,True,0,False,False,0,YELLOW,500.0,16.610000610351562
20231110,603801,2,True,True,0,False,False,0,OK,-10.039999961853027,-28.31999969482422
20231110,603803,1,False,True,1,True,False,1,WEAK,115.54000091552734,0.3600000143051147
20231110,603806,0,False,False,0,False,False,0,WEAK,49.41999816894531,-8.979999542236328
20231110,603808,1,True,False,0,False,False,0,OK,-30.989999771118164,-89.58999633789062
20231110,603809,0,False,False,2,True,True,1,WEAK,102.4499969482422,77.91000366210938
20231110,603810,0,False,False,1,True,False,1,WEAK,-347.0,-265.3800048828125
20231110,603811,2,True,True,1,False,True,0,WEAK,-20.399999618530273,-2.7799999713897705
20231110,603815,2,True,True,1,True,False,1,YELLOW,-7.570000171661377,-21.65999984741211
20231110,603816,1,True,False,0,False,False,0,YELLOW,10.289999961853027,-10.670000076293944
20231110,603817,2,True,True,0,False,False,0,OK,29.84000015258789,20.3799991607666
20231110,603818,1,False,True,0,False,False,0,WEAK,22.34000015258789,36.380001068115234
20231110,603819,0,False,False,0,False,False,0,WEAK,500.0,-500.0
20231110,603823,0,False,False,0,False,False,0,WEAK,182.02000427246097,86.5
20231110,603826,1,False,True,1,True,False,1,OK,38.779998779296875,-14.600000381469728
20231110,603829,2,True,True,1,True,False,1,YELLOW,-12.460000038146973,2.390000104904175
20231110,603833,1,True,False,0,False,False,0,OK,10.029999732971191,-19.8799991607666
20231110,603836,0,False,False,1,True,False,1,YELLOW,22.13999938964844,20.43000030517578
20231110,603839,1,False,True,1,True,False,1,OK,-200.3699951171875,-500.0
20231110,603848,2,True,True,1,True,False,1,YELLOW,15.75,-17.139999389648438
20231110,603855,1,False,True,0,False,False,0,YELLOW,2.8299999237060547,2.990000009536743
20231110,603856,1,True,False,0,False,False,0,YELLOW,8.779999732971191,10.140000343322754
20231110,603858,0,False,False,1,False,True,0,OK,-73.25,-55.15999984741211
20231110,603859,2,True,True,1,True,False,1,OK,30.0,-30.489999771118164
20231110,603860,2,True,True,1,True,False,1,OK,-259.0400085449219,-59.79999923706055
20231110,603861,2,True,True,1,True,False,1,YELLOW,205.02000427246097,179.22999572753906
20231110,603863,0,False,False,1,True,False,1,WEAK,28.88999938964844,37.150001525878906
20231110,603866,0,False,False,0,False,False,0,YELLOW,-16.540000915527344,-6.539999961853027
20231110,603867,0,False,False,0,False,False,0,YELLOW,-3.849999904632568,-10.989999771118164
20231110,603868,1,True,False,0,False,False,0,YELLOW,-40.77000045776367,-47.22999954223633
20231110,603871,1,True,False,1,True,False,1,YELLOW,51.9900016784668,44.72999954223633
20231110,603876,0,False,False,0,False,False,0,YELLOW,-80.98999786376953,-51.68000030517578
20231110,603877,2,True,True,0,False,False,0,YELLOW,-39.220001220703125,-107.2300033569336
20231110,603878,2,True,True,0,False,False,0,YELLOW,-3.3299999237060547,-38.65999984741211
20231110,603879,1,False,True,0,False,False,0,WEAK,-93.77999877929688,-9.829999923706056
20231110,603880,1,True,False,2,True,True,1,WEAK,-91.4800033569336,-266.79998779296875
20231110,603881,1,True,False,0,False,False,0,YELLOW,5.019999980926514,10.5
20231110,603882,0,False,False,2,True,True,1,WEAK,-120.83000183105467,-77.2300033569336
20231110,603883,2,True,True,1,False,True,0,OK,10.350000381469728,-5.940000057220459
20231110,603885,2,True,True,0,False,False,0,WEAK,130.9600067138672,6.199999809265137
20231110,603886,2,True,True,1,True,False,1,OK,12.510000228881836,-11.050000190734863
20231110,603887,0,False,False,1,True,False,1,WEAK,51.709999084472656,-161.5399932861328
20231110,603888,1,True,False,0,False,False,0,OK,500.0,49.16999816894531
20231110,603889,2,True,True,0,False,False,0,YELLOW,6.369999885559082,5.599999904632568
20231110,603890,1,False,True,2,True,True,1,WEAK,120.88999938964844,471.3900146484375
20231110,603893,1,False,True,1,False,True,0,WEAK,371.6700134277344,417.1400146484375
20231110,603895,1,True,False,1,True,False,1,WEAK,-39.68000030517578,-382.1700134277344
20231110,603896,2,True,True,1,False,True,0,OK,22.299999237060547,-18.149999618530273
20231110,603897,0,False,False,1,True,False,1,YELLOW,71.04000091552734,98.58000183105467
20231110,603898,0,False,False,1,True,False,1,OK,426.1000061035156,-51.060001373291016
20231110,603899,1,True,False,0,False,False,0,YELLOW,11.100000381469728,-6.840000152587891
20231110,603900,0,False,False,0,False,False,0,WEAK,-231.07000732421875,-77.95999908447266
20231110,603901,1,False,True,0,False,False,0,OK,-19.309999465942383,-53.540000915527344
20231110,603903,1,True,False,1,True,False,1,OK,500.0,-110.61000061035156
20231110,603906,1,False,True,0,False,False,0,WEAK,55.31999969482422,49.38999938964844
20231110,603908,1,False,True,0,False,False,0,YELLOW,16.8700008392334,-34.209999084472656
20231110,603909,1,True,False,0,False,False,0,WEAK,299.8699951171875,123.68000030517578
20231110,603912,0,False,False,1,True,False,1,YELLOW,123.43000030517578,-96.8000030517578
20231110,603915,0,False,False,0,False,False,0,YELLOW,-19.469999313354492,-27.3799991607666
20231110,603916,0,False,False,0,False,False,0,OK,-47.900001525878906,-48.7400016784668
20231110,603917,2,True,True,1,False,True,0,YELLOW,-60.79999923706055,-121.75
20231110,603918,1,True,False,0,False,False,0,OK,-500.0,-500.0
20231110,603919,2,True,True,1,True,False,1,OK,22.479999542236328,23.049999237060547
20231110,603920,2,True,True,1,False,True,0,YELLOW,45.900001525878906,27.86000061035156
20231110,603926,1,True,False,2,True,True,1,YELLOW,24.049999237060547,-1.5299999713897705
20231110,603927,2,True,True,0,False,False,0,OK,48.81999969482422,-21.829999923706055
20231110,603928,1,False,True,1,True,False,1,YELLOW,-15.630000114440918,-38.7400016784668
20231110,603929,2,True,True,1,True,False,1,YELLOW,260.29998779296875,92.79000091552734
20231110,603931,1,False,True,2,True,True,1,YELLOW,24.149999618530273,-9.81999969482422
20231110,603933,1,False,True,1,False,True,0,YELLOW,9.630000114440918,42.099998474121094
20231110,603936,1,False,True,1,False,True,0,YELLOW,-24.780000686645508,-61.27000045776367
20231110,603937,1,False,True,1,True,False,1,WEAK,-99.22000122070312,-112.1500015258789
20231110,603938,0,False,False,0,False,False,0,WEAK,-94.6999969482422,-79.06999969482422
20231110,603939,1,True,False,1,False,True,0,OK,24.260000228881836,13.010000228881836
20231110,603948,0,False,False,0,False,False,0,YELLOW,-38.15999984741211,-31.969999313354492
20231110,603949,1,True,False,2,True,True,1,WEAK,26.34000015258789,-14.720000267028809
20231110,603950,2,True,True,2,True,True,1,YELLOW,-24.559999465942383,-4.070000171661377
20231110,603955,2,True,True,1,True,False,1,WEAK,500.0,49.400001525878906
20231110,603956,1,True,False,1,True,False,1,WEAK,30.11000061035156,-123.8000030517578
20231110,603958,2,True,True,1,True,False,1,WEAK,128.13999938964844,-205.57000732421875
20231110,603960,1,True,False,0,False,False,0,YELLOW,-5.369999885559082,-24.3700008392334
20231110,603966,1,False,True,0,False,False,0,WEAK,3.0,-10.550000190734863
20231110,603967,0,False,False,1,True,False,1,YELLOW,29.649999618530273,12.170000076293944
20231110,603968,1,False,True,0,False,False,0,YELLOW,-159.42999267578125,-312.69000244140625
20231110,603969,2,True,True,1,True,False,1,YELLOW,22.469999313354492,44.41999816894531
20231110,603970,1,True,False,0,False,False,0,YELLOW,7.5,1.5299999713897705
20231110,603976,1,False,True,1,False,True,0,WEAK,88.95999908447266,79.27999877929688
20231110,603977,1,True,False,1,True,False,1,OK,0.5699999928474426,-8.649999618530273
20231110,603978,1,False,True,1,True,False,1,WEAK,-178.44000244140625,-72.68000030517578
20231110,603979,2,True,True,1,True,False,1,YELLOW,46.029998779296875,54.810001373291016
20231110,603980,1,True,False,1,True,False,1,WEAK,66.5999984741211,74.54000091552734
20231110,603982,1,False,True,2,True,True,1,WEAK,-26.399999618530273,2.240000009536743
20231110,603983,2,True,True,0,False,False,0,OK,40.79999923706055,44.09000015258789
20231110,603985,2,True,True,1,True,False,1,WEAK,-163.89999389648438,-261.739990234375
20231110,603986,1,False,True,1,False,True,0,WEAK,41.2599983215332,128.30999755859375
20231110,603987,0,False,False,1,False,True,0,OK,-28.06999969482422,-8.720000267028809
20231110,603988,0,False,False,1,True,False,1,WEAK,-500.0,-32.08000183105469
20231110,603989,1,False,True,1,False,True,0,YELLOW,-66.9000015258789,-32.029998779296875
20231110,603990,1,False,True,0,False,False,0,WEAK,-500.0,-153.6999969482422
20231110,603991,1,False,True,2,True,True,1,WEAK,-22.13999938964844,-13.149999618530272
20231110,603992,1,True,False,1,True,False,1,YELLOW,156.88999938964844,1.919999957084656
20231110,603993,1,False,True,0,False,False,0,WEAK,500.0,500.0
20231110,603995,0,False,False,0,False,False,0,YELLOW,32.13999938964844,59.29999923706055
20231110,603997,2,True,True,1,False,True,0,YELLOW,-75.55999755859375,-412.8900146484375
20231110,603998,2,True,True,2,True,True,1,YELLOW,9.609999656677246,33.869998931884766
20231110,603999,2,True,True,1,True,False,1,YELLOW,3.5299999713897705,-1.3899999856948853
20231110,605001,2,True,True,0,False,False,0,WEAK,63.86000061035156,111.5199966430664
20231110,605003,1,False,True,1,True,False,1,WEAK,32.5099983215332,22.36000061035156
20231110,605005,2,True,True,2,True,True,1,YELLOW,45.540000915527344,10.0
20231110,605006,1,False,True,1,True,False,1,WEAK,-500.0,-441.5299987792969
20231110,605007,1,False,True,1,True,False,1,WEAK,500.0,239.3500061035156
20231110,605008,1,False,True,1,True,False,1,WEAK,88.41999816894531,500.0
20231110,605009,1,True,False,0,False,False,0,YELLOW,15.779999732971191,-0.8100000023841858
20231110,605011,1,True,False,0,False,False,0,YELLOW,11.81999969482422,0.3799999952316284
20231110,605016,2,True,True,1,True,False,1,OK,25.799999237060547,29.600000381469727
20231110,605018,0,False,False,2,True,True,1,WEAK,500.0,65.4800033569336
20231110,605020,0,False,False,0,False,False,0,WEAK,57.11000061035156,-6.289999961853027
20231110,605028,1,False,True,1,True,False,1,YELLOW,-7.699999809265137,-17.729999542236328
20231110,605033,1,False,True,1,True,False,1,YELLOW,-43.58000183105469,-52.619998931884766
20231110,605050,1,True,False,1,True,False,1,YELLOW,-3.5299999713897705,-32.33000183105469
20231110,605055,2,True,True,1,True,False,1,YELLOW,75.44999694824219,215.72000122070312
20231110,605056,1,False,True,0,False,False,0,WEAK,-21.739999771118164,30.3700008392334
20231110,605058,1,False,True,2,True,True,1,YELLOW,0.6600000262260437,-14.890000343322754
20231110,605060,2,True,True,0,False,False,0,YELLOW,4.119999885559082,-25.420000076293945
20231110,605066,1,True,False,1,True,False,1,YELLOW,-13.40999984741211,-12.550000190734863
20231110,605068,1,False,True,2,True,True,1,WEAK,173.1300048828125,-97.36000061035156
20231110,605069,1,False,True,1,True,False,1,WEAK,269.8699951171875,102.27999877929688
20231110,605077,2,True,True,0,False,False,0,YELLOW,-16.600000381469727,-33.47999954223633
20231110,605080,1,False,True,0,False,False,0,OK,4.409999847412109,13.140000343322754
20231110,605086,2,True,True,1,True,False,1,WEAK,2.1500000953674316,1.8899999856948853
20231110,605088,1,True,False,2,True,True,1,YELLOW,155.0500030517578,3.4700000286102295
20231110,605089,2,True,True,0,False,False,0,YELLOW,-46.36000061035156,-36.790000915527344
20231110,605090,2,True,True,1,True,False,1,YELLOW,2.7100000381469727,2.2300000190734863
20231110,605098,1,True,False,1,True,False,1,OK,67.05000305175781,18.719999313354492
20231110,605099,0,False,False,0,False,False,0,YELLOW,40.380001068115234,13.65999984741211
20231110,605100,1,True,False,1,True,False,1,YELLOW,-20.5,-16.899999618530273
20231110,605108,2,True,True,1,True,False,1,WEAK,5.320000171661377,-52.5099983215332
20231110,605111,1,False,True,2,True,True,1,WEAK,31.049999237060547,61.099998474121094
20231110,605116,2,True,True,2,True,True,1,OK,87.43000030517578,44.5
20231110,605117,1,True,False,0,False,False,0,OK,-19.040000915527344,22.040000915527344
20231110,605118,0,False,False,1,True,False,1,YELLOW,23.88999938964844,1.3700000047683716
20231110,605122,1,False,True,1,True,False,1,WEAK,5.579999923706055,67.05000305175781
20231110,605123,2,True,True,0,False,False,0,YELLOW,-47.29999923706055,-36.34000015258789
20231110,605128,2,True,True,2,True,True,1,WEAK,166.41000366210938,70.23999786376953
20231110,605133,2,True,True,1,False,True,0,YELLOW,16.510000228881836,10.710000038146973
20231110,605136,1,True,False,0,False,False,0,WEAK,58.5,18.950000762939453
20231110,605138,0,False,False,0,False,False,0,YELLOW,-81.48999786376953,29.350000381469727
20231110,605151,1,True,False,2,True,True,1,YELLOW,-23.510000228881836,-52.86000061035156
20231110,605155,2,True,True,1,True,False,1,OK,29.3700008392334,17.399999618530273
20231110,605158,2,True,True,1,True,False,1,YELLOW,-14.300000190734863,-44.689998626708984
20231110,605162,1,True,False,0,False,False,0,WEAK,144.99000549316406,4.800000190734863
20231110,605166,0,False,False,1,True,False,1,YELLOW,29.6299991607666,53.93000030517578
20231110,605167,1,True,False,1,True,False,1,YELLOW,15.140000343322754,23.670000076293945
20231110,605168,2,True,True,0,False,False,0,YELLOW,-42.310001373291016,-48.790000915527344
20231110,605169,1,False,True,1,True,False,1,WEAK,-84.27999877929688,56.61000061035156
20231110,605177,2,True,True,1,False,True,0,YELLOW,-9.579999923706056,-51.43000030517578
20231110,605178,2,True,True,1,True,False,1,WEAK,21.530000686645508,-8.699999809265137
20231110,605179,1,True,False,1,True,False,1,YELLOW,240.77999877929688,13.229999542236328
20231110,605180,1,False,True,1,True,False,1,WEAK,95.26000213623048,77.5999984741211
20231110,605183,1,False,True,0,False,False,0,YELLOW,53.61000061035156,28.729999542236328
20231110,605186,0,False,False,1,True,False,1,YELLOW,-46.52000045776367,-67.88999938964844
20231110,605188,0,False,False,1,True,False,1,YELLOW,-1.919999957084656,-121.18000030517578
20231110,605189,1,False,True,1,True,False,1,WEAK,20.88999938964844,75.9800033569336
20231110,605196,2,True,True,0,False,False,0,YELLOW,103.56999969482422,-5.739999771118164
20231110,605198,2,True,True,1,True,False,1,YELLOW,51.70000076293945,3.1700000762939453
20231110,605208,1,False,True,1,True,False,1,WEAK,106.77999877929688,-132.5800018310547
20231110,605218,1,False,True,2,True,True,1,YELLOW,40.91999816894531,-57.06999969482422
20231110,605222,2,True,True,1,True,False,1,YELLOW,-37.33000183105469,-39.189998626708984
20231110,605228,1,False,True,2,True,True,1,YELLOW,364.760009765625,-20.459999084472656
20231110,605255,2,True,True,2,True,True,1,OK,14.609999656677246,-15.93000030517578
20231110,605258,0,False,False,2,True,True,1,YELLOW,106.37999725341795,112.4000015258789
20231110,605259,1,True,False,0,False,False,0,YELLOW,-16.700000762939453,-11.9399995803833
20231110,605266,1,True,False,1,False,True,0,OK,-32.31999969482422,-64.27999877929688
20231110,605268,1,True,False,0,False,False,0,YELLOW,-34.93000030517578,-8.210000038146973
20231110,605277,0,False,False,2,True,True,1,WEAK,24.219999313354492,-2.180000066757202
20231110,605286,2,True,True,1,True,False,1,YELLOW,228.3800048828125,69.23999786376953
20231110,605287,2,True,True,1,True,False,1,YELLOW,-23.31999969482422,-50.36000061035156
20231110,605288,2,True,True,1,True,False,1,YELLOW,19.229999542236328,-20.149999618530273
20231110,605289,2,True,True,1,True,False,1,WEAK,48.209999084472656,-86.77999877929688
20231110,605296,1,False,True,1,True,False,1,WEAK,105.47000122070312,332.4700012207031
20231110,605298,0,False,False,1,True,False,1,WEAK,-461.94000244140625,47.72999954223633
20231110,605299,0,False,False,0,False,False,0,YELLOW,-5.630000114440918,-27.049999237060547
20231110,605300,1,True,False,0,False,False,0,YELLOW,-20.790000915527344,-59.15999984741211
20231110,605303,2,True,True,1,True,False,1,WEAK,20.18000030517578,28.479999542236328
20231110,605305,1,False,True,1,True,False,1,OK,349.92999267578125,108.2699966430664
20231110,605318,1,False,True,1,True,False,1,YELLOW,-238.44000244140625,-279.3999938964844
20231110,605319,2,True,True,2,True,True,1,YELLOW,136.63999938964844,57.34000015258789
20231110,605333,1,False,True,2,True,True,1,WEAK,443.1400146484375,500.0
20231110,605337,1,True,False,0,False,False,0,YELLOW,1.649999976158142,-16.040000915527344
20231110,605338,1,False,True,0,False,False,0,YELLOW,87.06999969482422,19.920000076293945
20231110,605339,1,False,True,1,True,False,1,WEAK,127.94000244140624,18.3799991607666
20231110,605358,0,False,False,1,False,True,0,WEAK,-310.1199951171875,-159.3000030517578
20231110,605365,1,False,True,1,True,False,1,YELLOW,500.0,-6.940000057220459
20231110,605366,1,False,True,1,True,False,1,WEAK,-24.489999771118164,-171.8800048828125
20231110,605368,1,True,False,1,True,False,1,YELLOW,-0.2899999916553497,-10.279999732971191
20231110,605369,0,False,False,2,True,True,1,WEAK,85.7300033569336,70.41999816894531
20231110,605376,0,False,False,0,False,False,0,WEAK,208.1199951171875,500.0
20231110,605377,2,True,True,1,True,False,1,WEAK,49.95000076293945,-1.2699999809265137
20231110,605378,1,True,False,1,True,False,1,YELLOW,413.4299926757813,61.869998931884766
20231110,605388,2,True,True,1,True,False,1,WEAK,28.200000762939453,-39.720001220703125
20231110,605389,1,False,True,0,False,False,0,WEAK,29.030000686645508,24.350000381469727
20231110,605398,1,True,False,1,True,False,1,YELLOW,-14.109999656677246,-18.1200008392334
20231110,605399,0,False,False,0,False,False,0,WEAK,-53.31999969482422,-47.45000076293945
20231110,605488,1,False,True,1,True,False,1,YELLOW,85.61000061035156,24.770000457763672
20231110,605499,2,True,True,1,True,False,1,OK,37.7599983215332,77.30000305175781
20231110,605500,0,False,False,1,True,False,1,YELLOW,138.64999389648438,45.2400016784668
20231110,605507,0,False,False,1,False,True,0,WEAK,0.4799999892711639,16.8700008392334
20231110,605555,2,True,True,1,True,False,1,YELLOW,101.12999725341795,11.359999656677246
20231110,605566,0,False,False,1,True,False,1,WEAK,-16.739999771118164,-35.290000915527344
20231110,605567,1,False,True,1,True,False,1,YELLOW,-209.47999572753903,-108.88999938964844
20231110,605577,2,True,True,1,True,False,1,OK,-2.0199999809265137,-38.779998779296875
20231110,605580,1,False,True,1,True,False,1,WEAK,-10.68000030517578,-6.53000020980835
20231110,605588,1,False,True,2,True,True,1,YELLOW,-44.29999923706055,-85.87000274658203
20231110,605589,1,False,True,1,True,False,1,YELLOW,23.399999618530273,24.260000228881836
20231110,605598,2,True,True,0,False,False,0,WEAK,12.9399995803833,-23.84000015258789
20231110,605599,1,True,False,0,False,False,0,YELLOW,17.989999771118164,-3.140000104904175
20231110,688001,1,False,True,0,False,False,0,OK,-260.80999755859375,-146.22999572753906
20231110,688002,1,True,False,1,True,False,1,OK,51.720001220703125,28.299999237060547
20231110,688003,0,False,False,0,False,False,0,YELLOW,3.2200000286102295,-184.7100067138672
20231110,688004,2,True,True,1,True,False,1,WEAK,-113.44000244140624,-9.739999771118164
20231110,688005,0,False,False,0,False,False,0,WEAK,-112.88999938964844,-84.13999938964844
20231110,688006,2,True,True,0,False,False,0,YELLOW,-18.739999771118164,-51.15999984741211
20231110,688007,1,True,False,2,True,True,1,YELLOW,105.4800033569336,-48.220001220703125
20231110,688008,1,False,True,1,False,True,0,WEAK,500.0,460.8800048828125
20231110,688009,1,False,True,0,False,False,0,YELLOW,-10.289999961853027,-7.449999809265137
20231110,688010,1,False,True,2,True,True,1,WEAK,-90.56999969482422,-5.829999923706055
20231110,688011,0,False,False,1,True,False,1,WEAK,4.829999923706055,-19.940000534057617
20231110,688012,1,True,False,2,True,True,1,OK,15.399999618530272,10.880000114440918
20231110,688013,0,False,False,2,True,True,1,YELLOW,22.239999771118164,47.77000045776367
20231110,688015,0,False,False,1,True,False,1,OK,376.1099853515625,-62.61000061035156
20231110,688016,1,True,False,2,True,True,1,OK,48.90999984741211,37.369998931884766
20231110,688017,0,False,False,1,True,False,1,WEAK,-25.579999923706055,-21.020000457763672
20231110,688018,2,True,True,1,False,True,0,OK,88.55999755859375,237.9900054931641
20231110,688019,2,True,True,2,True,True,1,YELLOW,50.70000076293945,58.63999938964844
20231110,688020,1,False,True,2,True,True,1,WEAK,20.969999313354492,11.720000267028809
20231110,688021,1,True,False,1,False,True,0,WEAK,-218.66000366210935,-500.0
20231110,688023,0,False,False,0,False,False,0,WEAK,-4.989999771118164,36.060001373291016
20231110,688025,2,True,True,1,True,False,1,YELLOW,-8.010000228881836,35.81999969482422
20231110,688026,0,False,False,2,True,True,1,WEAK,142.14999389648438,330.9800109863281
20231110,688027,1,True,False,1,True,False,1,WEAK,-90.8000030517578,28.90999984741211
20231110,688028,2,True,True,1,True,False,1,WEAK,188.52999877929688,20.309999465942383
20231110,688029,2,True,True,2,True,True,1,OK,42.209999084472656,18.11000061035156
20231110,688030,1,False,True,1,True,False,1,WEAK,17.559999465942383,53.75
20231110,688031,1,False,True,0,False,False,0,WEAK,4.570000171661377,-6.539999961853027
20231110,688032,1,True,False,0,False,False,0,OK,-61.720001220703125,-39.060001373291016
20231110,688035,1,False,True,1,False,True,0,YELLOW,-44.779998779296875,-23.049999237060547
20231110,688036,2,True,True,1,False,True,0,YELLOW,342.5899963378906,-7.440000057220459
20231110,688037,2,True,True,2,True,True,1,OK,-84.9000015258789,-77.97000122070312
20231110,688038,0,False,False,0,False,False,0,WEAK,233.69000244140625,104.18000030517578
20231110,688039,0,False,False,1,True,False,1,WEAK,-32.91999816894531,25.0
20231110,688041,1,True,False,2,True,True,1,OK,42.709999084472656,76.87000274658203
20231110,688045,1,False,True,1,False,True,0,WEAK,33.81999969482422,-6.849999904632568
20231110,688046,1,True,False,1,False,True,0,WEAK,2.740000009536743,-12.0600004196167
20231110,688047,1,False,True,1,False,True,0,WEAK,15.300000190734863,-22.38999938964844
20231110,688048,1,False,True,1,False,True,0,WEAK,-138.00999450683594,-53.810001373291016
20231110,688049,1,True,False,2,True,True,1,OK,500.0,31.229999542236328
20231110,688050,2,True,True,2,True,True,1,OK,31.700000762939453,27.40999984741211
20231110,688051,1,True,False,1,True,False,1,WEAK,54.720001220703125,56.33000183105469
20231110,688052,0,False,False,1,False,True,0,WEAK,-500.0,-40.52000045776367
20231110,688055,0,False,False,2,True,True,1,WEAK,47.029998779296875,23.0
20231110,688056,1,False,True,0,False,False,0,YELLOW,-11.9399995803833,14.890000343322754
20231110,688057,1,False,True,0,False,False,0,OK,-14.949999809265137,-3.819999933242798
20231110,688058,1,True,False,1,True,False,1,WEAK,37.900001525878906,-500.0
20231110,688059,1,False,True,1,True,False,1,WEAK,-26.059999465942383,-25.8799991607666
20231110,688060,0,False,False,1,True,False,1,WEAK,-37.709999084472656,-9.039999961853027
20231110,688061,1,False,True,1,False,True,0,WEAK,-10.34000015258789,-4.820000171661377
20231110,688062,1,True,False,2,True,True,1,WEAK,10.130000114440918,-5.449999809265137
20231110,688063,1,False,True,0,False,False,0,YELLOW,-101.8499984741211,-102.08000183105467
20231110,688065,0,False,False,0,False,False,0,WEAK,124.95999908447266,31.030000686645508
20231110,688067,0,False,False,2,True,True,1,OK,314.510009765625,23.11000061035156
20231110,688068,1,False,True,2,True,True,1,YELLOW,-167.8300018310547,-500.0
20231110,688069,1,False,True,0,False,False,0,WEAK,68.38999938964844,178.77999877929688
20231110,688070,1,False,True,0,False,False,0,WEAK,-500.0,-79.30000305175781
20231110,688071,1,False,True,0,False,False,0,OK,-195.27000427246097,-500.0
20231110,688072,2,True,True,2,True,True,1,OK,-325.07000732421875,-62.720001220703125
20231110,688073,2,True,True,1,False,True,0,WEAK,-34.7400016784668,-40.18000030517578
20231110,688075,1,False,True,2,True,True,1,WEAK,134.82000732421875,-80.44999694824219
20231110,688077,0,False,False,1,True,False,1,WEAK,108.06999969482422,129.52999877929688
20231110,688078,1,True,False,0,False,False,0,OK,-7.369999885559082,-22.61000061035156
20231110,688079,1,False,True,2,True,True,1,WEAK,-200.5399932861328,-3.380000114440918
20231110,688080,2,True,True,0,False,False,0,OK,88.5,24.6200008392334
20231110,688081,1,True,False,1,True,False,1,WEAK,-500.0,-1.409999966621399
20231110,688082,2,True,True,1,False,True,0,OK,-22.36000061035156,15.84000015258789
20231110,688083,2,True,True,0,False,False,0,OK,-53.31999969482422,-37.27000045776367
20231110,688084,0,False,False,1,True,False,1,WEAK,6.690000057220459,-36.20000076293945
20231110,688085,0,False,False,1,False,True,0,WEAK,-109.62999725341795,-94.5
20231110,688087,1,False,True,0,False,False,0,WEAK,500.0,20.809999465942383
20231110,688088,2,True,True,1,True,False,1,OK,23.90999984741211,3.509999990463257
20231110,688089,0,False,False,0,False,False,0,WEAK,158.16000366210938,59.709999084472656
20231110,688090,1,False,True,1,True,False,1,YELLOW,-117.7300033569336,-214.02999877929688
20231110,688091,2,True,True,1,False,True,0,OK,-41.099998474121094,-72.38999938964844
20231110,688092,2,True,True,1,True,False,1,OK,69.91999816894531,-1.75
20231110,688093,1,True,False,1,False,True,0,YELLOW,56.34000015258789,33.560001373291016
20231110,688095,1,False,True,0,False,False,0,WEAK,21.549999237060547,3.130000114440918
20231110,688096,1,False,True,1,True,False,1,WEAK,-413.6000061035156,-268.8900146484375
20231110,688097,1,True,False,1,True,False,1,OK,-249.05999755859375,-2.2100000381469727
20231110,688098,0,False,False,1,True,False,1,YELLOW,-121.2300033569336,-152.33999633789062
20231110,688099,1,False,True,1,False,True,0,WEAK,394.2200012207031,107.62999725341795
20231110,688100,1,True,False,1,True,False,1,YELLOW,22.8700008392334,14.710000038146973
20231110,688101,0,False,False,1,True,False,1,OK,49.939998626708984,23.739999771118164
20231110,688102,2,True,True,1,True,False,1,YELLOW,13.729999542236328,30.350000381469727
20231110,688103,0,False,False,1,False,True,0,OK,-71.63999938964844,-58.88999938964844
20231110,688105,0,False,False,2,True,True,1,WEAK,78.7699966430664,78.5999984741211
20231110,688106,2,True,True,1,False,True,0,OK,-9.119999885559082,-25.920000076293945
20231110,688107,1,False,True,1,False,True,0,WEAK,-20.149999618530273,-18.309999465942383
20231110,688108,2,True,True,2,True,True,1,WEAK,12.25,41.650001525878906
20231110,688109,2,True,True,1,True,False,1,WEAK,28.219999313354492,118.0199966430664
20231110,688110,0,False,False,2,True,True,1,WEAK,-26.780000686645508,2.859999895095825
20231110,688111,1,True,False,0,False,False,0,OK,40.560001373291016,15.15999984741211
20231110,688112,2,True,True,0,False,False,0,OK,-15.619999885559082,-25.350000381469727
20231110,688113,2,True,True,1,True,False,1,WEAK,4.400000095367432,-9.869999885559082
20231110,688114,1,False,True,1,False,True,0,WEAK,-29.020000457763672,-104.55999755859376
20231110,688115,1,False,True,1,True,False,1,WEAK,106.47000122070312,99.8499984741211
20231110,688116,1,False,True,1,True,False,1,OK,59.349998474121094,24.219999313354492
20231110,688117,1,False,True,1,False,True,0,YELLOW,143.49000549316406,129.63999938964844
20231110,688118,1,False,True,1,True,False,1,WEAK,-63.36000061035156,-54.47999954223633
20231110,688119,1,False,True,1,True,False,1,YELLOW,-134.02000427246094,-220.1699981689453
20231110,688120,2,True,True,1,False,True,0,OK,2.7799999713897705,33.849998474121094
20231110,688121,1,True,False,0,False,False,0,YELLOW,48.65999984741211,-40.060001373291016
20231110,688122,0,False,False,1,True,False,1,WEAK,-52.2400016784668,4.039999961853027
20231110,688123,0,False,False,2,True,True,1,WEAK,293.3999938964844,199.7400054931641
20231110,688125,1,False,True,0,False,False,0,OK,-91.2699966430664,-140.4199981689453
20231110,688126,1,False,True,1,False,True,0,YELLOW,-500.0,-500.0
20231110,688127,2,True,True,2,True,True,1,WEAK,500.0,107.0
20231110,688128,2,True,True,0,False,False,0,YELLOW,21.63999938964844,15.109999656677246
20231110,688129,1,False,True,1,True,False,1,WEAK,275.760009765625,500.0
20231110,688130,0,False,False,1,False,True,0,WEAK,-500.0,-233.22000122070312
20231110,688131,1,False,True,2,True,True,1,WEAK,-66.81999969482422,21.040000915527344
20231110,688132,2,True,True,0,False,False,0,YELLOW,500.0,44.119998931884766
20231110,688133,1,False,True,0,False,False,0,YELLOW,-90.6999969482422,-85.43000030517578
20231110,688135,1,False,True,2,True,True,1,WEAK,-67.26000213623047,-180.88999938964844
20231110,688136,0,False,False,2,True,True,1,WEAK,180.77000427246097,130.36000061035156
20231110,688137,0,False,False,1,False,True,0,WEAK,-273.6199951171875,-500.0
20231110,688138,2,True,True,2,True,True,1,YELLOW,194.2400054931641,33.130001068115234
20231110,688139,0,False,False,1,False,True,0,OK,6.639999866485596,-5.849999904632568
20231110,688141,0,False,False,2,True,True,1,WEAK,-274.6300048828125,-40.20000076293945
20231110,688143,1,False,True,1,True,False,1,WEAK,123.20999908447266,70.4000015258789
20231110,688146,1,False,True,1,,True,-1,WEAK,4.260000228881836,8.34000015258789
20231110,688147,2,True,True,0,False,False,0,OK,-500.0,-0.7300000190734863
20231110,688148,0,False,False,0,False,False,0,WEAK,-500.0,-69.25
20231110,688150,1,False,True,2,True,True,1,OK,106.97000122070312,195.0099945068359
20231110,688151,1,False,True,1,False,True,0,WEAK,-198.3300018310547,-12.739999771118164
20231110,688152,1,False,True,0,False,False,0,WEAK,-231.3300018310547,37.439998626708984
20231110,688153,0,False,False,1,False,True,0,WEAK,77.7699966430664,-309.7200012207031
20231110,688155,2,True,True,1,True,False,1,YELLOW,252.8300018310547,500.0
20231110,688156,2,True,True,1,True,False,1,OK,88.16000366210938,-124.1500015258789
20231110,688157,1,False,True,1,True,False,1,OK,500.0,37.060001373291016
20231110,688158,1,True,False,1,True,False,1,WEAK,38.0099983215332,33.70000076293945
20231110,688159,0,False,False,1,True,False,1,WEAK,346.8399963378906,285.75
20231110,688160,1,False,True,1,True,False,1,YELLOW,-29.920000076293945,-32.779998779296875
20231110,688161,1,False,True,2,True,True,1,WEAK,-62.029998779296875,37.0
20231110,688162,1,False,True,0,False,False,0,WEAK,-22.780000686645508,57.9900016784668
20231110,688163,1,False,True,2,True,True,1,WEAK,-351.69000244140625,30.93000030517578
20231110,688165,2,True,True,1,True,False,1,WEAK,24.329999923706055,-40.11000061035156
20231110,688166,1,True,False,2,True,True,1,OK,-7.889999866485596,-7.5
20231110,688167,1,False,True,2,True,True,1,WEAK,-382.2999877929687,-355.0400085449219
20231110,688168,0,False,False,0,False,False,0,WEAK,23.8799991607666,-16.670000076293945
20231110,688169,1,True,False,1,True,False,1,OK,110.02999877929688,-5.400000095367432
20231110,688170,1,False,True,0,False,False,0,WEAK,-500.0,-123.45999908447266
20231110,688171,1,False,True,1,True,False,1,WEAK,13.539999961853027,-77.98999786376953
20231110,688172,0,False,False,1,False,True,0,WEAK,-99.29000091552734,-182.7400054931641
20231110,688173,1,False,True,1,False,True,0,WEAK,18.540000915527344,-76.91999816894531
20231110,688175,0,False,False,0,False,False,0,YELLOW,19.770000457763672,-500.0
20231110,688176,1,False,True,1,False,True,0,WEAK,-25.86000061035156,2.6500000953674316
20231110,688177,0,False,False,2,True,True,1,WEAK,27.770000457763672,3.5999999046325684
20231110,688178,1,False,True,1,True,False,1,WEAK,366.6000061035156,-66.75
20231110,688179,0,False,False,1,True,False,1,OK,-2.8399999141693115,37.43000030517578
20231110,688180,2,True,True,2,True,True,1,WEAK,45.11000061035156,30.86000061035156
20231110,688181,1,False,True,2,True,True,1,WEAK,19.049999237060547,-27.25
20231110,688182,1,False,True,1,True,False,1,WEAK,117.87999725341795,166.41000366210938
20231110,688183,1,False,True,2,True,True,1,WEAK,432.4800109863281,500.0
20231110,688185,0,False,False,1,False,True,0,WEAK,0.2199999988079071,75.80000305175781
20231110,688186,1,True,False,0,False,False,0,YELLOW,-92.30999755859376,-39.959999084472656
20231110,688187,2,True,True,0,False,False,0,YELLOW,44.849998474121094,21.86000061035156
20231110,688188,2,True,True,1,True,False,1,OK,50.43000030517578,30.969999313354492
20231110,688189,1,False,True,2,True,True,1,WEAK,10.859999656677246,-500.0
20231110,688190,1,True,False,0,False,False,0,YELLOW,4.900000095367432,16.350000381469727
20231110,688191,2,True,True,1,True,False,1,OK,53.40999984741211,14.130000114440918
20231110,688192,0,False,False,2,True,True,1,WEAK,-1.600000023841858,29.93000030517578
20231110,688193,0,False,False,2,True,True,1,WEAK,110.98999786376952,78.0199966430664
20231110,688195,0,False,False,1,False,True,0,WEAK,122.08999633789062,116.4800033569336
20231110,688196,0,False,False,0,False,False,0,YELLOW,-64.5999984741211,-50.06999969482422
20231110,688197,1,False,True,2,True,True,1,WEAK,-19.030000686645508,-22.09000015258789
20231110,688198,2,True,True,2,True,True,1,OK,-29.260000228881836,-10.850000381469728
20231110,688199,0,False,False,1,True,False,1,WEAK,63.25,56.689998626708984
20231110,688200,0,False,False,1,False,True,0,WEAK,-55.20000076293945,15.720000267028809
20231110,688202,0,False,False,1,False,True,0,WEAK,-140.77000427246094,-241.94000244140625
20231110,688203,1,True,False,1,True,False,1,YELLOW,87.52999877929688,-11.3100004196167
20231110,688205,1,False,True,0,False,False,0,WEAK,7.130000114440918,35.439998626708984
20231110,688206,1,False,True,1,True,False,1,WEAK,-500.0,-18.75
20231110,688207,1,False,True,0,False,False,0,WEAK,-500.0,-500.0
20231110,688208,2,True,True,1,True,False,1,YELLOW,70.6500015258789,65.66999816894531
20231110,688209,0,False,False,2,True,True,1,WEAK,115.76000213623048,500.0
20231110,688210,1,False,True,2,True,True,1,WEAK,283.8999938964844,171.72999572753906
20231110,688211,0,False,False,0,False,False,0,WEAK,-463.1799926757813,9.789999961853027
20231110,688212,2,True,True,2,True,True,1,OK,-101.54000091552734,-60.25
20231110,688213,2,True,True,2,True,True,1,WEAK,179.05999755859375,500.0
20231110,688215,1,True,False,1,True,False,1,YELLOW,-78.87999725341797,-55.13999938964844
20231110,688216,1,False,True,2,True,True,1,WEAK,37.439998626708984,37.880001068115234
20231110,688217,1,False,True,1,False,True,0,OK,-142.0800018310547,-92.91000366210938
20231110,688218,1,True,False,1,True,False,1,YELLOW,183.9600067138672,-102.19000244140624
20231110,688219,2,True,True,1,True,False,1,YELLOW,151.6300048828125,53.310001373291016
20231110,688220,0,False,False,1,False,True,0,WEAK,31.299999237060547,11.020000457763672
20231110,688221,1,False,True,1,False,True,0,WEAK,23.549999237060547,11.84000015258789
20231110,688222,1,False,True,2,True,True,1,WEAK,179.39999389648438,500.0
20231110,688223,1,True,False,0,False,False,0,YELLOW,-84.33999633789062,-92.12000274658205
20231110,688225,0,False,False,0,False,False,0,WEAK,-33.630001068115234,11.989999771118164
20231110,688226,2,True,True,1,True,False,1,YELLOW,221.52999877929688,30.6299991607666
20231110,688227,1,False,True,0,False,False,0,WEAK,-24.940000534057617,-1.100000023841858
20231110,688228,1,False,True,0,False,False,0,WEAK,97.26000213623048,1.850000023841858
20231110,688229,0,False,False,1,True,False,1,WEAK,25.959999084472656,18.649999618530273
20231110,688230,0,False,False,1,False,True,0,OK,363.75,68.41999816894531
20231110,688231,2,True,True,1,True,False,1,WEAK,26.38999938964844,-16.719999313354492
20231110,688232,1,False,True,0,False,False,0,WEAK,34.2599983215332,53.70000076293945
20231110,688233,0,False,False,2,True,True,1,WEAK,107.56999969482422,159.75999450683594
20231110,688234,2,True,True,1,False,True,0,WEAK,195.6999969482422,218.80999755859375
20231110,688235,2,True,True,2,True,True,1,WEAK,29.969999313354492,43.20000076293945
20231110,688236,0,False,False,2,True,True,1,WEAK,-1.4600000381469729,-72.81999969482422
20231110,688237,1,False,True,0,False,False,0,WEAK,-14.140000343322754,-36.79999923706055
20231110,688238,1,False,True,1,False,True,0,WEAK,-42.119998931884766,-155.02999877929688
20231110,688239,2,True,True,0,False,False,0,WEAK,5.329999923706055,-12.420000076293944
20231110,688244,1,False,True,0,False,False,0,WEAK,-17.530000686645508,20.780000686645508
20231110,688246,2,True,True,1,True,False,1,OK,46.65999984741211,-465.6799926757813
20231110,688247,0,False,False,1,False,True,0,WEAK,304.6600036621094,130.4499969482422
20231110,688248,2,True,True,0,False,False,0,WEAK,37.189998626708984,87.33999633789062
20231110,688249,0,False,False,1,,True,-1,WEAK,114.87000274658205,243.91000366210935
20231110,688251,1,False,True,1,True,False,1,YELLOW,-6.349999904632568,500.0
20231110,688252,0,False,False,2,True,True,1,WEAK,133.19000244140625,137.1199951171875
20231110,688253,1,False,True,2,True,True,1,OK,198.41000366210935,239.1199951171875
20231110,688255,1,False,True,0,False,False,0,YELLOW,161.82000732421875,453.8800048828125
20231110,688256,2,True,True,1,False,True,0,WEAK,13.520000457763672,9.06999969482422
20231110,688257,2,True,True,1,True,False,1,OK,23.100000381469727,4.53000020980835
20231110,688258,1,False,True,0,False,False,0,WEAK,5.309999942779541,5.789999961853027
20231110,688259,0,False,False,2,True,True,1,YELLOW,11.510000228881836,20.959999084472656
20231110,688260,1,False,True,2,True,True,1,WEAK,-7.25,-93.02999877929688
20231110,688261,1,False,True,1,False,True,0,YELLOW,-99.54000091552734,-96.37000274658205
20231110,688262,1,False,True,1,False,True,0,WEAK,-48.060001373291016,-39.88999938964844
20231110,688265,0,False,False,2,True,True,1,WEAK,-1.4500000476837158,-13.15999984741211
20231110,688266,1,True,False,2,True,True,1,WEAK,33.5099983215332,57.02000045776367
20231110,688267,1,False,True,0,False,False,0,WEAK,500.0,183.55999755859375
20231110,688268,0,False,False,2,True,True,1,YELLOW,12.4399995803833,14.15999984741211
20231110,688269,1,False,True,0,False,False,0,WEAK,-79.72000122070312,-38.54999923706055
20231110,688271,1,True,False,1,False,True,0,OK,8.520000457763672,-44.0
20231110,688272,2,True,True,1,True,False,1,WEAK,136.07000732421875,113.56999969482422
20231110,688273,1,False,True,2,True,True,1,OK,24.670000076293945,22.809999465942383
20231110,688275,1,False,True,0,False,False,0,WEAK,-227.3699951171875,37.400001525878906
20231110,688276,2,True,True,2,True,True,1,OK,228.8699951171875,-24.84000015258789
20231110,688277,1,False,True,1,False,True,0,WEAK,-0.0900000035762786,1.8700000047683716
20231110,688278,2,True,True,2,True,True,1,OK,42.900001525878906,41.34000015258789
20231110,688279,1,False,True,2,True,True,1,WEAK,51.0099983215332,86.33999633789062
20231110,688280,0,False,False,2,True,True,1,WEAK,1.2400000095367432,-10.739999771118164
20231110,688281,2,True,True,0,False,False,0,OK,28.36000061035156,14.420000076293944
20231110,688282,0,False,False,1,True,False,1,WEAK,-282.75,-55.93000030517578
20231110,688283,2,True,True,0,False,False,0,OK,-71.86000061035156,-79.70999908447266
20231110,688285,0,False,False,1,True,False,1,YELLOW,-121.95999908447266,-67.62000274658203
20231110,688286,1,False,True,1,False,True,0,WEAK,33.560001373291016,50.130001068115234
20231110,688288,2,True,True,1,True,False,1,WEAK,-1.149999976158142,11.5600004196167
20231110,688289,0,False,False,1,False,True,0,YELLOW,500.0,500.0
20231110,688290,1,False,True,0,False,False,0,YELLOW,-396.6400146484375,42.15999984741211
20231110,688291,1,False,True,1,True,False,1,OK,-40.209999084472656,10.029999732971191
20231110,688292,2,True,True,1,True,False,1,WEAK,102.31999969482422,-19.239999771118164
20231110,688293,0,False,False,2,True,True,1,OK,-23.3799991607666,-46.119998931884766
20231110,688295,0,False,False,0,False,False,0,WEAK,-86.97000122070312,-128.57000732421875
20231110,688296,1,False,True,0,False,False,0,WEAK,54.130001068115234,87.43000030517578
20231110,688297,0,False,False,0,False,False,0,YELLOW,-158.42999267578125,-140.85000610351562
20231110,688298,0,False,False,2,True,True,1,WEAK,-281.260009765625,-231.80999755859375
20231110,688299,0,False,False,1,False,True,0,YELLOW,-57.16999816894531,-90.97000122070312
20231110,688300,0,False,False,1,True,False,1,OK,99.97000122070312,57.52000045776367
20231110,688301,2,True,True,1,False,True,0,OK,6.0,-21.56999969482422
20231110,688302,1,False,True,1,False,True,0,WEAK,36.18000030517578,36.060001373291016
20231110,688303,0,False,False,0,False,False,0,WEAK,-87.83999633789062,-124.18000030517578
20231110,688305,2,True,True,0,False,False,0,OK,-13.359999656677246,26.34000015258789
20231110,688306,1,False,True,1,True,False,1,WEAK,18.559999465942383,22.899999618530273
20231110,688307,0,False,False,0,,False,-1,OK,500.0,239.1999969482422
20231110,688308,1,False,True,0,False,False,0,YELLOW,-72.43000030517578,-54.77000045776367
20231110,688309,1,True,False,0,False,False,0,OK,-93.20999908447266,-136.86000061035156
20231110,688310,1,True,False,1,True,False,1,OK,-25.1200008392334,-99.52999877929688
20231110,688311,1,True,False,1,True,False,1,WEAK,-8.039999961853027,-500.0
20231110,688312,1,False,True,1,True,False,1,OK,322.5400085449219,89.16000366210938
20231110,688313,0,False,False,1,True,False,1,WEAK,94.26000213623048,148.6199951171875
20231110,688314,0,False,False,1,False,True,0,OK,0.5699999928474426,11.630000114440918
20231110,688315,0,False,False,2,True,True,1,OK,6.849999904632568,7.260000228881836
20231110,688316,1,True,False,1,True,False,1,WEAK,80.33000183105469,45.75
20231110,688317,0,False,False,1,False,True,0,WEAK,267.9800109863281,-177.1300048828125
20231110,688318,1,True,False,0,False,False,0,OK,0.7300000190734863,-33.09000015258789
20231110,688319,0,False,False,2,True,True,1,OK,-500.0,-101.75
20231110,688320,0,False,False,1,True,False,1,WEAK,-179.9499969482422,-306.75
20231110,688321,0,False,False,2,True,True,1,YELLOW,42.540000915527344,70.58000183105469
20231110,688322,1,True,False,1,False,True,0,WEAK,50.790000915527344,57.2400016784668
20231110,688323,0,False,False,0,False,False,0,WEAK,-97.31999969482422,-315.0799865722656
20231110,688325,1,False,True,2,True,True,1,WEAK,184.1999969482422,500.0
20231110,688326,1,False,True,0,False,False,0,WEAK,-137.4499969482422,-179.1999969482422
20231110,688327,2,True,True,1,True,False,1,WEAK,-12.470000267028809,-20.6299991607666
20231110,688328,0,False,False,1,True,False,1,WEAK,-35.97999954223633,37.15999984741211
20231110,688329,0,False,False,0,False,False,0,YELLOW,-453.3599853515625,-205.2899932861328
20231110,688330,1,False,True,1,True,False,1,WEAK,-22.280000686645508,35.130001068115234
20231110,688331,0,False,False,2,True,True,1,WEAK,-4.150000095367432,-3.450000047683716
20231110,688332,2,True,True,2,True,True,1,YELLOW,24.270000457763672,26.450000762939453
20231110,688333,2,True,True,0,False,False,0,OK,55.5099983215332,-141.14999389648438
20231110,688334,1,False,True,0,,False,-1,YELLOW,47.20000076293945,20.75
20231110,688335,0,False,False,0,False,False,0,OK,-107.68000030517578,-198.27999877929688
20231110,688336,2,True,True,2,True,True,1,OK,203.6000061035156,44.459999084472656
20231110,688337,1,True,False,0,False,False,0,YELLOW,-151.3800048828125,-26.959999084472656
20231110,688338,1,True,False,1,False,True,0,OK,14.229999542236328,-4.619999885559082
20231110,688339,0,False,False,0,False,False,0,WEAK,-125.47000122070312,-14.149999618530272
20231110,688343,1,False,True,0,,False,-1,WEAK,-28.729999542236328,-33.31999969482422
20231110,688345,0,False,False,1,True,False,1,YELLOW,-489.5400085449219,-148.3300018310547
20231110,688347,1,False,True,1,,True,-1,YELLOW,-79.11000061035156,
20231110,688348,1,False,True,0,False,False,0,OK,-67.1500015258789,-10.970000267028809
20231110,688349,1,False,True,1,True,False,1,YELLOW,-41.72999954223633,-18.61000061035156
20231110,688350,1,False,True,1,True,False,1,YELLOW,13.15999984741211,-53.470001220703125
20231110,688351,1,False,True,2,True,True,1,WEAK,91.18000030517578,95.69000244140624
20231110,688352,1,False,True,1,,True,-1,WEAK,169.0500030517578,2.0
20231110,688353,0,False,False,0,False,False,0,WEAK,-500.0,-500.0
20231110,688355,1,False,True,0,False,False,0,WEAK,-37.45000076293945,242.94000244140625
20231110,688356,0,False,False,2,True,True,1,WEAK,-73.45999908447266,-73.30000305175781
20231110,688357,1,True,False,0,False,False,0,WEAK,-52.09000015258789,-58.08000183105469
20231110,688358,1,True,False,1,False,True,0,OK,-13.170000076293944,-33.86000061035156
20231110,688359,2,True,True,2,True,True,1,WEAK,111.86000061035156,6.820000171661377
20231110,688360,1,True,False,1,True,False,1,YELLOW,9.649999618530272,53.279998779296875
20231110,688361,1,False,True,1,,True,-1,OK,500.0,-500.0
20231110,688362,1,False,True,2,True,True,1,WEAK,33.279998779296875,83.94000244140625
20231110,688363,1,False,True,0,False,False,0,WEAK,53.29999923706055,-24.579999923706055
20231110,688365,1,True,False,0,False,False,0,WEAK,16.09000015258789,16.729999542236328
20231110,688366,1,True,False,2,True,True,1,OK,33.04999923706055,5.53000020980835
20231110,688367,1,False,True,1,True,False,1,YELLOW,167.27999877929688,108.97000122070312
20231110,688368,1,True,False,1,False,True,0,WEAK,60.75,70.69000244140625
20231110,688369,0,False,False,0,False,False,0,WEAK,23.68000030517578,-213.91000366210935
20231110,688370,0,False,False,0,False,False,0,WEAK,-53.540000915527344,-33.83000183105469
20231110,688371,1,False,True,1,False,True,0,WEAK,105.11000061035156,129.25
20231110,688372,1,False,True,1,False,True,0,WEAK,-120.38999938964844,-20.979999542236328
20231110,688373,0,False,False,2,True,True,1,WEAK,-62.810001373291016,-13.460000038146973
20231110,688375,1,True,False,1,True,False,1,OK,15.710000038146973,-27.25
20231110,688376,2,True,True,1,True,False,1,YELLOW,7.070000171661377,28.950000762939453
20231110,688377,2,True,True,0,False,False,0,YELLOW,-14.4399995803833,-54.349998474121094
20231110,688378,0,False,False,1,False,True,0,OK,-16.90999984741211,-15.5
20231110,688379,1,True,False,1,True,False,1,YELLOW,-3.859999895095825,131.13999938964844
20231110,688380,0,False,False,1,False,True,0,WEAK,500.0,290.260009765625
20231110,688381,0,False,False,1,False,True,0,WEAK,116.18000030517578,-4.420000076293945
20231110,688382,1,True,False,2,True,True,1,WEAK,30.579999923706055,-26.309999465942383
20231110,688383,1,False,True,0,False,False,0,WEAK,-51.27000045776367,30.5
20231110,688385,0,False,False,1,False,True,0,YELLOW,-13.93000030517578,-36.2599983215332
20231110,688386,1,True,False,1,True,False,1,OK,47.7599983215332,44.130001068115234
20231110,688387,2,True,True,1,True,False,1,WEAK,-500.0,15.9399995803833
20231110,688388,0,False,False,0,False,False,0,WEAK,-244.8999938964844,-500.0
20231110,688389,1,True,False,2,True,True,1,OK,24.600000381469727,29.11000061035156
20231110,688390,2,True,True,0,False,False,0,OK,-110.4800033569336,-103.58000183105467
20231110,688391,0,False,False,1,False,True,0,YELLOW,-77.12999725341797,-56.41999816894531
20231110,688392,0,False,False,0,False,False,0,YELLOW,-107.16999816894533,-122.8000030517578
20231110,688393,0,False,False,2,True,True,1,YELLOW,78.58999633789062,-35.849998474121094
20231110,688395,2,True,True,1,True,False,1,OK,-61.56999969482422,-43.83000183105469
20231110,688396,1,False,True,1,False,True,0,OK,-82.83000183105469,-48.90999984741211
20231110,688398,2,True,True,0,False,False,0,YELLOW,152.10000610351562,-25.899999618530273
20231110,688399,0,False,False,1,False,True,0,WEAK,143.3699951171875,91.9800033569336
20231110,688400,1,False,True,0,False,False,0,OK,-420.9299926757813,-25.6200008392334
20231110,688401,2,True,True,1,False,True,0,YELLOW,59.15999984741211,20.299999237060547
20231110,688403,2,True,True,1,False,True,0,WEAK,30.020000457763672,-26.829999923706055
20231110,688408,2,True,True,1,True,False,1,YELLOW,500.0,217.6300048828125
20231110,688409,0,False,False,1,False,True,0,YELLOW,500.0,370.9599914550781
20231110,688410,2,True,True,2,True,True,1,OK,-59.20000076293945,-70.70999908447266
20231110,688416,0,False,False,2,True,True,1,WEAK,-74.68000030517578,-10.390000343322754
20231110,688418,2,True,True,1,True,False,1,WEAK,5.010000228881836,100.51000213623048
20231110,688419,1,False,True,1,False,True,0,YELLOW,53.060001373291016,90.2300033569336
20231110,688420,1,False,True,0,False,False,0,WEAK,35.349998474121094,-24.329999923706055
20231110,688425,1,False,True,0,False,False,0,OK,-17.639999389648438,-10.68000030517578
20231110,688426,1,False,True,1,False,True,0,WEAK,-500.0,-99.63999938964844
20231110,688428,1,True,False,2,True,True,1,WEAK,34.779998779296875,42.61000061035156
20231110,688429,1,False,True,0,,False,-1,WEAK,-214.1999969482422,-471.739990234375
20231110,688432,1,False,True,1,False,True,0,YELLOW,-24.09000015258789,-5.130000114440918
20231110,688433,1,True,False,0,,False,-1,OK,32.779998779296875,-33.970001220703125
20231110,688435,1,False,True,0,,False,-1,YELLOW,-141.3699951171875,-500.0
20231110,688439,1,True,False,1,True,False,1,WEAK,4.710000038146973,-39.279998779296875
20231110,688443,1,False,True,1,,True,-1,WEAK,18.719999313354492,4.269999980926514
20231110,688448,1,False,True,1,True,False,1,WEAK,-53.4900016784668,11.84000015258789
20231110,688450,0,False,False,0,,False,-1,WEAK,-22.299999237060547,-413.6300048828125
20231110,688455,1,False,True,0,False,False,0,WEAK,3.059999942779541,1.149999976158142
20231110,688456,1,False,True,0,False,False,0,YELLOW,-37.290000915527344,20.020000457763672
20231110,688458,1,False,True,1,,True,-1,OK,-211.6000061035156,-500.0
20231110,688459,1,True,False,0,False,False,0,YELLOW,219.4900054931641,80.80999755859375
20231110,688466,2,True,True,1,True,False,1,OK,7.409999847412109,-33.25
20231110,688468,2,True,True,2,True,True,1,OK,13.5600004196167,-8.300000190734863
20231110,688469,1,False,True,1,,True,-1,WEAK,43.869998931884766,38.970001220703125
20231110,688472,1,False,True,0,,False,-1,YELLOW,-18.479999542236328,-26.559999465942383
20231110,688475,2,True,True,1,True,False,1,YELLOW,34.939998626708984,-5.409999847412109
20231110,688478,2,True,True,1,,True,-1,WEAK,0.0,-2.75
20231110,688479,0,False,False,0,,False,-1,WEAK,-36.849998474121094,-42.599998474121094
20231110,688480,2,True,True,1,True,False,1,OK,43.380001068115234,78.16000366210938
20231110,688484,1,False,True,1,,True,-1,OK,226.69000244140625,52.900001525878906
20231110,688485,0,False,False,0,,False,-1,WEAK,46.95000076293945,-93.04000091552734
20231110,688486,2,True,True,1,,True,-1,WEAK,379.5499877929687,53.630001068115234
20231110,688488,1,True,False,2,True,True,1,WEAK,-218.9199981689453,-81.37000274658203
20231110,688489,2,True,True,0,False,False,0,YELLOW,-171.9199981689453,-90.0
20231110,688498,0,False,False,1,False,True,0,WEAK,109.72000122070312,-219.4600067138672
20231110,688499,0,False,False,0,False,False,0,WEAK,-146.5,-500.0
20231110,688500,1,False,True,1,True,False,1,WEAK,1.5399999618530271,-16.59000015258789
20231110,688501,2,True,True,0,False,False,0,OK,500.0,81.30999755859375
20231110,688502,1,False,True,1,,True,-1,WEAK,-82.91000366210938,-37.02000045776367
20231110,688503,1,True,False,0,False,False,0,YELLOW,37.25,7.019999980926514
20231110,688505,2,True,True,2,True,True,1,OK,-292.19000244140625,-23.760000228881836
20231110,688506,1,False,True,2,True,True,1,WEAK,500.0,500.0
20231110,688507,1,False,True,0,,False,-1,WEAK,-27.510000228881836,-77.51000213623047
20231110,688508,0,False,False,1,False,True,0,YELLOW,41.97999954223633,63.22999954223633
20231110,688509,0,False,False,1,True,False,1,WEAK,-166.11000061035156,-37.369998931884766
20231110,688510,1,True,False,1,True,False,1,YELLOW,174.1999969482422,40.81999969482422
20231110,688511,2,True,True,1,True,False,1,WEAK,-51.93000030517578,-103.16000366210938
20231110,688512,1,False,True,1,,True,-1,WEAK,-41.16999816894531,1.1100000143051147
20231110,688513,1,True,False,2,True,True,1,YELLOW,12.4399995803833,14.920000076293944
20231110,688515,1,False,True,1,,True,-1,WEAK,-108.43000030517578,3.240000009536743
20231110,688516,2,True,True,0,False,False,0,OK,61.25,39.36000061035156
20231110,688517,1,True,False,0,False,False,0,YELLOW,132.11000061035156,31.829999923706055
20231110,688518,1,True,False,0,False,False,0,OK,-66.26000213623047,-66.26000213623047
20231110,688519,0,False,False,2,True,True,1,WEAK,157.25,129.30999755859375
20231110,688520,2,True,True,1,False,True,0,WEAK,368.260009765625,500.0
20231110,688521,0,False,False,1,False,True,0,WEAK,-178.9499969482422,-170.47000122070312
20231110,688522,1,False,True,0,,False,-1,OK,-56.099998474121094,-2.559999942779541
20231110,688523,1,False,True,0,,False,-1,WEAK,-500.0,-13.68000030517578
20231110,688525,1,False,True,1,False,True,0,WEAK,227.7599945068359,146.07000732421875
20231110,688526,2,True,True,1,True,False,1,OK,-40.560001373291016,-34.11000061035156
20231110,688528,1,False,True,1,True,False,1,WEAK,56.20000076293945,-6.130000114440918
20231110,688529,2,True,True,0,False,False,0,YELLOW,,-110.4800033569336
20231110,688531,1,True,False,0,,False,-1,OK,177.82000732421875,44.779998779296875
20231110,688533,2,True,True,2,True,True,1,YELLOW,50.970001220703125,38.0099983215332
20231110,688535,1,False,True,1,,True,-1,YELLOW,213.42999267578125,52.849998474121094
20231110,688536,1,False,True,1,False,True,0,YELLOW,-297.82000732421875,-243.02999877929688
20231110,688538,0,False,False,1,False,True,0,WEAK,-44.83000183105469,26.260000228881836
20231110,688539,1,False,True,1,,True,-1,OK,21.790000915527344,-28.15999984741211
20231110,688543,0,False,False,0,,False,-1,YELLOW,235.2100067138672,43.7400016784668
20231110,688548,1,False,True,1,,True,-1,OK,-12.4399995803833,-23.649999618530273
20231110,688549,1,False,True,1,,True,-1,YELLOW,0.0,123.23999786376952
20231110,688550,0,False,False,1,False,True,0,YELLOW,199.57000732421875,100.08000183105467
20231110,688551,2,True,True,0,False,False,0,OK,-18.899999618530273,-32.61000061035156
20231110,688552,1,False,True,0,,False,-1,WEAK,-0.3799999952316284,-376.7900085449219
20231110,688553,0,False,False,1,False,True,0,WEAK,110.52999877929688,141.80999755859375
20231110,688556,2,True,True,0,False,False,0,OK,-42.68000030517578,-86.11000061035156
20231110,688557,2,True,True,1,True,False,1,YELLOW,-337.6600036621094,-10.15999984741211
20231110,688558,0,False,False,0,False,False,0,YELLOW,-27.309999465942383,-13.729999542236328
20231110,688559,2,True,True,0,False,False,0,OK,16.889999389648438,-47.689998626708984
20231110,688560,0,False,False,0,False,False,0,WEAK,-58.290000915527344,-142.99000549316406
20231110,688561,1,True,False,0,False,False,0,WEAK,17.290000915527344,0.2399999946355819
20231110,688562,0,False,False,0,,False,-1,YELLOW,-500.0,-500.0
20231110,688563,0,False,False,0,,False,-1,OK,5.639999866485596,-24.1299991607666
20231110,688565,1,False,True,1,True,False,1,WEAK,-42.33000183105469,16.209999084472656
20231110,688566,2,True,True,2,True,True,1,OK,37.25,11.470000267028809
20231110,688567,0,False,False,0,False,False,0,WEAK,49.630001068115234,78.54000091552734
20231110,688568,2,True,True,1,True,False,1,OK,-75.31999969482422,24.940000534057617
20231110,688569,1,True,False,0,False,False,0,OK,-60.529998779296875,-54.38999938964844
20231110,688570,1,False,True,0,,False,-1,WEAK,2.4200000762939453,-18.459999084472656
20231110,688571,2,True,True,1,True,False,1,YELLOW,105.0,27.18000030517578
20231110,688573,0,False,False,0,,False,-1,WEAK,-45.58000183105469,-497.2099914550781
20231110,688575,0,False,False,2,True,True,1,WEAK,-31.290000915527344,19.010000228881836
20231110,688576,1,False,True,1,,True,-1,OK,-12.699999809265137,-18.920000076293945
20231110,688577,0,False,False,1,True,False,1,WEAK,-75.8499984741211,-42.04999923706055
20231110,688578,1,True,False,2,True,True,1,OK,500.0,165.97999572753906
20231110,688579,1,True,False,0,False,False,0,WEAK,-14.59000015258789,-8.59000015258789
20231110,688580,2,True,True,2,True,True,1,YELLOW,-27.420000076293945,-24.920000076293945
20231110,688581,1,False,True,1,,True,-1,OK,41.439998626708984,36.52000045776367
20231110,688582,1,False,True,1,,True,-1,WEAK,52.84000015258789,57.34000015258789
20231110,688585,1,True,False,1,True,False,1,YELLOW,0.3400000035762787,-0.3899999856948852
20231110,688586,1,False,True,0,False,False,0,WEAK,1.090000033378601,-34.470001220703125
20231110,688588,0,False,False,0,False,False,0,YELLOW,-142.00999450683594,188.5399932861328
20231110,688589,2,True,True,1,False,True,0,OK,5.539999961853027,-38.88999938964844
20231110,688590,2,True,True,0,False,False,0,WEAK,500.0,-26.850000381469727
20231110,688591,0,False,False,1,,True,-1,UNKNOWN,0.0,95.61000061035156
20231110,688592,1,False,True,0,,False,-1,WEAK,19.979999542236328,-56.43000030517578
20231110,688593,1,False,True,1,,True,-1,WEAK,-91.02999877929688,-91.3000030517578
20231110,688595,0,False,False,2,True,True,1,WEAK,33.70000076293945,-15.140000343322754
20231110,688596,2,True,True,1,True,False,1,YELLOW,122.29000091552734,54.66999816894531
20231110,688597,1,False,True,1,True,False,1,YELLOW,-53.709999084472656,263.0400085449219
20231110,688598,0,False,False,0,False,False,0,WEAK,-340.8500061035156,-393.5899963378906
20231110,688599,2,True,True,0,False,False,0,YELLOW,-74.1500015258789,-120.9000015258789
20231110,688600,2,True,True,0,False,False,0,OK,-500.0,-500.0
20231110,688601,1,False,True,2,True,True,1,OK,113.37999725341795,-14.920000076293944
20231110,688602,1,False,True,0,,False,-1,WEAK,-174.44000244140625,-171.58999633789062
20231110,688603,0,False,False,1,,True,-1,YELLOW,31.829999923706055,22.11000061035156
20231110,688606,1,False,True,2,True,True,1,WEAK,30.829999923706055,59.779998779296875
20231110,688607,2,True,True,2,True,True,1,OK,78.0199966430664,160.74000549316406
20231110,688608,1,False,True,2,True,True,1,YELLOW,136.75999450683594,351.54998779296875
20231110,688609,0,False,False,1,True,False,1,WEAK,-71.02999877929688,12.140000343322754
20231110,688610,1,False,True,0,,False,-1,WEAK,29.299999237060547,-52.650001525878906
20231110,688611,1,False,True,0,False,False,0,OK,-66.76000213623047,159.00999450683594
20231110,688612,1,False,True,1,,True,-1,WEAK,38.619998931884766,2.240000009536743
20231110,688613,0,False,False,1,False,True,0,OK,-77.11000061035156,-119.91999816894533
20231110,688616,2,True,True,1,True,False,1,YELLOW,281.4700012207031,35.119998931884766
20231110,688617,1,True,False,2,True,True,1,OK,51.59000015258789,41.08000183105469
20231110,688618,2,True,True,1,True,False,1,OK,40.27000045776367,-62.029998779296875
20231110,688619,1,True,False,1,True,False,1,WEAK,-22.729999542236328,-500.0
20231110,688620,0,False,False,1,,True,-1,YELLOW,-478.8299865722656,-500.0
20231110,688621,2,True,True,2,True,True,1,OK,41.68000030517578,20.190000534057617
20231110,688623,1,False,True,0,,False,-1,OK,-13.3100004196167,-43.939998626708984
20231110,688625,2,True,True,1,True,False,1,OK,21.989999771118164,20.34000015258789
20231110,688626,2,True,True,2,True,True,1,OK,12.06999969482422,-60.880001068115234
20231110,688627,1,False,True,0,,False,-1,OK,-282.7099914550781,31.399999618530273
20231110,688628,1,True,False,0,False,False,0,YELLOW,41.58000183105469,16.18000030517578
20231110,688629,0,False,False,0,,False,-1,YELLOW,-78.58999633789062,-500.0
20231110,688630,1,True,False,1,True,False,1,OK,28.469999313354492,54.939998626708984
20231110,688631,1,False,True,0,,False,-1,YELLOW,42.63999938964844,-141.27999877929688
20231110,688633,1,True,False,1,True,False,1,YELLOW,19.020000457763672,-21.020000457763672
20231110,688636,1,False,True,1,True,False,1,WEAK,-49.61000061035156,-147.36000061035156
20231110,688638,1,False,True,0,,False,-1,WEAK,-258.4100036621094,-303.55999755859375
20231110,688639,2,True,True,1,True,False,1,OK,9.699999809265137,-47.40999984741211
20231110,688651,1,False,True,0,,False,-1,WEAK,-102.93000030517578,-67.0999984741211
20231110,688655,1,False,True,1,False,True,0,YELLOW,-246.32000732421875,-209.72000122070312
20231110,688656,1,False,True,2,True,True,1,WEAK,-29.6200008392334,-25.8700008392334
20231110,688657,1,False,True,0,,False,-1,OK,0.0,-27.81999969482422
20231110,688658,0,False,False,2,True,True,1,WEAK,-22.219999313354492,45.900001525878906
20231110,688659,0,False,False,0,False,False,0,YELLOW,-53.33000183105469,153.27000427246094
20231110,688660,0,False,False,1,True,False,1,WEAK,-12.859999656677246,34.439998626708984
20231110,688661,0,False,False,1,False,True,0,WEAK,52.47999954223633,45.290000915527344
20231110,688662,0,False,False,1,False,True,0,WEAK,291.0,328.7900085449219
20231110,688663,2,True,True,0,False,False,0,YELLOW,104.5999984741211,1.3200000524520874
20231110,688665,1,True,False,0,False,False,0,OK,-55.220001220703125,-40.83000183105469
20231110,688667,1,False,True,2,True,True,1,WEAK,-116.4499969482422,-91.2699966430664
20231110,688668,1,False,True,0,False,False,0,YELLOW,-48.18000030517578,56.099998474121094
20231110,688669,1,True,False,1,True,False,1,YELLOW,-193.77999877929688,-127.61000061035156
20231110,688670,0,False,False,1,False,True,0,WEAK,-174.6999969482422,-205.36000061035156
20231110,688671,1,False,True,0,,False,-1,OK,-131.77999877929688,-272.010009765625
20231110,688676,2,True,True,1,True,False,1,YELLOW,36.630001068115234,18.88999938964844
20231110,688677,1,False,True,2,True,True,1,OK,-21.399999618530273,-19.600000381469727
20231110,688678,0,False,False,1,False,True,0,WEAK,500.0,34.130001068115234
20231110,688679,0,False,False,0,False,False,0,YELLOW,-183.5500030517578,-81.25
20231110,688680,1,False,True,0,False,False,0,WEAK,-192.0099945068359,-157.38999938964844
20231110,688681,1,True,False,1,True,False,1,YELLOW,-14.18000030517578,500.0
20231110,688682,1,False,True,1,True,False,1,WEAK,-63.63999938964844,-8.59000015258789
20231110,688683,1,False,True,2,True,True,1,WEAK,4.539999961853027,5.079999923706055
20231110,688685,1,False,True,1,True,False,1,YELLOW,-8.579999923706055,187.42999267578125
20231110,688686,0,False,False,0,False,False,0,OK,-16.649999618530273,-33.369998931884766
20231110,688687,2,True,True,2,True,True,1,WEAK,66.5,24.3799991607666
20231110,688689,0,False,False,2,True,True,1,YELLOW,113.22000122070312,-11.239999771118164
20231110,688690,0,False,False,1,False,True,0,YELLOW,126.08000183105467,27.31999969482422
20231110,688693,0,False,False,1,,True,-1,WEAK,-246.9900054931641,-430.25
20231110,688696,0,False,False,0,False,False,0,YELLOW,-80.5199966430664,-252.4600067138672
20231110,688697,1,True,False,0,False,False,0,YELLOW,-10.100000381469728,-3.740000009536743
20231110,688698,2,True,True,1,True,False,1,OK,33.33000183105469,36.400001525878906
20231110,688699,1,False,True,1,False,True,0,WEAK,61.33000183105469,85.62999725341797
20231110,688700,1,True,False,0,False,False,0,OK,-40.13999938964844,-57.34000015258789
20231110,688701,1,False,True,1,True,False,1,WEAK,54.650001525878906,24.670000076293945
20231110,688702,1,False,True,1,,True,-1,WEAK,0.0,-500.0
20231110,688707,0,False,False,0,False,False,0,WEAK,-293.44000244140625,-500.0
20231110,688711,2,True,True,1,False,True,0,YELLOW,-118.47000122070312,-112.27999877929688
20231110,688716,1,False,True,0,,False,-1,WEAK,0.0,-14.079999923706056
20231110,688718,2,True,True,0,False,False,0,OK,-42.0,-24.899999618530273
20231110,688719,1,False,True,0,,False,-1,UNKNOWN,0.0,-70.44999694824219
20231110,688722,2,True,True,0,False,False,0,OK,-71.44999694824219,-36.65999984741211
20231110,688728,0,False,False,2,True,True,1,OK,108.83999633789062,-34.52000045776367
20231110,688733,1,False,True,0,False,False,0,WEAK,-500.0,2.569999933242798
20231110,688737,2,True,True,2,True,True,1,YELLOW,500.0,-466.1199951171875
20231110,688739,0,False,False,1,False,True,0,WEAK,-41.09000015258789,-27.09000015258789
20231110,688766,0,False,False,2,True,True,1,WEAK,232.9900054931641,305.1300048828125
20231110,688767,0,False,False,2,True,True,1,WEAK,335.54998779296875,6.980000019073486
20231110,688768,1,False,True,0,False,False,0,WEAK,14.75,109.41000366210938
20231110,688772,2,True,True,1,True,False,1,YELLOW,90.18000030517578,-17.6200008392334
20231110,688776,1,False,True,1,True,False,1,WEAK,38.630001068115234,-20.290000915527344
20231110,688777,1,True,False,0,False,False,0,WEAK,76.05000305175781,15.09000015258789
20231110,688778,1,False,True,1,True,False,1,YELLOW,4.28000020980835,-7.320000171661377
20231110,688779,0,False,False,0,False,False,0,WEAK,55.849998474121094,-500.0
20231110,688786,1,False,True,1,True,False,1,OK,0.8700000047683716,-3.7100000381469727
20231110,688787,1,False,True,0,False,False,0,WEAK,84.4800033569336,95.44000244140624
20231110,688788,0,False,False,1,True,False,1,WEAK,-28.959999084472656,-5.630000114440918
20231110,688789,2,True,True,1,True,False,1,OK,33.47999954223633,29.010000228881836
20231110,688793,2,True,True,1,True,False,1,WEAK,500.0,142.1699981689453
20231110,688798,1,False,True,2,True,True,1,WEAK,118.12000274658205,161.11000061035156
20231110,688799,1,True,False,2,True,True,1,WEAK,0.2800000011920929,-9.920000076293944
20231110,688800,1,False,True,1,False,True,0,YELLOW,8.100000381469727,15.539999961853027
20231110,688819,2,True,True,0,False,False,0,YELLOW,-71.94999694824219,-25.68000030517578
20231110,688981,1,False,True,2,True,True,1,WEAK,-28.950000762939453,
20231110,689009,1,False,True,2,True,True,1,YELLOW,500.0,169.52000427246094
20231110,920000,-1,,,1,,True,-1,UNKNOWN,,
20231110,920001,-1,,,1,,True,-1,UNKNOWN,,
20231110,920006,-1,,,0,,False,-1,UNKNOWN,,
20231110,920010,-1,,,0,,False,-1,UNKNOWN,,
20231110,920014,-1,,,0,,False,-1,UNKNOWN,,
20231110,920017,-1,,,1,,True,-1,UNKNOWN,,
20231110,920021,-1,,,0,,False,-1,UNKNOWN,,
20231110,920030,-1,,,1,,True,-1,UNKNOWN,,
20231110,920033,-1,,,0,,False,-1,UNKNOWN,,
20231110,920039,-1,,,0,,False,-1,UNKNOWN,,
20231110,920046,-1,,,0,,False,-1,UNKNOWN,,
20231110,920047,-1,,,1,,True,-1,UNKNOWN,,
20231110,920057,-1,,,0,,False,-1,UNKNOWN,,
20231110,920058,-1,,,1,,True,-1,UNKNOWN,,
20231110,920062,-1,,,0,,False,-1,UNKNOWN,,
20231110,920075,-1,,,0,,False,-1,UNKNOWN,,
20231110,920077,-1,,,0,,False,-1,UNKNOWN,,
20231110,920087,-1,,,0,,False,-1,UNKNOWN,,
20231110,920089,-1,,,0,,False,-1,UNKNOWN,,
20231110,920092,-1,,,0,,False,-1,UNKNOWN,,
20231110,920110,-1,,,0,,False,-1,UNKNOWN,,
20231110,920122,-1,,,0,,False,-1,UNKNOWN,,
20231110,920139,-1,,,1,,True,-1,UNKNOWN,,
20231110,920145,-1,,,0,,False,-1,UNKNOWN,,
20231110,920146,-1,,,1,,True,-1,UNKNOWN,,
20231110,920149,-1,,,0,,False,-1,UNKNOWN,,
20231110,920152,-1,,,0,,False,-1,UNKNOWN,,
20231110,920163,-1,,,0,,False,-1,UNKNOWN,,
20231110,920167,-1,,,0,,False,-1,UNKNOWN,,
20231110,920169,-1,,,0,,False,-1,UNKNOWN,,
20231110,920171,-1,,,0,,False,-1,UNKNOWN,,
20231110,920174,-1,,,0,,False,-1,UNKNOWN,,
20231110,920175,-1,,,0,,False,-1,UNKNOWN,,
20231110,920179,-1,,,1,,True,-1,UNKNOWN,,
20231110,920184,-1,,,0,,False,-1,UNKNOWN,,
20231110,920185,-1,,,0,,False,-1,UNKNOWN,,
20231110,920190,-1,,,0,,False,-1,UNKNOWN,,
20231110,920195,-1,,,1,,True,-1,UNKNOWN,,
20231110,920198,-1,,,0,,False,-1,UNKNOWN,,
20231110,920199,-1,,,0,,False,-1,UNKNOWN,,
20231110,920204,-1,,,0,,False,-1,UNKNOWN,,
20231110,920207,-1,,,0,,False,-1,UNKNOWN,,
20231110,920208,-1,,,0,,False,-1,UNKNOWN,,
20231110,920212,-1,,,1,,True,-1,UNKNOWN,,
20231110,920221,-1,,,1,,True,-1,UNKNOWN,,
20231110,920223,-1,,,0,,False,-1,UNKNOWN,,
20231110,920225,-1,,,0,,False,-1,UNKNOWN,,
20231110,920227,-1,,,0,,False,-1,UNKNOWN,,
20231110,920230,-1,,,1,,True,-1,UNKNOWN,,
20231110,920237,-1,,,0,,False,-1,UNKNOWN,,
20231110,920239,-1,,,0,,False,-1,UNKNOWN,,
20231110,920242,-1,,,1,,True,-1,UNKNOWN,,
20231110,920245,-1,,,0,,False,-1,UNKNOWN,,
20231110,920247,-1,,,1,,True,-1,UNKNOWN,,
20231110,920249,-1,,,0,,False,-1,UNKNOWN,,
20231110,920252,-1,,,0,,False,-1,UNKNOWN,,
20231110,920260,-1,,,0,,False,-1,UNKNOWN,,
20231110,920261,-1,,,0,,False,-1,UNKNOWN,,
20231110,920262,-1,,,0,,False,-1,UNKNOWN,,
20231110,920263,-1,,,0,,False,-1,UNKNOWN,,
20231110,920266,-1,,,1,,True,-1,UNKNOWN,,
20231110,920267,-1,,,1,,True,-1,UNKNOWN,,
20231110,920270,-1,,,1,,True,-1,UNKNOWN,,
20231110,920271,-1,,,1,,True,-1,UNKNOWN,,
20231110,920273,-1,,,0,,False,-1,UNKNOWN,,
20231110,920274,-1,,,0,,False,-1,UNKNOWN,,
20231110,920275,-1,,,0,,False,-1,UNKNOWN,,
20231110,920278,-1,,,1,,True,-1,UNKNOWN,,
20231110,920299,-1,,,0,,False,-1,UNKNOWN,,
20231110,920300,-1,,,1,,True,-1,UNKNOWN,,
20231110,920304,-1,,,0,,False,-1,UNKNOWN,,
20231110,920339,-1,,,0,,False,-1,UNKNOWN,,
20231110,920344,-1,,,1,,True,-1,UNKNOWN,,
20231110,920346,-1,,,1,,True,-1,UNKNOWN,,
20231110,920351,-1,,,0,,False,-1,UNKNOWN,,
20231110,920357,-1,,,1,,True,-1,UNKNOWN,,
20231110,920367,-1,,,1,,True,-1,UNKNOWN,,
20231110,920368,-1,,,0,,False,-1,UNKNOWN,,
20231110,920370,-1,,,0,,False,-1,UNKNOWN,,
20231110,920371,-1,,,0,,False,-1,UNKNOWN,,
20231110,920374,-1,,,0,,False,-1,UNKNOWN,,
20231110,920378,-1,,,1,,True,-1,UNKNOWN,,
20231110,920392,-1,,,0,,False,-1,UNKNOWN,,
20231110,920394,-1,,,0,,False,-1,UNKNOWN,,
20231110,920395,-1,,,0,,False,-1,UNKNOWN,,
20231110,920396,-1,,,0,,False,-1,UNKNOWN,,
20231110,920402,-1,,,0,,False,-1,UNKNOWN,,
20231110,920405,-1,,,0,,False,-1,UNKNOWN,,
20231110,920407,-1,,,0,,False,-1,UNKNOWN,,
20231110,920414,-1,,,0,,False,-1,UNKNOWN,,
20231110,920415,-1,,,0,,False,-1,UNKNOWN,,
20231110,920418,-1,,,1,,True,-1,UNKNOWN,,
20231110,920419,-1,,,0,,False,-1,UNKNOWN,,
20231110,920422,-1,,,0,,False,-1,UNKNOWN,,
20231110,920425,-1,,,0,,False,-1,UNKNOWN,,
20231110,920427,-1,,,0,,False,-1,UNKNOWN,,
20231110,920429,-1,,,0,,False,-1,UNKNOWN,,
20231110,920433,-1,,,1,,True,-1,UNKNOWN,,
20231110,920436,-1,,,1,,True,-1,UNKNOWN,,
20231110,920445,-1,,,0,,False,-1,UNKNOWN,,
20231110,920454,-1,,,1,,True,-1,UNKNOWN,,
20231110,920455,-1,,,0,,False,-1,UNKNOWN,,
20231110,920469,-1,,,0,,False,-1,UNKNOWN,,
20231110,920471,-1,,,0,,False,-1,UNKNOWN,,
20231110,920475,-1,,,0,,False,-1,UNKNOWN,,
20231110,920476,-1,,,0,,False,-1,UNKNOWN,,
20231110,920478,-1,,,1,,True,-1,UNKNOWN,,
20231110,920489,-1,,,0,,False,-1,UNKNOWN,,
20231110,920491,-1,,,1,,True,-1,UNKNOWN,,
20231110,920504,-1,,,1,,True,-1,UNKNOWN,,
20231110,920505,-1,,,0,,False,-1,UNKNOWN,,
20231110,920508,-1,,,0,,False,-1,UNKNOWN,,
20231110,920509,-1,,,0,,False,-1,UNKNOWN,,
20231110,920510,-1,,,0,,False,-1,UNKNOWN,,
20231110,920519,-1,,,0,,False,-1,UNKNOWN,,
20231110,920523,-1,,,0,,False,-1,UNKNOWN,,
20231110,920526,-1,,,1,,True,-1,UNKNOWN,,
20231110,920527,-1,,,0,,False,-1,UNKNOWN,,
20231110,920533,-1,,,1,,True,-1,UNKNOWN,,
20231110,920541,-1,,,0,,False,-1,UNKNOWN,,
20231110,920553,-1,,,0,,False,-1,UNKNOWN,,
20231110,920556,-1,,,0,,False,-1,UNKNOWN,,
20231110,920564,-1,,,0,,False,-1,UNKNOWN,,
20231110,920566,-1,,,1,,True,-1,UNKNOWN,,
20231110,920571,-1,,,0,,False,-1,UNKNOWN,,
20231110,920576,-1,,,0,,False,-1,UNKNOWN,,
20231110,920578,-1,,,0,,False,-1,UNKNOWN,,
20231110,920580,-1,,,0,,False,-1,UNKNOWN,,
20231110,920592,-1,,,0,,False,-1,UNKNOWN,,
20231110,920593,-1,,,0,,False,-1,UNKNOWN,,
20231110,920599,-1,,,0,,False,-1,UNKNOWN,,
20231110,920608,-1,,,0,,False,-1,UNKNOWN,,
20231110,920627,-1,,,0,,False,-1,UNKNOWN,,
20231110,920634,-1,,,0,,False,-1,UNKNOWN,,
20231110,920639,-1,,,0,,False,-1,UNKNOWN,,
20231110,920640,-1,,,0,,False,-1,UNKNOWN,,
20231110,920641,-1,,,0,,False,-1,UNKNOWN,,
20231110,920642,-1,,,0,,False,-1,UNKNOWN,,
20231110,920651,-1,,,0,,False,-1,UNKNOWN,,
20231110,920662,-1,,,0,,False,-1,UNKNOWN,,
20231110,920663,-1,,,1,,True,-1,UNKNOWN,,
20231110,920665,-1,,,0,,False,-1,UNKNOWN,,
20231110,920670,-1,,,1,,True,-1,UNKNOWN,,
20231110,920675,-1,,,0,,False,-1,UNKNOWN,,
20231110,920682,-1,,,0,,False,-1,UNKNOWN,,
20231110,920685,-1,,,0,,False,-1,UNKNOWN,,
20231110,920689,-1,,,0,,False,-1,UNKNOWN,,
20231110,920694,-1,,,0,,False,-1,UNKNOWN,,
20231110,920699,-1,,,0,,False,-1,UNKNOWN,,
20231110,920701,-1,,,1,,True,-1,UNKNOWN,,
20231110,920717,-1,,,0,,False,-1,UNKNOWN,,
20231110,920718,-1,,,0,,False,-1,UNKNOWN,,
20231110,920719,-1,,,0,,False,-1,UNKNOWN,,
20231110,920720,-1,,,0,,False,-1,UNKNOWN,,
20231110,920725,-1,,,0,,False,-1,UNKNOWN,,
20231110,920726,-1,,,0,,False,-1,UNKNOWN,,
20231110,920729,-1,,,0,,False,-1,UNKNOWN,,
20231110,920735,-1,,,1,,True,-1,UNKNOWN,,
20231110,920748,-1,,,0,,False,-1,UNKNOWN,,
20231110,920751,-1,,,0,,False,-1,UNKNOWN,,
20231110,920753,-1,,,0,,False,-1,UNKNOWN,,
20231110,920765,-1,,,0,,False,-1,UNKNOWN,,
20231110,920768,-1,,,0,,False,-1,UNKNOWN,,
20231110,920770,-1,,,0,,False,-1,UNKNOWN,,
20231110,920779,-1,,,0,,False,-1,UNKNOWN,,
20231110,920781,-1,,,0,,False,-1,UNKNOWN,,
20231110,920786,-1,,,0,,False,-1,UNKNOWN,,
20231110,920790,-1,,,0,,False,-1,UNKNOWN,,
20231110,920792,-1,,,0,,False,-1,UNKNOWN,,
20231110,920799,-1,,,0,,False,-1,UNKNOWN,,
20231110,920802,-1,,,0,,False,-1,UNKNOWN,,
20231110,920807,-1,,,0,,False,-1,UNKNOWN,,
20231110,920808,-1,,,0,,False,-1,UNKNOWN,,
20231110,920809,-1,,,0,,False,-1,UNKNOWN,,
20231110,920810,-1,,,0,,False,-1,UNKNOWN,,
20231110,920819,-1,,,0,,False,-1,UNKNOWN,,
20231110,920821,-1,,,1,,True,-1,UNKNOWN,,
20231110,920826,-1,,,0,,False,-1,UNKNOWN,,
20231110,920832,-1,,,0,,False,-1,UNKNOWN,,
20231110,920834,-1,,,0,,False,-1,UNKNOWN,,
20231110,920837,-1,,,1,,True,-1,UNKNOWN,,
20231110,920839,-1,,,0,,False,-1,UNKNOWN,,
20231110,920855,-1,,,0,,False,-1,UNKNOWN,,
20231110,920856,-1,,,0,,False,-1,UNKNOWN,,
20231110,920857,-1,,,1,,True,-1,UNKNOWN,,
20231110,920866,-1,,,0,,False,-1,UNKNOWN,,
20231110,920870,-1,,,0,,False,-1,UNKNOWN,,
20231110,920871,-1,,,1,,True,-1,UNKNOWN,,
20231110,920873,-1,,,0,,False,-1,UNKNOWN,,
20231110,920876,-1,,,1,,True,-1,UNKNOWN,,
20231110,920879,-1,,,0,,False,-1,UNKNOWN,,
20231110,920885,-1,,,0,,False,-1,UNKNOWN,,
20231110,920892,-1,,,0,,False,-1,UNKNOWN,,
20231110,920895,-1,,,0,,False,-1,UNKNOWN,,
20231110,920896,-1,,,1,,True,-1,UNKNOWN,,
20231110,920906,-1,,,1,,True,-1,UNKNOWN,,
20231110,920914,-1,,,0,,False,-1,UNKNOWN,,
20231110,920924,-1,,,0,,False,-1,UNKNOWN,,
20231110,920925,-1,,,1,,True,-1,UNKNOWN,,
20231110,920926,-1,,,0,,False,-1,UNKNOWN,,
20231110,920932,-1,,,0,,False,-1,UNKNOWN,,
20231110,920942,-1,,,0,,False,-1,UNKNOWN,,
20231110,920943,-1,,,0,,False,-1,UNKNOWN,,
20231110,920946,-1,,,1,,True,-1,UNKNOWN,,
20231110,920950,-1,,,0,,False,-1,UNKNOWN,,
20231110,920953,-1,,,0,,False,-1,UNKNOWN,,
20231110,920957,-1,,,0,,False,-1,UNKNOWN,,
20231110,920961,-1,,,0,,False,-1,UNKNOWN,,
20231110,920964,-1,,,0,,False,-1,UNKNOWN,,
20231110,920970,-1,,,0,,False,-1,UNKNOWN,,
20231110,920971,-1,,,0,,False,-1,UNKNOWN,,
20231110,920974,-1,,,0,,False,-1,UNKNOWN,,
20231110,920976,-1,,,0,,False,-1,UNKNOWN,,
20231110,920978,-1,,,1,,True,-1,UNKNOWN,,
20231110,920981,-1,,,1,,True,-1,UNKNOWN,,
20231110,920982,-1,,,0,,False,-1,UNKNOWN,,
20231110,920985,-1,,,0,,False,-1,UNKNOWN,,
20231110,920992,-1,,,1,,True,-1,UNKNOWN,,
