t0,code,f,profit_leg,capacity_leg,m,strong_leg,trend_leg,m_rps,b_v35,t2q_yoy,t4q_yoy
20240910,000001,1,True,False,1,True,False,1,WEAK,-3.430000066757202,-3.6700000762939458
20240910,000002,0,False,False,0,False,False,0,WEAK,-500.0,-52.25
20240910,000006,0,False,False,1,True,False,1,WEAK,-94.94000244140624,78.19000244140625
20240910,000007,0,False,False,1,True,False,1,YELLOW,-41.470001220703125,-11.199999809265137
20240910,000008,0,False,False,1,True,False,1,WEAK,21.399999618530273,41.29999923706055
20240910,000009,1,False,True,0,False,False,0,YELLOW,-95.55999755859376,-35.2599983215332
20240910,000011,1,False,True,1,True,False,1,WEAK,-500.0,-360.94000244140625
20240910,000012,0,False,False,1,True,False,1,WEAK,-92.13999938964844,-96.7699966430664
20240910,000014,0,False,False,0,False,False,0,WEAK,-96.7699966430664,-134.75
20240910,000017,0,False,False,0,False,False,0,YELLOW,-17.700000762939453,271.30999755859375
20240910,000019,0,False,False,1,True,False,1,YELLOW,-6.210000038146973,35.18000030517578
20240910,000020,2,True,True,1,True,False,1,YELLOW,127.3000030517578,13.75
20240910,000021,1,True,False,0,False,False,0,YELLOW,33.77000045776367,-7.869999885559082
20240910,000025,1,True,False,1,True,False,1,WEAK,39.91999816894531,8.539999961853027
20240910,000026,0,False,False,1,True,False,1,OK,-34.11000061035156,-44.189998626708984
20240910,000027,1,False,True,0,False,False,0,YELLOW,-22.010000228881836,-5.389999866485596
20240910,000028,0,False,False,0,False,False,0,YELLOW,-62.08000183105469,-9.630000114440918
20240910,000029,2,True,True,1,True,False,1,WEAK,26.1200008392334,500.0
20240910,000030,2,True,True,0,False,False,0,YELLOW,26.850000381469727,4.170000076293945
20240910,000031,0,False,False,1,True,False,1,WEAK,-7.75,122.05999755859376
20240910,000032,1,True,False,0,False,False,0,WEAK,-87.91999816894531,-26.600000381469727
20240910,000034,2,True,True,1,True,False,1,YELLOW,-19.68000030517578,-4.070000171661377
20240910,000035,1,True,False,0,False,False,0,YELLOW,-20.170000076293945,-41.779998779296875
20240910,000036,0,False,False,1,True,False,1,WEAK,-80.37000274658203,-29.86000061035156
20240910,000037,2,True,True,0,False,False,0,WEAK,-23.6200008392334,36.709999084472656
20240910,000039,0,False,False,0,False,False,0,YELLOW,418.6700134277344,51.18000030517578
20240910,000042,0,False,False,0,False,False,0,WEAK,0.0799999982118606,131.38999938964844
20240910,000045,2,True,True,1,True,False,1,YELLOW,23.579999923706055,-28.559999465942383
20240910,000048,0,False,False,0,False,False,0,WEAK,-54.58000183105469,-2.4100000858306885
20240910,000049,1,False,True,1,True,False,1,YELLOW,-36.720001220703125,-15.289999961853027
20240910,000050,1,True,False,1,True,False,1,WEAK,41.939998626708984,75.83000183105469
20240910,000055,1,False,True,1,True,False,1,WEAK,-41.290000915527344,-87.12000274658203
20240910,000058,1,False,True,1,True,False,1,YELLOW,131.63999938964844,5.559999942779541
20240910,000059,0,False,False,0,False,False,0,WEAK,-500.0,-33.22999954223633
20240910,000060,2,True,True,1,True,False,1,YELLOW,60.380001068115234,4.710000038146973
20240910,000061,1,False,True,1,True,False,1,YELLOW,-6.739999771118164,11.56999969482422
20240910,000062,0,False,False,1,True,False,1,YELLOW,-63.66999816894531,41.68000030517578
20240910,000063,1,True,False,0,False,False,0,OK,-16.489999771118164,-17.31999969482422
20240910,000065,2,True,True,0,False,False,0,YELLOW,16.43000030517578,-42.02000045776367
20240910,000066,1,True,False,0,False,False,0,WEAK,-25.399999618530273,-0.8100000023841858
20240910,000068,1,True,False,1,True,False,1,WEAK,51.91999816894531,31.36000061035156
20240910,000069,1,True,False,0,False,False,0,WEAK,-36.779998779296875,-147.0
20240910,000070,2,True,True,0,False,False,0,WEAK,-42.2599983215332,107.5500030517578
20240910,000088,2,True,True,1,True,False,1,WEAK,108.13999938964844,4.170000076293945
20240910,000089,1,True,False,0,False,False,0,WEAK,326.30999755859375,114.19000244140624
20240910,000090,1,False,True,0,False,False,0,WEAK,-57.400001525878906,-90.05000305175781
20240910,000096,2,True,True,1,True,False,1,YELLOW,20.760000228881836,-92.11000061035156
20240910,000099,1,True,False,0,False,False,0,YELLOW,43.09000015258789,16.31999969482422
20240910,000100,1,True,False,1,True,False,1,YELLOW,-70.77999877929688,178.9600067138672
20240910,000151,0,False,False,0,False,False,0,WEAK,4.679999828338623,43.29999923706055
20240910,000153,0,False,False,1,True,False,1,YELLOW,-14.279999732971191,-29.31999969482422
20240910,000155,1,True,False,0,False,False,0,OK,-8.619999885559082,-52.880001068115234
20240910,000156,0,False,False,1,True,False,1,OK,-29.780000686645508,18.6200008392334
20240910,000157,1,False,True,0,False,False,0,YELLOW,-5.699999809265137,30.079999923706055
20240910,000158,1,False,True,1,True,False,1,WEAK,-119.43000030517578,60.54999923706055
20240910,000159,1,False,True,1,True,False,1,YELLOW,-28.940000534057617,20.780000686645508
20240910,000166,1,False,True,1,True,False,1,WEAK,15.630000114440918,104.31999969482422
20240910,000301,0,False,False,1,True,False,1,YELLOW,-500.0,166.2100067138672
20240910,000333,2,True,True,1,True,False,1,YELLOW,8.390000343322754,30.0
20240910,000338,1,True,False,0,False,False,0,YELLOW,30.290000915527344,-6.039999961853027
20240910,000400,2,True,True,1,True,False,1,YELLOW,22.190000534057617,1.1299999952316284
20240910,000401,0,False,False,1,True,False,1,WEAK,33.459999084472656,71.87999725341797
20240910,000402,0,False,False,0,False,False,0,WEAK,-381.7099914550781,56.02000045776367
20240910,000403,1,True,False,0,False,False,0,OK,21.010000228881836,-27.6299991607666
20240910,000404,1,True,False,1,True,False,1,YELLOW,35.220001220703125,1.3799999952316284
20240910,000407,1,True,False,1,True,False,1,YELLOW,-20.219999313354492,19.540000915527344
20240910,000408,0,False,False,1,True,False,1,WEAK,-28.760000228881836,41.54999923706055
20240910,000409,1,True,False,0,False,False,0,OK,25.040000915527344,-32.439998626708984
20240910,000410,1,False,True,1,True,False,1,WEAK,10.029999732971191,56.970001220703125
20240910,000411,2,True,True,1,True,False,1,YELLOW,25.739999771118164,-1.2599999904632568
20240910,000415,2,True,True,0,False,False,0,OK,-91.91999816894533,-500.0
20240910,000417,1,True,False,1,True,False,1,YELLOW,19.459999084472656,-64.77999877929688
20240910,000419,0,False,False,1,True,False,1,YELLOW,-13.029999732971191,-6.400000095367432
20240910,000420,1,True,False,0,False,False,0,YELLOW,76.87999725341797,-39.84000015258789
20240910,000421,0,False,False,1,True,False,1,WEAK,145.6199951171875,258.8399963378906
20240910,000422,2,True,True,1,True,False,1,WEAK,-10.760000228881836,-25.309999465942383
20240910,000423,2,True,True,0,False,False,0,OK,33.16999816894531,12.579999923706056
20240910,000425,0,False,False,0,False,False,0,YELLOW,28.13999938964844,35.56999969482422
20240910,000426,2,True,True,0,False,False,0,OK,50.22999954223633,-10.420000076293944
20240910,000428,2,True,True,1,True,False,1,WEAK,6.449999809265137,-32.08000183105469
20240910,000429,1,False,True,1,True,False,1,OK,-3.549999952316284,-9.59000015258789
20240910,000498,0,False,False,1,True,False,1,YELLOW,6.900000095367432,9.34000015258789
20240910,000501,1,True,False,1,True,False,1,OK,66.83000183105469,21.450000762939453
20240910,000503,1,True,False,1,True,False,1,WEAK,-31.020000457763672,-26.09000015258789
20240910,000505,0,False,False,1,True,False,1,YELLOW,-86.58000183105469,26.010000228881836
20240910,000506,2,True,True,1,True,False,1,WEAK,23.86000061035156,126.43000030517578
20240910,000507,0,False,False,1,True,False,1,YELLOW,5.230000019073486,-8.15999984741211
20240910,000509,2,True,True,1,True,False,1,YELLOW,53.70000076293945,-500.0
20240910,000510,0,False,False,1,True,False,1,WEAK,62.36000061035156,-11.40999984741211
20240910,000513,1,True,False,1,True,False,1,OK,5.199999809265137,8.90999984741211
20240910,000514,1,False,True,1,True,False,1,WEAK,-269.8999938964844,38.189998626708984
20240910,000516,1,True,False,0,False,False,0,WEAK,42.5,-36.09000015258789
20240910,000517,0,False,False,0,False,False,0,WEAK,-500.0,-97.52999877929688
20240910,000519,0,False,False,0,False,False,0,YELLOW,-145.08999633789062,-192.72000122070312
20240910,000520,1,False,True,0,False,False,0,WEAK,-458.1600036621094,105.62000274658205
20240910,000521,2,True,True,1,True,False,1,YELLOW,-7.869999885559082,-9.59000015258789
20240910,000523,1,True,False,0,False,False,0,YELLOW,85.20999908447266,15.9399995803833
20240910,000524,1,True,False,1,True,False,1,YELLOW,1.1699999570846558,24.770000457763672
20240910,000525,1,True,False,1,True,False,1,WEAK,-23.739999771118164,-500.0
20240910,000526,1,True,False,0,False,False,0,YELLOW,16.25,39.04999923706055
20240910,000528,1,True,False,0,False,False,0,YELLOW,100.0999984741211,27.010000228881836
20240910,000529,1,False,True,0,False,False,0,WEAK,-50.380001068115234,9.9399995803833
20240910,000530,2,True,True,1,True,False,1,YELLOW,107.9000015258789,10.119999885559082
20240910,000531,0,False,False,0,False,False,0,YELLOW,-57.7599983215332,133.75999450683594
20240910,000532,1,True,False,0,False,False,0,YELLOW,128.38999938964844,36.529998779296875
20240910,000533,2,True,True,1,True,False,1,YELLOW,25.84000015258789,23.65999984741211
20240910,000534,2,True,True,0,False,False,0,OK,54.119998931884766,29.280000686645508
20240910,000536,2,True,True,1,True,False,1,WEAK,29.280000686645508,16.030000686645508
20240910,000537,1,False,True,0,False,False,0,OK,-1.590000033378601,32.9900016784668
20240910,000538,1,True,False,1,True,False,1,YELLOW,20.18000030517578,10.399999618530272
20240910,000539,2,True,True,0,False,False,0,YELLOW,-14.859999656677246,-102.47000122070312
20240910,000541,1,False,True,1,True,False,1,YELLOW,-64.43000030517578,-40.689998626708984
20240910,000543,2,True,True,1,True,False,1,YELLOW,59.380001068115234,1.0
20240910,000544,1,True,False,0,False,False,0,WEAK,36.79999923706055,6.449999809265137
20240910,000545,2,True,True,1,True,False,1,WEAK,-46.880001068115234,-500.0
20240910,000546,1,True,False,1,True,False,1,YELLOW,58.04999923706055,-80.75
20240910,000547,0,False,False,1,True,False,1,WEAK,14.609999656677246,-1.5499999523162842
20240910,000548,1,True,False,1,True,False,1,WEAK,-39.65999984741211,-38.84000015258789
20240910,000550,2,True,True,1,True,False,1,YELLOW,36.279998779296875,-33.439998626708984
20240910,000551,2,True,True,1,True,False,1,YELLOW,77.80999755859375,12.34000015258789
20240910,000552,1,False,True,0,False,False,0,WEAK,-32.9900016784668,-125.52999877929688
20240910,000553,0,False,False,0,False,False,0,WEAK,-63.369998931884766,84.19000244140625
20240910,000554,2,True,True,1,True,False,1,YELLOW,169.27000427246094,149.86000061035156
20240910,000555,1,False,True,0,False,False,0,WEAK,-341.6000061035156,-18.100000381469727
20240910,000557,2,True,True,1,True,False,1,YELLOW,10.220000267028809,-17.920000076293945
20240910,000558,2,True,True,1,True,False,1,WEAK,43.099998474121094,70.55000305175781
20240910,000559,2,True,True,1,True,False,1,YELLOW,21.260000228881836,0.7599999904632568
20240910,000560,1,True,False,1,True,False,1,YELLOW,105.51000213623048,213.88999938964844
20240910,000561,1,False,True,1,True,False,1,WEAK,-500.0,-63.79999923706055
20240910,000563,1,True,False,1,True,False,1,WEAK,19.8799991607666,7.099999904632568
20240910,000564,2,True,True,0,False,False,0,WEAK,51.09000015258789,54.7400016784668
20240910,000565,1,True,False,1,True,False,1,YELLOW,127.66000366210938,-25.350000381469727
20240910,000566,0,False,False,1,True,False,1,WEAK,-191.25,-17.979999542236328
20240910,000567,2,True,True,0,False,False,0,WEAK,-58.66999816894531,-62.13999938964844
20240910,000568,1,True,False,0,False,False,0,OK,1.8899999856948853,-4.300000190734863
20240910,000570,1,True,False,1,True,False,1,YELLOW,211.57000732421875,-5.929999828338623
20240910,000571,0,False,False,1,True,False,1,WEAK,6.449999809265137,-265.92999267578125
20240910,000572,0,False,False,1,True,False,1,WEAK,-25.739999771118164,41.11000061035156
20240910,000573,0,False,False,1,True,False,1,WEAK,16.770000457763672,-107.33999633789062
20240910,000576,0,False,False,1,True,False,1,WEAK,101.66999816894533,-92.23999786376952
20240910,000581,1,True,False,1,True,False,1,YELLOW,-1.1399999856948853,-32.790000915527344
20240910,000582,0,False,False,1,True,False,1,YELLOW,-15.579999923706056,28.729999542236328
20240910,000586,0,False,False,1,True,False,1,WEAK,-181.9900054931641,217.6999969482422
20240910,000589,1,True,False,0,False,False,0,YELLOW,-27.61000061035156,-42.400001525878906
20240910,000590,0,False,False,1,True,False,1,WEAK,-500.0,7.119999885559082
20240910,000591,1,False,True,0,False,False,0,YELLOW,-22.309999465942383,-21.020000457763672
20240910,000592,2,True,True,1,True,False,1,YELLOW,76.30000305175781,-41.0099983215332
20240910,000593,0,False,False,1,True,False,1,YELLOW,104.54000091552734,-8.899999618530273
20240910,000596,1,True,False,0,False,False,0,OK,21.399999618530273,2.4200000762939453
20240910,000597,1,True,False,1,True,False,1,YELLOW,18.969999313354492,-14.539999961853027
20240910,000598,2,True,True,0,False,False,0,OK,8.819999694824219,4.929999828338623
20240910,000599,2,True,True,1,True,False,1,WEAK,-31.479999542236328,-205.3999938964844
20240910,000600,2,True,True,0,False,False,0,YELLOW,500.0,182.5
20240910,000601,2,True,True,1,True,False,1,YELLOW,126.8499984741211,-65.52999877929688
20240910,000603,2,True,True,0,False,False,0,WEAK,85.73999786376953,-4.75
20240910,000605,2,True,True,1,True,False,1,YELLOW,-27.239999771118164,-71.20999908447266
20240910,000607,2,True,True,1,True,False,1,YELLOW,-238.52000427246097,-500.0
20240910,000612,2,True,True,0,False,False,0,YELLOW,4.619999885559082,42.290000915527344
20240910,000617,1,False,True,0,False,False,0,WEAK,-10.850000381469728,-16.989999771118164
20240910,000619,0,False,False,1,True,False,1,WEAK,-173.19000244140625,-84.38999938964844
20240910,000620,1,True,False,0,False,False,0,WEAK,76.41999816894531,-500.0
20240910,000623,1,False,True,1,True,False,1,WEAK,19.760000228881836,43.68000030517578
20240910,000625,1,False,True,0,False,False,0,WEAK,-31.59000015258789,26.36000061035156
20240910,000626,1,True,False,1,True,False,1,WEAK,21.1200008392334,-229.3500061035156
20240910,000628,0,False,False,0,False,False,0,YELLOW,-91.95999908447266,28.260000228881836
20240910,000629,1,False,True,0,False,False,0,WEAK,-75.87000274658203,-256.6400146484375
20240910,000630,2,True,True,0,False,False,0,YELLOW,43.95000076293945,-35.189998626708984
20240910,000631,1,False,True,1,True,False,1,WEAK,-85.4800033569336,35.209999084472656
20240910,000633,2,True,True,1,True,False,1,YELLOW,101.93000030517578,57.40999984741211
20240910,000635,1,True,False,1,True,False,1,WEAK,29.81999969482422,-25.6299991607666
20240910,000636,1,True,False,1,True,False,1,YELLOW,130.42999267578125,-22.40999984741211
20240910,000637,0,False,False,1,True,False,1,WEAK,-42.59000015258789,14.329999923706056
20240910,000650,1,False,True,0,False,False,0,OK,-24.729999542236328,-17.8799991607666
20240910,000651,1,True,False,1,True,False,1,YELLOW,9.1899995803833,0.5899999737739563
20240910,000652,0,False,False,1,True,False,1,YELLOW,-51.88999938964844,12.130000114440918
20240910,000655,1,False,True,1,True,False,1,YELLOW,-25.770000457763672,70.91000366210938
20240910,000657,0,False,False,0,False,False,0,YELLOW,-51.380001068115234,310.5400085449219
20240910,000659,0,False,False,1,True,False,1,WEAK,11.789999961853027,-83.88999938964844
20240910,000661,0,False,False,0,False,False,0,WEAK,-37.31999969482422,-40.54999923706055
20240910,000663,0,False,False,1,True,False,1,WEAK,-154.5399932861328,18.469999313354492
20240910,000665,0,False,False,0,False,False,0,WEAK,-21.049999237060547,-13.59000015258789
20240910,000670,2,True,True,1,True,False,1,WEAK,-4.789999961853027,-39.20000076293945
20240910,000672,0,False,False,1,True,False,1,WEAK,-25.260000228881836,33.470001220703125
20240910,000676,0,False,False,0,False,False,0,YELLOW,-32.22999954223633,72.08000183105469
20240910,000678,1,True,False,1,True,False,1,WEAK,15.210000038146973,-13.43000030517578
20240910,000679,1,False,True,1,True,False,1,WEAK,-23.690000534057617,-55.95000076293945
20240910,000680,2,True,True,0,False,False,0,YELLOW,40.540000915527344,36.47999954223633
20240910,000681,1,True,False,0,False,False,0,WEAK,3.799999952316284,-15.029999732971191
20240910,000682,2,True,True,1,True,False,1,OK,37.689998626708984,24.8799991607666
20240910,000683,1,True,False,0,False,False,0,OK,-14.170000076293944,-38.4900016784668
20240910,000685,0,False,False,1,True,False,1,YELLOW,30.059999465942383,36.04999923706055
20240910,000686,0,False,False,1,True,False,1,WEAK,36.529998779296875,257.3500061035156
20240910,000688,2,True,True,0,False,False,0,YELLOW,-238.6300048828125,-415.0799865722656
20240910,000690,1,True,False,0,False,False,0,YELLOW,-15.739999771118164,33.90999984741211
20240910,000692,2,True,True,1,True,False,1,WEAK,37.88999938964844,51.40999984741211
20240910,000695,2,True,True,1,True,False,1,YELLOW,12.84000015258789,-500.0
20240910,000697,2,True,True,0,False,False,0,WEAK,-1.6399999856948853,31.329999923706055
20240910,000700,1,True,False,1,True,False,1,YELLOW,13.68000030517578,-26.1200008392334
20240910,000701,1,True,False,0,False,False,0,WEAK,14.18000030517578,-25.170000076293945
20240910,000702,2,True,True,0,False,False,0,WEAK,40.06999969482422,52.25
20240910,000703,1,True,False,0,False,False,0,YELLOW,-62.22999954223633,-35.20000076293945
20240910,000705,1,False,True,1,True,False,1,YELLOW,-65.3499984741211,-20.31999969482422
20240910,000707,1,True,False,1,True,False,1,WEAK,-56.63999938964844,-104.31999969482422
20240910,000708,0,False,False,0,False,False,0,YELLOW,-5.480000019073486,3.7699999809265137
20240910,000709,0,False,False,0,False,False,0,YELLOW,-63.66999816894531,63.709999084472656
20240910,000710,2,True,True,1,True,False,1,YELLOW,53.88999938964844,-401.260009765625
20240910,000712,2,True,True,1,True,False,1,WEAK,80.87000274658203,-121.80999755859376
20240910,000713,1,False,True,1,True,False,1,WEAK,93.66000366210938,-14.329999923706056
20240910,000715,1,False,True,1,True,False,1,OK,-36.36000061035156,30.290000915527344
20240910,000716,1,False,True,1,True,False,1,YELLOW,97.11000061035156,-140.1999969482422
20240910,000717,1,False,True,1,True,False,1,WEAK,-436.8200073242187,92.4000015258789
20240910,000718,0,False,False,1,True,False,1,YELLOW,-49.63999938964844,-45.43000030517578
20240910,000719,1,False,True,1,True,False,1,OK,12.109999656677246,54.81999969482422
20240910,000720,1,True,False,1,True,False,1,WEAK,-37.38999938964844,102.08999633789062
20240910,000721,0,False,False,0,False,False,0,WEAK,-8.850000381469727,7.75
20240910,000722,2,True,True,0,False,False,0,WEAK,107.91000366210938,-10.65999984741211
20240910,000723,0,False,False,0,False,False,0,WEAK,-500.0,2.109999895095825
20240910,000725,1,True,False,1,True,False,1,YELLOW,500.0,41.45000076293945
20240910,000726,1,True,False,0,False,False,0,YELLOW,24.90999984741211,-14.449999809265137
20240910,000727,1,False,True,1,True,False,1,YELLOW,-89.83000183105469,-500.0
20240910,000728,1,True,False,1,True,False,1,WEAK,31.510000228881836,41.33000183105469
20240910,000729,2,True,True,1,True,False,1,OK,108.02999877929688,39.90999984741211
20240910,000731,1,False,True,1,True,False,1,WEAK,-35.650001525878906,-107.9800033569336
20240910,000733,1,False,True,0,False,False,0,WEAK,-67.19000244140625,-24.100000381469727
20240910,000735,1,True,False,1,True,False,1,YELLOW,185.97999572753903,-96.8499984741211
20240910,000737,2,True,True,0,False,False,0,YELLOW,-3.559999942779541,6.989999771118164
20240910,000738,1,True,False,1,True,False,1,OK,5.389999866485596,-33.349998474121094
20240910,000739,1,True,False,1,True,False,1,YELLOW,-4.090000152587891,-13.59000015258789
20240910,000750,1,False,True,1,True,False,1,WEAK,26.229999542236328,158.41000366210938
20240910,000751,1,True,False,1,True,False,1,YELLOW,-74.54000091552734,158.47999572753906
20240910,000753,0,False,False,0,False,False,0,YELLOW,500.0,97.0500030517578
20240910,000755,0,False,False,1,True,False,1,YELLOW,3.900000095367432,1.7200000286102295
20240910,000756,0,False,False,1,True,False,1,YELLOW,-2.930000066757202,-15.4399995803833
20240910,000757,1,True,False,1,True,False,1,WEAK,65.75,245.07000732421875
20240910,000758,1,True,False,0,False,False,0,WEAK,8.449999809265137,32.79999923706055
20240910,000759,0,False,False,1,True,False,1,WEAK,-43.47999954223633,-49.630001068115234
20240910,000761,0,False,False,0,False,False,0,WEAK,-152.52000427246094,10.5600004196167
20240910,000762,2,True,True,1,True,False,1,WEAK,-41.75,-123.87999725341795
20240910,000766,1,False,True,0,False,False,0,OK,63.040000915527344,125.06999969482422
20240910,000767,1,False,True,1,True,False,1,WEAK,84.69999694824219,135.64999389648438
20240910,000768,2,True,True,1,True,False,1,YELLOW,13.779999732971191,4.880000114440918
20240910,000776,2,True,True,1,True,False,1,WEAK,36.9900016784668,44.5099983215332
20240910,000777,2,True,True,0,False,False,0,YELLOW,9.350000381469728,-3.4000000953674316
20240910,000778,0,False,False,1,True,False,1,YELLOW,-118.12000274658205,29.59000015258789
20240910,000779,0,False,False,1,True,False,1,YELLOW,-9.079999923706056,6.610000133514404
20240910,000782,1,True,False,1,True,False,1,WEAK,54.2400016784668,-269.5
20240910,000783,0,False,False,1,True,False,1,WEAK,20.420000076293945,123.27999877929688
20240910,000785,0,False,False,0,False,False,0,WEAK,-27.6200008392334,-46.029998779296875
20240910,000786,2,True,True,0,False,False,0,OK,1.7999999523162842,-12.350000381469728
20240910,000788,1,True,False,1,True,False,1,WEAK,221.0500030517578,13.5
20240910,000789,0,False,False,1,True,False,1,YELLOW,-116.7300033569336,103.22000122070312
20240910,000790,1,False,True,1,True,False,1,YELLOW,-143.94000244140625,-500.0
20240910,000791,1,True,False,0,False,False,0,WEAK,38.36000061035156,190.41000366210935
20240910,000792,1,False,True,0,False,False,0,WEAK,-49.560001373291016,16.239999771118164
20240910,000795,2,True,True,1,True,False,1,YELLOW,69.61000061035156,-16.049999237060547
20240910,000796,2,True,True,0,False,False,0,WEAK,75.63999938964844,-28.63999938964844
20240910,000797,1,True,False,1,True,False,1,WEAK,-48.40999984741211,-144.52999877929688
20240910,000798,2,True,True,1,True,False,1,YELLOW,30.84000015258789,24.790000915527344
20240910,000799,0,False,False,0,False,False,0,WEAK,-98.75,-92.79000091552734
20240910,000800,1,True,False,1,True,False,1,YELLOW,-500.0,-232.67999267578125
20240910,000801,1,False,True,0,False,False,0,YELLOW,7.809999942779541,10.93000030517578
20240910,000802,1,False,True,0,False,False,0,WEAK,18.670000076293945,-500.0
20240910,000803,0,False,False,0,False,False,0,WEAK,119.0999984741211,500.0
20240910,000807,2,True,True,0,False,False,0,YELLOW,8.34000015258789,15.399999618530272
20240910,000809,2,True,True,1,True,False,1,WEAK,8.960000038146973,28.270000457763672
20240910,000810,0,False,False,1,True,False,1,YELLOW,-63.849998474121094,-69.51000213623047
20240910,000811,0,False,False,0,False,False,0,YELLOW,-8.210000038146973,-18.3799991607666
20240910,000812,2,True,True,1,True,False,1,YELLOW,-6.329999923706055,-58.02000045776367
20240910,000813,2,True,True,1,True,False,1,OK,64.51000213623047,-500.0
20240910,000815,1,True,False,1,True,False,1,WEAK,-79.04000091552734,500.0
20240910,000816,2,True,True,1,True,False,1,YELLOW,40.880001068115234,-103.6999969482422
20240910,000818,1,False,True,0,False,False,0,YELLOW,-500.0,-115.12999725341795
20240910,000819,1,False,True,1,True,False,1,YELLOW,-43.849998474121094,-161.24000549316406
20240910,000822,0,False,False,0,False,False,0,YELLOW,-103.8499984741211,-240.6999969482422
20240910,000823,1,True,False,1,True,False,1,YELLOW,5.429999828338623,69.54000091552734
20240910,000825,1,True,False,1,True,False,1,YELLOW,28.63999938964844,500.0
20240910,000828,1,False,True,1,True,False,1,WEAK,34.630001068115234,66.26000213623047
20240910,000829,1,False,True,0,False,False,0,YELLOW,-500.0,-500.0
20240910,000830,1,True,False,0,False,False,0,YELLOW,126.9000015258789,-43.02000045776367
20240910,000831,1,False,True,1,True,False,1,WEAK,-158.64999389648438,160.6999969482422
20240910,000833,2,True,True,1,True,False,1,YELLOW,340.04998779296875,67.9000015258789
20240910,000837,2,True,True,0,False,False,0,YELLOW,-30.299999237060547,23.899999618530273
20240910,000839,1,False,True,0,False,False,0,YELLOW,-34.11000061035156,-156.58999633789062
20240910,000848,1,False,True,0,False,False,0,YELLOW,3.650000095367432,-11.699999809265137
20240910,000850,1,True,False,1,True,False,1,YELLOW,112.06999969482422,-57.470001220703125
20240910,000852,1,False,True,1,True,False,1,YELLOW,47.209999084472656,-69.37000274658203
20240910,000856,0,False,False,1,True,False,1,YELLOW,-65.62999725341797,-27.15999984741211
20240910,000858,2,True,True,1,True,False,1,OK,5.400000095367432,-75.6500015258789
20240910,000859,1,False,True,0,False,False,0,WEAK,-73.45999908447266,-0.4699999988079071
20240910,000860,1,True,False,0,False,False,0,OK,143.0800018310547,-57.95000076293945
20240910,000862,1,True,False,0,False,False,0,OK,-47.91999816894531,39.08000183105469
20240910,000863,1,True,False,0,False,False,0,OK,54.43000030517578,-56.20000076293945
20240910,000868,1,True,False,1,True,False,1,YELLOW,75.86000061035156,120.87999725341795
20240910,000869,0,False,False,0,False,False,0,OK,-71.76000213623047,-11.65999984741211
20240910,000875,2,True,True,0,False,False,0,YELLOW,2.549999952316284,-31.5
20240910,000876,1,True,False,1,True,False,1,WEAK,113.33000183105467,153.27000427246094
20240910,000877,0,False,False,0,False,False,0,WEAK,-484.9100036621094,70.62000274658203
20240910,000878,2,True,True,0,False,False,0,YELLOW,-22.549999237060547,9.68000030517578
20240910,000880,2,True,True,1,True,False,1,YELLOW,9.350000381469728,40.2400016784668
20240910,000881,2,True,True,0,False,False,0,WEAK,46.619998931884766,13.1899995803833
20240910,000882,2,True,True,1,True,False,1,YELLOW,-298.6400146484375,-269.510009765625
20240910,000883,1,True,False,0,False,False,0,YELLOW,3.190000057220459,-37.52000045776367
20240910,000885,0,False,False,1,True,False,1,OK,4.929999828338623,14.81999969482422
20240910,000886,1,True,False,1,True,False,1,WEAK,239.3999938964844,-236.2400054931641
20240910,000887,1,True,False,1,True,False,1,YELLOW,10.0600004196167,21.530000686645508
20240910,000888,0,False,False,1,True,False,1,WEAK,2.180000066757202,-9.649999618530272
20240910,000889,1,True,False,0,False,False,0,WEAK,33.93000030517578,-36.7599983215332
20240910,000890,0,False,False,1,True,False,1,WEAK,61.310001373291016,-8.710000038146973
20240910,000892,2,True,True,1,True,False,1,WEAK,34.5099983215332,-244.05999755859375
20240910,000893,0,False,False,0,False,False,0,WEAK,-30.0,219.47999572753903
20240910,000895,0,False,False,1,True,False,1,YELLOW,1.7100000381469729,-0.7099999785423279
20240910,000897,0,False,False,1,True,False,1,WEAK,-3.4000000953674316,-99.19000244140624
20240910,000898,0,False,False,0,False,False,0,WEAK,-117.25,53.900001525878906
20240910,000899,2,True,True,0,False,False,0,YELLOW,33.13999938964844,31.84000015258789
20240910,000900,0,False,False,1,True,False,1,WEAK,-36.4900016784668,15.779999732971191
20240910,000901,0,False,False,1,True,False,1,YELLOW,93.16000366210938,-500.0
20240910,000902,2,True,True,1,True,False,1,YELLOW,6.75,28.149999618530273
20240910,000905,1,False,True,1,True,False,1,YELLOW,-84.36000061035156,119.66999816894533
20240910,000906,0,False,False,0,False,False,0,YELLOW,-120.04000091552734,-180.72000122070312
20240910,000910,0,False,False,1,True,False,1,YELLOW,-62.97999954223633,-46.849998474121094
20240910,000912,1,False,True,1,True,False,1,WEAK,-137.1699981689453,-83.58000183105469
20240910,000913,2,True,True,1,True,False,1,YELLOW,46.189998626708984,-27.84000015258789
20240910,000915,1,True,False,0,False,False,0,YELLOW,-13.970000267028809,4.309999942779541
20240910,000917,1,True,False,0,False,False,0,YELLOW,-51.540000915527344,-35.84000015258789
20240910,000919,0,False,False,0,False,False,0,YELLOW,-42.939998626708984,-21.549999237060547
20240910,000920,2,True,True,1,True,False,1,OK,24.489999771118164,28.309999465942383
20240910,000921,2,True,True,0,False,False,0,YELLOW,10.649999618530272,6.71999979019165
20240910,000922,1,False,True,0,False,False,0,YELLOW,-28.68000030517578,-30.959999084472656
20240910,000923,1,True,False,0,False,False,0,OK,-39.09000015258789,-45.5
20240910,000925,0,False,False,0,False,False,0,WEAK,-201.8999938964844,21.229999542236328
20240910,000926,0,False,False,0,False,False,0,YELLOW,-500.0,-500.0
20240910,000927,0,False,False,1,True,False,1,YELLOW,-18.61000061035156,12.880000114440918
20240910,000928,2,True,True,0,False,False,0,YELLOW,19.010000228881836,13.010000228881836
20240910,000930,1,True,False,0,False,False,0,YELLOW,88.26000213623047,71.5
20240910,000931,2,True,True,1,True,False,1,OK,-8.079999923706055,36.34000015258789
20240910,000932,0,False,False,0,False,False,0,YELLOW,-72.0999984741211,30.850000381469727
20240910,000933,1,False,True,0,False,False,0,WEAK,-29.309999465942383,-6.789999961853027
20240910,000935,1,False,True,0,False,False,0,YELLOW,-93.5500030517578,70.13999938964844
20240910,000936,2,True,True,0,False,False,0,YELLOW,59.15999984741211,109.30999755859376
20240910,000937,0,False,False,0,False,False,0,YELLOW,-59.349998474121094,-67.27999877929688
20240910,000938,2,True,True,0,False,False,0,YELLOW,-13.0600004196167,25.100000381469727
20240910,000948,1,True,False,1,True,False,1,YELLOW,41.619998931884766,-134.0500030517578
20240910,000949,1,True,False,0,False,False,0,WEAK,448.8500061035156,-76.02999877929688
20240910,000950,0,False,False,0,False,False,0,YELLOW,-65.31999969482422,26.68000030517578
20240910,000951,1,True,False,1,True,False,1,YELLOW,27.280000686645508,7.639999866485596
20240910,000952,1,False,True,1,True,False,1,WEAK,-107.31999969482422,32.209999084472656
20240910,000953,2,True,True,1,True,False,1,YELLOW,132.35000610351562,43.029998779296875
20240910,000955,2,True,True,1,True,False,1,WEAK,50.529998779296875,72.37000274658203
20240910,000957,2,True,True,1,True,False,1,YELLOW,181.0399932861328,75.33999633789062
20240910,000958,1,False,True,0,False,False,0,YELLOW,-33.83000183105469,-13.630000114440918
20240910,000959,0,False,False,1,True,False,1,YELLOW,-58.400001525878906,150.27999877929688
20240910,000960,1,True,False,0,False,False,0,YELLOW,40.47999954223633,30.549999237060547
20240910,000962,2,True,True,1,True,False,1,YELLOW,21.920000076293945,34.93000030517578
20240910,000963,1,True,False,1,True,False,1,OK,22.479999542236328,8.399999618530273
20240910,000965,1,False,True,0,False,False,0,WEAK,-75.4000015258789,500.0
20240910,000966,1,True,False,0,False,False,0,YELLOW,102.33999633789062,-83.4000015258789
20240910,000967,1,True,False,0,False,False,0,YELLOW,12.90999984741211,-7.300000190734863
20240910,000968,1,False,True,0,False,False,0,OK,-20.8700008392334,0.7599999904632568
20240910,000969,1,False,True,1,True,False,1,YELLOW,5.789999961853027,19.100000381469727
20240910,000970,0,False,False,1,True,False,1,WEAK,-107.87999725341795,135.89999389648438
20240910,000973,2,True,True,1,True,False,1,YELLOW,153.47999572753906,14.75
20240910,000975,1,True,False,1,True,False,1,YELLOW,56.849998474121094,41.869998931884766
20240910,000977,2,True,True,0,False,False,0,WEAK,67.58999633789062,59.2599983215332
20240910,000978,1,False,True,0,False,False,0,WEAK,-500.0,-5.199999809265137
20240910,000980,1,True,False,0,False,False,0,WEAK,-49.279998779296875,63.06999969482422
20240910,000981,1,True,False,0,False,False,0,WEAK,36.130001068115234,34.400001525878906
20240910,000983,0,False,False,0,False,False,0,WEAK,-55.77000045776367,-45.38999938964844
20240910,000985,2,True,True,1,True,False,1,YELLOW,500.0,-8.5
20240910,000987,1,False,True,0,False,False,0,WEAK,-33.439998626708984,78.95999908447266
20240910,000988,1,False,True,1,True,False,1,YELLOW,9.020000457763672,43.779998779296875
20240910,000989,0,False,False,1,True,False,1,OK,-32.52000045776367,-28.450000762939453
20240910,000990,2,True,True,0,False,False,0,YELLOW,48.900001525878906,-82.51000213623047
20240910,000993,1,False,True,0,False,False,0,WEAK,-49.72999954223633,16.649999618530273
20240910,000995,1,False,True,1,True,False,1,WEAK,277.2799987792969,-16.170000076293945
20240910,000997,0,False,False,0,False,False,0,YELLOW,-8.869999885559082,6.71999979019165
20240910,000998,1,False,True,0,False,False,0,OK,-159.30999755859375,39.130001068115234
20240910,000999,1,True,False,0,False,False,0,OK,15.010000228881836,-26.459999084472656
20240910,001201,2,True,True,0,False,False,0,WEAK,87.43000030517578,102.3499984741211
20240910,001202,2,True,True,1,True,False,1,YELLOW,47.75,-6.860000133514404
20240910,001203,1,True,False,0,False,False,0,YELLOW,-33.38999938964844,-12.65999984741211
20240910,001205,1,True,False,0,False,False,0,YELLOW,-31.670000076293945,-39.61000061035156
20240910,001206,2,True,True,1,True,False,1,YELLOW,75.08999633789062,9.109999656677246
20240910,001207,2,True,True,0,False,False,0,YELLOW,63.40999984741211,28.15999984741211
20240910,001208,1,True,False,1,True,False,1,YELLOW,37.72999954223633,10.979999542236328
20240910,001209,0,False,False,1,True,False,1,YELLOW,-34.810001373291016,-68.72000122070312
20240910,001210,2,True,True,0,False,False,0,YELLOW,-12.40999984741211,37.779998779296875
20240910,001211,1,True,False,1,True,False,1,YELLOW,123.81999969482422,-11.880000114440918
20240910,001212,1,False,True,0,False,False,0,YELLOW,-66.13999938964844,-98.0
20240910,001213,1,True,False,1,True,False,1,YELLOW,-1.4800000190734863,-20.63999938964844
20240910,001215,1,True,False,0,False,False,0,YELLOW,-32.56999969482422,-41.939998626708984
20240910,001216,2,True,True,1,True,False,1,OK,17.739999771118164,29.969999313354492
20240910,001217,2,True,True,1,True,False,1,YELLOW,-46.15999984741211,-66.26000213623047
20240910,001218,0,False,False,0,False,False,0,YELLOW,-18.770000457763672,4.880000114440918
20240910,001219,1,True,False,1,True,False,1,OK,14.0,17.780000686645508
20240910,001222,1,True,False,0,False,False,0,YELLOW,27.209999084472656,3.5
20240910,001223,1,False,True,0,False,False,0,WEAK,-71.68000030517578,96.37999725341795
20240910,001225,0,False,False,1,True,False,1,OK,-47.25,-48.630001068115234
20240910,001226,2,True,True,0,False,False,0,WEAK,162.74000549316406,99.70999908447266
20240910,001227,1,True,False,0,False,False,0,WEAK,0.5600000023841858,-8.9399995803833
20240910,001228,1,False,True,0,False,False,0,WEAK,6.619999885559082,15.649999618530272
20240910,001229,0,False,False,1,True,False,1,OK,-6.269999980926514,-34.439998626708984
20240910,001230,2,True,True,1,True,False,1,YELLOW,23.450000762939453,21.43000030517578
20240910,001231,2,True,True,1,True,False,1,OK,18.1200008392334,4.28000020980835
20240910,001234,1,True,False,0,False,False,0,YELLOW,14.350000381469728,-46.189998626708984
20240910,001236,1,True,False,1,True,False,1,WEAK,488.7000122070313,-133.02000427246094
20240910,001238,0,False,False,1,True,False,1,YELLOW,-126.63999938964844,31.399999618530273
20240910,001239,0,False,False,0,,False,-1,YELLOW,-48.09000015258789,32.41999816894531
20240910,001255,1,False,True,1,True,False,1,WEAK,-72.51000213623047,500.0
20240910,001256,2,True,True,1,True,False,1,OK,20.079999923706055,-6.239999771118164
20240910,001258,1,False,True,0,False,False,0,WEAK,-61.709999084472656,-95.4000015258789
20240910,001259,1,False,True,1,True,False,1,YELLOW,-48.25,-68.77999877929688
20240910,001260,2,True,True,1,True,False,1,YELLOW,3.3399999141693115,-10.109999656677246
20240910,001266,1,False,True,1,True,False,1,WEAK,130.83999633789062,496.6600036621094
20240910,001267,1,True,False,1,True,False,1,YELLOW,-0.2199999988079071,55.56999969482422
20240910,001268,1,False,True,1,True,False,1,WEAK,23.290000915527344,55.099998474121094
20240910,001269,1,False,True,0,False,False,0,WEAK,-182.66000366210935,40.18000030517578
20240910,001278,1,False,True,1,True,False,1,YELLOW,-73.41000366210938,-206.44000244140625
20240910,001282,2,True,True,0,False,False,0,YELLOW,24.799999237060547,5.929999828338623
20240910,001283,1,False,True,0,False,False,0,YELLOW,-12.380000114440918,366.2699890136719
20240910,001286,2,True,True,0,False,False,0,OK,17.940000534057617,-14.020000457763672
20240910,001287,2,True,True,1,True,False,1,YELLOW,7.239999771118164,92.8000030517578
20240910,001288,1,True,False,0,False,False,0,YELLOW,44.220001220703125,5.440000057220459
20240910,001289,0,False,False,0,False,False,0,OK,-8.510000228881836,-12.260000228881836
20240910,001296,2,True,True,1,True,False,1,YELLOW,-5.900000095367432,6.190000057220459
20240910,001298,0,False,False,1,True,False,1,YELLOW,-51.70000076293945,105.22000122070312
20240910,001299,2,True,True,1,True,False,1,YELLOW,11.149999618530272,36.529998779296875
20240910,001300,1,True,False,0,False,False,0,WEAK,121.80999755859376,-67.08999633789062
20240910,001301,1,False,True,0,False,False,0,WEAK,13.359999656677246,40.880001068115234
20240910,001306,1,False,True,0,False,False,0,YELLOW,-8.520000457763672,-40.31999969482422
20240910,001308,1,False,True,0,False,False,0,WEAK,-42.099998474121094,10.619999885559082
20240910,001309,2,True,True,0,False,False,0,WEAK,500.0,-133.07000732421875
20240910,001311,1,False,True,0,False,False,0,YELLOW,-16.920000076293945,-32.130001068115234
20240910,001313,0,False,False,0,False,False,0,WEAK,-500.0,97.31999969482422
20240910,001314,0,False,False,1,True,False,1,YELLOW,-81.45999908447266,500.0
20240910,001316,1,False,True,0,False,False,0,YELLOW,-5.309999942779541,73.6500015258789
20240910,001317,1,False,True,1,True,False,1,YELLOW,-74.51000213623047,-300.0199890136719
20240910,001318,0,False,False,1,True,False,1,OK,2.880000114440918,0.9700000286102296
20240910,001319,2,True,True,1,True,False,1,YELLOW,12.890000343322754,36.560001373291016
20240910,001322,0,False,False,0,False,False,0,WEAK,-92.58999633789062,6.329999923706055
20240910,001323,2,True,True,1,True,False,1,YELLOW,-7.670000076293945,-20.969999313354492
20240910,001324,0,False,False,0,False,False,0,YELLOW,-22.219999313354492,15.529999732971191
20240910,001326,0,False,False,0,False,False,0,YELLOW,-41.20000076293945,-76.44999694824219
20240910,001328,2,True,True,1,True,False,1,YELLOW,27.06999969482422,25.670000076293945
20240910,001330,1,True,False,0,False,False,0,WEAK,-30.940000534057617,-500.0
20240910,001331,2,True,True,0,False,False,0,YELLOW,60.68000030517578,-74.66000366210938
20240910,001332,1,True,False,1,True,False,1,YELLOW,78.98999786376953,-1.8700000047683716
20240910,001333,2,True,True,1,True,False,1,YELLOW,31.959999084472656,-27.15999984741211
20240910,001336,2,True,True,0,False,False,0,OK,-27.420000076293945,-42.2599983215332
20240910,001337,1,True,False,1,True,False,1,YELLOW,18.34000015258789,52.45000076293945
20240910,001338,1,True,False,0,False,False,0,YELLOW,112.08000183105467,8.720000267028809
20240910,001339,1,True,False,1,True,False,1,YELLOW,309.67999267578125,77.18000030517578
20240910,001358,1,False,True,0,,False,-1,WEAK,-49.09000015258789,-34.560001373291016
20240910,001359,1,True,False,0,,False,-1,YELLOW,27.61000061035156,31.520000457763672
20240910,001360,1,False,True,1,True,False,1,YELLOW,-44.970001220703125,-19.729999542236328
20240910,001366,1,False,True,0,False,False,0,WEAK,-193.25,-151.3300018310547
20240910,001367,2,True,True,1,True,False,1,YELLOW,15.020000457763672,4.820000171661377
20240910,001368,2,True,True,0,False,False,0,YELLOW,4.010000228881836,-11.029999732971191
20240910,001373,1,False,True,1,True,False,1,YELLOW,-66.5199966430664,-242.3999938964844
20240910,001376,1,True,False,0,False,False,0,YELLOW,40.5099983215332,-10.31999969482422
20240910,001378,0,False,False,0,False,False,0,WEAK,-22.899999618530273,-39.63999938964844
20240910,001379,1,False,True,0,,False,-1,YELLOW,-28.34000015258789,37.13999938964844
20240910,001380,2,True,True,0,False,False,0,YELLOW,37.209999084472656,57.65999984741211
20240910,001387,1,False,True,0,,False,-1,YELLOW,-28.850000381469727,-13.779999732971191
20240910,001389,1,True,False,0,,False,-1,YELLOW,55.83000183105469,47.779998779296875
20240910,001696,1,True,False,1,True,False,1,YELLOW,42.91999816894531,81.95999908447266
20240910,001872,2,True,True,1,True,False,1,OK,21.200000762939453,16.3799991607666
20240910,001896,1,True,False,0,False,False,0,WEAK,75.44999694824219,255.80999755859375
20240910,001914,1,True,False,0,False,False,0,YELLOW,21.1200008392334,11.869999885559082
20240910,001965,1,False,True,1,True,False,1,OK,-4.659999847412109,-7.550000190734863
20240910,001979,1,True,False,1,True,False,1,YELLOW,-57.27000045776367,-31.229999542236328
20240910,002001,2,True,True,1,True,False,1,OK,122.97000122070312,70.5
20240910,002003,1,True,False,1,True,False,1,OK,29.09000015258789,-9.710000038146973
20240910,002004,0,False,False,1,True,False,1,YELLOW,-238.9900054931641,17.6200008392334
20240910,002006,1,True,False,0,False,False,0,YELLOW,-15.789999961853027,13.68000030517578
20240910,002007,1,False,True,0,False,False,0,YELLOW,-22.559999465942383,33.40999984741211
20240910,002008,1,True,False,0,False,False,0,OK,-4.389999866485596,18.440000534057617
20240910,002009,1,True,False,0,False,False,0,WEAK,41.22999954223633,119.37999725341795
20240910,002010,0,False,False,0,False,False,0,YELLOW,-33.959999084472656,12.81999969482422
20240910,002011,1,True,False,1,True,False,1,YELLOW,13.15999984741211,11.039999961853027
20240910,002012,1,True,False,1,True,False,1,YELLOW,321.6400146484375,0.8799999952316284
20240910,002014,0,False,False,0,False,False,0,YELLOW,14.460000038146973,1.9299999475479128
20240910,002015,2,True,True,0,False,False,0,YELLOW,190.8300018310547,67.91000366210938
20240910,002016,1,False,True,1,True,False,1,WEAK,-82.0199966430664,-46.130001068115234
20240910,002017,1,True,False,1,True,False,1,OK,13.8100004196167,-1.4500000476837158
20240910,002019,1,True,False,0,False,False,0,OK,146.5800018310547,32.209999084472656
20240910,002020,1,True,False,1,True,False,1,OK,21.3799991607666,7.78000020980835
20240910,002021,1,True,False,0,False,False,0,YELLOW,140.0399932861328,-0.6600000262260437
20240910,002022,0,False,False,0,False,False,0,WEAK,-138.82000732421875,-87.62000274658203
20240910,002023,2,True,True,0,False,False,0,WEAK,304.260009765625,26.700000762939453
20240910,002025,0,False,False,1,True,False,1,YELLOW,-55.02000045776367,-79.69000244140625
20240910,002026,1,True,False,1,True,False,1,YELLOW,89.97000122070312,8.479999542236328
20240910,002027,2,True,True,1,True,False,1,YELLOW,6.730000019073486,12.170000076293944
20240910,002028,2,True,True,1,True,False,1,YELLOW,32.189998626708984,47.040000915527344
20240910,002029,1,False,True,1,True,False,1,YELLOW,-60.86000061035156,-61.349998474121094
20240910,002030,0,False,False,1,True,False,1,WEAK,-126.11000061035156,-47.97999954223633
20240910,002031,2,True,True,1,True,False,1,YELLOW,-189.07000732421875,-500.0
20240910,002032,1,True,False,1,True,False,1,YELLOW,3.5199999809265137,-1.649999976158142
20240910,002033,0,False,False,1,True,False,1,WEAK,-7.21999979019165,-14.3100004196167
20240910,002034,2,True,True,1,True,False,1,OK,-4.090000152587891,3.5899999141693115
20240910,002035,1,True,False,1,True,False,1,OK,11.65999984741211,-8.920000076293945
20240910,002036,1,True,False,1,True,False,1,WEAK,39.91999816894531,67.98999786376953
20240910,002037,0,False,False,1,True,False,1,WEAK,88.18000030517578,-4.809999942779541
20240910,002038,0,False,False,0,False,False,0,WEAK,-64.75,-78.41999816894531
20240910,002039,1,True,False,1,True,False,1,OK,-11.529999732971191,-6.929999828338623
20240910,002040,2,True,True,1,True,False,1,WEAK,-10.869999885559082,13.550000190734863
20240910,002041,0,False,False,0,False,False,0,WEAK,-113.33000183105467,-139.94000244140625
20240910,002042,1,False,True,0,False,False,0,YELLOW,-41.31999969482422,-500.0
20240910,002043,2,True,True,0,False,False,0,YELLOW,-16.010000228881836,1.350000023841858
20240910,002044,0,False,False,0,False,False,0,WEAK,-45.52000045776367,-6.150000095367432
20240910,002045,2,True,True,0,False,False,0,YELLOW,21.809999465942383,-51.400001525878906
20240910,002046,2,True,True,0,False,False,0,YELLOW,24.63999938964844,-10.010000228881836
20240910,002048,0,False,False,0,False,False,0,YELLOW,-1.600000023841858,27.09000015258789
20240910,002049,1,False,True,0,False,False,0,WEAK,-61.27000045776367,4.389999866485596
20240910,002050,1,True,False,0,False,False,0,YELLOW,6.889999866485596,31.65999984741211
20240910,002051,0,False,False,1,True,False,1,YELLOW,-39.869998931884766,-11.199999809265137
20240910,002052,0,False,False,1,True,False,1,WEAK,205.3999938964844,500.0
20240910,002053,1,True,False,0,False,False,0,OK,48.5099983215332,-45.2599983215332
20240910,002054,1,True,False,0,False,False,0,YELLOW,95.2699966430664,4.989999771118164
20240910,002056,1,False,True,0,False,False,0,YELLOW,-17.440000534057617,78.69999694824219
20240910,002057,0,False,False,0,False,False,0,YELLOW,-29.690000534057617,72.45999908447266
20240910,002059,2,True,True,1,True,False,1,WEAK,16.709999084472656,-95.4000015258789
20240910,002060,0,False,False,0,False,False,0,YELLOW,-23.11000061035156,-28.670000076293945
20240910,002061,1,True,False,0,False,False,0,YELLOW,-20.809999465942383,6.190000057220459
20240910,002062,1,True,False,1,True,False,1,YELLOW,-1.840000033378601,-25.8799991607666
20240910,002063,1,False,True,0,False,False,0,YELLOW,-12.130000114440918,35.58000183105469
20240910,002064,2,True,True,1,True,False,1,WEAK,-14.4399995803833,-37.83000183105469
20240910,002065,1,True,False,1,True,False,1,YELLOW,0.800000011920929,0.7400000095367432
20240910,002066,2,True,True,1,True,False,1,YELLOW,-10.970000267028809,-44.43000030517578
20240910,002067,1,True,False,1,True,False,1,YELLOW,-57.06999969482422,-204.55999755859375
20240910,002068,2,True,True,0,False,False,0,WEAK,88.91000366210938,-84.5199966430664
20240910,002069,1,False,True,1,True,False,1,WEAK,-500.0,131.35000610351562
20240910,002072,1,True,False,1,True,False,1,WEAK,-327.739990234375,-378.6600036621094
20240910,002073,2,True,True,0,False,False,0,YELLOW,70.94999694824219,-21.190000534057617
20240910,002074,1,True,False,1,True,False,1,YELLOW,125.86000061035156,48.529998779296875
20240910,002075,1,True,False,1,True,False,1,YELLOW,445.9599914550781,329.0299987792969
20240910,002077,1,True,False,0,False,False,0,WEAK,99.62000274658205,2.069999933242798
20240910,002078,1,True,False,0,False,False,0,YELLOW,6.880000114440918,-2.950000047683716
20240910,002079,1,False,True,0,False,False,0,YELLOW,-63.150001525878906,-54.27000045776367
20240910,002080,1,False,True,0,False,False,0,WEAK,-80.4800033569336,245.13999938964844
20240910,002081,0,False,False,1,True,False,1,YELLOW,-48.5,14.1899995803833
20240910,002083,1,True,False,1,True,False,1,YELLOW,21.700000762939453,15.710000038146973
20240910,002084,1,True,False,1,True,False,1,YELLOW,49.16999816894531,-385.6700134277344
20240910,002085,1,True,False,0,,False,-1,YELLOW,-12.739999771118164,7.849999904632568
20240910,002086,2,True,True,0,False,False,0,WEAK,68.61000061035156,-57.25
20240910,002088,1,False,True,0,False,False,0,YELLOW,-7.059999942779541,-63.939998626708984
20240910,002090,2,True,True,0,False,False,0,YELLOW,18.459999084472656,-7.550000190734863
20240910,002091,0,False,False,0,False,False,0,YELLOW,-30.579999923706055,2.049999952316284
20240910,002092,1,True,False,0,False,False,0,WEAK,63.66999816894531,20.790000915527344
20240910,002093,2,True,True,1,True,False,1,WEAK,1.5499999523162842,23.200000762939453
20240910,002094,2,True,True,1,True,False,1,YELLOW,335.30999755859375,6.940000057220459
20240910,002095,0,False,False,1,True,False,1,WEAK,-500.0,-67.56999969482422
20240910,002096,1,True,False,1,True,False,1,YELLOW,7.039999961853027,17.600000381469727
20240910,002097,0,False,False,0,False,False,0,YELLOW,6.920000076293945,48.34000015258789
20240910,002098,2,True,True,1,True,False,1,OK,64.3499984741211,-0.9399999976158142
20240910,002099,0,False,False,1,True,False,1,YELLOW,0.1099999994039535,-37.5
20240910,002100,1,True,False,0,False,False,0,YELLOW,140.5500030517578,16.170000076293945
20240910,002101,1,True,False,1,True,False,1,YELLOW,-1.7799999713897705,-33.63999938964844
20240910,002103,2,True,True,1,True,False,1,YELLOW,10.5,-11.380000114440918
20240910,002104,0,False,False,1,True,False,1,YELLOW,-51.45000076293945,-50.060001373291016
20240910,002105,1,False,True,1,True,False,1,WEAK,-500.0,-500.0
20240910,002106,1,True,False,0,False,False,0,YELLOW,0.0199999995529651,-13.579999923706056
20240910,002107,1,False,True,1,True,False,1,OK,-39.63999938964844,334.79998779296875
20240910,002108,1,False,True,1,True,False,1,YELLOW,-52.90999984741211,-14.920000076293944
20240910,002110,0,False,False,0,False,False,0,WEAK,-280.8399963378906,142.38999938964844
20240910,002111,1,True,False,0,False,False,0,YELLOW,-31.61000061035156,-24.34000015258789
20240910,002112,2,True,True,1,True,False,1,YELLOW,36.529998779296875,-37.27000045776367
20240910,002114,2,True,True,1,True,False,1,YELLOW,95.75,-500.0
20240910,002115,0,False,False,0,False,False,0,YELLOW,-500.0,44.22999954223633
20240910,002116,1,True,False,0,False,False,0,YELLOW,12.199999809265137,-15.100000381469728
20240910,002117,1,False,True,0,False,False,0,WEAK,-21.329999923706055,17.860000610351562
20240910,002119,0,False,False,0,False,False,0,WEAK,-2.990000009536743,7.739999771118164
20240910,002120,1,True,False,1,True,False,1,YELLOW,18.260000228881836,-45.599998474121094
20240910,002121,1,True,False,1,True,False,1,WEAK,-31.6299991607666,233.3999938964844
20240910,002123,0,False,False,0,False,False,0,YELLOW,100.91000366210938,-220.22999572753903
20240910,002124,1,True,False,1,True,False,1,WEAK,108.5999984741211,185.30999755859375
20240910,002125,2,True,True,0,False,False,0,YELLOW,-17.31999969482422,-21.350000381469727
20240910,002126,1,True,False,0,False,False,0,YELLOW,17.540000915527344,16.6200008392334
20240910,002127,2,True,True,1,True,False,1,YELLOW,-484.6700134277344,-117.0999984741211
20240910,002128,1,True,False,0,False,False,0,YELLOW,17.520000457763672,-5.380000114440918
20240910,002129,0,False,False,0,False,False,0,WEAK,-500.0,-28.299999237060547
20240910,002130,2,True,True,0,False,False,0,OK,23.350000381469727,36.95000076293945
20240910,002131,0,False,False,1,True,False,1,WEAK,193.3500061035156,1.8799999952316284
20240910,002132,1,True,False,1,True,False,1,YELLOW,108.95999908447266,-170.50999450683594
20240910,002133,1,False,True,0,False,False,0,WEAK,-500.0,238.77999877929688
20240910,002134,2,True,True,1,True,False,1,YELLOW,0.6899999976158142,-60.279998779296875
20240910,002135,1,False,True,0,False,False,0,YELLOW,-49.11000061035156,-76.94000244140625
20240910,002136,1,False,True,1,True,False,1,WEAK,-72.66000366210938,-163.19000244140625
20240910,002137,1,True,False,1,True,False,1,YELLOW,-49.560001373291016,-2.0299999713897705
20240910,002138,1,True,False,1,True,False,1,YELLOW,31.959999084472656,32.869998931884766
20240910,002139,1,True,False,1,True,False,1,YELLOW,25.420000076293945,-16.8700008392334
20240910,002140,2,True,True,0,False,False,0,WEAK,29.030000686645508,31.479999542236328
20240910,002141,1,True,False,1,True,False,1,WEAK,0.8999999761581421,53.02000045776367
20240910,002142,1,True,False,0,False,False,0,WEAK,7.380000114440918,7.659999847412109
20240910,002144,1,False,True,1,True,False,1,YELLOW,-80.83999633789062,-14.670000076293944
20240910,002145,2,True,True,0,False,False,0,WEAK,35.66999816894531,-12.920000076293944
20240910,002146,1,False,True,0,False,False,0,WEAK,-500.0,-500.0
20240910,002148,2,True,True,1,True,False,1,OK,111.6500015258789,-261.6000061035156
20240910,002149,0,False,False,0,False,False,0,YELLOW,-33.11000061035156,-43.349998474121094
20240910,002150,2,True,True,0,False,False,0,YELLOW,208.17999267578125,32.310001373291016
20240910,002151,0,False,False,1,True,False,1,WEAK,-14.869999885559082,59.66999816894531
20240910,002152,1,True,False,0,False,False,0,WEAK,-7.809999942779541,-7.989999771118164
20240910,002153,1,True,False,1,True,False,1,OK,-78.83000183105469,-5.090000152587891
20240910,002154,0,False,False,0,False,False,0,OK,-27.8799991607666,-46.61000061035156
20240910,002155,1,True,False,0,False,False,0,YELLOW,76.36000061035156,49.599998474121094
20240910,002156,1,True,False,0,False,False,0,YELLOW,500.0,32.849998474121094
20240910,002157,2,True,True,0,False,False,0,WEAK,93.19000244140624,122.13999938964844
20240910,002158,2,True,True,1,True,False,1,YELLOW,-2.240000009536743,-41.650001525878906
20240910,002159,1,True,False,1,True,False,1,WEAK,0.1099999994039535,-7.260000228881836
20240910,002160,1,True,False,1,True,False,1,YELLOW,482.1799926757813,-18.709999084472656
20240910,002161,1,False,True,0,False,False,0,OK,-500.0,153.88999938964844
20240910,002162,0,False,False,1,True,False,1,YELLOW,-42.119998931884766,12.420000076293944
20240910,002163,0,False,False,1,True,False,1,WEAK,-305.760009765625,-363.0299987792969
20240910,002164,2,True,True,1,True,False,1,WEAK,32.709999084472656,73.6500015258789
20240910,002165,2,True,True,1,True,False,1,YELLOW,48.18000030517578,-123.62000274658205
20240910,002166,1,True,False,1,True,False,1,YELLOW,500.0,-48.45000076293945
20240910,002167,1,False,True,0,False,False,0,WEAK,-33.65999984741211,145.4600067138672
20240910,002169,1,False,True,1,True,False,1,WEAK,-332.7300109863281,9.020000457763672
20240910,002170,1,True,False,1,True,False,1,YELLOW,68.69000244140625,207.97999572753903
20240910,002171,1,True,False,0,False,False,0,YELLOW,-45.689998626708984,98.76000213623048
20240910,002172,2,True,True,1,True,False,1,YELLOW,19.350000381469727,-13.710000038146973
20240910,002173,0,False,False,1,True,False,1,WEAK,-112.73999786376952,22.420000076293945
20240910,002174,1,True,False,0,False,False,0,YELLOW,-354.80999755859375,0.8500000238418579
20240910,002176,0,False,False,0,False,False,0,WEAK,-9.350000381469728,-11.279999732971191
20240910,002177,2,True,True,1,True,False,1,YELLOW,11.970000267028809,11.420000076293944
20240910,002178,0,False,False,1,True,False,1,WEAK,-126.5500030517578,41.959999084472656
20240910,002179,0,False,False,1,True,False,1,OK,1.0299999713897705,-13.699999809265137
20240910,002180,1,True,False,0,False,False,0,OK,105.5999984741211,-126.51000213623048
20240910,002181,0,False,False,0,False,False,0,WEAK,298.6199951171875,191.3500061035156
20240910,002182,1,False,True,0,False,False,0,YELLOW,-61.16999816894531,-48.77000045776367
20240910,002183,0,False,False,0,False,False,0,YELLOW,14.920000076293944,-137.44000244140625
20240910,002184,0,False,False,0,False,False,0,WEAK,-356.82000732421875,78.72000122070312
20240910,002185,2,True,True,1,True,False,1,YELLOW,110.8499984741211,77.36000061035156
20240910,002186,2,True,True,1,True,False,1,WEAK,-65.79000091552734,-84.61000061035156
20240910,002187,1,False,True,1,True,False,1,YELLOW,-11.579999923706056,-155.02000427246094
20240910,002188,0,False,False,1,True,False,1,YELLOW,-29.209999084472656,39.150001525878906
20240910,002189,1,True,False,1,True,False,1,YELLOW,-24.780000686645508,-500.0
20240910,002190,0,False,False,1,True,False,1,WEAK,-500.0,35.91999816894531
20240910,002191,0,False,False,0,False,False,0,YELLOW,-60.9900016784668,-51.689998626708984
20240910,002192,1,False,True,1,True,False,1,WEAK,-43.7400016784668,-48.22999954223633
20240910,002194,1,False,True,1,True,False,1,YELLOW,-45.06999969482422,-131.6699981689453
20240910,002195,1,False,True,0,False,False,0,WEAK,-94.31999969482422,159.05999755859375
20240910,002196,0,False,False,1,True,False,1,YELLOW,-500.0,-344.2900085449219
20240910,002197,0,False,False,1,True,False,1,WEAK,-214.55999755859375,18.93000030517578
20240910,002201,0,False,False,0,False,False,0,YELLOW,46.08000183105469,152.22999572753906
20240910,002202,1,True,False,1,True,False,1,YELLOW,38.2599983215332,-0.4000000059604645
20240910,002203,1,False,True,1,True,False,1,YELLOW,-52.09000015258789,30.559999465942383
20240910,002204,1,True,False,0,False,False,0,YELLOW,66.98999786376953,14.229999542236328
20240910,002205,2,True,True,1,True,False,1,WEAK,65.27999877929688,47.130001068115234
20240910,002206,1,True,False,1,True,False,1,YELLOW,12.949999809265137,84.87999725341797
20240910,002208,0,False,False,1,True,False,1,WEAK,-149.33999633789062,-63.83000183105469
20240910,002209,2,True,True,1,True,False,1,YELLOW,165.3699951171875,376.2799987792969
20240910,002210,0,False,False,1,True,False,1,YELLOW,-59.369998931884766,-14.220000267028809
20240910,002212,2,True,True,0,False,False,0,WEAK,112.94000244140624,64.56999969482422
20240910,002213,2,True,True,1,True,False,1,WEAK,18.06999969482422,39.65999984741211
20240910,002215,2,True,True,1,True,False,1,OK,167.67999267578125,27.729999542236328
20240910,002216,0,False,False,0,False,False,0,YELLOW,-35.79999923706055,-16.610000610351562
20240910,002217,1,True,False,1,True,False,1,WEAK,80.79000091552734,101.87999725341795
20240910,002218,1,True,False,1,True,False,1,YELLOW,-78.52999877929688,-315.57000732421875
20240910,002219,2,True,True,0,False,False,0,YELLOW,229.3999938964844,-84.0
20240910,002221,2,True,True,1,True,False,1,YELLOW,-29.34000015258789,-31.059999465942383
20240910,002222,2,True,True,1,True,False,1,YELLOW,11.239999771118164,2.299999952316284
20240910,002223,0,False,False,0,False,False,0,OK,-24.1200008392334,-5.21999979019165
20240910,002224,0,False,False,1,True,False,1,YELLOW,-45.34000015258789,-5.440000057220459
20240910,002225,1,False,True,0,False,False,0,YELLOW,-63.290000915527344,-44.849998474121094
20240910,002226,0,False,False,0,False,False,0,YELLOW,1.1200000047683716,1.9800000190734863
20240910,002228,1,True,False,1,True,False,1,YELLOW,0.1500000059604644,23.61000061035156
20240910,002229,1,False,True,0,False,False,0,WEAK,-232.5800018310547,174.3800048828125
20240910,002230,1,False,True,0,False,False,0,WEAK,59.36000061035156,24.6200008392334
20240910,002232,1,False,True,1,True,False,1,YELLOW,-118.79000091552734,500.0
20240910,002233,1,False,True,1,True,False,1,YELLOW,-46.650001525878906,31.729999542236328
20240910,002234,0,False,False,0,False,False,0,WEAK,34.38999938964844,-16.200000762939453
20240910,002235,2,True,True,1,True,False,1,YELLOW,104.80999755859376,-87.48999786376953
20240910,002236,1,True,False,0,False,False,0,OK,-20.739999771118164,1.909999966621399
20240910,002237,2,True,True,0,False,False,0,YELLOW,-7.650000095367432,-26.350000381469727
20240910,002238,0,False,False,0,False,False,0,OK,-198.72999572753903,-488.05999755859375
20240910,002239,1,True,False,1,True,False,1,YELLOW,144.88999938964844,15.289999961853027
20240910,002240,0,False,False,0,False,False,0,WEAK,-500.0,-216.2599945068359
20240910,002241,2,True,True,1,True,False,1,YELLOW,178.3000030517578,-12.720000267028809
20240910,002242,1,False,True,0,False,False,0,YELLOW,-66.4000015258789,-11.479999542236328
20240910,002243,0,False,False,1,True,False,1,WEAK,3.2799999713897705,-121.61000061035156
20240910,002244,0,False,False,1,True,False,1,WEAK,1.190000057220459,62.349998474121094
20240910,002245,2,True,True,1,True,False,1,YELLOW,284.9800109863281,186.5099945068359
20240910,002246,1,False,True,0,False,False,0,YELLOW,-298.7200012207031,500.0
20240910,002247,1,False,True,1,True,False,1,YELLOW,-52.290000915527344,34.9900016784668
20240910,002248,1,False,True,1,True,False,1,WEAK,118.30999755859376,200.7599945068359
20240910,002249,1,True,False,1,True,False,1,YELLOW,48.119998931884766,17.40999984741211
20240910,002250,0,False,False,1,True,False,1,YELLOW,134.30999755859375,500.0
20240910,002251,1,True,False,0,False,False,0,WEAK,40.06999969482422,113.83999633789062
20240910,002252,0,False,False,0,False,False,0,WEAK,13.470000267028809,-7.840000152587891
20240910,002254,0,False,False,0,False,False,0,WEAK,-98.68000030517578,-95.6999969482422
20240910,002255,1,False,True,0,False,False,0,YELLOW,8.510000228881836,56.290000915527344
20240910,002256,1,True,False,1,True,False,1,YELLOW,45.56999969482422,-61.11000061035156
20240910,002258,0,False,False,0,False,False,0,WEAK,-66.41000366210938,241.02000427246097
20240910,002259,0,False,False,1,True,False,1,WEAK,187.3000030517578,90.98999786376952
20240910,002261,1,False,True,1,True,False,1,WEAK,-500.0,-450.6099853515625
20240910,002262,2,True,True,1,True,False,1,YELLOW,12.880000114440918,10.329999923706056
20240910,002263,1,False,True,0,False,False,0,WEAK,-19.780000686645508,123.58999633789062
20240910,002264,2,True,True,0,False,False,0,YELLOW,16.8700008392334,-13.880000114440918
20240910,002265,1,True,False,1,True,False,1,YELLOW,14.68000030517578,-44.2599983215332
20240910,002266,0,False,False,1,True,False,1,WEAK,-7.090000152587891,6.769999980926514
20240910,002267,2,True,True,1,True,False,1,YELLOW,21.81999969482422,-4.119999885559082
20240910,002268,0,False,False,0,False,False,0,WEAK,-66.2300033569336,20.260000228881836
20240910,002269,1,True,False,1,True,False,1,OK,33.540000915527344,-91.79000091552734
20240910,002270,2,True,True,0,False,False,0,OK,15.789999961853027,22.760000228881836
20240910,002271,0,False,False,0,False,False,0,YELLOW,-93.27999877929688,-39.33000183105469
20240910,002272,1,False,True,1,True,False,1,WEAK,-77.08000183105469,62.40999984741211
20240910,002273,1,True,False,1,True,False,1,YELLOW,82.83999633789062,14.100000381469728
20240910,002274,2,True,True,0,False,False,0,YELLOW,-30.8700008392334,-98.98999786376952
20240910,002275,1,False,True,1,True,False,1,OK,3.640000104904175,-3.069999933242798
20240910,002276,1,False,True,0,False,False,0,YELLOW,-31.68000030517578,25.950000762939453
20240910,002277,1,True,False,1,True,False,1,WEAK,-248.52000427246097,-45.65999984741211
20240910,002278,2,True,True,1,True,False,1,OK,51.209999084472656,358.29998779296875
20240910,002279,1,False,True,1,True,False,1,WEAK,-2.9000000953674316,47.779998779296875
20240910,002281,1,False,True,0,False,False,0,YELLOW,11.510000228881836,74.11000061035156
20240910,002282,1,True,False,1,True,False,1,YELLOW,6.539999961853027,-8.569999694824219
20240910,002283,0,False,False,0,False,False,0,YELLOW,-18.219999313354492,4.269999980926514
20240910,002284,1,True,False,1,True,False,1,YELLOW,182.3699951171875,98.22000122070312
20240910,002285,0,False,False,1,True,False,1,YELLOW,17.280000686645508,11.289999961853027
20240910,002286,1,True,False,1,True,False,1,YELLOW,254.55999755859375,40.369998931884766
20240910,002287,2,True,True,1,True,False,1,OK,15.09000015258789,27.36000061035156
20240910,002290,2,True,True,0,False,False,0,YELLOW,26.399999618530273,57.400001525878906
20240910,002291,1,False,True,0,False,False,0,WEAK,4.159999847412109,-1.940000057220459
20240910,002292,1,True,False,0,False,False,0,YELLOW,-500.0,-46.220001220703125
20240910,002293,1,False,True,0,False,False,0,OK,-21.719999313354492,9.770000457763672
20240910,002294,1,True,False,1,True,False,1,OK,8.430000305175781,3.930000066757202
20240910,002295,1,False,True,1,True,False,1,YELLOW,26.709999084472656,-37.720001220703125
20240910,002296,1,True,False,0,False,False,0,OK,142.3300018310547,21.06999969482422
20240910,002297,0,False,False,1,True,False,1,WEAK,-500.0,110.8499984741211
20240910,002298,0,False,False,0,False,False,0,WEAK,-160.27000427246094,102.52999877929688
20240910,002299,1,False,True,0,False,False,0,YELLOW,3.5799999237060547,305.44000244140625
20240910,002300,1,False,True,0,False,False,0,YELLOW,-55.54999923706055,-26.18000030517578
20240910,002301,2,True,True,1,True,False,1,YELLOW,-21.43000030517578,-13.279999732971191
20240910,002302,1,False,True,1,True,False,1,YELLOW,-158.49000549316406,-495.0299987792969
20240910,002303,1,True,False,1,True,False,1,YELLOW,24.25,0.7900000214576721
20240910,002304,2,True,True,0,False,False,0,OK,-30.559999465942383,-46.709999084472656
20240910,002307,0,False,False,1,True,False,1,YELLOW,-500.0,-500.0
20240910,002309,0,False,False,1,True,False,1,WEAK,-72.83999633789062,59.47999954223633
20240910,002310,0,False,False,1,True,False,1,WEAK,2.200000047683716,99.47000122070312
20240910,002311,1,True,False,0,False,False,0,YELLOW,78.5999984741211,30.56999969482422
20240910,002312,2,True,True,1,True,False,1,WEAK,26.81999969482422,-16.170000076293945
20240910,002313,1,True,False,0,False,False,0,WEAK,67.72000122070312,-12.470000267028809
20240910,002314,1,False,True,0,False,False,0,WEAK,-500.0,168.55999755859375
20240910,002315,1,True,False,0,False,False,0,OK,19.079999923706055,24.170000076293945
20240910,002316,1,True,False,0,False,False,0,YELLOW,118.97000122070312,250.3500061035156
20240910,002317,0,False,False,0,False,False,0,WEAK,-185.41000366210935,7.420000076293945
20240910,002318,2,True,True,0,False,False,0,YELLOW,24.6299991607666,20.6200008392334
20240910,002319,0,False,False,1,True,False,1,WEAK,-500.0,79.58999633789062
20240910,002320,1,False,True,0,False,False,0,YELLOW,-38.75,-49.58000183105469
20240910,002321,1,True,False,1,True,False,1,YELLOW,151.42999267578125,-402.9200134277344
20240910,002322,1,True,False,1,True,False,1,OK,14.029999732971191,-18.190000534057617
20240910,002324,1,False,True,0,False,False,0,YELLOW,-75.41000366210938,56.66999816894531
20240910,002326,1,True,False,1,True,False,1,WEAK,36.2599983215332,-15.079999923706056
20240910,002327,1,False,True,0,False,False,0,OK,-3.4700000286102295,-51.95000076293945
20240910,002328,2,True,True,1,True,False,1,YELLOW,-8.210000038146973,-34.38999938964844
20240910,002329,0,False,False,1,True,False,1,YELLOW,-231.8999938964844,-16.850000381469727
20240910,002330,1,False,True,1,True,False,1,YELLOW,2.4700000286102295,-38.93000030517578
20240910,002331,1,True,False,1,True,False,1,WEAK,124.08999633789062,-216.3000030517578
20240910,002332,1,True,False,1,True,False,1,OK,2.1500000953674316,-19.520000457763672
20240910,002333,1,True,False,0,False,False,0,YELLOW,2.2799999713897705,8.390000343322754
20240910,002334,0,False,False,1,True,False,1,OK,-16.81999969482422,-9.8100004196167
20240910,002335,1,False,True,0,False,False,0,YELLOW,-38.54999923706055,9.220000267028809
20240910,002337,0,False,False,1,True,False,1,WEAK,-39.47999954223633,26.280000686645508
20240910,002338,0,False,False,0,False,False,0,YELLOW,-32.0,-7.570000171661377
20240910,002339,1,False,True,0,False,False,0,WEAK,-0.0799999982118606,25.530000686645508
20240910,002340,2,True,True,0,False,False,0,YELLOW,500.0,0.9200000166893004
20240910,002342,0,False,False,1,True,False,1,YELLOW,-500.0,450.2999877929687
20240910,002343,2,True,True,0,False,False,0,WEAK,132.41000366210938,-358.8900146484375
20240910,002344,1,False,True,1,True,False,1,WEAK,-55.310001373291016,-2.6600000858306885
20240910,002345,1,True,False,0,False,False,0,WEAK,-38.720001220703125,46.13999938964844
20240910,002346,0,False,False,1,True,False,1,WEAK,31.34000015258789,-11.760000228881836
20240910,002347,1,False,True,1,True,False,1,WEAK,53.349998474121094,-2.009999990463257
20240910,002348,0,False,False,1,True,False,1,WEAK,10.65999984741211,11.100000381469728
20240910,002349,1,False,True,1,True,False,1,OK,-17.43000030517578,-1.1399999856948853
20240910,002350,2,True,True,1,True,False,1,WEAK,120.13999938964844,245.9199981689453
20240910,002351,1,True,False,0,False,False,0,YELLOW,13.65999984741211,-12.010000228881836
20240910,002352,1,True,False,1,True,False,1,YELLOW,28.200000762939453,9.720000267028809
20240910,002353,0,False,False,0,False,False,0,OK,0.6499999761581421,33.900001525878906
20240910,002354,0,False,False,0,False,False,0,WEAK,80.76000213623047,131.0800018310547
20240910,002355,1,True,False,1,True,False,1,YELLOW,17.350000381469727,106.83000183105467
20240910,002356,1,False,True,0,False,False,0,WEAK,-162.74000549316406,0.4300000071525574
20240910,002357,1,False,True,1,True,False,1,YELLOW,7.389999866485596,23.059999465942383
20240910,002358,1,True,False,1,True,False,1,YELLOW,17.709999084472656,26.920000076293945
20240910,002361,1,True,False,1,True,False,1,YELLOW,195.52000427246097,153.39999389648438
20240910,002362,1,False,True,0,False,False,0,WEAK,22.350000381469727,-17.079999923706055
20240910,002363,1,True,False,1,True,False,1,YELLOW,31.760000228881836,8.779999732971191
20240910,002364,2,True,True,1,True,False,1,YELLOW,322.0899963378906,15.390000343322754
20240910,002365,1,True,False,1,True,False,1,WEAK,135.2100067138672,-93.6500015258789
20240910,002366,2,True,True,0,False,False,0,WEAK,8.380000114440918,-2.1500000953674316
20240910,002367,0,False,False,1,True,False,1,YELLOW,-2.5899999141693115,-2.609999895095825
20240910,002368,0,False,False,0,False,False,0,WEAK,-48.529998779296875,104.38999938964844
20240910,002369,1,True,False,1,True,False,1,WEAK,59.290000915527344,14.600000381469728
20240910,002370,2,True,True,1,True,False,1,WEAK,59.20000076293945,-500.0
20240910,002371,1,True,False,1,True,False,1,OK,55.529998779296875,20.489999771118164
20240910,002372,0,False,False,0,False,False,0,YELLOW,-28.079999923706055,-21.059999465942383
20240910,002373,0,False,False,0,False,False,0,OK,-498.1300048828125,-61.540000915527344
20240910,002374,0,False,False,1,True,False,1,WEAK,-55.880001068115234,-16.719999313354492
20240910,002375,1,True,False,1,True,False,1,YELLOW,36.209999084472656,-10.9399995803833
20240910,002376,1,False,True,1,True,False,1,YELLOW,292.2699890136719,500.0
20240910,002377,2,True,True,0,False,False,0,WEAK,60.86000061035156,94.16999816894533
20240910,002378,2,True,True,1,True,False,1,YELLOW,32.81999969482422,-4.360000133514404
20240910,002379,1,True,False,0,False,False,0,WEAK,41.150001525878906,-433.3900146484375
20240910,002380,1,True,False,0,False,False,0,YELLOW,100.86000061035156,27.059999465942383
20240910,002381,2,True,True,0,False,False,0,YELLOW,-37.70000076293945,-64.18000030517578
20240910,002382,2,True,True,1,True,False,1,WEAK,24.969999313354492,-11.81999969482422
20240910,002383,0,False,False,1,True,False,1,WEAK,-23.079999923706055,78.06999969482422
20240910,002384,1,False,True,1,True,False,1,YELLOW,-44.34000015258789,27.280000686645508
20240910,002385,1,True,False,1,True,False,1,WEAK,111.0199966430664,182.0
20240910,002386,1,True,False,1,True,False,1,YELLOW,-84.22000122070312,68.81999969482422
20240910,002387,1,True,False,1,True,False,1,WEAK,18.43000030517578,14.630000114440918
20240910,002388,2,True,True,1,True,False,1,YELLOW,12.25,-153.58999633789062
20240910,002389,1,False,True,1,True,False,1,YELLOW,-105.4800033569336,-122.76000213623048
20240910,002390,0,False,False,0,False,False,0,YELLOW,-38.290000915527344,-7.159999847412109
20240910,002391,1,False,True,1,True,False,1,WEAK,-246.0800018310547,90.27999877929688
20240910,002392,1,True,False,1,True,False,1,YELLOW,-19.170000076293945,-38.2599983215332
20240910,002393,2,True,True,0,False,False,0,YELLOW,-31.15999984741211,5.090000152587891
20240910,002394,1,True,False,1,True,False,1,YELLOW,12.130000114440918,23.829999923706055
20240910,002395,1,True,False,0,False,False,0,YELLOW,138.77000427246094,178.07000732421875
20240910,002396,1,False,True,1,True,False,1,OK,12.649999618530272,77.41000366210938
20240910,002397,0,False,False,1,True,False,1,YELLOW,9.109999656677246,53.459999084472656
20240910,002398,1,False,True,0,False,False,0,YELLOW,-77.94999694824219,-6.619999885559082
20240910,002399,1,True,False,1,True,False,1,OK,132.50999450683594,29.34000015258789
20240910,002400,0,False,False,1,True,False,1,YELLOW,-51.43000030517578,48.560001373291016
20240910,002401,2,True,True,0,False,False,0,YELLOW,-27.709999084472656,-96.70999908447266
20240910,002402,1,False,True,0,False,False,0,YELLOW,16.020000457763672,97.23999786376952
20240910,002403,1,True,False,1,True,False,1,WEAK,91.33000183105467,73.87999725341797
20240910,002404,1,False,True,1,True,False,1,YELLOW,-18.739999771118164,-7.329999923706055
20240910,002405,0,False,False,1,True,False,1,WEAK,21.690000534057617,12.890000343322754
20240910,002406,1,True,False,1,True,False,1,YELLOW,48.04999923706055,28.049999237060547
20240910,002407,0,False,False,0,False,False,0,WEAK,-185.67999267578125,-131.47000122070312
20240910,002408,1,True,False,0,False,False,0,YELLOW,104.9499969482422,-82.13999938964844
20240910,002409,2,True,True,0,False,False,0,OK,61.36000061035156,0.0199999995529651
20240910,002410,0,False,False,0,False,False,0,OK,219.9199981689453,22.670000076293945
20240910,002412,1,True,False,1,True,False,1,YELLOW,2.890000104904175,-31.719999313354492
20240910,002413,0,False,False,1,True,False,1,WEAK,32.310001373291016,25.0
20240910,002414,1,False,True,1,True,False,1,OK,-500.0,500.0
20240910,002415,1,True,False,0,False,False,0,OK,-13.550000190734863,4.690000057220459
20240910,002416,1,True,False,0,False,False,0,YELLOW,-19.61000061035156,-32.61000061035156
20240910,002418,0,False,False,1,True,False,1,YELLOW,-500.0,500.0
20240910,002419,1,False,True,0,False,False,0,OK,-89.12999725341797,8.600000381469727
20240910,002420,1,True,False,1,True,False,1,YELLOW,107.5999984741211,-49.59000015258789
20240910,002421,0,False,False,1,True,False,1,YELLOW,-97.8499984741211,-500.0
20240910,002422,2,True,True,1,True,False,1,OK,22.65999984741211,-43.790000915527344
20240910,002423,1,True,False,0,False,False,0,YELLOW,23.780000686645508,-27.799999237060547
20240910,002425,1,True,False,1,True,False,1,WEAK,32.45000076293945,-19.729999542236328
20240910,002426,1,True,False,1,True,False,1,YELLOW,-4.289999961853027,29.959999084472656
20240910,002427,1,False,True,0,False,False,0,WEAK,52.63999938964844,124.06999969482422
20240910,002428,2,True,True,1,True,False,1,WEAK,246.47000122070312,144.6199951171875
20240910,002429,2,True,True,1,True,False,1,YELLOW,3.7100000381469727,-32.689998626708984
20240910,002430,1,False,True,0,False,False,0,WEAK,-23.40999984741211,13.399999618530272
20240910,002432,1,True,False,1,True,False,1,WEAK,67.38999938964844,26.270000457763672
20240910,002434,1,False,True,0,False,False,0,YELLOW,0.3400000035762787,2.190000057220459
20240910,002436,1,True,False,0,False,False,0,WEAK,-500.0,62.5
20240910,002437,2,True,True,1,True,False,1,WEAK,243.4199981689453,13.279999732971191
20240910,002438,2,True,True,0,False,False,0,OK,13.050000190734863,8.539999961853027
20240910,002439,1,False,True,0,False,False,0,WEAK,-127.9800033569336,-63.40999984741211
20240910,002440,1,False,True,1,True,False,1,YELLOW,114.79000091552734,32.880001068115234
20240910,002441,0,False,False,0,False,False,0,YELLOW,-32.27000045776367,-2.569999933242798
20240910,002442,2,True,True,1,True,False,1,YELLOW,22.5,-26.81999969482422
20240910,002443,0,False,False,1,True,False,1,YELLOW,-31.459999084472656,-31.350000381469727
20240910,002444,1,True,False,1,True,False,1,YELLOW,35.7400016784668,3.940000057220459
20240910,002445,2,True,True,1,True,False,1,YELLOW,-30.489999771118164,-40.369998931884766
20240910,002446,0,False,False,1,True,False,1,YELLOW,-500.0,5.090000152587891
20240910,002448,1,False,True,0,False,False,0,YELLOW,-31.09000015258789,44.279998779296875
20240910,002449,2,True,True,1,True,False,1,YELLOW,-80.97000122070312,-66.0999984741211
20240910,002451,1,False,True,1,True,False,1,YELLOW,54.790000915527344,198.72999572753903
20240910,002452,1,True,False,0,False,False,0,YELLOW,55.650001525878906,-11.369999885559082
20240910,002453,1,True,False,0,False,False,0,WEAK,40.72999954223633,-46.189998626708984
20240910,002454,2,True,True,1,True,False,1,YELLOW,57.619998931884766,71.7699966430664
20240910,002455,2,True,True,0,False,False,0,YELLOW,116.77999877929688,-38.529998779296875
20240910,002456,2,True,True,1,True,False,1,YELLOW,95.66000366210938,-500.0
20240910,002457,1,True,False,1,True,False,1,YELLOW,500.0,-86.0999984741211
20240910,002458,1,False,True,0,False,False,0,WEAK,-7.409999847412109,-98.16000366210938
20240910,002459,0,False,False,0,False,False,0,WEAK,-159.77999877929688,-179.22999572753906
20240910,002460,0,False,False,0,False,False,0,WEAK,-133.16000366210938,-469.1400146484375
20240910,002461,1,True,False,1,True,False,1,OK,36.790000915527344,23.309999465942383
20240910,002462,0,False,False,1,True,False,1,YELLOW,-66.51000213623047,-9.84000015258789
20240910,002463,2,True,True,0,False,False,0,YELLOW,80.80000305175781,47.900001525878906
20240910,002465,1,False,True,0,False,False,0,OK,-113.48999786376952,-133.77000427246094
20240910,002466,1,False,True,0,False,False,0,WEAK,-210.3999938964844,100.02999877929688
20240910,002467,0,False,False,1,True,False,1,WEAK,143.3300018310547,-25.61000061035156
20240910,002468,2,True,True,1,True,False,1,YELLOW,199.5500030517578,-0.1700000017881393
20240910,002469,1,False,True,0,False,False,0,YELLOW,-2.4000000953674316,46.31999969482422
20240910,002470,2,True,True,1,True,False,1,YELLOW,77.76000213623047,-287.3900146484375
20240910,002471,1,False,True,1,True,False,1,WEAK,-56.150001525878906,109.87000274658205
20240910,002472,2,True,True,0,False,False,0,YELLOW,24.63999938964844,22.540000915527344
20240910,002474,2,True,True,1,True,False,1,WEAK,40.630001068115234,-0.270000010728836
20240910,002475,2,True,True,1,True,False,1,YELLOW,14.8100004196167,12.899999618530272
20240910,002476,2,True,True,1,True,False,1,YELLOW,123.73999786376952,270.95001220703125
20240910,002478,1,False,True,1,True,False,1,YELLOW,-27.11000061035156,-14.0
20240910,002479,2,True,True,1,True,False,1,YELLOW,15.779999732971191,51.689998626708984
20240910,002480,1,False,True,1,True,False,1,WEAK,-23.1299991607666,42.04999923706055
20240910,002481,1,True,False,1,True,False,1,WEAK,-1.3799999952316284,-5.010000228881836
20240910,002482,2,True,True,0,False,False,0,WEAK,90.23999786376952,38.529998779296875
20240910,002483,1,False,True,1,True,False,1,YELLOW,500.0,12.199999809265137
20240910,002484,0,False,False,1,True,False,1,YELLOW,-6.53000020980835,8.960000038146973
20240910,002486,0,False,False,1,True,False,1,YELLOW,-68.86000061035156,31.75
20240910,002487,1,False,True,0,False,False,0,YELLOW,17.700000762939453,250.47999572753903
20240910,002488,1,True,False,1,True,False,1,YELLOW,107.26000213623048,60.689998626708984
20240910,002489,1,True,False,1,True,False,1,YELLOW,500.0,19.989999771118164
20240910,002490,1,True,False,1,True,False,1,YELLOW,43.970001220703125,100.69000244140624
20240910,002491,0,False,False,1,True,False,1,WEAK,-26.229999542236328,-74.9000015258789
20240910,002492,1,False,True,0,False,False,0,OK,-46.91999816894531,11.84000015258789
20240910,002493,1,True,False,0,False,False,0,YELLOW,-7.059999942779541,12.279999732971191
20240910,002494,2,True,True,1,True,False,1,WEAK,251.8800048828125,-256.79998779296875
20240910,002495,1,True,False,1,True,False,1,YELLOW,263.9599914550781,11.289999961853027
20240910,002497,1,False,True,0,False,False,0,WEAK,176.5500030517578,-0.1700000017881393
20240910,002498,0,False,False,0,False,False,0,YELLOW,-19.93000030517578,-28.90999984741211
20240910,002500,0,False,False,1,True,False,1,WEAK,16.290000915527344,57.189998626708984
20240910,002506,1,False,True,0,False,False,0,YELLOW,-102.8000030517578,-500.0
20240910,002507,1,False,True,1,True,False,1,WEAK,-3.130000114440918,-2.3299999237060547
20240910,002508,0,False,False,0,False,False,0,OK,-8.079999923706055,-2.4000000953674316
20240910,002510,1,True,False,1,True,False,1,YELLOW,85.9800033569336,-91.18000030517578
20240910,002511,1,False,True,0,False,False,0,YELLOW,-82.95999908447266,113.26000213623048
20240910,002513,1,False,True,1,True,False,1,WEAK,35.75,61.2599983215332
20240910,002515,1,True,False,1,True,False,1,YELLOW,-27.700000762939453,-0.1299999952316284
20240910,002516,1,False,True,1,True,False,1,YELLOW,-16.93000030517578,21.149999618530273
20240910,002517,2,True,True,1,True,False,1,OK,18.43000030517578,17.18000030517578
20240910,002518,0,False,False,0,False,False,0,OK,-57.900001525878906,14.329999923706056
20240910,002519,1,False,True,0,False,False,0,YELLOW,-500.0,-164.91000366210938
20240910,002520,1,True,False,1,True,False,1,WEAK,27.81999969482422,-500.0
20240910,002521,1,True,False,0,False,False,0,YELLOW,-56.290000915527344,-48.369998931884766
20240910,002522,0,False,False,1,True,False,1,YELLOW,-26.049999237060547,-1.3899999856948853
20240910,002523,2,True,True,1,True,False,1,YELLOW,36.29999923706055,109.31999969482422
20240910,002524,0,False,False,1,True,False,1,YELLOW,-500.0,50.75
20240910,002526,0,False,False,0,False,False,0,YELLOW,-35.5099983215332,-60.47999954223633
20240910,002527,0,False,False,1,True,False,1,WEAK,35.38999938964844,51.470001220703125
20240910,002530,1,True,False,0,False,False,0,YELLOW,73.04000091552734,500.0
20240910,002531,1,False,True,0,False,False,0,YELLOW,-74.18000030517578,-77.81999969482422
20240910,002532,1,True,False,0,False,False,0,YELLOW,128.8000030517578,0.0099999997764825
20240910,002533,2,True,True,0,False,False,0,YELLOW,4.980000019073486,3.7899999618530273
20240910,002534,1,True,False,0,False,False,0,YELLOW,500.0,37.58000183105469
20240910,002535,2,True,True,1,True,False,1,YELLOW,-52.29999923706055,-48.0
20240910,002536,2,True,True,0,False,False,0,YELLOW,40.060001373291016,24.649999618530273
20240910,002537,1,True,False,1,True,False,1,YELLOW,283.07000732421875,-38.68000030517578
20240910,002539,1,True,False,1,True,False,1,WEAK,0.4000000059604645,12.100000381469728
20240910,002540,2,True,True,1,True,False,1,YELLOW,-17.670000076293945,-19.56999969482422
20240910,002541,0,False,False,0,False,False,0,YELLOW,-44.90999984741211,0.8799999952316284
20240910,002543,2,True,True,0,False,False,0,YELLOW,8.449999809265137,3.0
20240910,002544,1,False,True,0,False,False,0,YELLOW,70.68000030517578,-180.2899932861328
20240910,002545,0,False,False,0,False,False,0,WEAK,-12.350000381469728,77.94999694824219
20240910,002546,1,True,False,1,True,False,1,WEAK,44.029998779296875,32.68000030517578
20240910,002548,1,True,False,0,False,False,0,WEAK,99.1999969482422,-16.65999984741211
20240910,002549,1,False,True,0,False,False,0,WEAK,96.3000030517578,180.83999633789065
20240910,002550,1,True,False,0,False,False,0,YELLOW,87.4800033569336,10.710000038146973
20240910,002551,0,False,False,1,True,False,1,YELLOW,107.55999755859376,-500.0
20240910,002552,2,True,True,0,False,False,0,YELLOW,88.91000366210938,-23.969999313354492
20240910,002553,1,True,False,1,True,False,1,WEAK,23.690000534057617,10.539999961853027
20240910,002554,1,False,True,1,True,False,1,WEAK,-304.7300109863281,89.76000213623047
20240910,002555,2,True,True,1,True,False,1,OK,3.759999990463257,8.829999923706055
20240910,002556,0,False,False,1,True,False,1,YELLOW,184.16000366210935,-28.18000030517578
20240910,002557,1,True,False,0,False,False,0,YELLOW,8.859999656677246,-84.7699966430664
20240910,002558,2,True,True,1,True,False,1,OK,18.229999542236328,-8.789999961853027
20240910,002559,1,False,True,0,False,False,0,YELLOW,-45.400001525878906,6.239999771118164
20240910,002560,1,False,True,1,True,False,1,YELLOW,-77.66000366210938,89.08000183105469
20240910,002561,1,False,True,1,True,False,1,YELLOW,-95.9800033569336,-261.1300048828125
20240910,002562,1,True,False,1,True,False,1,WEAK,113.6999969482422,463.489990234375
20240910,002563,2,True,True,0,False,False,0,YELLOW,6.159999847412109,-45.220001220703125
20240910,002564,1,True,False,0,False,False,0,YELLOW,99.44000244140624,104.80999755859376
20240910,002565,1,True,False,1,True,False,1,YELLOW,137.7100067138672,-6.239999771118164
20240910,002566,0,False,False,1,True,False,1,YELLOW,-64.33000183105469,-57.06999969482422
20240910,002567,1,True,False,0,False,False,0,YELLOW,119.72000122070312,-500.0
20240910,002568,0,False,False,0,False,False,0,YELLOW,-13.649999618530272,-9.039999961853027
20240910,002570,1,True,False,1,True,False,1,OK,334.44000244140625,64.11000061035156
20240910,002571,2,True,True,1,True,False,1,YELLOW,-48.20000076293945,-500.0
20240910,002572,1,True,False,0,False,False,0,OK,-3.6700000762939458,-19.31999969482422
20240910,002573,0,False,False,0,False,False,0,YELLOW,-500.0,-98.0500030517578
20240910,002574,1,False,True,1,True,False,1,YELLOW,-418.760009765625,-500.0
20240910,002575,0,False,,0,False,False,0,WEAK,-500.0,-78.33000183105469
20240910,002576,1,False,True,1,True,False,1,YELLOW,-28.18000030517578,33.40999984741211
20240910,002577,1,False,True,1,True,False,1,YELLOW,33.45000076293945,-58.91999816894531
20240910,002578,0,False,False,1,True,False,1,YELLOW,-53.689998626708984,-81.16000366210938
20240910,002579,2,True,True,1,True,False,1,WEAK,27.049999237060547,113.1500015258789
20240910,002580,1,False,True,1,True,False,1,YELLOW,19.8799991607666,24.36000061035156
20240910,002582,2,True,True,1,True,False,1,WEAK,-35.709999084472656,147.02000427246094
20240910,002583,1,True,False,1,True,False,1,OK,101.66999816894533,-46.83000183105469
20240910,002584,1,True,False,1,True,False,1,YELLOW,159.6199951171875,-3.900000095367432
20240910,002585,0,False,False,0,False,False,0,WEAK,-97.7300033569336,7.650000095367432
20240910,002587,1,False,True,1,True,False,1,OK,-490.75,500.0
20240910,002588,2,True,True,1,True,False,1,YELLOW,13.15999984741211,30.309999465942383
20240910,002589,1,True,False,1,True,False,1,YELLOW,38.84000015258789,-53.290000915527344
20240910,002590,2,True,True,0,False,False,0,YELLOW,98.62000274658205,-5.980000019073486
20240910,002591,0,False,False,1,True,False,1,WEAK,37.9900016784668,12.90999984741211
20240910,002593,0,False,False,0,False,False,0,YELLOW,-29.049999237060547,64.11000061035156
20240910,002594,1,True,False,1,True,False,1,YELLOW,29.940000534057617,10.43000030517578
20240910,002595,2,True,True,1,True,False,1,YELLOW,20.5,27.81999969482422
20240910,002596,1,True,False,1,True,False,1,WEAK,43.709999084472656,-36.779998779296875
20240910,002597,1,False,True,1,True,False,1,WEAK,-23.309999465942383,35.470001220703125
20240910,002599,1,True,False,0,False,False,0,WEAK,-500.0,53.209999084472656
20240910,002600,1,False,True,1,True,False,1,YELLOW,-3.950000047683716,5.539999961853027
20240910,002601,1,True,False,0,False,False,0,YELLOW,-32.7599983215332,-19.61000061035156
20240910,002602,1,True,False,0,False,False,0,OK,290.20001220703125,124.43000030517578
20240910,002603,0,False,False,0,False,False,0,WEAK,-162.66000366210938,27.079999923706055
20240910,002605,0,False,False,1,True,False,1,OK,-2.5899999141693115,-5.429999828338623
20240910,002606,2,True,True,1,True,False,1,WEAK,500.0,-33.220001220703125
20240910,002607,2,True,True,1,True,False,1,WEAK,136.86000061035156,-41.709999084472656
20240910,002608,1,True,False,0,False,False,0,YELLOW,73.38999938964844,9.130000114440918
20240910,002609,0,False,False,0,False,False,0,OK,-67.2300033569336,241.0099945068359
20240910,002611,1,True,False,1,True,False,1,YELLOW,44.41999816894531,12.119999885559082
20240910,002612,2,True,True,0,False,False,0,OK,11.300000190734863,-2.700000047683716
20240910,002613,1,False,True,1,True,False,1,YELLOW,-31.690000534057617,-30.690000534057617
20240910,002614,0,False,False,1,True,False,1,YELLOW,-20.8799991607666,331.4599914550781
20240910,002615,2,True,True,1,True,False,1,OK,30.0,-28.68000030517578
20240910,002616,0,False,False,1,True,False,1,YELLOW,26.8799991607666,150.3300018310547
20240910,002617,1,True,False,1,True,False,1,YELLOW,108.0,-10.100000381469728
20240910,002622,0,False,False,1,True,False,1,OK,71.93000030517578,-500.0
20240910,002623,0,False,False,0,False,False,0,YELLOW,-500.0,-500.0
20240910,002624,0,False,False,0,False,False,0,WEAK,-500.0,235.1199951171875
20240910,002625,1,True,False,1,True,False,1,YELLOW,18.469999313354492,5.420000076293945
20240910,002626,1,False,True,1,True,False,1,OK,20.799999237060547,86.0999984741211
20240910,002627,0,False,False,1,True,False,1,YELLOW,8.229999542236328,19.0
20240910,002628,1,False,True,1,True,False,1,WEAK,-500.0,5.789999961853027
20240910,002629,2,True,True,1,True,False,1,WEAK,122.4499969482422,36.2400016784668
20240910,002631,0,False,False,1,True,False,1,WEAK,-500.0,-31.979999542236328
20240910,002632,1,True,False,1,True,False,1,YELLOW,2.940000057220459,22.8700008392334
20240910,002633,2,True,True,1,True,False,1,YELLOW,125.72000122070312,-62.9900016784668
20240910,002635,2,True,True,0,False,False,0,YELLOW,-21.190000534057617,-74.9000015258789
20240910,002636,1,True,False,1,True,False,1,YELLOW,25.170000076293945,500.0
20240910,002637,1,True,False,1,True,False,1,YELLOW,207.27000427246097,25.790000915527344
20240910,002638,1,True,False,1,True,False,1,WEAK,8.479999542236328,-16.56999969482422
20240910,002639,1,True,False,1,True,False,1,YELLOW,158.9600067138672,60.22999954223633
20240910,002640,1,False,True,1,True,False,1,WEAK,-358.0199890136719,71.06999969482422
20240910,002641,1,False,True,1,True,False,1,YELLOW,-55.5,-91.86000061035156
20240910,002642,1,True,False,1,True,False,1,YELLOW,101.93000030517578,-54.880001068115234
20240910,002643,0,False,False,0,False,False,0,OK,-71.87000274658203,6.900000095367432
20240910,002644,0,False,False,1,True,False,1,YELLOW,-36.380001068115234,-24.90999984741211
20240910,002645,2,True,True,0,False,False,0,WEAK,-65.51000213623047,170.89999389648438
20240910,002646,1,False,True,0,False,False,0,OK,-55.060001373291016,-35.9900016784668
20240910,002647,0,False,False,1,True,False,1,WEAK,15.829999923706056,125.11000061035156
20240910,002648,2,True,True,0,False,False,0,YELLOW,29.450000762939453,29.61000061035156
20240910,002649,1,False,True,1,True,False,1,YELLOW,-38.849998474121094,55.439998626708984
20240910,002651,1,False,True,0,False,False,0,OK,6.809999942779541,-36.09000015258789
20240910,002652,1,True,False,1,True,False,1,YELLOW,5.550000190734863,-21.43000030517578
20240910,002653,1,True,False,1,True,False,1,OK,-45.400001525878906,90.83999633789062
20240910,002654,1,True,False,0,False,False,0,YELLOW,114.62000274658205,-23.420000076293945
20240910,002655,2,True,True,1,True,False,1,YELLOW,51.22999954223633,28.1200008392334
20240910,002657,1,False,True,1,True,False,1,WEAK,51.2400016784668,-52.529998779296875
20240910,002658,0,False,False,1,True,False,1,WEAK,-12.210000038146973,37.27000045776367
20240910,002659,1,True,False,1,True,False,1,WEAK,26.670000076293945,101.76000213623048
20240910,002660,0,False,False,1,True,False,1,YELLOW,-19.950000762939453,-196.69000244140625
20240910,002661,1,True,False,1,True,False,1,YELLOW,314.9800109863281,-3.9200000762939458
20240910,002662,1,True,False,0,False,False,0,YELLOW,-27.979999542236328,-48.22999954223633
20240910,002663,2,True,True,1,True,False,1,YELLOW,-500.0,-500.0
20240910,002664,2,True,True,1,True,False,1,YELLOW,-92.58999633789062,-53.63999938964844
20240910,002666,2,True,True,1,True,False,1,YELLOW,302.2799987792969,-8.6899995803833
20240910,002668,2,True,True,1,True,False,1,YELLOW,39.790000915527344,11.510000228881836
20240910,002669,0,False,False,1,True,False,1,WEAK,-105.41000366210938,152.6199951171875
20240910,002670,1,False,True,1,True,False,1,WEAK,486.5400085449219,415.0799865722656
20240910,002671,1,True,False,1,True,False,1,YELLOW,500.0,156.47000122070312
20240910,002672,1,False,True,1,True,False,1,WEAK,-4.150000095367432,-8.039999961853027
20240910,002673,1,False,True,1,True,False,1,WEAK,19.709999084472656,20.030000686645508
20240910,002674,1,False,True,0,False,False,0,YELLOW,-25.86000061035156,-51.40999984741211
20240910,002675,0,False,False,0,False,False,0,OK,-62.689998626708984,-23.899999618530273
20240910,002676,1,True,False,0,False,False,0,YELLOW,50.97999954223633,35.150001525878906
20240910,002677,0,False,False,0,False,False,0,OK,-74.72000122070312,-89.0
20240910,002678,0,False,False,1,True,False,1,WEAK,-409.5499877929687,-90.06999969482422
20240910,002679,0,False,False,1,True,False,1,WEAK,74.97000122070312,47.959999084472656
20240910,002681,1,True,False,1,True,False,1,YELLOW,151.9199981689453,-95.02999877929688
20240910,002682,2,True,True,0,False,False,0,WEAK,-6.559999942779541,-83.26000213623047
20240910,002683,2,True,True,1,True,False,1,YELLOW,26.09000015258789,26.760000228881836
20240910,002685,2,True,True,1,True,False,1,WEAK,83.08999633789062,59.88999938964844
20240910,002686,1,True,False,1,True,False,1,YELLOW,106.18000030517578,-33.38999938964844
20240910,002687,1,False,True,0,False,False,0,OK,-64.0,-19.920000076293945
20240910,002688,1,True,False,1,True,False,1,YELLOW,7.510000228881836,50.880001068115234
20240910,002690,0,False,False,0,False,False,0,OK,-9.56999969482422,11.619999885559082
20240910,002692,2,True,True,1,True,False,1,YELLOW,93.45999908447266,-22.350000381469727
20240910,002695,0,False,False,1,True,False,1,YELLOW,-15.989999771118164,40.27000045776367
20240910,002696,0,False,False,1,True,False,1,WEAK,42.11000061035156,122.4800033569336
20240910,002697,1,True,False,0,False,False,0,YELLOW,-2.7899999618530273,8.630000114440918
20240910,002698,0,False,False,0,False,False,0,WEAK,1.5700000524520874,1.3300000429153442
20240910,002700,2,True,True,1,True,False,1,YELLOW,-5.800000190734863,-32.900001525878906
20240910,002701,2,True,True,1,True,False,1,YELLOW,2.069999933242798,-24.170000076293945
20240910,002702,0,False,False,0,False,False,0,WEAK,-266.04998779296875,-51.68000030517578
20240910,002703,1,True,False,0,False,False,0,YELLOW,112.55999755859376,25.270000457763672
20240910,002705,1,True,False,0,False,False,0,YELLOW,8.819999694824219,8.25
20240910,002706,1,False,True,0,False,False,0,OK,-41.61000061035156,12.510000228881836
20240910,002707,2,True,True,1,True,False,1,YELLOW,500.0,-47.290000915527344
20240910,002708,2,True,True,1,True,False,1,YELLOW,124.66999816894533,18.34000015258789
20240910,002709,0,False,False,0,False,False,0,WEAK,-79.08000183105469,26.010000228881836
20240910,002712,0,False,False,0,False,False,0,YELLOW,71.44000244140625,-500.0
20240910,002714,1,True,False,0,False,False,0,WEAK,500.0,500.0
20240910,002715,2,True,True,0,False,False,0,YELLOW,-102.6999969482422,-77.18000030517578
20240910,002716,2,True,True,0,False,False,0,YELLOW,180.57000732421875,367.4100036621094
20240910,002718,0,False,False,0,False,False,0,WEAK,-444.3200073242187,133.24000549316406
20240910,002721,2,True,True,1,True,False,1,WEAK,98.7699966430664,224.47000122070312
20240910,002722,2,True,True,1,True,False,1,YELLOW,24.729999542236328,-31.13999938964844
20240910,002723,1,False,True,0,False,False,0,YELLOW,-500.0,-500.0
20240910,002724,0,False,False,0,False,False,0,YELLOW,-500.0,228.44000244140625
20240910,002725,1,True,False,1,True,False,1,YELLOW,110.72000122070312,500.0
20240910,002727,0,False,False,0,False,False,0,YELLOW,-65.83000183105469,-18.40999984741211
20240910,002728,1,False,True,0,False,False,0,WEAK,-92.5500030517578,500.0
20240910,002729,1,True,False,1,True,False,1,WEAK,500.0,56.90999984741211
20240910,002730,1,True,False,1,True,False,1,YELLOW,-15.020000457763672,-30.6299991607666
20240910,002732,0,False,False,1,True,False,1,YELLOW,-30.170000076293945,-34.040000915527344
20240910,002733,2,True,True,1,True,False,1,YELLOW,38.959999084472656,-3.849999904632568
20240910,002734,0,False,False,1,True,False,1,YELLOW,12.520000457763672,500.0
20240910,002735,2,True,True,0,False,False,0,YELLOW,-236.58999633789065,-3.569999933242798
20240910,002736,1,False,True,0,False,False,0,WEAK,27.829999923706055,71.80000305175781
20240910,002737,0,False,False,0,False,False,0,YELLOW,-65.6500015258789,-89.5199966430664
20240910,002738,0,False,False,1,True,False,1,WEAK,-71.70999908447266,-98.30999755859376
20240910,002739,0,False,False,0,False,False,0,YELLOW,-252.8800048828125,455.3500061035156
20240910,002741,2,True,True,1,True,False,1,WEAK,62.02000045776367,472.7799987792969
20240910,002742,2,True,True,1,True,False,1,WEAK,-73.12999725341797,-136.50999450683594
20240910,002743,0,False,False,1,True,False,1,YELLOW,-47.4900016784668,-17.700000762939453
20240910,002745,2,True,True,1,True,False,1,YELLOW,-22.270000457763672,-39.849998474121094
20240910,002746,1,False,True,0,False,False,0,YELLOW,-11.970000267028809,500.0
20240910,002747,1,False,True,0,False,False,0,WEAK,-500.0,81.8499984741211
20240910,002748,2,True,True,1,True,False,1,YELLOW,500.0,336.3399963378906
20240910,002749,2,True,True,0,False,False,0,YELLOW,24.489999771118164,6.150000095367432
20240910,002752,1,True,False,0,False,False,0,YELLOW,20.979999542236328,-39.439998626708984
20240910,002753,2,True,True,1,True,False,1,YELLOW,11.5,-28.329999923706055
20240910,002755,2,True,True,1,True,False,1,YELLOW,155.5,155.67999267578125
20240910,002756,0,False,False,0,False,False,0,WEAK,-72.4000015258789,-45.959999084472656
20240910,002757,1,True,False,1,True,False,1,YELLOW,-222.86000061035156,-64.66999816894531
20240910,002758,1,False,True,0,False,False,0,YELLOW,3.950000047683716,17.040000915527344
20240910,002759,1,False,True,0,False,False,0,WEAK,-500.0,56.040000915527344
20240910,002760,0,False,False,1,True,False,1,YELLOW,15.050000190734863,385.4299926757813
20240910,002761,0,False,False,0,False,False,0,YELLOW,-75.58000183105469,-45.18000030517578
20240910,002763,0,False,False,0,False,False,0,OK,-60.7599983215332,-12.710000038146973
20240910,002765,1,True,False,1,True,False,1,WEAK,115.4499969482422,138.0
20240910,002766,2,True,True,0,False,False,0,YELLOW,48.900001525878906,-92.95999908447266
20240910,002767,1,False,True,0,False,False,0,OK,-47.880001068115234,75.5199966430664
20240910,002768,1,True,False,0,False,False,0,YELLOW,14.710000038146973,25.829999923706055
20240910,002769,0,False,False,0,False,False,0,WEAK,12.630000114440918,156.6199951171875
20240910,002771,2,True,True,1,True,False,1,WEAK,103.2300033569336,-179.02999877929688
20240910,002772,1,False,True,1,True,False,1,WEAK,-30.06999969482422,166.05999755859375
20240910,002773,1,True,False,0,False,False,0,OK,16.709999084472656,6.510000228881836
20240910,002774,2,True,True,0,False,False,0,YELLOW,-8.960000038146973,-52.560001373291016
20240910,002775,1,False,True,1,True,False,1,YELLOW,-63.290000915527344,-500.0
20240910,002777,0,False,False,0,False,False,0,WEAK,-60.63999938964844,267.260009765625
20240910,002778,1,False,True,0,False,False,0,WEAK,-18.010000228881836,81.94999694824219
20240910,002779,2,True,True,1,True,False,1,YELLOW,33.38999938964844,17.040000915527344
20240910,002780,0,False,False,1,True,False,1,OK,-186.11000061035156,323.2900085449219
20240910,002782,1,True,False,1,True,False,1,YELLOW,38.7400016784668,43.150001525878906
20240910,002783,0,False,False,1,True,False,1,YELLOW,-0.050000000745058,101.4000015258789
20240910,002785,0,False,False,1,True,False,1,YELLOW,-48.540000915527344,28.920000076293945
20240910,002786,1,True,False,1,True,False,1,WEAK,50.310001373291016,60.59000015258789
20240910,002787,1,True,False,1,True,False,1,YELLOW,500.0,16.270000457763672
20240910,002788,1,True,False,1,True,False,1,YELLOW,0.3300000131130218,-17.93000030517578
20240910,002790,0,False,False,0,False,False,0,YELLOW,-20.06999969482422,-49.88999938964844
20240910,002791,0,False,False,0,False,False,0,OK,-83.54000091552734,-159.64999389648438
20240910,002792,2,True,True,1,True,False,1,YELLOW,91.58999633789062,-69.1500015258789
20240910,002793,1,True,False,0,False,False,0,WEAK,-20.229999542236328,102.13999938964844
20240910,002795,0,False,False,0,False,False,0,WEAK,-90.88999938964844,36.52000045776367
20240910,002796,1,True,False,1,True,False,1,YELLOW,53.11000061035156,-500.0
20240910,002797,2,True,True,1,True,False,1,WEAK,177.8300018310547,21.09000015258789
20240910,002798,0,False,False,1,True,False,1,WEAK,9.779999732971191,-27.780000686645508
20240910,002799,0,False,False,1,True,False,1,YELLOW,75.6500015258789,-115.12000274658205
20240910,002800,1,False,True,0,False,False,0,YELLOW,500.0,-140.57000732421875
20240910,002801,2,True,True,1,True,False,1,OK,8.390000343322754,2.0299999713897705
20240910,002802,2,True,True,1,True,False,1,YELLOW,33.349998474121094,-18.049999237060547
20240910,002803,0,False,False,0,False,False,0,OK,-50.83000183105469,79.43000030517578
20240910,002805,1,True,False,1,True,False,1,WEAK,7.079999923706055,-187.8500061035156
20240910,002806,2,True,True,1,True,False,1,YELLOW,98.7300033569336,-200.9499969482422
20240910,002807,2,True,True,0,False,False,0,WEAK,13.039999961853027,21.260000228881836
20240910,002809,0,False,False,1,True,False,1,YELLOW,-49.709999084472656,-111.66000366210938
20240910,002810,0,False,False,0,False,False,0,WEAK,-10.899999618530272,-9.550000190734863
20240910,002811,2,True,True,1,True,False,1,YELLOW,179.6699981689453,67.88999938964844
20240910,002812,0,False,False,0,False,False,0,WEAK,-124.91999816894533,-136.42999267578125
20240910,002813,1,False,True,0,False,False,0,WEAK,-83.87999725341797,-86.62999725341797
20240910,002815,1,False,True,0,False,False,0,YELLOW,-30.239999771118164,-0.5400000214576721
20240910,002817,1,False,True,1,True,False,1,YELLOW,-24.13999938964844,23.530000686645508
20240910,002818,0,False,False,0,False,False,0,OK,-13.920000076293944,-13.369999885559082
20240910,002819,1,True,False,1,True,False,1,WEAK,52.25,2.0999999046325684
20240910,002820,1,False,True,1,True,False,1,WEAK,-57.310001373291016,-119.31999969482422
20240910,002821,0,False,False,0,False,False,0,OK,-59.630001068115234,26.290000915527344
20240910,002823,1,True,False,1,True,False,1,YELLOW,89.54000091552734,72.33000183105469
20240910,002824,1,False,True,1,True,False,1,WEAK,-45.31999969482422,65.06999969482422
20240910,002825,1,True,False,1,True,False,1,YELLOW,23.399999618530273,17.600000381469727
20240910,002826,1,False,True,1,True,False,1,WEAK,500.0,102.33000183105467
20240910,002827,1,True,False,1,True,False,1,YELLOW,37.77000045776367,38.119998931884766
20240910,002828,0,False,False,0,False,False,0,YELLOW,13.43000030517578,-62.470001220703125
20240910,002829,1,False,True,1,True,False,1,WEAK,-500.0,-2.809999942779541
20240910,002830,2,True,True,1,True,False,1,OK,7.690000057220459,-9.109999656677246
20240910,002831,1,True,False,0,False,False,0,YELLOW,1.340000033378601,7.110000133514404
20240910,002832,1,True,False,0,False,False,0,OK,-14.199999809265137,-14.960000038146973
20240910,002833,1,False,True,0,False,False,0,OK,-10.8100004196167,-29.290000915527344
20240910,002835,2,True,True,0,False,False,0,YELLOW,30.1200008392334,-11.550000190734863
20240910,002836,2,True,True,1,True,False,1,YELLOW,297.67999267578125,16.40999984741211
20240910,002837,2,True,True,0,False,False,0,OK,35.869998931884766,18.049999237060547
20240910,002838,1,True,False,0,False,False,0,YELLOW,1.7999999523162842,41.689998626708984
20240910,002839,1,True,False,0,False,False,0,WEAK,6.860000133514404,8.119999885559082
20240910,002840,1,True,False,0,False,False,0,WEAK,109.02999877929688,152.47000122070312
20240910,002841,1,True,False,1,True,False,1,WEAK,-27.940000534057617,-39.720001220703125
20240910,002842,0,False,False,1,True,False,1,WEAK,7.559999942779541,123.38999938964844
20240910,002843,2,True,True,0,False,False,0,WEAK,-60.79999923706055,-31.239999771118164
20240910,002845,1,True,False,0,False,False,0,YELLOW,-24.079999923706055,-333.7099914550781
20240910,002846,2,True,True,0,False,False,0,YELLOW,-500.0,500.0
20240910,002847,2,True,True,0,False,False,0,YELLOW,19.270000457763672,22.5
20240910,002849,1,True,False,0,False,False,0,YELLOW,-19.149999618530273,40.209999084472656
20240910,002850,1,True,False,1,True,False,1,YELLOW,24.75,14.609999656677246
20240910,002851,2,True,True,0,False,False,0,YELLOW,3.069999933242798,-49.970001220703125
20240910,002852,0,False,False,0,False,False,0,YELLOW,33.599998474121094,428.510009765625
20240910,002853,0,False,False,1,True,False,1,YELLOW,-500.0,-199.17999267578125
20240910,002855,1,False,True,1,True,False,1,WEAK,-146.0399932861328,-53.93000030517578
20240910,002857,1,False,True,1,True,False,1,WEAK,500.0,1.309999942779541
20240910,002858,2,True,True,0,False,False,0,WEAK,69.41999816894531,-6.159999847412109
20240910,002859,2,True,True,0,False,False,0,YELLOW,-21.940000534057617,-19.56999969482422
20240910,002860,1,False,True,0,False,False,0,YELLOW,-30.260000228881836,25.959999084472656
20240910,002861,2,True,True,1,True,False,1,WEAK,19.290000915527344,-39.31999969482422
20240910,002862,1,True,False,1,True,False,1,WEAK,53.54999923706055,293.75
20240910,002863,1,True,False,0,False,False,0,YELLOW,6.880000114440918,16.84000015258789
20240910,002864,1,False,True,0,False,False,0,YELLOW,2.990000009536743,4.190000057220459
20240910,002865,0,False,False,0,False,False,0,WEAK,-299.9599914550781,-19.229999542236328
20240910,002866,0,False,False,1,True,False,1,YELLOW,-378.25,-5.920000076293945
20240910,002867,0,False,False,0,False,False,0,YELLOW,-22.11000061035156,-0.6600000262260437
20240910,002868,0,False,False,0,False,False,0,WEAK,-101.26000213623048,39.560001373291016
20240910,002869,2,True,True,0,False,False,0,YELLOW,266.6000061035156,-500.0
20240910,002870,0,False,False,1,True,False,1,YELLOW,-27.489999771118164,-36.810001373291016
20240910,002871,1,False,True,1,True,False,1,OK,16.239999771118164,7.650000095367432
20240910,002873,0,False,False,0,False,False,0,OK,-53.15999984741211,-87.87000274658203
20240910,002875,0,False,False,1,True,False,1,WEAK,-11.520000457763672,4.519999980926514
20240910,002876,2,True,True,0,False,False,0,YELLOW,128.77000427246094,-45.47999954223633
20240910,002877,0,False,False,0,False,False,0,WEAK,-79.94999694824219,-45.84000015258789
20240910,002878,1,False,True,0,False,False,0,WEAK,-500.0,72.19000244140625
20240910,002879,1,True,False,1,True,False,1,OK,3.859999895095825,-32.81999969482422
20240910,002880,2,True,True,0,False,False,0,YELLOW,25.969999313354492,-1.3600000143051147
20240910,002881,2,True,True,1,True,False,1,YELLOW,243.61000061035156,157.8699951171875
20240910,002882,1,False,True,0,False,False,0,YELLOW,-13.979999542236328,-23.030000686645508
20240910,002884,1,True,False,0,False,False,0,OK,14.770000457763672,3.6700000762939458
20240910,002885,1,False,True,1,True,False,1,YELLOW,-7.849999904632568,29.3700008392334
20240910,002886,1,True,False,0,False,False,0,YELLOW,500.0,39.540000915527344
20240910,002887,1,False,True,0,False,False,0,WEAK,25.15999984741211,41.220001220703125
20240910,002888,0,False,False,1,True,False,1,WEAK,284.94000244140625,292.7200012207031
20240910,002889,1,False,True,0,False,False,0,YELLOW,2.009999990463257,-17.75
20240910,002890,0,False,False,1,True,False,1,YELLOW,-25.18000030517578,3.690000057220459
20240910,002891,1,True,False,1,True,False,1,YELLOW,71.73999786376953,44.63999938964844
20240910,002892,1,True,False,1,True,False,1,YELLOW,21.149999618530273,-44.40999984741211
20240910,002893,2,True,True,0,False,False,0,WEAK,40.540000915527344,4.340000152587891
20240910,002895,2,True,True,1,True,False,1,WEAK,23.010000228881836,46.5
20240910,002896,1,True,False,0,False,False,0,YELLOW,3.259999990463257,5.349999904632568
20240910,002897,2,True,True,0,False,False,0,YELLOW,5.130000114440918,-6.039999961853027
20240910,002899,1,True,False,0,False,False,0,YELLOW,24.280000686645508,-40.459999084472656
20240910,002900,1,False,True,0,False,False,0,WEAK,73.8499984741211,-500.0
20240910,002901,1,True,False,0,False,False,0,WEAK,500.0,82.63999938964844
20240910,002902,1,False,True,0,False,False,0,WEAK,-10.039999961853027,7.320000171661377
20240910,002903,0,False,False,0,False,False,0,WEAK,-92.4800033569336,-228.38999938964844
20240910,002905,0,False,False,0,False,False,0,WEAK,-309.3500061035156,106.63999938964844
20240910,002906,2,True,True,0,False,False,0,YELLOW,43.470001220703125,16.530000686645508
20240910,002907,2,True,True,0,False,False,0,OK,146.94000244140625,12.520000457763672
20240910,002908,1,False,True,0,False,False,0,WEAK,-78.88999938964844,-40.33000183105469
20240910,002909,1,False,True,1,True,False,1,YELLOW,99.58999633789062,-500.0
20240910,002910,0,False,False,1,True,False,1,WEAK,-70.58999633789062,60.2599983215332
20240910,002911,1,True,False,1,True,False,1,YELLOW,13.8100004196167,11.65999984741211
20240910,002912,1,False,True,0,False,False,0,WEAK,-39.25,26.11000061035156
20240910,002913,1,False,True,0,False,False,0,YELLOW,-31.920000076293945,-12.789999961853027
20240910,002915,0,False,False,0,False,False,0,WEAK,3.880000114440918,114.7699966430664
20240910,002916,2,True,True,1,True,False,1,YELLOW,74.33999633789062,39.97999954223633
20240910,002917,1,True,False,0,False,False,0,YELLOW,25.1299991607666,24.81999969482422
20240910,002918,0,False,False,0,False,False,0,YELLOW,-57.529998779296875,-123.56999969482422
20240910,002919,0,False,False,1,True,False,1,WEAK,-29.5,-30.450000762939453
20240910,002920,2,True,True,1,True,False,1,YELLOW,32.65999984741211,45.939998626708984
20240910,002921,0,False,False,1,True,False,1,WEAK,-500.0,-36.29999923706055
20240910,002922,2,True,True,0,False,False,0,YELLOW,24.030000686645508,-41.47999954223633
20240910,002923,0,False,False,0,False,False,0,WEAK,-43.279998779296875,-242.47000122070312
20240910,002925,0,False,False,1,True,False,1,YELLOW,-38.43000030517578,14.93000030517578
20240910,002926,0,False,False,0,False,False,0,WEAK,61.25,500.0
20240910,002927,0,False,False,0,False,False,0,YELLOW,-64.87000274658203,-32.849998474121094
20240910,002928,1,True,False,0,False,False,0,WEAK,111.66000366210938,500.0
20240910,002929,1,False,True,0,False,False,0,YELLOW,-45.90999984741211,-85.94999694824219
20240910,002930,1,False,True,0,False,False,0,YELLOW,-54.72999954223633,-116.41999816894533
20240910,002931,0,False,False,0,False,False,0,YELLOW,127.23999786376952,500.0
20240910,002933,2,True,True,1,True,False,1,OK,-107.13999938964844,25.049999237060547
20240910,002935,0,False,False,1,True,False,1,YELLOW,-27.84000015258789,-79.08999633789062
20240910,002936,0,False,False,0,False,False,0,WEAK,3.009999990463257,3.759999990463257
20240910,002937,1,True,False,0,False,False,0,YELLOW,-16.09000015258789,-46.58000183105469
20240910,002938,1,True,False,1,True,False,1,YELLOW,11.399999618530272,51.900001525878906
20240910,002939,0,False,False,0,False,False,0,WEAK,9.970000267028809,92.38999938964844
20240910,002940,0,False,False,0,False,False,0,WEAK,-54.709999084472656,-26.770000457763672
20240910,002941,0,False,False,0,False,False,0,YELLOW,-10.949999809265137,68.69999694824219
20240910,002942,1,True,False,1,True,False,1,YELLOW,185.27999877929688,44.09000015258789
20240910,002943,0,False,False,0,False,False,0,YELLOW,-472.4299926757813,-97.2699966430664
20240910,002945,1,True,False,0,False,False,0,WEAK,84.41999816894531,107.77999877929688
20240910,002946,1,True,False,1,True,False,1,YELLOW,24.469999313354492,31.170000076293945
20240910,002947,1,True,False,1,True,False,1,YELLOW,67.94999694824219,38.880001068115234
20240910,002948,1,True,False,0,False,False,0,WEAK,21.25,17.18000030517578
20240910,002949,2,True,True,1,True,False,1,YELLOW,-12.729999542236328,-44.68000030517578
20240910,002950,1,True,False,1,True,False,1,WEAK,122.29000091552734,8.869999885559082
20240910,002951,1,True,False,1,True,False,1,WEAK,-26.510000228881836,5.599999904632568
20240910,002952,0,False,False,1,True,False,1,WEAK,-43.7599983215332,-90.81999969482422
20240910,002953,2,True,True,1,True,False,1,YELLOW,10.109999656677246,15.779999732971191
20240910,002955,1,True,False,1,True,False,1,OK,-38.720001220703125,-75.72000122070312
20240910,002956,2,True,True,0,False,False,0,OK,16.75,24.239999771118164
20240910,002957,1,True,False,0,False,False,0,OK,13.06999969482422,41.150001525878906
20240910,002958,1,True,False,0,False,False,0,WEAK,12.390000343322754,6.380000114440918
20240910,002959,1,False,True,0,False,False,0,OK,-35.5099983215332,52.45000076293945
20240910,002960,0,False,False,0,False,False,0,OK,-46.279998779296875,-6.449999809265137
20240910,002961,2,True,True,0,False,False,0,WEAK,63.869998931884766,69.91000366210938
20240910,002962,2,True,True,0,False,False,0,YELLOW,0.8799999952316284,-40.25
20240910,002963,1,True,False,0,False,False,0,YELLOW,-135.83999633789062,-227.58999633789065
20240910,002965,1,True,False,0,False,False,0,YELLOW,-10.880000114440918,-38.099998474121094
20240910,002966,1,True,False,1,True,False,1,WEAK,12.5600004196167,6.159999847412109
20240910,002967,2,True,True,1,True,False,1,WEAK,82.88999938964844,26.350000381469727
20240910,002968,0,False,False,0,False,False,0,YELLOW,-22.790000915527344,-11.06999969482422
20240910,002969,1,True,False,1,True,False,1,YELLOW,22.239999771118164,-71.80999755859375
20240910,002970,1,True,False,0,False,False,0,OK,194.3300018310547,50.70000076293945
20240910,002971,2,True,True,0,False,False,0,YELLOW,-15.640000343322754,-0.3199999928474426
20240910,002972,2,True,True,1,True,False,1,OK,70.16999816894531,-5.480000019073486
20240910,002973,2,True,True,0,False,False,0,YELLOW,1.1200000047683716,-26.829999923706055
20240910,002975,2,True,True,0,False,False,0,OK,116.91999816894533,57.0099983215332
20240910,002976,1,False,True,0,False,False,0,YELLOW,-173.0500030517578,352.32000732421875
20240910,002978,1,True,False,0,False,False,0,OK,-8.710000038146973,0.8700000047683716
20240910,002979,1,True,False,1,True,False,1,OK,57.61000061035156,1.6100000143051147
20240910,002980,2,True,True,1,True,False,1,YELLOW,34.459999084472656,-31.219999313354492
20240910,002981,1,True,False,1,True,False,1,YELLOW,32.20000076293945,19.739999771118164
20240910,002982,1,True,False,1,True,False,1,YELLOW,175.3800048828125,-136.97000122070312
20240910,002983,1,False,True,1,True,False,1,YELLOW,-31.63999938964844,48.400001525878906
20240910,002984,2,True,True,1,True,False,1,YELLOW,62.959999084472656,-36.97999954223633
20240910,002985,1,False,True,0,False,False,0,WEAK,-97.0500030517578,29.68000030517578
20240910,002986,1,False,True,0,False,False,0,YELLOW,-33.150001525878906,-89.94999694824219
20240910,002987,1,False,True,1,True,False,1,YELLOW,-7.480000019073486,-6.639999866485596
20240910,002988,2,True,True,0,False,False,0,YELLOW,14.020000457763672,-27.61000061035156
20240910,002989,0,False,False,1,True,False,1,WEAK,-500.0,5.760000228881836
20240910,002990,0,False,False,0,False,False,0,OK,-15.039999961853027,-78.45999908447266
20240910,002991,2,True,True,0,False,False,0,OK,16.90999984741211,-56.0099983215332
20240910,002992,2,True,True,0,False,False,0,WEAK,32.63999938964844,77.7300033569336
20240910,002993,2,True,True,0,False,False,0,YELLOW,11.9399995803833,0.3499999940395355
20240910,002995,2,True,True,1,True,False,1,WEAK,-51.06999969482422,-46.56999969482422
20240910,002996,2,True,True,0,False,False,0,YELLOW,0.7799999713897705,114.0500030517578
20240910,002997,2,True,True,0,False,False,0,YELLOW,75.8499984741211,41.7599983215332
20240910,002998,1,True,False,1,True,False,1,YELLOW,-44.060001373291016,-43.08000183105469
20240910,002999,1,False,True,0,False,False,0,YELLOW,-80.80999755859375,37.36000061035156
20240910,003000,1,True,False,0,False,False,0,YELLOW,39.90999984741211,-28.940000534057617
20240910,003001,1,True,False,1,True,False,1,YELLOW,414.1099853515625,-6.590000152587891
20240910,003002,1,False,True,1,True,False,1,OK,-29.61000061035156,77.63999938964844
20240910,003003,1,True,False,1,True,False,1,YELLOW,32.38999938964844,9.550000190734863
20240910,003005,0,False,False,1,True,False,1,WEAK,500.0,-43.70000076293945
20240910,003006,2,True,True,1,True,False,1,OK,17.770000457763672,6.059999942779541
20240910,003007,1,True,False,0,False,False,0,WEAK,72.0999984741211,-71.4000015258789
20240910,003008,1,True,False,0,False,False,0,OK,62.040000915527344,14.229999542236328
20240910,003009,0,False,False,1,True,False,1,WEAK,-86.22000122070312,-94.51000213623048
20240910,003010,2,True,True,1,True,False,1,OK,97.45999908447266,83.5199966430664
20240910,003011,1,False,True,0,False,False,0,YELLOW,30.540000915527344,500.0
20240910,003012,0,False,False,0,False,False,0,OK,-55.880001068115234,0.4600000083446502
20240910,003013,0,False,False,0,False,False,0,OK,14.81999969482422,5.5
20240910,003015,1,True,False,1,True,False,1,YELLOW,418.760009765625,52.279998779296875
20240910,003016,0,False,False,1,True,False,1,OK,-192.47999572753903,230.1699981689453
20240910,003017,1,True,False,1,True,False,1,YELLOW,5.940000057220459,60.7400016784668
20240910,003018,1,True,False,0,False,False,0,YELLOW,27.40999984741211,-29.510000228881836
20240910,003019,2,True,True,0,False,False,0,YELLOW,-9.199999809265137,-26.6299991607666
20240910,003020,0,False,False,1,True,False,1,WEAK,-20.049999237060547,-9.68000030517578
20240910,003021,1,True,False,0,False,False,0,YELLOW,37.56999969482422,33.38999938964844
20240910,003022,2,True,True,0,False,False,0,YELLOW,2.0,43.209999084472656
20240910,003023,1,True,False,1,True,False,1,OK,1.090000033378601,-29.670000076293945
20240910,003025,2,True,True,1,True,False,1,OK,30.079999923706055,8.760000228881836
20240910,003026,2,True,True,1,True,False,1,OK,152.72999572753906,151.83999633789062
20240910,003027,1,False,True,1,True,False,1,WEAK,108.58999633789062,500.0
20240910,003028,1,False,True,0,False,False,0,YELLOW,-1.0700000524520874,-37.47999954223633
20240910,003029,1,False,True,0,False,False,0,WEAK,13.4399995803833,-32.130001068115234
20240910,003030,0,False,False,0,False,False,0,WEAK,-160.1300048828125,-14.609999656677246
20240910,003031,2,True,True,0,False,False,0,YELLOW,55.959999084472656,55.060001373291016
20240910,003033,1,True,False,1,True,False,1,YELLOW,24.6299991607666,14.18000030517578
20240910,003035,1,True,False,0,False,False,0,YELLOW,-134.39999389648438,5.889999866485596
20240910,003036,1,False,True,1,True,False,1,WEAK,-55.70000076293945,-61.47999954223633
20240910,003037,0,False,False,0,False,False,0,YELLOW,-89.70999908447266,500.0
20240910,003038,1,True,False,0,False,False,0,YELLOW,-48.54999923706055,-88.18000030517578
20240910,003039,1,True,False,0,False,False,0,OK,8.760000228881836,-0.1099999994039535
20240910,003040,1,False,True,0,False,False,0,WEAK,-73.16999816894531,-180.66000366210935
20240910,003041,1,False,True,0,False,False,0,YELLOW,-35.29999923706055,23.020000457763672
20240910,003042,0,False,False,1,True,False,1,WEAK,35.779998779296875,105.80999755859376
20240910,003043,2,True,True,1,True,False,1,OK,-2.75,-47.040000915527344
20240910,003816,1,True,False,1,True,False,1,OK,0.9399999976158142,-19.399999618530273
20240910,300001,1,True,False,0,False,False,0,YELLOW,89.4800033569336,56.029998779296875
20240910,300002,1,True,False,1,True,False,1,OK,38.290000915527344,-21.020000457763672
20240910,300003,0,False,False,0,False,False,0,OK,-80.27999877929688,2.3299999237060547
20240910,300004,1,True,False,1,True,False,1,YELLOW,341.1400146484375,69.30000305175781
20240910,300005,2,True,True,1,True,False,1,OK,252.8300018310547,-80.62000274658203
20240910,300006,1,False,True,1,True,False,1,WEAK,-98.33999633789062,-16.93000030517578
20240910,300007,0,False,False,0,False,False,0,YELLOW,-89.97000122070312,7.980000019073486
20240910,300008,1,False,True,1,True,False,1,YELLOW,42.380001068115234,109.20999908447266
20240910,300009,1,True,False,0,False,False,0,OK,-20.049999237060547,-12.380000114440918
20240910,300011,2,True,True,1,True,False,1,OK,85.08000183105469,-29.81999969482422
20240910,300012,1,True,False,0,False,False,0,OK,9.789999961853027,9.079999923706056
20240910,300013,2,True,True,1,True,False,1,WEAK,28.760000228881836,46.84000015258789
20240910,300014,1,True,False,0,False,False,0,YELLOW,14.760000228881836,-22.81999969482422
20240910,300015,2,True,True,0,False,False,0,OK,-11.81999969482422,14.300000190734863
20240910,300016,1,True,False,1,True,False,1,YELLOW,120.2699966430664,55.58000183105469
20240910,300017,2,True,True,0,False,False,0,YELLOW,27.459999084472656,22.530000686645508
20240910,300018,2,True,True,1,True,False,1,WEAK,133.9199981689453,63.869998931884766
20240910,300019,1,False,True,0,False,False,0,YELLOW,-26.899999618530273,41.83000183105469
20240910,300021,0,False,False,1,True,False,1,YELLOW,-43.54999923706055,126.2699966430664
20240910,300022,1,False,True,1,True,False,1,WEAK,-260.4800109863281,144.11000061035156
20240910,300024,1,True,False,1,True,False,1,WEAK,-46.939998626708984,-12.65999984741211
20240910,300025,0,False,False,0,False,False,0,WEAK,-175.99000549316406,-5.440000057220459
20240910,300026,0,False,False,1,True,False,1,WEAK,-102.02999877929688,-49.529998779296875
20240910,300030,1,False,True,1,True,False,1,WEAK,6.099999904632568,272.3999938964844
20240910,300031,2,True,True,1,True,False,1,OK,44.0099983215332,-41.61000061035156
20240910,300032,1,False,True,1,True,False,1,WEAK,66.83000183105469,71.0
20240910,300033,0,False,False,0,False,False,0,OK,28.93000030517578,40.63999938964844
20240910,300034,2,True,True,0,False,False,0,YELLOW,-24.88999938964844,-67.56999969482422
20240910,300035,1,True,False,1,True,False,1,YELLOW,269.3699951171875,219.0399932861328
20240910,300036,0,False,False,1,True,False,1,YELLOW,-335.5899963378906,-86.80000305175781
20240910,300037,1,False,True,1,True,False,1,WEAK,-0.5899999737739563,8.15999984741211
20240910,300039,2,True,True,0,False,False,0,OK,21.15999984741211,-17.809999465942383
20240910,300040,0,False,False,0,False,False,0,WEAK,-500.0,65.5999984741211
20240910,300041,0,False,False,0,False,False,0,WEAK,-79.37999725341797,24.63999938964844
20240910,300042,0,False,False,0,False,False,0,WEAK,-60.349998474121094,42.93000030517578
20240910,300043,0,False,False,1,True,False,1,WEAK,-429.5700073242187,180.72999572753903
20240910,300045,2,True,True,1,True,False,1,YELLOW,-500.0,-18.600000381469727
20240910,300046,1,True,False,0,False,False,0,WEAK,88.94000244140625,-15.220000267028809
20240910,300047,1,True,False,1,True,False,1,YELLOW,87.05999755859375,25.829999923706055
20240910,300048,2,True,True,0,False,False,0,WEAK,103.6999969482422,500.0
20240910,300049,2,True,True,0,False,False,0,OK,19.329999923706055,-28.38999938964844
20240910,300050,1,False,True,1,True,False,1,WEAK,49.540000915527344,112.0999984741211
20240910,300051,1,False,True,0,False,False,0,WEAK,-234.08999633789065,4.019999980926514
20240910,300052,1,False,True,0,False,False,0,WEAK,22.950000762939453,6.5
20240910,300053,1,False,True,1,True,False,1,WEAK,30.489999771118164,-107.20999908447266
20240910,300054,1,True,False,0,False,False,0,OK,185.2599945068359,49.36000061035156
20240910,300055,1,False,True,1,True,False,1,WEAK,88.77999877929688,500.0
20240910,300056,1,True,False,0,False,False,0,YELLOW,7.679999828338623,-18.219999313354492
20240910,300057,0,False,False,1,True,False,1,WEAK,-147.0500030517578,-203.52999877929688
20240910,300058,1,False,True,0,False,False,0,YELLOW,-320.4800109863281,-13.199999809265137
20240910,300059,0,False,False,0,False,False,0,WEAK,17.700000762939453,35.380001068115234
20240910,300061,1,True,False,1,True,False,1,WEAK,55.939998626708984,46.70000076293945
20240910,300062,0,False,False,1,True,False,1,WEAK,-268.70001220703125,-152.47999572753906
20240910,300063,1,True,False,1,True,False,1,YELLOW,297.55999755859375,45.27000045776367
20240910,300065,1,True,False,1,True,False,1,YELLOW,83.5999984741211,347.5799865722656
20240910,300066,1,False,True,1,True,False,1,WEAK,-115.55999755859376,-32.91999816894531
20240910,300067,2,True,True,0,False,False,0,YELLOW,82.08999633789062,-303.510009765625
20240910,300069,2,True,True,1,True,False,1,YELLOW,349.7200012207031,2.509999990463257
20240910,300070,1,False,True,0,False,False,0,WEAK,-92.0199966430664,-50.529998779296875
20240910,300071,1,True,False,1,True,False,1,WEAK,-323.9599914550781,-500.0
20240910,300072,1,True,False,1,True,False,1,WEAK,-1.409999966621399,75.93000030517578
20240910,300073,0,False,False,0,False,False,0,YELLOW,-86.2300033569336,16.020000457763672
20240910,300074,1,False,True,1,True,False,1,WEAK,-500.0,42.54999923706055
20240910,300075,1,False,True,0,False,False,0,OK,-500.0,-148.1699981689453
20240910,300077,1,True,False,1,True,False,1,WEAK,60.880001068115234,47.61000061035156
20240910,300078,0,False,False,1,True,False,1,WEAK,50.880001068115234,72.08000183105469
20240910,300079,0,False,False,1,True,False,1,YELLOW,410.3299865722656,42.47999954223633
20240910,300080,1,False,True,0,False,False,0,WEAK,-500.0,58.0
20240910,300082,1,True,False,1,True,False,1,WEAK,47.54999923706055,68.63999938964844
20240910,300083,0,False,False,0,False,False,0,YELLOW,212.32000732421875,76.80999755859375
20240910,300084,1,False,True,1,True,False,1,WEAK,-500.0,61.4900016784668
20240910,300085,0,False,False,1,True,False,1,WEAK,-5.96999979019165,-3.9800000190734863
20240910,300086,1,False,True,1,True,False,1,WEAK,-500.0,46.68000030517578
20240910,300087,1,False,True,0,False,False,0,WEAK,-68.4000015258789,-98.27999877929688
20240910,300088,1,True,False,1,True,False,1,WEAK,162.9499969482422,19.670000076293945
20240910,300092,1,True,False,0,False,False,0,YELLOW,0.1899999976158142,-48.040000915527344
20240910,300094,1,True,False,1,True,False,1,YELLOW,-39.220001220703125,-500.0
20240910,300095,1,False,True,1,True,False,1,YELLOW,-500.0,-24.829999923706055
20240910,300097,1,True,False,1,True,False,1,YELLOW,-131.0399932861328,-500.0
20240910,300098,0,False,False,0,False,False,0,WEAK,-154.39999389648438,130.6300048828125
20240910,300099,0,False,False,1,True,False,1,OK,-20.989999771118164,-11.369999885559082
20240910,300100,2,True,True,1,True,False,1,YELLOW,317.739990234375,55.650001525878906
20240910,300101,1,False,True,0,False,False,0,WEAK,-86.4000015258789,82.37000274658203
20240910,300102,2,True,True,1,True,False,1,YELLOW,233.02000427246097,89.6500015258789
20240910,300103,1,True,False,1,True,False,1,WEAK,18.350000381469727,-0.4099999964237213
20240910,300105,2,True,True,0,False,False,0,YELLOW,-59.5,272.32000732421875
20240910,300106,1,False,True,1,True,False,1,WEAK,-85.75,-51.22999954223633
20240910,300107,2,True,True,0,False,False,0,WEAK,35.22999954223633,-56.709999084472656
20240910,300109,0,False,False,0,False,False,0,YELLOW,-25.760000228881836,-40.7599983215332
20240910,300110,0,False,False,1,True,False,1,OK,-500.0,-59.16999816894531
20240910,300111,2,True,True,1,True,False,1,YELLOW,139.9199981689453,-94.45999908447266
20240910,300112,0,False,False,1,True,False,1,OK,-500.0,-500.0
20240910,300113,1,True,False,1,True,False,1,YELLOW,32.88999938964844,54.209999084472656
20240910,300115,1,True,False,1,True,False,1,YELLOW,500.0,32.18000030517578
20240910,300118,0,False,False,0,False,False,0,WEAK,-335.760009765625,19.760000228881836
20240910,300119,1,False,True,0,False,False,0,OK,-11.869999885559082,35.75
20240910,300120,1,False,True,1,True,False,1,YELLOW,106.95999908447266,-36.91999816894531
20240910,300121,1,False,True,0,False,False,0,WEAK,-36.380001068115234,-0.1099999994039535
20240910,300122,0,False,False,0,False,False,0,WEAK,-75.12000274658203,-127.69000244140624
20240910,300124,1,True,False,0,False,False,0,YELLOW,-0.8700000047683716,29.149999618530273
20240910,300126,1,False,True,1,True,False,1,WEAK,-500.0,-25.5
20240910,300127,1,False,True,1,True,False,1,YELLOW,-8.710000038146973,5.269999980926514
20240910,300128,1,False,True,1,True,False,1,WEAK,-25.260000228881836,5.820000171661377
20240910,300129,1,True,False,1,True,False,1,YELLOW,-29.11000061035156,-3.509999990463257
20240910,300130,1,True,False,0,False,False,0,WEAK,-29.6299991607666,-38.900001525878906
20240910,300131,2,True,True,1,True,False,1,YELLOW,67.5999984741211,-14.460000038146973
20240910,300132,1,True,False,1,True,False,1,YELLOW,201.9499969482422,293.9200134277344
20240910,300133,1,False,True,0,False,False,0,WEAK,-41.54999923706055,67.87000274658203
20240910,300134,1,False,True,1,True,False,1,WEAK,-162.3800048828125,7.730000019073486
20240910,300135,1,False,True,1,True,False,1,WEAK,29.969999313354492,-80.69999694824219
20240910,300136,2,True,True,1,True,False,1,YELLOW,22.309999465942383,-24.579999923706055
20240910,300137,0,False,False,0,False,False,0,OK,-13.829999923706056,51.560001373291016
20240910,300138,0,False,False,0,False,False,0,YELLOW,-87.94999694824219,130.47999572753906
20240910,300139,1,False,True,1,True,False,1,WEAK,178.0,263.8399963378906
20240910,300140,1,True,False,0,False,False,0,YELLOW,166.64999389648438,24.520000457763672
20240910,300141,1,False,True,1,True,False,1,YELLOW,-405.7799987792969,-500.0
20240910,300142,0,False,False,0,False,False,0,WEAK,-81.0999984741211,-80.5199966430664
20240910,300143,0,False,False,1,True,False,1,YELLOW,-19.459999084472656,19.219999313354492
20240910,300144,1,True,False,0,False,False,0,OK,500.0,-29.799999237060547
20240910,300145,2,True,True,0,False,False,0,YELLOW,3.9800000190734863,33.91999816894531
20240910,300146,0,False,False,0,False,False,0,OK,-60.779998779296875,-16.59000015258789
20240910,300148,1,True,False,1,True,False,1,WEAK,138.3800048828125,237.13999938964844
20240910,300149,0,False,False,1,True,False,1,WEAK,74.36000061035156,110.61000061035156
20240910,300150,1,True,False,1,True,False,1,OK,246.8800048828125,133.38999938964844
20240910,300151,1,True,False,0,False,False,0,YELLOW,348.1499938964844,-28.600000381469727
20240910,300153,2,True,True,1,True,False,1,YELLOW,40.79999923706055,53.130001068115234
20240910,300154,0,False,False,1,True,False,1,YELLOW,-41.95000076293945,-40.38999938964844
20240910,300155,0,False,False,1,True,False,1,WEAK,-52.380001068115234,-44.33000183105469
20240910,300157,2,True,True,1,True,False,1,WEAK,27.84000015258789,34.18000030517578
20240910,300158,1,False,True,0,False,False,0,OK,-491.3500061035156,73.41999816894531
20240910,300160,1,True,False,1,True,False,1,OK,9.010000228881836,6.989999771118164
20240910,300161,1,False,True,0,False,False,0,WEAK,-124.04000091552734,17.3799991607666
20240910,300162,1,True,False,0,False,False,0,YELLOW,-35.29999923706055,-105.61000061035156
20240910,300163,1,False,True,1,True,False,1,YELLOW,66.44999694824219,47.709999084472656
20240910,300164,1,False,True,1,True,False,1,YELLOW,12.729999542236328,-54.90999984741211
20240910,300165,0,False,False,1,True,False,1,WEAK,15.899999618530272,10.479999542236328
20240910,300166,0,False,False,1,True,False,1,WEAK,88.0,-500.0
20240910,300168,0,False,False,1,True,False,1,WEAK,22.450000762939453,17.860000610351562
20240910,300169,2,True,True,1,True,False,1,YELLOW,63.560001373291016,-500.0
20240910,300170,2,True,True,1,True,False,1,YELLOW,264.6099853515625,31.559999465942383
20240910,300171,0,False,False,0,False,False,0,WEAK,-79.38999938964844,-74.30000305175781
20240910,300172,1,False,True,1,True,False,1,YELLOW,-16.229999542236328,12.06999969482422
20240910,300174,1,True,False,0,False,False,0,YELLOW,7.639999866485596,0.9700000286102296
20240910,300176,1,True,False,1,True,False,1,YELLOW,380.1499938964844,-13.199999809265137
20240910,300177,1,True,False,1,True,False,1,WEAK,81.9800033569336,-16.889999389648438
20240910,300179,1,False,True,1,True,False,1,OK,-11.479999542236328,-34.15999984741211
20240910,300180,1,True,False,1,True,False,1,YELLOW,109.1999969482422,19.229999542236328
20240910,300181,2,True,True,0,False,False,0,WEAK,35.88999938964844,27.239999771118164
20240910,300182,1,False,True,1,True,False,1,WEAK,-44.599998474121094,-40.349998474121094
20240910,300183,2,True,True,1,True,False,1,WEAK,5.900000095367432,-88.37999725341797
20240910,300184,2,True,True,1,True,False,1,YELLOW,58.2400016784668,69.3499984741211
20240910,300185,0,False,False,1,True,False,1,YELLOW,-87.69000244140625,64.16000366210938
20240910,300187,1,True,False,0,False,False,0,YELLOW,112.66000366210938,89.63999938964844
20240910,300188,1,True,False,0,False,False,0,WEAK,-71.61000061035156,17.829999923706055
20240910,300189,2,True,True,1,True,False,1,WEAK,-61.439998626708984,59.83000183105469
20240910,300190,0,False,False,1,True,False,1,YELLOW,-196.5,11.140000343322754
20240910,300191,1,True,False,0,False,False,0,WEAK,57.93000030517578,7.900000095367432
20240910,300192,1,True,False,1,True,False,1,OK,2.9100000858306885,-14.210000038146973
20240910,300193,2,True,True,1,True,False,1,YELLOW,32.88999938964844,-24.959999084472656
20240910,300194,1,True,False,1,True,False,1,WEAK,500.0,-48.84000015258789
20240910,300195,2,True,True,1,True,False,1,WEAK,109.83000183105467,125.5
20240910,300196,0,False,False,0,False,False,0,WEAK,-12.859999656677246,52.52000045776367
20240910,300197,1,False,True,0,False,False,0,WEAK,-58.79999923706055,-46.439998626708984
20240910,300199,1,True,False,0,False,False,0,WEAK,59.439998626708984,306.5899963378906
20240910,300200,2,True,True,0,False,False,0,YELLOW,131.97999572753906,-5.389999866485596
20240910,300201,0,False,False,0,False,False,0,OK,48.16999816894531,29.25
20240910,300203,1,True,False,1,True,False,1,OK,132.82000732421875,-500.0
20240910,300204,1,True,False,1,True,False,1,WEAK,62.189998626708984,-334.8399963378906
20240910,300206,1,False,True,1,True,False,1,OK,-26.1299991607666,26.780000686645508
20240910,300207,2,True,True,1,True,False,1,YELLOW,64.98999786376953,-28.030000686645508
20240910,300209,1,True,False,1,True,False,1,WEAK,74.91000366210938,81.08999633789062
20240910,300210,1,False,True,0,False,False,0,WEAK,55.209999084472656,119.1999969482422
20240910,300213,0,False,False,1,True,False,1,OK,10.43000030517578,-156.0
20240910,300214,1,False,True,0,False,False,0,WEAK,-186.72999572753903,99.7300033569336
20240910,300215,1,True,False,0,False,False,0,OK,-18.899999618530273,-419.2900085449219
20240910,300217,1,True,False,1,True,False,1,YELLOW,-28.84000015258789,-62.209999084472656
20240910,300218,2,True,True,0,False,False,0,YELLOW,159.60000610351562,5.53000020980835
20240910,300219,1,False,True,1,True,False,1,YELLOW,-62.209999084472656,-99.4499969482422
20240910,300220,2,True,True,0,False,False,0,OK,92.86000061035156,-64.6500015258789
20240910,300221,1,True,False,0,False,False,0,YELLOW,48.619998931884766,77.62000274658203
20240910,300222,1,True,False,1,True,False,1,YELLOW,110.1999969482422,500.0
20240910,300223,0,False,False,0,False,False,0,OK,-36.52000045776367,-19.049999237060547
20240910,300224,0,False,False,0,False,False,0,YELLOW,-84.37000274658203,176.2100067138672
20240910,300226,0,False,False,0,False,False,0,YELLOW,-41.43000030517578,-3.8299999237060542
20240910,300227,0,False,False,1,True,False,1,WEAK,-233.1699981689453,-133.55999755859375
20240910,300228,1,True,False,1,True,False,1,YELLOW,55.0,5.28000020980835
20240910,300229,0,False,False,0,False,False,0,YELLOW,-500.0,-344.5799865722656
20240910,300230,1,True,False,1,True,False,1,OK,-6.289999961853027,12.18000030517578
20240910,300231,0,False,False,1,True,False,1,YELLOW,-202.1699981689453,11.760000228881836
20240910,300232,1,False,True,1,True,False,1,OK,-25.969999313354492,71.45999908447266
20240910,300233,2,True,True,0,False,False,0,OK,13.729999542236328,-68.12000274658203
20240910,300234,0,False,False,0,False,False,0,YELLOW,-117.4000015258789,-59.56999969482422
20240910,300235,0,False,False,1,True,False,1,YELLOW,-50.72999954223633,-90.0
20240910,300236,1,True,False,1,True,False,1,YELLOW,30.6299991607666,58.06999969482422
20240910,300238,1,False,True,1,True,False,1,OK,-35.47999954223633,4.650000095367432
20240910,300239,0,False,False,0,False,False,0,YELLOW,-28.170000076293945,-27.40999984741211
20240910,300240,2,True,True,1,True,False,1,YELLOW,-6.320000171661377,500.0
20240910,300241,1,True,False,1,True,False,1,YELLOW,124.30999755859376,-7.920000076293945
20240910,300242,1,True,False,1,True,False,1,WEAK,-4.880000114440918,-4.639999866485596
20240910,300243,1,False,True,0,False,False,0,YELLOW,-77.5,-44.86000061035156
20240910,300244,0,False,False,0,False,False,0,WEAK,-228.9600067138672,-112.2699966430664
20240910,300246,0,False,False,1,True,False,1,WEAK,-18.450000762939453,-6.800000190734863
20240910,300247,2,True,True,1,True,False,1,YELLOW,56.33000183105469,38.959999084472656
20240910,300248,0,False,False,1,True,False,1,WEAK,3.9700000286102295,-53.880001068115234
20240910,300249,2,True,True,1,True,False,1,YELLOW,48.5,335.1199951171875
20240910,300250,1,False,True,1,True,False,1,WEAK,-500.0,111.94000244140624
20240910,300251,1,True,False,0,False,False,0,OK,-37.09000015258789,376.7099914550781
20240910,300252,0,False,False,1,True,False,1,YELLOW,85.94000244140625,72.54000091552734
20240910,300253,1,True,False,0,False,False,0,OK,-62.65999984741211,-500.0
20240910,300254,2,True,True,1,True,False,1,OK,232.72999572753903,-124.98999786376952
20240910,300255,1,True,False,1,True,False,1,WEAK,77.23999786376953,43.619998931884766
20240910,300256,1,True,False,1,True,False,1,WEAK,-7.940000057220459,37.54999923706055
20240910,300257,1,False,True,0,False,False,0,OK,-26.959999084472656,9.739999771118164
20240910,300258,0,False,False,0,False,False,0,YELLOW,-41.209999084472656,-40.630001068115234
20240910,300259,1,False,True,1,True,False,1,OK,-31.049999237060547,11.289999961853027
20240910,300260,1,True,False,0,False,False,0,YELLOW,-0.9300000071525574,-19.61000061035156
20240910,300261,0,False,False,1,True,False,1,WEAK,-146.16000366210938,62.02000045776367
20240910,300263,1,False,True,1,True,False,1,YELLOW,-11.56999969482422,13.289999961853027
20240910,300264,2,True,True,1,True,False,1,WEAK,-13.270000457763672,59.2400016784668
20240910,300265,1,False,True,1,True,False,1,YELLOW,-61.650001525878906,-53.91999816894531
20240910,300266,2,True,True,1,True,False,1,WEAK,62.11000061035156,-27.969999313354492
20240910,300267,0,False,False,1,True,False,1,YELLOW,-59.2400016784668,500.0
20240910,300268,0,False,False,1,True,False,1,WEAK,7.599999904632568,-2.309999942779541
20240910,300269,0,False,False,1,True,False,1,WEAK,42.04999923706055,57.099998474121094
20240910,300270,1,False,True,0,False,False,0,WEAK,16.59000015258789,-1.5399999618530271
20240910,300271,1,True,False,1,True,False,1,WEAK,60.779998779296875,45.689998626708984
20240910,300272,1,True,False,1,True,False,1,YELLOW,-26.709999084472656,24.81999969482422
20240910,300274,2,True,True,1,True,False,1,YELLOW,16.030000686645508,53.52000045776367
20240910,300275,1,True,False,1,True,False,1,OK,28.1200008392334,-14.079999923706056
20240910,300276,0,False,False,1,True,False,1,YELLOW,45.810001373291016,45.599998474121094
20240910,300277,0,False,False,1,True,False,1,YELLOW,242.7899932861328,92.55999755859376
20240910,300278,0,False,False,1,True,False,1,YELLOW,-68.02999877929688,-120.5999984741211
20240910,300279,2,True,True,1,True,False,1,YELLOW,19.93000030517578,15.449999809265137
20240910,300281,1,True,False,1,True,False,1,YELLOW,4.25,-79.27999877929688
20240910,300283,2,True,True,1,True,False,1,WEAK,-33.63999938964844,-41.779998779296875
20240910,300284,2,True,True,0,False,False,0,OK,-34.27000045776367,-50.849998474121094
20240910,300285,2,True,True,0,False,False,0,YELLOW,7.050000190734863,4.099999904632568
20240910,300286,2,True,True,0,False,False,0,OK,-18.06999969482422,22.600000381469727
20240910,300287,1,True,False,1,True,False,1,WEAK,17.81999969482422,34.47999954223633
20240910,300288,0,False,False,1,True,False,1,OK,-500.0,-40.9900016784668
20240910,300289,1,False,True,1,True,False,1,YELLOW,-500.0,-191.6000061035156
20240910,300290,1,True,False,0,False,False,0,WEAK,-348.25,-142.55999755859375
20240910,300291,1,False,True,0,False,False,0,WEAK,-84.8499984741211,28.38999938964844
20240910,300292,1,True,False,1,True,False,1,YELLOW,266.3999938964844,23.510000228881836
20240910,300293,2,True,True,1,True,False,1,WEAK,45.65999984741211,-500.0
20240910,300294,1,True,False,1,True,False,1,YELLOW,110.7699966430664,-36.04999923706055
20240910,300296,0,False,False,0,False,False,0,YELLOW,-500.0,43.59000015258789
20240910,300298,0,False,False,0,False,False,0,WEAK,0.6499999761581421,-11.3100004196167
20240910,300299,1,False,True,1,True,False,1,WEAK,-500.0,68.16000366210938
20240910,300300,2,True,True,1,True,False,1,WEAK,32.09000015258789,-76.72000122070312
20240910,300302,1,True,False,1,True,False,1,OK,-47.2400016784668,-142.25999450683594
20240910,300303,1,True,False,1,True,False,1,YELLOW,43.72999954223633,-6.340000152587891
20240910,300304,2,True,True,0,False,False,0,YELLOW,38.09000015258789,8.800000190734863
20240910,300305,1,False,True,0,False,False,0,WEAK,-500.0,-19.149999618530273
20240910,300306,2,True,True,1,True,False,1,YELLOW,3.0899999141693115,5.559999942779541
20240910,300307,2,True,True,0,False,False,0,YELLOW,112.1500015258789,-21.25
20240910,300308,2,True,True,0,False,False,0,YELLOW,138.66000366210938,70.4000015258789
20240910,300310,2,True,True,1,True,False,1,YELLOW,-184.92999267578125,-347.7200012207031
20240910,300314,1,False,True,1,True,False,1,OK,-59.38999938964844,-7.949999809265137
20240910,300315,0,False,False,1,True,False,1,OK,-44.81999969482422,-57.720001220703125
20240910,300316,1,True,False,0,False,False,0,OK,-43.79999923706055,-74.41999816894531
20240910,300317,1,False,True,0,False,False,0,WEAK,-500.0,59.95000076293945
20240910,300318,1,True,False,1,True,False,1,YELLOW,144.5800018310547,-174.41000366210938
20240910,300319,2,True,True,1,True,False,1,YELLOW,26.770000457763672,-25.899999618530273
20240910,300320,1,True,False,0,False,False,0,YELLOW,20.920000076293945,41.900001525878906
20240910,300321,1,True,False,0,False,False,0,YELLOW,122.25,7.170000076293945
20240910,300322,2,True,True,1,True,False,1,YELLOW,65.2300033569336,500.0
20240910,300323,2,True,True,1,True,False,1,WEAK,21.190000534057617,28.829999923706055
20240910,300324,0,False,False,1,True,False,1,WEAK,6.25,-10.479999542236328
20240910,300327,2,True,True,0,False,False,0,WEAK,26.61000061035156,-43.349998474121094
20240910,300328,0,False,False,1,True,False,1,YELLOW,24.86000061035156,-55.18000030517578
20240910,300329,0,False,False,1,True,False,1,WEAK,-18.479999542236328,-39.16999816894531
20240910,300331,1,True,False,1,True,False,1,YELLOW,-42.290000915527344,-46.68000030517578
20240910,300332,0,False,False,0,False,False,0,WEAK,-118.62999725341795,-43.849998474121094
20240910,300333,1,True,False,1,True,False,1,WEAK,72.38999938964844,10.960000038146973
20240910,300334,2,True,True,1,True,False,1,YELLOW,38.16999816894531,-171.9499969482422
20240910,300335,1,True,False,1,True,False,1,YELLOW,-33.72999954223633,41.20000076293945
20240910,300337,2,True,True,1,True,False,1,YELLOW,-21.450000762939453,-60.4900016784668
20240910,300339,1,True,False,0,False,False,0,YELLOW,53.02000045776367,47.33000183105469
20240910,300340,1,False,True,1,True,False,1,WEAK,55.279998779296875,-11.5
20240910,300341,0,False,False,1,True,False,1,OK,-5.429999828338623,17.1299991607666
20240910,300342,1,False,True,0,False,False,0,YELLOW,126.87000274658205,-45.84000015258789
20240910,300345,1,False,True,1,True,False,1,WEAK,-51.7599983215332,34.119998931884766
20240910,300346,2,True,True,1,True,False,1,OK,53.189998626708984,18.38999938964844
20240910,300347,0,False,False,1,True,False,1,OK,-42.130001068115234,-67.08999633789062
20240910,300348,1,True,False,1,True,False,1,OK,-44.91999816894531,-500.0
20240910,300349,1,True,False,0,False,False,0,YELLOW,-14.260000228881836,-38.43000030517578
20240910,300350,1,True,False,1,True,False,1,WEAK,41.880001068115234,116.0500030517578
20240910,300351,2,True,True,0,False,False,0,YELLOW,29.43000030517578,-24.440000534057617
20240910,300353,2,True,True,1,True,False,1,WEAK,108.5199966430664,7.820000171661377
20240910,300354,2,True,True,0,False,False,0,OK,41.5,2.8399999141693115
20240910,300355,1,False,True,1,True,False,1,WEAK,-122.95999908447266,316.4800109863281
20240910,300357,1,False,True,0,False,False,0,OK,2.7200000286102295,21.969999313354492
20240910,300358,0,False,False,0,False,False,0,WEAK,-259.3299865722656,51.779998779296875
20240910,300359,0,False,False,1,True,False,1,WEAK,-500.0,-129.66000366210938
20240910,300360,2,True,True,0,False,False,0,YELLOW,22.88999938964844,-20.399999618530273
20240910,300363,1,False,True,0,False,False,0,WEAK,-209.7400054931641,103.69000244140624
20240910,300364,0,False,False,0,False,False,0,WEAK,-500.0,-56.540000915527344
20240910,300365,1,False,True,1,True,False,1,WEAK,-500.0,-82.44000244140625
20240910,300368,0,False,False,1,True,False,1,WEAK,0.6100000143051147,41.150001525878906
20240910,300369,1,True,False,1,True,False,1,WEAK,60.58000183105469,30.8799991607666
20240910,300370,1,True,False,1,True,False,1,WEAK,40.290000915527344,-20.8799991607666
20240910,300371,1,False,True,1,True,False,1,YELLOW,-60.06999969482422,122.30999755859376
20240910,300373,2,True,True,1,True,False,1,WEAK,35.43000030517578,32.33000183105469
20240910,300374,1,True,False,0,False,False,0,WEAK,54.72999954223633,27.420000076293945
20240910,300375,1,True,False,1,True,False,1,YELLOW,297.7699890136719,-56.95000076293945
20240910,300376,1,False,True,0,False,False,0,YELLOW,-63.7400016784668,-17.149999618530273
20240910,300377,2,True,True,1,True,False,1,WEAK,-483.4500122070313,-55.380001068115234
20240910,300378,1,True,False,1,True,False,1,WEAK,13.18000030517578,-9.890000343322754
20240910,300380,1,True,False,1,True,False,1,YELLOW,112.2300033569336,47.099998474121094
20240910,300381,2,True,True,0,False,False,0,WEAK,130.35000610351562,-28.510000228881836
20240910,300382,1,False,True,1,True,False,1,WEAK,-233.13999938964844,-500.0
20240910,300383,1,False,True,1,True,False,1,YELLOW,-7.429999828338623,-53.70000076293945
20240910,300384,1,True,False,1,True,False,1,YELLOW,11.699999809265137,-18.1200008392334
20240910,300386,2,True,True,1,True,False,1,WEAK,49.290000915527344,113.25
20240910,300387,1,True,False,1,True,False,1,YELLOW,23.90999984741211,-14.1899995803833
20240910,300388,2,True,True,1,True,False,1,YELLOW,6.139999866485596,-19.700000762939453
20240910,300389,0,False,False,0,False,False,0,YELLOW,-72.51000213623047,90.63999938964844
20240910,300390,0,False,False,1,True,False,1,WEAK,-67.9800033569336,-138.2899932861328
20240910,300393,0,False,False,0,False,False,0,WEAK,-287.17999267578125,43.45000076293945
20240910,300394,2,True,True,0,False,False,0,OK,82.55999755859375,35.27000045776367
20240910,300395,1,False,True,1,True,False,1,WEAK,-46.709999084472656,51.06999969482422
20240910,300397,2,True,True,0,False,False,0,WEAK,47.56999969482422,-96.76000213623048
20240910,300398,1,True,False,0,False,False,0,YELLOW,379.6499938964844,40.470001220703125
20240910,300399,1,False,True,1,True,False,1,WEAK,-46.150001525878906,0.3899999856948852
20240910,300400,1,True,False,1,True,False,1,OK,133.4499969482422,56.86000061035156
20240910,300401,2,True,True,1,True,False,1,WEAK,74.0199966430664,37.36000061035156
20240910,300402,0,False,False,0,False,False,0,YELLOW,15.90999984741211,-15.720000267028809
20240910,300403,1,True,False,1,True,False,1,YELLOW,5.070000171661377,-1.909999966621399
20240910,300404,1,True,False,1,True,False,1,WEAK,92.70999908447266,-53.279998779296875
20240910,300405,1,False,True,1,True,False,1,WEAK,39.790000915527344,-41.150001525878906
20240910,300406,1,True,False,0,False,False,0,OK,1.9299999475479128,-30.079999923706055
20240910,300407,2,True,True,1,True,False,1,YELLOW,-13.81999969482422,-52.68000030517578
20240910,300408,1,True,False,1,True,False,1,OK,58.220001220703125,16.75
20240910,300409,1,True,False,1,True,False,1,YELLOW,333.4700012207031,119.72000122070312
20240910,300410,1,False,True,1,True,False,1,WEAK,0.4199999868869781,103.41000366210938
20240910,300411,2,True,True,0,False,False,0,YELLOW,140.32000732421875,-8.119999885559082
20240910,300412,0,False,False,1,True,False,1,YELLOW,173.05999755859375,-98.2699966430664
20240910,300413,0,False,False,0,False,False,0,WEAK,-2.990000009536743,-33.150001525878906
20240910,300414,0,False,False,1,True,False,1,YELLOW,0.2199999988079071,412.6000061035156
20240910,300415,1,True,False,0,False,False,0,YELLOW,29.850000381469727,15.890000343322754
20240910,300416,0,False,False,0,False,False,0,OK,-25.88999938964844,20.719999313354492
20240910,300417,0,False,False,1,True,False,1,OK,-57.709999084472656,81.73999786376953
20240910,300418,0,False,False,0,False,False,0,WEAK,-349.0799865722656,-110.9000015258789
20240910,300420,1,False,True,1,True,False,1,WEAK,-500.0,123.41999816894533
20240910,300421,2,True,True,0,False,False,0,YELLOW,-2.109999895095825,-1.3899999856948853
20240910,300422,1,True,False,0,False,False,0,YELLOW,-195.3699951171875,-212.27999877929688
20240910,300423,2,True,True,0,False,False,0,YELLOW,98.26000213623048,64.37999725341797
20240910,300424,1,True,False,1,True,False,1,YELLOW,-500.0,39.529998779296875
20240910,300425,0,False,False,1,True,False,1,OK,-67.5199966430664,-84.58999633789062
20240910,300426,2,True,True,1,True,False,1,WEAK,-327.2200012207031,-55.34000015258789
20240910,300427,1,False,True,1,True,False,1,YELLOW,29.200000762939453,294.1400146484375
20240910,300428,1,True,False,0,False,False,0,YELLOW,17.09000015258789,2.240000009536743
20240910,300429,2,True,True,0,False,False,0,WEAK,-197.02999877929688,21.399999618530273
20240910,300432,1,True,False,1,True,False,1,WEAK,149.32000732421875,2.6600000858306885
20240910,300433,1,True,False,1,True,False,1,YELLOW,46.310001373291016,41.849998474121094
20240910,300434,0,False,False,0,False,False,0,YELLOW,-27.8799991607666,50.45000076293945
20240910,300435,0,False,False,0,False,False,0,YELLOW,-130.25,6.019999980926514
20240910,300436,1,True,False,1,True,False,1,WEAK,43.66999816894531,-46.970001220703125
20240910,300437,1,True,False,1,True,False,1,WEAK,34.81999969482422,-328.94000244140625
20240910,300438,0,False,False,1,True,False,1,WEAK,-500.0,-500.0
20240910,300439,1,True,False,1,True,False,1,YELLOW,12.670000076293944,-80.02999877929688
20240910,300440,1,True,False,1,True,False,1,WEAK,15.220000267028809,2.369999885559082
20240910,300441,2,True,True,1,True,False,1,OK,8.729999542236328,-37.91999816894531
20240910,300442,2,True,True,0,False,False,0,OK,4.070000171661377,-7.550000190734863
20240910,300443,1,False,True,1,True,False,1,WEAK,-55.68000030517578,176.8800048828125
20240910,300444,2,True,True,0,False,False,0,YELLOW,35.900001525878906,9.300000190734863
20240910,300445,1,True,False,0,False,False,0,YELLOW,18.479999542236328,-7.079999923706055
20240910,300446,2,True,True,0,False,False,0,WEAK,230.8999938964844,6.090000152587891
20240910,300447,0,False,False,0,False,False,0,WEAK,-88.1500015258789,-46.66999816894531
20240910,300448,1,True,False,1,True,False,1,YELLOW,50.16999816894531,-424.80999755859375
20240910,300449,1,True,False,1,True,False,1,WEAK,38.20000076293945,-202.9499969482422
20240910,300450,0,False,False,0,False,False,0,YELLOW,-79.11000061035156,63.47999954223633
20240910,300451,1,True,False,0,False,False,0,OK,-500.0,-475.239990234375
20240910,300452,0,False,False,0,False,False,0,OK,-26.450000762939453,6.050000190734863
20240910,300453,2,True,True,1,True,False,1,OK,16.020000457763672,9.260000228881836
20240910,300454,1,False,True,0,False,False,0,WEAK,-30.450000762939453,60.439998626708984
20240910,300455,0,False,False,0,False,False,0,YELLOW,-15.220000267028809,-500.0
20240910,300456,1,True,False,0,False,False,0,WEAK,-500.0,59.95000076293945
20240910,300457,1,True,False,0,False,False,0,YELLOW,-7.440000057220459,-17.989999771118164
20240910,300458,2,True,True,1,True,False,1,YELLOW,500.0,65.97000122070312
20240910,300459,0,False,False,1,True,False,1,YELLOW,2.0799999237060547,-149.24000549316406
20240910,300461,1,False,True,1,True,False,1,WEAK,-500.0,-3.549999952316284
20240910,300463,2,True,True,1,True,False,1,YELLOW,-56.20000076293945,-68.23999786376953
20240910,300464,1,False,True,1,True,False,1,YELLOW,-500.0,500.0
20240910,300465,0,False,False,1,True,False,1,YELLOW,18.229999542236328,50.040000915527344
20240910,300466,1,False,True,1,True,False,1,YELLOW,-88.95999908447266,-500.0
20240910,300467,0,False,False,0,False,False,0,WEAK,-42.25,-32.029998779296875
20240910,300468,2,True,True,1,True,False,1,OK,55.59000015258789,25.31999969482422
20240910,300469,2,True,True,1,True,False,1,WEAK,33.02000045776367,-14.630000114440918
20240910,300470,1,True,False,0,False,False,0,WEAK,16.450000762939453,8.479999542236328
20240910,300471,0,False,False,1,True,False,1,WEAK,15.270000457763672,231.6999969482422
20240910,300473,1,True,False,1,True,False,1,YELLOW,500.0,215.47000122070312
20240910,300474,2,True,True,0,False,False,0,WEAK,-500.0,-500.0
20240910,300475,2,True,True,0,False,False,0,YELLOW,0.0299999993294477,-28.760000228881836
20240910,300476,2,True,True,0,False,False,0,YELLOW,72.4000015258789,365.69000244140625
20240910,300478,1,True,False,0,False,False,0,WEAK,35.54999923706055,21.700000762939453
20240910,300479,1,False,True,1,True,False,1,WEAK,107.62000274658205,22.260000228881836
20240910,300480,0,False,False,0,False,False,0,WEAK,-285.4200134277344,115.41999816894533
20240910,300481,0,False,False,0,False,False,0,WEAK,-13.4399995803833,-38.119998931884766
20240910,300482,1,True,False,0,False,False,0,YELLOW,19.899999618530273,-52.72999954223633
20240910,300483,1,False,True,1,True,False,1,WEAK,-161.22999572753906,109.29000091552734
20240910,300484,1,False,True,1,True,False,1,OK,28.86000061035156,275.67999267578125
20240910,300485,1,False,True,1,True,False,1,WEAK,127.94000244140624,-52.209999084472656
20240910,300486,0,False,False,1,True,False,1,WEAK,6.659999847412109,108.79000091552734
20240910,300487,2,True,True,1,True,False,1,OK,2.990000009536743,11.079999923706056
20240910,300488,2,True,True,0,False,False,0,OK,-13.170000076293944,16.809999465942383
20240910,300489,1,True,False,1,True,False,1,WEAK,85.41999816894531,115.16999816894533
20240910,300490,0,False,False,0,False,False,0,WEAK,-114.52999877929688,-188.97000122070312
20240910,300491,0,False,False,1,True,False,1,OK,-77.3499984741211,-30.959999084472656
20240910,300492,2,True,True,0,False,False,0,OK,123.08999633789062,105.0999984741211
20240910,300493,2,True,True,1,True,False,1,YELLOW,10.170000076293944,8.279999732971191
20240910,300494,0,False,False,0,False,False,0,WEAK,-269.42999267578125,500.0
20240910,300496,1,False,True,0,False,False,0,YELLOW,-48.4900016784668,54.439998626708984
20240910,300497,1,True,False,0,False,False,0,WEAK,-54.119998931884766,34.90999984741211
20240910,300498,1,True,False,0,False,False,0,WEAK,248.3800048828125,139.77999877929688
20240910,300499,1,False,True,0,False,False,0,WEAK,-78.62999725341797,336.04998779296875
20240910,300500,1,False,True,1,True,False,1,WEAK,66.38999938964844,361.1000061035156
20240910,300501,2,True,True,1,True,False,1,YELLOW,1.7100000381469729,-74.08000183105469
20240910,300502,2,True,True,0,False,False,0,OK,317.5899963378906,354.92999267578125
20240910,300503,1,True,False,1,True,False,1,OK,117.81999969482422,45.08000183105469
20240910,300504,0,False,False,1,True,False,1,YELLOW,-129.60000610351562,-231.3800048828125
20240910,300505,2,True,True,0,False,False,0,WEAK,260.1600036621094,178.5
20240910,300507,2,True,True,1,True,False,1,YELLOW,21.719999313354492,3.5799999237060547
20240910,300508,0,False,False,1,True,False,1,YELLOW,66.77999877929688,-10.31999969482422
20240910,300509,1,False,True,1,True,False,1,WEAK,25.15999984741211,158.7100067138672
20240910,300510,0,False,False,1,True,False,1,WEAK,-500.0,-101.5500030517578
20240910,300511,0,False,False,1,True,False,1,WEAK,-225.3500061035156,23.260000228881836
20240910,300512,0,False,False,1,True,False,1,WEAK,-57.369998931884766,-27.920000076293945
20240910,300513,1,False,True,0,False,False,0,WEAK,-500.0,-110.27999877929688
20240910,300514,0,False,False,0,False,False,0,YELLOW,0.699999988079071,-42.529998779296875
20240910,300515,1,True,False,0,False,False,0,OK,259.3399963378906,47.599998474121094
20240910,300516,2,True,True,1,True,False,1,YELLOW,-67.80999755859375,-49.189998626708984
20240910,300517,1,True,False,1,True,False,1,WEAK,122.80999755859376,-76.80000305175781
20240910,300518,1,False,True,1,True,False,1,WEAK,-25.760000228881836,55.849998474121094
20240910,300519,1,False,True,1,True,False,1,WEAK,-24.5,30.40999984741211
20240910,300520,0,False,False,0,False,False,0,WEAK,89.47000122070312,-91.75
20240910,300521,0,False,False,1,True,False,1,WEAK,61.099998474121094,-148.49000549316406
20240910,300522,1,True,False,0,False,False,0,YELLOW,-18.559999465942383,-52.720001220703125
20240910,300523,0,False,False,0,False,False,0,WEAK,-500.0,40.529998779296875
20240910,300525,1,True,False,1,True,False,1,WEAK,-8.949999809265137,6.28000020980835
20240910,300528,0,False,False,1,True,False,1,WEAK,-405.9200134277344,88.0999984741211
20240910,300529,2,True,True,0,False,False,0,OK,90.45999908447266,-29.079999923706055
20240910,300530,2,True,True,1,True,False,1,WEAK,-78.5199966430664,19.56999969482422
20240910,300531,1,False,True,1,True,False,1,YELLOW,17.68000030517578,234.1300048828125
20240910,300532,1,True,False,1,True,False,1,YELLOW,-31.59000015258789,-31.25
20240910,300533,1,False,True,0,False,False,0,WEAK,-253.66000366210935,158.52999877929688
20240910,300534,0,False,False,1,True,False,1,WEAK,-4.929999828338623,42.88999938964844
20240910,300535,1,True,False,1,True,False,1,YELLOW,19.969999313354492,-56.52000045776367
20240910,300536,1,False,True,0,False,False,0,OK,-116.33999633789062,-500.0
20240910,300537,1,True,False,0,False,False,0,YELLOW,-500.0,-58.88999938964844
20240910,300538,1,False,True,1,True,False,1,YELLOW,-500.0,15.449999809265137
20240910,300539,1,False,True,1,True,False,1,YELLOW,15.609999656677246,86.69999694824219
20240910,300540,1,True,False,0,False,False,0,WEAK,500.0,500.0
20240910,300541,1,False,True,1,True,False,1,YELLOW,-75.18000030517578,500.0
20240910,300542,1,False,True,0,False,False,0,WEAK,-366.8200073242187,39.33000183105469
20240910,300543,0,False,False,1,True,False,1,YELLOW,28.469999313354492,-12.850000381469728
20240910,300545,1,True,False,1,True,False,1,OK,40.91999816894531,-34.93000030517578
20240910,300546,1,True,False,1,True,False,1,YELLOW,155.44000244140625,205.36000061035156
20240910,300547,2,True,True,0,False,False,0,YELLOW,26.309999465942383,1.4900000095367432
20240910,300548,1,False,True,0,False,False,0,YELLOW,421.5700073242187,500.0
20240910,300549,1,False,True,1,True,False,1,YELLOW,-23.13999938964844,-17.829999923706055
20240910,300550,0,False,False,1,True,False,1,WEAK,-2.559999942779541,72.37999725341797
20240910,300551,0,False,False,1,True,False,1,WEAK,-132.14999389648438,5.210000038146973
20240910,300552,0,False,False,0,False,False,0,WEAK,-0.1199999973177909,24.399999618530273
20240910,300553,1,False,True,0,False,False,0,OK,-22.239999771118164,109.86000061035156
20240910,300554,1,False,True,0,False,False,0,WEAK,-500.0,22.780000686645508
20240910,300556,0,False,False,1,True,False,1,WEAK,-500.0,28.8700008392334
20240910,300557,1,True,False,0,False,False,0,OK,60.41999816894531,18.559999465942383
20240910,300558,1,True,False,1,True,False,1,YELLOW,55.91999816894531,-11.970000267028809
20240910,300559,1,False,True,0,False,False,0,OK,-73.19000244140625,-6.78000020980835
20240910,300560,0,False,False,1,True,False,1,WEAK,-117.37000274658205,-39.66999816894531
20240910,300562,2,True,True,1,True,False,1,YELLOW,148.36000061035156,17.56999969482422
20240910,300563,1,False,True,1,True,False,1,YELLOW,-15.399999618530272,125.80999755859376
20240910,300564,0,False,False,1,True,False,1,WEAK,-195.32000732421875,-11.140000343322754
20240910,300565,1,False,True,1,True,False,1,WEAK,7.789999961853027,52.349998474121094
20240910,300566,1,True,False,1,True,False,1,YELLOW,92.51000213623048,-1.9299999475479128
20240910,300567,1,True,False,0,False,False,0,OK,-500.0,-500.0
20240910,300568,1,False,True,0,False,False,0,WEAK,-48.16999816894531,-75.41000366210938
20240910,300569,0,False,False,1,True,False,1,YELLOW,-200.82000732421875,5.860000133514404
20240910,300570,2,True,True,0,False,False,0,OK,82.66999816894531,134.63999938964844
20240910,300571,1,False,True,1,True,False,1,YELLOW,-356.2099914550781,500.0
20240910,300572,1,False,True,1,True,False,1,WEAK,-121.95999908447266,9.710000038146973
20240910,300573,1,True,False,0,False,False,0,OK,44.540000915527344,96.3000030517578
20240910,300575,1,False,True,1,True,False,1,WEAK,-89.0199966430664,-242.3300018310547
20240910,300576,2,True,True,0,False,False,0,OK,43.630001068115234,3.3299999237060547
20240910,300577,2,True,True,1,True,False,1,YELLOW,109.66999816894533,13.979999542236328
20240910,300578,1,True,False,1,True,False,1,WEAK,101.16999816894533,245.47999572753903
20240910,300579,1,False,True,1,True,False,1,WEAK,109.48999786376952,-204.9499969482422
20240910,300580,2,True,True,0,False,False,0,OK,8.109999656677246,3.630000114440918
20240910,300581,0,False,False,0,False,False,0,WEAK,-500.0,-40.310001373291016
20240910,300582,1,True,False,1,True,False,1,YELLOW,104.91000366210938,-208.16000366210935
20240910,300583,0,False,False,1,True,False,1,YELLOW,-500.0,-500.0
20240910,300584,1,True,False,1,True,False,1,YELLOW,9.880000114440918,13.06999969482422
20240910,300585,0,False,False,1,True,False,1,WEAK,-406.7999877929687,5.949999809265137
20240910,300586,1,False,True,1,True,False,1,WEAK,-66.87999725341797,-121.79000091552734
20240910,300587,2,True,True,0,False,False,0,WEAK,92.33999633789062,-318.70001220703125
20240910,300588,1,False,True,1,True,False,1,WEAK,-50.08000183105469,-33.65999984741211
20240910,300589,1,True,False,0,False,False,0,WEAK,-52.93000030517578,-188.3699951171875
20240910,300590,1,True,False,1,True,False,1,YELLOW,-1.2799999713897705,-73.25
20240910,300591,0,False,False,1,True,False,1,WEAK,-69.80999755859375,-35.939998626708984
20240910,300592,1,False,True,0,False,False,0,OK,-44.029998779296875,-81.36000061035156
20240910,300593,0,False,False,0,False,False,0,WEAK,-500.0,-37.79999923706055
20240910,300595,2,True,True,0,False,False,0,OK,-14.119999885559082,-23.600000381469727
20240910,300596,1,True,False,0,False,False,0,YELLOW,19.670000076293945,11.550000190734863
20240910,300597,1,False,True,1,True,False,1,YELLOW,-67.0,-354.1700134277344
20240910,300598,2,True,True,1,True,False,1,WEAK,31.0,8.130000114440918
20240910,300599,1,False,True,1,True,False,1,WEAK,-500.0,66.5999984741211
20240910,300600,1,True,False,1,True,False,1,WEAK,31.209999084472656,-181.97999572753903
20240910,300601,0,False,False,0,False,False,0,OK,-65.93000030517578,-84.8499984741211
20240910,300602,1,True,False,1,True,False,1,YELLOW,92.80999755859376,176.9199981689453
20240910,300603,2,True,True,1,True,False,1,WEAK,14.06999969482422,-278.9700012207031
20240910,300604,2,True,True,1,True,False,1,OK,500.0,71.31999969482422
20240910,300605,0,False,False,1,True,False,1,WEAK,-500.0,105.33999633789062
20240910,300606,2,True,True,1,True,False,1,YELLOW,-135.3699951171875,-11.84000015258789
20240910,300607,1,False,True,0,False,False,0,YELLOW,-445.3299865722656,-28.530000686645508
20240910,300608,1,False,True,0,False,False,0,WEAK,-374.4500122070313,-33.040000915527344
20240910,300609,1,False,True,1,True,False,1,WEAK,9.979999542236328,40.09000015258789
20240910,300610,1,True,False,1,True,False,1,YELLOW,71.9000015258789,33.849998474121094
20240910,300611,1,True,False,1,True,False,1,YELLOW,178.58999633789062,72.25
20240910,300612,0,False,False,1,True,False,1,WEAK,57.560001373291016,13.050000190734863
20240910,300613,1,False,True,1,True,False,1,OK,1.2100000381469729,-84.29000091552734
20240910,300614,1,False,True,0,False,False,0,WEAK,-188.27000427246097,11.130000114440918
20240910,300615,0,False,False,1,True,False,1,WEAK,-143.1199951171875,134.82000732421875
20240910,300616,1,False,True,0,False,False,0,WEAK,-500.0,25.420000076293945
20240910,300617,1,False,True,0,False,False,0,WEAK,-5.809999942779541,-39.869998931884766
20240910,300618,2,True,True,0,False,False,0,YELLOW,20.149999618530273,-17.479999542236328
20240910,300619,0,False,False,0,False,False,0,WEAK,-207.97000122070312,-120.11000061035156
20240910,300620,2,True,True,0,False,False,0,OK,22.18000030517578,73.77999877929688
20240910,300621,1,True,False,1,True,False,1,YELLOW,156.63999938964844,-46.79999923706055
20240910,300622,0,False,False,1,True,False,1,OK,-24.030000686645508,8.239999771118164
20240910,300623,2,True,True,1,True,False,1,YELLOW,103.52999877929688,46.56999969482422
20240910,300624,1,False,True,0,False,False,0,OK,-279.79998779296875,-500.0
20240910,300625,1,False,True,0,False,False,0,YELLOW,-94.8499984741211,-241.38999938964844
20240910,300626,1,True,False,1,True,False,1,YELLOW,95.80999755859376,-63.52000045776367
20240910,300627,1,True,False,1,True,False,1,OK,35.310001373291016,41.79999923706055
20240910,300628,2,True,True,1,True,False,1,OK,36.150001525878906,-7.75
20240910,300629,2,True,True,0,False,False,0,OK,-10.25,-91.16000366210938
20240910,300631,1,True,False,0,False,False,0,YELLOW,20.09000015258789,240.0399932861328
20240910,300632,1,False,True,1,True,False,1,OK,-62.599998474121094,-76.23999786376953
20240910,300633,0,False,False,0,False,False,0,OK,-75.06999969482422,-74.26000213623047
20240910,300634,2,True,True,0,False,False,0,OK,16.809999465942383,-12.84000015258789
20240910,300635,1,False,True,1,True,False,1,YELLOW,-500.0,-64.62999725341797
20240910,300636,2,True,True,0,False,False,0,OK,1.5099999904632568,-20.5
20240910,300637,1,False,True,0,False,False,0,WEAK,49.75,186.2100067138672
20240910,300638,2,True,True,0,False,False,0,YELLOW,-5.840000152587891,-36.060001373291016
20240910,300639,0,False,False,1,True,False,1,WEAK,-500.0,-11.630000114440918
20240910,300640,1,False,True,1,True,False,1,YELLOW,-30.030000686645508,-47.5099983215332
20240910,300641,2,True,True,0,False,False,0,YELLOW,500.0,119.19000244140624
20240910,300642,1,False,True,1,True,False,1,YELLOW,-59.2400016784668,-159.91000366210938
20240910,300643,1,True,False,0,False,False,0,OK,8.579999923706055,59.84000015258789
20240910,300644,2,True,True,0,False,False,0,YELLOW,7.519999980926514,43.310001373291016
20240910,300645,0,False,False,1,True,False,1,WEAK,-89.44999694824219,-110.80999755859376
20240910,300647,1,True,False,1,True,False,1,WEAK,-70.02999877929688,121.95999908447266
20240910,300648,1,True,False,1,True,False,1,WEAK,53.45000076293945,61.77000045776367
20240910,300649,1,False,True,0,False,False,0,WEAK,-500.0,44.470001220703125
20240910,300650,1,False,True,0,False,False,0,YELLOW,5.78000020980835,61.18000030517578
20240910,300651,0,False,False,0,False,False,0,OK,-88.97000122070312,44.2400016784668
20240910,300652,1,True,False,0,False,False,0,YELLOW,3.0299999713897705,53.45000076293945
20240910,300653,1,False,True,0,False,False,0,OK,-32.59000015258789,-46.77000045776367
20240910,300654,2,True,True,0,False,False,0,OK,-8.0600004196167,-112.5199966430664
20240910,300655,1,False,True,0,False,False,0,WEAK,-490.9599914550781,500.0
20240910,300656,1,False,True,0,False,False,0,WEAK,-500.0,-417.239990234375
20240910,300657,2,True,True,0,False,False,0,YELLOW,85.44999694824219,500.0
20240910,300658,2,True,True,1,True,False,1,YELLOW,67.18000030517578,-24.90999984741211
20240910,300659,2,True,True,1,True,False,1,WEAK,27.950000762939453,17.40999984741211
20240910,300660,1,False,True,0,False,False,0,YELLOW,3.5299999713897705,3.6700000762939458
20240910,300661,1,True,False,0,False,False,0,WEAK,113.04000091552734,-14.979999542236328
20240910,300662,1,False,True,0,False,False,0,YELLOW,3.569999933242798,50.08000183105469
20240910,300663,1,True,False,1,True,False,1,WEAK,-313.6199951171875,-17.920000076293945
20240910,300664,1,False,True,0,False,False,0,WEAK,-37.08000183105469,-18.729999542236328
20240910,300665,1,False,True,1,True,False,1,WEAK,-500.0,16.309999465942383
20240910,300666,2,True,True,1,True,False,1,OK,94.91999816894533,3.5999999046325684
20240910,300667,0,False,False,1,True,False,1,OK,-500.0,-500.0
20240910,300668,0,False,False,1,True,False,1,WEAK,-131.5399932861328,-500.0
20240910,300669,0,False,False,1,True,False,1,YELLOW,-47.650001525878906,-44.560001373291016
20240910,300670,2,True,True,0,False,False,0,WEAK,28.559999465942383,-38.63999938964844
20240910,300671,2,True,True,1,True,False,1,WEAK,26.809999465942383,13.100000381469728
20240910,300672,1,False,True,0,False,False,0,YELLOW,-71.81999969482422,9.420000076293944
20240910,300673,2,True,True,0,False,False,0,YELLOW,500.0,-19.190000534057617
20240910,300674,1,False,True,1,True,False,1,YELLOW,10.479999542236328,49.45000076293945
20240910,300675,2,True,True,1,True,False,1,WEAK,101.98999786376952,-75.8499984741211
20240910,300676,0,False,False,1,True,False,1,OK,-500.0,-500.0
20240910,300677,1,True,False,1,True,False,1,WEAK,500.0,-17.790000915527344
20240910,300678,0,False,False,0,False,False,0,WEAK,-88.80000305175781,0.2300000041723251
20240910,300679,2,True,True,0,False,False,0,OK,75.56999969482422,-19.06999969482422
20240910,300680,1,True,False,0,False,False,0,YELLOW,59.18000030517578,4.630000114440918
20240910,300681,1,True,False,1,True,False,1,YELLOW,23.170000076293945,169.92999267578125
20240910,300682,1,False,True,1,True,False,1,OK,-152.13999938964844,199.94000244140625
20240910,300683,0,False,False,1,True,False,1,WEAK,29.11000061035156,-22.190000534057617
20240910,300684,2,True,True,1,True,False,1,YELLOW,228.13999938964844,148.27999877929688
20240910,300685,1,True,False,1,True,False,1,OK,-2.450000047683716,39.970001220703125
20240910,300686,2,True,True,1,True,False,1,WEAK,44.619998931884766,33.20000076293945
20240910,300687,2,True,True,0,False,False,0,OK,-40.65999984741211,-45.72999954223633
20240910,300688,1,False,True,0,False,False,0,WEAK,-500.0,51.52000045776367
20240910,300689,1,False,True,1,True,False,1,YELLOW,71.12000274658203,387.9299926757813
20240910,300690,1,False,True,0,False,False,0,YELLOW,1.7300000190734863,190.6999969482422
20240910,300691,1,False,True,1,True,False,1,YELLOW,-46.90999984741211,-225.4600067138672
20240910,300692,1,False,True,1,True,False,1,YELLOW,-38.81999969482422,5.190000057220459
20240910,300693,2,True,True,0,False,False,0,YELLOW,9.479999542236328,-12.699999809265137
20240910,300694,2,True,True,0,False,False,0,YELLOW,-20.31999969482422,-68.48999786376953
20240910,300695,1,False,True,0,False,False,0,OK,-32.689998626708984,-13.06999969482422
20240910,300696,1,False,True,0,False,False,0,WEAK,-208.4199981689453,140.41000366210938
20240910,300697,0,False,False,0,False,False,0,YELLOW,-5.679999828338623,24.969999313354492
20240910,300698,1,False,True,0,False,False,0,YELLOW,-45.900001525878906,2.6700000762939453
20240910,300699,1,False,True,1,True,False,1,OK,-6.150000095367432,-24.229999542236328
20240910,300700,1,False,True,0,False,False,0,WEAK,-325.1600036621094,-56.7400016784668
20240910,300701,2,True,True,1,True,False,1,OK,51.34000015258789,-30.739999771118164
20240910,300702,0,False,False,0,False,False,0,YELLOW,6.940000057220459,125.11000061035156
20240910,300703,1,False,True,0,False,False,0,YELLOW,44.709999084472656,36.619998931884766
20240910,300705,1,True,False,0,False,False,0,OK,39.68000030517578,10.739999771118164
20240910,300706,1,True,False,1,True,False,1,YELLOW,-500.0,-500.0
20240910,300707,2,True,True,0,False,False,0,YELLOW,65.52999877929688,-87.95999908447266
20240910,300708,2,True,True,1,True,False,1,YELLOW,52.779998779296875,8.119999885559082
20240910,300709,1,True,False,1,True,False,1,YELLOW,-14.15999984741211,45.11000061035156
20240910,300710,2,True,True,1,True,False,1,YELLOW,-500.0,-500.0
20240910,300711,2,True,True,0,False,False,0,YELLOW,21.1299991607666,-52.560001373291016
20240910,300712,2,True,True,0,False,False,0,YELLOW,-55.15999984741211,5.949999809265137
20240910,300713,0,False,False,1,True,False,1,WEAK,-97.9800033569336,7.079999923706055
20240910,300715,0,False,False,0,False,False,0,YELLOW,-500.0,183.22000122070312
20240910,300717,1,True,False,0,False,False,0,YELLOW,24.950000762939453,6.630000114440918
20240910,300718,1,True,False,0,False,False,0,YELLOW,-4.21999979019165,7.119999885559082
20240910,300719,2,True,True,0,False,False,0,OK,-93.75,-190.11000061035156
20240910,300720,1,True,False,0,False,False,0,OK,32.59000015258789,-18.06999969482422
20240910,300721,1,True,False,0,False,False,0,WEAK,132.77000427246094,-500.0
20240910,300722,2,True,True,0,False,False,0,WEAK,3.930000066757202,-29.979999542236328
20240910,300723,1,False,True,0,False,False,0,WEAK,-340.82000732421875,-410.19000244140625
20240910,300724,2,True,True,0,False,False,0,YELLOW,68.2300033569336,42.40999984741211
20240910,300725,0,False,False,0,False,False,0,WEAK,-1.659999966621399,-11.81999969482422
20240910,300726,0,False,False,1,True,False,1,WEAK,-40.380001068115234,15.5
20240910,300727,2,True,True,1,True,False,1,YELLOW,22.1299991607666,47.31999969482422
20240910,300729,2,True,True,0,False,False,0,YELLOW,-20.450000762939453,-26.579999923706055
20240910,300730,2,True,True,1,True,False,1,WEAK,60.880001068115234,-26.3799991607666
20240910,300731,2,True,True,1,True,False,1,YELLOW,63.810001373291016,262.25
20240910,300732,1,False,True,0,False,False,0,WEAK,-287.1199951171875,63.58000183105469
20240910,300733,2,True,True,0,False,False,0,WEAK,142.77999877929688,140.9499969482422
20240910,300735,1,False,True,0,False,False,0,YELLOW,-35.58000183105469,7.210000038146973
20240910,300736,0,False,False,0,False,False,0,WEAK,23.030000686645508,47.36000061035156
20240910,300737,0,False,False,0,False,False,0,YELLOW,40.93000030517578,-132.8699951171875
20240910,300738,2,True,True,0,False,False,0,YELLOW,-17.920000076293945,6.769999980926514
20240910,300739,0,False,False,0,False,False,0,YELLOW,-103.25,84.12999725341797
20240910,300740,1,False,True,0,False,False,0,YELLOW,-56.7400016784668,1.0399999618530271
20240910,300741,1,False,True,1,True,False,1,WEAK,-245.4600067138672,-21.3700008392334
20240910,300743,2,True,True,1,True,False,1,YELLOW,88.55999755859375,26.290000915527344
20240910,300745,1,False,True,0,False,False,0,WEAK,17.25,-33.119998931884766
20240910,300746,0,False,False,1,True,False,1,YELLOW,-500.0,500.0
20240910,300747,0,False,False,0,False,False,0,YELLOW,-81.98999786376953,-38.84000015258789
20240910,300748,1,False,True,0,False,False,0,WEAK,-65.48999786376953,500.0
20240910,300749,0,False,False,1,True,False,1,WEAK,-500.0,101.66000366210938
20240910,300750,1,True,False,1,True,False,1,YELLOW,12.229999542236328,35.619998931884766
20240910,300751,2,True,True,0,False,False,0,WEAK,-2.3399999141693115,-10.18000030517578
20240910,300752,2,True,True,1,True,False,1,YELLOW,500.0,-14.3100004196167
20240910,300753,1,True,False,1,True,False,1,YELLOW,28.8700008392334,-445.6700134277344
20240910,300755,1,False,True,0,False,False,0,YELLOW,-85.97000122070312,-76.02999877929688
20240910,300756,0,False,False,0,False,False,0,WEAK,-97.37999725341795,500.0
20240910,300757,2,True,True,0,False,False,0,YELLOW,-16.5,-216.42999267578125
20240910,300758,1,True,False,1,True,False,1,YELLOW,500.0,-3.4200000762939453
20240910,300759,0,False,False,1,True,False,1,OK,-26.81999969482422,36.65999984741211
20240910,300760,1,True,False,0,False,False,0,OK,0.0700000002980232,-32.939998626708984
20240910,300761,1,True,False,0,False,False,0,YELLOW,431.05999755859375,-72.68000030517578
20240910,300762,0,False,False,0,False,False,0,WEAK,33.31999969482422,32.349998474121094
20240910,300763,0,False,False,1,True,False,1,WEAK,-18.940000534057617,71.80000305175781
20240910,300765,1,False,True,0,False,False,0,OK,-94.30999755859376,-130.58999633789062
20240910,300766,0,False,False,1,True,False,1,YELLOW,177.72000122070312,-500.0
20240910,300767,1,False,True,1,True,False,1,WEAK,-224.92999267578125,39.2400016784668
20240910,300768,2,True,True,1,True,False,1,OK,24.059999465942383,-6.0
20240910,300769,1,True,False,0,False,False,0,WEAK,17.799999237060547,19.799999237060547
20240910,300770,0,False,False,1,True,False,1,YELLOW,-2.309999942779541,25.18000030517578
20240910,300771,1,True,False,1,True,False,1,YELLOW,82.30000305175781,171.83999633789062
20240910,300772,1,False,True,1,True,False,1,WEAK,13.5,128.58999633789062
20240910,300773,2,True,True,0,False,False,0,YELLOW,-2.819999933242798,-64.68000030517578
20240910,300774,1,True,False,1,True,False,1,OK,43.86000061035156,-63.0
20240910,300775,0,False,False,0,False,False,0,WEAK,-52.630001068115234,-17.040000915527344
20240910,300776,2,True,True,0,False,False,0,OK,14.029999732971191,40.5099983215332
20240910,300777,0,False,False,0,False,False,0,WEAK,31.850000381469727,112.41999816894533
20240910,300778,0,False,False,1,True,False,1,WEAK,-500.0,-500.0
20240910,300779,0,False,False,0,False,False,0,YELLOW,-78.55000305175781,-97.52999877929688
20240910,300780,1,False,True,1,True,False,1,WEAK,-252.7100067138672,-8.25
20240910,300781,2,True,True,0,False,False,0,WEAK,-500.0,19.829999923706055
20240910,300782,1,False,True,0,False,False,0,WEAK,-66.80000305175781,-142.77000427246094
20240910,300783,2,True,True,0,False,False,0,YELLOW,214.3300018310547,-77.75
20240910,300784,1,True,False,0,,False,-1,OK,-19.469999313354492,7.909999847412109
20240910,300785,1,False,True,1,True,False,1,WEAK,13.93000030517578,-11.0600004196167
20240910,300786,0,False,False,0,False,False,0,WEAK,-86.87000274658203,64.95999908447266
20240910,300787,0,False,False,0,False,False,0,YELLOW,-32.95000076293945,86.23999786376953
20240910,300788,1,True,False,1,True,False,1,OK,155.30999755859375,26.299999237060547
20240910,300789,2,True,True,1,True,False,1,WEAK,-35.130001068115234,-36.13999938964844
20240910,300790,1,True,False,1,True,False,1,YELLOW,500.0,36.90999984741211
20240910,300791,1,True,False,0,False,False,0,OK,16.700000762939453,3.25
20240910,300792,0,False,False,1,True,False,1,WEAK,-25.6200008392334,8.630000114440918
20240910,300793,1,False,True,1,True,False,1,YELLOW,-92.06999969482422,-90.5999984741211
20240910,300795,1,False,True,0,False,False,0,YELLOW,-20.059999465942383,-64.25
20240910,300796,1,False,True,0,False,False,0,WEAK,-142.5800018310547,125.9499969482422
20240910,300797,1,True,False,1,True,False,1,OK,4.960000038146973,3.569999933242798
20240910,300798,1,False,True,0,False,False,0,YELLOW,-90.83000183105467,-247.82000732421875
20240910,300800,1,False,True,0,False,False,0,OK,-21.459999084472656,31.170000076293945
20240910,300801,0,False,False,0,False,False,0,WEAK,7.320000171661377,-11.460000038146973
20240910,300802,2,True,True,0,False,False,0,YELLOW,12.170000076293944,15.1899995803833
20240910,300803,1,False,True,0,False,False,0,WEAK,48.63999938964844,247.9499969482422
20240910,300804,1,False,True,1,True,False,1,WEAK,-11.449999809265137,190.0
20240910,300805,1,False,True,1,True,False,1,YELLOW,-83.48999786376953,134.3800048828125
20240910,300806,0,False,False,0,False,False,0,WEAK,-46.439998626708984,-48.54999923706055
20240910,300807,1,True,False,1,True,False,1,WEAK,-10.859999656677246,76.94000244140625
20240910,300808,1,True,False,1,True,False,1,WEAK,-201.7899932861328,-500.0
20240910,300809,0,False,False,1,True,False,1,YELLOW,-81.02999877929688,-31.729999542236328
20240910,300810,1,False,True,1,True,False,1,WEAK,82.63999938964844,-10.970000267028809
20240910,300811,2,True,True,0,False,False,0,OK,53.31999969482422,4.670000076293945
20240910,300812,0,False,False,0,False,False,0,WEAK,-500.0,184.5500030517578
20240910,300813,1,False,True,1,True,False,1,WEAK,-40.54999923706055,116.8000030517578
20240910,300814,1,False,True,0,False,False,0,YELLOW,4.190000057220459,-30.079999923706055
20240910,300815,2,True,True,1,True,False,1,YELLOW,10.609999656677246,-5.519999980926514
20240910,300816,2,True,True,0,False,False,0,YELLOW,303.6099853515625,31.459999084472656
20240910,300817,1,True,False,0,False,False,0,YELLOW,19.040000915527344,-7.010000228881836
20240910,300818,2,True,True,0,False,False,0,OK,39.97999954223633,-85.5199966430664
20240910,300819,1,True,False,0,False,False,0,YELLOW,56.43000030517578,-10.0
20240910,300820,1,True,False,0,False,False,0,OK,-27.8700008392334,-33.540000915527344
20240910,300821,2,True,True,0,False,False,0,WEAK,127.29000091552734,-34.689998626708984
20240910,300822,2,True,True,0,False,False,0,YELLOW,25.61000061035156,-44.790000915527344
20240910,300823,1,True,False,1,True,False,1,YELLOW,-19.549999237060547,-92.26000213623048
20240910,300824,1,False,True,1,True,False,1,OK,-1.850000023841858,86.06999969482422
20240910,300825,0,False,False,0,False,False,0,WEAK,-500.0,-376.8699951171875
20240910,300826,1,False,True,1,True,False,1,WEAK,-91.29000091552734,-69.86000061035156
20240910,300827,2,True,True,1,True,False,1,YELLOW,49.560001373291016,23.309999465942383
20240910,300828,0,False,False,1,True,False,1,YELLOW,-22.40999984741211,-23.229999542236328
20240910,300829,1,True,False,0,False,False,0,YELLOW,-71.51000213623047,74.87999725341797
20240910,300830,2,True,True,1,True,False,1,WEAK,-175.75999450683594,7.710000038146973
20240910,300831,2,True,True,1,True,False,1,OK,345.1099853515625,-84.16999816894531
20240910,300832,1,True,False,1,True,False,1,YELLOW,11.1899995803833,-16.329999923706055
20240910,300833,0,False,False,0,False,False,0,OK,-18.65999984741211,-62.61000061035156
20240910,300834,1,True,False,1,True,False,1,YELLOW,17.139999389648438,-40.529998779296875
20240910,300835,2,True,True,1,True,False,1,YELLOW,39.540000915527344,35.970001220703125
20240910,300836,1,True,False,1,True,False,1,YELLOW,292.1499938964844,24.350000381469727
20240910,300837,1,False,True,0,False,False,0,WEAK,-29.469999313354492,-57.400001525878906
20240910,300838,1,False,True,1,True,False,1,YELLOW,-83.47000122070312,-65.37000274658203
20240910,300839,1,False,True,1,True,False,1,WEAK,-53.58000183105469,9.729999542236328
20240910,300840,0,False,False,0,False,False,0,OK,-39.779998779296875,-0.8899999856948853
20240910,300841,1,True,False,0,False,False,0,OK,-15.75,-63.880001068115234
20240910,300842,1,True,False,0,False,False,0,YELLOW,28.030000686645508,-74.69999694824219
20240910,300843,2,True,True,0,False,False,0,YELLOW,33.119998931884766,58.869998931884766
20240910,300844,1,True,False,1,True,False,1,OK,109.08999633789062,-199.77000427246097
20240910,300845,1,True,False,1,True,False,1,YELLOW,11.149999618530272,-107.12000274658205
20240910,300846,2,True,True,1,True,False,1,WEAK,10.600000381469728,15.56999969482422
20240910,300847,1,True,False,1,True,False,1,YELLOW,34.11000061035156,-5.110000133514404
20240910,300848,1,False,True,0,False,False,0,YELLOW,-11.640000343322754,24.88999938964844
20240910,300849,1,True,False,1,True,False,1,YELLOW,2.7899999618530273,-46.369998931884766
20240910,300850,0,False,False,0,False,False,0,WEAK,-50.22999954223633,500.0
20240910,300851,1,True,False,1,True,False,1,OK,-41.459999084472656,-52.66999816894531
20240910,300852,1,False,True,0,False,False,0,YELLOW,-36.130001068115234,-16.389999389648438
20240910,300853,0,False,False,0,False,False,0,WEAK,-109.38999938964844,2.450000047683716
20240910,300854,2,True,True,1,True,False,1,WEAK,-54.349998474121094,-68.80000305175781
20240910,300855,1,True,False,0,False,False,0,OK,-15.670000076293944,-52.970001220703125
20240910,300856,1,True,False,0,False,False,0,WEAK,-25.88999938964844,-86.22000122070312
20240910,300857,2,True,True,0,False,False,0,YELLOW,144.3300018310547,18.59000015258789
20240910,300858,2,True,True,1,True,False,1,YELLOW,2.259999990463257,-6.670000076293945
20240910,300859,1,False,True,1,True,False,1,WEAK,-18.459999084472656,-61.529998779296875
20240910,300860,1,True,False,1,True,False,1,WEAK,-113.36000061035156,-500.0
20240910,300861,0,False,False,0,False,False,0,WEAK,-93.91000366210938,-76.58000183105469
20240910,300862,0,False,False,0,False,False,0,YELLOW,-176.10000610351562,-500.0
20240910,300863,2,True,True,1,True,False,1,YELLOW,-0.0700000002980232,4.150000095367432
20240910,300864,1,True,False,0,False,False,0,OK,6.789999961853027,-4.809999942779541
20240910,300865,0,False,False,0,False,False,0,WEAK,85.2300033569336,-22.780000686645508
20240910,300866,2,True,True,1,True,False,1,OK,40.5,25.549999237060547
20240910,300867,1,True,False,1,True,False,1,YELLOW,22.940000534057617,-5.110000133514404
20240910,300868,2,True,True,0,False,False,0,YELLOW,79.33999633789062,-500.0
20240910,300869,1,False,True,1,True,False,1,OK,-163.49000549316406,423.1700134277344
20240910,300870,2,True,True,0,False,False,0,YELLOW,272.9700012207031,62.279998779296875
20240910,300871,0,False,False,0,False,False,0,WEAK,-45.060001373291016,500.0
20240910,300872,2,True,True,0,False,False,0,YELLOW,-95.75,-33.59000015258789
20240910,300873,1,False,True,0,False,False,0,YELLOW,0.8100000023841858,0.3899999856948852
20240910,300875,1,True,False,1,True,False,1,WEAK,-160.35000610351562,-130.89999389648438
20240910,300876,1,False,True,0,False,False,0,WEAK,-495.010009765625,-106.5500030517578
20240910,300877,2,True,True,1,True,False,1,YELLOW,262.45001220703125,-18.770000457763672
20240910,300878,1,False,True,1,True,False,1,WEAK,-500.0,-500.0
20240910,300879,1,True,False,1,True,False,1,YELLOW,108.06999969482422,291.70001220703125
20240910,300880,1,True,False,1,True,False,1,YELLOW,30.309999465942383,-47.279998779296875
20240910,300881,2,True,True,1,True,False,1,YELLOW,86.0,-29.059999465942383
20240910,300882,0,False,False,0,False,False,0,YELLOW,-53.310001373291016,8.119999885559082
20240910,300883,0,False,False,1,True,False,1,YELLOW,18.229999542236328,-92.44000244140624
20240910,300884,0,False,False,1,True,False,1,OK,-151.3699951171875,-287.5799865722656
20240910,300885,2,True,True,1,True,False,1,OK,74.51000213623047,2.3299999237060547
20240910,300886,2,True,True,1,True,False,1,YELLOW,364.2300109863281,76.62999725341797
20240910,300887,0,False,False,0,False,False,0,WEAK,-500.0,-1.0
20240910,300888,0,False,False,1,True,False,1,OK,43.400001525878906,40.900001525878906
20240910,300889,0,False,False,1,True,False,1,WEAK,-500.0,76.63999938964844
20240910,300890,0,False,False,1,True,False,1,YELLOW,-63.34000015258789,-159.64999389648438
20240910,300891,2,True,True,0,False,False,0,YELLOW,-89.95999908447266,-86.2699966430664
20240910,300892,1,True,False,1,True,False,1,WEAK,101.87999725341795,156.52000427246094
20240910,300893,2,True,True,1,True,False,1,OK,30.200000762939453,26.6299991607666
20240910,300894,0,False,False,0,False,False,0,OK,-101.0999984741211,-460.1099853515625
20240910,300895,1,False,True,1,True,False,1,WEAK,-3.650000095367432,-0.3899999856948852
20240910,300896,2,True,True,0,False,False,0,OK,2.200000047683716,-33.70000076293945
20240910,300897,1,True,False,1,True,False,1,OK,-12.229999542236328,-50.790000915527344
20240910,300898,0,False,False,1,True,False,1,YELLOW,-1.3300000429153442,-16.059999465942383
20240910,300899,1,False,True,1,True,False,1,WEAK,-212.97999572753903,500.0
20240910,300900,1,False,True,0,False,False,0,WEAK,-158.64999389648438,-27.3700008392334
20240910,300901,1,False,True,0,False,False,0,WEAK,-226.7100067138672,66.41000366210938
20240910,300902,1,True,False,0,False,False,0,OK,-200.47999572753903,100.56999969482422
20240910,300903,0,False,False,1,True,False,1,WEAK,-86.05999755859375,36.7599983215332
20240910,300904,1,False,True,1,True,False,1,WEAK,-500.0,-81.80999755859375
20240910,300905,2,True,True,1,True,False,1,YELLOW,17.790000915527344,22.149999618530273
20240910,300906,2,True,True,0,False,False,0,WEAK,-15.670000076293944,-25.13999938964844
20240910,300907,2,True,True,1,True,False,1,YELLOW,72.6500015258789,3.680000066757202
20240910,300908,2,True,True,0,False,False,0,YELLOW,1.830000042915344,0.6299999952316284
20240910,300909,2,True,True,0,False,False,0,YELLOW,24.770000457763672,-18.790000915527344
20240910,300910,2,True,True,0,False,False,0,YELLOW,19.549999237060547,14.18000030517578
20240910,300911,1,False,True,0,False,False,0,YELLOW,-93.16999816894533,-500.0
20240910,300912,0,False,False,1,True,False,1,WEAK,-500.0,60.63999938964844
20240910,300913,1,False,True,0,False,False,0,YELLOW,29.260000228881836,103.58000183105467
20240910,300915,1,True,False,1,True,False,1,YELLOW,29.979999542236328,-107.20999908447266
20240910,300916,2,True,True,0,False,False,0,YELLOW,56.59000015258789,-32.810001373291016
20240910,300917,1,True,False,0,False,False,0,YELLOW,3.690000057220459,-1.2100000381469729
20240910,300918,2,True,True,0,False,False,0,OK,-7.800000190734863,-2.7699999809265137
20240910,300919,2,True,True,0,False,False,0,YELLOW,-19.260000228881836,-14.770000457763672
20240910,300920,1,True,False,1,True,False,1,YELLOW,-37.0,-25.790000915527344
20240910,300921,0,False,False,1,True,False,1,WEAK,-84.68000030517578,371.5299987792969
20240910,300922,2,True,True,1,True,False,1,OK,44.68000030517578,1.919999957084656
20240910,300923,1,True,False,1,True,False,1,YELLOW,-6.909999847412109,24.86000061035156
20240910,300925,2,True,True,1,True,False,1,WEAK,37.689998626708984,-20.6299991607666
20240910,300926,2,True,True,1,True,False,1,YELLOW,100.66999816894533,51.65999984741211
20240910,300927,0,False,False,0,False,False,0,YELLOW,-39.47999954223633,-108.63999938964844
20240910,300928,1,False,True,0,False,False,0,WEAK,-72.36000061035156,-30.059999465942383
20240910,300929,1,False,True,1,True,False,1,WEAK,-500.0,125.77999877929688
20240910,300930,0,False,False,1,True,False,1,WEAK,-1.2000000476837158,-3.880000114440918
20240910,300931,0,False,False,1,True,False,1,YELLOW,-356.760009765625,-500.0
20240910,300932,1,True,False,1,True,False,1,YELLOW,39.52000045776367,8.029999732971191
20240910,300933,1,False,True,0,False,False,0,YELLOW,-53.029998779296875,-61.15999984741211
20240910,300935,0,False,False,1,True,False,1,WEAK,-16.540000915527344,-22.34000015258789
20240910,300936,2,True,True,1,True,False,1,YELLOW,-30.950000762939453,-174.17999267578125
20240910,300937,0,False,False,0,False,False,0,YELLOW,-77.0999984741211,-198.13999938964844
20240910,300938,2,True,True,0,False,False,0,OK,10.770000457763672,3.5199999809265137
20240910,300939,1,False,True,1,True,False,1,YELLOW,-25.200000762939453,-3.200000047683716
20240910,300940,2,True,True,1,True,False,1,WEAK,103.54000091552734,500.0
20240910,300941,0,False,False,0,False,False,0,YELLOW,-31.09000015258789,-65.25
20240910,300942,1,True,False,1,True,False,1,WEAK,99.08000183105467,60.880001068115234
20240910,300943,2,True,True,1,True,False,1,YELLOW,0.6000000238418579,-7.099999904632568
20240910,300945,1,True,False,0,False,False,0,WEAK,13.470000267028809,28.459999084472656
20240910,300946,2,True,True,1,True,False,1,OK,0.7599999904632568,-24.63999938964844
20240910,300947,1,True,False,0,False,False,0,WEAK,-19.1200008392334,-125.63999938964844
20240910,300948,1,False,True,1,True,False,1,YELLOW,-352.1700134277344,-248.4499969482422
20240910,300949,2,True,True,0,False,False,0,WEAK,4.650000095367432,-500.0
20240910,300950,2,True,True,0,False,False,0,OK,177.82000732421875,-30.709999084472656
20240910,300951,1,False,True,0,False,False,0,WEAK,-16.399999618530273,3.1700000762939453
20240910,300952,2,True,True,0,False,False,0,YELLOW,13.199999809265137,10.65999984741211
20240910,300953,1,True,False,0,False,False,0,YELLOW,500.0,64.93000030517578
20240910,300955,0,False,False,1,True,False,1,WEAK,-169.75999450683594,-432.5199890136719
20240910,300956,1,True,False,0,False,False,0,YELLOW,144.47999572753906,-21.18000030517578
20240910,300957,2,True,True,0,False,False,0,YELLOW,-61.119998931884766,-56.47999954223633
20240910,300958,1,False,True,1,True,False,1,YELLOW,-228.27999877929688,-500.0
20240910,300959,1,False,True,1,True,False,1,YELLOW,-75.20999908447266,249.3999938964844
20240910,300960,2,True,True,1,True,False,1,OK,51.9900016784668,33.91999816894531
20240910,300961,1,True,False,0,False,False,0,YELLOW,-418.3999938964844,-500.0
20240910,300962,2,True,True,1,True,False,1,OK,1.7300000190734863,-13.350000381469728
20240910,300963,1,False,True,1,True,False,1,YELLOW,21.5,-35.189998626708984
20240910,300964,2,True,True,1,True,False,1,YELLOW,351.80999755859375,95.86000061035156
20240910,300965,2,True,True,1,True,False,1,WEAK,108.44000244140624,161.30999755859375
20240910,300966,0,False,False,0,False,False,0,WEAK,-234.61000061035156,-107.41999816894533
20240910,300967,1,False,True,1,True,False,1,WEAK,122.83999633789062,500.0
20240910,300968,0,False,False,1,True,False,1,YELLOW,461.4299926757813,-105.62000274658205
20240910,300969,1,True,False,0,False,False,0,YELLOW,5.630000114440918,-30.420000076293945
20240910,300970,0,False,False,1,True,False,1,WEAK,-227.3999938964844,-18.25
20240910,300971,1,False,True,1,True,False,1,OK,-29.690000534057617,19.63999938964844
20240910,300972,2,True,True,1,True,False,1,WEAK,407.9700012207031,500.0
20240910,300973,2,True,True,0,False,False,0,OK,108.22000122070312,33.279998779296875
20240910,300975,2,True,True,0,False,False,0,YELLOW,130.5399932861328,171.50999450683594
20240910,300976,2,True,True,1,True,False,1,WEAK,366.7099914550781,34.869998931884766
20240910,300977,1,False,True,1,True,False,1,OK,-264.010009765625,9.119999885559082
20240910,300978,1,True,False,1,True,False,1,YELLOW,11.90999984741211,-12.970000267028809
20240910,300979,2,True,True,1,True,False,1,YELLOW,18.829999923706055,-8.75
20240910,300980,0,False,False,1,True,False,1,OK,-52.84000015258789,120.44000244140624
20240910,300981,1,True,False,1,True,False,1,WEAK,33.470001220703125,-208.3800048828125
20240910,300982,1,False,True,0,False,False,0,WEAK,-60.11000061035156,-64.81999969482422
20240910,300983,2,True,True,1,True,False,1,WEAK,-500.0,50.43000030517578
20240910,300984,1,True,False,0,False,False,0,YELLOW,38.279998779296875,102.91000366210938
20240910,300985,2,True,True,1,True,False,1,WEAK,-477.75,-66.7699966430664
20240910,300986,1,False,True,1,True,False,1,WEAK,152.1999969482422,500.0
20240910,300987,1,False,True,1,True,False,1,WEAK,-18.940000534057617,-51.599998474121094
20240910,300988,1,False,True,0,False,False,0,YELLOW,-4.789999961853027,97.68000030517578
20240910,300989,1,False,True,0,False,False,0,YELLOW,-284.5400085449219,230.2100067138672
20240910,300990,0,False,False,0,False,False,0,YELLOW,-14.06999969482422,500.0
20240910,300991,2,True,True,0,False,False,0,WEAK,77.2300033569336,75.7699966430664
20240910,300992,0,False,False,1,True,False,1,YELLOW,-90.26000213623048,-26.280000686645508
20240910,300993,2,True,True,0,False,False,0,OK,12.869999885559082,-13.3100004196167
20240910,300994,1,True,False,0,False,False,0,YELLOW,22.559999465942383,69.91000366210938
20240910,300995,2,True,True,0,False,False,0,YELLOW,51.560001373291016,81.63999938964844
20240910,300996,2,True,True,1,True,False,1,WEAK,123.43000030517578,-156.35000610351562
20240910,300997,0,False,False,0,False,False,0,YELLOW,-46.66999816894531,-80.18000030517578
20240910,300998,1,False,True,0,False,False,0,WEAK,13.050000190734863,19.299999237060547
20240910,300999,1,True,False,0,False,False,0,YELLOW,-26.420000076293945,500.0
20240910,301000,1,True,False,0,False,False,0,OK,46.09000015258789,0.7900000214576721
20240910,301001,1,True,False,1,True,False,1,YELLOW,377.5400085449219,-61.66999816894531
20240910,301002,0,False,False,1,True,False,1,YELLOW,-500.0,-181.0399932861328
20240910,301003,1,True,False,0,False,False,0,YELLOW,33.13999938964844,-12.449999809265137
20240910,301004,2,True,True,1,True,False,1,OK,55.540000915527344,-5.309999942779541
20240910,301005,2,True,True,0,False,False,0,WEAK,124.27999877929688,32.84000015258789
20240910,301006,0,False,False,1,True,False,1,WEAK,-28.739999771118164,14.65999984741211
20240910,301007,2,True,True,1,True,False,1,YELLOW,0.0599999986588954,-3.390000104904175
20240910,301008,1,False,True,0,False,False,0,YELLOW,-49.400001525878906,-60.2400016784668
20240910,301009,1,True,False,1,True,False,1,YELLOW,33.060001373291016,15.390000343322754
20240910,301010,1,True,False,1,True,False,1,YELLOW,-16.40999984741211,-39.88999938964844
20240910,301011,2,True,True,1,True,False,1,YELLOW,59.27000045776367,-3.140000104904175
20240910,301012,2,True,True,0,False,False,0,WEAK,500.0,-50.33000183105469
20240910,301013,1,True,False,1,True,False,1,YELLOW,107.88999938964844,-437.6000061035156
20240910,301015,1,True,False,0,False,False,0,OK,3.369999885559082,-52.15999984741211
20240910,301016,2,True,True,1,True,False,1,YELLOW,35.90999984741211,19.079999923706055
20240910,301017,0,False,False,1,True,False,1,YELLOW,-255.9900054931641,24.6299991607666
20240910,301018,2,True,True,1,True,False,1,YELLOW,-4.130000114440918,38.45000076293945
20240910,301019,2,True,True,0,False,False,0,OK,-6.190000057220459,6.199999809265137
20240910,301020,2,True,True,1,True,False,1,OK,14.350000381469728,21.799999237060547
20240910,301021,1,False,True,1,True,False,1,WEAK,169.0399932861328,129.94000244140625
20240910,301022,1,False,True,0,False,False,0,YELLOW,-51.310001373291016,500.0
20240910,301023,1,True,False,1,True,False,1,OK,96.52999877929688,-15.239999771118164
20240910,301024,1,False,True,1,True,False,1,WEAK,-3.4600000381469727,-4.409999847412109
20240910,301025,0,False,False,0,False,False,0,OK,135.52999877929688,-57.7599983215332
20240910,301026,1,True,False,1,True,False,1,YELLOW,9.31999969482422,15.289999961853027
20240910,301027,1,False,True,1,True,False,1,WEAK,-247.2100067138672,8.4399995803833
20240910,301028,2,True,True,1,True,False,1,OK,35.560001373291016,4.179999828338623
20240910,301029,0,False,False,0,False,False,0,WEAK,-26.25,25.450000762939453
20240910,301031,1,True,False,0,False,False,0,OK,60.65999984741211,111.72000122070312
20240910,301032,2,True,True,1,True,False,1,YELLOW,166.94000244140625,3.5899999141693115
20240910,301033,2,True,True,1,True,False,1,OK,82.94000244140625,66.19999694824219
20240910,301035,1,False,True,0,False,False,0,YELLOW,-38.900001525878906,211.8500061035156
20240910,301036,2,True,True,0,False,False,0,YELLOW,145.33999633789062,-27.170000076293945
20240910,301037,0,False,False,1,True,False,1,WEAK,-366.510009765625,91.12999725341795
20240910,301038,2,True,True,1,True,False,1,WEAK,206.4199981689453,-119.11000061035156
20240910,301039,0,False,False,1,True,False,1,YELLOW,-30.559999465942383,-30.229999542236328
20240910,301040,1,False,True,1,True,False,1,WEAK,-358.2799987792969,9.1899995803833
20240910,301041,1,False,True,0,False,False,0,YELLOW,-0.7200000286102295,-101.18000030517578
20240910,301042,1,True,False,0,False,False,0,YELLOW,-25.940000534057617,-75.37000274658203
20240910,301043,1,True,False,1,True,False,1,YELLOW,11.93000030517578,-18.989999771118164
20240910,301045,2,True,True,1,True,False,1,YELLOW,375.7799987792969,-18.65999984741211
20240910,301046,1,True,False,0,False,False,0,WEAK,-9.739999771118164,-8.529999732971191
20240910,301047,0,False,False,0,False,False,0,WEAK,-78.2699966430664,31.850000381469727
20240910,301048,1,False,True,0,False,False,0,WEAK,-39.099998474121094,40.900001525878906
20240910,301049,2,True,True,1,True,False,1,WEAK,44.97999954223633,-190.6699981689453
20240910,301050,1,True,False,1,True,False,1,YELLOW,19.989999771118164,-45.459999084472656
20240910,301051,1,False,True,1,True,False,1,WEAK,-500.0,-60.54999923706055
20240910,301052,1,False,True,0,False,False,0,OK,-33.77000045776367,231.77999877929688
20240910,301053,2,True,True,1,True,False,1,YELLOW,181.05999755859375,-30.459999084472656
20240910,301055,1,True,False,0,False,False,0,OK,14.539999961853027,130.00999450683594
20240910,301056,2,True,True,0,False,False,0,YELLOW,0.4300000071525574,-44.63999938964844
20240910,301057,1,False,True,1,True,False,1,YELLOW,-35.970001220703125,-21.219999313354492
20240910,301058,0,False,False,0,False,False,0,YELLOW,5.650000095367432,7.0
20240910,301059,1,True,False,1,True,False,1,OK,57.11000061035156,30.809999465942383
20240910,301060,1,True,False,1,True,False,1,WEAK,28.18000030517578,-170.0399932861328
20240910,301061,1,True,False,1,True,False,1,OK,72.47000122070312,66.54000091552734
20240910,301062,2,True,True,0,False,False,0,YELLOW,-33.959999084472656,-93.54000091552734
20240910,301063,1,False,True,1,True,False,1,YELLOW,-39.0,194.25
20240910,301065,2,True,True,1,True,False,1,YELLOW,9.020000457763672,4.059999942779541
20240910,301066,2,True,True,1,True,False,1,YELLOW,1.2799999713897705,-17.709999084472656
20240910,301067,0,False,False,1,True,False,1,WEAK,-88.20999908447266,101.4499969482422
20240910,301068,1,True,False,0,False,False,0,YELLOW,69.19999694824219,-302.6199951171875
20240910,301069,0,False,False,0,False,False,0,WEAK,-80.55999755859375,32.779998779296875
20240910,301070,0,False,False,1,True,False,1,OK,-201.3500061035156,500.0
20240910,301071,0,False,False,0,False,False,0,WEAK,-55.84000015258789,-95.83999633789062
20240910,301072,0,False,False,0,False,False,0,YELLOW,-194.8500061035156,-500.0
20240910,301073,0,False,False,0,False,False,0,OK,-21.350000381469727,-78.7699966430664
20240910,301075,0,False,False,1,True,False,1,WEAK,-500.0,-500.0
20240910,301076,0,False,False,0,False,False,0,WEAK,-43.08000183105469,13.029999732971191
20240910,301077,2,True,True,1,True,False,1,YELLOW,52.9900016784668,21.440000534057617
20240910,301078,1,True,False,0,False,False,0,YELLOW,91.5999984741211,91.25
20240910,301079,1,False,True,1,True,False,1,WEAK,51.97999954223633,-32.790000915527344
20240910,301080,0,False,False,0,False,False,0,OK,-15.15999984741211,45.81999969482422
20240910,301081,0,False,False,0,False,False,0,YELLOW,-16.049999237060547,-35.06999969482422
20240910,301082,1,False,True,0,False,False,0,YELLOW,-181.4900054931641,-29.770000457763672
20240910,301083,0,False,False,0,False,False,0,YELLOW,-38.16999816894531,-29.65999984741211
20240910,301085,1,False,True,1,True,False,1,YELLOW,-65.80000305175781,-55.040000915527344
20240910,301086,0,False,False,1,True,False,1,YELLOW,2.4000000953674316,-49.06999969482422
20240910,301087,1,False,True,0,False,False,0,YELLOW,36.7400016784668,-17.979999542236328
20240910,301088,0,False,False,1,True,False,1,OK,12.140000343322754,-2.700000047683716
20240910,301089,0,False,False,0,False,False,0,WEAK,-111.75,-178.74000549316406
20240910,301090,0,False,False,0,False,False,0,WEAK,-244.1499938964844,22.09000015258789
20240910,301091,1,False,True,1,True,False,1,WEAK,-61.040000915527344,-6.78000020980835
20240910,301092,1,False,True,0,False,False,0,WEAK,-5.71999979019165,17.010000228881836
20240910,301093,0,False,False,1,True,False,1,WEAK,-40.790000915527344,42.18000030517578
20240910,301095,0,False,False,0,False,False,0,WEAK,-46.86000061035156,69.7699966430664
20240910,301096,1,True,False,0,False,False,0,OK,-128.07000732421875,-109.5199966430664
20240910,301097,1,False,True,0,False,False,0,OK,-131.17999267578125,-84.62999725341797
20240910,301098,1,False,True,1,True,False,1,YELLOW,2.490000009536743,-85.04000091552734
20240910,301099,2,True,True,0,False,False,0,YELLOW,96.98999786376952,-22.600000381469727
20240910,301100,0,False,False,1,True,False,1,WEAK,-500.0,-77.87000274658203
20240910,301101,2,True,True,1,True,False,1,YELLOW,11.670000076293944,9.56999969482422
20240910,301102,1,False,True,0,False,False,0,WEAK,-49.900001525878906,-36.7400016784668
20240910,301103,1,False,True,0,False,False,0,OK,-152.02999877929688,52.90999984741211
20240910,301105,2,True,True,1,True,False,1,YELLOW,16.459999084472656,-248.47999572753903
20240910,301106,1,True,False,1,True,False,1,YELLOW,31.13999938964844,8.539999961853027
20240910,301107,1,False,True,0,False,False,0,YELLOW,-12.279999732971191,90.2699966430664
20240910,301108,1,False,True,1,True,False,1,WEAK,-107.63999938964844,42.810001373291016
20240910,301109,1,True,False,1,True,False,1,WEAK,8.220000267028809,59.41999816894531
20240910,301110,2,True,True,1,True,False,1,YELLOW,89.93000030517578,-19.809999465942383
20240910,301111,1,False,True,1,True,False,1,OK,-127.6500015258789,-225.52999877929688
20240910,301112,0,False,False,1,True,False,1,WEAK,-79.01000213623047,137.99000549316406
20240910,301113,2,True,True,1,True,False,1,OK,-61.38999938964844,-46.61000061035156
20240910,301115,1,False,True,0,False,False,0,YELLOW,-124.0500030517578,6.980000019073486
20240910,301116,2,True,True,1,True,False,1,YELLOW,150.7100067138672,-294.0899963378906
20240910,301117,1,False,True,0,False,False,0,WEAK,120.29000091552734,91.91000366210938
20240910,301118,0,False,False,1,True,False,1,WEAK,-38.2599983215332,98.70999908447266
20240910,301119,0,False,False,1,True,False,1,YELLOW,-12.199999809265137,43.459999084472656
20240910,301120,0,False,False,0,False,False,0,WEAK,-204.6999969482422,24.450000762939453
20240910,301121,2,True,True,0,False,False,0,WEAK,500.0,-111.33000183105467
20240910,301122,1,False,True,0,False,False,0,OK,-62.20000076293945,-88.44000244140625
20240910,301123,1,True,False,0,False,False,0,WEAK,-303.5,-146.3300018310547
20240910,301125,1,False,True,1,True,False,1,WEAK,-23.079999923706055,101.52999877929688
20240910,301126,2,True,True,1,True,False,1,YELLOW,-25.399999618530273,-102.33000183105467
20240910,301127,1,True,False,1,True,False,1,YELLOW,18.809999465942383,8.600000381469727
20240910,301128,2,True,True,1,True,False,1,OK,142.8699951171875,17.760000228881836
20240910,301129,1,False,True,1,True,False,1,WEAK,-9.600000381469728,47.189998626708984
20240910,301130,2,True,True,1,True,False,1,YELLOW,22.510000228881836,12.260000228881836
20240910,301131,1,False,True,0,False,False,0,YELLOW,14.779999732971191,50.33000183105469
20240910,301132,1,False,True,1,True,False,1,YELLOW,-13.699999809265137,77.12000274658203
20240910,301133,2,True,True,1,True,False,1,YELLOW,-8.399999618530273,-51.41999816894531
20240910,301135,1,False,True,1,True,False,1,YELLOW,-19.8700008392334,129.75999450683594
20240910,301136,1,False,True,1,True,False,1,OK,-205.5,-500.0
20240910,301137,0,False,False,1,True,False,1,YELLOW,-24.38999938964844,77.62000274658203
20240910,301138,0,False,False,1,True,False,1,OK,31.18000030517578,11.220000267028809
20240910,301141,1,False,True,0,False,False,0,WEAK,-64.06999969482422,341.2900085449219
20240910,301148,1,False,True,1,True,False,1,YELLOW,18.850000381469727,26.93000030517578
20240910,301149,2,True,True,0,False,False,0,YELLOW,-36.45000076293945,-19.68000030517578
20240910,301150,0,False,False,1,True,False,1,WEAK,-500.0,93.38999938964844
20240910,301151,1,False,True,1,True,False,1,YELLOW,-23.979999542236328,39.25
20240910,301152,0,False,False,1,True,False,1,WEAK,2.5,28.88999938964844
20240910,301153,0,False,False,0,False,False,0,OK,-65.05000305175781,-262.6400146484375
20240910,301155,1,False,True,0,False,False,0,WEAK,149.33999633789062,61.290000915527344
20240910,301156,0,False,False,0,False,False,0,YELLOW,-24.329999923706055,27.459999084472656
20240910,301157,2,True,True,1,True,False,1,WEAK,-1.5099999904632568,-33.41999816894531
20240910,301158,1,True,False,1,True,False,1,YELLOW,14.949999809265137,17.260000228881836
20240910,301159,0,False,False,1,True,False,1,WEAK,-500.0,5.769999980926514
20240910,301160,2,True,True,1,True,False,1,YELLOW,12.260000228881836,10.8100004196167
20240910,301161,2,True,True,1,True,False,1,OK,53.06999969482422,31.13999938964844
20240910,301162,2,True,True,0,False,False,0,OK,15.670000076293944,53.52000045776367
20240910,301163,0,False,False,1,True,False,1,YELLOW,-57.7400016784668,-21.93000030517578
20240910,301165,2,True,True,1,True,False,1,OK,50.97999954223633,245.13999938964844
20240910,301166,1,False,True,1,True,False,1,YELLOW,-222.8999938964844,-500.0
20240910,301167,1,False,True,1,True,False,1,WEAK,-95.22000122070312,500.0
20240910,301168,1,False,True,0,False,False,0,YELLOW,-63.630001068115234,-56.59000015258789
20240910,301169,0,False,False,1,True,False,1,WEAK,-27.700000762939453,19.290000915527344
20240910,301170,0,False,False,0,False,False,0,YELLOW,3.0899999141693115,8.449999809265137
20240910,301171,2,True,True,0,False,False,0,YELLOW,30.100000381469727,-7.46999979019165
20240910,301172,1,False,True,0,False,False,0,WEAK,-25.43000030517578,-0.5799999833106995
20240910,301175,1,True,False,1,True,False,1,YELLOW,23.040000915527344,20.13999938964844
20240910,301176,1,True,False,0,False,False,0,WEAK,-12.710000038146973,-500.0
20240910,301177,1,True,False,0,False,False,0,YELLOW,-4.909999847412109,105.18000030517578
20240910,301178,1,False,True,1,True,False,1,WEAK,-500.0,169.63999938964844
20240910,301179,1,False,True,0,False,False,0,WEAK,-29.239999771118164,-95.36000061035156
20240910,301180,0,False,False,0,False,False,0,WEAK,-267.80999755859375,-500.0
20240910,301181,0,False,False,1,True,False,1,OK,-25.799999237060547,7.210000038146973
20240910,301182,0,False,False,1,True,False,1,WEAK,-71.16999816894531,-24.63999938964844
20240910,301183,2,True,True,0,False,False,0,WEAK,250.3500061035156,109.47000122070312
20240910,301185,1,False,True,1,True,False,1,YELLOW,-8.470000267028809,-1.600000023841858
20240910,301186,1,True,False,1,True,False,1,YELLOW,1.5299999713897705,18.760000228881836
20240910,301187,2,True,True,1,True,False,1,OK,50.220001220703125,18.479999542236328
20240910,301188,2,True,True,0,False,False,0,YELLOW,4.389999866485596,-37.310001373291016
20240910,301189,0,False,False,1,True,False,1,WEAK,-158.41000366210938,-158.89999389648438
20240910,301190,0,False,False,0,False,False,0,WEAK,-47.630001068115234,-11.65999984741211
20240910,301191,1,False,True,0,False,False,0,YELLOW,-22.6299991607666,-82.3499984741211
20240910,301192,2,True,True,0,False,False,0,WEAK,24.739999771118164,9.260000228881836
20240910,301193,1,False,True,0,False,False,0,YELLOW,-29.90999984741211,-431.30999755859375
20240910,301195,0,False,False,0,False,False,0,WEAK,-15.859999656677246,-9.4399995803833
20240910,301196,1,True,False,1,True,False,1,OK,39.58000183105469,90.51000213623048
20240910,301197,1,False,True,1,True,False,1,WEAK,22.90999984741211,-109.9800033569336
20240910,301198,1,False,True,1,True,False,1,WEAK,-149.92999267578125,-211.08999633789065
20240910,301199,1,True,False,1,True,False,1,YELLOW,500.0,88.02999877929688
20240910,301200,1,True,False,0,False,False,0,WEAK,108.94000244140624,101.25
20240910,301201,1,False,True,1,True,False,1,YELLOW,-207.16000366210935,-8.369999885559082
20240910,301202,2,True,True,0,False,False,0,YELLOW,58.720001220703125,-2.1500000953674316
20240910,301203,0,False,False,0,False,False,0,OK,-7.630000114440918,-10.06999969482422
20240910,301205,2,True,True,0,False,False,0,WEAK,500.0,-24.86000061035156
20240910,301206,2,True,True,1,True,False,1,WEAK,87.04000091552734,-4.699999809265137
20240910,301207,1,False,True,1,True,False,1,WEAK,-84.12000274658203,40.040000915527344
20240910,301208,1,False,True,0,False,False,0,YELLOW,-39.0099983215332,-44.400001525878906
20240910,301209,1,True,False,1,True,False,1,YELLOW,80.94000244140625,12.65999984741211
20240910,301210,1,False,True,0,False,False,0,WEAK,-9.4399995803833,-43.02000045776367
20240910,301211,1,False,True,0,False,False,0,YELLOW,-57.13999938964844,-93.20999908447266
20240910,301212,0,False,False,0,False,False,0,WEAK,-77.83999633789062,11.350000381469728
20240910,301213,2,True,True,1,True,False,1,OK,-132.8000030517578,372.7900085449219
20240910,301215,2,True,True,1,True,False,1,YELLOW,4.670000076293945,20.11000061035156
20240910,301216,1,False,True,0,False,False,0,WEAK,-177.72000122070312,500.0
20240910,301217,0,False,False,0,False,False,0,WEAK,-500.0,135.42999267578125
20240910,301218,0,False,False,0,False,False,0,WEAK,-93.81999969482422,-6.460000038146973
20240910,301219,1,True,False,0,False,False,0,WEAK,83.38999938964844,7.610000133514404
20240910,301220,1,False,True,1,True,False,1,WEAK,-24.700000762939453,87.9000015258789
20240910,301221,1,False,True,0,False,False,0,WEAK,183.6199951171875,260.3800048828125
20240910,301222,2,True,True,1,True,False,1,YELLOW,5.320000171661377,-47.31999969482422
20240910,301223,0,False,False,1,True,False,1,YELLOW,-32.13999938964844,14.300000190734863
20240910,301225,2,True,True,0,False,False,0,YELLOW,13.710000038146973,12.119999885559082
20240910,301226,1,False,True,1,True,False,1,YELLOW,-60.38999938964844,97.58000183105467
20240910,301227,1,False,True,0,False,False,0,WEAK,-144.4199981689453,-128.75999450683594
20240910,301228,1,True,False,1,True,False,1,WEAK,31.40999984741211,-4.789999961853027
20240910,301229,1,True,False,0,False,False,0,YELLOW,-25.6299991607666,-41.720001220703125
20240910,301230,0,False,False,0,False,False,0,WEAK,-82.73999786376953,115.0199966430664
20240910,301231,0,False,False,0,False,False,0,WEAK,-500.0,101.37999725341795
20240910,301232,1,False,True,0,False,False,0,WEAK,-370.8800048828125,156.92999267578125
20240910,301233,1,True,False,1,True,False,1,OK,48.130001068115234,6.559999942779541
20240910,301234,0,False,False,1,True,False,1,YELLOW,-35.43000030517578,-53.900001525878906
20240910,301235,0,False,False,1,True,False,1,WEAK,-36.5099983215332,216.16000366210935
20240910,301236,1,False,True,0,False,False,0,WEAK,-84.30999755859375,-26.649999618530273
20240910,301237,1,False,True,0,False,False,0,WEAK,-500.0,-67.79000091552734
20240910,301238,0,False,False,0,False,False,0,YELLOW,-81.58999633789062,-27.56999969482422
20240910,301239,0,False,False,0,False,False,0,OK,-143.0800018310547,-54.13999938964844
20240910,301246,0,False,False,0,False,False,0,WEAK,-80.83000183105469,-247.05999755859375
20240910,301248,0,False,False,0,False,False,0,WEAK,-500.0,140.55999755859375
20240910,301251,1,False,True,0,False,False,0,YELLOW,-33.619998931884766,54.060001373291016
20240910,301252,2,True,True,0,False,False,0,YELLOW,15.779999732971191,-22.510000228881836
20240910,301255,1,False,True,0,False,False,0,YELLOW,-36.68000030517578,-40.970001220703125
20240910,301256,1,False,True,1,True,False,1,YELLOW,-47.18000030517578,-31.030000686645508
20240910,301257,0,False,False,0,False,False,0,YELLOW,-26.8799991607666,-20.350000381469727
20240910,301258,1,False,True,0,False,False,0,WEAK,-109.95999908447266,226.3800048828125
20240910,301259,1,False,True,1,True,False,1,WEAK,-64.33000183105469,64.7300033569336
20240910,301260,1,True,False,0,False,False,0,YELLOW,114.41000366210938,31.90999984741211
20240910,301261,1,False,True,1,True,False,1,YELLOW,-68.69000244140625,9.039999961853027
20240910,301262,1,True,False,0,False,False,0,OK,-0.0599999986588954,-1.5
20240910,301263,0,False,False,1,True,False,1,OK,-30.010000228881836,-56.29999923706055
20240910,301265,1,False,True,1,True,False,1,WEAK,-42.95000076293945,105.41000366210938
20240910,301266,1,False,True,0,False,False,0,YELLOW,-78.19999694824219,16.6299991607666
20240910,301267,0,False,False,0,False,False,0,OK,-38.290000915527344,2.430000066757202
20240910,301268,0,False,False,0,False,False,0,WEAK,-268.3800048828125,56.439998626708984
20240910,301269,0,False,False,0,False,False,0,OK,-189.1499938964844,63.65999984741211
20240910,301270,1,False,True,1,True,False,1,WEAK,-89.20999908447266,280.739990234375
20240910,301272,0,False,False,0,False,False,0,YELLOW,-25.719999313354492,-75.7699966430664
20240910,301273,0,False,False,1,True,False,1,WEAK,-280.69000244140625,-20.899999618530273
20240910,301276,1,False,True,0,False,False,0,OK,4.909999847412109,-27.809999465942383
20240910,301277,2,True,True,0,False,False,0,YELLOW,11.399999618530272,-31.559999465942383
20240910,301278,1,False,True,1,True,False,1,YELLOW,-53.439998626708984,-89.55000305175781
20240910,301279,0,False,False,1,True,False,1,YELLOW,-10.539999961853027,37.970001220703125
20240910,301280,2,True,True,0,False,False,0,YELLOW,25.829999923706055,-12.479999542236328
20240910,301281,1,False,True,0,False,False,0,YELLOW,-31.700000762939453,38.5099983215332
20240910,301282,2,True,True,0,False,False,0,WEAK,120.91000366210938,79.41000366210938
20240910,301283,2,True,True,0,False,False,0,YELLOW,-23.6200008392334,37.209999084472656
20240910,301285,1,True,False,1,True,False,1,YELLOW,-152.83999633789062,-194.33999633789065
20240910,301286,0,False,False,1,True,False,1,YELLOW,-26.899999618530273,57.9900016784668
20240910,301287,1,False,True,1,True,False,1,YELLOW,20.770000457763672,-25.440000534057617
20240910,301288,1,False,True,1,True,False,1,WEAK,-354.6499938964844,37.83000183105469
20240910,301289,1,False,True,1,True,False,1,OK,2.930000066757202,16.469999313354492
20240910,301290,1,False,True,1,True,False,1,WEAK,-2.490000009536743,-37.779998779296875
20240910,301291,2,True,True,1,True,False,1,YELLOW,33.470001220703125,23.350000381469727
20240910,301292,0,False,False,1,True,False,1,WEAK,-500.0,56.56999969482422
20240910,301293,2,True,True,0,False,False,0,YELLOW,0.7699999809265137,10.739999771118164
20240910,301295,1,False,True,1,True,False,1,YELLOW,-38.2599983215332,-12.4399995803833
20240910,301296,1,False,True,0,False,False,0,YELLOW,-4.190000057220459,-42.540000915527344
20240910,301297,1,True,False,0,False,False,0,OK,25.25,22.950000762939453
20240910,301298,2,True,True,1,True,False,1,YELLOW,24.049999237060547,23.309999465942383
20240910,301299,2,True,True,0,False,False,0,OK,50.59000015258789,-6.480000019073486
20240910,301300,1,True,False,1,True,False,1,WEAK,48.88999938964844,109.12000274658205
20240910,301301,1,True,False,0,False,False,0,YELLOW,49.41999816894531,-40.380001068115234
20240910,301302,0,False,False,0,False,False,0,WEAK,-51.810001373291016,-24.61000061035156
20240910,301303,1,False,True,0,False,False,0,YELLOW,-9.649999618530272,26.93000030517578
20240910,301305,2,True,True,1,True,False,1,YELLOW,32.06999969482422,25.43000030517578
20240910,301306,1,False,True,0,False,False,0,WEAK,-156.6199951171875,-20.329999923706055
20240910,301307,1,False,True,0,False,False,0,WEAK,-253.1199951171875,-320.6199951171875
20240910,301308,2,True,True,0,False,False,0,WEAK,118.87999725341795,-94.0199966430664
20240910,301309,2,True,True,0,False,False,0,YELLOW,39.130001068115234,-23.6299991607666
20240910,301310,2,True,True,0,False,False,0,YELLOW,-27.780000686645508,-15.739999771118164
20240910,301311,0,False,False,1,True,False,1,WEAK,-98.1500015258789,7.139999866485596
20240910,301312,1,False,True,1,True,False,1,WEAK,-32.31999969482422,254.97000122070312
20240910,301313,1,False,True,0,False,False,0,WEAK,-500.0,36.59000015258789
20240910,301314,1,False,True,0,False,False,0,WEAK,-67.47000122070312,-71.26000213623047
20240910,301315,0,False,False,0,False,False,0,OK,-27.93000030517578,2.700000047683716
20240910,301316,1,False,True,1,True,False,1,YELLOW,-8.260000228881836,-75.41000366210938
20240910,301317,2,True,True,1,True,False,1,WEAK,-18.299999237060547,-171.1199951171875
20240910,301318,1,True,False,0,False,False,0,OK,96.81999969482422,20.270000457763672
20240910,301319,1,False,True,0,False,False,0,YELLOW,-7.730000019073486,-7.360000133514404
20240910,301320,1,False,True,1,True,False,1,YELLOW,-10.81999969482422,-28.06999969482422
20240910,301321,0,False,False,1,True,False,1,WEAK,-273.94000244140625,47.47999954223633
20240910,301322,1,False,True,0,False,False,0,OK,-58.7400016784668,-60.02000045776367
20240910,301323,2,True,True,0,False,False,0,OK,12.130000114440918,-13.329999923706056
20240910,301325,1,False,True,0,False,False,0,WEAK,-102.30999755859376,-165.0399932861328
20240910,301326,1,True,False,1,True,False,1,WEAK,53.099998474121094,-195.19000244140625
20240910,301327,1,True,False,1,True,False,1,OK,160.75,88.72000122070312
20240910,301328,0,False,False,0,False,False,0,OK,-19.600000381469727,14.960000038146973
20240910,301329,1,False,True,0,False,False,0,YELLOW,-12.390000343322754,-19.799999237060547
20240910,301330,1,False,True,0,False,False,0,YELLOW,-7.210000038146973,25.690000534057617
20240910,301331,1,False,True,0,False,False,0,OK,-52.79999923706055,132.47000122070312
20240910,301332,1,True,False,0,False,False,0,OK,29.940000534057617,-1.1100000143051147
20240910,301333,0,False,False,1,True,False,1,OK,-11.359999656677246,9.520000457763672
20240910,301335,1,False,True,1,True,False,1,YELLOW,-54.15999984741211,30.760000228881836
20240910,301336,0,False,False,0,False,False,0,YELLOW,46.40999984741211,50.380001068115234
20240910,301337,1,False,True,0,False,False,0,WEAK,-175.61000061035156,52.75
20240910,301338,1,False,True,0,False,False,0,WEAK,60.25,163.5500030517578
20240910,301339,2,True,True,0,False,False,0,OK,10.4399995803833,10.18000030517578
20240910,301345,2,True,True,0,False,False,0,OK,55.79999923706055,89.6500015258789
20240910,301348,0,False,False,0,False,False,0,WEAK,-74.30999755859375,-25.059999465942383
20240910,301349,0,False,False,0,False,False,0,WEAK,-500.0,87.33999633789062
20240910,301353,0,False,False,1,True,False,1,OK,-22.8700008392334,-8.430000305175781
20240910,301355,1,False,True,1,True,False,1,YELLOW,-48.689998626708984,-89.4000015258789
20240910,301356,2,True,True,1,True,False,1,WEAK,82.19999694824219,210.52000427246097
20240910,301357,0,False,False,0,False,False,0,WEAK,-124.33000183105467,63.7599983215332
20240910,301358,0,False,False,0,False,False,0,YELLOW,-62.439998626708984,-18.450000762939453
20240910,301359,2,True,True,0,False,False,0,YELLOW,9.369999885559082,-12.550000190734863
20240910,301360,2,True,True,1,True,False,1,OK,9.779999732971191,-162.1699981689453
20240910,301361,2,True,True,0,False,False,0,YELLOW,24.329999923706055,62.38999938964844
20240910,301362,0,False,False,1,True,False,1,OK,-4.739999771118164,-12.25
20240910,301363,0,False,False,1,True,False,1,YELLOW,20.3700008392334,-32.08000183105469
20240910,301365,1,False,True,1,True,False,1,WEAK,-46.529998779296875,102.97000122070312
20240910,301366,1,True,False,1,True,False,1,WEAK,-4.25,-104.8499984741211
20240910,301367,1,False,True,1,True,False,1,YELLOW,-61.790000915527344,49.34000015258789
20240910,301368,1,False,True,0,False,False,0,YELLOW,-23.5,-68.98999786376953
20240910,301369,0,False,False,1,True,False,1,WEAK,-37.47999954223633,340.45001220703125
20240910,301370,0,False,False,0,False,False,0,YELLOW,-21.559999465942383,-24.350000381469727
20240910,301371,0,False,False,0,False,False,0,OK,-17.0,-48.65999984741211
20240910,301372,1,False,True,0,False,False,0,WEAK,-500.0,118.6999969482422
20240910,301373,1,True,False,0,False,False,0,YELLOW,9.68000030517578,-1.9600000381469729
20240910,301376,1,False,True,0,False,False,0,OK,-28.530000686645508,40.099998474121094
20240910,301377,1,True,False,1,True,False,1,YELLOW,14.760000228881836,96.45999908447266
20240910,301378,1,False,True,0,False,False,0,WEAK,-235.1300048828125,-7.699999809265137
20240910,301379,1,True,False,0,False,False,0,YELLOW,50.2599983215332,28.530000686645508
20240910,301380,2,True,True,1,True,False,1,YELLOW,16.309999465942383,10.81999969482422
20240910,301381,2,True,True,0,False,False,0,WEAK,-41.29999923706055,-11.300000190734863
20240910,301382,2,True,True,1,True,False,1,WEAK,-0.2199999988079071,6.489999771118164
20240910,301383,2,True,True,1,True,False,1,YELLOW,31.170000076293945,-99.1500015258789
20240910,301386,1,False,True,0,False,False,0,YELLOW,-22.739999771118164,15.279999732971191
20240910,301387,1,False,True,0,False,False,0,WEAK,-80.94000244140625,500.0
20240910,301388,0,False,False,1,True,False,1,WEAK,-49.68000030517578,105.70999908447266
20240910,301389,0,False,False,0,False,False,0,WEAK,-14.789999961853027,70.91000366210938
20240910,301390,2,True,True,0,False,False,0,WEAK,-37.56999969482422,-18.11000061035156
20240910,301391,1,False,True,0,False,False,0,YELLOW,-113.45999908447266,19.709999084472656
20240910,301392,1,True,False,0,,False,-1,YELLOW,-16.450000762939453,-12.640000343322754
20240910,301393,2,True,True,0,False,False,0,WEAK,23.790000915527344,4.579999923706055
20240910,301395,0,False,False,0,False,False,0,YELLOW,-1.350000023841858,59.70000076293945
20240910,301396,0,False,False,1,True,False,1,WEAK,-435.4500122070313,460.6199951171875
20240910,301397,2,True,True,0,False,False,0,WEAK,-17.6200008392334,-11.199999809265137
20240910,301398,1,False,True,0,False,False,0,OK,10.350000381469728,-17.3799991607666
20240910,301399,1,False,True,0,False,False,0,YELLOW,-43.29999923706055,-55.11000061035156
20240910,301408,2,True,True,1,True,False,1,OK,21.809999465942383,43.279998779296875
20240910,301413,0,False,False,0,,False,-1,OK,2.0,24.760000228881836
20240910,301418,1,False,True,0,False,False,0,WEAK,-79.45999908447266,-129.38999938964844
20240910,301419,1,False,True,1,True,False,1,OK,-14.010000228881836,98.41999816894533
20240910,301421,1,False,True,0,False,False,0,OK,-40.599998474121094,-60.310001373291016
20240910,301428,1,False,True,1,True,False,1,YELLOW,-41.75,7.28000020980835
20240910,301429,2,True,True,0,False,False,0,YELLOW,22.75,-20.020000457763672
20240910,301439,2,True,True,0,False,False,0,YELLOW,28.399999618530273,-17.299999237060547
20240910,301446,1,False,True,1,True,False,1,YELLOW,0.2300000041723251,9.9399995803833
20240910,301448,2,True,True,1,True,False,1,YELLOW,30.920000076293945,-159.3000030517578
20240910,301456,1,False,True,1,True,False,1,WEAK,-54.90999984741211,7.230000019073486
20240910,301459,2,True,True,0,,False,-1,YELLOW,14.729999542236328,-33.65999984741211
20240910,301468,1,False,True,0,False,False,0,OK,-61.66999816894531,-54.939998626708984
20240910,301469,0,False,False,0,False,False,0,WEAK,-22.3700008392334,-22.079999923706055
20240910,301486,1,False,True,0,False,False,0,OK,0.209999993443489,-44.7400016784668
20240910,301487,1,False,True,0,False,False,0,YELLOW,-278.0299987792969,-70.56999969482422
20240910,301488,1,False,True,0,False,False,0,YELLOW,-11.399999618530272,13.75
20240910,301489,1,False,True,0,False,False,0,YELLOW,-6.25,30.5
20240910,301498,2,True,True,1,True,False,1,YELLOW,42.08000183105469,26.459999084472656
20240910,301499,1,False,True,0,False,False,0,YELLOW,-35.41999816894531,19.06999969482422
20240910,301500,2,True,True,1,True,False,1,WEAK,94.58000183105467,-1.0199999809265137
20240910,301502,1,False,True,0,,False,-1,YELLOW,-49.560001373291016,-28.3700008392334
20240910,301503,2,True,True,0,False,False,0,YELLOW,75.86000061035156,20.18000030517578
20240910,301505,1,False,True,0,False,False,0,OK,-69.87999725341797,-86.87000274658203
20240910,301507,2,True,True,1,True,False,1,OK,10.130000114440918,6.400000095367432
20240910,301508,1,False,True,0,,False,-1,YELLOW,-1.399999976158142,7.230000019073486
20240910,301509,1,False,True,0,False,False,0,OK,-89.66000366210938,141.50999450683594
20240910,301510,2,True,True,0,False,False,0,WEAK,24.149999618530273,53.09000015258789
20240910,301511,0,False,False,0,False,False,0,WEAK,-442.9599914550781,110.16999816894533
20240910,301512,1,False,True,0,False,False,0,WEAK,-44.959999084472656,-26.959999084472656
20240910,301515,0,False,False,0,False,False,0,WEAK,-91.73999786376952,-175.5500030517578
20240910,301516,1,False,True,0,,False,-1,WEAK,-256.80999755859375,-4.71999979019165
20240910,301517,0,False,False,0,False,False,0,YELLOW,-40.970001220703125,-165.27000427246094
20240910,301518,1,False,True,0,False,False,0,YELLOW,-53.900001525878906,93.87999725341795
20240910,301519,0,False,False,0,False,False,0,OK,-102.97000122070312,-273.25
20240910,301520,0,False,False,0,False,False,0,YELLOW,-42.900001525878906,-70.16999816894531
20240910,301525,1,False,True,0,False,False,0,YELLOW,-35.59000015258789,14.199999809265137
20240910,301526,0,False,False,0,,False,-1,WEAK,-213.3999938964844,243.22999572753903
20240910,301528,1,False,True,0,False,False,0,YELLOW,-55.09000015258789,42.27000045776367
20240910,301529,2,True,True,1,True,False,1,WEAK,10.18000030517578,43.4900016784668
20240910,301533,1,False,True,0,False,False,0,YELLOW,12.56999969482422,-50.95000076293945
20240910,301536,1,True,False,0,,False,-1,WEAK,0.4199999868869781,-15.949999809265137
20240910,301538,1,True,False,0,,False,-1,OK,25.709999084472656,18.290000915527344
20240910,301539,1,False,True,0,,False,-1,YELLOW,-30.260000228881836,10.56999969482422
20240910,301548,2,True,True,0,False,False,0,YELLOW,0.2399999946355819,6.920000076293945
20240910,301550,2,True,True,0,False,False,0,YELLOW,22.520000457763672,9.479999542236328
20240910,301552,1,True,False,0,,False,-1,OK,7.690000057220459,1.3600000143051147
20240910,301555,1,False,True,0,False,False,0,WEAK,-99.1999969482422,500.0
20240910,301558,1,False,True,0,False,False,0,OK,-103.72000122070312,-64.8499984741211
20240910,301559,0,False,False,1,True,False,1,YELLOW,-49.70000076293945,-68.2300033569336
20240910,301565,0,False,False,0,,False,-1,WEAK,-48.18000030517578,-65.20999908447266
20240910,301566,0,False,False,0,,False,-1,OK,-0.5799999833106995,43.38999938964844
20240910,301567,0,False,False,0,,False,-1,WEAK,-38.40999984741211,-60.310001373291016
20240910,301568,0,False,False,0,,False,-1,YELLOW,-28.68000030517578,53.130001068115234
20240910,301577,1,False,True,0,,False,-1,YELLOW,-46.29999923706055,-3.450000047683716
20240910,301578,1,False,True,0,,False,-1,YELLOW,-50.4900016784668,-8.399999618530273
20240910,301580,1,True,False,0,,False,-1,YELLOW,9.31999969482422,9.350000381469728
20240910,301587,0,False,False,0,,False,-1,WEAK,-48.790000915527344,-71.12000274658203
20240910,301588,1,False,True,0,,False,-1,YELLOW,-26.489999771118164,-33.38999938964844
20240910,301589,2,True,True,0,,False,-1,YELLOW,-2.0899999141693115,-8.600000381469727
20240910,301591,1,False,True,0,,False,-1,YELLOW,-3.5899999141693115,8.710000038146973
20240910,301596,1,True,False,0,,False,-1,YELLOW,3.0799999237060547,-1.6399999856948853
20240910,301603,0,False,False,0,,False,-1,YELLOW,23.5,57.31999969482422
20240910,301606,1,True,False,0,,False,-1,OK,20.420000076293945,28.88999938964844
20240910,301608,1,True,False,0,,False,-1,YELLOW,-2.490000009536743,10.859999656677246
20240910,302132,-1,,,1,True,False,1,UNKNOWN,,
20240910,600000,2,True,True,1,True,False,1,WEAK,30.469999313354492,11.859999656677246
20240910,600004,2,True,True,0,False,False,0,WEAK,136.8300018310547,32.16999816894531
20240910,600006,1,False,True,0,False,False,0,YELLOW,-153.8300018310547,18.219999313354492
20240910,600007,1,True,False,1,True,False,1,OK,-0.1800000071525573,-6.840000152587891
20240910,600008,1,True,False,1,True,False,1,OK,0.8100000023841858,5.300000190734863
20240910,600009,2,True,True,1,True,False,1,WEAK,70.01000213623047,27.510000228881836
20240910,600010,1,False,True,1,True,False,1,YELLOW,-109.7300033569336,67.9800033569336
20240910,600011,1,True,False,0,False,False,0,YELLOW,87.5,22.63999938964844
20240910,600012,0,False,False,1,True,False,1,WEAK,-3.390000104904175,4.46999979019165
20240910,600015,1,True,False,1,True,False,1,WEAK,5.349999904632568,-9.050000190734863
20240910,600016,0,False,False,0,False,False,0,WEAK,-9.600000381469728,-4.369999885559082
20240910,600017,1,False,True,1,True,False,1,YELLOW,28.6200008392334,-29.90999984741211
20240910,600018,1,True,False,1,True,False,1,OK,5.630000114440918,2.0999999046325684
20240910,600019,1,True,False,0,False,False,0,YELLOW,-34.54999923706055,11.899999618530272
20240910,600020,2,True,True,1,True,False,1,WEAK,6.869999885559082,4.809999942779541
20240910,600021,2,True,True,0,False,False,0,YELLOW,26.56999969482422,40.08000183105469
20240910,600022,0,False,False,1,True,False,1,WEAK,-267.4200134277344,101.9000015258789
20240910,600023,1,True,False,1,True,False,1,YELLOW,17.049999237060547,-7.170000076293945
20240910,600025,1,True,False,1,True,False,1,OK,16.6299991607666,10.90999984741211
20240910,600026,2,True,True,0,False,False,0,WEAK,-3.7699999809265137,-32.2400016784668
20240910,600027,2,True,True,0,False,False,0,YELLOW,40.7400016784668,13.420000076293944
20240910,600028,1,True,False,1,True,False,1,YELLOW,-20.81999969482422,-40.380001068115234
20240910,600029,2,True,True,0,False,False,0,WEAK,38.5,41.310001373291016
20240910,600030,1,False,True,1,True,False,1,WEAK,11.239999771118164,28.90999984741211
20240910,600031,0,False,False,1,True,False,1,YELLOW,21.549999237060547,73.05999755859375
20240910,600032,1,True,False,1,True,False,1,YELLOW,-17.190000534057617,-32.869998931884766
20240910,600033,1,True,False,1,True,False,1,OK,-13.979999542236328,4.21999979019165
20240910,600035,1,False,True,0,False,False,0,WEAK,-21.600000381469727,-12.970000267028809
20240910,600036,0,False,False,1,True,False,1,WEAK,1.340000033378601,0.2599999904632568
20240910,600037,0,False,False,0,False,False,0,WEAK,-500.0,-0.9300000071525574
20240910,600038,2,True,True,1,True,False,1,YELLOW,19.68000030517578,-23.90999984741211
20240910,600039,1,False,True,0,False,False,0,YELLOW,-29.690000534057617,-13.720000267028809
20240910,600048,0,False,False,0,False,False,0,WEAK,-63.900001525878906,-64.31999969482422
20240910,600050,1,True,False,1,True,False,1,YELLOW,-10.600000381469728,10.3100004196167
20240910,600051,2,True,True,1,True,False,1,YELLOW,-37.349998474121094,-44.150001525878906
20240910,600052,1,False,True,0,False,False,0,WEAK,-268.8699951171875,-41.79999923706055
20240910,600054,0,False,False,0,False,False,0,WEAK,-18.950000762939453,-0.8799999952316284
20240910,600055,2,True,True,1,True,False,1,YELLOW,4.840000152587891,-56.06999969482422
20240910,600056,0,False,False,1,True,False,1,YELLOW,-47.34000015258789,-11.050000190734863
20240910,600057,1,True,False,0,False,False,0,YELLOW,-19.8700008392334,29.68000030517578
20240910,600058,0,False,False,0,False,False,0,YELLOW,-500.0,91.83999633789062
20240910,600059,1,True,False,1,True,False,1,OK,3.5199999809265137,-12.130000114440918
20240910,600060,1,False,True,0,False,False,0,YELLOW,4.880000114440918,26.559999465942383
20240910,600061,0,False,False,1,True,False,1,YELLOW,13.43000030517578,36.38999938964844
20240910,600062,2,True,True,1,True,False,1,OK,16.139999389648438,1.2100000381469729
20240910,600063,0,False,False,0,False,False,0,WEAK,27.270000457763672,107.3499984741211
20240910,600064,0,False,False,1,True,False,1,YELLOW,-1.5399999618530271,22.520000457763672
20240910,600066,2,True,True,0,False,False,0,YELLOW,145.2100067138672,8.239999771118164
20240910,600067,1,True,False,1,True,False,1,WEAK,-60.0,136.05999755859375
20240910,600071,1,True,False,1,True,False,1,WEAK,50.709999084472656,104.93000030517578
20240910,600072,1,False,True,1,True,False,1,WEAK,75.0999984741211,-492.2099914550781
20240910,600073,0,False,False,1,True,False,1,YELLOW,-43.63999938964844,-3.859999895095825
20240910,600075,1,True,False,1,True,False,1,WEAK,88.66000366210938,-55.40999984741211
20240910,600076,2,True,True,1,True,False,1,WEAK,-11.970000267028809,-51.20000076293945
20240910,600078,1,True,False,0,False,False,0,WEAK,-112.4000015258789,31.440000534057617
20240910,600081,0,False,False,1,True,False,1,YELLOW,-80.05000305175781,84.22000122070312
20240910,600085,2,True,True,0,False,False,0,YELLOW,-10.550000190734863,-5.03000020980835
20240910,600088,0,False,False,0,False,False,0,WEAK,-14.260000228881836,-154.52999877929688
20240910,600089,0,False,False,0,False,False,0,WEAK,-62.08000183105469,-5.369999885559082
20240910,600094,0,False,False,0,False,False,0,YELLOW,-500.0,-76.77999877929688
20240910,600095,1,False,True,0,False,False,0,YELLOW,152.9199981689453,74.30000305175781
20240910,600096,1,True,False,1,True,False,1,YELLOW,15.119999885559082,-3.380000114440918
20240910,600097,2,True,True,0,False,False,0,WEAK,-38.689998626708984,185.4900054931641
20240910,600098,2,True,True,1,True,False,1,YELLOW,3.9600000381469727,-66.18000030517578
20240910,600099,1,False,True,1,True,False,1,YELLOW,53.13999938964844,43.400001525878906
20240910,600100,1,True,False,0,False,False,0,YELLOW,6.630000114440918,51.709999084472656
20240910,600101,0,False,False,0,False,False,0,YELLOW,23.31999969482422,-14.81999969482422
20240910,600103,1,False,True,0,False,False,0,WEAK,-37.689998626708984,6.159999847412109
20240910,600104,0,False,False,0,False,False,0,YELLOW,-153.85000610351562,432.2099914550781
20240910,600105,0,False,False,1,True,False,1,YELLOW,500.0,500.0
20240910,600106,0,False,False,0,False,False,0,OK,-20.88999938964844,-33.310001373291016
20240910,600108,1,False,True,1,True,False,1,YELLOW,-7.380000114440918,28.530000686645508
20240910,600109,1,False,True,0,False,False,0,WEAK,-2.9800000190734863,134.49000549316406
20240910,600110,0,False,False,0,False,False,0,WEAK,-209.2899932861328,56.529998779296875
20240910,600111,0,False,False,1,True,False,1,WEAK,-61.119998931884766,500.0
20240910,600113,1,True,False,1,True,False,1,WEAK,-24.510000228881836,10.630000114440918
20240910,600114,1,True,False,1,True,False,1,YELLOW,153.6199951171875,40.61000061035156
20240910,600115,1,True,False,0,False,False,0,WEAK,44.290000915527344,40.709999084472656
20240910,600116,2,True,True,1,True,False,1,YELLOW,-20.729999542236328,-83.48999786376953
20240910,600117,1,True,False,1,True,False,1,WEAK,39.40999984741211,13.829999923706056
20240910,600118,0,False,False,1,True,False,1,YELLOW,-96.66999816894533,-500.0
20240910,600120,0,False,False,1,True,False,1,YELLOW,-43.84000015258789,215.1699981689453
20240910,600121,1,False,True,1,True,False,1,WEAK,83.37000274658203,-500.0
20240910,600123,0,False,False,0,False,False,0,WEAK,-66.80999755859375,-130.75999450683594
20240910,600125,1,False,True,0,False,False,0,YELLOW,-16.979999542236328,35.029998779296875
20240910,600126,1,False,True,0,False,False,0,WEAK,-500.0,-39.630001068115234
20240910,600127,0,False,False,1,True,False,1,YELLOW,-114.55999755859376,84.63999938964844
20240910,600128,1,True,False,1,True,False,1,YELLOW,8.949999809265137,-76.3499984741211
20240910,600129,0,False,False,0,False,False,0,OK,-95.0199966430664,-74.5199966430664
20240910,600130,2,True,True,1,True,False,1,YELLOW,-404.1499938964844,-47.209999084472656
20240910,600131,1,True,False,0,False,False,0,YELLOW,-11.609999656677246,-11.0600004196167
20240910,600132,2,True,True,0,False,False,0,OK,-7.03000020980835,-3.7200000286102295
20240910,600133,0,False,False,0,False,False,0,WEAK,13.0600004196167,-35.08000183105469
20240910,600135,1,False,True,1,True,False,1,WEAK,-2.240000009536743,-42.310001373291016
20240910,600137,2,True,True,1,True,False,1,YELLOW,19.75,35.16999816894531
20240910,600138,0,False,False,0,False,False,0,YELLOW,-22.309999465942383,-13.880000114440918
20240910,600141,2,True,True,1,True,False,1,WEAK,21.790000915527344,-11.829999923706056
20240910,600143,0,False,False,1,True,False,1,YELLOW,240.1300048828125,53.689998626708984
20240910,600148,1,True,False,1,True,False,1,YELLOW,-64.95999908447266,500.0
20240910,600149,2,True,True,1,True,False,1,WEAK,162.08999633789062,500.0
20240910,600150,1,True,False,1,True,False,1,YELLOW,500.0,141.22999572753906
20240910,600151,0,False,False,1,True,False,1,WEAK,69.70999908447266,-183.4900054931641
20240910,600152,1,True,False,1,True,False,1,WEAK,42.83000183105469,-170.97000122070312
20240910,600153,1,False,True,0,False,False,0,YELLOW,-20.850000381469727,-20.3799991607666
20240910,600155,1,False,True,0,False,False,0,WEAK,-44.349998474121094,49.31999969482422
20240910,600156,2,True,True,1,True,False,1,WEAK,-14.859999656677246,-143.94000244140625
20240910,600157,1,True,False,1,True,False,1,YELLOW,-39.86000061035156,-91.04000091552734
20240910,600158,1,True,False,0,False,False,0,YELLOW,-9.899999618530272,-219.2599945068359
20240910,600159,1,False,True,1,True,False,1,WEAK,40.470001220703125,-0.0199999995529651
20240910,600160,1,True,False,0,False,False,0,YELLOW,131.39999389648438,155.22999572753906
20240910,600161,2,True,True,1,True,False,1,YELLOW,37.52000045776367,-14.539999961853027
20240910,600162,1,False,True,1,True,False,1,YELLOW,121.08999633789062,-500.0
20240910,600163,1,True,False,1,True,False,1,WEAK,-4.199999809265137,-7.050000190734863
20240910,600166,0,False,False,1,True,False,1,YELLOW,-147.2100067138672,80.80999755859375
20240910,600167,0,False,False,1,True,False,1,WEAK,-19.209999084472656,0.2199999988079071
20240910,600168,2,True,True,0,False,False,0,YELLOW,123.5199966430664,21.079999923706055
20240910,600170,1,True,False,0,False,False,0,YELLOW,-44.470001220703125,-69.12999725341797
20240910,600171,2,True,True,1,True,False,1,WEAK,66.2699966430664,1.0299999713897705
20240910,600172,0,False,False,1,True,False,1,WEAK,-24.729999542236328,-16.079999923706055
20240910,600173,0,False,False,1,True,False,1,WEAK,-68.37000274658203,-43.630001068115234
20240910,600176,0,False,False,0,False,False,0,WEAK,-5.78000020980835,170.74000549316406
20240910,600177,0,False,False,1,True,False,1,WEAK,-15.130000114440918,-7.78000020980835
20240910,600178,1,False,True,0,False,False,0,WEAK,15.720000267028809,-26.90999984741211
20240910,600179,1,False,True,0,False,False,0,WEAK,42.09000015258789,500.0
20240910,600182,1,True,False,1,True,False,1,YELLOW,-3.7899999618530273,-37.119998931884766
20240910,600183,2,True,True,0,False,False,0,YELLOW,53.41999816894531,51.68000030517578
20240910,600184,1,False,True,1,True,False,1,YELLOW,-500.0,500.0
20240910,600185,0,False,False,0,False,False,0,WEAK,-160.7899932861328,63.619998931884766
20240910,600186,2,True,True,0,False,False,0,YELLOW,72.36000061035156,58.540000915527344
20240910,600188,0,False,False,0,False,False,0,YELLOW,-25.280000686645508,-39.310001373291016
20240910,600189,1,False,True,1,True,False,1,WEAK,85.8499984741211,226.41000366210935
20240910,600191,1,False,True,1,True,False,1,WEAK,-113.19000244140624,232.4199981689453
20240910,600192,0,False,False,1,True,False,1,WEAK,-69.66000366210938,-31.40999984741211
20240910,600195,1,False,True,0,False,False,0,YELLOW,-77.72000122070312,39.349998474121094
20240910,600196,0,False,False,1,True,False,1,OK,15.100000381469728,-23.38999938964844
20240910,600197,1,True,False,0,False,False,0,OK,-16.479999542236328,-19.899999618530273
20240910,600198,2,True,True,1,True,False,1,WEAK,40.61000061035156,1.3600000143051147
20240910,600199,1,True,False,0,False,False,0,YELLOW,-362.9299926757813,-500.0
20240910,600201,0,False,False,0,False,False,0,YELLOW,-80.55000305175781,-70.16000366210938
20240910,600202,0,False,False,1,True,False,1,YELLOW,-115.81999969482422,-218.0099945068359
20240910,600203,0,False,False,1,True,False,1,WEAK,-41.599998474121094,101.30999755859376
20240910,600206,1,False,True,1,True,False,1,YELLOW,-35.83000183105469,327.6099853515625
20240910,600207,1,False,True,1,True,False,1,YELLOW,-500.0,-500.0
20240910,600208,1,True,False,0,False,False,0,OK,125.91000366210938,-73.80999755859375
20240910,600210,2,True,True,1,True,False,1,YELLOW,39.439998626708984,33.22999954223633
20240910,600211,1,False,True,1,True,False,1,OK,9.449999809265137,3.690000057220459
20240910,600212,1,False,True,0,False,False,0,YELLOW,93.61000061035156,115.41000366210938
20240910,600215,1,False,True,0,False,False,0,YELLOW,-56.56999969482422,-154.42999267578125
20240910,600216,2,True,True,1,True,False,1,OK,500.0,110.0999984741211
20240910,600217,1,True,False,1,True,False,1,YELLOW,-80.20999908447266,-339.79998779296875
20240910,600218,0,False,False,1,True,False,1,YELLOW,-8.90999984741211,9.010000228881836
20240910,600219,1,True,False,1,True,False,1,YELLOW,80.7699966430664,21.040000915527344
20240910,600221,2,True,True,0,False,False,0,WEAK,-407.05999755859375,94.0
20240910,600222,1,True,False,1,True,False,1,YELLOW,7.929999828338623,-40.63999938964844
20240910,600223,1,True,False,0,False,False,0,WEAK,54.540000915527344,-6.25
20240910,600226,2,True,True,0,False,False,0,YELLOW,-25.8700008392334,-29.36000061035156
20240910,600227,1,True,False,1,True,False,1,WEAK,69.75,0.2199999988079071
20240910,600229,1,False,True,1,True,False,1,OK,-74.19999694824219,-55.52000045776367
20240910,600230,0,False,False,0,False,False,0,WEAK,-86.30999755859375,-14.510000228881836
20240910,600231,1,False,True,1,True,False,1,WEAK,-121.38999938964844,-8.640000343322754
20240910,600232,2,True,True,1,True,False,1,YELLOW,-37.66999816894531,-128.22999572753906
20240910,600233,1,True,False,1,True,False,1,YELLOW,6.639999866485596,-6.96999979019165
20240910,600234,2,True,True,1,True,False,1,WEAK,105.16000366210938,95.54000091552734
20240910,600235,2,True,True,1,True,False,1,YELLOW,57.900001525878906,-68.91999816894531
20240910,600236,1,True,False,1,True,False,1,WEAK,102.12000274658205,-17.510000228881836
20240910,600237,1,True,False,0,False,False,0,YELLOW,4.519999980926514,22.510000228881836
20240910,600241,0,False,False,1,True,False,1,YELLOW,-68.70999908447266,-69.91999816894531
20240910,600246,1,True,False,0,False,False,0,WEAK,-51.209999084472656,15.479999542236328
20240910,600248,0,False,False,1,True,False,1,YELLOW,-41.22999954223633,-40.869998931884766
20240910,600249,2,True,True,1,True,False,1,WEAK,-37.130001068115234,-46.20000076293945
20240910,600250,0,False,False,1,True,False,1,WEAK,-81.77999877929688,-25.459999084472656
20240910,600251,0,False,False,0,False,False,0,YELLOW,-69.19999694824219,-4.28000020980835
20240910,600252,0,False,False,0,False,False,0,WEAK,-500.0,196.2400054931641
20240910,600255,1,True,False,1,True,False,1,YELLOW,149.47000122070312,-51.2599983215332
20240910,600256,0,False,False,0,False,False,0,WEAK,-46.720001220703125,-44.099998474121094
20240910,600257,2,True,True,1,True,False,1,WEAK,-278.2099914550781,72.91999816894531
20240910,600258,1,True,False,0,False,False,0,WEAK,1.919999957084656,3.809999942779541
20240910,600259,0,False,False,1,True,False,1,WEAK,-325.3699951171875,130.22999572753906
20240910,600261,1,True,False,0,False,False,0,YELLOW,-19.770000457763672,-55.4900016784668
20240910,600262,2,True,True,1,True,False,1,YELLOW,24.09000015258789,46.36000061035156
20240910,600266,0,False,False,1,True,False,1,WEAK,-397.3999938964844,302.2200012207031
20240910,600267,0,False,False,1,True,False,1,YELLOW,500.0,23.920000076293945
20240910,600268,1,True,False,1,True,False,1,YELLOW,63.90999984741211,207.4900054931641
20240910,600269,2,True,True,0,False,False,0,OK,5.059999942779541,-3.8299999237060542
20240910,600271,0,False,False,1,True,False,1,WEAK,-500.0,-239.3699951171875
20240910,600272,1,False,True,1,True,False,1,WEAK,-77.83000183105469,-8.670000076293945
20240910,600273,1,False,True,1,True,False,1,WEAK,-13.06999969482422,1.7000000476837158
20240910,600276,2,True,True,1,True,False,1,OK,49.18000030517578,22.43000030517578
20240910,600278,2,True,True,1,True,False,1,YELLOW,-23.13999938964844,-4.239999771118164
20240910,600279,1,True,False,1,True,False,1,YELLOW,-309.20001220703125,-96.68000030517578
20240910,600280,1,True,False,1,True,False,1,OK,-21.920000076293945,-153.10000610351562
20240910,600281,2,True,True,1,True,False,1,WEAK,6.940000057220459,15.890000343322754
20240910,600282,1,True,False,0,False,False,0,YELLOW,15.399999618530272,13.029999732971191
20240910,600283,0,False,False,0,False,False,0,YELLOW,42.13999938964844,29.13999938964844
20240910,600284,0,False,False,1,True,False,1,YELLOW,6.190000057220459,-13.300000190734863
20240910,600285,2,True,True,0,False,False,0,OK,20.200000762939453,12.279999732971191
20240910,600287,1,False,True,0,False,False,0,YELLOW,-68.69000244140625,-40.5
20240910,600288,1,True,False,1,True,False,1,WEAK,-104.13999938964844,-115.61000061035156
20240910,600292,2,True,True,1,True,False,1,YELLOW,500.0,-81.33999633789062
20240910,600293,1,True,False,1,True,False,1,WEAK,-153.88999938964844,-496.760009765625
20240910,600295,1,False,True,0,False,False,0,WEAK,-43.459999084472656,-2.1700000762939453
20240910,600298,0,False,False,1,True,False,1,YELLOW,5.909999847412109,24.489999771118164
20240910,600299,1,True,False,1,True,False,1,YELLOW,500.0,5.349999904632568
20240910,600300,1,True,False,1,True,False,1,YELLOW,99.25,56.779998779296875
20240910,600301,1,True,False,0,False,False,0,OK,97.62999725341795,12.649999618530272
20240910,600303,1,True,False,0,False,False,0,WEAK,28.579999923706055,-5.739999771118164
20240910,600305,0,False,False,1,True,False,1,OK,48.29999923706055,22.829999923706055
20240910,600307,1,False,True,1,True,False,1,WEAK,-139.86000061035156,32.2400016784668
20240910,600308,2,True,True,1,True,False,1,YELLOW,79.45999908447266,-73.0199966430664
20240910,600309,0,False,False,0,False,False,0,YELLOW,-18.739999771118164,-22.899999618530273
20240910,600310,2,True,True,1,True,False,1,YELLOW,39.650001525878906,-177.0500030517578
20240910,600312,2,True,True,1,True,False,1,YELLOW,22.989999771118164,24.239999771118164
20240910,600313,1,False,True,0,False,False,0,YELLOW,-132.3300018310547,84.5199966430664
20240910,600315,0,False,False,0,False,False,0,OK,-366.4100036621094,-5.889999866485596
20240910,600316,1,False,True,1,True,False,1,YELLOW,165.89999389648438,60.75
20240910,600318,0,False,False,0,False,False,0,OK,13.15999984741211,38.970001220703125
20240910,600319,1,False,True,1,True,False,1,WEAK,-39.529998779296875,-43.18000030517578
20240910,600320,1,True,False,1,True,False,1,YELLOW,-23.0,111.44000244140624
20240910,600322,1,False,True,0,False,False,0,WEAK,42.349998474121094,-95.4000015258789
20240910,600323,1,True,False,1,True,False,1,YELLOW,15.520000457763672,4.699999809265137
20240910,600325,0,False,False,0,False,False,0,YELLOW,-24.469999313354492,-87.1500015258789
20240910,600326,1,True,False,1,True,False,1,WEAK,66.0,26.030000686645508
20240910,600327,0,False,False,0,False,False,0,YELLOW,-357.07000732421875,52.060001373291016
20240910,600328,1,False,True,1,True,False,1,WEAK,-70.29000091552734,-90.2699966430664
20240910,600329,0,False,False,0,False,False,0,YELLOW,-21.6200008392334,-5.929999828338623
20240910,600330,1,False,True,0,False,False,0,WEAK,-94.1500015258789,-94.63999938964844
20240910,600331,2,True,True,1,True,False,1,YELLOW,112.54000091552734,-236.6699981689453
20240910,600332,0,False,False,0,False,False,0,YELLOW,-35.18000030517578,-5.78000020980835
20240910,600333,2,True,True,1,True,False,1,WEAK,21.989999771118164,-6.579999923706055
20240910,600335,1,True,False,0,False,False,0,YELLOW,500.0,0.1700000017881393
20240910,600336,0,False,False,1,True,False,1,YELLOW,-500.0,28.469999313354492
20240910,600338,1,True,False,1,True,False,1,WEAK,212.1199951171875,136.3800048828125
20240910,600339,1,False,True,1,True,False,1,YELLOW,-38.709999084472656,-14.729999542236328
20240910,600343,0,False,False,1,True,False,1,WEAK,2.4800000190734863,-22.61000061035156
20240910,600345,1,False,True,0,False,False,0,WEAK,-18.15999984741211,-80.2300033569336
20240910,600346,1,True,False,0,False,False,0,YELLOW,-13.140000343322754,-35.15999984741211
20240910,600348,0,False,False,0,False,False,0,WEAK,-58.72999954223633,-32.18000030517578
20240910,600350,1,False,True,1,True,False,1,WEAK,-0.5799999833106995,7.5
20240910,600351,1,True,False,0,False,False,0,OK,19.600000381469727,-1.690000057220459
20240910,600352,0,False,False,1,True,False,1,YELLOW,12.84000015258789,-9.539999961853027
20240910,600353,2,True,True,0,False,False,0,YELLOW,18.969999313354492,21.940000534057617
20240910,600354,1,True,False,1,True,False,1,YELLOW,-8.210000038146973,121.2300033569336
20240910,600356,1,False,True,1,True,False,1,YELLOW,4.210000038146973,96.56999969482422
20240910,600358,1,False,True,1,True,False,1,WEAK,-80.48999786376953,3.549999952316284
20240910,600359,2,True,True,1,True,False,1,OK,167.39999389648438,-56.86000061035156
20240910,600361,2,True,True,1,True,False,1,WEAK,4.210000038146973,-44.790000915527344
20240910,600362,2,True,True,0,False,False,0,YELLOW,54.220001220703125,-12.880000114440918
20240910,600363,1,True,False,0,False,False,0,YELLOW,-42.060001373291016,14.010000228881836
20240910,600366,1,True,False,1,True,False,1,WEAK,148.57000732421875,122.1999969482422
20240910,600367,2,True,True,0,False,False,0,YELLOW,500.0,238.27999877929688
20240910,600368,1,True,False,0,False,False,0,YELLOW,1.2799999713897705,-11.130000114440918
20240910,600369,1,False,True,0,False,False,0,WEAK,13.859999656677246,14.210000038146973
20240910,600371,1,False,True,0,False,False,0,WEAK,-19.780000686645508,-39.150001525878906
20240910,600372,0,False,False,1,True,False,1,YELLOW,-43.04999923706055,-24.420000076293945
20240910,600373,0,False,False,1,True,False,1,YELLOW,-55.91999816894531,-96.93000030517578
20240910,600375,1,True,False,1,True,False,1,WEAK,22.350000381469727,85.5999984741211
20240910,600376,1,False,True,1,True,False,1,WEAK,-20.88999938964844,13.760000228881836
20240910,600377,2,True,True,1,True,False,1,OK,16.899999618530273,-7.489999771118164
20240910,600378,1,False,True,0,False,False,0,YELLOW,-20.36000061035156,67.81999969482422
20240910,600379,1,True,False,1,True,False,1,YELLOW,28.079999923706055,-19.959999084472656
20240910,600380,0,False,False,0,False,False,0,OK,-3.990000009536743,1.0399999618530271
20240910,600382,0,False,False,0,False,False,0,WEAK,-78.22000122070312,132.7899932861328
20240910,600383,0,False,False,1,True,False,1,WEAK,-299.1700134277344,-31.75
20240910,600386,1,True,False,1,True,False,1,YELLOW,191.6499938964844,-37.220001220703125
20240910,600388,2,True,True,0,False,False,0,YELLOW,119.25,6.630000114440918
20240910,600389,1,False,True,0,False,False,0,WEAK,-29.219999313354492,73.19000244140625
20240910,600390,1,False,True,0,False,False,0,YELLOW,-76.05000305175781,-42.279998779296875
20240910,600391,0,False,False,1,True,False,1,YELLOW,500.0,3.4100000858306885
20240910,600392,0,False,False,0,False,False,0,WEAK,-26.489999771118164,500.0
20240910,600395,1,False,True,1,True,False,1,WEAK,-104.55999755859376,59.650001525878906
20240910,600396,1,True,False,0,False,False,0,WEAK,105.43000030517578,-26.020000457763672
20240910,600397,0,False,False,1,True,False,1,WEAK,-155.22000122070312,-197.66000366210935
20240910,600398,0,False,False,0,False,False,0,OK,-25.649999618530273,3.8299999237060542
20240910,600399,1,True,False,1,True,False,1,YELLOW,-72.37999725341797,-227.30999755859375
20240910,600400,0,False,False,1,True,False,1,YELLOW,-500.0,-500.0
20240910,600403,0,False,False,1,True,False,1,WEAK,-84.88999938964844,-78.68000030517578
20240910,600405,0,False,False,1,True,False,1,WEAK,-49.13999938964844,12.220000267028809
20240910,600406,2,True,True,1,True,False,1,YELLOW,6.309999942779541,6.940000057220459
20240910,600408,2,True,True,1,True,False,1,WEAK,48.970001220703125,51.810001373291016
20240910,600409,2,True,True,1,True,False,1,YELLOW,-22.34000015258789,-85.7699966430664
20240910,600410,0,False,False,1,True,False,1,WEAK,90.91000366210938,27.790000915527344
20240910,600415,0,False,False,1,True,False,1,YELLOW,20.84000015258789,17.56999969482422
20240910,600416,2,True,True,0,False,False,0,YELLOW,-35.130001068115234,-28.84000015258789
20240910,600418,2,True,True,1,True,False,1,YELLOW,-59.61000061035156,-500.0
20240910,600419,1,False,True,0,False,False,0,WEAK,-45.779998779296875,141.32000732421875
20240910,600420,2,True,True,1,True,False,1,OK,52.720001220703125,-6.769999980926514
20240910,600422,0,False,False,0,False,False,0,OK,25.09000015258789,-5.570000171661377
20240910,600425,1,False,True,1,True,False,1,YELLOW,-40.52000045776367,-42.79999923706055
20240910,600426,1,True,False,0,False,False,0,WEAK,4.489999771118164,-30.290000915527344
20240910,600428,1,True,False,0,False,False,0,YELLOW,73.52999877929688,52.77000045776367
20240910,600429,1,True,False,1,True,False,1,YELLOW,500.0,66.19000244140625
20240910,600433,2,True,True,1,True,False,1,YELLOW,175.22999572753906,-218.16000366210935
20240910,600435,1,False,True,1,True,False,1,WEAK,-77.19999694824219,229.47000122070312
20240910,600436,1,True,False,0,False,False,0,OK,6.570000171661377,-17.040000915527344
20240910,600438,0,False,False,1,True,False,1,WEAK,-151.83999633789062,-58.220001220703125
20240910,600439,0,False,False,1,True,False,1,YELLOW,-500.0,23.040000915527344
20240910,600444,2,True,True,1,True,False,1,YELLOW,5.980000019073486,54.189998626708984
20240910,600446,0,False,False,1,True,False,1,WEAK,-193.08999633789065,43.880001068115234
20240910,600448,1,True,False,1,True,False,1,YELLOW,-500.0,-500.0
20240910,600449,0,False,False,0,False,False,0,WEAK,-31.280000686645508,168.35000610351562
20240910,600452,0,False,False,1,True,False,1,YELLOW,-2.549999952316284,-15.710000038146973
20240910,600455,0,False,False,1,True,False,1,OK,18.809999465942383,52.900001525878906
20240910,600456,0,False,False,1,True,False,1,YELLOW,5.170000076293945,-50.09000015258789
20240910,600458,2,True,True,0,False,False,0,YELLOW,-2.4600000381469727,16.110000610351562
20240910,600459,0,False,False,0,False,False,0,YELLOW,79.7300033569336,0.4699999988079071
20240910,600460,0,False,False,1,True,False,1,WEAK,327.3399963378906,113.12000274658205
20240910,600461,1,True,False,0,False,False,0,OK,12.720000267028809,0.3100000023841858
20240910,600463,0,False,False,1,True,False,1,WEAK,5.739999771118164,-7.679999828338623
20240910,600467,1,False,True,1,True,False,1,WEAK,-22.88999938964844,216.16000366210935
20240910,600468,1,False,True,1,True,False,1,YELLOW,-208.0800018310547,-7.730000019073486
20240910,600469,1,True,False,1,True,False,1,YELLOW,-28.549999237060547,-57.0
20240910,600470,1,True,False,1,True,False,1,YELLOW,40.02000045776367,-500.0
20240910,600475,1,False,True,1,True,False,1,YELLOW,-24.0,27.40999984741211
20240910,600477,0,False,False,0,False,False,0,YELLOW,-101.91999816894533,-48.959999084472656
20240910,600478,1,False,True,0,False,False,0,YELLOW,106.83999633789062,266.69000244140625
20240910,600479,0,False,False,0,False,False,0,OK,-27.920000076293945,6.579999923706055
20240910,600480,1,True,False,0,False,False,0,YELLOW,-4.139999866485596,6.139999866485596
20240910,600481,0,False,False,0,False,False,0,WEAK,-265.6199951171875,56.93000030517578
20240910,600482,2,True,True,1,True,False,1,YELLOW,120.5999984741211,106.38999938964844
20240910,600483,2,True,True,0,False,False,0,YELLOW,6.840000152587891,12.84000015258789
20240910,600486,1,False,True,0,False,False,0,YELLOW,-22.809999465942383,7.860000133514404
20240910,600487,2,True,True,1,True,False,1,YELLOW,26.739999771118164,3.690000057220459
20240910,600488,1,True,False,1,True,False,1,WEAK,27.11000061035156,-16.469999313354492
20240910,600489,2,True,True,0,False,False,0,YELLOW,18.25,76.94999694824219
20240910,600490,0,False,False,0,False,False,0,WEAK,-41.25,272.1199951171875
20240910,600493,2,True,True,1,True,False,1,YELLOW,-500.0,-45.849998474121094
20240910,600495,1,False,True,1,True,False,1,WEAK,-80.4000015258789,98.41000366210938
20240910,600496,0,False,False,1,True,False,1,YELLOW,-9.479999542236328,22.75
20240910,600497,0,False,False,0,False,False,0,YELLOW,-5.159999847412109,12.109999656677246
20240910,600498,1,True,False,0,False,False,0,YELLOW,43.70000076293945,31.59000015258789
20240910,600499,1,False,True,0,False,False,0,YELLOW,-51.0,75.05999755859375
20240910,600500,0,False,False,1,True,False,1,WEAK,-58.630001068115234,-1.3600000143051147
20240910,600501,1,False,True,1,True,False,1,WEAK,-500.0,32.2400016784668
20240910,600502,1,False,True,0,False,False,0,YELLOW,-11.550000190734863,-11.539999961853027
20240910,600503,1,True,False,0,False,False,0,OK,-185.77000427246097,-500.0
20240910,600505,1,True,False,0,False,False,0,WEAK,132.4499969482422,114.6999969482422
20240910,600506,2,True,True,1,True,False,1,YELLOW,125.72000122070312,76.16999816894531
20240910,600507,0,False,False,1,True,False,1,YELLOW,-73.87000274658203,58.970001220703125
20240910,600508,1,False,True,0,False,False,0,WEAK,-26.530000686645508,-57.61000061035156
20240910,600509,2,True,True,0,False,False,0,WEAK,-59.540000915527344,-2.7100000381469727
20240910,600510,1,False,True,0,False,False,0,YELLOW,-62.40999984741211,-2.309999942779541
20240910,600511,1,True,False,0,False,False,0,YELLOW,-4.630000114440918,-7.139999866485596
20240910,600512,1,False,True,1,True,False,1,YELLOW,-77.37000274658203,-11.100000381469728
20240910,600513,1,True,False,1,True,False,1,OK,-56.88999938964844,-68.05999755859375
20240910,600515,0,False,False,0,False,False,0,YELLOW,-155.75,-55.779998779296875
20240910,600516,0,False,False,0,False,False,0,YELLOW,-86.98999786376953,-95.98999786376952
20240910,600517,1,True,False,0,False,False,0,YELLOW,15.550000190734863,24.350000381469727
20240910,600518,1,True,False,1,True,False,1,YELLOW,29.149999618530273,96.6500015258789
20240910,600519,2,True,True,1,True,False,1,OK,15.369999885559082,8.930000305175781
20240910,600520,2,True,True,1,True,False,1,WEAK,112.0199966430664,-46.849998474121094
20240910,600521,1,True,False,1,True,False,1,OK,27.100000381469727,-52.47999954223633
20240910,600522,1,False,True,0,False,False,0,YELLOW,-4.78000020980835,10.600000381469728
20240910,600523,0,False,False,1,True,False,1,YELLOW,-0.0900000035762786,13.970000267028809
20240910,600526,1,True,False,1,True,False,1,YELLOW,16.920000076293945,28.040000915527344
20240910,600527,2,True,True,0,False,False,0,YELLOW,-12.31999969482422,-3.859999895095825
20240910,600528,0,False,False,1,True,False,1,YELLOW,3.680000066757202,-27.670000076293945
20240910,600529,1,True,False,1,True,False,1,YELLOW,21.86000061035156,-22.010000228881836
20240910,600530,2,True,True,1,True,False,1,WEAK,116.79000091552734,-87.12000274658203
20240910,600531,1,True,False,0,False,False,0,YELLOW,31.200000762939453,16.030000686645508
20240910,600533,0,False,False,0,False,False,0,WEAK,-500.0,145.6699981689453
20240910,600535,1,True,False,1,True,False,1,OK,-12.3100004196167,-12.869999885559082
20240910,600536,1,True,False,1,True,False,1,WEAK,-10.40999984741211,73.1500015258789
20240910,600538,0,False,False,0,False,False,0,WEAK,-0.5,63.150001525878906
20240910,600539,2,True,True,1,True,False,1,WEAK,55.47999954223633,97.68000030517578
20240910,600540,0,False,False,1,True,False,1,YELLOW,-500.0,-12.56999969482422
20240910,600545,0,False,False,1,True,False,1,WEAK,-500.0,-179.05999755859375
20240910,600546,0,False,False,0,False,False,0,WEAK,-44.560001373291016,-50.560001373291016
20240910,600547,2,True,True,1,True,False,1,YELLOW,35.150001525878906,98.73999786376952
20240910,600548,0,False,False,1,True,False,1,OK,-52.04999923706055,33.630001068115234
20240910,600549,2,True,True,1,True,False,1,YELLOW,8.489999771118164,7.53000020980835
20240910,600550,2,True,True,1,True,False,1,WEAK,140.99000549316406,297.25
20240910,600551,1,True,False,1,True,False,1,YELLOW,-10.31999969482422,-11.289999961853027
20240910,600552,1,False,True,1,True,False,1,YELLOW,99.54000091552734,196.2400054931641
20240910,600556,0,False,False,0,False,False,0,YELLOW,-48.7400016784668,-19.920000076293945
20240910,600557,1,False,True,0,False,False,0,OK,-27.290000915527344,-45.630001068115234
20240910,600558,2,True,True,1,True,False,1,YELLOW,53.31999969482422,59.36000061035156
20240910,600559,1,True,False,0,False,False,0,OK,20.1200008392334,6.449999809265137
20240910,600560,0,False,False,0,False,False,0,YELLOW,-3.5799999237060547,44.58000183105469
20240910,600561,2,True,True,1,True,False,1,YELLOW,60.56999969482422,76.41000366210938
20240910,600562,2,True,True,1,True,False,1,YELLOW,6.53000020980835,1.159999966621399
20240910,600563,1,False,True,1,True,False,1,YELLOW,2.490000009536743,20.719999313354492
20240910,600566,0,False,False,0,False,False,0,OK,-15.84000015258789,-47.43000030517578
20240910,600567,1,True,False,0,False,False,0,YELLOW,-182.57000732421875,39.15999984741211
20240910,600569,0,False,False,0,False,False,0,WEAK,-107.38999938964844,101.4499969482422
20240910,600570,0,False,False,0,False,False,0,OK,-42.38999938964844,41.88999938964844
20240910,600571,2,True,True,0,False,False,0,WEAK,-92.44000244140624,-24.540000915527344
20240910,600572,0,False,False,0,False,False,0,WEAK,-6.769999980926514,-11.859999656677246
20240910,600573,2,True,True,1,True,False,1,YELLOW,33.279998779296875,43.20000076293945
20240910,600575,2,True,True,1,True,False,1,YELLOW,62.9900016784668,-16.530000686645508
20240910,600576,2,True,True,1,True,False,1,YELLOW,4.400000095367432,37.15999984741211
20240910,600577,1,True,False,1,True,False,1,YELLOW,28.459999084472656,6.550000190734863
20240910,600578,2,True,True,1,True,False,1,YELLOW,119.3499984741211,116.55999755859376
20240910,600579,1,True,False,1,True,False,1,WEAK,14.760000228881836,94.7699966430664
20240910,600580,1,False,True,0,False,False,0,YELLOW,33.130001068115234,38.25
20240910,600582,1,True,False,0,False,False,0,OK,12.09000015258789,-28.68000030517578
20240910,600583,2,True,True,0,False,False,0,YELLOW,46.20000076293945,14.40999984741211
20240910,600584,1,True,False,1,True,False,1,YELLOW,17.020000457763672,-24.75
20240910,600585,0,False,False,0,False,False,0,YELLOW,-26.100000381469727,31.809999465942383
20240910,600586,1,True,False,0,False,False,0,YELLOW,-92.94000244140624,-146.17999267578125
20240910,600587,1,True,False,1,True,False,1,YELLOW,0.6000000238418579,-29.75
20240910,600588,1,True,False,0,False,False,0,WEAK,-84.63999938964844,-27.38999938964844
20240910,600589,2,True,True,0,False,False,0,WEAK,61.27000045776367,7.960000038146973
20240910,600590,0,False,False,0,False,False,0,WEAK,-13.289999961853027,500.0
20240910,600592,2,True,True,0,False,False,0,YELLOW,-46.08000183105469,-39.560001373291016
20240910,600593,1,False,True,0,False,False,0,WEAK,-64.08000183105469,-97.9499969482422
20240910,600594,0,False,False,1,True,False,1,WEAK,-500.0,72.1500015258789
20240910,600595,2,True,True,0,False,False,0,WEAK,-38.61000061035156,52.189998626708984
20240910,600596,1,False,True,0,False,False,0,WEAK,-361.7799987792969,-197.72999572753903
20240910,600597,1,True,False,1,True,False,1,YELLOW,-67.4800033569336,-27.790000915527344
20240910,600598,1,True,False,1,True,False,1,WEAK,2.240000009536743,0.3199999928474426
20240910,600600,2,True,True,0,False,False,0,OK,6.190000057220459,5.989999771118164
20240910,600601,2,True,True,1,True,False,1,YELLOW,101.05999755859376,43.779998779296875
20240910,600602,2,True,True,0,False,False,0,YELLOW,39.84000015258789,-15.279999732971191
20240910,600603,1,True,False,0,False,False,0,OK,-3.259999990463257,-5.050000190734863
20240910,600604,0,False,False,1,True,False,1,WEAK,114.6500015258789,-29.5
20240910,600605,2,True,True,1,True,False,1,WEAK,50.7400016784668,4.159999847412109
20240910,600606,0,False,False,0,False,False,0,YELLOW,-33.68000030517578,-500.0
20240910,600609,1,False,True,1,True,False,1,YELLOW,204.94000244140625,-28.969999313354492
20240910,600610,1,True,False,0,False,False,0,WEAK,82.77999877929688,326.8299865722656
20240910,600611,1,True,False,1,True,False,1,YELLOW,-225.2599945068359,-142.1300048828125
20240910,600612,2,True,True,0,False,False,0,YELLOW,-16.34000015258789,-27.86000061035156
20240910,600613,1,True,False,1,True,False,1,WEAK,44.84000015258789,-14.739999771118164
20240910,600615,1,True,False,1,True,False,1,YELLOW,500.0,244.2899932861328
20240910,600616,1,True,False,1,True,False,1,WEAK,97.33999633789062,55.41999816894531
20240910,600617,1,True,False,0,False,False,0,YELLOW,-395.010009765625,66.13999938964844
20240910,600618,1,True,False,0,False,False,0,WEAK,16.389999389648438,21.260000228881836
20240910,600619,2,True,True,1,True,False,1,YELLOW,57.72999954223633,269.04998779296875
20240910,600620,1,False,True,1,True,False,1,WEAK,-90.26000213623048,185.08999633789065
20240910,600621,0,False,False,0,False,False,0,WEAK,108.4800033569336,39.7599983215332
20240910,600622,1,True,False,0,False,False,0,WEAK,24.719999313354492,-99.06999969482422
20240910,600623,1,True,False,1,True,False,1,YELLOW,-18.219999313354492,1.8600000143051147
20240910,600626,1,True,False,1,True,False,1,YELLOW,117.25,-215.61000061035156
20240910,600628,1,True,False,1,True,False,1,YELLOW,171.6300048828125,-26.100000381469727
20240910,600629,1,True,False,1,True,False,1,YELLOW,-0.4099999964237213,-54.599998474121094
20240910,600630,1,True,False,0,False,False,0,YELLOW,408.4200134277344,-26.790000915527344
20240910,600633,1,False,True,0,False,False,0,WEAK,12.800000190734863,0.1400000005960464
20240910,600635,0,False,False,1,True,False,1,YELLOW,-60.31999969482422,143.19000244140625
20240910,600637,1,True,False,1,True,False,1,OK,-19.68000030517578,-23.579999923706055
20240910,600638,1,False,True,1,True,False,1,WEAK,191.4499969482422,328.04998779296875
20240910,600639,1,False,True,1,True,False,1,WEAK,-79.73999786376953,-49.72999954223633
20240910,600640,1,True,False,0,False,False,0,YELLOW,220.66000366210935,3.369999885559082
20240910,600641,0,False,False,0,False,False,0,WEAK,-170.6300048828125,84.76000213623047
20240910,600642,2,True,True,1,True,False,1,YELLOW,12.770000457763672,2.200000047683716
20240910,600643,1,False,True,1,True,False,1,WEAK,-500.0,-91.94000244140624
20240910,600644,0,False,False,0,False,False,0,YELLOW,-47.25,66.3499984741211
20240910,600645,1,True,False,1,True,False,1,OK,-5.090000152587891,-35.81999969482422
20240910,600648,1,False,True,1,True,False,1,OK,-41.36000061035156,-0.1199999973177909
20240910,600649,1,False,True,0,False,False,0,WEAK,-18.65999984741211,264.1300048828125
20240910,600650,1,True,False,1,True,False,1,YELLOW,0.5099999904632568,-21.11000061035156
20240910,600651,1,True,False,1,True,False,1,WEAK,-157.3000030517578,205.27000427246097
20240910,600653,0,False,False,1,True,False,1,WEAK,45.939998626708984,4.800000190734863
20240910,600654,2,True,True,1,True,False,1,YELLOW,-500.0,130.02000427246094
20240910,600655,1,False,True,0,False,False,0,YELLOW,-367.4299926757813,-0.6600000262260437
20240910,600657,1,True,False,0,False,False,0,YELLOW,-264.0899963378906,-500.0
20240910,600658,1,False,True,0,False,False,0,WEAK,-500.0,-246.58999633789065
20240910,600660,1,True,False,1,True,False,1,OK,34.709999084472656,31.61000061035156
20240910,600661,2,True,True,1,True,False,1,WEAK,57.04999923706055,92.87999725341795
20240910,600662,1,True,False,1,True,False,1,YELLOW,0.3700000047683716,-4.78000020980835
20240910,600663,1,False,True,0,False,False,0,OK,47.630001068115234,48.400001525878906
20240910,600664,1,True,False,1,True,False,1,YELLOW,80.08000183105469,-21.709999084472656
20240910,600665,0,False,False,1,True,False,1,WEAK,-181.5500030517578,-121.62000274658205
20240910,600666,2,True,True,1,True,False,1,WEAK,64.02999877929688,-6.059999942779541
20240910,600667,0,False,False,0,False,False,0,YELLOW,-24.940000534057617,-13.010000228881836
20240910,600668,0,False,False,1,True,False,1,WEAK,48.790000915527344,-243.41000366210935
20240910,600671,1,False,True,0,False,False,0,WEAK,125.5500030517578,126.76000213623048
20240910,600673,1,True,False,0,False,False,0,WEAK,174.35000610351562,165.50999450683594
20240910,600674,1,True,False,1,True,False,1,YELLOW,3.4600000381469727,7.199999809265137
20240910,600675,0,False,False,1,True,False,1,WEAK,-289.8900146484375,235.8300018310547
20240910,600676,0,False,False,1,True,False,1,WEAK,-147.08999633789062,12.84000015258789
20240910,600679,2,True,True,1,True,False,1,YELLOW,-310.239990234375,3.319999933242798
20240910,600681,0,False,False,1,True,False,1,YELLOW,-1.3600000143051147,5.869999885559082
20240910,600682,0,False,False,1,True,False,1,WEAK,-43.9900016784668,-23.86000061035156
20240910,600683,1,False,True,0,False,False,0,WEAK,-59.130001068115234,-59.45000076293945
20240910,600684,2,True,True,1,True,False,1,WEAK,117.8000030517578,-57.310001373291016
20240910,600685,1,True,False,1,True,False,1,YELLOW,500.0,274.6600036621094
20240910,600686,0,False,False,1,True,False,1,YELLOW,55.540000915527344,112.73999786376952
20240910,600688,1,True,False,1,True,False,1,YELLOW,124.75,-500.0
20240910,600689,1,True,False,1,True,False,1,YELLOW,54.22999954223633,-46.45000076293945
20240910,600690,1,True,False,0,False,False,0,OK,12.520000457763672,15.18000030517578
20240910,600691,1,False,True,0,False,False,0,WEAK,28.959999084472656,26.43000030517578
20240910,600692,2,True,True,1,True,False,1,YELLOW,-104.44000244140624,31.93000030517578
20240910,600693,1,False,True,1,True,False,1,YELLOW,-34.470001220703125,3.140000104904175
20240910,600694,2,True,True,0,False,False,0,OK,17.450000762939453,-7.210000038146973
20240910,600697,2,True,True,0,False,False,0,YELLOW,-500.0,39.060001373291016
20240910,600698,1,False,True,1,True,False,1,YELLOW,-241.3800048828125,86.6500015258789
20240910,600699,1,True,False,0,False,False,0,YELLOW,27.739999771118164,10.529999732971191
20240910,600702,0,False,False,0,False,False,0,WEAK,-76.66999816894531,-24.100000381469727
20240910,600703,2,True,True,0,False,False,0,WEAK,53.04999923706055,65.19999694824219
20240910,600704,1,False,True,1,True,False,1,YELLOW,-17.540000915527344,34.810001373291016
20240910,600706,1,False,True,0,False,False,0,WEAK,41.09000015258789,62.4900016784668
20240910,600707,2,True,True,1,True,False,1,WEAK,187.2899932861328,-51.119998931884766
20240910,600708,1,False,True,1,True,False,1,YELLOW,-422.5199890136719,-216.2400054931641
20240910,600710,1,True,False,1,True,False,1,YELLOW,25.200000762939453,20.3700008392334
20240910,600711,1,True,False,1,True,False,1,YELLOW,500.0,-6.53000020980835
20240910,600712,2,True,True,1,True,False,1,YELLOW,-63.09000015258789,-500.0
20240910,600713,2,True,True,1,True,False,1,YELLOW,-0.0700000002980232,-14.079999923706056
20240910,600714,1,True,False,1,True,False,1,WEAK,500.0,248.11000061035156
20240910,600715,1,True,False,1,True,False,1,WEAK,52.56999969482422,99.4000015258789
20240910,600716,1,False,True,1,True,False,1,WEAK,-500.0,187.92999267578125
20240910,600717,0,False,False,1,True,False,1,YELLOW,2.9800000190734863,-10.56999969482422
20240910,600718,1,True,False,1,True,False,1,YELLOW,75.45999908447266,-206.0399932861328
20240910,600719,2,True,True,0,False,False,0,WEAK,37.619998931884766,2.5999999046325684
20240910,600720,2,True,True,0,False,False,0,YELLOW,-8.319999694824219,-12.970000267028809
20240910,600721,2,True,True,1,True,False,1,YELLOW,176.3800048828125,13.81999969482422
20240910,600722,2,True,True,1,True,False,1,YELLOW,56.2400016784668,5.309999942779541
20240910,600724,0,False,False,0,False,False,0,YELLOW,-12.380000114440918,-4.579999923706055
20240910,600725,1,False,True,0,False,False,0,WEAK,-500.0,-383.2900085449219
20240910,600726,2,True,True,1,True,False,1,WEAK,69.91999816894531,-14.609999656677246
20240910,600727,2,True,True,1,True,False,1,YELLOW,177.25,-46.630001068115234
20240910,600728,2,True,True,1,True,False,1,WEAK,170.05999755859375,323.9800109863281
20240910,600729,0,False,False,0,False,False,0,YELLOW,8.760000228881836,2.2799999713897705
20240910,600731,0,False,False,1,True,False,1,WEAK,33.72999954223633,1.7999999523162842
20240910,600732,0,False,False,0,False,False,0,WEAK,-500.0,82.9000015258789
20240910,600733,1,False,True,0,False,False,0,WEAK,-21.690000534057617,9.5600004196167
20240910,600736,0,False,False,1,True,False,1,YELLOW,-500.0,-137.16000366210938
20240910,600737,2,True,True,0,False,False,0,YELLOW,-19.36000061035156,-50.56999969482422
20240910,600738,0,False,False,1,True,False,1,WEAK,-3.1500000953674316,11.43000030517578
20240910,600739,0,False,False,0,False,False,0,YELLOW,-0.2800000011920929,56.400001525878906
20240910,600740,0,False,False,1,True,False,1,WEAK,-81.23999786376953,-151.0399932861328
20240910,600741,1,True,False,1,True,False,1,YELLOW,-11.449999809265137,2.7300000190734863
20240910,600742,2,True,True,1,True,False,1,YELLOW,16.959999084472656,13.329999923706056
20240910,600743,1,True,False,1,True,False,1,WEAK,4.840000152587891,93.91999816894533
20240910,600744,1,True,False,0,False,False,0,YELLOW,1.4600000381469729,500.0
20240910,600746,1,True,False,1,True,False,1,WEAK,500.0,-11.020000457763672
20240910,600748,0,False,False,0,False,False,0,WEAK,-132.83999633789062,-249.41000366210935
20240910,600749,0,False,False,0,False,False,0,WEAK,-29.8799991607666,-0.4300000071525574
20240910,600750,1,True,False,0,False,False,0,OK,6.429999828338623,2.309999942779541
20240910,600751,2,True,True,1,True,False,1,WEAK,415.1499938964844,-37.4900016784668
20240910,600754,2,True,True,0,False,False,0,YELLOW,-30.31999969482422,5.170000076293945
20240910,600755,0,False,False,0,False,False,0,YELLOW,-373.0299987792969,-500.0
20240910,600756,0,False,False,1,True,False,1,WEAK,-82.05999755859375,-64.77999877929688
20240910,600757,1,False,True,1,True,False,1,OK,12.449999809265137,30.030000686645508
20240910,600758,0,False,False,1,True,False,1,WEAK,500.0,-75.56999969482422
20240910,600760,2,True,True,1,True,False,1,YELLOW,15.880000114440918,-32.380001068115234
20240910,600761,2,True,True,0,False,False,0,YELLOW,-5.440000057220459,0.959999978542328
20240910,600763,1,True,False,1,True,False,1,OK,3.1700000762939453,3.839999914169311
20240910,600764,1,False,True,1,True,False,1,YELLOW,-53.04999923706055,52.58000183105469
20240910,600765,0,False,False,0,False,False,0,OK,-55.45000076293945,-30.6299991607666
20240910,600768,1,True,False,1,True,False,1,WEAK,-82.41000366210938,500.0
20240910,600769,2,True,True,1,True,False,1,OK,-35.77000045776367,-37.939998626708984
20240910,600770,1,False,True,0,False,False,0,WEAK,66.45999908447266,79.66000366210938
20240910,600771,2,True,True,0,False,False,0,YELLOW,-23.520000457763672,21.760000228881836
20240910,600773,0,False,False,1,True,False,1,WEAK,-500.0,35.65999984741211
20240910,600774,1,False,True,0,False,False,0,WEAK,-201.0500030517578,-212.4499969482422
20240910,600775,1,False,True,0,False,False,0,WEAK,21.299999237060547,19.63999938964844
20240910,600776,0,False,False,0,False,False,0,YELLOW,-500.0,137.55999755859375
20240910,600778,2,True,True,1,True,False,1,YELLOW,92.9000015258789,11.649999618530272
20240910,600779,1,True,False,0,False,False,0,OK,7.070000171661377,-78.73999786376953
20240910,600780,0,False,False,0,False,False,0,YELLOW,-27.690000534057617,27.010000228881836
20240910,600782,0,False,False,0,False,False,0,WEAK,-175.7899932861328,85.2699966430664
20240910,600783,1,False,True,1,True,False,1,WEAK,-35.83000183105469,-11.06999969482422
20240910,600784,1,True,False,1,True,False,1,YELLOW,14.800000190734863,-29.040000915527344
20240910,600785,0,False,False,0,False,False,0,YELLOW,-12.8100004196167,-17.549999237060547
20240910,600787,0,False,False,0,False,False,0,YELLOW,-187.6000061035156,-42.880001068115234
20240910,600789,1,True,False,1,True,False,1,YELLOW,19.31999969482422,9.15999984741211
20240910,600790,1,False,True,1,True,False,1,WEAK,-41.040000915527344,0.8199999928474426
20240910,600791,2,True,True,1,True,False,1,WEAK,71.20999908447266,-233.0099945068359
20240910,600792,0,False,False,1,True,False,1,WEAK,-298.6700134277344,31.690000534057617
20240910,600793,1,False,True,1,True,False,1,WEAK,-139.1699981689453,114.22000122070312
20240910,600794,2,True,True,0,False,False,0,WEAK,-20.280000686645508,-70.48999786376953
20240910,600795,1,False,True,1,True,False,1,YELLOW,-4.199999809265137,56.119998931884766
20240910,600796,2,True,True,0,False,False,0,YELLOW,-35.18000030517578,-29.38999938964844
20240910,600797,0,False,False,1,True,False,1,WEAK,-161.83999633789062,11.109999656677246
20240910,600798,1,False,True,0,False,False,0,WEAK,-114.16000366210938,-20.420000076293945
20240910,600800,1,False,True,1,True,False,1,WEAK,-26.229999542236328,-11.3100004196167
20240910,600801,0,False,False,0,False,False,0,YELLOW,-23.149999618530273,57.290000915527344
20240910,600802,1,True,False,1,True,False,1,WEAK,46.970001220703125,111.88999938964844
20240910,600803,1,True,False,1,True,False,1,YELLOW,50.88999938964844,21.1299991607666
20240910,600805,2,True,True,0,False,False,0,YELLOW,47.880001068115234,120.91000366210938
20240910,600807,1,False,True,0,False,False,0,WEAK,-17.719999313354492,12.210000038146973
20240910,600808,1,True,False,0,False,False,0,WEAK,-149.9199981689453,91.25
20240910,600809,1,True,False,0,False,False,0,OK,17.239999771118164,1.2699999809265137
20240910,600810,1,True,False,1,True,False,1,YELLOW,-258.5899963378906,-464.8399963378906
20240910,600812,1,True,False,1,True,False,1,YELLOW,349.54998779296875,120.69000244140624
20240910,600814,2,True,True,0,False,False,0,OK,-16.31999969482422,-25.68000030517578
20240910,600815,2,True,True,1,True,False,1,YELLOW,71.27999877929688,-29.90999984741211
20240910,600816,2,True,True,0,False,False,0,YELLOW,-43.099998474121094,9.670000076293944
20240910,600817,2,True,True,1,True,False,1,YELLOW,22.709999084472656,5.300000190734863
20240910,600819,2,True,True,1,True,False,1,YELLOW,167.97000122070312,61.59000015258789
20240910,600820,0,False,False,0,False,False,0,YELLOW,-3.839999914169311,0.209999993443489
20240910,600821,0,False,False,1,True,False,1,WEAK,0.4199999868869781,-10.029999732971191
20240910,600822,0,False,False,1,True,False,1,YELLOW,-80.5,-39.58000183105469
20240910,600824,1,False,True,1,True,False,1,YELLOW,-33.34000015258789,-59.97999954223633
20240910,600825,1,False,True,1,True,False,1,OK,-500.0,-164.63999938964844
20240910,600826,0,False,False,1,True,False,1,WEAK,2.059999942779541,-33.9900016784668
20240910,600827,0,False,False,0,False,False,0,YELLOW,-42.880001068115234,-7.960000038146973
20240910,600828,1,True,False,1,True,False,1,OK,16.09000015258789,-70.4800033569336
20240910,600829,0,False,False,1,True,False,1,YELLOW,-30.86000061035156,-41.20000076293945
20240910,600830,2,True,True,1,True,False,1,WEAK,262.6600036621094,17.489999771118164
20240910,600831,0,False,False,0,False,False,0,WEAK,-63.70000076293945,6.199999809265137
20240910,600833,1,False,True,1,True,False,1,YELLOW,-36.790000915527344,24.579999923706055
20240910,600834,1,False,True,1,True,False,1,OK,-21.989999771118164,-9.220000267028809
20240910,600835,0,False,False,1,True,False,1,YELLOW,-18.25,-8.930000305175781
20240910,600838,1,False,True,1,True,False,1,YELLOW,-23.709999084472656,-3.0199999809265137
20240910,600839,1,True,False,1,True,False,1,YELLOW,6.53000020980835,-13.40999984741211
20240910,600841,1,True,False,1,True,False,1,WEAK,16.520000457763672,42.25
20240910,600843,0,False,False,0,False,False,0,YELLOW,-347.0,-500.0
20240910,600844,1,False,True,1,True,False,1,WEAK,23.979999542236328,34.380001068115234
20240910,600845,2,True,True,0,False,False,0,OK,-8.90999984741211,-48.560001373291016
20240910,600846,0,False,False,1,True,False,1,YELLOW,-20.299999237060547,34.06999969482422
20240910,600847,1,False,True,1,True,False,1,WEAK,-43.36000061035156,-48.959999084472656
20240910,600848,1,False,True,0,False,False,0,OK,32.25,-14.1899995803833
20240910,600850,1,True,False,1,True,False,1,YELLOW,11.31999969482422,-19.959999084472656
20240910,600851,0,False,False,1,True,False,1,YELLOW,-9.6899995803833,5.159999847412109
20240910,600853,1,True,False,1,True,False,1,YELLOW,22.100000381469727,10.09000015258789
20240910,600854,2,True,True,1,True,False,1,WEAK,-8.930000305175781,-4.090000152587891
20240910,600855,0,False,False,1,True,False,1,WEAK,-3.450000047683716,-13.239999771118164
20240910,600857,0,False,False,0,False,False,0,WEAK,-53.939998626708984,10.640000343322754
20240910,600858,1,True,False,0,False,False,0,OK,-80.9800033569336,-17.549999237060547
20240910,600859,0,False,False,0,False,False,0,OK,-53.4900016784668,-91.33000183105467
20240910,600860,1,True,False,1,True,False,1,WEAK,91.43000030517578,-70.83999633789062
20240910,600861,2,True,True,0,False,False,0,WEAK,106.87999725341795,6.889999866485596
20240910,600862,1,True,False,1,True,False,1,YELLOW,13.0,1.5499999523162842
20240910,600863,2,True,True,1,True,False,1,YELLOW,16.049999237060547,-9.020000457763672
20240910,600864,1,True,False,1,True,False,1,YELLOW,306.17999267578125,436.4200134277344
20240910,600865,0,False,False,0,False,False,0,YELLOW,-11.84000015258789,-19.540000915527344
20240910,600866,2,True,True,0,False,False,0,WEAK,57.06999969482422,50.72999954223633
20240910,600867,1,False,True,0,False,False,0,WEAK,-100.79000091552734,500.0
20240910,600868,1,False,True,1,True,False,1,OK,20.579999923706055,-356.5299987792969
20240910,600869,1,False,True,1,True,False,1,WEAK,-255.86000061035156,185.47999572753903
20240910,600871,0,False,False,1,True,False,1,YELLOW,-62.86000061035156,68.76000213623047
20240910,600872,1,True,False,0,False,False,0,YELLOW,27.969999313354492,-22.530000686645508
20240910,600873,1,False,True,1,True,False,1,YELLOW,-12.550000190734863,24.979999542236328
20240910,600874,0,False,False,0,False,False,0,YELLOW,-7.139999866485596,3.859999895095825
20240910,600875,1,False,True,0,False,False,0,YELLOW,-23.11000061035156,10.520000457763672
20240910,600876,0,False,False,0,False,False,0,WEAK,-434.7200012207031,-500.0
20240910,600877,1,False,True,1,True,False,1,OK,-81.76000213623047,-119.81999969482422
20240910,600879,1,False,True,1,True,False,1,YELLOW,-59.439998626708984,-18.899999618530273
20240910,600880,1,False,True,0,False,False,0,WEAK,-111.2300033569336,-73.70999908447266
20240910,600881,0,False,False,0,False,False,0,WEAK,15.5600004196167,11.050000190734863
20240910,600882,1,True,False,1,True,False,1,OK,500.0,80.0999984741211
20240910,600883,1,False,True,1,True,False,1,WEAK,-33.65999984741211,-56.91999816894531
20240910,600884,0,False,False,0,False,False,0,WEAK,-451.0799865722656,500.0
20240910,600885,2,True,True,1,True,False,1,OK,13.890000343322754,17.850000381469727
20240910,600886,2,True,True,1,True,False,1,YELLOW,-1.5099999904632568,1.600000023841858
20240910,600887,0,False,False,0,False,False,0,OK,-40.040000915527344,31.780000686645508
20240910,600888,1,False,True,1,True,False,1,WEAK,-30.25,-36.40999984741211
20240910,600893,0,False,False,1,True,False,1,YELLOW,-35.20000076293945,-92.97000122070312
20240910,600894,2,True,True,0,False,False,0,YELLOW,2.3499999046325684,-41.630001068115234
20240910,600895,1,False,True,0,False,False,0,YELLOW,-2.6700000762939453,40.029998779296875
20240910,600897,2,True,True,1,True,False,1,WEAK,11.050000190734863,15.40999984741211
20240910,600900,2,True,True,1,True,False,1,OK,18.170000076293945,16.0
20240910,600901,2,True,True,0,False,False,0,WEAK,9.149999618530272,9.699999809265137
20240910,600903,1,True,False,1,True,False,1,YELLOW,-22.950000762939453,-46.619998931884766
20240910,600905,1,False,True,1,True,False,1,WEAK,-13.600000381469728,-20.739999771118164
20240910,600906,0,False,False,0,False,False,0,WEAK,13.289999961853027,56.41999816894531
20240910,600908,1,True,False,1,True,False,1,WEAK,8.4399995803833,6.900000095367432
20240910,600909,2,True,True,1,True,False,1,WEAK,19.25,44.77000045776367
20240910,600916,2,True,True,0,False,False,0,YELLOW,-10.329999923706056,-46.439998626708984
20240910,600917,0,False,False,1,True,False,1,YELLOW,-8.15999984741211,-28.75
20240910,600918,0,False,False,0,False,False,0,WEAK,-15.920000076293944,78.66999816894531
20240910,600919,1,True,False,1,True,False,1,WEAK,11.399999618530272,8.960000038146973
20240910,600925,1,False,True,1,True,False,1,WEAK,-38.970001220703125,-91.25
20240910,600926,1,True,False,1,True,False,1,WEAK,19.38999938964844,17.200000762939453
20240910,600927,1,False,True,1,True,False,1,WEAK,-20.270000457763672,-43.18000030517578
20240910,600928,2,True,True,0,False,False,0,WEAK,4.119999885559082,8.680000305175781
20240910,600929,0,False,False,1,True,False,1,WEAK,-63.970001220703125,-84.62999725341797
20240910,600933,2,True,True,0,False,False,0,YELLOW,0.4000000059604645,32.2599983215332
20240910,600935,1,False,True,0,False,False,0,WEAK,-500.0,10.460000038146973
20240910,600936,0,False,False,1,True,False,1,WEAK,-22.38999938964844,7.25
20240910,600938,1,True,False,0,False,False,0,OK,6.559999942779541,-12.43000030517578
20240910,600939,0,False,False,0,False,False,0,WEAK,-500.0,-176.74000549316406
20240910,600941,1,True,False,1,True,False,1,YELLOW,4.010000228881836,7.289999961853027
20240910,600955,2,True,True,0,False,False,0,WEAK,-36.849998474121094,-500.0
20240910,600956,0,False,False,0,False,False,0,WEAK,-24.520000457763672,-1.2799999713897705
20240910,600958,1,True,False,1,True,False,1,WEAK,23.36000061035156,67.06999969482422
20240910,600959,1,True,False,1,True,False,1,YELLOW,31.489999771118164,88.87000274658203
20240910,600960,0,False,False,1,True,False,1,WEAK,-496.3399963378906,104.61000061035156
20240910,600961,1,True,False,0,False,False,0,YELLOW,29.709999084472656,88.62999725341797
20240910,600962,1,False,True,1,True,False,1,YELLOW,-53.90999984741211,500.0
20240910,600963,1,False,True,1,True,False,1,WEAK,-500.0,373.6499938964844
20240910,600966,1,True,False,0,False,False,0,WEAK,22.43000030517578,-46.77000045776367
20240910,600967,0,False,False,1,True,False,1,YELLOW,-41.43000030517578,10.130000114440918
20240910,600968,1,True,False,1,True,False,1,YELLOW,32.88999938964844,20.299999237060547
20240910,600969,1,True,False,0,False,False,0,YELLOW,31.229999542236328,130.5399932861328
20240910,600970,1,True,False,0,False,False,0,YELLOW,1.6399999856948853,-11.600000381469728
20240910,600971,0,False,False,0,False,False,0,YELLOW,-42.959999084472656,-118.41999816894533
20240910,600973,0,False,False,0,False,False,0,YELLOW,-500.0,500.0
20240910,600975,1,True,False,0,False,False,0,WEAK,101.79000091552734,116.9499969482422
20240910,600976,1,False,True,0,False,False,0,OK,-30.799999237060547,0.6100000143051147
20240910,600977,1,False,True,0,False,False,0,YELLOW,-177.2100067138672,-230.7400054931641
20240910,600979,2,True,True,0,False,False,0,YELLOW,-1.919999957084656,-41.9900016784668
20240910,600980,2,True,True,1,True,False,1,YELLOW,20.469999313354492,-6.289999961853027
20240910,600981,0,False,False,1,True,False,1,WEAK,-28.459999084472656,-16.34000015258789
20240910,600982,1,True,False,1,True,False,1,YELLOW,-6.769999980926514,27.559999465942383
20240910,600983,0,False,False,0,False,False,0,YELLOW,74.80000305175781,500.0
20240910,600984,0,False,False,0,False,False,0,WEAK,-35.59000015258789,-6.869999885559082
20240910,600985,1,False,True,0,False,False,0,WEAK,-21.190000534057617,-66.29000091552734
20240910,600986,0,False,False,1,True,False,1,YELLOW,-99.83999633789062,-86.86000061035156
20240910,600987,2,True,True,1,True,False,1,YELLOW,-3.359999895095825,5.070000171661377
20240910,600988,1,True,False,1,True,False,1,YELLOW,96.27999877929688,73.9800033569336
20240910,600989,1,True,False,0,False,False,0,OK,13.970000267028809,58.66999816894531
20240910,600990,0,False,False,0,False,False,0,WEAK,49.540000915527344,21.1200008392334
20240910,600992,1,False,True,0,False,False,0,YELLOW,-247.86000061035156,-500.0
20240910,600993,2,True,True,0,False,False,0,YELLOW,44.97999954223633,4.239999771118164
20240910,600995,1,False,True,1,True,False,1,WEAK,12.43000030517578,32.189998626708984
20240910,600996,0,False,False,0,False,False,0,WEAK,18.170000076293945,-21.559999465942383
20240910,600997,1,False,True,1,True,False,1,YELLOW,-30.399999618530273,-24.170000076293945
20240910,600998,0,False,False,0,False,False,0,YELLOW,-7.46999979019165,-19.34000015258789
20240910,600999,1,True,False,1,True,False,1,WEAK,18.84000015258789,9.0
20240910,601000,1,True,False,1,True,False,1,YELLOW,0.1500000059604644,-18.649999618530273
20240910,601001,1,True,False,0,False,False,0,WEAK,-10.970000267028809,-39.029998779296875
20240910,601002,1,False,True,1,True,False,1,WEAK,500.0,500.0
20240910,601003,1,True,False,1,True,False,1,YELLOW,57.20000076293945,500.0
20240910,601005,0,False,False,1,True,False,1,WEAK,-111.76000213623048,79.6500015258789
20240910,601006,0,False,False,0,False,False,0,YELLOW,-24.440000534057617,-29.8700008392334
20240910,601007,1,False,True,1,True,False,1,YELLOW,-1.4199999570846558,19.559999465942383
20240910,601008,2,True,True,1,True,False,1,YELLOW,25.600000381469727,-40.88999938964844
20240910,601009,1,True,False,1,True,False,1,WEAK,11.220000267028809,9.09000015258789
20240910,601011,1,False,True,1,True,False,1,WEAK,68.94999694824219,66.05000305175781
20240910,601012,0,False,False,0,False,False,0,WEAK,-180.7400054931641,37.380001068115234
20240910,601015,1,False,True,1,True,False,1,WEAK,-130.16000366210938,-10.0
20240910,601016,2,True,True,1,True,False,1,YELLOW,-11.859999656677246,-28.989999771118164
20240910,601018,1,True,False,1,True,False,1,YELLOW,4.940000057220459,6.619999885559082
20240910,601019,0,False,False,1,True,False,1,OK,-9.90999984741211,-13.229999542236328
20240910,601020,2,True,True,0,False,False,0,OK,247.97999572753903,61.849998474121094
20240910,601021,2,True,True,0,False,False,0,WEAK,1.0700000524520874,-15.25
20240910,601022,2,True,True,0,False,False,0,WEAK,14.300000190734863,33.720001220703125
20240910,601033,1,False,True,0,,False,-1,OK,15.56999969482422,10.100000381469728
20240910,601038,2,True,True,1,True,False,1,YELLOW,-6.369999885559082,-21.219999313354492
20240910,601058,2,True,True,0,False,False,0,YELLOW,26.88999938964844,-11.0600004196167
20240910,601059,1,False,True,0,False,False,0,WEAK,-6.070000171661377,68.33000183105469
20240910,601061,0,False,False,0,False,False,0,YELLOW,-7.420000076293945,103.9800033569336
20240910,601065,2,True,True,1,True,False,1,OK,-9.25,-48.470001220703125
20240910,601066,0,False,False,0,False,False,0,WEAK,-7.03000020980835,57.91999816894531
20240910,601068,2,True,True,0,False,False,0,YELLOW,95.70999908447266,-15.68000030517578
20240910,601069,2,True,True,0,False,False,0,YELLOW,217.5800018310547,109.97000122070312
20240910,601077,1,True,False,1,True,False,1,WEAK,4.639999866485596,9.369999885559082
20240910,601083,1,False,True,0,,False,-1,WEAK,46.599998474121094,167.08999633789062
20240910,601086,1,False,True,0,False,False,0,OK,-37.279998779296875,-39.93000030517578
20240910,601088,0,False,False,1,True,False,1,WEAK,-4.360000133514404,-17.530000686645508
20240910,601089,2,True,True,1,True,False,1,OK,-3.650000095367432,-6.019999980926514
20240910,601096,1,True,False,0,,False,-1,YELLOW,76.76000213623047,160.14999389648438
20240910,601098,0,False,False,1,True,False,1,OK,0.0599999986588954,34.540000915527344
20240910,601099,0,False,False,1,True,False,1,WEAK,-14.779999732971191,101.41999816894533
20240910,601100,0,False,False,1,True,False,1,OK,-6.610000133514404,16.899999618530273
20240910,601101,2,True,True,1,True,False,1,WEAK,0.25,-48.369998931884766
20240910,601106,1,False,True,1,True,False,1,WEAK,-32.650001525878906,16.6200008392334
20240910,601107,1,False,True,0,False,False,0,YELLOW,27.219999313354492,21.09000015258789
20240910,601108,1,False,True,0,False,False,0,WEAK,3.849999904632568,18.11000061035156
20240910,601111,1,True,False,0,False,False,0,WEAK,20.059999465942383,41.7599983215332
20240910,601113,2,True,True,0,False,False,0,YELLOW,189.6199951171875,-4.679999828338623
20240910,601116,1,True,False,0,False,False,0,YELLOW,-1.5700000524520874,-6.46999979019165
20240910,601117,2,True,True,0,False,False,0,YELLOW,6.019999980926514,-1.559999942779541
20240910,601118,2,True,True,1,True,False,1,WEAK,39.709999084472656,24.219999313354492
20240910,601121,2,True,True,1,True,False,1,OK,36.29999923706055,-41.20000076293945
20240910,601126,1,True,False,0,False,False,0,OK,11.979999542236328,12.68000030517578
20240910,601127,2,True,True,0,False,False,0,YELLOW,215.7100067138672,72.13999938964844
20240910,601128,1,True,False,0,False,False,0,WEAK,16.690000534057617,12.300000190734863
20240910,601133,2,True,True,0,False,False,0,WEAK,-2.490000009536743,-17.68000030517578
20240910,601136,2,True,True,0,False,False,0,WEAK,38.06999969482422,2.369999885559082
20240910,601137,2,True,True,0,False,False,0,YELLOW,16.260000228881836,7.880000114440918
20240910,601138,2,True,True,0,False,False,0,YELLOW,15.859999656677246,36.72999954223633
20240910,601139,1,True,False,1,True,False,1,YELLOW,2.9000000953674316,-12.270000457763672
20240910,601155,0,False,False,1,True,False,1,YELLOW,183.07000732421875,-28.15999984741211
20240910,601156,2,True,True,0,False,False,0,WEAK,8.649999618530273,-3.380000114440918
20240910,601158,1,False,True,0,False,False,0,WEAK,-27.40999984741211,18.690000534057617
20240910,601162,0,False,False,1,True,False,1,WEAK,-94.37000274658205,107.06999969482422
20240910,601163,1,False,True,0,False,False,0,YELLOW,-26.489999771118164,-40.5099983215332
20240910,601166,1,True,False,1,True,False,1,WEAK,0.3300000131130218,0.1700000017881393
20240910,601168,1,True,False,0,False,False,0,YELLOW,15.300000190734863,9.420000076293944
20240910,601169,2,True,True,1,True,False,1,WEAK,1.9600000381469729,3.069999933242798
20240910,601177,0,False,False,1,True,False,1,YELLOW,8.020000457763672,22.549999237060547
20240910,601179,2,True,True,1,True,False,1,YELLOW,55.52000045776367,29.25
20240910,601186,0,False,False,0,False,False,0,YELLOW,-13.239999771118164,-11.399999618530272
20240910,601187,0,False,False,0,False,False,0,WEAK,-1.3200000524520874,-5.070000171661377
20240910,601188,1,False,True,1,True,False,1,OK,11.890000343322754,17.3700008392334
20240910,601198,2,True,True,1,True,False,1,WEAK,67.45999908447266,42.060001373291016
20240910,601199,1,True,False,1,True,False,1,WEAK,35.36000061035156,-6.019999980926514
20240910,601200,1,True,False,1,True,False,1,YELLOW,5.539999961853027,3.809999942779541
20240910,601208,0,False,False,1,True,False,1,WEAK,-42.709999084472656,45.2599983215332
20240910,601211,0,False,False,1,True,False,1,WEAK,42.70000076293945,59.7599983215332
20240910,601212,2,True,True,0,False,False,0,YELLOW,66.45999908447266,-180.19000244140625
20240910,601216,2,True,True,1,True,False,1,YELLOW,7.079999923706055,17.149999618530273
20240910,601218,1,False,True,1,True,False,1,YELLOW,-88.81999969482422,188.8500061035156
20240910,601222,1,True,False,1,True,False,1,WEAK,-12.0,-43.849998474121094
20240910,601225,0,False,False,1,True,False,1,WEAK,-14.25,-35.40999984741211
20240910,601226,0,False,False,0,False,False,0,YELLOW,24.479999542236328,103.01000213623048
20240910,601228,1,True,False,1,True,False,1,YELLOW,-6.019999980926514,-23.8700008392334
20240910,601229,1,True,False,1,True,False,1,WEAK,6.199999809265137,3.0199999809265137
20240910,601231,0,False,False,1,True,False,1,YELLOW,-18.459999084472656,-3.930000066757202
20240910,601233,1,True,False,0,False,False,0,YELLOW,105.38999938964844,16.719999313354492
20240910,601236,1,True,False,1,True,False,1,WEAK,154.58999633789062,45.29999923706055
20240910,601238,0,False,False,0,False,False,0,YELLOW,-221.8000030517578,-500.0
20240910,601279,0,False,False,0,False,False,0,YELLOW,-57.209999084472656,-257.489990234375
20240910,601288,1,True,False,1,True,False,1,WEAK,4.559999942779541,2.880000114440918
20240910,601298,1,True,False,1,True,False,1,YELLOW,5.929999828338623,3.8299999237060542
20240910,601311,2,True,True,1,True,False,1,YELLOW,10.850000381469728,17.940000534057617
20240910,601318,1,True,False,1,True,False,1,WEAK,36.119998931884766,-0.8899999856948853
20240910,601319,1,True,False,1,True,False,1,WEAK,88.68000030517578,16.969999313354492
20240910,601326,2,True,True,1,True,False,1,OK,0.6299999952316284,4.079999923706055
20240910,601328,0,False,False,1,True,False,1,WEAK,0.9800000190734864,1.75
20240910,601330,1,False,True,0,False,False,0,YELLOW,-6.360000133514404,24.649999618530273
20240910,601333,1,True,False,1,True,False,1,WEAK,9.489999771118164,17.440000534057617
20240910,601336,1,True,False,1,True,False,1,WEAK,200.72000122070312,33.70000076293945
20240910,601339,1,False,True,0,False,False,0,WEAK,500.0,236.3300018310547
20240910,601360,1,False,True,0,False,False,0,WEAK,-56.189998626708984,42.400001525878906
20240910,601366,0,False,False,1,True,False,1,OK,64.31999969482422,-3.839999914169311
20240910,601368,1,True,False,1,True,False,1,OK,5.21999979019165,-69.98999786376953
20240910,601369,0,False,False,1,True,False,1,YELLOW,2.0399999618530273,-9.06999969482422
20240910,601375,1,True,False,1,True,False,1,WEAK,7.170000076293945,28.350000381469727
20240910,601377,0,False,False,1,True,False,1,WEAK,8.510000228881836,41.619998931884766
20240910,601388,0,False,False,1,True,False,1,YELLOW,-92.5999984741211,-54.22999954223633
20240910,601390,0,False,False,0,False,False,0,YELLOW,-21.209999084472656,-21.59000015258789
20240910,601398,1,False,True,1,True,False,1,WEAK,0.7900000214576721,-0.8899999856948853
20240910,601399,2,True,True,1,True,False,1,YELLOW,5.119999885559082,27.1299991607666
20240910,601456,0,False,False,0,False,False,0,WEAK,-35.90999984741211,500.0
20240910,601500,2,True,True,0,False,False,0,YELLOW,83.61000061035156,-82.04000091552734
20240910,601512,0,False,False,0,False,False,0,OK,-51.95000076293945,-1.1100000143051147
20240910,601515,1,False,True,0,False,False,0,WEAK,-402.6799926757813,79.33000183105469
20240910,601518,2,True,True,1,True,False,1,YELLOW,-0.2800000011920929,-6.699999809265137
20240910,601519,0,False,False,1,True,False,1,WEAK,13.6899995803833,72.04000091552734
20240910,601528,1,True,False,0,False,False,0,WEAK,15.479999542236328,11.380000114440918
20240910,601555,1,False,True,1,True,False,1,WEAK,18.399999618530273,66.19999694824219
20240910,601566,1,False,True,0,False,False,0,YELLOW,-16.719999313354492,-15.029999732971191
20240910,601567,2,True,True,1,True,False,1,YELLOW,31.920000076293945,5.340000152587891
20240910,601568,0,False,False,1,True,False,1,WEAK,-48.16999816894531,8.630000114440918
20240910,601577,1,True,False,0,False,False,0,WEAK,4.320000171661377,4.980000019073486
20240910,601579,2,True,True,0,False,False,0,YELLOW,14.829999923706056,14.600000381469728
20240910,601588,0,False,False,0,False,False,0,WEAK,-500.0,-102.93000030517578
20240910,601595,1,True,False,1,True,False,1,WEAK,-72.31999969482422,-20.1299991607666
20240910,601598,0,False,False,0,False,False,0,YELLOW,-8.479999542236328,-22.299999237060547
20240910,601599,2,True,True,1,True,False,1,YELLOW,73.58000183105469,5.519999980926514
20240910,601600,2,True,True,0,False,False,0,YELLOW,81.12000274658203,1.2300000190734863
20240910,601601,2,True,True,1,True,False,1,WEAK,65.55999755859375,4.300000190734863
20240910,601606,1,False,True,1,True,False,1,WEAK,-500.0,20.86000061035156
20240910,601607,1,True,False,1,True,False,1,YELLOW,13.039999961853027,-22.3799991607666
20240910,601608,1,True,False,0,False,False,0,YELLOW,34.40999984741211,17.3700008392334
20240910,601609,1,False,True,0,False,False,0,YELLOW,-10.140000343322754,117.0
20240910,601611,1,True,False,0,False,False,0,YELLOW,12.109999656677246,-24.959999084472656
20240910,601615,1,True,False,0,False,False,0,YELLOW,-14.760000228881836,-12.68000030517578
20240910,601616,2,True,True,1,True,False,1,OK,500.0,-95.38999938964844
20240910,601618,0,False,False,0,False,False,0,YELLOW,-32.439998626708984,-27.709999084472656
20240910,601619,1,False,True,0,False,False,0,OK,-20.56999969482422,12.470000267028809
20240910,601628,2,True,True,1,True,False,1,WEAK,403.2699890136719,6.820000171661377
20240910,601633,1,True,False,0,False,False,0,YELLOW,101.4000015258789,-36.630001068115234
20240910,601636,2,True,True,0,False,False,0,WEAK,-82.62999725341797,-49.18000030517578
20240910,601658,1,False,True,1,True,False,1,WEAK,-0.6800000071525574,1.3300000429153442
20240910,601665,1,True,False,0,False,False,0,WEAK,19.90999984741211,17.110000610351562
20240910,601666,0,False,False,0,False,False,0,YELLOW,-41.15999984741211,-79.91000366210938
20240910,601668,1,True,False,1,True,False,1,YELLOW,-14.329999923706056,2.0399999618530273
20240910,601669,0,False,False,0,False,False,0,YELLOW,-5.260000228881836,-22.65999984741211
20240910,601677,2,True,True,1,True,False,1,YELLOW,37.7400016784668,-8.010000228881836
20240910,601678,0,False,False,1,True,False,1,WEAK,-34.959999084472656,-112.58999633789062
20240910,601686,0,False,False,1,True,False,1,YELLOW,-36.31999969482422,211.5099945068359
20240910,601688,1,False,True,1,True,False,1,WEAK,-29.899999618530273,41.790000915527344
20240910,601689,2,True,True,0,False,False,0,YELLOW,35.0,-10.350000381469728
20240910,601696,1,False,True,0,False,False,0,WEAK,5.480000019073486,25.38999938964844
20240910,601698,0,False,False,1,True,False,1,WEAK,-13.9399995803833,-17.3799991607666
20240910,601699,0,False,False,0,False,False,0,WEAK,-69.77999877929688,-49.0
20240910,601700,2,True,True,0,False,False,0,YELLOW,-485.7200012207031,-163.9499969482422
20240910,601702,1,True,False,0,False,False,0,YELLOW,37.15999984741211,-2.0899999141693115
20240910,601717,1,True,False,0,False,False,0,YELLOW,19.049999237060547,10.229999542236328
20240910,601727,0,False,False,1,True,False,1,YELLOW,49.65999984741211,122.88999938964844
20240910,601728,1,True,False,1,True,False,1,YELLOW,4.03000020980835,0.1800000071525573
20240910,601766,2,True,True,1,True,False,1,YELLOW,11.380000114440918,98.25
20240910,601777,1,False,True,1,True,False,1,YELLOW,49.560001373291016,-500.0
20240910,601778,0,False,False,1,True,False,1,WEAK,-41.0,-27.13999938964844
20240910,601788,0,False,False,0,False,False,0,WEAK,60.65999984741211,10.09000015258789
20240910,601789,0,False,False,1,True,False,1,YELLOW,-4.269999980926514,-4.300000190734863
20240910,601798,1,True,False,1,True,False,1,WEAK,27.100000381469727,226.44000244140625
20240910,601799,2,True,True,1,True,False,1,YELLOW,30.170000076293945,23.239999771118164
20240910,601800,0,False,False,0,False,False,0,YELLOW,-8.510000228881836,-23.700000762939453
20240910,601801,0,False,False,1,True,False,1,YELLOW,0.5,-8.329999923706055
20240910,601808,2,True,True,0,False,False,0,YELLOW,11.43000030517578,20.940000534057617
20240910,601811,0,False,False,1,True,False,1,OK,2.0999999046325684,13.8100004196167
20240910,601816,1,True,False,1,True,False,1,WEAK,10.510000228881836,-0.5799999833106995
20240910,601818,2,True,True,1,True,False,1,WEAK,3.0399999618530273,2.1600000858306885
20240910,601825,2,True,True,1,True,False,1,WEAK,2.75,6.690000057220459
20240910,601827,1,True,False,1,True,False,1,OK,1.5399999618530271,-0.5299999713897705
20240910,601828,0,False,False,0,False,False,0,WEAK,-36.77000045776367,-3.049999952316284
20240910,601838,1,True,False,0,False,False,0,WEAK,11.84000015258789,7.71999979019165
20240910,601857,1,True,False,0,False,False,0,YELLOW,-7.400000095367432,-8.15999984741211
20240910,601858,1,False,True,0,False,False,0,YELLOW,-11.289999961853027,40.68000030517578
20240910,601860,1,True,False,1,True,False,1,WEAK,1.7999999523162842,0.5400000214576721
20240910,601865,2,True,True,0,False,False,0,YELLOW,-62.31999969482422,-84.63999938964844
20240910,601866,0,False,False,0,False,False,0,WEAK,13.289999961853027,47.099998474121094
20240910,601868,1,False,True,1,True,False,1,YELLOW,-8.890000343322754,8.319999694824219
20240910,601869,0,False,False,1,True,False,1,YELLOW,-49.70000076293945,14.75
20240910,601872,1,False,True,0,False,False,0,YELLOW,8.069999694824219,-22.030000686645508
20240910,601877,1,True,False,1,True,False,1,YELLOW,-3.940000057220459,32.630001068115234
20240910,601878,0,False,False,1,True,False,1,WEAK,9.739999771118164,45.790000915527344
20240910,601880,0,False,False,1,True,False,1,YELLOW,-30.63999938964844,113.81999969482422
20240910,601881,0,False,False,1,True,False,1,WEAK,26.75,47.09000015258789
20240910,601882,1,False,True,0,False,False,0,YELLOW,-12.239999771118164,-17.56999969482422
20240910,601886,1,True,False,0,False,False,0,YELLOW,-39.650001525878906,21.43000030517578
20240910,601888,0,False,False,0,False,False,0,YELLOW,-37.70000076293945,-19.84000015258789
20240910,601890,1,True,False,1,True,False,1,YELLOW,17.420000076293945,5.0
20240910,601898,1,False,True,1,True,False,1,YELLOW,-1.350000023841858,-20.739999771118164
20240910,601899,1,True,False,0,False,False,0,YELLOW,46.61000061035156,40.119998931884766
20240910,601900,1,False,True,1,True,False,1,OK,5.599999904632568,31.65999984741211
20240910,601901,0,False,False,0,False,False,0,WEAK,49.880001068115234,79.88999938964844
20240910,601908,0,False,False,0,False,False,0,WEAK,-500.0,80.66999816894531
20240910,601916,2,True,True,0,False,False,0,WEAK,3.119999885559082,-3.3299999237060547
20240910,601918,1,False,True,0,False,False,0,OK,16.299999237060547,-17.860000610351562
20240910,601919,2,True,True,0,False,False,0,WEAK,106.36000061035156,3.839999914169311
20240910,601921,1,False,True,1,True,False,1,YELLOW,-0.8899999856948853,22.6299991607666
20240910,601928,0,False,False,1,True,False,1,OK,-1.5399999618530271,25.170000076293945
20240910,601929,0,False,False,1,True,False,1,WEAK,26.5,-0.5899999737739563
20240910,601933,0,False,False,0,False,False,0,YELLOW,-21.979999542236328,-500.0
20240910,601939,1,False,True,1,True,False,1,WEAK,0.9100000262260436,-1.659999966621399
20240910,601949,1,False,True,1,True,False,1,OK,11.300000190734863,-40.70000076293945
20240910,601952,1,True,False,1,True,False,1,YELLOW,-6.179999828338623,-31.38999938964844
20240910,601956,2,True,True,1,True,False,1,YELLOW,-34.91999816894531,-37.459999084472656
20240910,601958,2,True,True,1,True,False,1,OK,-0.3799999952316284,-8.130000114440918
20240910,601963,2,True,True,0,False,False,0,WEAK,3.839999914169311,5.840000152587891
20240910,601965,2,True,True,1,True,False,1,OK,15.25,3.309999942779541
20240910,601966,1,True,False,0,False,False,0,YELLOW,8.399999618530273,-16.860000610351562
20240910,601968,0,False,False,0,False,False,0,YELLOW,-22.6200008392334,13.68000030517578
20240910,601969,2,True,True,0,False,False,0,YELLOW,23.719999313354492,-28.520000457763672
20240910,601975,1,True,False,0,False,False,0,YELLOW,8.600000381469727,-44.91999816894531
20240910,601985,1,False,True,1,True,False,1,OK,-17.56999969482422,-3.2699999809265137
20240910,601988,0,False,False,1,True,False,1,WEAK,2.5399999618530273,-0.4199999868869781
20240910,601990,1,True,False,0,False,False,0,WEAK,48.16999816894531,14.40999984741211
20240910,601991,2,True,True,0,False,False,0,YELLOW,500.0,43.91999816894531
20240910,601992,0,False,False,0,False,False,0,WEAK,-40.97999954223633,-7.019999980926514
20240910,601995,0,False,False,0,False,False,0,WEAK,-8.470000267028809,93.3000030517578
20240910,601996,0,False,False,1,True,False,1,YELLOW,-349.2200012207031,-500.0
20240910,601997,1,False,True,0,False,False,0,WEAK,-6.840000152587891,-6.329999923706055
20240910,601998,0,False,False,0,False,False,0,WEAK,2.309999942779541,2.9800000190734863
20240910,601999,2,True,True,1,True,False,1,YELLOW,500.0,500.0
20240910,603000,1,False,True,0,False,False,0,OK,-14.829999923706056,-217.41000366210935
20240910,603001,0,False,False,0,False,False,0,WEAK,-65.61000061035156,-119.37000274658205
20240910,603002,1,False,True,1,True,False,1,YELLOW,-47.060001373291016,-28.979999542236328
20240910,603004,0,False,False,0,,False,-1,YELLOW,-13.779999732971191,14.920000076293944
20240910,603005,1,True,False,1,True,False,1,OK,86.73999786376953,67.27999877929688
20240910,603006,1,False,True,0,False,False,0,YELLOW,-51.47999954223633,-15.399999618530272
20240910,603007,0,False,False,1,True,False,1,WEAK,-74.4000015258789,37.880001068115234
20240910,603009,2,True,True,1,True,False,1,YELLOW,26.670000076293945,61.279998779296875
20240910,603010,0,False,False,1,True,False,1,YELLOW,-43.709999084472656,-76.0999984741211
20240910,603011,1,False,True,1,True,False,1,YELLOW,-381.5899963378906,27.559999465942383
20240910,603012,1,False,True,0,False,False,0,YELLOW,-31.0,-24.739999771118164
20240910,603013,2,True,True,1,True,False,1,YELLOW,-4.690000057220459,11.880000114440918
20240910,603015,2,True,True,0,False,False,0,OK,54.0,-41.279998779296875
20240910,603016,2,True,True,1,True,False,1,YELLOW,4.489999771118164,-10.800000190734863
20240910,603017,0,False,False,0,False,False,0,YELLOW,-71.31999969482422,-13.989999771118164
20240910,603018,0,False,False,0,False,False,0,OK,-44.25,-37.75
20240910,603019,1,True,False,0,False,False,0,YELLOW,7.340000152587891,55.20000076293945
20240910,603020,1,True,False,1,True,False,1,YELLOW,34.47999954223633,-29.3799991607666
20240910,603022,2,True,True,0,False,False,0,YELLOW,2.0899999141693115,9.329999923706056
20240910,603023,1,True,False,1,True,False,1,WEAK,120.22000122070312,-94.33999633789062
20240910,603025,2,True,True,0,False,False,0,OK,47.7599983215332,24.229999542236328
20240910,603026,1,True,False,0,False,False,0,WEAK,-59.290000915527344,-282.1099853515625
20240910,603027,0,False,False,0,False,False,0,OK,-5.119999885559082,-30.450000762939453
20240910,603028,1,False,True,1,True,False,1,WEAK,-500.0,113.19000244140624
20240910,603029,1,True,False,1,True,False,1,OK,21.350000381469727,-9.760000228881836
20240910,603030,1,True,False,1,True,False,1,WEAK,84.72000122070312,-155.6199951171875
20240910,603031,1,True,False,1,True,False,1,OK,48.560001373291016,12.75
20240910,603032,1,False,True,1,True,False,1,WEAK,-241.6199951171875,225.80999755859375
20240910,603033,1,False,True,0,False,False,0,YELLOW,-206.02999877929688,-136.9199981689453
20240910,603035,1,True,False,1,True,False,1,YELLOW,-31.920000076293945,-29.709999084472656
20240910,603036,2,True,True,0,False,False,0,OK,7.920000076293945,27.84000015258789
20240910,603037,1,True,False,1,True,False,1,OK,17.59000015258789,-21.88999938964844
20240910,603038,0,False,False,1,True,False,1,YELLOW,24.06999969482422,64.1500015258789
20240910,603039,1,True,False,0,False,False,0,OK,13.029999732971191,79.87000274658203
20240910,603040,2,True,True,1,True,False,1,WEAK,14.09000015258789,31.68000030517578
20240910,603041,1,True,False,0,False,False,0,OK,-42.540000915527344,-45.81999969482422
20240910,603042,1,True,False,1,True,False,1,WEAK,89.81999969482422,-143.0399932861328
20240910,603043,0,False,False,0,False,False,0,OK,-10.729999542236328,-30.3700008392334
20240910,603045,1,True,False,1,True,False,1,YELLOW,-56.849998474121094,-59.77000045776367
20240910,603048,2,True,True,0,False,False,0,YELLOW,29.510000228881836,21.489999771118164
20240910,603050,1,True,False,1,True,False,1,YELLOW,-40.16999816894531,15.329999923706056
20240910,603051,1,True,False,1,True,False,1,YELLOW,99.4000015258789,-91.56999969482422
20240910,603052,1,False,True,1,True,False,1,WEAK,-27.75,-18.549999237060547
20240910,603053,1,False,True,0,False,False,0,YELLOW,-6.590000152587891,-0.1700000017881393
20240910,603055,2,True,True,0,False,False,0,YELLOW,63.790000915527344,-44.709999084472656
20240910,603057,2,True,True,1,True,False,1,YELLOW,1.2799999713897705,-49.279998779296875
20240910,603058,1,True,False,0,False,False,0,OK,33.5,-41.119998931884766
20240910,603059,1,False,True,1,True,False,1,YELLOW,-366.6400146484375,26.649999618530273
20240910,603060,0,False,False,1,True,False,1,OK,-26.989999771118164,-222.1199951171875
20240910,603061,1,False,True,1,True,False,1,WEAK,-2.490000009536743,113.8000030517578
20240910,603062,1,False,True,0,False,False,0,WEAK,23.209999084472656,56.380001068115234
20240910,603063,1,False,True,0,False,False,0,YELLOW,-5.760000228881836,40.11000061035156
20240910,603065,0,False,False,0,False,False,0,WEAK,-65.16999816894531,-56.5
20240910,603066,1,True,False,1,True,False,1,YELLOW,-68.25,-22.520000457763672
20240910,603067,1,True,False,1,True,False,1,YELLOW,26.170000076293945,21.290000915527344
20240910,603068,2,True,True,0,False,False,0,WEAK,65.47000122070312,78.47000122070312
20240910,603069,1,True,False,0,False,False,0,WEAK,-29.899999618530273,-59.040000915527344
20240910,603070,0,False,False,0,False,False,0,WEAK,-46.04999923706055,21.440000534057617
20240910,603071,0,False,False,0,False,False,0,YELLOW,-32.099998474121094,-16.18000030517578
20240910,603073,1,True,False,0,False,False,0,YELLOW,6.340000152587891,-21.43000030517578
20240910,603075,1,True,False,1,True,False,1,OK,18.299999237060547,18.049999237060547
20240910,603076,1,False,True,0,False,False,0,YELLOW,-95.51000213623048,32.790000915527344
20240910,603077,0,False,False,1,True,False,1,WEAK,-98.0999984741211,-74.87999725341797
20240910,603078,1,False,True,0,False,False,0,YELLOW,-9.640000343322754,-20.940000534057617
20240910,603079,1,True,False,1,True,False,1,YELLOW,136.10000610351562,500.0
20240910,603080,2,True,True,1,True,False,1,YELLOW,16.25,27.260000228881836
20240910,603081,1,False,True,1,True,False,1,OK,-38.66999816894531,62.27000045776367
20240910,603082,2,True,True,0,,False,-1,YELLOW,9.960000038146973,7.260000228881836
20240910,603083,1,False,True,0,False,False,0,YELLOW,74.8499984741211,84.20999908447266
20240910,603085,2,True,True,0,False,False,0,YELLOW,-292.0199890136719,-2.549999952316284
20240910,603086,0,False,False,1,True,False,1,WEAK,65.25,500.0
20240910,603087,1,True,False,0,False,False,0,OK,44.849998474121094,284.4700012207031
20240910,603088,0,False,False,0,False,False,0,YELLOW,7.150000095367432,-25.329999923706055
20240910,603089,1,False,True,0,False,False,0,YELLOW,22.190000534057617,269.3699951171875
20240910,603090,0,False,False,0,False,False,0,YELLOW,-6.78000020980835,46.810001373291016
20240910,603093,1,True,False,1,True,False,1,WEAK,8.039999961853027,1.399999976158142
20240910,603095,1,False,True,1,True,False,1,WEAK,116.75,30.34000015258789
20240910,603096,1,True,False,0,False,False,0,OK,-23.260000228881836,-49.29999923706055
20240910,603097,2,True,True,0,False,False,0,YELLOW,-27.6299991607666,10.739999771118164
20240910,603098,0,False,False,0,False,False,0,YELLOW,26.709999084472656,29.86000061035156
20240910,603099,1,True,False,1,True,False,1,OK,10.25,-108.22000122070312
20240910,603100,1,True,False,0,False,False,0,OK,-0.3899999856948852,-14.65999984741211
20240910,603101,0,False,False,0,False,False,0,OK,-78.13999938964844,75.9800033569336
20240910,603102,0,False,False,1,True,False,1,OK,-19.260000228881836,-13.68000030517578
20240910,603103,0,False,False,0,False,False,0,WEAK,-402.5299987792969,500.0
20240910,603105,0,False,False,0,False,False,0,OK,-13.579999923706056,6.550000190734863
20240910,603106,1,True,False,1,True,False,1,WEAK,106.55999755859376,129.39999389648438
20240910,603107,2,True,True,1,True,False,1,YELLOW,-7.929999828338623,4.179999828338623
20240910,603108,0,False,False,0,False,False,0,YELLOW,-78.94000244140625,-269.3900146484375
20240910,603109,1,False,True,0,False,False,0,YELLOW,-4.630000114440918,97.69000244140624
20240910,603110,1,False,True,0,False,False,0,YELLOW,78.98999786376953,-109.51000213623048
20240910,603111,2,True,True,0,False,False,0,OK,17.729999542236328,57.279998779296875
20240910,603112,2,True,True,1,True,False,1,YELLOW,17.8799991607666,26.399999618530273
20240910,603113,1,True,False,0,False,False,0,WEAK,-500.0,51.22999954223633
20240910,603115,1,True,False,1,True,False,1,YELLOW,24.81999969482422,40.709999084472656
20240910,603116,0,False,False,1,True,False,1,OK,-500.0,-333.260009765625
20240910,603117,1,True,False,1,True,False,1,WEAK,100.83999633789062,-86.16999816894531
20240910,603118,1,False,True,1,True,False,1,WEAK,-500.0,203.38999938964844
20240910,603119,2,True,True,0,False,False,0,OK,37.5099983215332,19.3700008392334
20240910,603121,1,True,False,1,True,False,1,YELLOW,7.940000057220459,-71.05000305175781
20240910,603122,1,False,True,1,True,False,1,YELLOW,-44.349998474121094,-133.67999267578125
20240910,603123,0,False,False,1,True,False,1,WEAK,-137.58999633789062,14.90999984741211
20240910,603125,1,False,True,0,False,False,0,OK,-8.470000267028809,-31.3799991607666
20240910,603126,1,False,True,0,False,False,0,YELLOW,-111.0999984741211,-201.63999938964844
20240910,603127,0,False,False,1,True,False,1,WEAK,-93.0199966430664,111.62000274658205
20240910,603128,0,False,False,0,False,False,0,YELLOW,-12.989999771118164,-24.36000061035156
20240910,603129,2,True,True,0,False,False,0,YELLOW,48.529998779296875,38.380001068115234
20240910,603130,1,True,False,1,True,False,1,YELLOW,-16.940000534057617,-38.7400016784668
20240910,603131,2,True,True,0,False,False,0,YELLOW,94.91999816894533,-110.72000122070312
20240910,603132,2,True,True,0,False,False,0,WEAK,23.63999938964844,6.440000057220459
20240910,603135,0,False,False,0,False,False,0,YELLOW,-82.61000061035156,-47.40999984741211
20240910,603136,0,False,False,0,False,False,0,WEAK,-27.770000457763672,4.21999979019165
20240910,603137,0,False,False,1,True,False,1,YELLOW,-28.799999237060547,-32.33000183105469
20240910,603138,2,True,True,1,True,False,1,WEAK,23.239999771118164,-61.5099983215332
20240910,603139,0,False,False,0,False,False,0,WEAK,-105.2300033569336,-167.88999938964844
20240910,603150,2,True,True,1,True,False,1,WEAK,1.7899999618530271,-13.0
20240910,603151,0,False,False,0,False,False,0,YELLOW,-38.689998626708984,206.11000061035156
20240910,603153,2,True,True,1,True,False,1,YELLOW,16.459999084472656,-131.24000549316406
20240910,603155,1,False,True,1,True,False,1,WEAK,3.849999904632568,-34.33000183105469
20240910,603156,1,True,False,0,False,False,0,OK,7.190000057220459,-19.0
20240910,603158,1,True,False,1,True,False,1,YELLOW,0.4600000083446502,-19.719999313354492
20240910,603159,1,True,False,0,False,False,0,YELLOW,-18.959999084472656,-134.57000732421875
20240910,603160,1,True,False,1,True,False,1,YELLOW,322.3399963378906,23.799999237060547
20240910,603161,1,True,False,0,False,False,0,YELLOW,-23.90999984741211,-53.400001525878906
20240910,603162,2,True,True,0,False,False,0,WEAK,186.6499938964844,-58.310001373291016
20240910,603163,1,False,True,0,False,False,0,WEAK,-15.979999542236328,9.93000030517578
20240910,603165,0,False,False,0,False,False,0,YELLOW,-11.420000076293944,-49.41999816894531
20240910,603166,2,True,True,1,True,False,1,YELLOW,82.58999633789062,90.3000030517578
20240910,603167,2,True,True,0,False,False,0,WEAK,-0.1099999994039535,-32.560001373291016
20240910,603168,0,False,False,0,False,False,0,WEAK,-500.0,186.4499969482422
20240910,603169,1,False,True,1,True,False,1,YELLOW,-8.34000015258789,-126.36000061035156
20240910,603170,1,False,True,0,False,False,0,OK,-2.0899999141693115,12.140000343322754
20240910,603171,1,True,False,1,True,False,1,OK,35.650001525878906,-25.09000015258789
20240910,603172,1,False,True,1,True,False,1,WEAK,4.650000095367432,91.72000122070312
20240910,603173,1,False,True,0,False,False,0,YELLOW,36.130001068115234,183.0500030517578
20240910,603176,1,True,False,1,True,False,1,YELLOW,8.819999694824219,-38.09000015258789
20240910,603177,2,True,True,1,True,False,1,YELLOW,111.01000213623048,-37.59000015258789
20240910,603178,0,False,False,0,False,False,0,YELLOW,-500.0,-77.37000274658203
20240910,603179,2,True,True,0,False,False,0,YELLOW,20.459999084472656,1.2000000476837158
20240910,603180,0,False,False,0,False,False,0,YELLOW,-39.79999923706055,-12.979999542236328
20240910,603181,1,True,False,0,False,False,0,YELLOW,27.809999465942383,15.8100004196167
20240910,603182,1,False,True,1,True,False,1,YELLOW,-3.880000114440918,9.34000015258789
20240910,603183,1,False,True,1,True,False,1,OK,-41.36000061035156,-81.63999938964844
20240910,603185,1,False,True,0,False,False,0,WEAK,-500.0,62.97999954223633
20240910,603186,1,True,False,1,True,False,1,YELLOW,8.899999618530273,205.44000244140625
20240910,603187,0,False,False,0,False,False,0,YELLOW,-18.559999465942383,20.40999984741211
20240910,603188,1,True,False,1,True,False,1,YELLOW,65.7699966430664,117.61000061035156
20240910,603190,1,False,True,0,False,False,0,YELLOW,-37.959999084472656,-41.970001220703125
20240910,603191,0,False,False,0,False,False,0,WEAK,-83.94999694824219,197.38999938964844
20240910,603192,1,True,False,1,True,False,1,YELLOW,84.86000061035156,19.36000061035156
20240910,603193,1,True,False,1,True,False,1,OK,32.279998779296875,0.8600000143051147
20240910,603195,1,True,False,0,False,False,0,YELLOW,1.0399999618530271,-3.200000047683716
20240910,603196,0,False,False,1,True,False,1,WEAK,-500.0,102.88999938964844
20240910,603197,1,False,True,0,False,False,0,YELLOW,-14.0,-17.010000228881836
20240910,603198,2,True,True,0,False,False,0,OK,14.93000030517578,-19.940000534057617
20240910,603199,1,True,False,1,True,False,1,WEAK,5.940000057220459,26.6299991607666
20240910,603200,2,True,True,0,False,False,0,YELLOW,-57.689998626708984,-51.27000045776367
20240910,603201,2,True,True,0,False,False,0,YELLOW,17.290000915527344,23.56999969482422
20240910,603203,1,True,False,0,False,False,0,YELLOW,16.56999969482422,16.459999084472656
20240910,603206,1,False,True,1,True,False,1,YELLOW,-65.2300033569336,-32.130001068115234
20240910,603208,0,False,False,0,False,False,0,YELLOW,-79.0,-132.88999938964844
20240910,603209,1,True,False,1,True,False,1,WEAK,42.58000183105469,-26.350000381469727
20240910,603211,1,True,False,1,True,False,1,YELLOW,-4.96999979019165,6.070000171661377
20240910,603212,0,False,False,1,True,False,1,WEAK,-425.2900085449219,-329.54998779296875
20240910,603213,2,True,True,1,True,False,1,WEAK,-20.670000076293945,-50.7400016784668
20240910,603214,2,True,True,0,False,False,0,YELLOW,9.779999732971191,20.649999618530273
20240910,603215,1,False,True,1,True,False,1,YELLOW,-29.81999969482422,-26.649999618530273
20240910,603216,1,True,False,1,True,False,1,YELLOW,-35.599998474121094,-9.720000267028809
20240910,603217,0,False,False,0,False,False,0,WEAK,-1.7799999713897705,9.079999923706056
20240910,603218,1,False,True,1,True,False,1,YELLOW,-21.56999969482422,69.9800033569336
20240910,603219,2,True,True,1,True,False,1,YELLOW,-34.16999816894531,-32.7599983215332
20240910,603220,2,True,True,0,False,False,0,YELLOW,3.4000000953674316,-53.529998779296875
20240910,603221,2,True,True,1,True,False,1,YELLOW,86.58000183105469,-65.5199966430664
20240910,603222,1,False,True,1,True,False,1,YELLOW,13.4399995803833,-318.0299987792969
20240910,603223,2,True,True,1,True,False,1,YELLOW,32.900001525878906,35.06999969482422
20240910,603225,2,True,True,0,False,False,0,YELLOW,7.050000190734863,22.469999313354492
20240910,603226,0,False,False,1,True,False,1,WEAK,-28.020000457763672,-68.94999694824219
20240910,603227,0,False,False,1,True,False,1,YELLOW,-21.459999084472656,-40.88999938964844
20240910,603228,1,True,False,1,True,False,1,YELLOW,18.11000061035156,-9.020000457763672
20240910,603229,1,True,False,0,False,False,0,YELLOW,-26.450000762939453,-12.289999961853027
20240910,603230,0,False,False,0,False,False,0,OK,1.909999966621399,42.540000915527344
20240910,603231,0,False,False,0,,False,-1,YELLOW,-23.65999984741211,46.7400016784668
20240910,603232,1,True,False,1,True,False,1,WEAK,233.4499969482422,-33.849998474121094
20240910,603233,0,False,False,0,False,False,0,YELLOW,-22.420000076293945,19.729999542236328
20240910,603235,2,True,True,1,True,False,1,YELLOW,42.52000045776367,2.1500000953674316
20240910,603236,2,True,True,0,False,False,0,YELLOW,500.0,139.36000061035156
20240910,603237,0,False,False,1,True,False,1,OK,-9.65999984741211,-16.260000228881836
20240910,603238,2,True,True,1,True,False,1,YELLOW,21.219999313354492,56.209999084472656
20240910,603239,2,True,True,0,False,False,0,OK,13.56999969482422,16.420000076293945
20240910,603255,1,False,True,1,True,False,1,WEAK,-120.29000091552734,-31.059999465942383
20240910,603256,1,True,False,1,True,False,1,WEAK,106.23999786376952,500.0
20240910,603258,0,False,False,1,True,False,1,WEAK,-91.11000061035156,-138.24000549316406
20240910,603259,0,False,False,0,False,False,0,OK,2.4700000286102295,26.469999313354492
20240910,603260,0,False,False,1,True,False,1,WEAK,-29.579999923706055,-159.2899932861328
20240910,603266,1,True,False,0,False,False,0,YELLOW,-6.369999885559082,-3.5999999046325684
20240910,603267,0,False,False,0,False,False,0,WEAK,-61.470001220703125,52.060001373291016
20240910,603268,1,True,False,1,True,False,1,WEAK,34.220001220703125,424.8999938964844
20240910,603269,2,True,True,0,False,False,0,YELLOW,63.02000045776367,20.31999969482422
20240910,603270,1,False,True,0,False,False,0,OK,-22.86000061035156,45.56999969482422
20240910,603273,1,False,True,0,False,False,0,YELLOW,-48.27000045776367,-23.93000030517578
20240910,603275,1,False,True,0,False,False,0,OK,-0.25,-18.190000534057617
20240910,603276,1,False,True,0,False,False,0,WEAK,-69.70999908447266,-3.690000057220459
20240910,603277,2,True,True,0,False,False,0,YELLOW,0.3000000119209289,-20.600000381469727
20240910,603278,1,False,True,0,False,False,0,WEAK,-434.94000244140625,180.02999877929688
20240910,603279,1,False,True,0,False,False,0,OK,-14.84000015258789,-28.18000030517578
20240910,603280,2,True,True,1,True,False,1,YELLOW,-30.670000076293945,-19.510000228881836
20240910,603281,1,False,True,1,True,False,1,WEAK,-11.710000038146973,-32.349998474121094
20240910,603282,1,False,True,0,False,False,0,OK,-42.0,-22.36000061035156
20240910,603283,1,True,False,0,False,False,0,YELLOW,-21.899999618530273,-20.899999618530273
20240910,603285,0,False,False,0,,False,-1,YELLOW,-18.670000076293945,-29.809999465942383
20240910,603286,1,True,False,1,True,False,1,YELLOW,-47.81999969482422,-417.7999877929687
20240910,603288,1,True,False,1,True,False,1,OK,12.510000228881836,14.770000457763672
20240910,603289,0,False,False,1,True,False,1,YELLOW,-19.8799991607666,31.93000030517578
20240910,603290,1,False,True,0,False,False,0,WEAK,-45.0099983215332,-2.7200000286102295
20240910,603291,0,False,False,0,False,False,0,YELLOW,-21.3700008392334,-41.779998779296875
20240910,603296,2,True,True,0,False,False,0,YELLOW,8.430000305175781,47.95000076293945
20240910,603297,2,True,True,0,False,False,0,YELLOW,14.25,3.049999952316284
20240910,603298,1,True,False,0,False,False,0,YELLOW,17.84000015258789,11.039999961853027
20240910,603299,1,True,False,1,True,False,1,YELLOW,5.079999923706055,-40.63999938964844
20240910,603300,2,True,True,0,False,False,0,WEAK,-14.68000030517578,-10.760000228881836
20240910,603301,0,False,False,1,True,False,1,OK,66.88999938964844,-26.969999313354492
20240910,603303,2,True,True,0,False,False,0,YELLOW,0.8299999833106995,-27.59000015258789
20240910,603305,0,False,False,0,False,False,0,YELLOW,-46.7599983215332,-25.649999618530273
20240910,603306,2,True,True,1,True,False,1,OK,28.270000457763672,24.530000686645508
20240910,603307,1,False,True,0,False,False,0,OK,-41.31999969482422,-36.08000183105469
20240910,603308,1,True,False,0,False,False,0,OK,-1.090000033378601,25.600000381469727
20240910,603309,1,True,False,1,True,False,1,OK,16.940000534057617,16.420000076293945
20240910,603311,1,False,True,1,True,False,1,YELLOW,34.599998474121094,7.150000095367432
20240910,603312,1,True,False,0,,False,-1,YELLOW,12.149999618530272,51.459999084472656
20240910,603313,0,False,False,0,False,False,0,YELLOW,-376.8399963378906,96.41000366210938
20240910,603315,1,True,False,0,False,False,0,YELLOW,20.40999984741211,-3.9700000286102295
20240910,603316,2,True,True,1,True,False,1,WEAK,4.260000228881836,-90.23999786376952
20240910,603317,2,True,True,0,False,False,0,YELLOW,40.0,-22.579999923706055
20240910,603318,1,True,False,1,True,False,1,YELLOW,-83.27999877929688,-132.2899932861328
20240910,603319,2,True,True,0,False,False,0,YELLOW,-26.959999084472656,22.1299991607666
20240910,603320,1,True,False,1,True,False,1,YELLOW,93.56999969482422,12.210000038146973
20240910,603321,1,False,True,0,False,False,0,YELLOW,-19.559999465942383,-39.08000183105469
20240910,603322,2,True,True,1,True,False,1,YELLOW,-500.0,159.9600067138672
20240910,603323,1,True,False,0,False,False,0,WEAK,13.710000038146973,5.409999847412109
20240910,603324,1,False,True,1,True,False,1,YELLOW,-26.86000061035156,-38.560001373291016
20240910,603325,1,False,True,0,,False,-1,YELLOW,-6.480000019073486,210.19000244140625
20240910,603326,0,False,False,0,False,False,0,YELLOW,-33.0099983215332,201.72999572753903
20240910,603327,1,False,True,1,True,False,1,WEAK,-50.5,-49.790000915527344
20240910,603328,1,True,False,1,True,False,1,YELLOW,25.6200008392334,-0.6899999976158142
20240910,603329,1,True,False,1,True,False,1,YELLOW,500.0,-54.27000045776367
20240910,603330,1,True,False,1,True,False,1,WEAK,-105.79000091552734,15.989999771118164
20240910,603331,1,False,True,1,True,False,1,YELLOW,-74.41999816894531,-8.489999771118164
20240910,603332,2,True,True,1,True,False,1,YELLOW,500.0,-22.270000457763672
20240910,603333,0,False,False,1,True,False,1,WEAK,-31.049999237060547,-500.0
20240910,603335,1,True,False,1,True,False,1,WEAK,-11.539999961853027,-96.6999969482422
20240910,603336,0,False,False,1,True,False,1,YELLOW,-9.699999809265137,-44.66999816894531
20240910,603337,2,True,True,1,True,False,1,YELLOW,61.66999816894531,15.010000228881836
20240910,603338,1,True,False,0,False,False,0,OK,-9.359999656677246,21.719999313354492
20240910,603339,1,False,True,1,True,False,1,YELLOW,-28.520000457763672,-46.90999984741211
20240910,603341,2,True,True,0,,False,-1,YELLOW,-26.920000076293945,-34.529998779296875
20240910,603344,2,True,True,0,,False,-1,YELLOW,-1.75,-5.650000095367432
20240910,603345,1,True,False,0,False,False,0,YELLOW,-0.3700000047683716,-21.850000381469727
20240910,603348,1,True,False,0,False,False,0,YELLOW,119.0199966430664,-83.93000030517578
20240910,603350,2,True,True,0,,False,-1,YELLOW,-23.65999984741211,-4.840000152587891
20240910,603351,1,True,False,1,True,False,1,YELLOW,23.440000534057617,4.119999885559082
20240910,603353,1,True,False,0,False,False,0,YELLOW,-49.34000015258789,-72.55000305175781
20240910,603355,2,True,True,0,False,False,0,YELLOW,18.0,-30.010000228881836
20240910,603356,1,True,False,1,True,False,1,WEAK,-22.260000228881836,-20.31999969482422
20240910,603357,0,False,False,0,False,False,0,OK,-3.5399999618530273,-39.130001068115234
20240910,603358,1,True,False,1,True,False,1,YELLOW,-4.610000133514404,15.420000076293944
20240910,603360,0,False,False,1,True,False,1,WEAK,0.4900000095367431,-44.959999084472656
20240910,603363,1,True,False,0,False,False,0,WEAK,66.9000015258789,95.06999969482422
20240910,603365,1,False,True,0,False,False,0,OK,1.7699999809265137,-21.520000457763672
20240910,603366,1,False,True,1,True,False,1,YELLOW,-11.59000015258789,-80.44999694824219
20240910,603367,1,False,True,0,False,False,0,OK,-5.630000114440918,-24.079999923706055
20240910,603368,1,True,False,0,False,False,0,YELLOW,-0.0099999997764825,-7.550000190734863
20240910,603369,1,True,False,0,False,False,0,OK,7.800000190734863,-9.079999923706056
20240910,603373,2,True,True,0,,False,-1,YELLOW,3.4700000286102295,6.889999866485596
20240910,603375,0,False,False,0,,False,-1,YELLOW,-94.44000244140624,66.16000366210938
20240910,603379,1,True,False,0,False,False,0,YELLOW,257.739990234375,163.61000061035156
20240910,603380,1,True,False,1,True,False,1,YELLOW,75.55999755859375,36.36000061035156
20240910,603381,1,False,True,0,,False,-1,UNKNOWN,-50.59000015258789,-58.7599983215332
20240910,603383,0,False,False,0,False,False,0,OK,-17.8799991607666,6.639999866485596
20240910,603385,2,True,True,0,False,False,0,YELLOW,121.70999908447266,-210.9600067138672
20240910,603386,0,False,False,1,True,False,1,WEAK,-399.3699951171875,187.8699951171875
20240910,603387,0,False,False,0,False,False,0,OK,-16.329999923706055,-28.520000457763672
20240910,603390,2,True,True,1,True,False,1,YELLOW,50.70000076293945,239.3999938964844
20240910,603391,2,True,True,0,,False,-1,WEAK,-7.639999866485596,-41.27000045776367
20240910,603392,0,False,False,1,True,False,1,WEAK,-117.29000091552734,-481.9299926757813
20240910,603393,1,True,False,1,True,False,1,WEAK,17.790000915527344,-9.140000343322754
20240910,603396,1,True,False,0,False,False,0,YELLOW,-3.5,-23.549999237060547
20240910,603399,1,True,False,1,True,False,1,WEAK,78.83999633789062,-500.0
20240910,603408,1,True,False,0,False,False,0,YELLOW,19.530000686645508,-14.899999618530272
20240910,603416,1,True,False,1,True,False,1,YELLOW,25.799999237060547,3.9200000762939458
20240910,603421,1,False,True,1,True,False,1,WEAK,-292.8800048828125,-350.3599853515625
20240910,603439,1,True,False,1,True,False,1,OK,9.079999923706056,-37.02000045776367
20240910,603444,0,False,False,1,True,False,1,OK,-21.61000061035156,40.02000045776367
20240910,603456,0,False,False,0,False,False,0,OK,-42.060001373291016,12.399999618530272
20240910,603458,0,False,False,1,True,False,1,WEAK,-500.0,-25.309999465942383
20240910,603466,0,False,False,0,False,False,0,WEAK,-154.25,106.58000183105467
20240910,603477,1,True,False,0,False,False,0,WEAK,193.52000427246097,500.0
20240910,603486,1,True,False,0,False,False,0,YELLOW,48.09000015258789,54.34000015258789
20240910,603488,0,False,False,1,True,False,1,YELLOW,-129.3300018310547,-500.0
20240910,603489,0,False,False,1,True,False,1,YELLOW,-61.41999816894531,-49.720001220703125
20240910,603496,2,True,True,0,False,False,0,WEAK,-66.12999725341797,-77.98999786376953
20240910,603499,1,True,False,1,True,False,1,YELLOW,500.0,500.0
20240910,603500,1,False,True,0,False,False,0,YELLOW,15.15999984741211,101.0199966430664
20240910,603501,1,True,False,0,False,False,0,YELLOW,500.0,42.209999084472656
20240910,603505,2,True,True,0,False,False,0,WEAK,-26.11000061035156,-24.040000915527344
20240910,603506,0,False,False,0,False,False,0,YELLOW,-41.84000015258789,2.799999952316284
20240910,603507,2,True,True,0,False,False,0,YELLOW,-5.130000114440918,-35.540000915527344
20240910,603508,2,True,True,0,False,False,0,YELLOW,35.02000045776367,56.5
20240910,603511,1,False,True,0,False,False,0,OK,-57.599998474121094,-28.6200008392334
20240910,603515,0,False,False,0,False,False,0,YELLOW,-11.970000267028809,-12.979999542236328
20240910,603516,1,True,False,0,False,False,0,YELLOW,500.0,-217.4199981689453
20240910,603518,1,True,False,0,False,False,0,OK,2.7699999809265137,-21.709999084472656
20240910,603519,1,True,False,0,False,False,0,YELLOW,46.59000015258789,3.7899999618530273
20240910,603520,0,False,False,0,False,False,0,YELLOW,-251.55999755859375,34.279998779296875
20240910,603527,1,False,True,1,True,False,1,YELLOW,-18.56999969482422,-123.25
20240910,603528,0,False,False,1,True,False,1,WEAK,90.62999725341795,-144.72999572753906
20240910,603529,2,True,True,1,True,False,1,YELLOW,1.5399999618530271,32.439998626708984
20240910,603530,2,True,True,0,False,False,0,OK,102.16999816894533,14.5
20240910,603533,0,False,False,0,False,False,0,WEAK,185.3800048828125,-205.08999633789065
20240910,603535,1,True,False,0,False,False,0,YELLOW,31.200000762939453,-2.130000114440918
20240910,603536,1,True,False,1,True,False,1,WEAK,-500.0,-67.5
20240910,603538,1,False,True,1,True,False,1,WEAK,482.8399963378906,86.9800033569336
20240910,603551,0,False,False,1,True,False,1,YELLOW,-6.699999809265137,12.020000457763672
20240910,603556,2,True,True,1,True,False,1,OK,2.930000066757202,-28.09000015258789
20240910,603558,2,True,True,1,True,False,1,YELLOW,22.479999542236328,-15.84000015258789
20240910,603565,0,False,False,0,False,False,0,WEAK,6.179999828338623,94.27999877929688
20240910,603566,1,False,True,0,False,False,0,OK,-47.720001220703125,50.790000915527344
20240910,603567,2,True,True,0,False,False,0,WEAK,500.0,-123.13999938964844
20240910,603568,2,True,True,0,False,False,0,OK,31.719999313354492,1.3600000143051147
20240910,603569,2,True,True,0,False,False,0,YELLOW,-0.8199999928474426,-82.79000091552734
20240910,603577,1,True,False,1,True,False,1,YELLOW,500.0,-1.7699999809265137
20240910,603578,1,False,True,0,False,False,0,YELLOW,-171.58999633789062,-157.6300048828125
20240910,603579,2,True,True,0,False,False,0,YELLOW,-12.470000267028809,-44.7400016784668
20240910,603583,2,True,True,0,False,False,0,YELLOW,41.33000183105469,65.87000274658203
20240910,603585,0,False,False,1,True,False,1,WEAK,-158.69000244140625,500.0
20240910,603586,1,False,True,1,True,False,1,YELLOW,-34.16999816894531,212.9199981689453
20240910,603587,0,False,False,0,False,False,0,OK,-45.77000045776367,-27.920000076293945
20240910,603588,0,False,False,0,False,False,0,WEAK,-26.790000915527344,10.239999771118164
20240910,603589,1,True,False,1,True,False,1,OK,-5.150000095367432,-24.899999618530273
20240910,603590,1,False,True,0,False,False,0,OK,-75.5199966430664,29.209999084472656
20240910,603596,1,True,False,1,True,False,1,YELLOW,30.149999618530273,20.739999771118164
20240910,603598,1,False,True,0,False,False,0,YELLOW,-150.35000610351562,-11.109999656677246
20240910,603599,0,False,False,0,False,False,0,WEAK,-45.91999816894531,-22.31999969482422
20240910,603600,2,True,True,1,True,False,1,YELLOW,40.06999969482422,2.740000009536743
20240910,603601,0,False,False,1,True,False,1,YELLOW,192.52000427246097,-17.270000457763672
20240910,603602,0,False,False,1,True,False,1,YELLOW,-81.30000305175781,-81.75
20240910,603605,1,True,False,0,False,False,0,OK,29.600000381469727,13.489999771118164
20240910,603606,0,False,False,1,True,False,1,YELLOW,-6.070000171661377,-15.720000267028809
20240910,603607,1,True,False,1,True,False,1,YELLOW,8.600000381469727,15.43000030517578
20240910,603608,1,True,False,1,True,False,1,WEAK,-167.75,122.36000061035156
20240910,603609,1,True,False,1,True,False,1,WEAK,169.47000122070312,500.0
20240910,603610,2,True,True,0,False,False,0,OK,-25.440000534057617,-8.039999961853027
20240910,603611,2,True,True,0,False,False,0,YELLOW,-6.159999847412109,9.789999961853027
20240910,603612,1,True,False,0,False,False,0,YELLOW,113.41999816894533,364.5299987792969
20240910,603613,1,True,False,0,False,False,0,YELLOW,-0.959999978542328,11.210000038146973
20240910,603615,0,False,False,1,True,False,1,WEAK,-500.0,73.3499984741211
20240910,603616,2,True,True,1,True,False,1,WEAK,26.90999984741211,116.69000244140624
20240910,603617,1,True,False,1,True,False,1,YELLOW,500.0,-26.06999969482422
20240910,603618,0,False,False,1,True,False,1,YELLOW,-9.869999885559082,-53.4900016784668
20240910,603619,0,False,False,0,False,False,0,OK,-18.229999542236328,-30.3799991607666
20240910,603626,0,False,False,1,True,False,1,WEAK,-46.66999816894531,7.190000057220459
20240910,603628,1,False,True,1,True,False,1,YELLOW,-51.5099983215332,67.18000030517578
20240910,603629,2,True,True,0,False,False,0,YELLOW,-71.0999984741211,41.83000183105469
20240910,603630,1,False,True,0,False,False,0,YELLOW,-42.83000183105469,-93.52999877929688
20240910,603633,2,True,True,0,False,False,0,YELLOW,-3.950000047683716,-41.33000183105469
20240910,603636,1,False,True,1,True,False,1,WEAK,-500.0,37.0099983215332
20240910,603637,1,True,False,1,True,False,1,YELLOW,-6.679999828338623,-31.260000228881836
20240910,603638,2,True,True,1,True,False,1,OK,27.760000228881836,6.760000228881836
20240910,603639,0,False,False,1,True,False,1,YELLOW,-66.87000274658203,17.100000381469727
20240910,603648,0,False,False,1,True,False,1,YELLOW,3.7100000381469727,-21.56999969482422
20240910,603650,2,True,True,0,False,False,0,YELLOW,7.639999866485596,43.06999969482422
20240910,603655,2,True,True,0,False,False,0,OK,60.040000915527344,79.31999969482422
20240910,603656,0,False,False,0,False,False,0,OK,171.3699951171875,500.0
20240910,603657,1,False,True,0,False,False,0,YELLOW,-53.16999816894531,226.0
20240910,603658,1,True,False,0,False,False,0,YELLOW,-7.300000190734863,-8.789999961853027
20240910,603659,0,False,False,0,False,False,0,YELLOW,-40.29999923706055,29.170000076293945
20240910,603660,0,False,False,0,False,False,0,WEAK,28.709999084472656,17.6299991607666
20240910,603661,0,False,False,0,False,False,0,YELLOW,19.450000762939453,-20.61000061035156
20240910,603662,1,True,False,1,True,False,1,YELLOW,10.670000076293944,8.59000015258789
20240910,603663,0,False,False,1,True,False,1,WEAK,-7.25,-17.780000686645508
20240910,603665,0,False,False,0,False,False,0,WEAK,-136.6300048828125,214.1000061035156
20240910,603666,1,False,True,0,False,False,0,WEAK,-500.0,73.16999816894531
20240910,603667,1,True,False,0,False,False,0,YELLOW,-39.880001068115234,-4.070000171661377
20240910,603668,1,True,False,1,True,False,1,YELLOW,106.70999908447266,5.710000038146973
20240910,603669,1,True,False,0,False,False,0,WEAK,0.9100000262260436,16.309999465942383
20240910,603676,0,False,False,1,True,False,1,OK,22.86000061035156,17.860000610351562
20240910,603677,1,False,True,0,False,False,0,YELLOW,-6.739999771118164,-3.509999990463257
20240910,603678,0,False,False,0,False,False,0,WEAK,-45.279998779296875,62.709999084472656
20240910,603679,0,False,False,1,True,False,1,WEAK,-500.0,-59.150001525878906
20240910,603680,2,True,True,1,True,False,1,YELLOW,27.86000061035156,194.6000061035156
20240910,603681,2,True,True,0,False,False,0,YELLOW,-14.720000267028809,-93.04000091552734
20240910,603682,2,True,True,0,False,False,0,WEAK,-334.07000732421875,160.7100067138672
20240910,603683,2,True,True,1,True,False,1,YELLOW,14.039999961853027,18.8700008392334
20240910,603685,0,False,False,0,False,False,0,YELLOW,-86.5,41.689998626708984
20240910,603686,1,False,True,1,True,False,1,YELLOW,-36.77000045776367,0.3199999928474426
20240910,603687,2,True,True,0,False,False,0,YELLOW,32.34000015258789,19.6299991607666
20240910,603688,0,False,False,0,False,False,0,WEAK,-94.5500030517578,-75.83999633789062
20240910,603689,1,True,False,1,True,False,1,YELLOW,-3.5,-0.6100000143051147
20240910,603690,0,False,False,0,False,False,0,OK,-156.25,-71.33999633789062
20240910,603693,0,False,False,0,False,False,0,OK,-16.0,-5.03000020980835
20240910,603696,1,False,True,1,True,False,1,YELLOW,-18.38999938964844,-18.8799991607666
20240910,603697,1,False,True,1,True,False,1,OK,40.529998779296875,52.5099983215332
20240910,603698,2,True,True,1,True,False,1,YELLOW,-1.190000057220459,6.630000114440918
20240910,603699,2,True,True,1,True,False,1,YELLOW,53.22999954223633,27.3700008392334
20240910,603700,0,False,False,1,True,False,1,YELLOW,-67.13999938964844,-52.4900016784668
20240910,603701,0,False,False,1,True,False,1,YELLOW,-48.439998626708984,229.88999938964844
20240910,603703,2,True,True,1,True,False,1,YELLOW,-375.1000061035156,-41.70000076293945
20240910,603706,2,True,True,1,True,False,1,YELLOW,2.130000114440918,10.949999809265137
20240910,603707,1,False,True,1,True,False,1,WEAK,500.0,-29.459999084472656
20240910,603708,0,False,False,0,False,False,0,YELLOW,17.18000030517578,17.799999237060547
20240910,603709,0,False,False,0,False,False,0,YELLOW,-401.1000061035156,-463.0899963378906
20240910,603711,2,True,True,0,False,False,0,WEAK,-5.820000171661377,-157.77999877929688
20240910,603712,0,False,False,0,False,False,0,WEAK,-173.74000549316406,-342.30999755859375
20240910,603713,2,True,True,0,False,False,0,YELLOW,30.469999313354492,13.170000076293944
20240910,603716,1,True,False,1,True,False,1,WEAK,15.880000114440918,-500.0
20240910,603717,1,True,False,0,False,False,0,WEAK,76.58999633789062,-500.0
20240910,603719,0,False,False,0,False,False,0,YELLOW,-214.77000427246097,-500.0
20240910,603722,1,False,True,0,False,False,0,WEAK,-215.47000122070312,-500.0
20240910,603725,2,True,True,0,False,False,0,YELLOW,23.399999618530273,20.040000915527344
20240910,603726,1,True,False,1,True,False,1,YELLOW,68.72000122070312,0.6399999856948853
20240910,603727,2,True,True,0,False,False,0,YELLOW,260.4800109863281,-99.08999633789062
20240910,603728,0,False,False,0,False,False,0,OK,-46.45000076293945,-37.279998779296875
20240910,603730,1,True,False,0,False,False,0,YELLOW,17.329999923706055,-4.869999885559082
20240910,603733,2,True,True,0,False,False,0,YELLOW,56.869998931884766,-11.199999809265137
20240910,603737,1,False,True,0,False,False,0,YELLOW,234.33999633789065,268.4800109863281
20240910,603738,2,True,True,1,True,False,1,WEAK,-24.260000228881836,-74.5999984741211
20240910,603739,1,False,True,0,False,False,0,OK,-40.36000061035156,4.170000076293945
20240910,603755,2,True,True,1,True,False,1,OK,5.590000152587891,27.729999542236328
20240910,603757,1,False,True,1,True,False,1,YELLOW,-24.989999771118164,-10.670000076293944
20240910,603758,0,False,False,0,False,False,0,YELLOW,-30.479999542236328,-14.829999923706056
20240910,603759,0,False,False,0,False,False,0,OK,22.690000534057617,-50.72999954223633
20240910,603766,2,True,True,1,True,False,1,YELLOW,70.77999877929688,82.7699966430664
20240910,603767,1,True,False,0,False,False,0,YELLOW,-55.58000183105469,-68.25
20240910,603768,1,False,True,1,True,False,1,YELLOW,-40.56999969482422,-182.69000244140625
20240910,603773,0,False,False,0,False,False,0,WEAK,-204.38999938964844,-43.54999923706055
20240910,603776,0,False,False,1,True,False,1,WEAK,10.739999771118164,-123.36000061035156
20240910,603777,0,False,False,0,False,False,0,OK,-500.0,-500.0
20240910,603778,0,False,False,0,False,False,0,WEAK,-32.54999923706055,9.390000343322754
20240910,603779,1,True,False,1,True,False,1,OK,113.43000030517578,-129.44000244140625
20240910,603786,1,True,False,0,False,False,0,YELLOW,27.510000228881836,25.229999542236328
20240910,603787,1,False,True,0,False,False,0,YELLOW,-97.4000015258789,53.540000915527344
20240910,603788,2,True,True,0,False,False,0,YELLOW,16.049999237060547,15.300000190734863
20240910,603790,1,True,False,0,False,False,0,OK,34.029998779296875,17.549999237060547
20240910,603797,1,False,True,1,True,False,1,OK,-9.760000228881836,-24.059999465942383
20240910,603798,2,True,True,0,False,False,0,YELLOW,34.58000183105469,20.309999465942383
20240910,603799,0,False,False,1,True,False,1,YELLOW,22.709999084472656,47.68000030517578
20240910,603800,1,True,False,0,False,False,0,YELLOW,-47.31999969482422,-198.7100067138672
20240910,603801,0,False,False,0,False,False,0,OK,-38.060001373291016,-30.649999618530273
20240910,603803,1,False,True,0,False,False,0,WEAK,27.6200008392334,10.140000343322754
20240910,603806,2,True,True,1,True,False,1,YELLOW,-25.1299991607666,-50.08000183105469
20240910,603808,0,False,False,0,False,False,0,YELLOW,-489.3699951171875,18.8799991607666
20240910,603809,2,True,True,0,False,False,0,OK,87.97000122070312,10.539999961853027
20240910,603810,1,False,True,1,True,False,1,WEAK,16.549999237060547,219.44000244140625
20240910,603811,0,False,False,1,True,False,1,OK,-18.059999465942383,54.209999084472656
20240910,603815,0,False,False,1,True,False,1,YELLOW,-28.1200008392334,48.310001373291016
20240910,603816,0,False,False,0,False,False,0,OK,-26.920000076293945,15.260000228881836
20240910,603817,1,True,False,1,True,False,1,OK,33.0,4.800000190734863
20240910,603818,1,True,False,0,False,False,0,WEAK,43.689998626708984,28.6299991607666
20240910,603819,1,False,True,0,False,False,0,WEAK,-500.0,103.7699966430664
20240910,603823,1,True,False,0,False,False,0,YELLOW,58.7599983215332,3.549999952316284
20240910,603826,2,True,True,1,True,False,1,YELLOW,-53.869998931884766,16.09000015258789
20240910,603829,2,True,True,1,True,False,1,YELLOW,12.210000038146973,5.28000020980835
20240910,603833,0,False,False,0,False,False,0,YELLOW,-15.649999618530272,21.40999984741211
20240910,603836,2,True,True,0,False,False,0,YELLOW,-15.880000114440918,-90.3000030517578
20240910,603839,0,False,False,1,True,False,1,WEAK,-500.0,171.13999938964844
20240910,603848,1,False,True,1,True,False,1,YELLOW,-24.459999084472656,-42.5099983215332
20240910,603855,2,True,True,0,False,False,0,OK,-0.9800000190734864,4.71999979019165
20240910,603856,2,True,True,1,True,False,1,YELLOW,-10.75,-35.5
20240910,603858,0,False,False,1,True,False,1,WEAK,-268.9700012207031,180.0399932861328
20240910,603859,1,False,True,0,False,False,0,YELLOW,-19.670000076293945,16.15999984741211
20240910,603860,0,False,False,0,False,False,0,WEAK,-13.699999809265137,91.16000366210938
20240910,603861,1,True,False,1,True,False,1,YELLOW,93.06999969482422,6.380000114440918
20240910,603863,2,True,True,1,True,False,1,WEAK,5.46999979019165,25.520000457763672
20240910,603866,0,False,False,1,True,False,1,YELLOW,-9.84000015258789,-30.030000686645508
20240910,603867,1,True,False,0,False,False,0,YELLOW,-8.0600004196167,0.8500000238418579
20240910,603868,0,False,False,0,False,False,0,OK,-59.54999923706055,7.199999809265137
20240910,603871,2,True,True,1,True,False,1,YELLOW,23.010000228881836,-26.81999969482422
20240910,603876,1,False,True,1,True,False,1,WEAK,-43.56999969482422,-0.6499999761581421
20240910,603877,0,False,False,0,False,False,0,OK,-57.380001068115234,-78.91000366210938
20240910,603878,1,False,True,0,False,False,0,YELLOW,-68.2699966430664,-48.150001525878906
20240910,603879,1,False,True,1,True,False,1,WEAK,-109.8000030517578,75.44999694824219
20240910,603880,1,False,True,1,True,False,1,YELLOW,-27.75,-500.0
20240910,603881,2,True,True,1,True,False,1,YELLOW,27.809999465942383,9.890000343322754
20240910,603882,0,False,False,1,True,False,1,WEAK,-165.27999877929688,-231.94000244140625
20240910,603883,0,False,False,0,False,False,0,OK,-41.18000030517578,-20.88999938964844
20240910,603885,2,True,True,0,False,False,0,WEAK,10.5600004196167,-14.270000457763672
20240910,603886,0,False,False,0,False,False,0,YELLOW,-5.690000057220459,-270.9800109863281
20240910,603887,1,False,True,1,True,False,1,WEAK,46.33000183105469,166.57000732421875
20240910,603888,1,True,False,0,False,False,0,YELLOW,109.7300033569336,26.88999938964844
20240910,603889,2,True,True,0,False,False,0,YELLOW,5.230000019073486,3.1600000858306885
20240910,603890,2,True,True,1,True,False,1,YELLOW,336.989990234375,384.4700012207031
20240910,603893,2,True,True,0,False,False,0,OK,326.2200012207031,191.6300048828125
20240910,603895,0,False,False,1,True,False,1,YELLOW,-54.54999923706055,109.2699966430664
20240910,603896,2,True,True,0,False,False,0,OK,-36.959999084472656,-57.939998626708984
20240910,603897,2,True,True,1,True,False,1,YELLOW,17.1299991607666,22.950000762939453
20240910,603898,1,False,True,1,True,False,1,OK,-67.18000030517578,-53.79999923706055
20240910,603899,2,True,True,0,False,False,0,YELLOW,-11.75,-18.6299991607666
20240910,603900,1,False,True,1,True,False,1,WEAK,-118.55999755859376,299.82000732421875
20240910,603901,1,False,True,0,False,False,0,YELLOW,-98.5500030517578,-13.390000343322754
20240910,603903,1,False,True,0,False,False,0,OK,-189.47000122070312,145.07000732421875
20240910,603906,1,True,False,0,False,False,0,WEAK,44.52000045776367,55.540000915527344
20240910,603908,0,False,False,0,False,False,0,YELLOW,-42.65999984741211,-46.970001220703125
20240910,603909,1,True,False,0,False,False,0,WEAK,42.060001373291016,32.459999084472656
20240910,603912,1,False,True,1,True,False,1,YELLOW,-21.149999618530273,-500.0
20240910,603915,0,False,False,0,False,False,0,YELLOW,-42.18000030517578,-23.729999542236328
20240910,603916,1,False,True,1,True,False,1,OK,-44.310001373291016,16.239999771118164
20240910,603917,1,False,True,1,True,False,1,WEAK,-194.3500061035156,144.83999633789062
20240910,603918,0,False,False,0,False,False,0,WEAK,-500.0,22.18000030517578
20240910,603919,2,True,True,0,False,False,0,OK,18.290000915527344,-4.050000190734863
20240910,603920,1,True,False,1,True,False,1,YELLOW,34.150001525878906,19.549999237060547
20240910,603926,1,True,False,0,False,False,0,YELLOW,17.079999923706055,-18.979999542236328
20240910,603927,0,False,False,0,False,False,0,OK,-46.34000015258789,-46.220001220703125
20240910,603928,0,False,False,1,True,False,1,YELLOW,-43.790000915527344,55.68000030517578
20240910,603929,1,True,False,0,False,False,0,YELLOW,137.60000610351562,-32.33000183105469
20240910,603931,2,True,True,0,False,False,0,YELLOW,-19.049999237060547,-29.86000061035156
20240910,603933,1,True,False,1,True,False,1,YELLOW,-40.93000030517578,-31.670000076293945
20240910,603936,0,False,False,1,True,False,1,WEAK,56.27000045776367,-26.760000228881836
20240910,603937,0,False,False,1,True,False,1,YELLOW,-161.67999267578125,-461.3999938964844
20240910,603938,1,False,True,0,False,False,0,WEAK,-78.13999938964844,11.93000030517578
20240910,603939,1,True,False,0,False,False,0,OK,9.960000038146973,9.079999923706056
20240910,603948,0,False,False,1,True,False,1,WEAK,-34.91999816894531,-6.429999828338623
20240910,603949,2,True,True,0,False,False,0,YELLOW,-21.309999465942383,47.36000061035156
20240910,603950,0,False,False,0,False,False,0,YELLOW,9.300000190734863,67.80999755859375
20240910,603955,1,True,False,0,False,False,0,WEAK,131.67999267578125,-227.2400054931641
20240910,603956,1,False,True,0,False,False,0,WEAK,-500.0,3.299999952316284
20240910,603958,1,False,True,1,True,False,1,WEAK,-414.2099914550781,77.41000366210938
20240910,603960,0,False,False,0,False,False,0,YELLOW,-44.619998931884766,-32.900001525878906
20240910,603966,1,True,False,1,True,False,1,YELLOW,10.039999961853027,28.709999084472656
20240910,603967,2,True,True,0,False,False,0,YELLOW,6.800000190734863,3.0899999141693115
20240910,603968,0,False,False,0,False,False,0,WEAK,-500.0,87.05999755859375
20240910,603969,2,True,True,0,False,False,0,YELLOW,38.61000061035156,71.5199966430664
20240910,603970,1,True,False,0,False,False,0,YELLOW,-3.140000104904175,-10.899999618530272
20240910,603976,2,True,True,1,True,False,1,YELLOW,65.06999969482422,-74.94999694824219
20240910,603977,2,True,True,1,True,False,1,OK,-48.38999938964844,-3.690000057220459
20240910,603978,0,False,False,1,True,False,1,WEAK,-113.16000366210938,63.36000061035156
20240910,603979,1,True,False,0,False,False,0,YELLOW,52.7400016784668,78.51000213623047
20240910,603980,1,True,False,1,True,False,1,YELLOW,112.47000122070312,17.389999389648438
20240910,603982,0,False,False,0,False,False,0,WEAK,4.5,28.649999618530273
20240910,603983,2,True,True,0,False,False,0,OK,73.86000061035156,6.639999866485596
20240910,603985,0,False,False,0,False,False,0,WEAK,-103.66000366210938,194.32000732421875
20240910,603986,1,True,False,0,False,False,0,WEAK,500.0,14.989999771118164
20240910,603987,0,False,False,1,True,False,1,YELLOW,-5.440000057220459,19.399999618530273
20240910,603988,0,False,False,1,True,False,1,WEAK,-30.88999938964844,338.45001220703125
20240910,603989,1,False,True,0,False,False,0,WEAK,-38.77000045776367,59.060001373291016
20240910,603990,1,False,True,0,False,False,0,WEAK,-30.979999542236328,102.25
20240910,603991,2,True,True,1,True,False,1,WEAK,39.09000015258789,-185.57000732421875
20240910,603992,2,True,True,1,True,False,1,YELLOW,16.219999313354492,-65.41000366210938
20240910,603993,2,True,True,0,False,False,0,YELLOW,110.4800033569336,55.08000183105469
20240910,603995,2,True,True,1,True,False,1,YELLOW,58.849998474121094,-4.670000076293945
20240910,603997,1,False,True,1,True,False,1,YELLOW,-346.739990234375,500.0
20240910,603998,1,True,False,1,True,False,1,YELLOW,44.61000061035156,27.790000915527344
20240910,603999,0,False,False,1,True,False,1,YELLOW,-8.609999656677246,-2.1700000762939453
20240910,605001,2,True,True,1,True,False,1,WEAK,316.04998779296875,21.270000457763672
20240910,605003,2,True,True,1,True,False,1,YELLOW,15.09000015258789,-46.90999984741211
20240910,605005,2,True,True,1,True,False,1,OK,15.149999618530272,-14.600000381469728
20240910,605006,0,False,False,1,True,False,1,WEAK,-124.31999969482422,105.41999816894533
20240910,605007,2,True,True,0,False,False,0,YELLOW,29.950000762939453,-48.849998474121094
20240910,605008,2,True,True,0,False,False,0,WEAK,500.0,-108.12000274658205
20240910,605009,2,True,True,0,False,False,0,YELLOW,-11.100000381469728,-23.90999984741211
20240910,605011,2,True,True,0,False,False,0,YELLOW,-2.369999885559082,-8.300000190734863
20240910,605016,1,True,False,0,False,False,0,OK,31.719999313354492,50.08000183105469
20240910,605018,2,True,True,0,False,False,0,YELLOW,3.369999885559082,-54.630001068115234
20240910,605020,1,True,False,0,False,False,0,YELLOW,117.79000091552734,152.25
20240910,605028,1,False,True,0,False,False,0,YELLOW,-13.609999656677246,-32.38999938964844
20240910,605033,0,False,False,0,False,False,0,WEAK,-48.209999084472656,-15.09000015258789
20240910,605050,1,False,True,0,False,False,0,YELLOW,-28.88999938964844,34.880001068115234
20240910,605055,2,True,True,1,True,False,1,YELLOW,42.63999938964844,-172.8300018310547
20240910,605056,1,False,True,0,False,False,0,WEAK,34.650001525878906,46.0099983215332
20240910,605058,0,False,False,1,True,False,1,YELLOW,7.900000095367432,33.220001220703125
20240910,605060,0,False,False,0,False,False,0,OK,-22.540000915527344,10.399999618530272
20240910,605066,1,False,True,1,True,False,1,YELLOW,-8.0600004196167,8.510000228881836
20240910,605068,0,False,False,0,False,False,0,YELLOW,-500.0,-500.0
20240910,605069,1,True,False,0,False,False,0,WEAK,61.18000030517578,174.92999267578125
20240910,605077,1,False,True,0,False,False,0,YELLOW,-27.459999084472656,-6.559999942779541
20240910,605080,2,True,True,0,False,False,0,OK,25.040000915527344,7.150000095367432
20240910,605086,0,False,False,0,False,False,0,OK,7.179999828338623,21.200000762939453
20240910,605088,1,False,True,0,False,False,0,YELLOW,10.0,18.8799991607666
20240910,605089,0,False,False,0,False,False,0,YELLOW,-37.279998779296875,-38.7400016784668
20240910,605090,2,True,True,0,False,False,0,YELLOW,1.1200000047683716,2.9200000762939453
20240910,605098,2,True,True,0,False,False,0,OK,12.149999618530272,-11.609999656677246
20240910,605099,1,True,False,0,False,False,0,OK,20.6299991607666,22.979999542236328
20240910,605100,1,False,True,1,True,False,1,YELLOW,-33.41999816894531,-74.66000366210938
20240910,605108,0,False,False,0,False,False,0,YELLOW,-63.04999923706055,-11.210000038146973
20240910,605111,2,True,True,1,True,False,1,OK,33.04999923706055,-3.2200000286102295
20240910,605116,2,True,True,1,True,False,1,OK,34.25,20.940000534057617
20240910,605117,0,False,False,1,True,False,1,OK,51.34000015258789,25.739999771118164
20240910,605118,1,True,False,1,True,False,1,OK,17.530000686645508,67.33000183105469
20240910,605122,1,True,False,0,False,False,0,YELLOW,-500.0,-500.0
20240910,605123,1,False,True,0,False,False,0,WEAK,-42.380001068115234,7.389999866485596
20240910,605128,1,True,False,0,False,False,0,YELLOW,53.150001525878906,35.58000183105469
20240910,605133,1,True,False,0,False,False,0,YELLOW,10.899999618530272,12.65999984741211
20240910,605136,1,True,False,1,True,False,1,YELLOW,-437.3200073242187,-500.0
20240910,605138,0,False,False,0,False,False,0,YELLOW,53.130001068115234,29.81999969482422
20240910,605151,1,False,True,1,True,False,1,YELLOW,-64.30999755859375,-110.33000183105467
20240910,605155,2,True,True,0,False,False,0,OK,34.0099983215332,-5.519999980926514
20240910,605158,1,False,True,1,True,False,1,YELLOW,-35.040000915527344,-62.38999938964844
20240910,605162,2,True,True,0,False,False,0,YELLOW,4.929999828338623,-8.579999923706055
20240910,605166,2,True,True,0,False,False,0,YELLOW,51.619998931884766,-26.010000228881836
20240910,605167,1,True,False,1,True,False,1,YELLOW,25.25,-5.630000114440918
20240910,605168,1,False,True,0,False,False,0,YELLOW,-42.41999816894531,4.559999942779541
20240910,605169,1,True,False,1,True,False,1,WEAK,9.06999969482422,15.789999961853027
20240910,605177,0,False,False,0,False,False,0,YELLOW,-191.02999877929688,-233.22000122070312
20240910,605178,0,False,False,1,True,False,1,WEAK,-24.75,10.109999656677246
20240910,605179,2,True,True,1,True,False,1,OK,21.770000457763672,21.079999923706055
20240910,605180,2,True,True,0,False,False,0,YELLOW,97.16999816894533,-38.040000915527344
20240910,605183,2,True,True,1,True,False,1,YELLOW,33.779998779296875,10.15999984741211
20240910,605186,1,False,True,0,False,False,0,WEAK,-62.06999969482422,-78.16000366210938
20240910,605188,1,True,False,0,False,False,0,YELLOW,-500.0,-1.5499999523162842
20240910,605189,1,True,False,1,True,False,1,YELLOW,33.88999938964844,-75.58000183105469
20240910,605196,0,False,False,0,False,False,0,YELLOW,-13.25,-33.119998931884766
20240910,605198,1,False,True,0,False,False,0,YELLOW,12.859999656677246,41.20000076293945
20240910,605208,2,True,True,1,True,False,1,YELLOW,35.150001525878906,93.68000030517578
20240910,605218,1,False,True,1,True,False,1,YELLOW,-46.45000076293945,-33.970001220703125
20240910,605222,2,True,True,1,True,False,1,YELLOW,-62.849998474121094,-16.639999389648438
20240910,605228,1,True,False,0,False,False,0,YELLOW,-167.22999572753906,114.81999969482422
20240910,605255,1,False,True,0,False,False,0,OK,12.739999771118164,-14.699999809265137
20240910,605258,2,True,True,0,False,False,0,YELLOW,142.8000030517578,-15.079999923706056
20240910,605259,1,False,True,1,True,False,1,YELLOW,0.8999999761581421,52.66999816894531
20240910,605266,0,False,False,0,False,False,0,OK,-68.88999938964844,-0.8199999928474426
20240910,605268,1,True,False,1,True,False,1,YELLOW,178.36000061035156,23.920000076293945
20240910,605277,0,False,False,1,True,False,1,YELLOW,7.300000190734863,37.970001220703125
20240910,605286,2,True,True,0,False,False,0,YELLOW,35.810001373291016,-6.960000038146973
20240910,605287,0,False,False,0,False,False,0,YELLOW,-306.260009765625,-42.209999084472656
20240910,605288,2,True,True,1,True,False,1,YELLOW,-21.530000686645508,-52.93000030517578
20240910,605289,1,False,True,0,False,False,0,YELLOW,-149.55999755859375,160.42999267578125
20240910,605296,1,True,False,0,False,False,0,WEAK,275.6199951171875,190.75
20240910,605298,1,False,True,0,False,False,0,WEAK,61.91999816894531,160.25999450683594
20240910,605299,0,False,False,0,False,False,0,OK,-39.88999938964844,-29.31999969482422
20240910,605300,1,False,True,1,True,False,1,YELLOW,-68.48999786376953,-96.0999984741211
20240910,605303,1,False,True,0,False,False,0,WEAK,-25.170000076293945,-10.920000076293944
20240910,605305,2,True,True,0,False,False,0,OK,53.099998474121094,97.7699966430664
20240910,605318,1,False,True,1,True,False,1,WEAK,-173.02999877929688,20.799999237060547
20240910,605319,1,True,False,0,False,False,0,YELLOW,39.31999969482422,26.649999618530273
20240910,605333,2,True,True,0,False,False,0,YELLOW,500.0,9.479999542236328
20240910,605337,0,False,False,0,False,False,0,YELLOW,-5.239999771118164,-2.319999933242798
20240910,605338,2,True,True,1,True,False,1,YELLOW,18.049999237060547,15.289999961853027
20240910,605339,1,True,False,1,True,False,1,YELLOW,-15.75,-72.20999908447266
20240910,605358,0,False,False,0,False,False,0,WEAK,-152.0399932861328,-203.2100067138672
20240910,605365,1,True,False,0,False,False,0,YELLOW,28.829999923706055,-66.1500015258789
20240910,605366,1,False,True,0,False,False,0,WEAK,-191.4600067138672,-500.0
20240910,605368,1,True,False,1,True,False,1,YELLOW,-16.600000381469727,-39.5099983215332
20240910,605369,1,True,False,1,True,False,1,WEAK,56.18000030517578,-36.2599983215332
20240910,605376,2,True,True,1,True,False,1,WEAK,291.6499938964844,124.62000274658205
20240910,605377,1,True,False,0,False,False,0,YELLOW,-17.700000762939453,-44.15999984741211
20240910,605378,2,True,True,1,True,False,1,YELLOW,51.040000915527344,-60.689998626708984
20240910,605388,0,False,False,0,False,False,0,YELLOW,-287.6199951171875,-94.44000244140624
20240910,605389,1,True,False,0,False,False,0,YELLOW,-6.610000133514404,-5.639999866485596
20240910,605398,0,False,False,1,True,False,1,YELLOW,-70.1500015258789,-79.2300033569336
20240910,605399,1,False,True,0,False,False,0,WEAK,-84.63999938964844,-253.94000244140625
20240910,605488,2,True,True,1,True,False,1,YELLOW,-8.880000114440918,-20.530000686645508
20240910,605499,2,True,True,1,True,False,1,OK,74.4800033569336,33.02000045776367
20240910,605500,2,True,True,1,True,False,1,YELLOW,20.90999984741211,-67.25
20240910,605507,1,True,False,1,True,False,1,YELLOW,28.65999984741211,10.329999923706056
20240910,605555,2,True,True,0,False,False,0,YELLOW,24.93000030517578,-49.4900016784668
20240910,605566,1,False,True,0,False,False,0,YELLOW,-47.88999938964844,37.189998626708984
20240910,605567,0,False,False,1,True,False,1,WEAK,107.2300033569336,317.07000732421875
20240910,605577,0,False,False,0,False,False,0,OK,-27.049999237060547,-27.63999938964844
20240910,605580,0,False,False,0,False,False,0,YELLOW,-15.989999771118164,8.270000457763672
20240910,605588,1,False,True,0,False,False,0,YELLOW,-153.49000549316406,-234.02000427246097
20240910,605589,1,True,False,0,False,False,0,YELLOW,12.6899995803833,51.130001068115234
20240910,605598,1,False,True,0,False,False,0,OK,-49.220001220703125,-2.2799999713897705
20240910,605599,0,False,False,0,False,False,0,YELLOW,3.9800000190734863,2.569999933242798
20240910,688001,0,False,False,1,True,False,1,WEAK,-378.7000122070313,500.0
20240910,688002,0,False,False,1,True,False,1,OK,16.8700008392334,57.959999084472656
20240910,688003,0,False,False,0,False,False,0,WEAK,-34.5099983215332,7.559999942779541
20240910,688004,2,True,True,1,True,False,1,WEAK,4.929999828338623,17.690000534057617
20240910,688005,1,False,True,0,False,False,0,YELLOW,-52.63999938964844,-500.0
20240910,688006,0,False,False,0,False,False,0,OK,-60.68000030517578,8.210000038146973
20240910,688007,0,False,False,0,False,False,0,OK,-22.8799991607666,-442.6099853515625
20240910,688008,1,True,False,1,True,False,1,OK,237.44000244140625,100.5199966430664
20240910,688009,0,False,False,1,True,False,1,YELLOW,0.0700000002980232,-0.1099999994039535
20240910,688010,0,False,False,1,True,False,1,WEAK,46.720001220703125,1.2300000190734863
20240910,688011,0,False,False,0,False,False,0,WEAK,-30.15999984741211,-11.68000030517578
20240910,688012,1,False,True,1,True,False,1,OK,16.510000228881836,11.489999771118164
20240910,688013,2,True,True,1,True,False,1,OK,24.459999084472656,71.4800033569336
20240910,688015,0,False,False,0,False,False,0,WEAK,76.0999984741211,500.0
20240910,688016,2,True,True,0,False,False,0,OK,-14.43000030517578,-29.959999084472656
20240910,688017,0,False,False,0,False,False,0,WEAK,-38.09000015258789,25.09000015258789
20240910,688018,1,True,False,1,True,False,1,OK,182.77000427246097,64.22000122070312
20240910,688019,2,True,True,0,False,False,0,OK,63.439998626708984,51.90999984741211
20240910,688020,1,True,False,0,False,False,0,WEAK,-31.350000381469727,8.470000267028809
20240910,688021,0,False,False,0,False,False,0,WEAK,-225.33999633789065,70.3499984741211
20240910,688023,1,True,False,0,False,False,0,WEAK,38.84000015258789,27.200000762939453
20240910,688025,1,True,False,0,False,False,0,YELLOW,23.010000228881836,73.69999694824219
20240910,688026,1,True,False,1,True,False,1,YELLOW,113.1500015258789,69.05999755859375
20240910,688027,1,True,False,0,False,False,0,WEAK,60.25,-4.550000190734863
20240910,688028,2,True,True,0,False,False,0,OK,7.239999771118164,-18.63999938964844
20240910,688029,1,True,False,1,True,False,1,YELLOW,17.479999542236328,18.899999618530273
20240910,688030,2,True,True,0,False,False,0,WEAK,39.2599983215332,10.520000457763672
20240910,688031,2,True,True,0,False,False,0,WEAK,-13.420000076293944,24.030000686645508
20240910,688032,1,False,True,1,True,False,1,OK,-44.130001068115234,-94.5999984741211
20240910,688035,1,False,True,0,False,False,0,YELLOW,-4.559999942779541,53.470001220703125
20240910,688036,1,True,False,1,True,False,1,YELLOW,-11.539999961853027,-63.040000915527344
20240910,688037,0,False,False,0,False,False,0,OK,-60.83000183105469,-238.44000244140625
20240910,688038,1,True,False,0,False,False,0,YELLOW,81.77999877929688,-130.8699951171875
20240910,688039,1,True,False,0,False,False,0,WEAK,22.940000534057617,70.2699966430664
20240910,688041,1,True,False,1,True,False,1,OK,59.790000915527344,33.310001373291016
20240910,688045,0,False,False,0,False,False,0,WEAK,20.969999313354492,46.77000045776367
20240910,688046,1,True,False,1,True,False,1,WEAK,-29.329999923706055,14.75
20240910,688047,0,False,False,1,True,False,1,WEAK,-50.439998626708984,-22.770000457763672
20240910,688048,1,False,True,0,False,False,0,WEAK,-29.979999542236328,84.25
20240910,688049,2,True,True,1,True,False,1,OK,53.650001525878906,269.0799865722656
20240910,688050,2,True,True,1,True,False,1,WEAK,35.08000183105469,2.630000114440918
20240910,688051,1,True,False,0,False,False,0,WEAK,45.27000045776367,-23.950000762939453
20240910,688052,0,False,False,0,False,False,0,WEAK,-16.190000534057617,63.11000061035156
20240910,688055,2,True,True,0,False,False,0,WEAK,17.489999771118164,3.650000095367432
20240910,688056,1,True,False,1,True,False,1,WEAK,32.880001068115234,-12.449999809265137
20240910,688057,0,False,False,1,True,False,1,OK,-24.979999542236328,-24.670000076293945
20240910,688058,0,False,False,0,False,False,0,WEAK,-500.0,-192.0500030517578
20240910,688059,1,True,False,0,False,False,0,WEAK,-31.68000030517578,18.31999969482422
20240910,688060,0,False,False,1,True,False,1,OK,-327.0799865722656,-362.9800109863281
20240910,688061,2,True,True,0,False,False,0,WEAK,-172.9499969482422,-63.95000076293945
20240910,688062,0,False,False,0,False,False,0,WEAK,-0.9100000262260436,-24.479999542236328
20240910,688063,1,False,True,0,False,False,0,OK,-106.27999877929688,-315.57000732421875
20240910,688065,1,True,False,0,False,False,0,WEAK,51.599998474121094,23.670000076293945
20240910,688067,1,True,False,1,True,False,1,YELLOW,24.989999771118164,37.2400016784668
20240910,688068,0,False,False,0,False,False,0,WEAK,-289.6700134277344,-17.209999084472656
20240910,688069,2,True,True,1,True,False,1,WEAK,-117.30999755859376,-156.44000244140625
20240910,688070,1,False,True,0,False,False,0,WEAK,50.459999084472656,36.36000061035156
20240910,688071,0,False,False,0,False,False,0,WEAK,-131.5,80.55999755859375
20240910,688072,1,False,True,1,True,False,1,OK,14.100000381469728,91.3499984741211
20240910,688073,0,False,False,1,True,False,1,WEAK,-15.09000015258789,22.600000381469727
20240910,688075,0,False,False,1,True,False,1,WEAK,-27.600000381469727,24.88999938964844
20240910,688077,1,True,False,1,True,False,1,YELLOW,113.0199966430664,-21.559999465942383
20240910,688078,1,False,True,0,False,False,0,OK,-63.56999969482422,-83.91000366210938
20240910,688079,0,False,False,0,False,False,0,WEAK,-23.850000381469727,-30.239999771118164
20240910,688080,2,True,True,0,False,False,0,YELLOW,41.209999084472656,29.299999237060547
20240910,688081,1,False,True,1,True,False,1,WEAK,-19.700000762939453,-9.06999969482422
20240910,688082,2,True,True,1,True,False,1,OK,27.790000915527344,55.16999816894531
20240910,688083,0,False,False,0,False,False,0,OK,-17.510000228881836,-36.790000915527344
20240910,688084,1,False,True,0,False,False,0,WEAK,-500.0,27.86000061035156
20240910,688085,0,False,False,1,True,False,1,WEAK,-106.37999725341795,500.0
20240910,688087,2,True,True,1,True,False,1,YELLOW,41.540000915527344,-37.869998931884766
20240910,688088,1,True,False,0,False,False,0,OK,128.92999267578125,33.86000061035156
20240910,688089,1,True,False,1,True,False,1,OK,60.11000061035156,88.51000213623047
20240910,688090,1,False,True,1,True,False,1,YELLOW,-86.3499984741211,-500.0
20240910,688091,1,False,True,1,True,False,1,OK,-97.58000183105467,11.739999771118164
20240910,688092,1,True,False,0,False,False,0,OK,-8.319999694824219,-38.810001373291016
20240910,688093,2,True,True,0,False,False,0,YELLOW,54.619998931884766,101.02999877929688
20240910,688095,2,True,True,1,True,False,1,OK,-12.520000457763672,64.95999908447266
20240910,688096,0,False,False,1,True,False,1,WEAK,29.600000381469727,118.33000183105467
20240910,688097,1,True,False,1,True,False,1,OK,-2.6600000858306885,1.5199999809265137
20240910,688098,0,False,False,0,False,False,0,WEAK,-292.9700012207031,52.61000061035156
20240910,688099,2,True,True,0,False,False,0,OK,93.97000122070312,34.47999954223633
20240910,688100,1,True,False,0,False,False,0,OK,24.920000076293945,12.670000076293944
20240910,688101,2,True,True,1,True,False,1,OK,21.1299991607666,25.260000228881836
20240910,688102,2,True,True,0,False,False,0,YELLOW,26.8799991607666,36.43000030517578
20240910,688103,1,False,True,1,True,False,1,WEAK,-66.91999816894531,118.37000274658205
20240910,688105,1,True,False,0,False,False,0,OK,56.81999969482422,-116.6999969482422
20240910,688106,1,False,True,0,False,False,0,OK,-45.70000076293945,-45.099998474121094
20240910,688107,0,False,False,0,False,False,0,WEAK,-6.099999904632568,-14.829999923706056
20240910,688108,1,True,False,1,True,False,1,YELLOW,64.76000213623047,163.35000610351562
20240910,688109,1,True,False,1,True,False,1,OK,473.6400146484375,500.0
20240910,688110,1,False,True,0,False,False,0,WEAK,38.56999969482422,-27.81999969482422
20240910,688111,1,True,False,0,False,False,0,OK,23.299999237060547,5.769999980926514
20240910,688112,1,False,True,0,False,False,0,YELLOW,-28.8700008392334,33.79999923706055
20240910,688113,0,False,False,0,False,False,0,OK,-7.920000076293945,15.420000076293944
20240910,688114,0,False,False,0,False,False,0,WEAK,4.409999847412109,37.54999923706055
20240910,688115,2,True,True,1,True,False,1,WEAK,234.9900054931641,-465.1600036621094
20240910,688116,1,True,False,0,False,False,0,OK,13.600000381469728,-6.929999828338623
20240910,688117,2,True,True,1,True,False,1,YELLOW,-24.239999771118164,367.9200134277344
20240910,688118,0,False,False,0,False,False,0,WEAK,73.5999984741211,38.75
20240910,688119,0,False,False,0,False,False,0,WEAK,-500.0,51.38999938964844
20240910,688120,1,True,False,1,True,False,1,OK,40.790000915527344,25.020000457763672
20240910,688121,1,False,True,0,False,False,0,YELLOW,-49.5099983215332,-95.3000030517578
20240910,688122,1,False,True,0,False,False,0,WEAK,12.9399995803833,58.31999969482422
20240910,688123,2,True,True,0,False,False,0,WEAK,198.8800048828125,22.469999313354492
20240910,688125,1,False,True,0,False,False,0,WEAK,-361.6499938964844,-146.67999267578125
20240910,688126,0,False,False,1,True,False,1,WEAK,-500.0,-12.140000343322754
20240910,688127,2,True,True,0,False,False,0,OK,33.209999084472656,108.5999984741211
20240910,688128,1,True,False,0,False,False,0,YELLOW,5.980000019073486,36.5099983215332
20240910,688129,1,True,False,1,True,False,1,OK,233.25,34.290000915527344
20240910,688130,1,False,True,0,False,False,0,WEAK,20.90999984741211,-217.52000427246097
20240910,688131,0,False,False,1,True,False,1,WEAK,62.5,111.4000015258789
20240910,688132,2,True,True,0,False,False,0,WEAK,52.689998626708984,-339.0799865722656
20240910,688133,1,False,True,0,False,False,0,YELLOW,-88.87000274658203,-145.58999633789062
20240910,688135,0,False,False,0,False,False,0,WEAK,-500.0,15.329999923706056
20240910,688136,1,True,False,0,False,False,0,YELLOW,117.5199966430664,110.3000030517578
20240910,688137,1,False,True,0,False,False,0,WEAK,-500.0,-16.020000457763672
20240910,688138,2,True,True,0,False,False,0,YELLOW,35.61000061035156,2.6600000858306885
20240910,688139,0,False,False,0,False,False,0,OK,-2.859999895095825,-41.68000030517578
20240910,688141,1,False,True,0,False,False,0,WEAK,-16.170000076293945,9.039999961853027
20240910,688143,2,True,True,0,False,False,0,OK,327.1000061035156,202.9600067138672
20240910,688146,1,False,True,0,False,False,0,WEAK,-15.65999984741211,13.18000030517578
20240910,688147,1,False,True,0,False,False,0,OK,-0.449999988079071,500.0
20240910,688148,1,False,True,0,False,False,0,WEAK,-0.8999999761581421,-69.0
20240910,688150,1,True,False,0,False,False,0,OK,162.83999633789062,45.290000915527344
20240910,688151,1,False,True,1,True,False,1,WEAK,14.5600004196167,-103.16000366210938
20240910,688152,1,True,False,0,False,False,0,WEAK,72.37999725341797,-18.579999923706055
20240910,688153,1,True,False,0,False,False,0,WEAK,-150.91000366210938,-75.62999725341797
20240910,688155,2,True,True,0,False,False,0,YELLOW,500.0,21.040000915527344
20240910,688156,1,False,True,0,False,False,0,OK,-391.6000061035156,-500.0
20240910,688157,2,True,True,1,True,False,1,OK,7.179999828338623,-69.41999816894531
20240910,688158,2,True,True,0,False,False,0,WEAK,25.979999542236328,31.299999237060547
20240910,688159,1,True,False,0,False,False,0,YELLOW,249.6999969482422,-24.190000534057617
20240910,688160,1,False,True,0,False,False,0,OK,-29.979999542236328,12.229999542236328
20240910,688161,0,False,False,1,True,False,1,WEAK,95.44000244140624,51.97999954223633
20240910,688162,0,False,False,0,False,False,0,WEAK,93.88999938964844,429.739990234375
20240910,688163,2,True,True,1,True,False,1,WEAK,17.700000762939453,25.079999923706055
20240910,688165,0,False,False,1,True,False,1,WEAK,-89.2699966430664,-54.689998626708984
20240910,688166,2,True,True,0,False,False,0,WEAK,-3.119999885559082,-86.3499984741211
20240910,688167,0,False,False,0,False,False,0,WEAK,-355.94000244140625,16.93000030517578
20240910,688168,2,True,True,1,True,False,1,WEAK,-500.0,-76.02999877929688
20240910,688169,2,True,True,0,False,False,0,OK,-11.260000228881836,-41.959999084472656
20240910,688170,1,False,True,0,False,False,0,WEAK,-304.3999938964844,-51.150001525878906
20240910,688171,1,False,True,0,False,False,0,WEAK,-39.88999938964844,64.79000091552734
20240910,688172,1,False,True,0,False,False,0,WEAK,-198.80999755859375,-430.0899963378906
20240910,688173,1,False,True,0,False,False,0,WEAK,-60.29999923706055,62.95000076293945
20240910,688175,0,False,False,0,False,False,0,WEAK,-500.0,2.9000000953674316
20240910,688176,1,True,False,1,True,False,1,WEAK,5.380000114440918,10.029999732971191
20240910,688177,1,True,False,0,False,False,0,WEAK,-17.760000228881836,36.66999816894531
20240910,688178,1,False,True,0,False,False,0,WEAK,11.380000114440918,-403.1600036621094
20240910,688179,2,True,True,1,True,False,1,OK,16.75,-39.869998931884766
20240910,688180,2,True,True,0,False,False,0,WEAK,43.86000061035156,23.719999313354492
20240910,688181,2,True,True,1,True,False,1,YELLOW,-32.290000915527344,-36.4900016784668
20240910,688182,2,True,True,0,False,False,0,YELLOW,66.30999755859375,78.06999969482422
20240910,688183,1,True,False,0,False,False,0,WEAK,500.0,483.25
20240910,688185,2,True,True,0,False,False,0,WEAK,72.61000061035156,66.25
20240910,688186,0,False,False,1,True,False,1,WEAK,1.190000057220459,500.0
20240910,688187,2,True,True,0,False,False,0,OK,24.280000686645508,37.040000915527344
20240910,688188,2,True,True,0,False,False,0,OK,21.809999465942383,25.969999313354492
20240910,688189,1,False,True,1,True,False,1,WEAK,-500.0,-500.0
20240910,688190,2,True,True,0,False,False,0,YELLOW,12.59000015258789,5.309999942779541
20240910,688191,1,True,False,1,True,False,1,OK,40.369998931884766,-49.11000061035156
20240910,688192,2,True,True,0,False,False,0,WEAK,22.559999465942383,-10.100000381469728
20240910,688193,1,True,False,0,False,False,0,YELLOW,-89.93000030517578,-500.0
20240910,688195,2,True,True,0,False,False,0,YELLOW,82.19999694824219,11.68000030517578
20240910,688196,0,False,False,0,False,False,0,WEAK,24.799999237060547,13.4399995803833
20240910,688197,1,False,True,0,False,False,0,WEAK,-17.860000610351562,-3.9700000286102295
20240910,688198,0,False,False,1,True,False,1,OK,37.540000915527344,88.55000305175781
20240910,688199,1,True,False,0,False,False,0,WEAK,44.45000076293945,44.86000061035156
20240910,688200,1,False,True,0,False,False,0,OK,34.349998474121094,37.65999984741211
20240910,688202,0,False,False,0,False,False,0,WEAK,-500.0,66.41999816894531
20240910,688203,2,True,True,1,True,False,1,YELLOW,-22.540000915527344,-88.81999969482422
20240910,688205,2,True,True,1,True,False,1,YELLOW,31.399999618530273,-48.22999954223633
20240910,688206,1,False,True,0,False,False,0,WEAK,-34.25,73.72000122070312
20240910,688207,0,False,False,0,False,False,0,WEAK,-132.89999389648438,-4.960000038146973
20240910,688208,1,True,False,1,True,False,1,OK,47.41999816894531,64.12000274658203
20240910,688209,2,True,True,0,False,False,0,WEAK,500.0,22.040000915527344
20240910,688210,2,True,True,1,True,False,1,OK,36.369998931884766,-94.93000030517578
20240910,688211,0,False,False,1,True,False,1,YELLOW,-195.02999877929688,-161.14999389648438
20240910,688212,0,False,False,0,False,False,0,OK,-114.12999725341795,-500.0
20240910,688213,1,True,False,1,True,False,1,YELLOW,500.0,159.39999389648438
20240910,688215,0,False,False,0,False,False,0,OK,26.739999771118164,107.68000030517578
20240910,688216,2,True,True,1,True,False,1,WEAK,21.149999618530273,-41.06999969482422
20240910,688217,0,False,False,0,False,False,0,YELLOW,-500.0,-154.97999572753906
20240910,688218,1,False,True,0,False,False,0,YELLOW,-37.65999984741211,-316.5299987792969
20240910,688219,2,True,True,0,False,False,0,YELLOW,45.9900016784668,10.4399995803833
20240910,688220,2,True,True,0,False,False,0,WEAK,-7.380000114440918,-17.049999237060547
20240910,688221,2,True,True,0,False,False,0,WEAK,7.690000057220459,34.72999954223633
20240910,688222,1,True,False,0,False,False,0,OK,500.0,500.0
20240910,688223,0,False,False,0,False,False,0,YELLOW,-113.5,-500.0
20240910,688225,0,False,False,0,False,False,0,WEAK,95.0,-27.850000381469727
20240910,688226,1,True,False,0,False,False,0,YELLOW,-21.760000228881836,-81.02999877929688
20240910,688227,2,True,True,0,False,False,0,WEAK,-218.08999633789065,31.979999542236328
20240910,688228,1,False,True,0,False,False,0,WEAK,-73.75,93.83999633789062
20240910,688229,1,True,False,1,True,False,1,WEAK,-4.480000019073486,47.040000915527344
20240910,688230,2,True,True,0,False,False,0,OK,34.5,20.18000030517578
20240910,688231,2,True,True,0,False,False,0,YELLOW,51.209999084472656,29.440000534057617
20240910,688232,1,True,False,1,True,False,1,WEAK,44.040000915527344,-37.400001525878906
20240910,688233,2,True,True,0,False,False,0,WEAK,153.58999633789062,500.0
20240910,688234,2,True,True,1,True,False,1,WEAK,238.47999572753903,-111.37000274658205
20240910,688235,1,True,False,1,True,False,1,WEAK,44.439998626708984,108.36000061035156
20240910,688236,1,False,True,0,False,False,0,OK,-62.79999923706055,61.09000015258789
20240910,688237,0,False,False,0,False,False,0,WEAK,-51.650001525878906,-96.0500030517578
20240910,688238,1,False,True,0,False,False,0,WEAK,-151.52999877929688,12.479999542236328
20240910,688239,0,False,False,0,False,False,0,WEAK,8.260000228881836,-21.93000030517578
20240910,688244,2,True,True,0,False,False,0,WEAK,-118.6500015258789,-93.9000015258789
20240910,688246,0,False,False,0,False,False,0,WEAK,-500.0,-285.2099914550781
20240910,688247,1,True,False,0,False,False,0,WEAK,140.05999755859375,-19.0
20240910,688248,2,True,True,0,False,False,0,YELLOW,30.600000381469727,-5.760000228881836
20240910,688249,2,True,True,1,True,False,1,WEAK,500.0,115.3000030517578
20240910,688251,2,True,True,1,True,False,1,YELLOW,60.720001220703125,-109.80999755859376
20240910,688252,2,True,True,1,True,False,1,WEAK,145.3000030517578,73.55999755859375
20240910,688253,2,True,True,0,False,False,0,OK,48.08000183105469,-41.959999084472656
20240910,688255,1,True,False,0,False,False,0,YELLOW,100.8000030517578,-114.5999984741211
20240910,688256,2,True,True,1,True,False,1,WEAK,17.059999465942383,249.8800048828125
20240910,688257,2,True,True,1,True,False,1,OK,14.020000457763672,13.8100004196167
20240910,688258,2,True,True,0,False,False,0,YELLOW,144.4600067138672,323.5799865722656
20240910,688259,2,True,True,1,True,False,1,OK,4.420000076293945,-7.440000057220459
20240910,688260,0,False,False,0,False,False,0,WEAK,-41.70000076293945,-22.420000076293945
20240910,688261,1,False,True,0,False,False,0,WEAK,-98.05999755859376,485.0
20240910,688262,1,False,True,0,False,False,0,WEAK,-0.1500000059604644,-1.149999976158142
20240910,688265,0,False,False,1,True,False,1,WEAK,60.75,128.69000244140625
20240910,688266,2,True,True,1,True,False,1,WEAK,50.91999816894531,-41.83000183105469
20240910,688267,2,True,True,0,False,False,0,OK,130.6300048828125,33.40999984741211
20240910,688268,1,True,False,0,False,False,0,YELLOW,8.649999618530273,-17.969999313354492
20240910,688269,1,False,True,0,False,False,0,WEAK,-21.670000076293945,48.7400016784668
20240910,688271,2,True,True,0,False,False,0,OK,-39.31999969482422,21.010000228881836
20240910,688272,2,True,True,0,False,False,0,OK,109.70999908447266,-332.44000244140625
20240910,688273,2,True,True,1,True,False,1,YELLOW,14.630000114440918,-8.079999923706055
20240910,688275,1,True,False,0,False,False,0,WEAK,41.939998626708984,13.8100004196167
20240910,688276,1,True,False,0,False,False,0,OK,-53.41999816894531,-160.77999877929688
20240910,688277,0,False,False,0,False,False,0,WEAK,20.68000030517578,2.4000000953674316
20240910,688278,2,True,True,1,True,False,1,OK,42.72999954223633,30.68000030517578
20240910,688279,2,True,True,1,True,False,1,YELLOW,59.16999816894531,2.049999952316284
20240910,688280,1,False,True,0,False,False,0,WEAK,19.8700008392334,77.9800033569336
20240910,688281,2,True,True,0,False,False,0,OK,0.9300000071525574,-36.970001220703125
20240910,688282,1,False,True,1,True,False,1,WEAK,80.12999725341797,38.119998931884766
20240910,688283,0,False,False,0,False,False,0,OK,-66.86000061035156,-29.06999969482422
20240910,688285,1,False,True,1,True,False,1,YELLOW,-13.140000343322754,58.61000061035156
20240910,688286,2,True,True,0,False,False,0,WEAK,68.0999984741211,158.1300048828125
20240910,688288,2,True,True,0,False,False,0,WEAK,90.2699966430664,231.82000732421875
20240910,688289,1,True,False,1,True,False,1,OK,182.25,12.1899995803833
20240910,688290,1,True,False,1,True,False,1,WEAK,5.670000076293945,-19.510000228881836
20240910,688291,0,False,False,0,False,False,0,OK,-28.219999313354492,106.19000244140624
20240910,688292,2,True,True,0,False,False,0,OK,-44.04999923706055,-108.97000122070312
20240910,688293,1,False,True,0,False,False,0,WEAK,-81.02999877929688,76.7300033569336
20240910,688295,0,False,False,0,False,False,0,WEAK,-177.77000427246094,109.87999725341795
20240910,688296,1,True,False,0,False,False,0,WEAK,65.81999969482422,-168.24000549316406
20240910,688297,0,False,False,0,False,False,0,WEAK,-121.87999725341795,142.9600067138672
20240910,688298,0,False,False,1,True,False,1,WEAK,-32.599998474121094,11.18000030517578
20240910,688299,0,False,False,1,True,False,1,YELLOW,-186.0,-199.83999633789065
20240910,688300,2,True,True,0,False,False,0,OK,51.0,20.690000534057617
20240910,688301,0,False,False,0,False,False,0,OK,-25.84000015258789,-2.109999895095825
20240910,688302,2,True,True,0,False,False,0,WEAK,33.08000183105469,33.630001068115234
20240910,688303,0,False,False,0,False,False,0,WEAK,-145.55999755859375,-66.4000015258789
20240910,688305,2,True,True,0,False,False,0,OK,36.130001068115234,-7.429999828338623
20240910,688306,1,False,True,1,True,False,1,WEAK,92.56999969482422,34.59000015258789
20240910,688307,2,True,True,0,False,False,0,OK,51.2400016784668,14.34000015258789
20240910,688308,1,False,True,0,False,False,0,WEAK,-79.70999908447266,-150.69000244140625
20240910,688309,1,False,True,0,False,False,0,WEAK,-8.399999618530273,291.1199951171875
20240910,688310,0,False,False,0,False,False,0,YELLOW,-130.14999389648438,-135.52000427246094
20240910,688311,0,False,False,0,False,False,0,WEAK,-284.44000244140625,18.0
20240910,688312,2,True,True,1,True,False,1,OK,58.349998474121094,29.709999084472656
20240910,688313,2,True,True,0,False,False,0,YELLOW,172.0500030517578,500.0
20240910,688314,2,True,True,1,True,False,1,OK,9.520000457763672,25.020000457763672
20240910,688315,2,True,True,0,False,False,0,OK,21.979999542236328,-4.519999980926514
20240910,688316,2,True,True,0,False,False,0,WEAK,40.790000915527344,-9.489999771118164
20240910,688317,0,False,False,1,True,False,1,WEAK,17.3700008392334,-156.27000427246094
20240910,688318,1,False,True,1,True,False,1,OK,-7.019999980926514,-13.770000457763672
20240910,688319,1,False,True,0,False,False,0,WEAK,230.0099945068359,124.1999969482422
20240910,688320,1,False,True,0,False,False,0,WEAK,-500.0,-73.4000015258789
20240910,688321,1,True,False,0,False,False,0,WEAK,5.619999885559082,143.07000732421875
20240910,688322,2,True,True,0,False,False,0,WEAK,65.3499984741211,137.30999755859375
20240910,688323,1,False,True,1,True,False,1,WEAK,-163.2899932861328,7.329999923706055
20240910,688325,2,True,True,1,True,False,1,YELLOW,52.0099983215332,30.59000015258789
20240910,688326,1,False,True,1,True,False,1,WEAK,-117.88999938964844,70.23999786376953
20240910,688327,1,False,True,0,False,False,0,WEAK,-4.849999904632568,32.709999084472656
20240910,688328,1,False,True,0,False,False,0,WEAK,11.729999542236328,167.38999938964844
20240910,688329,0,False,False,0,False,False,0,WEAK,-311.94000244140625,21.6200008392334
20240910,688330,2,True,True,1,True,False,1,OK,14.75,8.520000457763672
20240910,688331,1,False,True,0,False,False,0,WEAK,2.309999942779541,43.880001068115234
20240910,688332,2,True,True,0,False,False,0,YELLOW,40.439998626708984,1.1399999856948853
20240910,688333,2,True,True,0,False,False,0,WEAK,-51.97999954223633,22.079999923706055
20240910,688334,2,True,True,0,False,False,0,YELLOW,41.7400016784668,37.59000015258789
20240910,688335,0,False,False,1,True,False,1,WEAK,-163.05999755859375,80.4000015258789
20240910,688336,1,True,False,0,False,False,0,OK,18.989999771118164,24.63999938964844
20240910,688337,1,False,True,1,True,False,1,YELLOW,-2.75,42.31999969482422
20240910,688338,2,True,True,1,True,False,1,OK,-3.9700000286102295,-25.739999771118164
20240910,688339,1,False,True,1,True,False,1,WEAK,-88.55999755859375,-10.289999961853027
20240910,688343,1,False,True,0,False,False,0,WEAK,-36.779998779296875,31.93000030517578
20240910,688345,0,False,False,0,False,False,0,WEAK,-500.0,242.13999938964844
20240910,688347,1,False,True,0,False,False,0,WEAK,-84.80000305175781,-76.30999755859375
20240910,688348,1,False,True,1,True,False,1,WEAK,-28.950000762939453,-36.04999923706055
20240910,688349,0,False,False,1,True,False,1,WEAK,-1.7599999904632568,-74.37999725341797
20240910,688350,0,False,False,0,False,False,0,YELLOW,-162.91000366210938,-26.040000915527344
20240910,688351,1,True,False,0,False,False,0,WEAK,114.31999969482422,500.0
20240910,688352,2,True,True,0,False,False,0,OK,-18.549999237060547,-38.709999084472656
20240910,688353,1,False,True,0,False,False,0,WEAK,-229.25,12.4399995803833
20240910,688355,1,True,False,1,True,False,1,YELLOW,500.0,25.6299991607666
20240910,688356,0,False,False,0,False,False,0,WEAK,-82.63999938964844,-21.5
20240910,688357,1,False,True,0,False,False,0,OK,-55.61000061035156,10.5
20240910,688358,1,False,True,0,False,False,0,OK,-7.360000133514404,-14.100000381469728
20240910,688359,1,False,True,0,False,False,0,WEAK,40.439998626708984,-21.459999084472656
20240910,688360,1,True,False,1,True,False,1,YELLOW,10.970000267028809,7.949999809265137
20240910,688361,0,False,False,1,True,False,1,WEAK,-491.5799865722656,4.170000076293945
20240910,688362,1,True,False,0,False,False,0,YELLOW,84.37000274658203,-177.13999938964844
20240910,688363,0,False,False,0,False,False,0,OK,-78.12999725341797,-45.0
20240910,688365,1,True,False,0,False,False,0,WEAK,12.369999885559082,64.5
20240910,688366,2,True,True,0,False,False,0,OK,-1.1200000047683716,-11.350000381469728
20240910,688367,2,True,True,1,True,False,1,WEAK,31.200000762939453,-54.2599983215332
20240910,688368,1,True,False,1,True,False,1,WEAK,93.83999633789062,170.44000244140625
20240910,688369,1,False,True,0,False,False,0,WEAK,-310.9800109863281,-90.36000061035156
20240910,688370,0,False,False,1,True,False,1,WEAK,10.960000038146973,-128.49000549316406
20240910,688371,1,True,False,1,True,False,1,OK,141.25,1.440000057220459
20240910,688372,0,False,False,1,True,False,1,WEAK,18.88999938964844,500.0
20240910,688373,0,False,False,1,True,False,1,WEAK,-1.1399999856948853,32.220001220703125
20240910,688375,1,False,True,0,False,False,0,YELLOW,-16.530000686645508,-16.040000915527344
20240910,688376,1,True,False,0,False,False,0,YELLOW,17.479999542236328,-12.6899995803833
20240910,688377,1,False,True,0,False,False,0,YELLOW,-39.70000076293945,0.1899999976158142
20240910,688378,0,False,False,0,False,False,0,WEAK,-40.04999923706055,-93.30999755859376
20240910,688379,1,True,False,1,True,False,1,YELLOW,109.58000183105467,1.0800000429153442
20240910,688380,2,True,True,1,True,False,1,WEAK,227.77999877929688,19.920000076293945
20240910,688381,2,True,True,0,False,False,0,WEAK,-66.4000015258789,-500.0
20240910,688382,0,False,False,0,False,False,0,WEAK,14.829999923706056,39.88999938964844
20240910,688383,2,True,True,0,False,False,0,WEAK,-36.029998779296875,-96.0199966430664
20240910,688385,0,False,False,0,False,False,0,WEAK,-18.920000076293945,-40.959999084472656
20240910,688386,2,True,True,0,False,False,0,OK,22.979999542236328,27.290000915527344
20240910,688387,2,True,True,1,True,False,1,WEAK,24.600000381469727,14.880000114440918
20240910,688388,1,False,True,0,False,False,0,WEAK,-500.0,108.43000030517578
20240910,688389,1,True,False,0,False,False,0,YELLOW,4.690000057220459,-32.02000045776367
20240910,688390,0,False,False,0,False,False,0,WEAK,-124.01000213623048,11.06999969482422
20240910,688391,1,False,True,0,False,False,0,WEAK,-42.0,-29.3799991607666
20240910,688392,1,False,True,0,False,False,0,YELLOW,11.9399995803833,320.55999755859375
20240910,688393,0,False,False,0,False,False,0,OK,-59.63999938964844,-239.7599945068359
20240910,688395,1,False,True,1,True,False,1,YELLOW,-32.66999816894531,11.81999969482422
20240910,688396,0,False,False,1,True,False,1,WEAK,-42.869998931884766,-3.950000047683716
20240910,688398,2,True,True,0,False,False,0,YELLOW,-33.86000061035156,-80.41000366210938
20240910,688399,2,True,True,1,True,False,1,YELLOW,83.26000213623047,-500.0
20240910,688400,1,True,False,1,True,False,1,OK,-45.97999954223633,11.869999885559082
20240910,688401,1,True,False,0,False,False,0,OK,39.560001373291016,27.59000015258789
20240910,688403,0,False,False,0,False,False,0,WEAK,-20.329999923706055,63.61000061035156
20240910,688408,1,True,False,1,True,False,1,YELLOW,96.51000213623048,-35.029998779296875
20240910,688409,2,True,True,0,False,False,0,WEAK,98.9800033569336,-101.4499969482422
20240910,688410,1,False,True,0,False,False,0,OK,-67.52999877929688,32.709999084472656
20240910,688416,1,False,True,0,False,False,0,WEAK,6.820000171661377,8.539999961853027
20240910,688418,2,True,True,0,False,False,0,YELLOW,109.33000183105467,-500.0
20240910,688419,2,True,True,0,False,False,0,OK,35.939998626708984,37.18000030517578
20240910,688420,0,False,False,0,False,False,0,WEAK,-61.47999954223633,-79.5999984741211
20240910,688425,1,False,True,1,True,False,1,OK,-0.8100000023841858,4.829999923706055
20240910,688426,0,False,False,0,False,False,0,WEAK,-51.11000061035156,-8.84000015258789
20240910,688428,1,True,False,1,True,False,1,WEAK,29.65999984741211,67.43000030517578
20240910,688429,1,False,True,1,True,False,1,WEAK,-500.0,-40.630001068115234
20240910,688432,1,False,True,0,False,False,0,WEAK,-1.2000000476837158,-19.469999313354492
20240910,688433,1,False,True,0,False,False,0,YELLOW,-53.58000183105469,-94.23999786376952
20240910,688435,1,False,True,0,False,False,0,WEAK,-267.989990234375,30.850000381469727
20240910,688439,1,False,True,0,False,False,0,WEAK,-56.4900016784668,-75.62000274658203
20240910,688443,1,True,False,0,False,False,0,WEAK,1.059999942779541,12.90999984741211
20240910,688448,1,True,False,0,False,False,0,YELLOW,13.899999618530272,13.649999618530272
20240910,688450,1,False,True,0,False,False,0,WEAK,-268.8900146484375,-55.369998931884766
20240910,688455,1,False,True,1,True,False,1,WEAK,24.149999618530273,13.630000114440918
20240910,688456,1,True,False,1,True,False,1,YELLOW,37.34000015258789,27.25
20240910,688458,1,False,True,0,False,False,0,WEAK,-500.0,88.12999725341797
20240910,688459,2,True,True,1,True,False,1,OK,19.149999618530273,51.790000915527344
20240910,688466,0,False,False,0,False,False,0,YELLOW,-9.619999885559082,-5.139999866485596
20240910,688468,1,True,False,0,False,False,0,OK,-16.969999313354492,-77.3499984741211
20240910,688469,1,True,False,1,True,False,1,WEAK,37.68000030517578,31.11000061035156
20240910,688472,0,False,False,1,True,False,1,YELLOW,-23.219999313354492,-31.950000762939453
20240910,688475,1,True,False,0,False,False,0,YELLOW,-12.630000114440918,7.690000057220459
20240910,688478,1,True,False,0,False,False,0,WEAK,-28.700000762939453,-194.97999572753903
20240910,688479,1,False,True,1,True,False,1,WEAK,-38.02000045776367,-81.81999969482422
20240910,688480,2,True,True,0,False,False,0,YELLOW,54.68000030517578,-12.699999809265137
20240910,688484,2,True,True,0,False,False,0,OK,19.540000915527344,-52.70000076293945
20240910,688485,0,False,False,1,True,False,1,WEAK,182.9900054931641,82.93000030517578
20240910,688486,2,True,True,0,False,False,0,WEAK,66.80000305175781,17.100000381469727
20240910,688488,0,False,False,0,False,False,0,WEAK,-68.56999969482422,90.41000366210938
20240910,688489,2,True,True,0,False,False,0,OK,-73.11000061035156,-484.3399963378906
20240910,688498,2,True,True,0,False,False,0,WEAK,-500.0,379.1600036621094
20240910,688499,0,False,False,0,False,False,0,WEAK,-435.1199951171875,119.43000030517578
20240910,688500,0,False,False,1,True,False,1,WEAK,13.5600004196167,16.479999542236328
20240910,688501,2,True,True,0,False,False,0,YELLOW,0.4199999868869781,377.510009765625
20240910,688502,1,False,True,0,False,False,0,OK,-13.229999542236328,156.39999389648438
20240910,688503,2,True,True,0,False,False,0,YELLOW,2.5199999809265137,-52.65999984741211
20240910,688505,1,False,True,1,True,False,1,OK,-92.63999938964844,-121.7300033569336
20240910,688506,2,True,True,0,False,False,0,OK,500.0,-125.33000183105467
20240910,688507,1,False,True,0,False,False,0,WEAK,-29.25,32.619998931884766
20240910,688508,2,True,True,0,False,False,0,YELLOW,117.87999725341795,50.560001373291016
20240910,688509,1,False,True,1,True,False,1,WEAK,-336.1600036621094,21.420000076293945
20240910,688510,2,True,True,0,False,False,0,OK,20.170000076293945,-18.350000381469727
20240910,688511,1,False,True,0,False,False,0,OK,-212.11000061035156,500.0
20240910,688512,1,False,True,0,False,False,0,WEAK,-5.179999828338623,31.479999542236328
20240910,688513,2,True,True,1,True,False,1,WEAK,10.899999618530272,-8.680000305175781
20240910,688515,0,False,False,0,False,False,0,WEAK,-18.760000228881836,6.099999904632568
20240910,688516,1,True,False,0,False,False,0,YELLOW,6.059999942779541,-62.63999938964844
20240910,688517,1,True,False,1,True,False,1,OK,8.8100004196167,-16.489999771118164
20240910,688518,1,False,True,0,False,False,0,WEAK,-47.75,10.520000457763672
20240910,688519,1,True,False,0,False,False,0,YELLOW,118.62000274658205,104.8499984741211
20240910,688520,1,True,False,0,False,False,0,OK,500.0,-110.61000061035156
20240910,688521,0,False,False,0,False,False,0,WEAK,-102.29000091552734,-17.579999923706055
20240910,688522,1,False,True,0,False,False,0,OK,37.939998626708984,458.1099853515625
20240910,688523,2,True,True,0,False,False,0,WEAK,-22.75,103.08000183105467
20240910,688525,2,True,True,0,False,False,0,WEAK,110.44000244140624,-181.5
20240910,688526,0,False,False,0,False,False,0,WEAK,-15.81999969482422,43.119998931884766
20240910,688528,2,True,True,0,False,False,0,WEAK,-26.559999465942383,-195.11000061035156
20240910,688529,0,False,False,0,False,False,0,YELLOW,-233.5500030517578,-500.0
20240910,688530,1,False,True,0,,False,-1,WEAK,-49.83000183105469,-184.22000122070312
20240910,688531,2,True,True,0,False,False,0,OK,56.81999969482422,15.34000015258789
20240910,688533,1,True,False,0,False,False,0,YELLOW,21.0,-11.109999656677246
20240910,688535,2,True,True,0,False,False,0,YELLOW,24.59000015258789,-46.560001373291016
20240910,688536,1,False,True,0,False,False,0,WEAK,-149.77000427246094,133.39999389648438
20240910,688538,1,True,False,1,True,False,1,WEAK,22.3700008392334,33.93000030517578
20240910,688539,1,False,True,0,False,False,0,OK,-47.40999984741211,-6.119999885559082
20240910,688543,2,True,True,0,False,False,0,OK,30.549999237060547,-18.59000015258789
20240910,688548,1,False,True,0,False,False,0,WEAK,-25.690000534057617,-21.13999938964844
20240910,688549,2,True,True,0,False,False,0,WEAK,-5.300000190734863,-92.23999786376952
20240910,688550,1,True,False,0,False,False,0,OK,103.43000030517578,86.66000366210938
20240910,688551,1,False,True,0,False,False,0,OK,-63.560001373291016,-78.5
20240910,688552,1,False,True,0,False,False,0,WEAK,-205.0099945068359,226.17999267578125
20240910,688553,1,True,False,0,False,False,0,YELLOW,39.54999923706055,11.5600004196167
20240910,688556,1,False,True,0,False,False,0,WEAK,-107.61000061035156,-151.25999450683594
20240910,688557,1,False,True,1,True,False,1,YELLOW,2.930000066757202,-1.340000033378601
20240910,688558,0,False,False,0,False,False,0,YELLOW,-11.449999809265137,33.47999954223633
20240910,688559,0,False,False,0,False,False,0,WEAK,-186.7899932861328,-500.0
20240910,688560,0,False,False,1,True,False,1,WEAK,-90.05999755859375,-500.0
20240910,688561,2,True,True,0,False,False,0,WEAK,-500.0,9.81999969482422
20240910,688562,0,False,False,0,False,False,0,WEAK,-500.0,-45.689998626708984
20240910,688563,1,False,True,0,False,False,0,WEAK,-9.260000228881836,-7.639999866485596
20240910,688565,1,False,True,1,True,False,1,WEAK,68.76000213623047,114.27999877929688
20240910,688566,1,True,False,0,False,False,0,OK,2.8499999046325684,-10.640000343322754
20240910,688567,2,True,True,0,False,False,0,WEAK,78.97000122070312,-8.65999984741211
20240910,688568,0,False,False,0,False,False,0,YELLOW,4.03000020980835,-500.0
20240910,688569,0,False,False,0,False,False,0,OK,-26.719999313354492,-42.060001373291016
20240910,688570,1,False,True,0,False,False,0,OK,-25.86000061035156,-67.51000213623047
20240910,688571,2,True,True,1,True,False,1,YELLOW,13.329999923706056,-27.6200008392334
20240910,688573,1,False,True,0,False,False,0,WEAK,-342.8800048828125,-72.62999725341797
20240910,688575,1,True,False,0,False,False,0,YELLOW,30.84000015258789,-68.9800033569336
20240910,688576,1,False,True,0,False,False,0,OK,-22.450000762939453,-30.8700008392334
20240910,688577,0,False,False,0,False,False,0,WEAK,-10.1899995803833,-54.15999984741211
20240910,688578,1,True,False,0,False,False,0,OK,124.51000213623048,39.91999816894531
20240910,688579,0,False,False,0,False,False,0,WEAK,-22.209999084472656,11.75
20240910,688580,0,False,False,0,False,False,0,OK,-31.719999313354492,46.29999923706055
20240910,688581,2,True,True,0,False,False,0,OK,28.6200008392334,-7.059999942779541
20240910,688582,2,True,True,1,True,False,1,OK,48.209999084472656,210.6499938964844
20240910,688584,0,False,False,0,,False,-1,WEAK,-49.58000183105469,42.150001525878906
20240910,688585,2,True,True,1,True,False,1,YELLOW,20.34000015258789,-37.02000045776367
20240910,688586,0,False,False,0,False,False,0,OK,-34.970001220703125,-61.599998474121094
20240910,688588,0,False,False,1,True,False,1,WEAK,15.640000343322754,500.0
20240910,688589,1,False,True,0,False,False,0,YELLOW,-18.6299991607666,-55.02000045776367
20240910,688590,1,False,True,0,False,False,0,YELLOW,-109.51000213623048,-0.4600000083446502
20240910,688591,2,True,True,0,False,False,0,OK,296.54998779296875,257.5299987792969
20240910,688592,1,False,True,0,False,False,0,OK,-294.2099914550781,11.109999656677246
20240910,688593,1,False,True,0,False,False,0,WEAK,-117.30999755859376,72.37000274658203
20240910,688595,2,True,True,0,False,False,0,WEAK,-15.84000015258789,34.86000061035156
20240910,688596,2,True,True,0,False,False,0,YELLOW,43.79999923706055,-48.45000076293945
20240910,688597,1,True,False,1,True,False,1,YELLOW,157.5399932861328,-55.40999984741211
20240910,688598,0,False,False,0,False,False,0,WEAK,-500.0,-59.70000076293945
20240910,688599,0,False,False,0,False,False,0,YELLOW,-190.91000366210935,-500.0
20240910,688600,0,False,False,0,False,False,0,WEAK,-107.9499969482422,87.0999984741211
20240910,688601,1,True,False,0,False,False,0,OK,-40.880001068115234,-86.94000244140625
20240910,688602,0,False,False,0,False,False,0,WEAK,-216.6199951171875,175.89999389648438
20240910,688603,2,True,True,1,True,False,1,YELLOW,13.15999984741211,3.4600000381469727
20240910,688606,2,True,True,1,True,False,1,WEAK,61.66999816894531,17.270000457763672
20240910,688607,2,True,True,0,False,False,0,YELLOW,500.0,-343.7099914550781
20240910,688608,2,True,True,1,True,False,1,WEAK,500.0,153.3699951171875
20240910,688609,1,False,True,0,False,False,0,WEAK,34.880001068115234,-117.3000030517578
20240910,688610,1,False,True,0,False,False,0,WEAK,-141.94000244140625,500.0
20240910,688611,2,True,True,1,True,False,1,OK,69.3499984741211,-49.0
20240910,688612,1,True,False,0,False,False,0,YELLOW,-25.6200008392334,28.729999542236328
20240910,688613,1,False,True,1,True,False,1,OK,-210.11000061035156,-100.13999938964844
20240910,688616,1,True,False,0,False,False,0,YELLOW,40.7599983215332,25.700000762939453
20240910,688617,2,True,True,1,True,False,1,OK,37.290000915527344,25.329999923706055
20240910,688618,0,False,False,0,False,False,0,YELLOW,-78.19999694824219,-30.690000534057617
20240910,688619,1,False,True,0,False,False,0,WEAK,-317.0299987792969,10.140000343322754
20240910,688620,1,False,True,0,False,False,0,WEAK,-500.0,-365.510009765625
20240910,688621,2,True,True,0,False,False,0,OK,-8.3100004196167,-16.290000915527344
20240910,688623,0,False,False,0,False,False,0,OK,-42.810001373291016,-41.939998626708984
20240910,688625,1,True,False,0,False,False,0,OK,10.739999771118164,10.220000267028809
20240910,688626,0,False,False,0,False,False,0,OK,-55.900001525878906,-56.900001525878906
20240910,688627,1,True,False,0,False,False,0,OK,-18.3700008392334,-11.779999732971191
20240910,688628,2,True,True,0,False,False,0,YELLOW,15.81999969482422,-7.329999923706055
20240910,688629,1,False,True,0,False,False,0,WEAK,-396.6099853515625,482.2699890136719
20240910,688630,2,True,True,0,False,False,0,OK,-5.920000076293945,37.970001220703125
20240910,688631,1,True,False,0,False,False,0,WEAK,-1.2899999618530271,-172.33999633789062
20240910,688633,1,False,True,0,False,False,0,OK,-0.3300000131130218,-30.540000915527344
20240910,688636,1,False,True,0,False,False,0,WEAK,-80.37000274658203,500.0
20240910,688638,0,False,False,0,False,False,0,WEAK,-422.9299926757813,-22.049999237060547
20240910,688639,0,False,False,0,False,False,0,YELLOW,-59.540000915527344,-22.200000762939453
20240910,688648,1,False,True,0,False,False,0,WEAK,-408.0799865722656,-31.049999237060547
20240910,688651,1,False,True,0,False,False,0,WEAK,-120.8499984741211,-52.150001525878906
20240910,688652,1,False,True,0,,False,-1,WEAK,33.52000045776367,26.209999084472656
20240910,688653,1,False,True,0,False,False,0,WEAK,-500.0,-78.2699966430664
20240910,688655,1,False,True,0,False,False,0,WEAK,-213.27000427246097,-500.0
20240910,688656,2,True,True,1,True,False,1,OK,-17.15999984741211,-45.459999084472656
20240910,688657,0,False,False,0,False,False,0,OK,10.6899995803833,20.020000457763672
20240910,688658,0,False,False,1,True,False,1,WEAK,-16.329999923706055,-192.8500061035156
20240910,688659,2,True,True,1,True,False,1,YELLOW,-111.12999725341795,0.3499999940395355
20240910,688660,1,True,False,1,True,False,1,WEAK,42.540000915527344,24.600000381469727
20240910,688661,2,True,True,0,False,False,0,WEAK,44.040000915527344,311.1600036621094
20240910,688662,2,True,True,0,False,False,0,YELLOW,402.3599853515625,-10.239999771118164
20240910,688663,1,True,False,0,False,False,0,YELLOW,8.270000457763672,-23.43000030517578
20240910,688665,1,False,True,0,False,False,0,OK,-16.84000015258789,88.12999725341797
20240910,688667,0,False,False,0,False,False,0,WEAK,-80.19000244140625,500.0
20240910,688668,2,True,True,0,False,False,0,WEAK,56.88999938964844,137.33999633789062
20240910,688669,0,False,False,0,False,False,0,YELLOW,-500.0,-500.0
20240910,688670,0,False,False,1,True,False,1,WEAK,-46.369998931884766,8.920000076293945
20240910,688671,1,False,True,0,False,False,0,WEAK,-500.0,-165.92999267578125
20240910,688676,1,True,False,0,False,False,0,YELLOW,14.640000343322754,16.059999465942383
20240910,688677,0,False,False,0,False,False,0,OK,-5.260000228881836,12.06999969482422
20240910,688678,2,True,True,0,False,False,0,YELLOW,-47.5099983215332,-171.25999450683594
20240910,688679,1,False,True,0,False,False,0,YELLOW,-35.06999969482422,-500.0
20240910,688680,0,False,False,0,False,False,0,WEAK,-111.47000122070312,6.039999961853027
20240910,688681,2,True,True,1,True,False,1,OK,275.17999267578125,211.1300048828125
20240910,688682,1,True,False,0,False,False,0,OK,-80.2300033569336,-221.3000030517578
20240910,688683,2,True,True,0,False,False,0,YELLOW,4.019999980926514,10.970000267028809
20240910,688685,2,True,True,1,True,False,1,OK,192.5099945068359,45.27000045776367
20240910,688686,0,False,False,0,False,False,0,OK,-28.6200008392334,36.2599983215332
20240910,688687,2,True,True,0,False,False,0,OK,11.75,3.930000066757202
20240910,688689,2,True,True,0,False,False,0,YELLOW,49.209999084472656,-19.90999984741211
20240910,688690,2,True,True,0,False,False,0,YELLOW,108.5500030517578,51.310001373291016
20240910,688691,1,False,True,0,,False,-1,YELLOW,-69.83999633789062,-197.91000366210935
20240910,688692,1,True,False,0,,False,-1,OK,24.13999938964844,98.13999938964844
20240910,688693,0,False,False,0,False,False,0,WEAK,-500.0,-9.109999656677246
20240910,688695,1,True,False,0,,False,-1,OK,-43.36000061035156,-500.0
20240910,688696,0,False,False,0,False,False,0,WEAK,34.939998626708984,500.0
20240910,688697,1,False,True,0,False,False,0,YELLOW,1.2400000095367432,-12.119999885559082
20240910,688698,2,True,True,0,False,False,0,OK,31.459999084472656,4.360000133514404
20240910,688699,1,True,False,0,False,False,0,WEAK,82.16999816894531,-386.25
20240910,688700,0,False,False,0,False,False,0,YELLOW,-54.59000015258789,-16.649999618530273
20240910,688701,1,True,False,0,False,False,0,WEAK,31.290000915527344,19.63999938964844
20240910,688702,0,False,False,0,False,False,0,WEAK,-63.04999923706055,21.6200008392334
20240910,688707,0,False,False,0,False,False,0,WEAK,-500.0,-8.460000038146973
20240910,688709,1,False,True,0,,False,-1,OK,-68.33000183105469,-59.150001525878906
20240910,688711,0,False,False,0,False,False,0,YELLOW,-133.72999572753906,93.9499969482422
20240910,688716,0,False,False,0,False,False,0,WEAK,-40.119998931884766,-80.55000305175781
20240910,688717,1,False,True,0,,False,-1,OK,-86.38999938964844,59.529998779296875
20240910,688718,1,False,True,1,True,False,1,YELLOW,-1.8700000047683716,-24.6200008392334
20240910,688719,1,False,True,0,False,False,0,OK,-56.029998779296875,-197.30999755859375
20240910,688720,1,False,True,0,,False,-1,YELLOW,-10.210000038146973,76.13999938964844
20240910,688721,2,True,True,0,,False,-1,UNKNOWN,10.479999542236328,-30.5
20240910,688722,0,False,False,0,False,False,0,OK,-14.649999618530272,46.880001068115234
20240910,688728,2,True,True,0,False,False,0,WEAK,14.539999961853027,-132.50999450683594
20240910,688733,1,True,False,0,False,False,0,WEAK,-179.0800018310547,-289.0
20240910,688737,1,False,True,0,False,False,0,YELLOW,-500.0,-46.7400016784668
20240910,688739,1,False,True,0,False,False,0,YELLOW,-21.510000228881836,-51.599998474121094
20240910,688766,1,True,False,0,False,False,0,YELLOW,500.0,-82.4000015258789
20240910,688767,2,True,True,1,True,False,1,WEAK,50.189998626708984,-90.25
20240910,688768,2,True,True,0,False,False,0,OK,84.05999755859375,500.0
20240910,688772,1,False,True,1,True,False,1,YELLOW,51.0099983215332,73.55000305175781
20240910,688776,1,True,False,0,False,False,0,OK,-45.79999923706055,-135.36000061035156
20240910,688777,1,True,False,1,True,False,1,OK,9.510000228881836,-38.86000061035156
20240910,688778,1,False,True,0,False,False,0,YELLOW,-4.059999942779541,32.2400016784668
20240910,688779,1,False,True,1,True,False,1,WEAK,-207.92999267578125,40.439998626708984
20240910,688786,1,False,True,0,False,False,0,OK,-8.949999809265137,4.829999923706055
20240910,688787,2,True,True,0,False,False,0,OK,111.44000244140624,126.76000213623048
20240910,688788,1,False,True,1,True,False,1,WEAK,-28.850000381469727,19.190000534057617
20240910,688789,1,True,False,0,False,False,0,OK,25.549999237060547,18.729999542236328
20240910,688793,1,True,False,1,True,False,1,YELLOW,94.1500015258789,-253.57000732421875
20240910,688798,1,True,False,0,False,False,0,WEAK,274.3299865722656,81.87999725341797
20240910,688799,1,False,True,0,False,False,0,OK,-28.8700008392334,-37.060001373291016
20240910,688800,1,False,True,0,False,False,0,YELLOW,32.209999084472656,147.61000061035156
20240910,688819,0,False,False,1,True,False,1,YELLOW,-41.70000076293945,-21.56999969482422
20240910,688981,1,False,True,1,True,False,1,WEAK,-19.09000015258789,47.7599983215332
20240910,689009,2,True,True,1,True,False,1,YELLOW,157.24000549316406,125.31999969482422
20240910,920000,-1,,,0,,False,-1,UNKNOWN,,
20240910,920001,-1,,,0,,False,-1,UNKNOWN,,
20240910,920002,-1,,,0,,False,-1,UNKNOWN,,
20240910,920006,-1,,,0,,False,-1,UNKNOWN,,
20240910,920010,-1,,,0,,False,-1,UNKNOWN,,
20240910,920014,-1,,,0,,False,-1,UNKNOWN,,
20240910,920017,-1,,,0,,False,-1,UNKNOWN,,
20240910,920021,-1,,,0,,False,-1,UNKNOWN,,
20240910,920026,-1,,,0,,False,-1,UNKNOWN,,
20240910,920030,-1,,,0,,False,-1,UNKNOWN,,
20240910,920033,-1,,,0,,False,-1,UNKNOWN,,
20240910,920039,-1,,,0,,False,-1,UNKNOWN,,
20240910,920046,-1,,,0,,False,-1,UNKNOWN,,
20240910,920047,-1,,,0,,False,-1,UNKNOWN,,
20240910,920057,-1,,,0,,False,-1,UNKNOWN,,
20240910,920058,-1,,,0,,False,-1,UNKNOWN,,
20240910,920061,-1,,,0,,False,-1,UNKNOWN,,
20240910,920062,-1,,,0,,False,-1,UNKNOWN,,
20240910,920075,-1,,,0,,False,-1,UNKNOWN,,
20240910,920077,-1,,,0,,False,-1,UNKNOWN,,
20240910,920087,-1,,,0,,False,-1,UNKNOWN,,
20240910,920089,-1,,,0,,False,-1,UNKNOWN,,
20240910,920092,-1,,,0,,False,-1,UNKNOWN,,
20240910,920110,-1,,,0,,False,-1,UNKNOWN,,
20240910,920122,-1,,,0,,False,-1,UNKNOWN,,
20240910,920123,-1,,,0,,False,-1,UNKNOWN,,
20240910,920130,-1,,,0,,False,-1,UNKNOWN,,
20240910,920132,-1,,,0,,False,-1,UNKNOWN,,
20240910,920139,-1,,,0,,False,-1,UNKNOWN,,
20240910,920145,-1,,,0,,False,-1,UNKNOWN,,
20240910,920146,-1,,,0,,False,-1,UNKNOWN,,
20240910,920149,-1,,,0,,False,-1,UNKNOWN,,
20240910,920152,-1,,,0,,False,-1,UNKNOWN,,
20240910,920163,-1,,,0,,False,-1,UNKNOWN,,
20240910,920167,-1,,,0,,False,-1,UNKNOWN,,
20240910,920169,-1,,,0,,False,-1,UNKNOWN,,
20240910,920171,-1,,,0,,False,-1,UNKNOWN,,
20240910,920174,-1,,,0,,False,-1,UNKNOWN,,
20240910,920175,-1,,,0,,False,-1,UNKNOWN,,
20240910,920179,-1,,,0,,False,-1,UNKNOWN,,
20240910,920184,-1,,,0,,False,-1,UNKNOWN,,
20240910,920185,-1,,,0,,False,-1,UNKNOWN,,
20240910,920190,-1,,,0,,False,-1,UNKNOWN,,
20240910,920195,-1,,,0,,False,-1,UNKNOWN,,
20240910,920198,-1,,,0,,False,-1,UNKNOWN,,
20240910,920199,-1,,,0,,False,-1,UNKNOWN,,
20240910,920204,-1,,,0,,False,-1,UNKNOWN,,
20240910,920207,-1,,,0,,False,-1,UNKNOWN,,
20240910,920208,-1,,,0,,False,-1,UNKNOWN,,
20240910,920212,-1,,,0,,False,-1,UNKNOWN,,
20240910,920221,-1,,,0,,False,-1,UNKNOWN,,
20240910,920223,-1,,,0,,False,-1,UNKNOWN,,
20240910,920225,-1,,,0,,False,-1,UNKNOWN,,
20240910,920227,-1,,,0,,False,-1,UNKNOWN,,
20240910,920230,-1,,,0,,False,-1,UNKNOWN,,
20240910,920237,-1,,,0,,False,-1,UNKNOWN,,
20240910,920239,-1,,,0,,False,-1,UNKNOWN,,
20240910,920242,-1,,,0,,False,-1,UNKNOWN,,
20240910,920245,-1,,,0,,False,-1,UNKNOWN,,
20240910,920247,-1,,,0,,False,-1,UNKNOWN,,
20240910,920249,-1,,,0,,False,-1,UNKNOWN,,
20240910,920252,-1,,,0,,False,-1,UNKNOWN,,
20240910,920260,-1,,,0,,False,-1,UNKNOWN,,
20240910,920261,-1,,,0,,False,-1,UNKNOWN,,
20240910,920262,-1,,,0,,False,-1,UNKNOWN,,
20240910,920263,-1,,,0,,False,-1,UNKNOWN,,
20240910,920266,-1,,,0,,False,-1,UNKNOWN,,
20240910,920267,-1,,,0,,False,-1,UNKNOWN,,
20240910,920270,-1,,,0,,False,-1,UNKNOWN,,
20240910,920271,-1,,,0,,False,-1,UNKNOWN,,
20240910,920273,-1,,,0,,False,-1,UNKNOWN,,
20240910,920274,-1,,,0,,False,-1,UNKNOWN,,
20240910,920275,-1,,,0,,False,-1,UNKNOWN,,
20240910,920278,-1,,,0,,False,-1,UNKNOWN,,
20240910,920284,-1,,,0,,False,-1,UNKNOWN,,
20240910,920299,-1,,,0,,False,-1,UNKNOWN,,
20240910,920300,-1,,,0,,False,-1,UNKNOWN,,
20240910,920304,-1,,,0,,False,-1,UNKNOWN,,
20240910,920339,-1,,,0,,False,-1,UNKNOWN,,
20240910,920344,-1,,,0,,False,-1,UNKNOWN,,
20240910,920346,-1,,,0,,False,-1,UNKNOWN,,
20240910,920351,-1,,,0,,False,-1,UNKNOWN,,
20240910,920357,-1,,,0,,False,-1,UNKNOWN,,
20240910,920363,-1,,,0,,False,-1,UNKNOWN,,
20240910,920367,-1,,,0,,False,-1,UNKNOWN,,
20240910,920368,-1,,,0,,False,-1,UNKNOWN,,
20240910,920370,-1,,,0,,False,-1,UNKNOWN,,
20240910,920371,-1,,,0,,False,-1,UNKNOWN,,
20240910,920374,-1,,,0,,False,-1,UNKNOWN,,
20240910,920375,-1,,,0,,False,-1,UNKNOWN,,
20240910,920378,-1,,,0,,False,-1,UNKNOWN,,
20240910,920392,-1,,,0,,False,-1,UNKNOWN,,
20240910,920394,-1,,,0,,False,-1,UNKNOWN,,
20240910,920395,-1,,,0,,False,-1,UNKNOWN,,
20240910,920396,-1,,,0,,False,-1,UNKNOWN,,
20240910,920402,-1,,,0,,False,-1,UNKNOWN,,
20240910,920403,-1,,,0,,False,-1,UNKNOWN,,
20240910,920405,-1,,,0,,False,-1,UNKNOWN,,
20240910,920407,-1,,,0,,False,-1,UNKNOWN,,
20240910,920414,-1,,,0,,False,-1,UNKNOWN,,
20240910,920415,-1,,,0,,False,-1,UNKNOWN,,
20240910,920418,-1,,,0,,False,-1,UNKNOWN,,
20240910,920419,-1,,,0,,False,-1,UNKNOWN,,
20240910,920422,-1,,,0,,False,-1,UNKNOWN,,
20240910,920425,-1,,,0,,False,-1,UNKNOWN,,
20240910,920427,-1,,,0,,False,-1,UNKNOWN,,
20240910,920429,-1,,,0,,False,-1,UNKNOWN,,
20240910,920433,-1,,,0,,False,-1,UNKNOWN,,
20240910,920436,-1,,,0,,False,-1,UNKNOWN,,
20240910,920438,-1,,,0,,False,-1,UNKNOWN,,
20240910,920445,-1,,,0,,False,-1,UNKNOWN,,
20240910,920454,-1,,,0,,False,-1,UNKNOWN,,
20240910,920455,-1,,,0,,False,-1,UNKNOWN,,
20240910,920469,-1,,,0,,False,-1,UNKNOWN,,
20240910,920471,-1,,,0,,False,-1,UNKNOWN,,
20240910,920475,-1,,,0,,False,-1,UNKNOWN,,
20240910,920476,-1,,,0,,False,-1,UNKNOWN,,
20240910,920478,-1,,,0,,False,-1,UNKNOWN,,
20240910,920489,-1,,,0,,False,-1,UNKNOWN,,
20240910,920491,-1,,,0,,False,-1,UNKNOWN,,
20240910,920493,-1,,,0,,False,-1,UNKNOWN,,
20240910,920496,-1,,,0,,False,-1,UNKNOWN,,
20240910,920504,-1,,,0,,False,-1,UNKNOWN,,
20240910,920505,-1,,,0,,False,-1,UNKNOWN,,
20240910,920508,-1,,,0,,False,-1,UNKNOWN,,
20240910,920509,-1,,,0,,False,-1,UNKNOWN,,
20240910,920510,-1,,,0,,False,-1,UNKNOWN,,
20240910,920519,-1,,,0,,False,-1,UNKNOWN,,
20240910,920522,-1,,,0,,False,-1,UNKNOWN,,
20240910,920523,-1,,,0,,False,-1,UNKNOWN,,
20240910,920526,-1,,,0,,False,-1,UNKNOWN,,
20240910,920527,-1,,,0,,False,-1,UNKNOWN,,
20240910,920533,-1,,,0,,False,-1,UNKNOWN,,
20240910,920541,-1,,,0,,False,-1,UNKNOWN,,
20240910,920547,-1,,,0,,False,-1,UNKNOWN,,
20240910,920553,-1,,,0,,False,-1,UNKNOWN,,
20240910,920556,-1,,,0,,False,-1,UNKNOWN,,
20240910,920564,-1,,,0,,False,-1,UNKNOWN,,
20240910,920566,-1,,,0,,False,-1,UNKNOWN,,
20240910,920570,-1,,,0,,False,-1,UNKNOWN,,
20240910,920571,-1,,,0,,False,-1,UNKNOWN,,
20240910,920576,-1,,,0,,False,-1,UNKNOWN,,
20240910,920578,-1,,,0,,False,-1,UNKNOWN,,
20240910,920579,-1,,,0,,False,-1,UNKNOWN,,
20240910,920580,-1,,,0,,False,-1,UNKNOWN,,
20240910,920592,-1,,,0,,False,-1,UNKNOWN,,
20240910,920593,-1,,,0,,False,-1,UNKNOWN,,
20240910,920599,-1,,,0,,False,-1,UNKNOWN,,
20240910,920608,-1,,,0,,False,-1,UNKNOWN,,
20240910,920627,-1,,,0,,False,-1,UNKNOWN,,
20240910,920634,-1,,,0,,False,-1,UNKNOWN,,
20240910,920639,-1,,,0,,False,-1,UNKNOWN,,
20240910,920640,-1,,,0,,False,-1,UNKNOWN,,
20240910,920641,-1,,,0,,False,-1,UNKNOWN,,
20240910,920642,-1,,,0,,False,-1,UNKNOWN,,
20240910,920651,-1,,,0,,False,-1,UNKNOWN,,
20240910,920656,-1,,,0,,False,-1,UNKNOWN,,
20240910,920662,-1,,,0,,False,-1,UNKNOWN,,
20240910,920663,-1,,,0,,False,-1,UNKNOWN,,
20240910,920665,-1,,,0,,False,-1,UNKNOWN,,
20240910,920670,-1,,,0,,False,-1,UNKNOWN,,
20240910,920675,-1,,,0,,False,-1,UNKNOWN,,
20240910,920679,-1,,,0,,False,-1,UNKNOWN,,
20240910,920682,-1,,,0,,False,-1,UNKNOWN,,
20240910,920685,-1,,,0,,False,-1,UNKNOWN,,
20240910,920689,-1,,,0,,False,-1,UNKNOWN,,
20240910,920690,-1,,,0,,False,-1,UNKNOWN,,
20240910,920693,-1,,,0,,False,-1,UNKNOWN,,
20240910,920694,-1,,,0,,False,-1,UNKNOWN,,
20240910,920699,-1,,,0,,False,-1,UNKNOWN,,
20240910,920701,-1,,,0,,False,-1,UNKNOWN,,
20240910,920703,-1,,,0,,False,-1,UNKNOWN,,
20240910,920706,-1,,,0,,False,-1,UNKNOWN,,
20240910,920717,-1,,,0,,False,-1,UNKNOWN,,
20240910,920718,-1,,,0,,False,-1,UNKNOWN,,
20240910,920719,-1,,,0,,False,-1,UNKNOWN,,
20240910,920720,-1,,,0,,False,-1,UNKNOWN,,
20240910,920725,-1,,,0,,False,-1,UNKNOWN,,
20240910,920726,-1,,,0,,False,-1,UNKNOWN,,
20240910,920729,-1,,,0,,False,-1,UNKNOWN,,
20240910,920735,-1,,,0,,False,-1,UNKNOWN,,
20240910,920748,-1,,,0,,False,-1,UNKNOWN,,
20240910,920751,-1,,,0,,False,-1,UNKNOWN,,
20240910,920753,-1,,,0,,False,-1,UNKNOWN,,
20240910,920765,-1,,,0,,False,-1,UNKNOWN,,
20240910,920768,-1,,,0,,False,-1,UNKNOWN,,
20240910,920770,-1,,,0,,False,-1,UNKNOWN,,
20240910,920779,-1,,,0,,False,-1,UNKNOWN,,
20240910,920781,-1,,,0,,False,-1,UNKNOWN,,
20240910,920786,-1,,,0,,False,-1,UNKNOWN,,
20240910,920790,-1,,,0,,False,-1,UNKNOWN,,
20240910,920792,-1,,,0,,False,-1,UNKNOWN,,
20240910,920799,-1,,,0,,False,-1,UNKNOWN,,
20240910,920802,-1,,,0,,False,-1,UNKNOWN,,
20240910,920806,-1,,,0,,False,-1,UNKNOWN,,
20240910,920807,-1,,,0,,False,-1,UNKNOWN,,
20240910,920808,-1,,,0,,False,-1,UNKNOWN,,
20240910,920809,-1,,,0,,False,-1,UNKNOWN,,
20240910,920810,-1,,,0,,False,-1,UNKNOWN,,
20240910,920819,-1,,,0,,False,-1,UNKNOWN,,
20240910,920821,-1,,,0,,False,-1,UNKNOWN,,
20240910,920826,-1,,,0,,False,-1,UNKNOWN,,
20240910,920832,-1,,,0,,False,-1,UNKNOWN,,
20240910,920833,-1,,,0,,False,-1,UNKNOWN,,
20240910,920834,-1,,,0,,False,-1,UNKNOWN,,
20240910,920837,-1,,,0,,False,-1,UNKNOWN,,
20240910,920839,-1,,,0,,False,-1,UNKNOWN,,
20240910,920855,-1,,,0,,False,-1,UNKNOWN,,
20240910,920856,-1,,,0,,False,-1,UNKNOWN,,
20240910,920857,-1,,,0,,False,-1,UNKNOWN,,
20240910,920866,-1,,,0,,False,-1,UNKNOWN,,
20240910,920870,-1,,,0,,False,-1,UNKNOWN,,
20240910,920871,-1,,,0,,False,-1,UNKNOWN,,
20240910,920873,-1,,,0,,False,-1,UNKNOWN,,
20240910,920876,-1,,,0,,False,-1,UNKNOWN,,
20240910,920879,-1,,,0,,False,-1,UNKNOWN,,
20240910,920885,-1,,,0,,False,-1,UNKNOWN,,
20240910,920892,-1,,,0,,False,-1,UNKNOWN,,
20240910,920895,-1,,,0,,False,-1,UNKNOWN,,
20240910,920896,-1,,,0,,False,-1,UNKNOWN,,
20240910,920906,-1,,,0,,False,-1,UNKNOWN,,
20240910,920914,-1,,,0,,False,-1,UNKNOWN,,
20240910,920924,-1,,,0,,False,-1,UNKNOWN,,
20240910,920925,-1,,,0,,False,-1,UNKNOWN,,
20240910,920926,-1,,,0,,False,-1,UNKNOWN,,
20240910,920931,-1,,,0,,False,-1,UNKNOWN,,
20240910,920932,-1,,,0,,False,-1,UNKNOWN,,
20240910,920942,-1,,,0,,False,-1,UNKNOWN,,
20240910,920943,-1,,,0,,False,-1,UNKNOWN,,
20240910,920946,-1,,,0,,False,-1,UNKNOWN,,
20240910,920950,-1,,,0,,False,-1,UNKNOWN,,
20240910,920953,-1,,,0,,False,-1,UNKNOWN,,
20240910,920957,-1,,,0,,False,-1,UNKNOWN,,
20240910,920961,-1,,,0,,False,-1,UNKNOWN,,
20240910,920964,-1,,,0,,False,-1,UNKNOWN,,
20240910,920970,-1,,,0,,False,-1,UNKNOWN,,
20240910,920971,-1,,,0,,False,-1,UNKNOWN,,
20240910,920974,-1,,,0,,False,-1,UNKNOWN,,
20240910,920976,-1,,,0,,False,-1,UNKNOWN,,
20240910,920978,-1,,,0,,False,-1,UNKNOWN,,
20240910,920981,-1,,,0,,False,-1,UNKNOWN,,
20240910,920982,-1,,,0,,False,-1,UNKNOWN,,
20240910,920985,-1,,,0,,False,-1,UNKNOWN,,
20240910,920992,-1,,,0,,False,-1,UNKNOWN,,
