t0,code,f,profit_leg,capacity_leg,m,strong_leg,trend_leg,m_rps,b_v35,t2q_yoy,t4q_yoy
20230510,000001,2,True,True,1,False,True,0,WEAK,8.119999885559082,3.0199999809265137
20230510,000002,1,False,True,0,False,False,0,YELLOW,-27.510000228881836,-359.3800048828125
20230510,000006,1,False,True,0,False,False,0,WEAK,-101.98999786376952,-100.68000030517578
20230510,000007,1,True,False,0,False,False,0,WEAK,111.1999969482422,-71.70999908447266
20230510,000008,1,True,False,1,True,False,1,WEAK,23.329999923706055,-59.459999084472656
20230510,000009,0,False,False,1,True,False,1,WEAK,-1.9800000190734863,-14.720000267028809
20230510,000011,1,False,True,0,False,False,0,WEAK,-47.470001220703125,-98.33000183105467
20230510,000012,2,True,True,1,True,False,1,WEAK,-7.079999923706055,-20.020000457763672
20230510,000014,1,True,False,1,True,False,1,OK,500.0,-71.0199966430664
20230510,000017,1,True,False,0,False,False,0,YELLOW,500.0,-9.68000030517578
20230510,000019,0,False,False,1,True,False,1,YELLOW,-14.460000038146973,-49.25
20230510,000020,1,True,False,1,True,False,1,YELLOW,227.42999267578125,-11.25
20230510,000021,2,True,True,1,True,False,1,YELLOW,-38.900001525878906,19.420000076293945
20230510,000025,0,False,False,0,False,False,0,WEAK,43.31999969482422,59.43000030517578
20230510,000026,1,True,False,1,True,False,1,OK,16.75,-26.950000762939453
20230510,000027,2,True,True,1,True,False,1,WEAK,62.939998626708984,78.41999816894531
20230510,000028,1,True,False,1,True,False,1,YELLOW,13.34000015258789,5.099999904632568
20230510,000029,0,False,False,1,True,False,1,WEAK,-500.0,89.48999786376953
20230510,000030,2,True,True,1,True,False,1,YELLOW,35.08000183105469,100.62999725341795
20230510,000031,1,True,False,1,True,False,1,YELLOW,-500.0,-176.33999633789062
20230510,000032,1,True,False,2,True,True,1,WEAK,40.36000061035156,107.1999969482422
20230510,000034,2,True,True,1,True,False,1,YELLOW,27.81999969482422,-14.729999542236328
20230510,000035,0,False,False,0,False,False,0,YELLOW,206.17999267578125,329.3500061035156
20230510,000036,1,False,True,1,True,False,1,WEAK,-39.220001220703125,-96.94000244140624
20230510,000037,2,True,True,0,False,False,0,WEAK,72.69000244140625,20.18000030517578
20230510,000039,1,False,True,1,True,False,1,YELLOW,-73.2300033569336,500.0
20230510,000042,2,True,True,1,True,False,1,YELLOW,-138.92999267578125,108.69000244140624
20230510,000045,1,False,True,0,False,False,0,WEAK,21.6200008392334,184.02999877929688
20230510,000048,1,True,False,1,True,False,1,WEAK,500.0,-95.27999877929688
20230510,000049,1,False,True,0,False,False,0,YELLOW,-37.33000183105469,-58.72999954223633
20230510,000050,1,False,True,1,True,False,1,WEAK,-500.0,38.63999938964844
20230510,000055,2,True,True,1,True,False,1,YELLOW,31.1299991607666,-25.700000762939453
20230510,000058,1,False,True,0,False,False,0,WEAK,466.7200012207031,-18.15999984741211
20230510,000059,0,False,False,1,True,False,1,WEAK,-186.22999572753903,-0.6100000143051147
20230510,000060,1,False,True,1,True,False,1,YELLOW,-33.7599983215332,-23.940000534057617
20230510,000061,2,True,True,1,True,False,1,WEAK,191.5,-9.6899995803833
20230510,000062,0,False,False,1,True,False,1,YELLOW,-45.15999984741211,-53.720001220703125
20230510,000063,1,True,False,1,True,False,1,YELLOW,27.93000030517578,7.929999828338623
20230510,000065,2,True,True,2,True,True,1,YELLOW,7.369999885559082,41.970001220703125
20230510,000066,0,False,False,0,False,False,0,WEAK,-91.45999908447266,28.270000457763672
20230510,000068,0,False,False,0,False,False,0,WEAK,-171.05999755859375,10.890000343322754
20230510,000069,0,False,False,0,False,False,0,WEAK,-500.0,-40.7400016784668
20230510,000070,1,False,True,0,False,False,0,WEAK,-42.189998626708984,-22.739999771118164
20230510,000088,1,True,False,1,True,False,1,OK,32.36000061035156,145.7100067138672
20230510,000089,2,True,True,0,False,False,0,WEAK,85.0199966430664,151.9600067138672
20230510,000090,1,False,True,1,True,False,1,WEAK,-28.43000030517578,-56.0099983215332
20230510,000096,1,False,True,1,True,False,1,YELLOW,-13.920000076293944,33.2400016784668
20230510,000099,1,False,True,1,True,False,1,WEAK,6.039999961853027,22.760000228881836
20230510,000100,0,False,False,1,True,False,1,WEAK,126.9000015258789,109.69000244140624
20230510,000151,1,False,True,0,False,False,0,WEAK,26.34000015258789,-2.7200000286102295
20230510,000153,1,True,False,1,True,False,1,YELLOW,49.220001220703125,4.960000038146973
20230510,000155,2,True,True,0,False,False,0,WEAK,52.95000076293945,49.65999984741211
20230510,000156,0,False,False,1,False,True,0,OK,-10.960000038146973,-38.599998474121094
20230510,000157,0,False,False,1,True,False,1,YELLOW,51.099998474121094,19.450000762939453
20230510,000158,2,True,True,1,True,False,1,WEAK,8.149999618530273,-29.799999237060547
20230510,000159,1,False,True,1,True,False,1,YELLOW,50.15999984741211,294.4700012207031
20230510,000166,2,True,True,2,True,True,1,WEAK,0.7900000214576721,-33.15999984741211
20230510,000301,2,True,True,0,False,False,0,YELLOW,81.13999938964844,-87.62999725341797
20230510,000333,1,True,False,1,True,False,1,YELLOW,11.529999732971191,20.38999938964844
20230510,000338,1,True,False,1,True,False,1,YELLOW,172.6300048828125,34.56999969482422
20230510,000400,2,True,True,1,True,False,1,YELLOW,15.239999771118164,57.09000015258789
20230510,000401,0,False,False,1,True,False,1,WEAK,-129.30999755859375,-37.4900016784668
20230510,000402,0,False,False,0,False,False,0,WEAK,-500.0,-28.049999237060547
20230510,000403,1,False,True,0,False,False,0,YELLOW,-9.8100004196167,196.8500061035156
20230510,000404,1,True,False,1,True,False,1,YELLOW,99.5199966430664,34.2400016784668
20230510,000407,0,False,False,0,False,False,0,YELLOW,-29.329999923706055,-13.869999885559082
20230510,000408,2,True,True,0,False,False,0,WEAK,-29.299999237060547,-36.83000183105469
20230510,000409,2,True,True,1,True,False,1,WEAK,169.49000549316406,94.12000274658205
20230510,000410,2,True,True,1,True,False,1,WEAK,21.81999969482422,-23.38999938964844
20230510,000411,2,True,True,1,True,False,1,YELLOW,81.13999938964844,57.45000076293945
20230510,000415,1,True,False,1,False,True,0,OK,98.7300033569336,215.2899932861328
20230510,000417,2,True,True,1,True,False,1,YELLOW,42.56999969482422,17.229999542236328
20230510,000419,1,True,False,0,False,False,0,YELLOW,5.550000190734863,-42.560001373291016
20230510,000420,2,True,True,0,False,False,0,YELLOW,199.82000732421875,500.0
20230510,000421,2,True,True,1,True,False,1,WEAK,166.3800048828125,177.1199951171875
20230510,000422,1,False,True,1,True,False,1,YELLOW,-81.44000244140625,-51.189998626708984
20230510,000423,2,True,True,1,True,False,1,OK,54.86000061035156,54.790000915527344
20230510,000425,2,True,True,1,True,False,1,YELLOW,-7.389999866485596,12.479999542236328
20230510,000426,1,False,True,1,True,False,1,WEAK,131.5,500.0
20230510,000428,1,True,False,0,False,False,0,WEAK,49.7400016784668,14.770000457763672
20230510,000429,2,True,True,1,True,False,1,OK,21.079999923706055,2.5799999237060547
20230510,000498,2,True,True,1,False,True,0,YELLOW,-10.010000228881836,2.1600000858306885
20230510,000501,0,False,False,1,True,False,1,OK,-69.19999694824219,-15.199999809265137
20230510,000503,2,True,True,1,True,False,1,WEAK,13.609999656677246,6.909999847412109
20230510,000505,1,False,True,1,True,False,1,YELLOW,-27.709999084472656,-44.779998779296875
20230510,000506,1,True,False,1,True,False,1,WEAK,8.539999961853027,24.469999313354492
20230510,000507,1,True,False,1,True,False,1,YELLOW,7.539999961853027,-6.630000114440918
20230510,000509,0,False,False,0,False,False,0,WEAK,-500.0,90.72000122070312
20230510,000510,1,False,True,1,True,False,1,WEAK,-500.0,-163.14999389648438
20230510,000513,1,True,False,1,True,False,1,OK,4.409999847412109,3.569999933242798
20230510,000514,0,False,False,0,False,False,0,WEAK,74.87000274658203,-66.91999816894531
20230510,000516,2,True,True,0,False,False,0,WEAK,55.61000061035156,13.050000190734863
20230510,000517,0,False,False,1,True,False,1,WEAK,-10.109999656677246,-6.360000133514404
20230510,000519,1,False,True,0,False,False,0,WEAK,-81.41999816894531,67.41999816894531
20230510,000520,1,False,True,0,False,False,0,WEAK,-166.5800018310547,10.779999732971191
20230510,000521,1,True,False,1,True,False,1,YELLOW,500.0,79.63999938964844
20230510,000523,1,True,False,1,True,False,1,WEAK,152.80999755859375,500.0
20230510,000524,2,True,True,0,False,False,0,YELLOW,137.47999572753906,239.5399932861328
20230510,000525,1,False,True,0,False,False,0,WEAK,-101.73999786376952,-12.960000038146973
20230510,000526,2,True,True,1,True,False,1,YELLOW,500.0,322.30999755859375
20230510,000528,2,True,True,1,True,False,1,YELLOW,27.6299991607666,67.08000183105469
20230510,000529,0,False,False,0,False,False,0,WEAK,-19.479999542236328,-79.16999816894531
20230510,000530,2,True,True,1,True,False,1,YELLOW,476.3399963378906,83.52999877929688
20230510,000531,2,True,True,1,True,False,1,WEAK,500.0,-57.06999969482422
20230510,000532,0,False,False,1,False,True,0,WEAK,-70.6500015258789,500.0
20230510,000533,2,True,True,1,True,False,1,YELLOW,303.239990234375,42.63999938964844
20230510,000534,1,True,False,0,False,False,0,YELLOW,38.849998474121094,15.40999984741211
20230510,000536,0,False,False,1,True,False,1,WEAK,-41.630001068115234,25.34000015258789
20230510,000537,2,True,True,0,False,False,0,WEAK,30.31999969482422,-28.809999465942383
20230510,000538,1,True,False,1,True,False,1,YELLOW,42.459999084472656,20.510000228881836
20230510,000539,2,True,True,0,False,False,0,WEAK,197.8000030517578,27.88999938964844
20230510,000541,1,True,False,1,True,False,1,YELLOW,2.309999942779541,28.88999938964844
20230510,000543,1,False,True,1,True,False,1,YELLOW,207.77000427246097,271.1000061035156
20230510,000544,2,True,True,1,True,False,1,WEAK,76.37000274658203,187.91000366210935
20230510,000545,1,False,True,0,False,False,0,WEAK,-500.0,80.2699966430664
20230510,000546,1,True,False,0,False,False,0,WEAK,-148.8300018310547,86.77999877929688
20230510,000547,0,False,False,1,True,False,1,WEAK,-500.0,-19.06999969482422
20230510,000548,2,True,True,0,False,False,0,OK,92.56999969482422,85.5
20230510,000550,2,True,True,1,True,False,1,YELLOW,500.0,500.0
20230510,000551,2,True,True,0,False,False,0,YELLOW,9.369999885559082,67.66999816894531
20230510,000552,2,True,True,1,True,False,1,WEAK,129.72999572753906,-44.060001373291016
20230510,000553,0,False,False,1,True,False,1,YELLOW,-270.3500061035156,-500.0
20230510,000554,1,True,False,1,True,False,1,YELLOW,166.39999389648438,144.72000122070312
20230510,000555,0,False,False,1,True,False,1,YELLOW,-47.95000076293945,-500.0
20230510,000557,2,True,True,1,True,False,1,WEAK,-12.859999656677246,6.019999980926514
20230510,000558,2,True,True,1,True,False,1,WEAK,31.34000015258789,312.45001220703125
20230510,000559,1,False,True,1,True,False,1,YELLOW,-3.1500000953674316,21.579999923706055
20230510,000560,1,True,False,1,True,False,1,WEAK,66.2300033569336,-222.97999572753903
20230510,000561,1,True,False,0,False,False,0,WEAK,-291.6400146484375,-225.16000366210935
20230510,000563,2,True,True,2,True,True,1,WEAK,30.540000915527344,14.869999885559082
20230510,000564,0,False,False,0,False,False,0,WEAK,-8.079999923706055,-18.6200008392334
20230510,000565,1,False,True,0,False,False,0,WEAK,-120.6500015258789,161.11000061035156
20230510,000566,1,True,False,1,True,False,1,OK,-7.03000020980835,-12.399999618530272
20230510,000567,1,True,False,2,True,True,1,OK,7.880000114440918,21.61000061035156
20230510,000568,1,True,False,0,False,False,0,OK,28.440000534057617,23.40999984741211
20230510,000570,2,True,True,1,True,False,1,YELLOW,10.300000190734863,500.0
20230510,000571,1,False,True,0,False,False,0,WEAK,-160.6199951171875,25.040000915527344
20230510,000572,0,False,False,1,True,False,1,WEAK,-4.510000228881836,3.200000047683716
20230510,000573,2,True,True,0,False,False,0,WEAK,-251.3800048828125,-313.3500061035156
20230510,000576,1,False,True,0,False,False,0,WEAK,-39.02000045776367,-61.290000915527344
20230510,000581,0,False,False,1,True,False,1,YELLOW,-10.56999969482422,54.349998474121094
20230510,000582,1,True,False,1,True,False,1,OK,5.079999923706055,-24.68000030517578
20230510,000586,2,True,True,1,True,False,1,WEAK,13.770000457763672,-145.13999938964844
20230510,000589,1,True,False,1,True,False,1,YELLOW,130.22000122070312,121.9000015258789
20230510,000590,1,False,True,0,False,False,0,WEAK,-61.849998474121094,-287.8500061035156
20230510,000591,2,True,True,0,False,False,0,WEAK,23.059999465942383,-9.640000343322754
20230510,000592,1,False,True,0,False,False,0,WEAK,184.6199951171875,52.81999969482422
20230510,000593,1,True,False,0,False,False,0,YELLOW,69.62000274658203,272.6700134277344
20230510,000596,2,True,True,1,True,False,1,OK,45.189998626708984,32.66999816894531
20230510,000597,1,False,True,0,False,False,0,OK,56.529998779296875,-32.959999084472656
20230510,000598,1,True,False,1,True,False,1,OK,9.520000457763672,22.100000381469727
20230510,000599,2,True,True,1,True,False,1,WEAK,46.20000076293945,71.62999725341797
20230510,000600,1,False,True,1,True,False,1,WEAK,-54.540000915527344,263.57000732421875
20230510,000601,1,False,True,0,False,False,0,WEAK,-67.26000213623047,158.72999572753906
20230510,000603,0,False,False,1,True,False,1,WEAK,-41.70000076293945,-156.14999389648438
20230510,000605,1,True,False,1,True,False,1,YELLOW,500.0,37.41999816894531
20230510,000607,0,False,False,1,False,True,0,YELLOW,-86.33999633789062,50.34000015258789
20230510,000612,1,False,True,1,True,False,1,WEAK,21.36000061035156,500.0
20230510,000617,1,True,False,2,True,True,1,WEAK,3.990000009536743,-18.280000686645508
20230510,000619,1,True,False,0,False,False,0,WEAK,17.75,12.640000343322754
20230510,000620,1,False,True,0,False,False,0,WEAK,-30.510000228881836,101.83000183105467
20230510,000623,2,True,True,1,True,False,1,WEAK,18.190000534057617,-37.5099983215332
20230510,000625,0,False,False,1,True,False,1,YELLOW,-5.909999847412109,-92.45999908447266
20230510,000626,1,False,True,0,False,False,0,YELLOW,-192.69000244140625,58.720001220703125
20230510,000628,2,True,True,1,False,True,0,YELLOW,40.560001373291016,-49.40999984741211
20230510,000629,1,False,True,0,False,False,0,YELLOW,-27.309999465942383,-79.69999694824219
20230510,000630,2,True,True,1,True,False,1,YELLOW,5.650000095367432,52.59000015258789
20230510,000631,1,False,True,0,False,False,0,YELLOW,152.4600067138672,-6.039999961853027
20230510,000633,1,False,True,1,True,False,1,YELLOW,-32.349998474121094,74.56999969482422
20230510,000635,1,False,True,1,True,False,1,WEAK,-235.0500030517578,56.310001373291016
20230510,000636,0,False,False,0,False,False,0,WEAK,-37.79999923706055,127.76000213623048
20230510,000637,1,False,True,0,False,False,0,WEAK,-500.0,-53.220001220703125
20230510,000650,2,True,True,1,True,False,1,OK,10.649999618530272,-42.279998779296875
20230510,000651,0,False,False,1,True,False,1,YELLOW,3.490000009536743,21.549999237060547
20230510,000652,1,True,False,1,True,False,1,YELLOW,63.540000915527344,-31.920000076293945
20230510,000655,0,False,False,0,False,False,0,WEAK,-10.789999961853027,32.93000030517578
20230510,000657,0,False,False,0,False,False,0,YELLOW,-36.93000030517578,-48.47999954223633
20230510,000659,0,False,False,0,False,False,0,WEAK,-73.73999786376953,3.190000057220459
20230510,000661,0,False,False,0,False,False,0,OK,5.420000076293945,-0.8600000143051147
20230510,000663,2,True,True,1,True,False,1,OK,-50.560001373291016,-119.0
20230510,000665,1,True,False,1,False,True,0,WEAK,2.549999952316284,-3.180000066757202
20230510,000670,1,False,True,0,False,False,0,WEAK,-500.0,61.15999984741211
20230510,000672,1,False,True,0,False,False,0,WEAK,-45.77000045776367,-86.19999694824219
20230510,000676,1,True,False,1,False,True,0,YELLOW,13.979999542236328,-14.93000030517578
20230510,000678,2,True,True,0,False,False,0,WEAK,37.79999923706055,36.779998779296875
20230510,000679,1,True,False,0,False,False,0,WEAK,60.41999816894531,12.300000190734863
20230510,000680,1,True,False,1,True,False,1,YELLOW,141.33999633789062,44.91999816894531
20230510,000681,1,False,True,1,False,True,0,WEAK,-7.679999828338623,88.3499984741211
20230510,000682,2,True,True,1,True,False,1,OK,38.029998779296875,28.34000015258789
20230510,000683,1,False,True,0,False,False,0,OK,-33.7599983215332,-13.029999732971191
20230510,000685,2,True,True,1,True,False,1,WEAK,18.290000915527344,-44.68000030517578
20230510,000686,2,True,True,2,True,True,1,WEAK,116.5,-96.8000030517578
20230510,000688,1,False,True,1,True,False,1,OK,-101.08999633789062,-85.5999984741211
20230510,000690,1,False,True,1,True,False,1,WEAK,153.5399932861328,500.0
20230510,000692,1,True,False,0,False,False,0,WEAK,48.15999984741211,37.540000915527344
20230510,000695,0,False,False,1,True,False,1,WEAK,85.01000213623047,95.9499969482422
20230510,000697,1,False,True,1,True,False,1,WEAK,2.109999895095825,14.90999984741211
20230510,000700,1,True,False,1,True,False,1,YELLOW,22.850000381469727,35.83000183105469
20230510,000701,1,False,True,0,False,False,0,YELLOW,-82.58000183105469,58.5099983215332
20230510,000702,2,True,True,0,False,False,0,WEAK,38.5,66.36000061035156
20230510,000703,0,False,False,1,True,False,1,YELLOW,-86.19999694824219,500.0
20230510,000705,1,True,False,1,True,False,1,YELLOW,59.18000030517578,2.1600000858306885
20230510,000707,1,True,False,0,False,False,0,WEAK,-39.84000015258789,-28.350000381469727
20230510,000708,0,False,False,0,False,False,0,YELLOW,-13.9399995803833,-5.679999828338623
20230510,000709,0,False,False,1,True,False,1,YELLOW,-30.88999938964844,-57.20000076293945
20230510,000710,0,False,False,0,False,False,0,WEAK,-417.6400146484375,148.7899932861328
20230510,000712,2,True,True,1,False,True,0,WEAK,-2.009999990463257,-500.0
20230510,000713,1,False,True,1,True,False,1,YELLOW,-500.0,-500.0
20230510,000715,1,True,False,1,True,False,1,OK,70.44000244140625,-52.61000061035156
20230510,000716,1,True,False,0,False,False,0,YELLOW,500.0,-52.27000045776367
20230510,000717,0,False,False,1,True,False,1,WEAK,75.44000244140625,-500.0
20230510,000718,1,False,True,0,False,False,0,OK,-22.489999771118164,-26.799999237060547
20230510,000719,0,False,False,2,True,True,1,OK,4.619999885559082,-65.38999938964844
20230510,000720,1,True,False,1,True,False,1,WEAK,50.86000061035156,45.16999816894531
20230510,000721,2,True,True,0,False,False,0,WEAK,51.84000015258789,5.489999771118164
20230510,000722,1,False,True,0,False,False,0,WEAK,-53.75,500.0
20230510,000723,1,False,True,0,False,False,0,WEAK,-77.08000183105469,-193.33999633789065
20230510,000725,0,False,False,1,True,False,1,WEAK,-196.17999267578125,135.77000427246094
20230510,000726,1,False,True,0,False,False,0,YELLOW,-55.970001220703125,138.64999389648438
20230510,000727,0,False,False,1,True,False,1,WEAK,193.80999755859375,-500.0
20230510,000728,1,True,False,1,False,True,0,WEAK,15.380000114440918,-10.25
20230510,000729,2,True,True,0,False,False,0,OK,37.58000183105469,81.72000122070312
20230510,000731,1,False,True,1,True,False,1,YELLOW,-40.97999954223633,-59.470001220703125
20230510,000733,1,True,False,0,False,False,0,YELLOW,9.369999885559082,-86.87000274658203
20230510,000735,1,True,False,1,True,False,1,YELLOW,-500.0,273.42999267578125
20230510,000737,1,False,True,1,True,False,1,WEAK,-9.25,10.0600004196167
20230510,000738,2,True,True,0,False,False,0,OK,9.100000381469728,5.739999771118164
20230510,000739,2,True,True,0,False,False,0,YELLOW,24.829999923706055,2.4200000762939453
20230510,000750,2,True,True,1,False,True,0,WEAK,19.38999938964844,-59.439998626708984
20230510,000751,2,True,True,1,True,False,1,YELLOW,198.4199981689453,-136.67999267578125
20230510,000753,0,False,False,1,True,False,1,YELLOW,-33.70000076293945,11.130000114440918
20230510,000755,2,True,True,0,False,False,0,OK,6.519999980926514,-34.83000183105469
20230510,000756,2,True,True,0,False,False,0,YELLOW,35.22999954223633,-6.409999847412109
20230510,000757,1,False,True,0,False,False,0,WEAK,-500.0,17.81999969482422
20230510,000758,1,False,True,1,True,False,1,YELLOW,-22.670000076293945,500.0
20230510,000759,1,True,False,0,False,False,0,WEAK,60.029998779296875,-268.3399963378906
20230510,000761,0,False,False,1,True,False,1,WEAK,-306.2099914550781,-500.0
20230510,000762,1,False,True,0,False,False,0,WEAK,-81.30999755859375,119.7699966430664
20230510,000766,2,True,True,0,False,False,0,OK,65.80000305175781,33.43000030517578
20230510,000767,1,False,True,0,False,False,0,WEAK,-407.75,-242.47999572753903
20230510,000768,2,True,True,1,True,False,1,YELLOW,25.86000061035156,24.520000457763672
20230510,000776,2,True,True,1,False,True,0,WEAK,13.1899995803833,-28.299999237060547
20230510,000777,1,True,False,1,True,False,1,WEAK,339.3399963378906,20.719999313354492
20230510,000778,0,False,False,1,True,False,1,WEAK,-39.11000061035156,-76.91999816894531
20230510,000779,1,True,False,1,False,True,0,WEAK,28.59000015258789,9.789999961853027
20230510,000782,0,False,False,1,True,False,1,WEAK,-500.0,54.529998779296875
20230510,000783,2,True,True,2,True,True,1,WEAK,29.809999465942383,-46.83000183105469
20230510,000785,1,False,True,1,True,False,1,YELLOW,-27.260000228881836,-11.960000038146973
20230510,000786,1,True,False,0,False,False,0,YELLOW,20.190000534057617,40.68000030517578
20230510,000788,2,True,True,0,False,False,0,WEAK,-10.18000030517578,163.67999267578125
20230510,000789,0,False,False,1,True,False,1,WEAK,-46.40999984741211,-114.4499969482422
20230510,000790,0,False,False,1,True,False,1,WEAK,-9.100000381469728,-30.920000076293945
20230510,000791,1,False,True,1,True,False,1,WEAK,57.150001525878906,214.67999267578125
20230510,000792,1,False,True,0,False,False,0,WEAK,-54.2400016784668,-60.41999816894531
20230510,000795,0,False,False,0,False,False,0,YELLOW,-75.30000305175781,108.02999877929688
20230510,000796,1,True,False,0,False,False,0,WEAK,45.77000045776367,99.02999877929688
20230510,000797,0,False,False,0,False,False,0,WEAK,-95.75,154.60000610351562
20230510,000798,1,False,True,1,True,False,1,WEAK,-181.13999938964844,-38.310001373291016
20230510,000799,1,False,True,0,False,False,0,OK,-51.36000061035156,-76.75
20230510,000800,0,False,False,1,True,False,1,YELLOW,107.95999908447266,225.9199981689453
20230510,000801,1,True,False,1,True,False,1,YELLOW,-25.530000686645508,-37.90999984741211
20230510,000802,2,True,True,2,True,True,1,WEAK,-14.06999969482422,-13.18000030517578
20230510,000803,1,False,True,0,False,False,0,WEAK,-78.41999816894531,-83.41999816894531
20230510,000807,0,False,False,1,True,False,1,WEAK,-33.5099983215332,17.65999984741211
20230510,000809,2,True,True,1,True,False,1,WEAK,11.0600004196167,10.630000114440918
20230510,000810,1,False,True,1,True,False,1,YELLOW,-30.979999542236328,-13.020000457763672
20230510,000811,2,True,True,1,True,False,1,YELLOW,89.19000244140625,-3.690000057220459
20230510,000812,2,True,True,0,False,False,0,YELLOW,-15.010000228881836,26.309999465942383
20230510,000813,1,False,True,0,False,False,0,WEAK,-160.94000244140625,-500.0
20230510,000815,0,False,False,0,False,False,0,WEAK,47.81999969482422,161.4199981689453
20230510,000816,0,False,False,0,False,False,0,YELLOW,-61.15999984741211,-500.0
20230510,000818,1,False,True,1,True,False,1,WEAK,-49.7400016784668,500.0
20230510,000819,2,True,True,0,False,False,0,YELLOW,43.7400016784668,6.869999885559082
20230510,000822,2,True,True,1,True,False,1,YELLOW,-27.229999542236328,-37.13999938964844
20230510,000823,0,False,False,0,False,False,0,YELLOW,-57.689998626708984,17.780000686645508
20230510,000825,1,False,True,0,False,False,0,WEAK,-156.52999877929688,92.95999908447266
20230510,000828,1,True,False,1,True,False,1,WEAK,-2.890000104904175,-11.06999969482422
20230510,000829,1,True,False,0,False,False,0,YELLOW,-42.02000045776367,-22.239999771118164
20230510,000830,0,False,False,0,False,False,0,WEAK,-81.87000274658203,91.29000091552734
20230510,000831,0,False,False,0,False,False,0,YELLOW,-66.05999755859375,-500.0
20230510,000833,1,True,False,0,False,False,0,WEAK,-86.05999755859375,79.69999694824219
20230510,000837,1,False,True,1,True,False,1,YELLOW,-111.5500030517578,-77.54000091552734
20230510,000839,1,True,False,0,False,False,0,YELLOW,60.16999816894531,-500.0
20230510,000848,2,True,True,1,True,False,1,YELLOW,4.650000095367432,3.0299999713897705
20230510,000850,1,False,True,0,False,False,0,WEAK,-59.5,186.4600067138672
20230510,000852,2,True,True,1,True,False,1,YELLOW,102.29000091552734,18.829999923706055
20230510,000856,2,True,True,1,True,False,1,WEAK,128.1699981689453,19.670000076293945
20230510,000858,2,True,True,0,False,False,0,OK,13.600000381469728,12.710000038146973
20230510,000859,0,False,False,0,False,False,0,WEAK,-133.02999877929688,-500.0
20230510,000860,2,True,True,1,True,False,1,YELLOW,-500.0,37.43000030517578
20230510,000862,2,True,True,1,True,False,1,WEAK,23.190000534057617,-14.779999732971191
20230510,000863,1,False,True,0,False,False,0,WEAK,145.89999389648438,49.45000076293945
20230510,000868,1,True,False,0,False,False,0,WEAK,39.22999954223633,75.16999816894531
20230510,000869,1,False,True,1,True,False,1,OK,-8.050000190734863,-42.31999969482422
20230510,000875,1,True,False,0,False,False,0,YELLOW,27.3700008392334,17.40999984741211
20230510,000876,1,True,False,1,True,False,1,WEAK,-79.68000030517578,-12.390000343322754
20230510,000877,0,False,False,1,True,False,1,WEAK,-113.4000015258789,-50.59000015258789
20230510,000878,2,True,True,1,True,False,1,YELLOW,2.5399999618530273,0.959999978542328
20230510,000880,2,True,True,1,True,False,1,YELLOW,14.9399995803833,11.649999618530272
20230510,000881,1,False,True,1,True,False,1,WEAK,-187.47000122070312,-18.350000381469727
20230510,000882,2,True,True,0,False,False,0,WEAK,151.60000610351562,46.65999984741211
20230510,000883,1,False,True,1,True,False,1,YELLOW,1.4800000190734863,187.5500030517578
20230510,000885,1,True,False,1,True,False,1,OK,8.670000076293945,-27.780000686645508
20230510,000886,1,False,True,1,True,False,1,WEAK,18.719999313354492,388.7699890136719
20230510,000887,2,True,True,0,False,False,0,YELLOW,20.06999969482422,40.47999954223633
20230510,000888,2,True,True,1,True,False,1,WEAK,394.1000061035156,6.980000019073486
20230510,000889,1,True,False,0,False,False,0,WEAK,-12.81999969482422,29.079999923706055
20230510,000890,1,True,False,1,True,False,1,WEAK,53.119998931884766,-48.65999984741211
20230510,000892,1,False,True,1,False,True,0,WEAK,-111.87000274658205,95.4800033569336
20230510,000893,2,True,True,0,False,False,0,OK,-33.38999938964844,-75.9800033569336
20230510,000895,1,True,False,1,True,False,1,YELLOW,6.039999961853027,-11.119999885559082
20230510,000897,0,False,False,0,False,False,0,WEAK,500.0,500.0
20230510,000898,1,False,True,1,True,False,1,WEAK,-500.0,-500.0
20230510,000899,2,True,True,0,False,False,0,WEAK,171.5399932861328,500.0
20230510,000900,1,True,False,1,True,False,1,YELLOW,-3.5299999713897705,4.300000190734863
20230510,000901,1,False,True,1,True,False,1,YELLOW,-5.039999961853027,296.2300109863281
20230510,000902,1,True,False,1,True,False,1,YELLOW,-18.1299991607666,-19.420000076293945
20230510,000905,2,True,True,1,True,False,1,YELLOW,-32.439998626708984,-59.33000183105469
20230510,000906,1,False,True,1,True,False,1,YELLOW,66.16999816894531,-66.70999908447266
20230510,000910,0,False,False,0,False,False,0,WEAK,-11.56999969482422,16.290000915527344
20230510,000912,1,False,True,1,True,False,1,YELLOW,-50.15999984741211,-110.61000061035156
20230510,000913,2,True,True,0,False,False,0,YELLOW,-18.770000457763672,57.2599983215332
20230510,000915,0,False,False,0,False,False,0,YELLOW,-3.3299999237060547,4.989999771118164
20230510,000917,0,False,False,1,False,True,0,YELLOW,-0.8100000023841858,71.55000305175781
20230510,000919,1,False,True,1,True,False,1,YELLOW,-4.860000133514404,10.140000343322754
20230510,000920,2,True,True,1,True,False,1,OK,37.4900016784668,20.170000076293945
20230510,000921,1,True,False,1,True,False,1,YELLOW,165.99000549316406,60.88999938964844
20230510,000922,2,True,True,1,True,False,1,YELLOW,19.86000061035156,7.539999961853027
20230510,000923,1,False,True,1,True,False,1,WEAK,62.09000015258789,29.25
20230510,000925,1,False,True,1,True,False,1,WEAK,-256.8399963378906,3.309999942779541
20230510,000926,1,True,False,1,True,False,1,YELLOW,-31.459999084472656,86.30999755859375
20230510,000927,1,False,True,1,True,False,1,WEAK,-17.3799991607666,-8.1899995803833
20230510,000928,1,True,False,2,True,True,1,YELLOW,6.28000020980835,32.58000183105469
20230510,000930,0,False,False,1,True,False,1,YELLOW,-146.8300018310547,275.7300109863281
20230510,000931,1,True,False,0,False,False,0,OK,264.1499938964844,-1.659999966621399
20230510,000932,0,False,False,1,True,False,1,YELLOW,-19.440000534057617,-49.91999816894531
20230510,000933,0,False,False,1,True,False,1,OK,-32.4900016784668,-34.2400016784668
20230510,000935,1,True,False,1,False,True,0,WEAK,14.630000114440918,-102.02999877929688
20230510,000936,1,True,False,1,True,False,1,WEAK,-41.56999969482422,86.51000213623047
20230510,000937,1,True,False,1,True,False,1,YELLOW,-39.68000030517578,-41.709999084472656
20230510,000938,1,False,True,1,True,False,1,YELLOW,-12.880000114440918,1.75
20230510,000948,2,True,True,0,False,False,0,WEAK,7.769999980926514,16.969999313354492
20230510,000949,0,False,False,1,True,False,1,WEAK,102.13999938964844,365.6099853515625
20230510,000950,2,True,True,1,True,False,1,YELLOW,-34.439998626708984,-37.939998626708984
20230510,000951,2,True,True,1,True,False,1,YELLOW,91.37999725341795,18.68000030517578
20230510,000952,0,False,False,0,False,False,0,WEAK,-500.0,-26.979999542236328
20230510,000953,2,True,True,0,False,False,0,WEAK,63.63999938964844,11.770000457763672
20230510,000955,1,True,False,0,False,False,0,WEAK,77.55999755859375,26.65999984741211
20230510,000957,1,True,False,0,False,False,0,YELLOW,276.3299865722656,100.54000091552734
20230510,000958,1,False,True,1,False,True,0,YELLOW,-30.59000015258789,10.65999984741211
20230510,000959,0,False,False,1,True,False,1,WEAK,-48.15999984741211,47.029998779296875
20230510,000960,0,False,False,1,True,False,1,YELLOW,-18.61000061035156,17.489999771118164
20230510,000962,2,True,True,0,False,False,0,WEAK,15.880000114440918,17.969999313354492
20230510,000963,2,True,True,0,False,False,0,OK,13.619999885559082,10.65999984741211
20230510,000965,1,False,True,0,False,False,0,WEAK,-293.1700134277344,-42.47999954223633
20230510,000966,2,True,True,1,True,False,1,YELLOW,152.72999572753906,11.300000190734863
20230510,000967,1,True,False,1,True,False,1,YELLOW,16.889999389648438,40.59000015258789
20230510,000968,0,False,False,1,True,False,1,YELLOW,-9.229999542236328,-31.56999969482422
20230510,000969,0,False,False,1,True,False,1,YELLOW,10.149999618530272,-1.9700000286102295
20230510,000970,1,False,True,0,False,False,0,YELLOW,-66.20999908447266,-216.63999938964844
20230510,000973,0,False,False,1,True,False,1,YELLOW,-83.26000213623047,13.329999923706056
20230510,000975,2,True,True,1,True,False,1,YELLOW,21.059999465942383,78.2300033569336
20230510,000977,0,False,False,1,True,False,1,YELLOW,-69.30000305175781,40.150001525878906
20230510,000978,1,True,False,0,False,False,0,WEAK,118.69000244140624,-3.859999895095825
20230510,000980,1,False,True,0,False,False,0,WEAK,-17.739999771118164,33.630001068115234
20230510,000981,2,True,True,1,True,False,1,WEAK,-42.220001220703125,105.62999725341795
20230510,000983,2,True,True,0,False,False,0,YELLOW,-31.489999771118164,-64.02999877929688
20230510,000985,0,False,False,0,False,False,0,YELLOW,-176.75,200.4900054931641
20230510,000987,2,True,True,2,True,True,1,YELLOW,2.9100000858306885,-41.310001373291016
20230510,000988,2,True,True,1,True,False,1,YELLOW,11.0600004196167,-18.280000686645508
20230510,000989,2,True,True,1,True,False,1,OK,79.7699966430664,-13.0
20230510,000990,0,False,False,1,True,False,1,WEAK,500.0,346.4800109863281
20230510,000993,1,False,True,0,False,False,0,OK,109.0,-208.1300048828125
20230510,000995,2,True,True,1,True,False,1,YELLOW,-3.490000009536743,-92.27999877929688
20230510,000997,1,True,False,1,True,False,1,YELLOW,87.83999633789062,12.529999732971191
20230510,000998,1,True,False,0,False,False,0,YELLOW,-5.559999942779541,-27.350000381469727
20230510,000999,2,True,True,1,True,False,1,WEAK,29.209999084472656,17.3799991607666
20230510,001201,0,False,False,0,False,False,0,WEAK,-500.0,56.5099983215332
20230510,001202,1,False,True,0,False,False,0,WEAK,38.209999084472656,35.2400016784668
20230510,001203,0,False,False,0,False,False,0,WEAK,-15.920000076293944,57.70000076293945
20230510,001205,1,True,False,0,False,False,0,OK,-13.640000343322754,1.7200000286102295
20230510,001206,0,False,False,0,False,False,0,WEAK,-10.56999969482422,500.0
20230510,001207,0,False,False,1,True,False,1,WEAK,72.58000183105469,272.3699951171875
20230510,001208,1,False,True,1,True,False,1,WEAK,-38.119998931884766,1.659999966621399
20230510,001209,2,True,True,1,True,False,1,OK,500.0,-2.569999933242798
20230510,001210,2,True,True,0,False,False,0,YELLOW,-1.1799999475479126,10.9399995803833
20230510,001211,1,False,True,1,True,False,1,OK,-108.08999633789062,291.20001220703125
20230510,001212,2,True,True,0,False,False,0,WEAK,4.769999980926514,-23.549999237060547
20230510,001213,1,True,False,1,True,False,1,YELLOW,24.850000381469727,98.87999725341795
20230510,001215,2,True,True,0,False,False,0,YELLOW,28.040000915527344,14.050000190734863
20230510,001216,0,False,False,0,False,False,0,YELLOW,-11.949999809265137,44.43000030517578
20230510,001217,1,False,True,1,True,False,1,WEAK,-43.689998626708984,12.630000114440918
20230510,001218,2,True,True,1,True,False,1,WEAK,44.70000076293945,-8.960000038146973
20230510,001219,2,True,True,0,False,False,0,OK,4.369999885559082,9.520000457763672
20230510,001222,1,False,True,0,,False,-1,YELLOW,-21.579999923706055,59.65999984741211
20230510,001223,0,False,False,0,,False,-1,WEAK,-64.20999908447266,-3.8299999237060542
20230510,001225,0,False,False,0,,False,-1,YELLOW,0.0,-33.59000015258789
20230510,001226,1,False,True,0,False,False,0,WEAK,-113.95999908447266,-53.900001525878906
20230510,001227,0,False,False,1,False,True,0,WEAK,0.1599999964237213,5.130000114440918
20230510,001228,0,False,False,0,False,False,0,YELLOW,-47.56999969482422,-14.779999732971191
20230510,001229,2,True,True,0,,False,-1,YELLOW,13.84000015258789,-19.690000534057617
20230510,001230,2,True,True,0,,False,-1,YELLOW,1.309999942779541,8.579999923706055
20230510,001231,0,False,False,0,,False,-1,OK,-43.68000030517578,-9.5600004196167
20230510,001234,1,False,True,0,False,False,0,YELLOW,-35.08000183105469,142.89999389648438
20230510,001236,1,False,True,1,,True,-1,WEAK,-97.9800033569336,-336.25
20230510,001238,0,False,False,0,,False,-1,YELLOW,-49.279998779296875,50.560001373291016
20230510,001255,1,False,True,0,,False,-1,WEAK,-14.119999885559082,-109.97000122070312
20230510,001256,0,False,False,0,,False,-1,OK,-11.140000343322754,76.54000091552734
20230510,001258,0,False,False,0,,False,-1,OK,5.210000038146973,-46.5
20230510,001259,0,False,False,0,,False,-1,YELLOW,-59.209999084472656,-25.280000686645508
20230510,001260,0,False,False,0,,False,-1,WEAK,-23.8799991607666,-18.6200008392334
20230510,001266,0,False,False,0,False,False,0,WEAK,-134.39999389648438,-383.7000122070313
20230510,001267,1,False,True,1,False,True,0,YELLOW,-27.559999465942383,248.11000061035156
20230510,001268,1,False,True,0,False,False,0,WEAK,-26.1299991607666,1.190000057220459
20230510,001269,1,False,True,0,,False,-1,YELLOW,274.30999755859375,-87.6500015258789
20230510,001278,1,False,True,0,,False,-1,YELLOW,0.0,-8.220000267028809
20230510,001283,0,False,False,0,,False,-1,WEAK,-54.81999969482422,76.41000366210938
20230510,001288,2,True,True,1,True,False,1,YELLOW,34.54999923706055,23.11000061035156
20230510,001289,2,True,True,1,True,False,1,YELLOW,14.050000190734863,4.46999979019165
20230510,001296,2,True,True,1,True,False,1,WEAK,146.02000427246094,64.4800033569336
20230510,001298,0,False,False,0,,False,-1,YELLOW,-50.7599983215332,-26.899999618530273
20230510,001299,0,False,False,0,,False,-1,WEAK,-29.219999313354492,-14.609999656677246
20230510,001300,1,False,True,0,,False,-1,YELLOW,-95.6500015258789,500.0
20230510,001301,0,False,False,0,,False,-1,YELLOW,-46.959999084472656,-35.15999984741211
20230510,001308,1,True,False,1,True,False,1,YELLOW,-19.850000381469727,-38.779998779296875
20230510,001309,1,False,True,1,True,False,1,WEAK,-349.6700134277344,500.0
20230510,001311,1,False,True,0,,False,-1,YELLOW,0.0,9.15999984741211
20230510,001313,0,False,False,1,True,False,1,WEAK,-180.80999755859375,-15.779999732971191
20230510,001314,1,False,True,0,,False,-1,YELLOW,-49.18000030517578,-172.41000366210938
20230510,001316,2,True,True,0,False,False,0,WEAK,54.220001220703125,-20.030000686645508
20230510,001317,1,False,True,0,False,False,0,WEAK,12.640000343322754,-24.420000076293945
20230510,001318,1,False,True,0,False,False,0,YELLOW,12.800000190734863,0.959999978542328
20230510,001319,0,False,False,0,False,False,0,WEAK,9.329999923706056,28.31999969482422
20230510,001322,0,False,False,0,,False,-1,YELLOW,-32.83000183105469,-500.0
20230510,001323,0,False,False,0,False,False,0,OK,21.229999542236328,36.439998626708984
20230510,001330,0,False,False,1,,True,-1,WEAK,-500.0,91.95999908447266
20230510,001331,0,False,False,0,,False,-1,YELLOW,-144.17999267578125,500.0
20230510,001332,1,False,True,0,,False,-1,WEAK,-40.72999954223633,-17.440000534057617
20230510,001333,1,False,True,0,,False,-1,WEAK,-10.170000076293944,7.71999979019165
20230510,001336,0,False,False,0,,False,-1,YELLOW,-56.939998626708984,-25.440000534057617
20230510,001337,0,False,False,0,,False,-1,OK,0.0,24.440000534057617
20230510,001338,1,False,True,0,,False,-1,WEAK,9.15999984741211,319.3599853515625
20230510,001339,1,False,True,0,,False,-1,YELLOW,-71.5999984741211,-76.95999908447266
20230510,001366,0,False,False,0,,False,-1,WEAK,0.0,-129.5800018310547
20230510,001368,1,False,True,0,,False,-1,YELLOW,0.0,-1.8799999952316284
20230510,001696,2,True,True,1,True,False,1,YELLOW,-12.0,11.239999771118164
20230510,001872,0,False,False,1,True,False,1,OK,12.920000076293944,12.199999809265137
20230510,001896,1,True,False,0,False,False,0,WEAK,55.29999923706055,100.51000213623048
20230510,001914,1,True,False,1,True,False,1,YELLOW,39.79999923706055,10.470000267028809
20230510,001965,1,True,False,1,True,False,1,WEAK,30.850000381469727,-3.440000057220459
20230510,001979,0,False,False,0,False,False,0,WEAK,27.469999313354492,8.0
20230510,002001,1,False,True,1,True,False,1,WEAK,-33.369998931884766,46.220001220703125
20230510,002003,1,False,True,0,False,False,0,OK,-0.0799999982118606,46.130001068115234
20230510,002004,1,True,False,1,True,False,1,OK,-31.0,-11.789999961853027
20230510,002006,1,True,False,0,False,False,0,YELLOW,-8.680000305175781,24.61000061035156
20230510,002007,2,True,True,1,True,False,1,OK,19.450000762939453,-19.65999984741211
20230510,002008,1,False,True,0,False,False,0,YELLOW,-55.150001525878906,87.0
20230510,002009,0,False,False,0,False,False,0,WEAK,-350.55999755859375,100.19000244140624
20230510,002010,0,False,False,0,False,False,0,YELLOW,-12.899999618530272,1.0499999523162842
20230510,002011,2,True,True,0,False,False,0,YELLOW,66.75,13.9399995803833
20230510,002012,0,False,False,1,True,False,1,WEAK,-178.7100067138672,137.0800018310547
20230510,002014,2,True,True,1,True,False,1,YELLOW,18.469999313354492,5.5
20230510,002015,2,True,True,1,True,False,1,WEAK,108.37999725341795,-33.349998474121094
20230510,002016,2,True,True,1,True,False,1,WEAK,110.2300033569336,-80.70999908447266
20230510,002017,2,True,True,0,False,False,0,YELLOW,76.80000305175781,21.200000762939453
20230510,002019,1,False,True,1,True,False,1,YELLOW,-13.0,83.93000030517578
20230510,002020,2,True,True,1,True,False,1,YELLOW,-2.190000057220459,14.300000190734863
20230510,002021,0,False,False,1,True,False,1,YELLOW,-145.77000427246094,500.0
20230510,002022,2,True,True,1,True,False,1,WEAK,-103.19000244140624,-181.25
20230510,002023,1,False,True,1,True,False,1,YELLOW,-81.83999633789062,47.2599983215332
20230510,002025,1,True,False,1,True,False,1,OK,37.58000183105469,-2.8399999141693115
20230510,002026,1,False,True,0,False,False,0,YELLOW,-50.689998626708984,500.0
20230510,002027,1,False,True,1,False,True,0,WEAK,66.94000244140625,18.170000076293945
20230510,002028,1,True,False,1,True,False,1,YELLOW,37.310001373291016,86.95999908447266
20230510,002029,1,True,False,1,True,False,1,OK,90.9499969482422,-7.710000038146973
20230510,002030,1,False,True,0,False,False,0,WEAK,-99.41000366210938,-481.6700134277344
20230510,002031,1,True,False,0,False,False,0,YELLOW,0.4900000095367431,-143.9499969482422
20230510,002032,1,False,True,1,True,False,1,YELLOW,5.070000171661377,8.0600004196167
20230510,002033,2,True,True,0,False,False,0,WEAK,500.0,-0.6600000262260437
20230510,002034,0,False,False,0,False,False,0,WEAK,0.8799999952316284,11.40999984741211
20230510,002035,2,True,True,1,True,False,1,OK,31.25,50.72999954223633
20230510,002036,1,False,True,0,False,False,0,WEAK,-378.5299987792969,52.630001068115234
20230510,002037,1,True,False,0,False,False,0,WEAK,160.27999877929688,-95.29000091552734
20230510,002038,2,True,True,1,True,False,1,OK,7.260000228881836,6.619999885559082
20230510,002039,1,False,True,0,False,False,0,WEAK,-50.34000015258789,170.55999755859375
20230510,002040,1,False,True,1,True,False,1,OK,-3.619999885559082,-2.390000104904175
20230510,002041,1,False,True,0,False,False,0,WEAK,-27.899999618530273,-54.97999954223633
20230510,002042,1,False,True,1,True,False,1,YELLOW,-92.20999908447266,-81.2300033569336
20230510,002043,0,False,False,0,False,False,0,YELLOW,13.210000038146973,38.34000015258789
20230510,002044,1,True,False,1,True,False,1,WEAK,153.77000427246094,-71.58000183105469
20230510,002045,1,False,True,1,True,False,1,YELLOW,7.03000020980835,445.19000244140625
20230510,002046,1,False,True,0,False,False,0,YELLOW,-6.420000076293945,52.58000183105469
20230510,002048,1,True,False,0,False,False,0,YELLOW,-0.1599999964237213,8.029999732971191
20230510,002049,2,True,True,0,False,False,0,YELLOW,-1.690000057220459,-58.25
20230510,002050,1,True,False,0,False,False,0,YELLOW,26.86000061035156,20.530000686645508
20230510,002051,2,True,True,2,True,True,1,YELLOW,6.440000057220459,29.969999313354492
20230510,002052,1,True,False,1,True,False,1,WEAK,29.09000015258789,-66.70999908447266
20230510,002053,2,True,True,0,False,False,0,OK,60.11000061035156,108.04000091552734
20230510,002054,0,False,False,1,True,False,1,WEAK,-68.63999938964844,389.69000244140625
20230510,002056,2,True,True,1,True,False,1,YELLOW,53.709999084472656,-40.4900016784668
20230510,002057,0,False,False,0,False,False,0,YELLOW,-9.75,2.4100000858306885
20230510,002059,1,False,True,0,False,False,0,WEAK,-52.70000076293945,-46.810001373291016
20230510,002060,2,True,True,0,False,False,0,YELLOW,279.4700012207031,-16.149999618530273
20230510,002061,1,False,True,2,True,True,1,YELLOW,-6.480000019073486,14.920000076293944
20230510,002062,2,True,True,1,False,True,0,YELLOW,12.81999969482422,-16.739999771118164
20230510,002063,1,False,True,0,False,False,0,WEAK,2.2300000190734863,171.4600067138672
20230510,002064,0,False,False,1,True,False,1,WEAK,-21.790000915527344,7.559999942779541
20230510,002065,2,True,True,1,True,False,1,YELLOW,-31.469999313354492,1.3700000047683716
20230510,002066,1,False,True,0,False,False,0,YELLOW,-16.649999618530273,48.43000030517578
20230510,002067,0,False,False,1,True,False,1,WEAK,-83.48999786376953,303.3800048828125
20230510,002068,1,False,True,0,False,False,0,WEAK,-500.0,97.6500015258789
20230510,002069,1,True,False,1,True,False,1,WEAK,165.30999755859375,-6.0
20230510,002072,0,False,,0,False,False,0,WEAK,79.5,266.42999267578125
20230510,002073,1,True,False,0,False,False,0,YELLOW,75.56999969482422,404.3800048828125
20230510,002074,0,False,False,0,False,False,0,YELLOW,114.12000274658205,195.2599945068359
20230510,002075,0,False,False,0,False,False,0,WEAK,-93.33000183105467,500.0
20230510,002077,2,True,True,0,False,False,0,WEAK,-21.530000686645508,25.440000534057617
20230510,002078,0,False,False,1,True,False,1,WEAK,-6.690000057220459,72.22000122070312
20230510,002079,0,False,False,0,False,False,0,YELLOW,-46.13999938964844,47.43000030517578
20230510,002080,1,False,True,0,False,False,0,WEAK,-8.8100004196167,-70.76000213623047
20230510,002081,1,False,True,1,False,True,0,YELLOW,-18.270000457763672,-23.88999938964844
20230510,002083,0,False,False,0,False,False,0,WEAK,36.560001373291016,476.0499877929687
20230510,002084,0,False,False,0,False,False,0,WEAK,-93.8000030517578,122.2699966430664
20230510,002085,1,True,False,0,,False,-1,YELLOW,-11.390000343322754,5.840000152587891
20230510,002086,1,True,False,1,True,False,1,WEAK,-500.0,-500.0
20230510,002088,0,False,False,0,False,False,0,OK,-14.90999984741211,-15.880000114440918
20230510,002090,2,True,True,0,False,False,0,YELLOW,71.83000183105469,144.63999938964844
20230510,002091,1,False,True,0,False,False,0,YELLOW,-14.979999542236328,-19.18000030517578
20230510,002092,1,False,True,1,True,False,1,WEAK,-208.22999572753903,44.88999938964844
20230510,002093,2,True,True,0,False,False,0,OK,26.09000015258789,14.109999656677246
20230510,002094,1,True,False,0,False,False,0,YELLOW,-31.780000686645508,-36.27000045776367
20230510,002095,0,False,False,1,False,True,0,YELLOW,-17.049999237060547,-260.55999755859375
20230510,002096,2,True,True,1,True,False,1,WEAK,500.0,4.329999923706055
20230510,002097,1,True,False,1,True,False,1,YELLOW,75.58000183105469,-286.1300048828125
20230510,002098,0,False,False,0,False,False,0,YELLOW,16.139999389648438,148.24000549316406
20230510,002099,1,False,True,1,True,False,1,WEAK,-86.98999786376953,500.0
20230510,002100,1,True,False,1,True,False,1,WEAK,-296.1700134277344,500.0
20230510,002101,2,True,True,0,False,False,0,YELLOW,11.210000038146973,-17.940000534057617
20230510,002103,1,True,False,1,True,False,1,YELLOW,303.2200012207031,235.86000061035156
20230510,002104,1,True,False,1,True,False,1,YELLOW,119.16999816894533,-37.84000015258789
20230510,002105,0,False,False,0,False,False,0,YELLOW,-94.16000366210938,-71.05000305175781
20230510,002106,0,False,False,1,True,False,1,YELLOW,-15.800000190734863,500.0
20230510,002107,1,False,True,1,True,False,1,YELLOW,-29.36000061035156,-66.80000305175781
20230510,002108,2,True,True,1,True,False,1,WEAK,-2.1600000858306885,-27.59000015258789
20230510,002110,0,False,False,0,False,False,0,WEAK,-260.70001220703125,-60.380001068115234
20230510,002111,1,False,True,0,False,False,0,YELLOW,43.0,91.75
20230510,002112,1,True,False,1,True,False,1,YELLOW,64.44999694824219,314.010009765625
20230510,002114,2,True,True,1,True,False,1,WEAK,-38.439998626708984,-321.8500061035156
20230510,002115,2,True,True,1,True,False,1,YELLOW,12.029999732971191,-53.84000015258789
20230510,002116,2,True,True,2,True,True,1,YELLOW,2.1600000858306885,10.0
20230510,002117,2,True,True,1,True,False,1,OK,17.010000228881836,-11.0
20230510,002119,0,False,False,1,True,False,1,YELLOW,-49.29999923706055,-11.600000381469728
20230510,002120,0,False,False,0,False,False,0,YELLOW,39.099998474121094,11.5
20230510,002121,2,True,True,0,False,False,0,WEAK,70.0999984741211,58.279998779296875
20230510,002123,1,True,False,0,False,False,0,WEAK,-484.8299865722656,-141.1699981689453
20230510,002124,1,False,True,0,False,False,0,WEAK,-260.6300048828125,34.08000183105469
20230510,002125,0,False,False,0,False,False,0,YELLOW,-37.27000045776367,73.44000244140625
20230510,002126,1,True,False,0,False,False,0,YELLOW,124.30999755859376,62.29999923706055
20230510,002127,0,False,False,0,False,False,0,WEAK,-70.30999755859375,14.270000457763672
20230510,002128,2,True,True,1,True,False,1,YELLOW,9.359999656677246,20.84000015258789
20230510,002129,1,True,False,1,True,False,1,YELLOW,6.510000228881836,-146.77999877929688
20230510,002130,1,True,False,1,True,False,1,YELLOW,11.699999809265137,78.83999633789062
20230510,002131,1,True,False,1,True,False,1,YELLOW,13.15999984741211,-31.40999984741211
20230510,002132,1,False,True,0,False,False,0,WEAK,-98.66000366210938,129.1300048828125
20230510,002133,2,True,True,1,True,False,1,YELLOW,30.34000015258789,-97.93000030517578
20230510,002134,1,True,False,1,True,False,1,YELLOW,61.38999938964844,52.11000061035156
20230510,002135,0,False,False,1,False,True,0,YELLOW,-8.09000015258789,-48.22999954223633
20230510,002136,0,False,False,0,False,False,0,YELLOW,-56.810001373291016,-39.119998931884766
20230510,002137,2,True,True,0,False,False,0,YELLOW,-25.5,-29.1299991607666
20230510,002138,0,False,False,0,False,False,0,YELLOW,24.5,156.72999572753906
20230510,002139,2,True,True,0,False,False,0,YELLOW,3.0,85.4800033569336
20230510,002140,2,True,True,1,False,True,0,YELLOW,-2.2200000286102295,23.06999969482422
20230510,002141,2,True,True,0,False,False,0,WEAK,34.630001068115234,-44.060001373291016
20230510,002142,2,True,True,1,False,True,0,WEAK,11.399999618530272,10.079999923706056
20230510,002144,2,True,True,0,False,False,0,YELLOW,-6.079999923706055,3.200000047683716
20230510,002145,1,False,True,0,False,False,0,WEAK,-57.38999938964844,204.08999633789065
20230510,002146,1,True,False,0,False,False,0,WEAK,105.44000244140624,111.25
20230510,002148,1,False,True,0,False,False,0,OK,-64.30000305175781,61.529998779296875
20230510,002149,1,True,False,1,True,False,1,YELLOW,27.440000534057617,7.099999904632568
20230510,002150,0,False,False,0,False,False,0,YELLOW,-70.04000091552734,-3.2100000381469727
20230510,002151,0,False,False,1,True,False,1,YELLOW,-137.17999267578125,-500.0
20230510,002152,1,True,False,1,True,False,1,OK,11.770000457763672,7.409999847412109
20230510,002153,1,True,False,1,True,False,1,OK,124.91999816894533,22.81999969482422
20230510,002154,2,True,True,1,True,False,1,OK,53.58000183105469,6.929999828338623
20230510,002155,1,True,False,0,False,False,0,YELLOW,11.579999923706056,51.84000015258789
20230510,002156,0,False,False,1,True,False,1,WEAK,-140.77999877929688,306.82000732421875
20230510,002157,1,True,False,0,False,False,0,WEAK,62.779998779296875,71.94999694824219
20230510,002158,2,True,True,0,False,False,0,OK,48.900001525878906,24.25
20230510,002159,2,True,True,1,True,False,1,WEAK,352.8399963378906,-21.93000030517578
20230510,002160,0,False,False,0,False,False,0,YELLOW,66.77999877929688,-500.0
20230510,002161,2,True,True,0,False,False,0,WEAK,37.84000015258789,38.20000076293945
20230510,002162,1,True,False,0,False,False,0,WEAK,21.799999237060547,-100.18000030517578
20230510,002163,2,True,True,1,False,True,0,WEAK,24.989999771118164,12.800000190734863
20230510,002164,0,False,False,0,False,False,0,WEAK,-47.209999084472656,290.1700134277344
20230510,002165,1,True,False,1,True,False,1,WEAK,500.0,299.5299987792969
20230510,002166,1,False,True,1,True,False,1,YELLOW,-97.66000366210938,372.0499877929687
20230510,002167,1,False,True,0,False,False,0,YELLOW,-108.33999633789062,-500.0
20230510,002169,2,True,True,0,False,False,0,YELLOW,90.16999816894533,-146.5399932861328
20230510,002170,2,True,True,1,True,False,1,YELLOW,129.67999267578125,9.34000015258789
20230510,002171,1,False,True,1,True,False,1,YELLOW,248.2400054931641,500.0
20230510,002172,0,False,False,0,False,False,0,YELLOW,28.61000061035156,138.5399932861328
20230510,002173,1,True,False,0,False,False,0,WEAK,69.86000061035156,-500.0
20230510,002174,0,False,False,2,True,True,1,YELLOW,-242.2599945068359,292.07000732421875
20230510,002176,1,False,True,0,False,False,0,WEAK,-108.08999633789062,-204.3699951171875
20230510,002177,1,True,False,1,True,False,1,YELLOW,-19.670000076293945,16.309999465942383
20230510,002178,1,True,False,0,False,False,0,YELLOW,101.7300033569336,-500.0
20230510,002179,2,True,True,1,True,False,1,OK,27.600000381469727,-24.799999237060547
20230510,002180,0,False,False,0,False,False,0,OK,-82.61000061035156,30.479999542236328
20230510,002181,0,False,False,1,False,True,0,WEAK,-65.86000061035156,-52.75
20230510,002182,0,False,False,1,True,False,1,YELLOW,-66.27999877929688,32.72999954223633
20230510,002183,1,False,True,0,False,False,0,YELLOW,-71.80000305175781,-52.560001373291016
20230510,002184,2,True,True,0,False,False,0,YELLOW,23.09000015258789,-191.8500061035156
20230510,002185,0,False,False,1,True,False,1,WEAK,-178.36000061035156,57.720001220703125
20230510,002186,1,True,False,0,False,False,0,WEAK,136.19000244140625,87.62000274658203
20230510,002187,2,True,True,0,False,False,0,YELLOW,138.05999755859375,-25.270000457763672
20230510,002188,1,True,False,0,False,False,0,WEAK,33.18000030517578,2.75
20230510,002189,1,False,True,1,True,False,1,WEAK,-194.57000732421875,77.69999694824219
20230510,002190,1,False,True,0,False,False,0,YELLOW,-30.729999542236328,-500.0
20230510,002191,0,False,False,1,True,False,1,WEAK,-25.399999618530273,-10.350000381469728
20230510,002192,0,False,False,0,False,False,0,WEAK,-74.20999908447266,-65.29000091552734
20230510,002194,1,False,True,0,False,False,0,YELLOW,-65.58000183105469,-99.3000030517578
20230510,002195,2,True,True,0,False,False,0,WEAK,3.619999885559082,-29.86000061035156
20230510,002196,0,False,False,0,False,False,0,YELLOW,170.72999572753906,-209.05999755859375
20230510,002197,2,True,True,0,False,False,0,WEAK,264.30999755859375,-106.33999633789062
20230510,002201,0,False,False,0,False,False,0,YELLOW,-5.889999866485596,-25.290000915527344
20230510,002202,1,False,True,1,True,False,1,WEAK,-53.970001220703125,-68.41000366210938
20230510,002203,1,True,False,1,True,False,1,YELLOW,58.31999969482422,-10.029999732971191
20230510,002204,2,True,True,0,False,False,0,YELLOW,28.149999618530273,52.959999084472656
20230510,002205,0,False,False,0,False,False,0,WEAK,-84.93000030517578,60.599998474121094
20230510,002206,0,False,False,0,False,False,0,WEAK,8.0600004196167,14.15999984741211
20230510,002208,1,False,True,0,False,False,0,YELLOW,108.75,-306.4700012207031
20230510,002209,1,False,True,0,False,False,0,WEAK,23.530000686645508,114.47000122070312
20230510,002210,1,True,False,0,False,False,0,WEAK,162.38999938964844,500.0
20230510,002212,0,False,False,0,False,False,0,WEAK,42.380001068115234,2.049999952316284
20230510,002213,1,False,True,0,False,False,0,YELLOW,-465.4700012207031,-500.0
20230510,002215,1,True,False,1,True,False,1,YELLOW,2.8499999046325684,93.76000213623048
20230510,002216,1,True,False,1,True,False,1,YELLOW,8.739999771118164,-18.040000915527344
20230510,002217,0,False,False,1,True,False,1,WEAK,-111.0,13.050000190734863
20230510,002218,1,False,True,0,False,False,0,WEAK,-47.84000015258789,-101.54000091552734
20230510,002219,1,True,False,1,True,False,1,YELLOW,-48.02000045776367,23.549999237060547
20230510,002221,0,False,False,1,True,False,1,WEAK,-42.16999816894531,3.9600000381469727
20230510,002222,2,True,True,1,True,False,1,YELLOW,-12.739999771118164,-8.949999809265137
20230510,002223,2,True,True,1,True,False,1,OK,74.08000183105469,-21.690000534057617
20230510,002224,1,False,True,1,True,False,1,WEAK,-18.200000762939453,500.0
20230510,002225,0,False,False,0,False,False,0,YELLOW,-1.159999966621399,36.72999954223633
20230510,002226,1,False,True,1,True,False,1,WEAK,-6.789999961853027,30.06999969482422
20230510,002228,0,False,False,1,True,False,1,YELLOW,-4.369999885559082,15.649999618530272
20230510,002229,1,False,True,1,True,False,1,WEAK,21.760000228881836,-44.4900016784668
20230510,002230,0,False,False,1,True,False,1,WEAK,-175.97000122070312,-30.290000915527344
20230510,002232,2,True,True,0,False,False,0,WEAK,-6.300000190734863,-293.3599853515625
20230510,002233,1,True,False,1,True,False,1,WEAK,148.52000427246094,-17.309999465942383
20230510,002234,2,True,True,0,False,False,0,WEAK,64.12000274658203,-162.77999877929688
20230510,002235,1,True,False,0,False,False,0,YELLOW,-6.880000114440918,-270.010009765625
20230510,002236,2,True,True,1,True,False,1,OK,51.68000030517578,25.920000076293945
20230510,002237,1,False,True,1,True,False,1,YELLOW,36.279998779296875,90.8499984741211
20230510,002238,2,True,True,1,False,True,0,OK,-37.5,-195.4600067138672
20230510,002239,2,True,True,0,False,False,0,YELLOW,435.8399963378906,22.59000015258789
20230510,002240,1,False,True,0,False,False,0,OK,-89.06999969482422,-149.92999267578125
20230510,002241,1,False,True,0,False,False,0,WEAK,-77.44000244140625,500.0
20230510,002242,0,False,False,0,False,False,0,YELLOW,-26.149999618530273,7.230000019073486
20230510,002243,1,True,False,1,True,False,1,WEAK,31.40999984741211,-500.0
20230510,002244,2,True,True,0,False,False,0,YELLOW,20.63999938964844,19.780000686645508
20230510,002245,1,False,True,0,False,False,0,WEAK,-78.33000183105469,401.4100036621094
20230510,002246,1,False,True,0,False,False,0,YELLOW,-114.11000061035156,-469.4599914550781
20230510,002247,2,True,True,0,False,False,0,YELLOW,31.309999465942383,41.529998779296875
20230510,002248,2,True,True,0,False,False,0,YELLOW,1.309999942779541,30.049999237060547
20230510,002249,2,True,True,1,True,False,1,YELLOW,26.739999771118164,27.719999313354492
20230510,002250,0,False,False,0,False,False,0,YELLOW,-94.51000213623048,-73.19000244140625
20230510,002251,0,False,False,0,False,False,0,WEAK,-500.0,103.95999908447266
20230510,002252,1,True,False,1,True,False,1,WEAK,12.729999542236328,-16.639999389648438
20230510,002254,1,False,True,0,False,False,0,WEAK,-12.210000038146973,-94.47000122070312
20230510,002255,1,True,False,1,True,False,1,YELLOW,22.209999084472656,35.18000030517578
20230510,002256,0,False,False,0,False,False,0,WEAK,-128.25,83.27999877929688
20230510,002258,1,False,True,0,False,False,0,OK,-62.68000030517578,-86.12999725341797
20230510,002259,1,True,False,0,False,False,0,YELLOW,500.0,-0.8700000047683716
20230510,002261,1,True,False,1,True,False,1,WEAK,-8.430000305175781,-86.98999786376953
20230510,002262,2,True,True,1,True,False,1,OK,18.90999984741211,16.6200008392334
20230510,002263,0,False,False,0,False,False,0,WEAK,-113.2300033569336,-368.4100036621094
20230510,002264,1,True,False,1,False,True,0,YELLOW,34.06999969482422,47.150001525878906
20230510,002265,2,True,True,1,True,False,1,YELLOW,500.0,11.18000030517578
20230510,002266,0,False,False,1,True,False,1,WEAK,-15.960000038146973,-69.18000030517578
20230510,002267,1,False,True,1,True,False,1,YELLOW,-49.439998626708984,15.609999656677246
20230510,002268,1,False,True,0,False,False,0,WEAK,24.65999984741211,-369.5
20230510,002269,1,True,False,0,False,False,0,OK,87.04000091552734,-61.79999923706055
20230510,002270,2,True,True,1,True,False,1,OK,52.4900016784668,24.09000015258789
20230510,002271,1,True,False,0,False,False,0,WEAK,42.66999816894531,-4.389999866485596
20230510,002272,1,False,True,0,False,False,0,WEAK,31.540000915527344,-94.5500030517578
20230510,002273,1,False,True,0,False,False,0,YELLOW,-13.510000228881836,170.77000427246094
20230510,002274,1,False,True,1,True,False,1,WEAK,-44.70000076293945,22.6200008392334
20230510,002275,1,True,False,1,True,False,1,OK,23.3799991607666,-46.56999969482422
20230510,002276,1,True,False,1,True,False,1,YELLOW,23.829999923706055,2.569999933242798
20230510,002277,0,False,False,0,False,False,0,WEAK,14.369999885559082,53.4900016784668
20230510,002278,2,True,True,0,False,False,0,WEAK,183.86000061035156,19.059999465942383
20230510,002279,1,False,True,0,False,False,0,WEAK,-23.690000534057617,-41.119998931884766
20230510,002281,0,False,False,1,True,False,1,YELLOW,-21.450000762939453,-5.150000095367432
20230510,002282,2,True,True,1,True,False,1,WEAK,74.30999755859375,112.52999877929688
20230510,002283,2,True,True,1,True,False,1,YELLOW,73.66999816894531,-5.090000152587891
20230510,002284,1,True,False,1,True,False,1,YELLOW,184.2899932861328,99.3000030517578
20230510,002285,2,True,True,0,False,False,0,WEAK,56.970001220703125,-47.7400016784668
20230510,002286,0,False,False,1,True,False,1,YELLOW,-70.3499984741211,59.0099983215332
20230510,002287,0,False,False,1,True,False,1,OK,-29.399999618530273,77.41999816894531
20230510,002290,0,False,False,1,True,False,1,YELLOW,-1.7100000381469729,59.84000015258789
20230510,002291,0,False,False,1,False,True,0,WEAK,-343.4599914550781,-116.69000244140624
20230510,002292,1,True,False,2,True,True,1,YELLOW,317.9100036621094,208.5800018310547
20230510,002293,2,True,True,1,True,False,1,OK,5.420000076293945,-46.4900016784668
20230510,002294,1,True,False,0,False,False,0,OK,-8.930000305175781,5.869999885559082
20230510,002295,1,True,False,0,False,False,0,YELLOW,20.270000457763672,-9.850000381469728
20230510,002296,1,True,False,0,False,False,0,OK,-32.150001525878906,234.57000732421875
20230510,002297,1,False,True,0,False,False,0,YELLOW,-5.690000057220459,-362.2300109863281
20230510,002298,1,False,True,0,False,False,0,WEAK,-212.6499938964844,197.6499938964844
20230510,002299,1,True,False,0,False,False,0,YELLOW,368.9599914550781,-162.57000732421875
20230510,002300,2,True,True,1,True,False,1,YELLOW,15.279999732971191,-21.18000030517578
20230510,002301,0,False,False,1,True,False,1,YELLOW,14.520000457763672,3.5799999237060547
20230510,002302,0,False,False,1,True,False,1,WEAK,-39.040000915527344,-94.83000183105467
20230510,002303,1,True,False,0,False,False,0,YELLOW,84.9000015258789,107.58000183105467
20230510,002304,2,True,True,0,False,False,0,OK,14.949999809265137,6.789999961853027
20230510,002307,0,False,False,2,True,True,1,YELLOW,-80.04000091552734,-49.709999084472656
20230510,002309,0,False,False,0,False,False,0,WEAK,22.219999313354492,-43.25
20230510,002310,0,False,False,1,False,True,0,WEAK,-19.309999465942383,47.68000030517578
20230510,002311,1,True,False,0,False,False,0,YELLOW,5.0,95.19000244140624
20230510,002312,1,False,True,0,False,False,0,YELLOW,-69.26000213623047,-39.41999816894531
20230510,002313,1,False,True,1,True,False,1,WEAK,76.37999725341797,89.30000305175781
20230510,002314,1,True,False,0,False,False,0,YELLOW,87.29000091552734,-283.239990234375
20230510,002315,1,True,False,1,True,False,1,OK,30.760000228881836,57.029998779296875
20230510,002316,1,True,False,2,True,True,1,WEAK,50.150001525878906,106.94000244140624
20230510,002317,2,True,True,0,False,False,0,YELLOW,12.329999923706056,-43.58000183105469
20230510,002318,2,True,True,0,False,False,0,YELLOW,0.8600000143051147,55.689998626708984
20230510,002319,1,True,False,1,True,False,1,YELLOW,112.94000244140624,-500.0
20230510,002320,2,True,True,1,True,False,1,OK,200.66000366210935,7.75
20230510,002321,2,True,True,1,True,False,1,WEAK,107.69000244140624,-192.80999755859375
20230510,002322,0,False,False,0,False,False,0,YELLOW,11.039999961853027,212.2899932861328
20230510,002324,2,True,True,0,False,False,0,YELLOW,173.2899932861328,-9.829999923706056
20230510,002326,1,False,True,0,False,False,0,WEAK,-134.63999938964844,49.900001525878906
20230510,002327,2,True,True,1,True,False,1,OK,5.880000114440918,2.4000000953674316
20230510,002328,2,True,True,0,False,False,0,YELLOW,52.540000915527344,8.100000381469727
20230510,002329,0,False,False,0,False,False,0,YELLOW,32.0099983215332,73.9800033569336
20230510,002330,1,True,False,0,False,False,0,YELLOW,55.369998931884766,-45.34000015258789
20230510,002331,0,False,False,1,True,False,1,WEAK,40.27000045776367,68.08999633789062
20230510,002332,1,True,False,1,True,False,1,OK,-7.320000171661377,9.829999923706056
20230510,002333,1,True,False,1,True,False,1,YELLOW,308.7300109863281,-7.53000020980835
20230510,002334,1,True,False,1,True,False,1,YELLOW,62.27000045776367,-44.66999816894531
20230510,002335,2,True,True,0,False,False,0,OK,56.84000015258789,-54.31999969482422
20230510,002337,2,True,True,0,False,False,0,OK,104.16999816894533,-83.02999877929688
20230510,002338,1,True,False,1,True,False,1,YELLOW,10.210000038146973,-25.760000228881836
20230510,002339,1,False,True,0,False,False,0,WEAK,10.4399995803833,-11.720000267028809
20230510,002340,1,False,True,0,False,False,0,WEAK,-49.779998779296875,332.9800109863281
20230510,002342,1,False,True,1,True,False,1,YELLOW,-18.760000228881836,132.77999877929688
20230510,002343,0,False,False,2,True,True,1,WEAK,-105.08000183105467,-55.75
20230510,002344,1,True,False,1,True,False,1,OK,-48.25,-43.7599983215332
20230510,002345,1,True,False,1,True,False,1,WEAK,34.619998931884766,5.369999885559082
20230510,002346,2,True,True,1,True,False,1,YELLOW,-14.890000343322754,-91.4800033569336
20230510,002347,2,True,True,0,False,False,0,YELLOW,-16.290000915527344,-500.0
20230510,002348,1,True,False,1,True,False,1,WEAK,54.68000030517578,19.079999923706055
20230510,002349,1,True,False,0,False,False,0,OK,20.899999618530273,-23.09000015258789
20230510,002350,1,True,False,1,True,False,1,WEAK,-55.34000015258789,49.119998931884766
20230510,002351,1,True,False,1,True,False,1,OK,80.94999694824219,43.95000076293945
20230510,002352,1,True,False,0,False,False,0,YELLOW,43.54999923706055,9.210000038146973
20230510,002353,2,True,True,0,False,False,0,OK,7.420000076293945,4.889999866485596
20230510,002354,1,True,False,1,False,True,0,WEAK,108.54000091552734,500.0
20230510,002355,1,True,False,0,False,False,0,WEAK,26.850000381469727,89.4800033569336
20230510,002356,2,True,True,0,False,False,0,WEAK,74.68000030517578,-283.8500061035156
20230510,002357,1,True,False,0,False,False,0,WEAK,150.2899932861328,-0.6800000071525574
20230510,002358,2,True,True,0,False,False,0,YELLOW,122.47000122070312,138.0800018310547
20230510,002361,1,False,True,1,True,False,1,WEAK,-80.55999755859375,125.45999908447266
20230510,002362,1,False,True,0,False,False,0,WEAK,-86.04000091552734,44.279998779296875
20230510,002363,1,False,True,0,False,False,0,YELLOW,-10.770000457763672,6.639999866485596
20230510,002364,2,True,True,1,True,False,1,YELLOW,12.789999961853027,104.16000366210938
20230510,002365,1,False,True,0,False,False,0,YELLOW,-106.66999816894533,247.61000061035156
20230510,002366,2,True,True,1,True,False,1,WEAK,96.01000213623048,99.55999755859376
20230510,002367,1,True,False,1,True,False,1,YELLOW,74.87999725341797,-7.179999828338623
20230510,002368,1,True,False,0,False,False,0,YELLOW,32.79999923706055,-43.58000183105469
20230510,002369,1,False,True,0,False,False,0,WEAK,-58.15999984741211,23.270000457763672
20230510,002370,1,True,False,0,False,False,0,WEAK,18.899999618530273,62.16999816894531
20230510,002371,2,True,True,1,True,False,1,OK,78.81999969482422,100.91000366210938
20230510,002372,2,True,True,1,True,False,1,OK,14.880000114440918,-17.010000228881836
20230510,002373,1,True,False,1,True,False,1,OK,155.9600067138672,22.809999465942383
20230510,002374,0,False,False,0,False,False,0,WEAK,-385.7999877929687,-212.8300018310547
20230510,002375,1,False,True,2,True,True,1,YELLOW,25.010000228881836,4.099999904632568
20230510,002376,1,True,False,0,False,False,0,WEAK,-177.14999389648438,40.75
20230510,002377,1,True,False,0,False,False,0,WEAK,60.61000061035156,78.30999755859375
20230510,002378,0,False,False,0,False,False,0,YELLOW,-45.220001220703125,-12.029999732971191
20230510,002379,0,False,False,1,True,False,1,WEAK,-223.3500061035156,35.88999938964844
20230510,002380,2,True,True,1,True,False,1,OK,94.9000015258789,363.0199890136719
20230510,002381,2,True,True,1,True,False,1,WEAK,82.62000274658203,-2.9700000286102295
20230510,002382,1,False,True,0,False,False,0,WEAK,-7.150000095367432,26.510000228881836
20230510,002383,1,False,True,0,False,False,0,WEAK,51.619998931884766,-43.290000915527344
20230510,002384,1,False,True,0,False,False,0,YELLOW,-28.86000061035156,-6.710000038146973
20230510,002385,0,False,False,0,False,False,0,WEAK,-137.19000244140625,28.81999969482422
20230510,002386,1,False,True,1,True,False,1,YELLOW,-127.62999725341795,-171.38999938964844
20230510,002387,0,False,False,1,True,False,1,WEAK,-29.100000381469727,15.890000343322754
20230510,002388,2,True,True,1,True,False,1,YELLOW,-134.50999450683594,1.3600000143051147
20230510,002389,1,True,False,0,False,False,0,WEAK,109.2699966430664,-93.70999908447266
20230510,002390,0,False,False,1,True,False,1,YELLOW,21.239999771118164,14.699999809265137
20230510,002391,1,True,False,1,True,False,1,YELLOW,-24.31999969482422,-89.16000366210938
20230510,002392,2,True,True,1,True,False,1,YELLOW,6.400000095367432,14.119999885559082
20230510,002393,2,True,True,1,True,False,1,OK,22.219999313354492,29.709999084472656
20230510,002394,1,False,True,1,True,False,1,YELLOW,23.920000076293945,89.11000061035156
20230510,002395,1,True,False,0,False,False,0,WEAK,160.1999969482422,254.16000366210935
20230510,002396,1,False,True,0,False,False,0,OK,-52.689998626708984,-99.54000091552734
20230510,002397,1,True,False,0,False,False,0,WEAK,125.33999633789062,-34.08000183105469
20230510,002398,0,False,False,1,True,False,1,YELLOW,-19.059999465942383,-17.969999313354492
20230510,002399,1,False,True,0,False,False,0,OK,-86.38999938964844,253.0
20230510,002400,2,True,True,1,False,True,0,YELLOW,21.540000915527344,-56.97999954223633
20230510,002401,2,True,True,1,True,False,1,YELLOW,24.34000015258789,8.579999923706055
20230510,002402,2,True,True,1,True,False,1,YELLOW,2.819999933242798,12.729999542236328
20230510,002403,1,False,True,0,False,False,0,WEAK,-500.0,93.95999908447266
20230510,002404,0,False,False,0,False,False,0,YELLOW,-6.03000020980835,20.540000915527344
20230510,002405,0,False,False,0,False,False,0,WEAK,-500.0,-65.83000183105469
20230510,002406,0,False,False,1,True,False,1,YELLOW,20.459999084472656,49.34000015258789
20230510,002407,0,False,False,0,False,False,0,WEAK,-74.54000091552734,-90.45999908447266
20230510,002408,0,False,False,1,True,False,1,WEAK,-82.9800033569336,131.8300018310547
20230510,002409,2,True,True,1,True,False,1,YELLOW,6.820000171661377,55.66999816894531
20230510,002410,2,True,True,0,False,False,0,OK,-65.19999694824219,-101.4800033569336
20230510,002412,1,True,False,1,True,False,1,OK,-16.8700008392334,5.070000171661377
20230510,002413,0,False,False,1,True,False,1,WEAK,-33.70000076293945,-359.1700134277344
20230510,002414,0,False,False,0,False,False,0,WEAK,-44.86000061035156,-98.27999877929688
20230510,002415,0,False,False,0,False,False,0,OK,-0.75,13.270000457763672
20230510,002416,1,False,True,0,False,False,0,YELLOW,-22.520000457763672,-7.570000171661377
20230510,002418,2,True,True,0,False,False,0,YELLOW,500.0,-79.83999633789062
20230510,002419,1,True,False,1,True,False,1,OK,167.9499969482422,-26.06999969482422
20230510,002420,1,True,False,0,False,False,0,YELLOW,-500.0,500.0
20230510,002421,2,True,True,0,False,False,0,YELLOW,-31.100000381469727,-142.25999450683594
20230510,002422,2,True,True,1,True,False,1,OK,39.56999969482422,25.68000030517578
20230510,002423,1,True,False,2,True,True,1,WEAK,190.7400054931641,67.38999938964844
20230510,002425,1,False,True,1,False,True,0,WEAK,-73.97000122070312,120.25
20230510,002426,2,True,True,0,False,False,0,WEAK,-82.7699966430664,69.98999786376953
20230510,002427,1,True,False,1,True,False,1,WEAK,91.4800033569336,-30.34000015258789
20230510,002428,0,False,False,1,True,False,1,WEAK,1.0299999713897705,-5.119999885559082
20230510,002429,1,True,False,1,True,False,1,YELLOW,46.27000045776367,21.950000762939453
20230510,002430,0,False,False,1,True,False,1,YELLOW,-33.689998626708984,-26.709999084472656
20230510,002432,0,False,False,0,False,False,0,WEAK,-95.77999877929688,-10.579999923706056
20230510,002434,2,True,True,1,True,False,1,YELLOW,98.04000091552734,-12.550000190734863
20230510,002436,1,False,True,1,True,False,1,WEAK,-91.63999938964844,500.0
20230510,002437,0,False,False,0,False,False,0,OK,38.369998931884766,136.50999450683594
20230510,002438,1,True,False,1,True,False,1,YELLOW,9.880000114440918,12.649999618530272
20230510,002439,1,True,False,1,True,False,1,WEAK,100.33000183105467,51.95000076293945
20230510,002440,0,False,False,1,True,False,1,WEAK,-72.27999877929688,500.0
20230510,002441,1,True,False,1,True,False,1,YELLOW,-18.56999969482422,-19.170000076293945
20230510,002442,2,True,True,0,False,False,0,WEAK,9.710000038146973,117.66999816894533
20230510,002443,2,True,True,1,True,False,1,YELLOW,50.599998474121094,-21.65999984741211
20230510,002444,2,True,True,0,False,False,0,YELLOW,25.31999969482422,51.369998931884766
20230510,002445,1,False,True,1,True,False,1,WEAK,50.7599983215332,19.950000762939453
20230510,002446,2,True,True,0,False,False,0,OK,-22.90999984741211,-48.060001373291016
20230510,002448,2,True,True,1,True,False,1,YELLOW,100.23999786376952,4.389999866485596
20230510,002449,1,True,False,1,True,False,1,YELLOW,-21.3700008392334,102.36000061035156
20230510,002451,1,False,True,1,True,False,1,YELLOW,-12.600000381469728,-114.87999725341795
20230510,002452,1,False,True,1,True,False,1,WEAK,72.45999908447266,54.72999954223633
20230510,002453,0,False,False,1,True,False,1,WEAK,-500.0,-34.75
20230510,002454,2,True,True,1,True,False,1,YELLOW,183.6699981689453,39.77000045776367
20230510,002455,0,False,False,0,False,False,0,WEAK,-187.44000244140625,152.32000732421875
20230510,002456,0,False,False,1,True,False,1,WEAK,81.9800033569336,95.37999725341795
20230510,002457,2,True,True,1,True,False,1,WEAK,-103.22000122070312,-35.470001220703125
20230510,002458,2,True,True,1,True,False,1,WEAK,267.6700134277344,-64.98999786376953
20230510,002459,2,True,True,0,False,False,0,YELLOW,116.9000015258789,-114.80999755859376
20230510,002460,1,False,True,0,False,False,0,OK,-68.6500015258789,-111.88999938964844
20230510,002461,2,True,True,1,True,False,1,YELLOW,14.789999961853027,45.790000915527344
20230510,002462,0,False,False,1,True,False,1,YELLOW,-3.490000009536743,7.889999866485596
20230510,002463,0,False,False,1,True,False,1,YELLOW,0.4399999976158142,172.02000427246094
20230510,002465,1,False,True,1,True,False,1,OK,-7.590000152587891,86.66999816894531
20230510,002466,2,True,True,0,False,False,0,OK,-46.5,-180.9900054931641
20230510,002467,0,False,False,0,False,False,0,YELLOW,101.66999816894533,102.93000030517578
20230510,002468,1,True,False,1,True,False,1,YELLOW,36.31999969482422,48.70000076293945
20230510,002469,0,False,False,1,False,True,0,WEAK,3.9800000190734863,28.799999237060547
20230510,002470,0,False,False,0,False,False,0,WEAK,13.68000030517578,108.33999633789062
20230510,002471,0,False,False,0,False,False,0,WEAK,24.13999938964844,38.810001373291016
20230510,002472,2,True,True,0,False,False,0,YELLOW,45.20000076293945,34.88999938964844
20230510,002474,0,False,False,0,False,False,0,WEAK,-500.0,16.860000610351562
20230510,002475,2,True,True,0,False,False,0,YELLOW,17.6299991607666,23.229999542236328
20230510,002476,0,False,False,0,False,False,0,WEAK,-102.68000030517578,250.52999877929688
20230510,002478,2,True,True,1,True,False,1,YELLOW,78.70999908447266,-25.079999923706055
20230510,002479,0,False,False,1,True,False,1,WEAK,4.579999923706055,-17.149999618530273
20230510,002480,1,False,True,0,False,False,0,WEAK,13.09000015258789,9.119999885559082
20230510,002481,1,False,True,0,False,False,0,WEAK,94.62999725341795,162.49000549316406
20230510,002482,0,False,False,1,False,True,0,WEAK,-119.27999877929688,59.619998931884766
20230510,002483,1,False,True,0,False,False,0,WEAK,30.059999465942383,53.18000030517578
20230510,002484,1,True,False,0,False,False,0,YELLOW,12.960000038146973,-10.600000381469728
20230510,002486,2,True,True,0,False,False,0,YELLOW,-24.809999465942383,-232.0
20230510,002487,2,True,True,0,False,False,0,WEAK,24.06999969482422,-37.84000015258789
20230510,002488,2,True,True,1,True,False,1,WEAK,78.77999877929688,134.27999877929688
20230510,002489,2,True,True,1,True,False,1,YELLOW,-79.0199966430664,-24.260000228881836
20230510,002490,0,False,False,0,False,False,0,WEAK,9.81999969482422,22.549999237060547
20230510,002491,1,True,False,1,True,False,1,YELLOW,500.0,3.2200000286102295
20230510,002492,1,False,True,0,False,False,0,OK,-21.6299991607666,0.3199999928474426
20230510,002493,1,False,True,1,True,False,1,WEAK,-102.4000015258789,130.17999267578125
20230510,002494,0,False,False,0,False,False,0,WEAK,88.86000061035156,253.72000122070312
20230510,002495,1,True,False,0,False,False,0,WEAK,137.0399932861328,210.27000427246097
20230510,002497,0,False,False,0,False,False,0,WEAK,-78.36000061035156,-98.63999938964844
20230510,002498,1,True,False,1,True,False,1,YELLOW,5.380000114440918,12.609999656677246
20230510,002500,1,True,False,1,False,True,0,WEAK,-12.039999961853027,-36.61000061035156
20230510,002506,1,True,False,1,True,False,1,YELLOW,166.14999389648438,-17.06999969482422
20230510,002507,1,True,False,1,True,False,1,OK,-5.340000152587891,6.289999961853027
20230510,002508,1,True,False,0,False,False,0,WEAK,13.329999923706056,3.3399999141693115
20230510,002510,1,False,True,0,False,False,0,YELLOW,-40.310001373291016,500.0
20230510,002511,0,False,False,1,True,False,1,WEAK,-43.209999084472656,7.920000076293945
20230510,002513,0,False,False,0,False,False,0,WEAK,-500.0,-61.790000915527344
20230510,002515,1,False,True,1,True,False,1,YELLOW,-54.290000915527344,-2.450000047683716
20230510,002516,1,False,True,0,False,False,0,YELLOW,-16.010000228881836,-8.579999923706055
20230510,002517,1,True,False,2,True,True,1,YELLOW,22.93000030517578,48.349998474121094
20230510,002518,2,True,True,0,False,False,0,OK,65.3499984741211,-48.61000061035156
20230510,002519,2,True,True,1,True,False,1,OK,17.31999969482422,-51.20000076293945
20230510,002520,0,False,False,0,False,False,0,WEAK,90.33999633789062,9.260000228881836
20230510,002521,1,False,True,1,True,False,1,WEAK,500.0,500.0
20230510,002522,0,False,False,1,True,False,1,WEAK,-32.77000045776367,-26.790000915527344
20230510,002523,1,False,True,0,False,False,0,YELLOW,-147.80999755859375,-15.5600004196167
20230510,002524,2,True,True,1,True,False,1,WEAK,103.44000244140624,-163.85000610351562
20230510,002526,2,True,True,1,True,False,1,YELLOW,58.650001525878906,-34.20000076293945
20230510,002527,2,True,True,1,True,False,1,YELLOW,-57.43000030517578,-500.0
20230510,002530,1,True,False,1,True,False,1,WEAK,50.91999816894531,101.95999908447266
20230510,002531,2,True,True,1,True,False,1,YELLOW,70.1500015258789,-21.06999969482422
20230510,002532,0,False,False,0,False,False,0,WEAK,-42.93000030517578,125.13999938964844
20230510,002533,1,True,False,1,True,False,1,YELLOW,37.9900016784668,19.100000381469727
20230510,002534,1,True,False,1,True,False,1,WEAK,-76.0999984741211,3.430000066757202
20230510,002535,2,True,True,1,True,False,1,YELLOW,500.0,-38.900001525878906
20230510,002536,2,True,True,1,True,False,1,WEAK,450.5499877929687,75.0199966430664
20230510,002537,0,False,False,1,True,False,1,YELLOW,65.20999908447266,108.62000274658205
20230510,002539,1,False,True,0,False,False,0,YELLOW,-55.150001525878906,-47.36000061035156
20230510,002540,1,True,False,1,True,False,1,YELLOW,21.15999984741211,23.09000015258789
20230510,002541,1,True,False,1,False,True,0,YELLOW,-1.75,-38.790000915527344
20230510,002543,0,False,False,0,False,False,0,YELLOW,-10.420000076293944,50.20000076293945
20230510,002544,1,True,False,1,True,False,1,YELLOW,-54.16999816894531,-27.84000015258789
20230510,002545,1,False,True,0,False,False,0,YELLOW,-26.86000061035156,-2.180000066757202
20230510,002546,1,True,False,1,True,False,1,OK,50.220001220703125,100.79000091552734
20230510,002548,1,True,False,0,False,False,0,WEAK,-102.41999816894533,50.93000030517578
20230510,002549,1,False,True,0,False,False,0,WEAK,-122.93000030517578,-500.0
20230510,002550,1,True,False,0,False,False,0,WEAK,-21.40999984741211,19.11000061035156
20230510,002551,1,False,True,0,False,False,0,WEAK,115.55999755859376,3.799999952316284
20230510,002552,1,False,True,1,True,False,1,WEAK,-500.0,163.75999450683594
20230510,002553,1,False,True,0,False,False,0,WEAK,1.409999966621399,103.19000244140624
20230510,002554,1,False,True,1,True,False,1,WEAK,-4.820000171661377,58.4900016784668
20230510,002555,0,False,False,2,True,True,1,WEAK,-6.010000228881836,-8.119999885559082
20230510,002556,1,False,True,0,False,False,0,YELLOW,-88.23999786376953,-88.26000213623047
20230510,002557,1,False,True,0,False,False,0,OK,-19.13999938964844,55.79999923706055
20230510,002558,0,False,False,2,True,True,1,OK,30.36000061035156,54.41999816894531
20230510,002559,2,True,True,1,True,False,1,YELLOW,3.5299999713897705,-11.170000076293944
20230510,002560,2,True,True,0,False,False,0,WEAK,35.61000061035156,-65.7699966430664
20230510,002561,1,True,False,0,False,False,0,WEAK,446.4200134277344,-57.599998474121094
20230510,002562,0,False,False,1,True,False,1,WEAK,-119.30999755859376,5.389999866485596
20230510,002563,1,True,False,1,True,False,1,OK,355.489990234375,15.550000190734863
20230510,002564,0,False,False,1,False,True,0,WEAK,-322.1600036621094,0.8999999761581421
20230510,002565,1,False,True,0,False,False,0,YELLOW,500.0,340.3900146484375
20230510,002566,1,True,False,1,True,False,1,OK,-6.579999923706055,-15.109999656677246
20230510,002567,0,False,False,0,False,False,0,WEAK,-500.0,46.810001373291016
20230510,002568,2,True,True,1,True,False,1,YELLOW,130.5,-13.789999961853027
20230510,002570,0,False,False,0,False,False,0,WEAK,13.550000190734863,364.7200012207031
20230510,002571,1,False,True,0,False,False,0,WEAK,-500.0,112.91999816894533
20230510,002572,0,False,False,0,False,False,0,OK,20.6200008392334,73.80999755859375
20230510,002573,2,True,True,1,True,False,1,YELLOW,-28.979999542236328,-2.380000114440918
20230510,002574,1,True,False,0,False,False,0,YELLOW,4.019999980926514,-74.08999633789062
20230510,002575,1,True,,0,False,False,0,WEAK,0.5,-319.760009765625
20230510,002576,1,True,False,0,False,False,0,YELLOW,60.20000076293945,-50.86000061035156
20230510,002577,0,False,False,1,True,False,1,YELLOW,-34.97999954223633,38.75
20230510,002578,0,False,False,0,False,False,0,YELLOW,-42.0099983215332,-16.229999542236328
20230510,002579,0,False,False,0,False,False,0,WEAK,-17.25,25.61000061035156
20230510,002580,2,True,True,0,False,False,0,YELLOW,134.02000427246094,4.760000228881836
20230510,002582,1,False,True,1,True,False,1,WEAK,7.96999979019165,258.6300048828125
20230510,002583,1,True,False,0,False,False,0,WEAK,441.8500061035156,239.13999938964844
20230510,002584,1,False,True,0,False,False,0,YELLOW,-30.399999618530273,-23.510000228881836
20230510,002585,0,False,False,0,False,False,0,WEAK,-99.81999969482422,-500.0
20230510,002587,1,True,False,0,False,False,0,YELLOW,-86.5,-210.13999938964844
20230510,002588,2,True,True,1,True,False,1,YELLOW,41.2400016784668,0.1700000017881393
20230510,002589,0,False,False,0,False,False,0,YELLOW,27.170000076293945,500.0
20230510,002590,2,True,True,1,True,False,1,YELLOW,500.0,279.32000732421875
20230510,002591,1,False,True,0,False,False,0,WEAK,-106.79000091552734,-6.800000190734863
20230510,002593,1,False,True,1,False,True,0,YELLOW,122.16000366210938,-14.039999961853027
20230510,002594,2,True,True,1,True,False,1,YELLOW,131.32000732421875,5.239999771118164
20230510,002595,2,True,True,1,True,False,1,YELLOW,34.02000045776367,23.969999313354492
20230510,002596,0,False,False,1,True,False,1,WEAK,47.7400016784668,13.420000076293944
20230510,002597,0,False,False,0,False,False,0,YELLOW,-63.9900016784668,-38.61000061035156
20230510,002599,1,True,False,1,True,False,1,WEAK,-428.260009765625,64.95999908447266
20230510,002600,1,True,False,1,True,False,1,YELLOW,20.459999084472656,-17.729999542236328
20230510,002601,1,False,True,0,False,False,0,WEAK,-33.650001525878906,67.20999908447266
20230510,002602,2,True,True,1,False,True,0,OK,101.52999877929688,91.66000366210938
20230510,002603,2,True,True,1,True,False,1,OK,15.84000015258789,-75.18000030517578
20230510,002605,2,True,True,2,True,True,1,OK,86.33000183105469,-21.600000381469727
20230510,002606,1,False,True,1,True,False,1,WEAK,-84.13999938964844,-62.119998931884766
20230510,002607,1,True,False,0,False,False,0,OK,128.77999877929688,259.1099853515625
20230510,002608,1,False,True,1,True,False,1,YELLOW,247.83999633789065,210.3300018310547
20230510,002609,2,True,True,1,True,False,1,WEAK,500.0,7.090000152587891
20230510,002611,2,True,True,1,True,False,1,YELLOW,43.81999969482422,26.5
20230510,002612,2,True,True,1,True,False,1,OK,500.0,25.020000457763672
20230510,002613,1,True,False,0,False,False,0,YELLOW,332.6400146484375,46.52000045776367
20230510,002614,1,True,False,0,False,False,0,YELLOW,-65.29000091552734,-59.33000183105469
20230510,002615,0,False,False,0,False,False,0,YELLOW,-9.199999809265137,500.0
20230510,002616,1,True,False,0,False,False,0,YELLOW,500.0,112.8499984741211
20230510,002617,1,True,False,0,False,False,0,YELLOW,500.0,30.579999923706055
20230510,002622,2,True,True,0,False,False,0,WEAK,195.22999572753903,-330.2699890136719
20230510,002623,2,True,True,0,False,False,0,YELLOW,74.58999633789062,-50.08000183105469
20230510,002624,1,False,True,2,True,True,1,YELLOW,-50.34000015258789,-177.50999450683594
20230510,002625,2,True,True,0,False,False,0,OK,39.2400016784668,37.720001220703125
20230510,002626,1,False,True,1,True,False,1,WEAK,-29.799999237060547,-15.350000381469728
20230510,002627,1,True,False,1,True,False,1,WEAK,500.0,-59.40999984741211
20230510,002628,1,False,True,1,False,True,0,YELLOW,500.0,-60.189998626708984
20230510,002629,1,False,True,0,False,False,0,WEAK,-43.45000076293945,34.54999923706055
20230510,002631,1,True,False,0,False,False,0,WEAK,-91.58000183105467,-3.940000057220459
20230510,002632,1,True,False,1,True,False,1,WEAK,5.130000114440918,24.549999237060547
20230510,002633,1,False,True,1,True,False,1,WEAK,54.599998474121094,103.0500030517578
20230510,002635,0,False,False,1,True,False,1,YELLOW,-10.470000267028809,155.7100067138672
20230510,002636,0,False,False,1,True,False,1,WEAK,-500.0,-367.6000061035156
20230510,002637,1,False,True,0,False,False,0,WEAK,86.70999908447266,138.66000366210938
20230510,002638,2,True,True,1,True,False,1,YELLOW,7.070000171661377,69.56999969482422
20230510,002639,2,True,True,0,False,False,0,YELLOW,121.05999755859376,315.1000061035156
20230510,002640,2,True,True,0,False,False,0,WEAK,-500.0,-156.50999450683594
20230510,002641,1,True,False,1,True,False,1,YELLOW,490.4200134277344,-84.80000305175781
20230510,002642,1,True,False,0,False,False,0,YELLOW,-500.0,143.58999633789062
20230510,002643,0,False,False,1,True,False,1,YELLOW,-10.600000381469728,-49.08000183105469
20230510,002644,2,True,True,1,True,False,1,YELLOW,13.9399995803833,-37.849998474121094
20230510,002645,0,False,False,0,False,False,0,WEAK,-166.55999755859375,3.9200000762939458
20230510,002646,1,False,True,0,False,False,0,OK,6.260000228881836,41.040000915527344
20230510,002647,1,False,True,1,False,True,0,WEAK,-4.449999809265137,10.270000457763672
20230510,002648,0,False,False,0,False,False,0,WEAK,20.260000228881836,36.630001068115234
20230510,002649,1,True,False,1,True,False,1,YELLOW,-23.65999984741211,-64.3499984741211
20230510,002651,1,True,False,0,False,False,0,OK,65.95999908447266,-30.239999771118164
20230510,002652,1,False,True,0,False,False,0,WEAK,-9.93000030517578,34.95000076293945
20230510,002653,1,True,False,1,True,False,1,YELLOW,77.77999877929688,14.279999732971191
20230510,002654,1,False,True,1,True,False,1,WEAK,31.969999313354492,111.11000061035156
20230510,002655,1,False,True,0,False,False,0,YELLOW,-45.93000030517578,51.18000030517578
20230510,002657,1,True,False,0,False,False,0,WEAK,-60.43000030517578,-74.62000274658203
20230510,002658,0,False,False,0,False,False,0,OK,-45.4900016784668,-142.8000030517578
20230510,002659,2,True,True,1,True,False,1,WEAK,55.470001220703125,61.18000030517578
20230510,002660,1,True,False,1,True,False,1,YELLOW,-11.630000114440918,-31.350000381469727
20230510,002661,1,False,True,1,True,False,1,YELLOW,-94.08999633789062,31.43000030517578
20230510,002662,1,False,True,0,False,False,0,YELLOW,5.090000152587891,86.77999877929688
20230510,002663,2,True,True,1,False,True,0,WEAK,65.18000030517578,-24.65999984741211
20230510,002664,2,True,True,0,False,False,0,YELLOW,25.90999984741211,22.209999084472656
20230510,002666,0,False,False,0,False,False,0,YELLOW,-23.579999923706055,9.210000038146973
20230510,002668,2,True,True,1,True,False,1,YELLOW,74.97000122070312,33.25
20230510,002669,1,False,True,0,False,False,0,WEAK,51.2400016784668,-62.849998474121094
20230510,002670,1,True,False,1,False,True,0,WEAK,134.6199951171875,-53.72999954223633
20230510,002671,2,True,True,0,False,False,0,WEAK,93.58999633789062,-0.8700000047683716
20230510,002672,1,False,True,1,True,False,1,WEAK,-201.6199951171875,-30.920000076293945
20230510,002673,1,True,False,1,False,True,0,WEAK,79.55999755859375,-46.619998931884766
20230510,002674,1,True,False,0,False,False,0,WEAK,33.310001373291016,44.83000183105469
20230510,002675,1,False,True,0,False,False,0,YELLOW,-22.13999938964844,29.399999618530273
20230510,002676,1,False,True,0,False,False,0,YELLOW,-10.59000015258789,62.93000030517578
20230510,002677,0,False,False,1,True,False,1,WEAK,-1.0,-22.93000030517578
20230510,002678,1,False,True,1,True,False,1,YELLOW,-96.66000366210938,-181.3699951171875
20230510,002679,1,False,True,0,False,False,0,WEAK,26.030000686645508,-14.869999885559082
20230510,002681,0,False,False,1,True,False,1,YELLOW,37.06999969482422,103.54000091552734
20230510,002682,0,False,False,0,False,False,0,WEAK,-163.38999938964844,93.12000274658205
20230510,002683,1,True,False,1,True,False,1,YELLOW,36.349998474121094,30.350000381469727
20230510,002685,1,False,True,0,False,False,0,YELLOW,-500.0,-13.4399995803833
20230510,002686,1,False,True,0,False,False,0,YELLOW,2.380000114440918,21.90999984741211
20230510,002687,1,True,False,1,True,False,1,YELLOW,28.6200008392334,4.260000228881836
20230510,002688,1,True,False,0,False,False,0,WEAK,-3.450000047683716,28.559999465942383
20230510,002690,1,True,False,0,False,False,0,OK,3.0799999237060547,-21.969999313354492
20230510,002692,2,True,True,1,True,False,1,YELLOW,49.43000030517578,176.57000732421875
20230510,002695,2,True,True,0,False,False,0,WEAK,24.43000030517578,-11.020000457763672
20230510,002696,1,False,True,0,False,False,0,YELLOW,-114.08000183105467,-317.92999267578125
20230510,002697,1,True,False,1,True,False,1,YELLOW,15.09000015258789,9.859999656677246
20230510,002698,1,True,False,0,False,False,0,OK,-0.7400000095367432,-51.400001525878906
20230510,002700,1,True,False,0,False,False,0,WEAK,41.619998931884766,-0.3000000119209289
20230510,002701,1,True,False,1,True,False,1,WEAK,31.770000457763672,28.440000534057617
20230510,002702,0,False,False,0,False,False,0,YELLOW,-104.06999969482422,-30.989999771118164
20230510,002703,2,True,True,0,False,False,0,YELLOW,262.510009765625,272.95001220703125
20230510,002705,1,False,True,0,False,False,0,YELLOW,-13.989999771118164,131.8300018310547
20230510,002706,1,True,False,0,False,False,0,WEAK,11.149999618530272,16.34000015258789
20230510,002707,2,True,True,0,False,False,0,WEAK,107.55999755859376,171.52000427246094
20230510,002708,2,True,True,0,False,False,0,WEAK,37.97999954223633,154.60000610351562
20230510,002709,1,False,True,1,True,False,1,OK,-59.81999969482422,-85.31999969482422
20230510,002712,2,True,True,2,True,True,1,YELLOW,28.670000076293945,300.760009765625
20230510,002714,1,True,False,1,True,False,1,WEAK,-231.97999572753903,-90.62000274658205
20230510,002715,0,False,False,0,False,False,0,WEAK,131.94000244140625,151.33999633789062
20230510,002716,2,True,True,1,True,False,1,WEAK,81.52999877929688,-500.0
20230510,002718,2,True,True,0,False,False,0,YELLOW,1.090000033378601,-232.38999938964844
20230510,002721,0,False,False,0,False,False,0,WEAK,-5.489999771118164,101.56999969482422
20230510,002722,1,False,True,0,False,False,0,YELLOW,39.470001220703125,95.63999938964844
20230510,002723,2,True,True,0,False,False,0,YELLOW,-22.989999771118164,-68.31999969482422
20230510,002724,1,False,True,0,False,False,0,WEAK,-11.4399995803833,-500.0
20230510,002725,0,False,False,0,False,False,0,WEAK,-249.83999633789065,106.93000030517578
20230510,002727,2,True,True,0,False,False,0,YELLOW,4.849999904632568,2.140000104904175
20230510,002728,2,True,True,1,True,False,1,OK,104.31999969482422,-91.47000122070312
20230510,002729,1,False,True,0,False,False,0,OK,-75.83999633789062,154.8000030517578
20230510,002730,1,True,False,1,True,False,1,OK,39.77000045776367,21.239999771118164
20230510,002732,1,True,False,1,True,False,1,WEAK,79.9000015258789,-53.540000915527344
20230510,002733,2,True,True,0,False,False,0,YELLOW,72.94000244140625,273.19000244140625
20230510,002734,0,False,False,0,False,False,0,WEAK,-92.91000366210938,-117.29000091552734
20230510,002735,2,True,True,0,False,False,0,YELLOW,-18.420000076293945,500.0
20230510,002736,1,True,False,2,True,True,1,WEAK,2.6600000858306885,-30.260000228881836
20230510,002737,1,True,False,1,True,False,1,OK,73.30000305175781,-39.18000030517578
20230510,002738,2,True,True,1,True,False,1,WEAK,1.3200000524520874,-79.31999969482422
20230510,002739,1,True,False,1,False,True,0,WEAK,266.05999755859375,-15.3100004196167
20230510,002741,1,False,True,0,False,False,0,WEAK,-388.0899963378906,101.2699966430664
20230510,002742,1,False,True,0,False,False,0,WEAK,-56.84000015258789,2.7100000381469727
20230510,002743,2,True,True,1,False,True,0,YELLOW,19.940000534057617,-19.719999313354492
20230510,002745,0,False,False,1,True,False,1,WEAK,-7.53000020980835,11.779999732971191
20230510,002746,2,True,True,1,True,False,1,YELLOW,500.0,-132.00999450683594
20230510,002747,2,True,True,0,False,False,0,OK,31.950000762939453,-140.30999755859375
20230510,002748,0,False,False,0,False,False,0,YELLOW,-114.95999908447266,16.270000457763672
20230510,002749,1,True,False,1,True,False,1,WEAK,41.38999938964844,23.549999237060547
20230510,002752,1,True,False,0,False,False,0,YELLOW,62.650001525878906,121.5199966430664
20230510,002753,0,False,False,0,False,False,0,WEAK,18.020000457763672,500.0
20230510,002755,0,False,False,1,True,False,1,WEAK,-152.08999633789062,126.54000091552734
20230510,002756,2,True,True,0,False,False,0,OK,-30.719999313354492,-67.04000091552734
20230510,002757,1,False,True,1,True,False,1,YELLOW,16.549999237060547,6.460000038146973
20230510,002758,0,False,False,0,False,False,0,YELLOW,-45.650001525878906,-35.310001373291016
20230510,002759,0,False,False,0,False,False,0,WEAK,-94.6999969482422,-500.0
20230510,002760,0,False,False,1,True,False,1,YELLOW,-285.17999267578125,-140.5
20230510,002761,2,True,True,1,False,True,0,YELLOW,-51.77000045776367,-45.4900016784668
20230510,002763,1,True,False,1,True,False,1,OK,33.61000061035156,-8.220000267028809
20230510,002765,1,False,True,0,False,False,0,YELLOW,-71.47000122070312,-7.630000114440918
20230510,002766,1,True,False,0,False,False,0,YELLOW,500.0,500.0
20230510,002767,2,True,True,0,False,False,0,YELLOW,62.709999084472656,44.119998931884766
20230510,002768,1,False,True,0,False,False,0,YELLOW,-26.68000030517578,22.040000915527344
20230510,002769,1,False,True,0,False,False,0,WEAK,-500.0,-58.5099983215332
20230510,002771,0,False,False,0,False,False,0,WEAK,-500.0,141.47999572753906
20230510,002772,2,True,True,1,True,False,1,WEAK,27.0,-85.55999755859375
20230510,002773,0,False,False,1,True,False,1,OK,13.859999656677246,36.18000030517578
20230510,002774,1,True,False,0,False,False,0,WEAK,138.8699951171875,500.0
20230510,002775,1,True,False,1,False,True,0,YELLOW,45.72999954223633,-500.0
20230510,002777,0,False,False,1,True,False,1,WEAK,-11.710000038146973,-28.25
20230510,002778,1,False,True,0,False,False,0,WEAK,-29.690000534057617,-371.2799987792969
20230510,002779,2,True,True,1,True,False,1,YELLOW,56.900001525878906,40.43000030517578
20230510,002780,2,True,True,1,True,False,1,OK,123.73999786376952,-94.8000030517578
20230510,002782,2,True,True,0,False,False,0,YELLOW,-16.31999969482422,84.06999969482422
20230510,002783,2,True,True,0,False,False,0,YELLOW,55.22999954223633,-26.75
20230510,002785,1,False,True,0,False,False,0,WEAK,-41.61000061035156,147.1199951171875
20230510,002786,1,True,False,0,False,False,0,WEAK,-56.310001373291016,32.380001068115234
20230510,002787,1,False,True,0,False,False,0,YELLOW,47.04999923706055,500.0
20230510,002788,2,True,True,1,True,False,1,YELLOW,2.0799999237060547,5.210000038146973
20230510,002790,1,True,False,0,False,False,0,YELLOW,12.979999542236328,54.47999954223633
20230510,002791,1,True,False,0,False,False,0,WEAK,500.0,2.640000104904175
20230510,002792,1,False,True,0,False,False,0,YELLOW,-163.3800048828125,115.04000091552734
20230510,002793,0,False,False,0,False,False,0,WEAK,56.220001220703125,59.540000915527344
20230510,002795,1,False,True,1,True,False,1,WEAK,-179.91000366210938,-39.869998931884766
20230510,002796,1,True,False,0,False,False,0,WEAK,18.010000228881836,-33.34000015258789
20230510,002797,1,True,False,1,False,True,0,WEAK,8.0,3.369999885559082
20230510,002798,1,True,False,0,False,False,0,WEAK,82.02999877929688,43.209999084472656
20230510,002799,2,True,True,0,False,False,0,YELLOW,-44.34000015258789,-17.760000228881836
20230510,002800,1,False,True,0,False,False,0,YELLOW,-25.690000534057617,341.20001220703125
20230510,002801,1,True,False,0,False,False,0,YELLOW,-3.660000085830689,2.5899999141693115
20230510,002802,0,False,False,1,True,False,1,YELLOW,-47.540000915527344,-70.6500015258789
20230510,002803,2,True,True,1,True,False,1,YELLOW,66.20999908447266,-41.040000915527344
20230510,002805,1,False,True,0,False,False,0,WEAK,-201.0099945068359,68.94000244140625
20230510,002806,1,False,True,0,False,False,0,WEAK,-67.80999755859375,110.87999725341795
20230510,002807,1,True,False,1,False,True,0,WEAK,7.460000038146973,10.65999984741211
20230510,002809,2,True,True,1,True,False,1,YELLOW,40.41999816894531,-24.8700008392334
20230510,002810,0,False,False,0,False,False,0,WEAK,-24.229999542236328,-26.25
20230510,002811,2,True,True,1,False,True,0,YELLOW,114.56999969482422,500.0
20230510,002812,1,False,True,0,False,False,0,OK,-34.0,-76.25
20230510,002813,0,False,False,1,True,False,1,WEAK,-287.7699890136719,-211.9199981689453
20230510,002815,1,False,True,1,True,False,1,YELLOW,-25.040000915527344,-31.65999984741211
20230510,002817,1,True,False,0,False,False,0,YELLOW,30.969999313354492,-18.56999969482422
20230510,002818,0,False,False,1,True,False,1,OK,3.2300000190734863,-8.529999732971191
20230510,002819,1,False,True,1,True,False,1,WEAK,-410.1099853515625,19.899999618530273
20230510,002820,1,True,False,1,True,False,1,WEAK,218.22999572753903,-25.030000686645508
20230510,002821,2,True,True,0,False,False,0,YELLOW,-24.13999938964844,-58.880001068115234
20230510,002823,0,False,False,0,False,False,0,YELLOW,500.0,500.0
20230510,002824,1,False,True,0,False,False,0,YELLOW,-31.200000762939453,-23.1299991607666
20230510,002825,0,False,False,1,True,False,1,YELLOW,-18.93000030517578,26.780000686645508
20230510,002826,0,False,False,0,False,False,0,YELLOW,-38.9900016784668,-77.30000305175781
20230510,002827,2,True,True,1,True,False,1,WEAK,129.5500030517578,6.130000114440918
20230510,002828,2,True,True,0,False,False,0,WEAK,282.510009765625,377.9700012207031
20230510,002829,2,True,True,0,False,False,0,WEAK,4.730000019073486,-165.6199951171875
20230510,002830,1,True,False,1,False,True,0,WEAK,8.729999542236328,170.0500030517578
20230510,002831,1,False,True,0,False,False,0,YELLOW,-3.819999933242798,54.31999969482422
20230510,002832,1,True,False,1,True,False,1,OK,35.86000061035156,21.8700008392334
20230510,002833,1,True,False,1,True,False,1,OK,60.41999816894531,12.829999923706056
20230510,002835,2,True,True,0,False,False,0,YELLOW,55.47999954223633,382.8399963378906
20230510,002836,0,False,False,0,False,False,0,WEAK,-8.619999885559082,315.2099914550781
20230510,002837,2,True,True,1,True,False,1,OK,92.05999755859376,169.64999389648438
20230510,002838,0,False,False,1,True,False,1,WEAK,-21.989999771118164,-1.2400000095367432
20230510,002839,1,True,False,1,False,True,0,WEAK,17.059999465942383,6.010000228881836
20230510,002840,1,False,True,0,False,False,0,WEAK,-500.0,-27.829999923706055
20230510,002841,1,False,True,1,True,False,1,YELLOW,-36.0099983215332,-32.9900016784668
20230510,002842,1,False,True,0,False,False,0,YELLOW,-445.989990234375,-500.0
20230510,002843,2,True,True,0,False,False,0,WEAK,6.989999771118164,-2.0899999141693115
20230510,002845,0,False,False,0,False,False,0,WEAK,89.7699966430664,106.9800033569336
20230510,002846,0,False,False,1,True,False,1,WEAK,57.9900016784668,94.56999969482422
20230510,002847,2,True,True,1,True,False,1,YELLOW,95.02999877929688,40.09000015258789
20230510,002849,2,True,True,0,False,False,0,YELLOW,108.81999969482422,251.4199981689453
20230510,002850,2,True,True,1,True,False,1,WEAK,38.4900016784668,27.06999969482422
20230510,002851,2,True,True,1,True,False,1,YELLOW,30.59000015258789,25.6200008392334
20230510,002852,1,True,False,1,True,False,1,YELLOW,179.61000061035156,2.6700000762939453
20230510,002853,0,False,False,0,False,False,0,WEAK,-41.16999816894531,-20.100000381469727
20230510,002855,1,True,False,0,False,False,0,WEAK,-85.18000030517578,-100.70999908447266
20230510,002857,1,False,True,1,True,False,1,WEAK,-219.8999938964844,-27.84000015258789
20230510,002858,1,True,False,1,True,False,1,WEAK,101.9000015258789,17.950000762939453
20230510,002859,0,False,False,0,False,False,0,WEAK,19.84000015258789,70.38999938964844
20230510,002860,2,True,True,0,False,False,0,WEAK,79.77999877929688,19.1299991607666
20230510,002861,1,False,True,0,False,False,0,WEAK,-22.65999984741211,55.59000015258789
20230510,002862,1,True,False,1,True,False,1,YELLOW,-365.2699890136719,-24.719999313354492
20230510,002863,1,True,False,0,False,False,0,YELLOW,4.960000038146973,9.829999923706056
20230510,002864,1,False,True,1,True,False,1,WEAK,8.25,19.84000015258789
20230510,002865,2,True,True,0,False,False,0,WEAK,500.0,-149.66000366210938
20230510,002866,1,False,True,0,False,False,0,YELLOW,-45.31999969482422,-47.959999084472656
20230510,002867,2,True,True,1,True,False,1,WEAK,21.200000762939453,-5.699999809265137
20230510,002868,1,False,True,0,False,False,0,WEAK,-73.61000061035156,6.039999961853027
20230510,002869,1,True,False,0,False,False,0,WEAK,294.5299987792969,38.66999816894531
20230510,002870,2,True,True,1,True,False,1,YELLOW,62.7400016784668,36.02000045776367
20230510,002871,2,True,True,0,False,False,0,OK,0.0799999982118606,-4.840000152587891
20230510,002873,1,False,True,1,True,False,1,OK,-18.1200008392334,-38.529998779296875
20230510,002875,2,True,True,0,False,False,0,WEAK,51.06999969482422,205.6199951171875
20230510,002876,0,False,False,0,False,False,0,WEAK,-74.80999755859375,500.0
20230510,002877,2,True,True,0,False,False,0,YELLOW,66.83999633789062,3.5999999046325684
20230510,002878,0,False,False,1,False,True,0,WEAK,-79.08000183105469,-33.459999084472656
20230510,002879,1,False,True,1,True,False,1,WEAK,111.69000244140624,492.7200012207031
20230510,002880,2,True,True,1,True,False,1,OK,119.45999908447266,1.2300000190734863
20230510,002881,1,False,True,0,False,False,0,YELLOW,-47.65999984741211,-60.720001220703125
20230510,002882,0,False,False,0,False,False,0,YELLOW,-7.019999980926514,-13.579999923706056
20230510,002884,0,False,False,0,False,False,0,YELLOW,-15.84000015258789,26.68000030517578
20230510,002885,2,True,True,0,False,False,0,YELLOW,-19.469999313354492,-92.0999984741211
20230510,002886,1,True,False,1,True,False,1,YELLOW,-19.65999984741211,-23.510000228881836
20230510,002887,2,True,True,1,True,False,1,YELLOW,-51.400001525878906,10.579999923706056
20230510,002888,1,False,True,1,True,False,1,WEAK,-195.5,-97.26000213623048
20230510,002889,1,False,True,0,False,False,0,YELLOW,0.8100000023841858,15.550000190734863
20230510,002890,2,True,True,0,False,False,0,YELLOW,-9.31999969482422,-14.210000038146973
20230510,002891,1,False,True,0,False,False,0,YELLOW,49.41999816894531,298.04998779296875
20230510,002892,1,True,False,1,True,False,1,YELLOW,-3.609999895095825,29.11000061035156
20230510,002893,2,True,True,1,True,False,1,WEAK,110.29000091552734,3.759999990463257
20230510,002895,2,True,True,0,False,False,0,OK,-20.0,-15.25
20230510,002896,0,False,False,0,False,False,0,YELLOW,45.619998931884766,21.209999084472656
20230510,002897,0,False,False,0,False,False,0,YELLOW,-52.88999938964844,500.0
20230510,002899,1,True,False,1,True,False,1,YELLOW,167.3699951171875,500.0
20230510,002900,2,True,True,1,True,False,1,OK,158.6199951171875,-75.20999908447266
20230510,002901,1,False,True,0,False,False,0,WEAK,-76.38999938964844,4.480000019073486
20230510,002902,1,False,True,0,False,False,0,YELLOW,-218.8300018310547,-500.0
20230510,002903,0,False,False,1,True,False,1,YELLOW,-33.63999938964844,-36.16999816894531
20230510,002905,2,True,True,1,False,True,0,WEAK,106.7699966430664,-500.0
20230510,002906,1,True,False,0,False,False,0,YELLOW,13.050000190734863,89.26000213623047
20230510,002907,2,True,True,0,False,False,0,YELLOW,-37.86000061035156,30.40999984741211
20230510,002908,1,True,False,1,True,False,1,YELLOW,-16.940000534057617,-64.37000274658203
20230510,002909,2,True,True,0,False,False,0,YELLOW,500.0,-500.0
20230510,002910,0,False,False,0,False,False,0,WEAK,-500.0,-500.0
20230510,002911,2,True,True,0,False,False,0,YELLOW,5.070000171661377,0.0099999997764825
20230510,002912,2,True,True,1,True,False,1,OK,144.66000366210938,-194.55999755859375
20230510,002913,2,True,True,1,True,False,1,YELLOW,9.699999809265137,-12.510000228881836
20230510,002915,1,False,True,0,False,False,0,YELLOW,-134.42999267578125,-94.38999938964844
20230510,002916,0,False,False,0,False,False,0,YELLOW,-32.869998931884766,87.43000030517578
20230510,002917,2,True,True,0,False,False,0,YELLOW,109.13999938964844,295.239990234375
20230510,002918,2,True,True,0,False,False,0,WEAK,190.47999572753903,32.31999969482422
20230510,002919,2,True,True,1,False,True,0,WEAK,500.0,34.20000076293945
20230510,002920,0,False,False,0,False,False,0,YELLOW,32.150001525878906,27.229999542236328
20230510,002921,1,False,True,0,False,False,0,WEAK,-103.66000366210938,-36.25
20230510,002922,0,False,False,0,False,False,0,YELLOW,18.43000030517578,207.3000030517578
20230510,002923,1,True,False,1,True,False,1,WEAK,-48.52000045776367,-29.799999237060547
20230510,002925,1,False,True,0,False,False,0,YELLOW,-42.31999969482422,2.190000057220459
20230510,002926,1,True,False,2,True,True,1,WEAK,10.449999809265137,-68.98999786376953
20230510,002927,1,True,False,1,True,False,1,OK,2.630000114440918,12.220000267028809
20230510,002928,2,True,True,0,False,False,0,WEAK,53.540000915527344,105.5
20230510,002929,1,True,False,0,False,False,0,YELLOW,9.649999618530272,-8.649999618530273
20230510,002930,1,True,False,1,True,False,1,WEAK,28.309999465942383,-9.079999923706056
20230510,002931,0,False,False,0,False,False,0,WEAK,-99.02999877929688,-500.0
20230510,002933,1,False,True,1,True,False,1,WEAK,122.95999908447266,42.79999923706055
20230510,002935,2,True,True,0,False,False,0,WEAK,-46.40999984741211,14.649999618530272
20230510,002936,2,True,True,1,False,True,0,WEAK,-18.81999969482422,-20.290000915527344
20230510,002937,2,True,True,0,False,False,0,YELLOW,25.6200008392334,40.34000015258789
20230510,002938,1,False,True,0,False,False,0,YELLOW,-44.38999938964844,24.780000686645508
20230510,002939,2,True,True,1,False,True,0,WEAK,115.91000366210938,-21.809999465942383
20230510,002940,0,False,False,0,False,False,0,WEAK,-16.799999237060547,-32.33000183105469
20230510,002941,2,True,True,2,True,True,1,YELLOW,15.34000015258789,-500.0
20230510,002942,1,False,True,1,True,False,1,WEAK,-91.5500030517578,500.0
20230510,002943,1,False,True,0,False,False,0,YELLOW,132.1300048828125,94.12000274658205
20230510,002945,1,False,True,1,False,True,0,WEAK,-58.09000015258789,19.290000915527344
20230510,002946,1,True,False,1,True,False,1,YELLOW,58.11000061035156,33.75
20230510,002947,2,True,True,0,False,False,0,YELLOW,27.670000076293945,86.01000213623047
20230510,002948,1,True,False,1,False,True,0,WEAK,13.779999732971191,16.93000030517578
20230510,002949,1,True,False,2,True,True,1,YELLOW,-10.329999923706056,116.41999816894533
20230510,002950,1,False,True,0,False,False,0,YELLOW,-40.9900016784668,-24.479999542236328
20230510,002951,0,False,False,0,False,False,0,WEAK,-500.0,45.40999984741211
20230510,002952,1,True,False,0,False,False,0,YELLOW,-78.54000091552734,-52.68000030517578
20230510,002953,1,False,True,0,False,False,0,YELLOW,25.5,16.34000015258789
20230510,002955,0,False,False,1,True,False,1,YELLOW,-11.079999923706056,63.130001068115234
20230510,002956,1,True,False,1,True,False,1,WEAK,44.0099983215332,21.739999771118164
20230510,002957,2,True,True,0,False,False,0,OK,-40.209999084472656,15.56999969482422
20230510,002958,1,True,False,1,False,True,0,WEAK,4.239999771118164,9.779999732971191
20230510,002959,2,True,True,1,True,False,1,OK,12.770000457763672,-24.260000228881836
20230510,002960,1,False,True,0,False,False,0,OK,15.68000030517578,7.789999961853027
20230510,002961,0,False,False,1,False,True,0,WEAK,-36.09000015258789,38.290000915527344
20230510,002962,1,False,True,1,True,False,1,WEAK,-25.61000061035156,73.19000244140625
20230510,002963,1,True,False,1,False,True,0,YELLOW,-10.210000038146973,500.0
20230510,002965,2,True,True,0,False,False,0,YELLOW,74.93000030517578,48.939998626708984
20230510,002966,1,True,False,1,False,True,0,WEAK,20.219999313354492,14.140000343322754
20230510,002967,1,True,False,1,True,False,1,WEAK,201.05999755859375,38.209999084472656
20230510,002968,1,True,False,0,False,False,0,YELLOW,-13.890000343322754,-15.699999809265137
20230510,002969,1,True,False,0,False,False,0,WEAK,500.0,130.36000061035156
20230510,002970,1,True,False,1,True,False,1,OK,203.3300018310547,161.19000244140625
20230510,002971,2,True,True,1,True,False,1,WEAK,-9.760000228881836,-16.969999313354492
20230510,002972,0,False,False,0,False,False,0,OK,-56.31999969482422,28.959999084472656
20230510,002973,1,False,True,1,True,False,1,YELLOW,14.770000457763672,28.350000381469727
20230510,002975,1,False,True,0,False,False,0,WEAK,-109.87000274658205,146.8300018310547
20230510,002976,2,True,True,1,True,False,1,YELLOW,-7.130000114440918,-99.3499984741211
20230510,002978,1,False,True,0,False,False,0,WEAK,-18.65999984741211,0.800000011920929
20230510,002979,0,False,False,0,False,False,0,YELLOW,-41.06999969482422,65.61000061035156
20230510,002980,0,False,False,1,True,False,1,OK,-5.210000038146973,30.459999084472656
20230510,002981,2,True,True,0,False,False,0,YELLOW,84.44999694824219,190.11000061035156
20230510,002982,1,False,True,0,False,False,0,WEAK,-172.89999389648438,57.5
20230510,002983,2,True,True,1,True,False,1,YELLOW,78.48999786376953,-8.390000343322754
20230510,002984,2,True,True,1,True,False,1,YELLOW,17.8700008392334,106.6999969482422
20230510,002985,1,False,True,0,False,False,0,WEAK,6.019999980926514,-46.560001373291016
20230510,002986,1,True,False,1,True,False,1,YELLOW,9.029999732971191,-31.829999923706055
20230510,002987,1,True,False,1,True,False,1,YELLOW,36.400001525878906,-12.109999656677246
20230510,002988,1,False,True,1,True,False,1,YELLOW,197.2400054931641,230.83999633789065
20230510,002989,0,False,False,1,False,True,0,YELLOW,-25.6200008392334,-151.6199951171875
20230510,002990,1,True,False,1,True,False,1,OK,130.33999633789062,-14.529999732971191
20230510,002991,1,True,False,1,True,False,1,OK,145.36000061035156,69.25
20230510,002992,1,False,True,1,True,False,1,WEAK,13.460000038146973,68.26000213623047
20230510,002993,0,False,False,0,False,False,0,YELLOW,-21.38999938964844,39.56999969482422
20230510,002995,1,True,False,1,False,True,0,WEAK,-301.8299865722656,23.6200008392334
20230510,002996,1,False,True,0,False,False,0,WEAK,-117.08999633789062,335.92999267578125
20230510,002997,2,True,True,0,False,False,0,YELLOW,64.69000244140625,81.33999633789062
20230510,002998,2,True,True,1,True,False,1,WEAK,133.69000244140625,14.529999732971191
20230510,002999,0,False,False,0,False,False,0,YELLOW,-36.790000915527344,-44.18000030517578
20230510,003000,2,True,True,1,True,False,1,YELLOW,31.770000457763672,77.44999694824219
20230510,003001,0,False,False,1,False,True,0,WEAK,127.97000122070312,128.63999938964844
20230510,003002,2,True,True,0,False,False,0,YELLOW,61.47999954223633,-56.880001068115234
20230510,003003,1,True,False,0,False,False,0,YELLOW,500.0,141.2100067138672
20230510,003005,1,True,False,0,False,False,0,WEAK,-156.4499969482422,-81.41999816894531
20230510,003006,2,True,True,1,True,False,1,OK,42.56999969482422,30.6299991607666
20230510,003007,1,True,False,0,False,False,0,WEAK,20.920000076293945,44.81999969482422
20230510,003008,1,False,True,1,True,False,1,OK,-17.360000610351562,24.40999984741211
20230510,003009,1,False,True,1,True,False,1,OK,-70.08999633789062,-78.12999725341797
20230510,003010,1,True,False,1,True,False,1,OK,99.79000091552734,78.12999725341797
20230510,003011,2,True,True,1,True,False,1,YELLOW,0.4600000083446502,-83.4800033569336
20230510,003012,1,True,False,0,False,False,0,YELLOW,186.6199951171875,5.699999809265137
20230510,003013,2,True,True,2,True,True,1,OK,11.640000343322754,3.9200000762939458
20230510,003015,1,False,True,0,False,False,0,WEAK,-98.13999938964844,159.6999969482422
20230510,003016,0,False,False,1,True,False,1,YELLOW,-6.010000228881836,-89.7300033569336
20230510,003017,1,True,False,1,True,False,1,WEAK,-29.6200008392334,-6.53000020980835
20230510,003018,1,False,True,1,True,False,1,WEAK,8.680000305175781,6.489999771118164
20230510,003019,1,False,True,0,False,False,0,YELLOW,-50.27000045776367,119.73999786376952
20230510,003020,1,True,False,1,True,False,1,OK,6.670000076293945,-56.380001068115234
20230510,003021,0,False,False,1,True,False,1,YELLOW,3.130000114440918,148.0399932861328
20230510,003022,1,False,True,0,False,False,0,YELLOW,-80.66999816894531,-80.69999694824219
20230510,003023,1,True,False,0,False,False,0,OK,4.059999942779541,33.61000061035156
20230510,003025,1,False,True,0,False,False,0,OK,-36.130001068115234,35.93000030517578
20230510,003026,0,False,False,0,False,False,0,WEAK,-193.7599945068359,108.01000213623048
20230510,003027,1,False,True,0,False,False,0,WEAK,-76.95999908447266,-121.12999725341795
20230510,003028,1,False,True,0,False,False,0,YELLOW,21.59000015258789,80.37999725341797
20230510,003029,1,True,False,0,False,False,0,OK,-27.049999237060547,-500.0
20230510,003030,2,True,True,1,True,False,1,YELLOW,2.8299999237060547,7.039999961853027
20230510,003031,2,True,True,1,True,False,1,YELLOW,43.369998931884766,99.79000091552734
20230510,003033,1,False,True,0,False,False,0,YELLOW,-30.309999465942383,18.6299991607666
20230510,003035,1,False,True,0,False,False,0,YELLOW,-9.279999732971191,9.140000343322754
20230510,003036,2,True,True,0,False,False,0,YELLOW,10.800000190734863,13.0
20230510,003037,2,True,True,1,True,False,1,YELLOW,-66.27999877929688,-226.72000122070312
20230510,003038,0,False,False,0,False,False,0,YELLOW,79.37000274658203,27.40999984741211
20230510,003039,1,False,True,0,False,False,0,WEAK,2.25,72.4000015258789
20230510,003040,2,True,True,0,False,False,0,OK,-41.97999954223633,-55.27000045776367
20230510,003041,0,False,False,1,True,False,1,WEAK,11.869999885559082,33.720001220703125
20230510,003042,0,False,False,0,False,False,0,YELLOW,-262.4599914550781,-253.6699981689453
20230510,003043,1,False,True,0,False,False,0,OK,-46.619998931884766,23.559999465942383
20230510,003816,2,True,True,1,True,False,1,OK,12.960000038146973,0.0700000002980232
20230510,300001,2,True,True,1,True,False,1,YELLOW,203.0800018310547,500.0
20230510,300002,1,True,False,2,True,True,1,OK,61.290000915527344,95.38999938964844
20230510,300003,1,True,False,1,True,False,1,OK,-28.75,-18.850000381469727
20230510,300004,2,True,True,0,False,False,0,WEAK,182.86000061035156,500.0
20230510,300005,2,True,True,1,True,False,1,OK,251.08999633789065,417.9100036621094
20230510,300006,2,True,True,0,False,False,0,WEAK,60.290000915527344,16.110000610351562
20230510,300007,0,False,False,0,False,False,0,WEAK,-60.59000015258789,48.88999938964844
20230510,300008,2,True,True,1,True,False,1,WEAK,45.13999938964844,293.489990234375
20230510,300009,1,True,False,0,False,False,0,YELLOW,11.789999961853027,15.029999732971191
20230510,300011,1,True,False,1,True,False,1,WEAK,47.939998626708984,87.8499984741211
20230510,300012,1,True,False,0,False,False,0,OK,13.270000457763672,-3.75
20230510,300013,1,False,True,0,False,False,0,WEAK,-343.4700012207031,48.77000045776367
20230510,300014,2,True,True,0,False,False,0,WEAK,-0.9900000095367432,14.630000114440918
20230510,300015,1,True,False,0,False,False,0,OK,24.030000686645508,12.039999961853027
20230510,300016,1,False,True,1,True,False,1,WEAK,-164.3800048828125,32.95000076293945
20230510,300017,1,True,False,1,True,False,1,YELLOW,103.0999984741211,183.4499969482422
20230510,300018,1,True,False,1,True,False,1,OK,56.689998626708984,-6.03000020980835
20230510,300019,2,True,True,1,True,False,1,YELLOW,45.0,-27.350000381469727
20230510,300021,1,False,True,1,True,False,1,YELLOW,-20.809999465942383,11.149999618530272
20230510,300022,1,True,False,0,False,False,0,YELLOW,93.91000366210938,165.4199981689453
20230510,300024,1,False,True,1,True,False,1,WEAK,47.83000183105469,26.0
20230510,300025,1,False,True,1,True,False,1,WEAK,-57.45000076293945,-86.97000122070312
20230510,300026,0,False,False,0,False,False,0,OK,7.369999885559082,-65.45999908447266
20230510,300030,1,True,False,1,True,False,1,WEAK,94.12999725341795,-130.24000549316406
20230510,300031,2,True,True,2,True,True,1,YELLOW,-12.869999885559082,22.100000381469727
20230510,300032,1,True,False,1,True,False,1,WEAK,-98.29000091552734,-198.2599945068359
20230510,300033,2,True,True,1,True,False,1,OK,-10.5600004196167,-14.579999923706056
20230510,300034,1,False,True,0,False,False,0,YELLOW,14.359999656677246,66.9000015258789
20230510,300035,0,False,False,0,False,False,0,WEAK,-105.9000015258789,124.30999755859376
20230510,300036,0,False,False,0,False,False,0,YELLOW,150.30999755859375,-99.4800033569336
20230510,300037,1,False,True,1,True,False,1,YELLOW,-47.720001220703125,-19.520000457763672
20230510,300039,2,True,True,1,True,False,1,OK,63.779998779296875,17.270000457763672
20230510,300040,1,False,True,0,False,False,0,YELLOW,7.460000038146973,-7.28000020980835
20230510,300041,1,True,False,0,False,False,0,YELLOW,12.229999542236328,-48.540000915527344
20230510,300042,2,True,True,1,True,False,1,YELLOW,-280.2300109863281,-230.9600067138672
20230510,300043,0,False,False,2,True,True,1,WEAK,190.8999938964844,-123.95999908447266
20230510,300045,1,True,False,1,True,False,1,OK,106.80999755859376,144.64999389648438
20230510,300046,1,False,True,1,True,False,1,WEAK,-6.329999923706055,59.560001373291016
20230510,300047,1,True,False,0,False,False,0,YELLOW,2.0799999237060547,14.510000228881836
20230510,300048,1,False,True,1,True,False,1,WEAK,-500.0,500.0
20230510,300049,2,True,True,1,True,False,1,OK,28.969999313354492,126.23999786376952
20230510,300050,1,False,True,0,False,False,0,WEAK,66.58000183105469,79.16999816894531
20230510,300051,0,False,False,0,False,False,0,WEAK,19.270000457763672,-500.0
20230510,300052,0,False,False,1,False,True,0,WEAK,-500.0,-500.0
20230510,300053,2,True,True,1,True,False,1,YELLOW,117.66000366210938,-85.87000274658203
20230510,300054,1,False,True,1,True,False,1,YELLOW,-51.95000076293945,213.7100067138672
20230510,300055,1,False,True,0,False,False,0,WEAK,-80.66999816894531,-29.770000457763672
20230510,300056,0,False,False,0,False,False,0,WEAK,-61.27000045776367,45.189998626708984
20230510,300057,1,False,True,0,False,False,0,WEAK,-114.7699966430664,-261.739990234375
20230510,300058,1,True,False,2,True,True,1,YELLOW,5.110000133514404,-41.29999923706055
20230510,300059,1,False,True,1,False,True,0,OK,-6.739999771118164,2.380000114440918
20230510,300061,1,False,True,1,False,True,0,WEAK,-170.97999572753906,-500.0
20230510,300062,1,True,False,1,True,False,1,YELLOW,14.289999961853027,-11.170000076293944
20230510,300063,2,True,True,1,False,True,0,YELLOW,-33.7400016784668,-17.049999237060547
20230510,300065,2,True,True,1,True,False,1,WEAK,32.970001220703125,-414.2699890136719
20230510,300066,1,False,True,0,False,False,0,WEAK,-7.659999847412109,-144.27000427246094
20230510,300067,1,False,True,1,True,False,1,WEAK,-140.72000122070312,150.17999267578125
20230510,300069,2,True,True,1,True,False,1,WEAK,84.43000030517578,-6.900000095367432
20230510,300070,1,True,False,1,True,False,1,YELLOW,500.0,161.13999938964844
20230510,300071,0,False,False,1,False,True,0,WEAK,-500.0,97.18000030517578
20230510,300072,2,True,True,0,False,False,0,WEAK,-105.08999633789062,45.04999923706055
20230510,300073,2,True,True,0,False,False,0,YELLOW,-0.6700000166893005,-75.48999786376953
20230510,300074,1,True,False,0,False,False,0,WEAK,50.029998779296875,-500.0
20230510,300075,1,True,False,1,True,False,1,OK,3.059999942779541,16.84000015258789
20230510,300077,1,False,True,1,True,False,1,WEAK,-500.0,43.279998779296875
20230510,300078,0,False,False,0,False,False,0,WEAK,-500.0,9.3100004196167
20230510,300079,1,False,True,1,True,False,1,OK,-66.54000091552734,9.359999656677246
20230510,300080,2,True,True,1,True,False,1,YELLOW,-49.33000183105469,-281.44000244140625
20230510,300082,0,False,False,0,False,False,0,WEAK,-500.0,-20.65999984741211
20230510,300083,0,False,False,0,False,False,0,YELLOW,-74.19999694824219,-64.02999877929688
20230510,300084,0,False,False,1,True,False,1,WEAK,96.12999725341795,29.420000076293945
20230510,300085,2,True,True,1,True,False,1,YELLOW,17.81999969482422,-500.0
20230510,300086,2,True,True,0,False,False,0,OK,77.47000122070312,-440.510009765625
20230510,300087,2,True,True,0,False,False,0,YELLOW,44.0,-77.5
20230510,300088,1,False,True,1,True,False,1,WEAK,-58.13999938964844,-57.709999084472656
20230510,300092,2,True,True,1,True,False,1,YELLOW,57.790000915527344,1.2400000095367432
20230510,300094,1,False,True,0,False,False,0,WEAK,-500.0,-195.3699951171875
20230510,300095,0,False,False,0,False,False,0,WEAK,-38.43000030517578,-65.54000091552734
20230510,300097,1,True,False,0,False,False,0,WEAK,85.80000305175781,123.5999984741211
20230510,300098,2,True,True,0,False,False,0,WEAK,19.540000915527344,-77.33999633789062
20230510,300099,1,False,True,1,True,False,1,YELLOW,-21.989999771118164,-56.849998474121094
20230510,300100,1,False,True,0,False,False,0,YELLOW,17.079999923706055,223.6199951171875
20230510,300101,0,False,False,0,False,False,0,YELLOW,-26.100000381469727,-95.54000091552734
20230510,300102,1,False,True,0,False,False,0,WEAK,-56.41999816894531,91.0500030517578
20230510,300103,0,False,False,1,True,False,1,WEAK,87.88999938964844,72.22000122070312
20230510,300105,1,False,True,0,False,False,0,WEAK,500.0,252.0800018310547
20230510,300106,0,False,False,0,False,False,0,YELLOW,-294.3999938964844,-493.9700012207031
20230510,300107,1,False,True,0,False,False,0,YELLOW,-81.68000030517578,310.0
20230510,300109,2,True,True,1,True,False,1,YELLOW,36.0,6.210000038146973
20230510,300110,1,True,False,1,True,False,1,WEAK,20.290000915527344,21.31999969482422
20230510,300111,1,False,True,0,False,False,0,WEAK,-12.5,103.48999786376952
20230510,300112,1,False,True,0,False,False,0,WEAK,-66.4000015258789,-41.720001220703125
20230510,300113,2,True,True,2,True,True,1,WEAK,177.25999450683594,29.450000762939453
20230510,300115,1,True,False,1,True,False,1,WEAK,29.209999084472656,231.47999572753903
20230510,300118,2,True,True,0,False,False,0,YELLOW,104.0999984741211,-225.0399932861328
20230510,300119,1,True,False,1,True,False,1,YELLOW,17.09000015258789,20.84000015258789
20230510,300120,1,False,True,1,True,False,1,YELLOW,-14.0,73.31999969482422
20230510,300121,1,False,True,0,False,False,0,YELLOW,-42.27000045776367,-17.520000457763672
20230510,300122,1,True,False,0,False,False,0,WEAK,14.130000114440918,-28.36000061035156
20230510,300124,1,False,True,0,False,False,0,OK,11.59000015258789,26.670000076293945
20230510,300126,1,False,True,0,False,False,0,WEAK,-69.55999755859375,-51.630001068115234
20230510,300127,1,True,False,1,True,False,1,WEAK,2.2100000381469727,-20.329999923706055
20230510,300128,1,False,True,0,False,False,0,WEAK,-500.0,-54.33000183105469
20230510,300129,2,True,True,1,True,False,1,YELLOW,-10.130000114440918,-30.479999542236328
20230510,300130,1,True,False,1,True,False,1,YELLOW,103.41999816894533,79.08000183105469
20230510,300131,0,False,False,1,True,False,1,YELLOW,-17.440000534057617,-20.56999969482422
20230510,300132,1,True,False,0,False,False,0,WEAK,89.43000030517578,85.08999633789062
20230510,300133,2,True,True,2,True,True,1,OK,6.079999923706055,-98.8000030517578
20230510,300134,1,True,False,0,False,False,0,WEAK,-217.9499969482422,-145.47000122070312
20230510,300135,1,False,True,0,False,False,0,WEAK,-196.25,-6.369999885559082
20230510,300136,2,True,True,1,True,False,1,YELLOW,0.6600000262260437,3.5899999141693115
20230510,300137,2,True,True,0,False,False,0,WEAK,500.0,122.22000122070312
20230510,300138,1,True,False,1,True,False,1,YELLOW,8.6899995803833,-58.380001068115234
20230510,300139,1,True,False,1,True,False,1,WEAK,500.0,141.8800048828125
20230510,300140,2,True,True,1,True,False,1,WEAK,500.0,500.0
20230510,300141,1,True,False,1,True,False,1,WEAK,138.38999938964844,113.61000061035156
20230510,300142,2,True,True,0,False,False,0,OK,-17.690000534057617,-37.369998931884766
20230510,300143,2,True,True,1,True,False,1,YELLOW,73.91999816894531,-38.54999923706055
20230510,300144,2,True,True,0,False,False,0,WEAK,500.0,349.07000732421875
20230510,300145,0,False,False,1,True,False,1,YELLOW,53.599998474121094,51.63999938964844
20230510,300146,2,True,True,1,True,False,1,OK,27.209999084472656,-28.670000076293945
20230510,300148,1,True,False,2,True,True,1,WEAK,-500.0,56.369998931884766
20230510,300149,1,False,True,0,False,False,0,WEAK,-240.61000061035156,4.230000019073486
20230510,300150,1,True,False,1,True,False,1,OK,407.3399963378906,-500.0
20230510,300151,0,False,False,0,False,False,0,YELLOW,-67.36000061035156,-34.95000076293945
20230510,300153,2,True,True,1,True,False,1,YELLOW,12.539999961853027,2.7300000190734863
20230510,300154,2,True,True,1,True,False,1,YELLOW,18.90999984741211,0.5799999833106995
20230510,300155,0,False,False,0,False,False,0,YELLOW,50.540000915527344,-500.0
20230510,300157,2,True,True,0,False,False,0,WEAK,23.6299991607666,8.020000457763672
20230510,300158,0,False,False,0,False,False,0,WEAK,-28.270000457763672,51.349998474121094
20230510,300160,1,True,False,0,False,False,0,YELLOW,9.100000381469728,20.739999771118164
20230510,300161,2,True,True,1,True,False,1,WEAK,9.989999771118164,-39.93000030517578
20230510,300162,1,False,True,0,False,False,0,WEAK,-166.47999572753906,34.22999954223633
20230510,300163,1,False,True,1,True,False,1,WEAK,-500.0,-18.809999465942383
20230510,300164,2,True,True,1,True,False,1,OK,500.0,-94.80999755859376
20230510,300165,0,False,False,1,True,False,1,WEAK,65.26000213623047,-148.22000122070312
20230510,300166,1,False,True,1,True,False,1,WEAK,-22.68000030517578,-251.3999938964844
20230510,300168,1,False,True,1,True,False,1,WEAK,-6.679999828338623,-312.5
20230510,300169,1,True,False,0,False,False,0,WEAK,-1.4800000190734863,68.94000244140625
20230510,300170,1,True,False,0,False,False,0,YELLOW,-80.9000015258789,21.6299991607666
20230510,300171,1,True,False,0,False,False,0,WEAK,-4.840000152587891,-73.44000244140625
20230510,300172,2,True,True,1,True,False,1,WEAK,9.529999732971191,30.09000015258789
20230510,300174,0,False,False,0,False,False,0,YELLOW,4.489999771118164,4.75
20230510,300176,1,True,False,0,False,False,0,WEAK,-500.0,187.4199981689453
20230510,300177,0,False,False,1,True,False,1,WEAK,-25.309999465942383,17.059999465942383
20230510,300179,0,False,False,0,False,False,0,OK,-16.670000076293945,-15.68000030517578
20230510,300180,0,False,False,1,True,False,1,WEAK,-500.0,121.58000183105467
20230510,300181,2,True,True,1,True,False,1,OK,42.08000183105469,50.0099983215332
20230510,300182,0,False,False,2,True,True,1,YELLOW,-10.640000343322754,-23.489999771118164
20230510,300183,0,False,False,0,False,False,0,OK,-17.829999923706055,-71.88999938964844
20230510,300184,1,False,True,1,True,False,1,YELLOW,-70.86000061035156,-9.989999771118164
20230510,300185,2,True,True,1,True,False,1,YELLOW,57.7400016784668,-93.63999938964844
20230510,300187,1,True,False,0,False,False,0,YELLOW,-96.18000030517578,-73.06999969482422
20230510,300188,1,False,True,1,True,False,1,WEAK,-75.69999694824219,7.230000019073486
20230510,300189,0,False,False,0,False,False,0,WEAK,31.010000228881836,-115.18000030517578
20230510,300190,0,False,False,0,False,False,0,WEAK,-56.5099983215332,-113.95999908447266
20230510,300191,1,False,True,0,False,False,0,YELLOW,-336.30999755859375,-500.0
20230510,300192,1,True,False,1,True,False,1,OK,87.98999786376953,12.859999656677246
20230510,300193,1,False,True,0,False,False,0,WEAK,12.369999885559082,128.86000061035156
20230510,300194,1,True,False,1,True,False,1,WEAK,95.52999877929688,55.02000045776367
20230510,300195,0,False,False,1,True,False,1,YELLOW,22.979999542236328,92.2699966430664
20230510,300196,0,False,False,0,False,False,0,OK,-49.27000045776367,-37.83000183105469
20230510,300197,1,True,False,2,True,True,1,WEAK,-2.380000114440918,-118.7699966430664
20230510,300199,1,False,True,0,False,False,0,YELLOW,-122.79000091552734,34.900001525878906
20230510,300200,1,False,True,1,True,False,1,OK,-9.420000076293944,41.56999969482422
20230510,300201,1,True,False,1,True,False,1,YELLOW,95.16999816894533,-7.75
20230510,300203,0,False,False,0,False,False,0,WEAK,-34.099998474121094,64.58999633789062
20230510,300204,1,False,True,0,False,False,0,WEAK,-17.56999969482422,90.98999786376952
20230510,300206,1,True,False,1,True,False,1,OK,34.2599983215332,-75.66000366210938
20230510,300207,1,False,True,0,False,False,0,WEAK,26.010000228881836,212.88999938964844
20230510,300209,1,True,False,0,False,False,0,WEAK,-10.15999984741211,9.960000038146973
20230510,300210,2,True,True,0,False,False,0,WEAK,4.940000057220459,-53.810001373291016
20230510,300213,1,False,True,1,True,False,1,WEAK,27.829999923706055,9.529999732971191
20230510,300214,0,False,False,1,True,False,1,YELLOW,-58.7599983215332,-172.11000061035156
20230510,300215,1,False,True,0,False,False,0,WEAK,-132.3699951171875,130.22000122070312
20230510,300217,2,True,True,0,False,False,0,YELLOW,42.4900016784668,31.979999542236328
20230510,300218,0,False,False,0,False,False,0,WEAK,45.939998626708984,314.7300109863281
20230510,300219,0,False,False,1,True,False,1,YELLOW,13.75,-52.31999969482422
20230510,300220,1,True,False,0,False,False,0,WEAK,43.029998779296875,139.82000732421875
20230510,300221,2,True,True,1,True,False,1,YELLOW,386.55999755859375,139.7899932861328
20230510,300222,2,True,True,1,True,False,1,WEAK,54.93000030517578,83.58999633789062
20230510,300223,1,False,True,1,True,False,1,YELLOW,-51.65999984741211,-26.049999237060547
20230510,300224,2,True,True,1,True,False,1,WEAK,20.25,-41.0099983215332
20230510,300226,2,True,True,1,True,False,1,YELLOW,3.7699999809265137,26.450000762939453
20230510,300227,1,False,True,0,False,False,0,OK,-53.83000183105469,-58.45000076293945
20230510,300228,2,True,True,1,True,False,1,WEAK,156.4600067138672,500.0
20230510,300229,1,True,False,1,True,False,1,OK,-100.77999877929688,10.15999984741211
20230510,300230,1,False,True,0,False,False,0,YELLOW,-11.970000267028809,85.05000305175781
20230510,300231,0,False,False,1,True,False,1,YELLOW,-14.920000076293944,-16.489999771118164
20230510,300232,1,True,False,1,True,False,1,YELLOW,-13.640000343322754,-93.5500030517578
20230510,300233,0,False,False,0,False,False,0,WEAK,-52.810001373291016,87.19000244140625
20230510,300234,2,True,True,1,True,False,1,YELLOW,19.18000030517578,3.200000047683716
20230510,300235,0,False,False,1,True,False,1,YELLOW,-15.640000343322754,-11.970000267028809
20230510,300236,1,True,False,1,True,False,1,YELLOW,-23.920000076293945,30.170000076293945
20230510,300238,1,False,True,1,True,False,1,OK,115.48999786376952,-29.18000030517578
20230510,300239,1,True,False,0,False,False,0,YELLOW,8.050000190734863,-21.61000061035156
20230510,300240,0,False,False,0,False,False,0,WEAK,-91.73999786376952,67.29000091552734
20230510,300241,1,False,True,0,False,False,0,WEAK,-69.70999908447266,118.70999908447266
20230510,300242,1,False,True,1,False,True,0,WEAK,-139.4499969482422,41.13999938964844
20230510,300243,1,False,True,1,True,False,1,YELLOW,23.88999938964844,-47.0
20230510,300244,0,False,False,1,True,False,1,OK,-80.01000213623047,-83.01000213623047
20230510,300246,1,True,False,1,True,False,1,OK,500.0,-126.75
20230510,300247,1,True,False,0,False,False,0,YELLOW,233.2100067138672,85.05999755859375
20230510,300248,2,True,True,0,False,False,0,WEAK,97.31999969482422,-41.630001068115234
20230510,300249,0,False,False,0,False,False,0,WEAK,-64.88999938964844,116.43000030517578
20230510,300250,1,False,True,0,False,False,0,WEAK,29.670000076293945,108.20999908447266
20230510,300251,2,True,True,1,False,True,0,WEAK,500.0,252.0099945068359
20230510,300252,1,True,False,1,True,False,1,YELLOW,-253.9499969482422,-500.0
20230510,300253,0,False,False,1,True,False,1,WEAK,-28.969999313354492,111.73999786376952
20230510,300254,1,True,False,0,False,False,0,WEAK,38.7599983215332,248.9499969482422
20230510,300255,0,False,False,0,False,False,0,WEAK,-500.0,-500.0
20230510,300256,1,False,True,1,True,False,1,WEAK,-56.66999816894531,65.66999816894531
20230510,300257,0,False,False,1,True,False,1,YELLOW,4.610000133514404,13.149999618530272
20230510,300258,1,True,False,0,False,False,0,YELLOW,13.789999961853027,2.7699999809265137
20230510,300259,0,False,False,1,True,False,1,OK,-25.040000915527344,-36.040000915527344
20230510,300260,1,False,True,1,True,False,1,YELLOW,-40.290000915527344,16.479999542236328
20230510,300261,1,False,True,0,False,False,0,OK,-70.22000122070312,-184.66000366210935
20230510,300263,1,True,False,0,False,False,0,WEAK,29.010000228881836,-27.030000686645508
20230510,300264,2,True,True,0,False,False,0,WEAK,-51.40999984741211,-9.25
20230510,300265,2,True,True,1,True,False,1,YELLOW,151.9199981689453,-75.19000244140625
20230510,300266,0,False,False,1,True,False,1,WEAK,-55.04999923706055,75.58000183105469
20230510,300267,1,True,False,1,True,False,1,WEAK,-84.30000305175781,-117.4000015258789
20230510,300268,0,False,False,1,True,False,1,WEAK,-500.0,42.41999816894531
20230510,300269,1,False,True,0,False,False,0,WEAK,174.47999572753906,78.98999786376953
20230510,300270,1,True,False,1,True,False,1,OK,-32.79999923706055,-500.0
20230510,300271,1,False,True,1,True,False,1,WEAK,-57.54999923706055,-1.440000057220459
20230510,300272,1,True,False,0,False,False,0,YELLOW,22.350000381469727,27.6299991607666
20230510,300274,2,True,True,1,True,False,1,YELLOW,271.94000244140625,42.84000015258789
20230510,300275,2,True,True,1,True,False,1,OK,46.150001525878906,43.099998474121094
20230510,300276,2,True,True,0,False,False,0,YELLOW,139.67999267578125,32.11000061035156
20230510,300277,1,True,False,0,False,False,0,YELLOW,19.5,-500.0
20230510,300278,2,True,True,0,False,False,0,YELLOW,-29.56999969482422,71.4800033569336
20230510,300279,1,True,False,1,True,False,1,YELLOW,140.19000244140625,-11.789999961853027
20230510,300281,1,False,True,0,False,False,0,WEAK,-138.32000732421875,94.38999938964844
20230510,300283,1,False,True,1,True,False,1,YELLOW,-485.44000244140625,-500.0
20230510,300284,0,False,False,2,True,True,1,OK,-26.809999465942383,50.56999969482422
20230510,300285,0,False,False,0,False,False,0,WEAK,-1.4700000286102295,20.040000915527344
20230510,300286,2,True,True,0,False,False,0,OK,30.280000686645508,9.0600004196167
20230510,300287,1,False,True,0,False,False,0,YELLOW,-73.04000091552734,-500.0
20230510,300288,2,True,True,1,True,False,1,WEAK,13.899999618530272,-70.43000030517578
20230510,300289,0,False,False,0,False,False,0,WEAK,-27.219999313354492,-176.41000366210938
20230510,300290,1,True,False,0,False,False,0,WEAK,83.5199966430664,-166.1300048828125
20230510,300291,2,True,True,2,True,True,1,WEAK,-23.43000030517578,59.79999923706055
20230510,300292,2,True,True,1,True,False,1,YELLOW,-7.230000019073486,34.0099983215332
20230510,300293,2,True,True,1,True,False,1,WEAK,43.36000061035156,-7.619999885559082
20230510,300294,2,True,True,1,True,False,1,WEAK,1.4800000190734863,-7.630000114440918
20230510,300296,0,False,False,1,True,False,1,OK,0.6700000166893005,8.949999809265137
20230510,300298,1,True,False,0,False,False,0,YELLOW,14.289999961853027,21.479999542236328
20230510,300299,1,False,True,1,False,True,0,WEAK,-125.43000030517578,-329.760009765625
20230510,300300,2,True,True,1,True,False,1,WEAK,-28.739999771118164,-66.7300033569336
20230510,300302,0,False,False,1,True,False,1,OK,-500.0,-70.58999633789062
20230510,300303,1,False,True,1,True,False,1,YELLOW,2.0899999141693115,5.010000228881836
20230510,300304,1,True,False,1,True,False,1,WEAK,30.079999923706055,121.27999877929688
20230510,300305,0,False,False,0,False,False,0,WEAK,-68.16000366210938,-430.05999755859375
20230510,300306,1,True,False,1,True,False,1,YELLOW,6.78000020980835,-25.43000030517578
20230510,300307,2,True,True,1,True,False,1,YELLOW,38.689998626708984,98.72000122070312
20230510,300308,2,True,True,1,True,False,1,YELLOW,59.63999938964844,325.7300109863281
20230510,300310,1,False,True,1,True,False,1,YELLOW,-78.37999725341797,135.13999938964844
20230510,300314,1,True,False,1,True,False,1,YELLOW,72.16999816894531,-11.140000343322754
20230510,300315,1,True,False,2,True,True,1,YELLOW,-28.540000915527344,-5.730000019073486
20230510,300316,2,True,True,1,True,False,1,OK,72.87000274658203,26.0
20230510,300317,0,False,False,0,False,False,0,WEAK,-50.779998779296875,-70.48999786376953
20230510,300318,2,True,True,0,False,False,0,WEAK,129.9600067138672,330.1000061035156
20230510,300319,2,True,True,0,False,False,0,YELLOW,15.869999885559082,54.459999084472656
20230510,300320,1,False,True,0,False,False,0,WEAK,5.110000133514404,25.899999618530273
20230510,300321,0,False,False,1,True,False,1,WEAK,-289.2099914550781,94.37999725341795
20230510,300322,1,False,True,1,True,False,1,WEAK,-466.1400146484375,71.56999969482422
20230510,300323,0,False,False,0,False,False,0,WEAK,-155.02000427246094,7.920000076293945
20230510,300324,1,False,True,1,True,False,1,WEAK,13.979999542236328,-5.059999942779541
20230510,300327,1,False,True,0,False,False,0,OK,-72.8499984741211,40.939998626708984
20230510,300328,0,False,False,0,False,False,0,WEAK,-62.040000915527344,-205.77000427246097
20230510,300329,1,False,True,0,False,False,0,YELLOW,-274.55999755859375,-240.0
20230510,300331,2,True,True,0,False,False,0,WEAK,98.52999877929688,431.6300048828125
20230510,300332,2,True,True,0,False,False,0,YELLOW,11.550000190734863,-61.66999816894531
20230510,300333,1,False,True,0,False,False,0,WEAK,27.31999969482422,61.5099983215332
20230510,300334,0,False,False,1,True,False,1,WEAK,16.020000457763672,85.19000244140625
20230510,300335,1,True,False,1,True,False,1,YELLOW,500.0,-28.030000686645508
20230510,300337,1,False,True,0,False,False,0,YELLOW,40.36000061035156,245.47999572753903
20230510,300339,1,True,False,1,True,False,1,YELLOW,-34.209999084472656,22.790000915527344
20230510,300340,0,False,False,1,True,False,1,WEAK,-19.1200008392334,72.66000366210938
20230510,300341,1,False,True,1,True,False,1,OK,-33.5,-28.809999465942383
20230510,300342,1,True,False,1,True,False,1,WEAK,7.650000095367432,-78.86000061035156
20230510,300345,2,True,True,1,True,False,1,WEAK,-500.0,-500.0
20230510,300346,0,False,False,1,True,False,1,OK,-5.28000020980835,14.399999618530272
20230510,300347,2,True,True,0,False,False,0,WEAK,0.5299999713897705,-20.5
20230510,300348,1,True,False,0,False,False,0,WEAK,-500.0,21.11000061035156
20230510,300349,2,True,True,1,True,False,1,OK,33.060001373291016,35.36000061035156
20230510,300350,2,True,True,0,False,False,0,WEAK,-73.02999877929688,-150.8000030517578
20230510,300351,1,False,True,0,False,False,0,WEAK,-28.739999771118164,27.780000686645508
20230510,300353,2,True,True,0,False,False,0,WEAK,-37.18000030517578,-36.689998626708984
20230510,300354,2,True,True,0,False,False,0,OK,55.939998626708984,176.8699951171875
20230510,300355,2,True,True,2,True,True,1,OK,96.33999633789062,-260.92999267578125
20230510,300357,1,False,True,0,False,False,0,OK,-10.289999961853027,6.800000190734863
20230510,300358,1,True,False,0,False,False,0,OK,-37.29999923706055,-117.26000213623048
20230510,300359,0,False,False,0,False,False,0,WEAK,91.56999969482422,-36.84000015258789
20230510,300360,2,True,True,1,True,False,1,OK,40.599998474121094,42.33000183105469
20230510,300363,1,False,True,0,False,False,0,YELLOW,-73.08000183105469,-131.5500030517578
20230510,300364,0,False,False,2,True,True,1,WEAK,-16.850000381469727,-15.489999771118164
20230510,300365,2,True,True,0,False,False,0,WEAK,-29.40999984741211,1.9700000286102295
20230510,300368,2,True,True,0,False,False,0,YELLOW,-37.970001220703125,-209.7599945068359
20230510,300369,1,False,True,0,False,False,0,WEAK,-96.25,17.68000030517578
20230510,300370,2,True,True,1,True,False,1,WEAK,60.95000076293945,44.40999984741211
20230510,300371,1,True,False,1,True,False,1,WEAK,-14.920000076293944,-50.029998779296875
20230510,300373,0,False,False,0,False,False,0,OK,-28.530000686645508,4.21999979019165
20230510,300374,1,True,False,1,True,False,1,WEAK,28.350000381469727,0.8600000143051147
20230510,300375,1,False,True,1,True,False,1,YELLOW,-31.780000686645508,101.08999633789062
20230510,300376,1,True,False,1,True,False,1,WEAK,19.540000915527344,-62.40999984741211
20230510,300377,0,False,False,0,False,False,0,WEAK,-213.5399932861328,8.380000114440918
20230510,300378,2,True,True,1,True,False,1,WEAK,-34.970001220703125,20.469999313354492
20230510,300380,1,False,True,0,False,False,0,WEAK,-500.0,107.91000366210938
20230510,300381,2,True,True,1,True,False,1,WEAK,133.52999877929688,296.3500061035156
20230510,300382,0,False,False,0,False,False,0,WEAK,-48.22999954223633,-60.20000076293945
20230510,300383,0,False,False,1,True,False,1,YELLOW,-10.300000190734863,-5.179999828338623
20230510,300384,2,True,True,1,False,True,0,WEAK,18.84000015258789,17.68000030517578
20230510,300386,1,False,True,1,True,False,1,WEAK,-127.43000030517578,72.93000030517578
20230510,300387,1,True,False,1,True,False,1,YELLOW,37.619998931884766,40.54999923706055
20230510,300388,2,True,True,1,True,False,1,YELLOW,6.949999809265137,40.02000045776367
20230510,300389,2,True,True,1,True,False,1,YELLOW,152.92999267578125,-29.059999465942383
20230510,300390,1,False,True,0,False,False,0,WEAK,-70.31999969482422,-69.80000305175781
20230510,300393,2,True,True,0,False,False,0,YELLOW,60.33000183105469,-253.6699981689453
20230510,300394,2,True,True,1,True,False,1,OK,68.45999908447266,215.07000732421875
20230510,300395,2,True,True,0,False,False,0,OK,5.389999866485596,-54.060001373291016
20230510,300397,0,False,False,1,True,False,1,WEAK,-85.16999816894531,122.33000183105467
20230510,300398,0,False,False,0,False,False,0,OK,-49.040000915527344,0.6200000047683716
20230510,300399,1,False,True,1,True,False,1,YELLOW,-500.0,-17.040000915527344
20230510,300400,1,False,True,0,False,False,0,OK,-43.630001068115234,500.0
20230510,300401,1,False,True,0,False,False,0,OK,-57.68000030517578,41.290000915527344
20230510,300402,2,True,True,0,False,False,0,YELLOW,19.479999542236328,13.25
20230510,300403,1,True,False,0,False,False,0,YELLOW,19.729999542236328,18.200000762939453
20230510,300404,1,True,False,1,True,False,1,WEAK,61.439998626708984,103.3000030517578
20230510,300405,1,False,True,1,True,False,1,WEAK,45.25,-45.790000915527344
20230510,300406,1,True,False,1,True,False,1,YELLOW,40.290000915527344,10.90999984741211
20230510,300407,1,True,False,1,True,False,1,YELLOW,295.19000244140625,80.87000274658203
20230510,300408,0,False,False,0,False,False,0,WEAK,-15.760000228881836,57.400001525878906
20230510,300409,0,False,False,0,False,False,0,WEAK,-131.1699981689453,124.0199966430664
20230510,300410,1,False,True,0,False,False,0,WEAK,-295.5799865722656,57.54999923706055
20230510,300411,1,False,True,0,False,False,0,WEAK,-53.900001525878906,-22.729999542236328
20230510,300412,0,False,False,0,False,False,0,OK,-50.84000015258789,-191.3800048828125
20230510,300413,2,True,True,1,False,True,0,YELLOW,5.050000190734863,-10.130000114440918
20230510,300414,1,False,True,0,False,False,0,YELLOW,-17.31999969482422,-77.4000015258789
20230510,300415,0,False,False,0,False,False,0,WEAK,15.329999923706056,35.400001525878906
20230510,300416,2,True,True,0,False,False,0,OK,26.290000915527344,-1.809999942779541
20230510,300417,1,True,False,0,False,False,0,WEAK,-378.3999938964844,-20.030000686645508
20230510,300418,1,False,True,2,True,True,1,YELLOW,-68.61000061035156,-216.80999755859375
20230510,300420,0,False,False,1,True,False,1,YELLOW,195.8000030517578,-14.239999771118164
20230510,300421,2,True,True,0,False,False,0,WEAK,53.90999984741211,4.199999809265137
20230510,300422,2,True,True,1,True,False,1,WEAK,6.099999904632568,256.0299987792969
20230510,300423,1,False,True,1,True,False,1,WEAK,-478.8999938964844,-87.6500015258789
20230510,300424,2,True,True,1,True,False,1,WEAK,-114.44000244140624,276.80999755859375
20230510,300425,0,False,False,1,True,False,1,WEAK,4.659999847412109,-89.23999786376953
20230510,300426,1,True,False,2,True,True,1,WEAK,102.08999633789062,206.57000732421875
20230510,300427,1,True,False,0,False,False,0,WEAK,-198.63999938964844,-184.5800018310547
20230510,300428,1,False,True,0,False,False,0,YELLOW,7.670000076293945,220.77999877929688
20230510,300429,0,False,False,1,True,False,1,WEAK,-244.6000061035156,-38.95000076293945
20230510,300432,1,False,True,0,False,False,0,WEAK,-189.8000030517578,105.79000091552734
20230510,300433,1,True,False,0,False,False,0,WEAK,166.0,500.0
20230510,300434,1,True,False,1,True,False,1,OK,54.93000030517578,-37.099998474121094
20230510,300435,2,True,True,1,True,False,1,YELLOW,23.06999969482422,-2.7100000381469727
20230510,300436,1,False,True,0,False,False,0,WEAK,-145.1699981689453,72.1500015258789
20230510,300437,1,False,True,0,False,False,0,YELLOW,-111.12000274658205,-34.84000015258789
20230510,300438,2,True,True,0,False,False,0,YELLOW,-43.58000183105469,-97.45999908447266
20230510,300439,1,True,False,0,False,False,0,YELLOW,-0.6000000238418579,14.369999885559082
20230510,300440,2,True,True,0,False,False,0,WEAK,-53.939998626708984,22.479999542236328
20230510,300441,1,False,True,0,False,False,0,YELLOW,30.899999618530273,80.8499984741211
20230510,300442,2,True,True,1,True,False,1,OK,46.88999938964844,45.47999954223633
20230510,300443,2,True,True,0,False,False,0,WEAK,37.95000076293945,-75.9800033569336
20230510,300444,2,True,True,1,True,False,1,WEAK,314.0199890136719,382.9700012207031
20230510,300445,2,True,True,1,True,False,1,WEAK,1.399999976158142,79.0999984741211
20230510,300446,0,False,False,1,True,False,1,WEAK,500.0,500.0
20230510,300447,1,True,False,1,True,False,1,WEAK,-21.719999313354492,-48.61000061035156
20230510,300448,0,False,False,1,True,False,1,OK,-500.0,142.82000732421875
20230510,300449,1,True,False,1,True,False,1,WEAK,22.540000915527344,28.829999923706055
20230510,300450,2,True,True,0,False,False,0,YELLOW,40.93000030517578,0.0099999997764825
20230510,300451,1,False,True,1,True,False,1,YELLOW,-50.959999084472656,51.52000045776367
20230510,300452,2,True,True,1,True,False,1,OK,30.579999923706055,-7.559999942779541
20230510,300453,1,False,True,1,True,False,1,OK,-4.449999809265137,28.61000061035156
20230510,300454,1,True,False,0,False,False,0,WEAK,24.809999465942383,-19.649999618530273
20230510,300455,2,True,True,1,True,False,1,YELLOW,39.43000030517578,7.269999980926514
20230510,300456,1,True,False,1,True,False,1,WEAK,45.150001525878906,-4.559999942779541
20230510,300457,2,True,True,1,True,False,1,YELLOW,38.83000183105469,97.52999877929688
20230510,300458,0,False,False,1,True,False,1,WEAK,-129.82000732421875,129.72000122070312
20230510,300459,1,False,True,2,True,True,1,YELLOW,-50.83000183105469,-44.619998931884766
20230510,300461,2,True,True,1,True,False,1,WEAK,100.0,-500.0
20230510,300463,1,False,True,0,False,False,0,WEAK,-54.380001068115234,-2.0
20230510,300464,1,True,False,0,False,False,0,WEAK,95.5999984741211,-56.720001220703125
20230510,300465,1,True,False,1,True,False,1,YELLOW,308.25,-86.63999938964844
20230510,300466,2,True,True,1,True,False,1,YELLOW,145.07000732421875,-265.57000732421875
20230510,300467,2,True,True,2,True,True,1,WEAK,217.6300048828125,-13.199999809265137
20230510,300468,2,True,True,1,True,False,1,WEAK,17.709999084472656,10.40999984741211
20230510,300469,1,True,False,1,True,False,1,WEAK,6.409999847412109,-29.8700008392334
20230510,300470,2,True,True,1,True,False,1,OK,1.0700000524520874,5.0
20230510,300471,2,True,True,0,False,False,0,WEAK,52.369998931884766,-121.2699966430664
20230510,300473,1,False,True,0,False,False,0,WEAK,106.23999786376952,119.83000183105467
20230510,300474,0,False,False,1,True,False,1,WEAK,-123.86000061035156,78.80999755859375
20230510,300475,1,False,True,1,True,False,1,WEAK,-14.420000076293944,193.4499969482422
20230510,300476,1,False,True,1,True,False,1,WEAK,-4.889999866485596,81.08000183105469
20230510,300478,1,False,True,1,True,False,1,WEAK,-31.809999465942383,42.66999816894531
20230510,300479,2,True,True,0,False,False,0,OK,-179.9199981689453,-500.0
20230510,300480,2,True,True,1,True,False,1,OK,44.5,-30.11000061035156
20230510,300481,0,False,False,0,False,False,0,YELLOW,-41.939998626708984,-19.540000915527344
20230510,300482,0,False,False,0,False,False,0,WEAK,-71.37999725341797,6.78000020980835
20230510,300483,1,False,True,0,False,False,0,WEAK,-96.70999908447266,-500.0
20230510,300484,0,False,False,1,True,False,1,YELLOW,-61.209999084472656,-33.560001373291016
20230510,300485,1,False,True,0,False,False,0,WEAK,-49.95000076293945,383.80999755859375
20230510,300486,1,False,True,0,False,False,0,YELLOW,-183.27000427246097,19.040000915527344
20230510,300487,2,True,True,1,True,False,1,OK,64.4000015258789,27.969999313354492
20230510,300488,1,False,True,0,False,False,0,WEAK,-9.289999961853027,29.920000076293945
20230510,300489,0,False,False,0,False,False,0,WEAK,-69.38999938964844,16.290000915527344
20230510,300490,1,False,True,0,False,False,0,WEAK,121.1999969482422,102.4000015258789
20230510,300491,2,True,True,1,True,False,1,WEAK,463.8599853515625,60.720001220703125
20230510,300492,0,False,False,1,False,True,0,WEAK,-312.7300109863281,500.0
20230510,300493,0,False,False,1,True,False,1,YELLOW,-34.2599983215332,82.87999725341797
20230510,300494,2,True,True,2,True,True,1,YELLOW,-7.739999771118164,-86.04000091552734
20230510,300496,2,True,True,0,False,False,0,OK,-12.649999618530272,-46.22999954223633
20230510,300497,0,False,False,0,False,False,0,WEAK,-329.45001220703125,68.06999969482422
20230510,300498,1,True,False,1,True,False,1,WEAK,-500.0,62.20000076293945
20230510,300499,1,False,True,1,True,False,1,WEAK,37.86000061035156,136.5800018310547
20230510,300500,2,True,True,2,True,True,1,YELLOW,-57.220001220703125,-82.0999984741211
20230510,300501,2,True,True,0,False,False,0,YELLOW,-26.100000381469727,-10.65999984741211
20230510,300502,1,False,True,1,True,False,1,YELLOW,-35.02000045776367,206.7100067138672
20230510,300503,0,False,False,0,False,False,0,WEAK,-478.239990234375,119.37000274658205
20230510,300504,0,False,False,0,False,False,0,YELLOW,-41.939998626708984,-61.63999938964844
20230510,300505,0,False,False,0,False,False,0,YELLOW,-141.89999389648438,500.0
20230510,300507,1,False,True,0,False,False,0,YELLOW,-2.3299999237060547,92.44000244140624
20230510,300508,2,True,True,1,True,False,1,YELLOW,24.6200008392334,-21.309999465942383
20230510,300509,2,True,True,1,True,False,1,YELLOW,-48.93000030517578,-34.439998626708984
20230510,300510,2,True,True,0,False,False,0,YELLOW,7.170000076293945,-500.0
20230510,300511,2,True,True,1,True,False,1,WEAK,-470.7999877929687,-101.61000061035156
20230510,300512,1,True,False,1,True,False,1,OK,-37.75,-40.36000061035156
20230510,300513,2,True,True,1,True,False,1,WEAK,-46.70000076293945,-150.1300048828125
20230510,300514,1,True,False,1,True,False,1,YELLOW,109.04000091552734,34.13999938964844
20230510,300515,2,True,True,1,True,False,1,YELLOW,-23.829999923706055,44.84000015258789
20230510,300516,0,False,False,1,True,False,1,YELLOW,-11.720000267028809,-7.590000152587891
20230510,300517,0,False,False,1,False,True,0,YELLOW,-87.25,14.390000343322754
20230510,300518,1,False,True,0,False,False,0,WEAK,-135.02000427246094,-144.6999969482422
20230510,300519,0,False,False,1,True,False,1,WEAK,-36.220001220703125,-28.06999969482422
20230510,300520,1,False,True,0,False,False,0,WEAK,-26.280000686645508,170.4499969482422
20230510,300521,0,False,False,1,True,False,1,WEAK,-287.7699890136719,73.11000061035156
20230510,300522,0,False,False,1,True,False,1,WEAK,-39.34000015258789,44.68000030517578
20230510,300523,2,True,True,1,True,False,1,OK,500.0,-500.0
20230510,300525,0,False,False,0,False,False,0,WEAK,500.0,0.8899999856948853
20230510,300528,1,True,False,2,True,True,1,WEAK,103.79000091552734,491.25
20230510,300529,0,False,False,0,False,False,0,YELLOW,-50.66999816894531,42.7400016784668
20230510,300530,2,True,True,0,False,False,0,WEAK,31.88999938964844,35.77000045776367
20230510,300531,0,False,False,0,False,False,0,WEAK,-25.190000534057617,-26.299999237060547
20230510,300532,2,True,True,1,True,False,1,YELLOW,84.94999694824219,7.670000076293945
20230510,300533,1,False,True,2,True,True,1,OK,104.81999969482422,-348.75
20230510,300534,2,True,True,1,True,False,1,OK,500.0,10.8100004196167
20230510,300535,1,False,True,1,True,False,1,WEAK,500.0,113.33999633789062
20230510,300536,1,True,False,1,False,True,0,YELLOW,-129.33999633789062,169.77999877929688
20230510,300537,2,True,True,0,False,False,0,YELLOW,180.86000061035156,500.0
20230510,300538,2,True,True,1,True,False,1,YELLOW,120.86000061035156,-0.2199999988079071
20230510,300539,1,True,False,0,False,False,0,YELLOW,42.310001373291016,-21.020000457763672
20230510,300540,1,False,True,1,True,False,1,WEAK,-130.85000610351562,118.75
20230510,300541,1,True,False,1,True,False,1,YELLOW,168.44000244140625,-144.61000061035156
20230510,300542,0,False,False,0,False,False,0,WEAK,-469.989990234375,-82.3499984741211
20230510,300543,1,False,True,0,False,False,0,YELLOW,0.4600000083446502,146.22000122070312
20230510,300545,2,True,True,1,True,False,1,YELLOW,205.1199951171875,12.039999961853027
20230510,300546,2,True,True,0,False,False,0,WEAK,-213.1499938964844,-500.0
20230510,300547,2,True,True,0,False,False,0,YELLOW,29.6299991607666,84.98999786376953
20230510,300548,1,False,True,1,True,False,1,WEAK,-56.52000045776367,-103.73999786376952
20230510,300549,2,True,True,0,False,False,0,YELLOW,-22.020000457763672,-109.44000244140624
20230510,300550,1,False,True,1,True,False,1,WEAK,-44.0,-500.0
20230510,300551,1,False,True,1,True,False,1,WEAK,-74.80000305175781,-163.36000061035156
20230510,300552,1,False,True,0,False,False,0,WEAK,-115.0,11.8100004196167
20230510,300553,2,True,True,0,False,False,0,OK,47.2599983215332,-63.33000183105469
20230510,300554,1,True,False,0,False,False,0,WEAK,500.0,260.19000244140625
20230510,300556,0,False,False,1,True,False,1,WEAK,-201.7100067138672,-62.619998931884766
20230510,300557,1,True,False,0,False,False,0,YELLOW,10.640000343322754,121.8499984741211
20230510,300558,1,False,True,1,True,False,1,WEAK,282.70001220703125,390.3900146484375
20230510,300559,1,False,True,1,True,False,1,WEAK,28.38999938964844,79.23999786376953
20230510,300560,2,True,True,1,True,False,1,WEAK,5.880000114440918,-17.440000534057617
20230510,300562,1,False,True,0,False,False,0,WEAK,500.0,193.6999969482422
20230510,300563,1,False,True,0,False,False,0,YELLOW,-18.760000228881836,-0.0599999986588954
20230510,300564,1,False,True,1,False,True,0,WEAK,-88.94999694824219,-155.5500030517578
20230510,300565,1,False,True,0,False,False,0,WEAK,-500.0,-19.850000381469727
20230510,300566,1,False,True,0,False,False,0,WEAK,388.3699951171875,117.08000183105467
20230510,300567,1,False,True,1,True,False,1,OK,-196.4900054931641,-500.0
20230510,300568,2,True,True,0,False,False,0,YELLOW,0.2599999904632568,-39.65999984741211
20230510,300569,2,True,True,1,True,False,1,WEAK,32.459999084472656,-15.899999618530272
20230510,300570,1,True,False,1,True,False,1,YELLOW,-36.04999923706055,9.039999961853027
20230510,300571,1,False,True,0,False,False,0,WEAK,-88.72000122070312,-79.4000015258789
20230510,300572,1,False,True,1,True,False,1,OK,2.640000104904175,-500.0
20230510,300573,1,False,True,1,True,False,1,OK,-14.4399995803833,126.45999908447266
20230510,300575,0,False,False,0,False,False,0,YELLOW,-26.18000030517578,-110.87000274658205
20230510,300576,2,True,True,1,True,False,1,YELLOW,161.4499969482422,90.81999969482422
20230510,300577,1,True,False,0,False,False,0,WEAK,188.6000061035156,121.43000030517578
20230510,300578,0,False,False,1,True,False,1,WEAK,-142.4499969482422,74.63999938964844
20230510,300579,2,True,True,1,True,False,1,YELLOW,-265.30999755859375,-500.0
20230510,300580,2,True,True,1,True,False,1,OK,33.439998626708984,74.69000244140625
20230510,300581,1,True,False,0,False,False,0,WEAK,-154.77999877929688,-61.619998931884766
20230510,300582,0,False,False,0,False,False,0,WEAK,-141.91000366210938,500.0
20230510,300583,1,True,False,1,True,False,1,YELLOW,-4.110000133514404,-89.80000305175781
20230510,300584,1,True,False,0,False,False,0,YELLOW,11.039999961853027,6.53000020980835
20230510,300585,1,False,True,0,False,False,0,WEAK,181.61000061035156,-409.2099914550781
20230510,300586,0,False,False,0,False,False,0,WEAK,-60.7599983215332,-49.16999816894531
20230510,300587,0,False,False,0,False,False,0,WEAK,-117.0199966430664,212.3800048828125
20230510,300588,1,True,False,0,False,False,0,WEAK,28.700000762939453,-330.95001220703125
20230510,300589,1,False,True,1,True,False,1,WEAK,500.0,351.9200134277344
20230510,300590,1,False,True,0,False,False,0,OK,-24.670000076293945,118.08000183105467
20230510,300591,1,False,True,1,True,False,1,WEAK,175.1699981689453,29.15999984741211
20230510,300592,2,True,True,1,True,False,1,OK,110.54000091552734,6.730000019073486
20230510,300593,2,True,True,0,False,False,0,OK,-49.7599983215332,-138.58999633789062
20230510,300595,2,True,True,0,False,False,0,OK,1.5499999523162842,11.59000015258789
20230510,300596,0,False,False,0,False,False,0,YELLOW,-36.58000183105469,23.559999465942383
20230510,300597,2,True,True,1,True,False,1,YELLOW,-38.09000015258789,-36.470001220703125
20230510,300598,1,False,True,0,False,False,0,WEAK,-31.829999923706055,32.75
20230510,300599,1,True,False,1,True,False,1,YELLOW,-29.3799991607666,-276.0299987792969
20230510,300600,2,True,True,1,True,False,1,WEAK,10.09000015258789,99.38999938964844
20230510,300601,0,False,False,0,False,False,0,YELLOW,316.82000732421875,-92.41999816894533
20230510,300602,1,True,False,0,False,False,0,WEAK,174.4600067138672,159.02999877929688
20230510,300603,1,False,True,0,False,False,0,YELLOW,-500.0,-192.5099945068359
20230510,300604,1,False,True,1,True,False,1,WEAK,-140.8300018310547,102.43000030517578
20230510,300605,1,False,True,0,False,False,0,YELLOW,-71.43000030517578,-240.17999267578125
20230510,300606,1,False,True,1,True,False,1,WEAK,52.209999084472656,500.0
20230510,300607,0,False,False,0,False,False,0,WEAK,-6.739999771118164,169.7899932861328
20230510,300608,1,True,False,0,False,False,0,WEAK,-11.779999732971191,2.190000057220459
20230510,300609,1,True,False,1,True,False,1,WEAK,-49.31999969482422,-173.22999572753906
20230510,300610,1,False,True,0,False,False,0,YELLOW,-80.2300033569336,68.51000213623047
20230510,300611,2,True,True,1,True,False,1,WEAK,312.05999755859375,111.0
20230510,300612,0,False,False,1,False,True,0,YELLOW,-94.27999877929688,-500.0
20230510,300613,1,False,True,0,False,False,0,WEAK,-47.58000183105469,-47.86000061035156
20230510,300614,1,False,True,0,False,False,0,WEAK,-85.27999877929688,-398.489990234375
20230510,300615,2,True,True,1,True,False,1,YELLOW,106.13999938964844,-143.9600067138672
20230510,300616,1,True,False,1,True,False,1,WEAK,73.23999786376953,9.210000038146973
20230510,300617,1,True,False,1,True,False,1,OK,29.0,-33.36000061035156
20230510,300618,1,False,True,0,False,False,0,WEAK,-41.709999084472656,70.23999786376953
20230510,300619,2,True,True,1,True,False,1,YELLOW,139.47000122070312,-181.91000366210935
20230510,300620,1,False,True,1,True,False,1,WEAK,-44.689998626708984,-58.90999984741211
20230510,300621,1,False,True,2,True,True,1,WEAK,500.0,147.3300018310547
20230510,300622,2,True,True,1,True,False,1,YELLOW,129.17999267578125,-35.06999969482422
20230510,300623,0,False,False,0,False,False,0,WEAK,-52.849998474121094,80.87999725341797
20230510,300624,2,True,True,1,True,False,1,OK,500.0,26.59000015258789
20230510,300625,1,False,True,1,True,False,1,OK,113.62999725341795,142.8800048828125
20230510,300626,1,False,True,1,True,False,1,WEAK,-41.959999084472656,500.0
20230510,300627,2,True,True,0,False,False,0,OK,57.439998626708984,40.41999816894531
20230510,300628,1,False,True,0,False,False,0,OK,-13.649999618530272,49.33000183105469
20230510,300629,2,True,True,0,False,False,0,OK,9.640000343322754,17.549999237060547
20230510,300631,2,True,True,0,False,False,0,WEAK,-48.77000045776367,340.4700012207031
20230510,300632,0,False,False,0,False,False,0,YELLOW,-3.9600000381469727,-26.739999771118164
20230510,300633,1,True,False,1,True,False,1,OK,43.11000061035156,-26.549999237060547
20230510,300634,1,True,False,1,True,False,1,OK,29.38999938964844,25.229999542236328
20230510,300635,1,True,False,1,False,True,0,WEAK,-130.07000732421875,-94.20999908447266
20230510,300636,1,True,False,0,False,False,0,OK,-1.0499999523162842,23.309999465942383
20230510,300637,0,False,False,1,True,False,1,WEAK,-249.6300048828125,12.979999542236328
20230510,300638,2,True,True,1,True,False,1,WEAK,60.61000061035156,27.350000381469727
20230510,300639,0,False,False,0,False,False,0,OK,-89.68000030517578,-126.62000274658205
20230510,300640,0,False,False,0,False,False,0,YELLOW,-32.36000061035156,264.4200134277344
20230510,300641,0,False,False,1,True,False,1,WEAK,-63.56999969482422,450.7799987792969
20230510,300642,1,True,False,0,False,False,0,WEAK,-60.16999816894531,-159.5399932861328
20230510,300643,0,False,False,0,False,False,0,OK,-29.6200008392334,61.2599983215332
20230510,300644,0,False,False,1,True,False,1,YELLOW,104.2300033569336,125.5199966430664
20230510,300645,1,False,True,0,False,False,0,WEAK,500.0,-15.369999885559082
20230510,300647,1,False,True,0,False,False,0,WEAK,-327.6099853515625,127.0500030517578
20230510,300648,0,False,False,0,False,False,0,WEAK,-329.9800109863281,5.119999885559082
20230510,300649,0,False,False,1,False,True,0,YELLOW,-67.02999877929688,-27.0
20230510,300650,0,False,False,1,True,False,1,WEAK,-46.63999938964844,62.540000915527344
20230510,300651,1,False,True,0,False,False,0,OK,85.55000305175781,-119.9800033569336
20230510,300652,1,False,True,0,False,False,0,YELLOW,3.930000066757202,102.37999725341795
20230510,300653,0,False,False,0,False,False,0,OK,-3.1600000858306885,-33.93000030517578
20230510,300654,1,True,False,2,True,True,1,YELLOW,23.489999771118164,-23.299999237060547
20230510,300655,0,False,False,1,True,False,1,YELLOW,-40.970001220703125,-99.5199966430664
20230510,300656,1,False,True,0,False,False,0,YELLOW,-68.75,-144.88999938964844
20230510,300657,0,False,False,1,True,False,1,WEAK,-81.16000366210938,118.88999938964844
20230510,300658,2,True,True,0,False,False,0,WEAK,0.5899999737739563,71.01000213623047
20230510,300659,2,True,True,0,False,False,0,WEAK,30.920000076293945,31.899999618530273
20230510,300660,0,False,False,0,False,False,0,YELLOW,-3.799999952316284,29.5
20230510,300661,0,False,False,0,False,False,0,YELLOW,-87.19999694824219,500.0
20230510,300662,0,False,False,0,False,False,0,YELLOW,-39.939998626708984,-10.010000228881836
20230510,300663,1,False,True,0,False,False,0,WEAK,29.200000762939453,35.22999954223633
20230510,300664,1,False,True,1,True,False,1,OK,-19.15999984741211,15.43000030517578
20230510,300665,1,True,False,1,True,False,1,WEAK,33.720001220703125,-500.0
20230510,300666,1,False,True,0,False,False,0,YELLOW,-24.61000061035156,94.63999938964844
20230510,300667,2,True,True,0,False,False,0,OK,-53.84000015258789,-134.39999389648438
20230510,300668,2,True,True,2,True,True,1,OK,134.86000061035156,-371.7000122070313
20230510,300669,2,True,True,1,True,False,1,YELLOW,7.579999923706055,-27.1200008392334
20230510,300670,1,False,True,0,False,False,0,WEAK,48.290000915527344,4.079999923706055
20230510,300671,0,False,False,0,False,False,0,WEAK,-500.0,52.470001220703125
20230510,300672,2,True,True,1,True,False,1,WEAK,-67.7300033569336,-24.290000915527344
20230510,300673,1,False,True,0,False,False,0,WEAK,-118.7699966430664,203.22000122070312
20230510,300674,2,True,True,1,True,False,1,WEAK,44.61000061035156,-15.210000038146973
20230510,300675,0,False,False,1,False,True,0,WEAK,-500.0,43.04999923706055
20230510,300676,1,False,True,1,True,False,1,WEAK,-87.08999633789062,-92.69000244140624
20230510,300677,0,False,False,0,False,False,0,WEAK,-71.43000030517578,194.6300048828125
20230510,300678,0,False,False,1,True,False,1,OK,20.209999084472656,-21.940000534057617
20230510,300679,1,False,True,0,False,False,0,OK,-10.979999542236328,252.05999755859375
20230510,300680,2,True,True,0,False,False,0,WEAK,33.95000076293945,57.79999923706055
20230510,300681,1,False,True,0,False,False,0,WEAK,500.0,152.00999450683594
20230510,300682,0,False,False,0,False,False,0,OK,0.9300000071525574,-500.0
20230510,300683,1,False,True,0,False,False,0,WEAK,-500.0,-186.72000122070312
20230510,300684,0,False,False,1,True,False,1,YELLOW,-70.47000122070312,10.329999923706056
20230510,300685,0,False,False,0,False,False,0,OK,27.09000015258789,26.440000534057617
20230510,300686,0,False,False,0,False,False,0,WEAK,-500.0,16.209999084472656
20230510,300687,0,False,False,0,False,False,0,WEAK,-21.510000228881836,194.38999938964844
20230510,300688,1,True,False,1,True,False,1,WEAK,76.44999694824219,14.539999961853027
20230510,300689,2,True,True,0,False,False,0,YELLOW,-80.22000122070312,-140.39999389648438
20230510,300690,0,False,False,0,False,False,0,WEAK,22.8700008392334,-4.869999885559082
20230510,300691,2,True,True,0,False,False,0,YELLOW,5.480000019073486,-158.7100067138672
20230510,300692,1,False,True,1,True,False,1,OK,-42.93000030517578,-1.690000057220459
20230510,300693,2,True,True,1,True,False,1,OK,111.44000244140624,5.039999961853027
20230510,300694,1,True,False,1,True,False,1,YELLOW,78.23999786376953,165.3699951171875
20230510,300695,2,True,True,1,True,False,1,YELLOW,19.469999313354492,39.68000030517578
20230510,300696,1,False,True,0,False,False,0,WEAK,-51.54999923706055,-114.87999725341795
20230510,300697,2,True,True,1,True,False,1,YELLOW,36.630001068115234,-28.0
20230510,300698,1,True,False,0,False,False,0,YELLOW,319.29998779296875,-63.029998779296875
20230510,300699,1,False,True,0,False,False,0,OK,-29.649999618530273,-19.579999923706055
20230510,300700,2,True,True,0,False,False,0,WEAK,132.32000732421875,-102.68000030517578
20230510,300701,1,True,False,1,True,False,1,WEAK,16.25,5.619999885559082
20230510,300702,2,True,True,1,True,False,1,WEAK,64.38999938964844,-42.720001220703125
20230510,300703,0,False,False,0,False,False,0,WEAK,-19.790000915527344,164.05999755859375
20230510,300705,2,True,True,0,False,False,0,OK,43.2400016784668,53.900001525878906
20230510,300706,1,False,True,0,False,False,0,WEAK,-32.7599983215332,-9.739999771118164
20230510,300707,0,False,False,0,False,False,0,WEAK,-79.73999786376953,500.0
20230510,300708,1,False,True,1,True,False,1,WEAK,88.66000366210938,216.2400054931641
20230510,300709,1,False,True,0,False,False,0,WEAK,-16.290000915527344,29.75
20230510,300710,1,False,True,0,False,False,0,WEAK,19.88999938964844,139.39999389648438
20230510,300711,2,True,True,1,True,False,1,WEAK,53.560001373291016,30.059999465942383
20230510,300712,1,True,False,1,False,True,0,YELLOW,-18.229999542236328,5.650000095367432
20230510,300713,1,True,False,1,True,False,1,WEAK,-72.9000015258789,-500.0
20230510,300715,2,True,True,1,True,False,1,WEAK,372.25,-499.6300048828125
20230510,300717,1,True,False,1,True,False,1,YELLOW,-12.81999969482422,49.029998779296875
20230510,300718,1,True,False,0,False,False,0,YELLOW,55.540000915527344,1.2100000381469729
20230510,300719,1,True,False,1,True,False,1,OK,255.0500030517578,500.0
20230510,300720,0,False,False,0,False,False,0,WEAK,-19.15999984741211,-10.15999984741211
20230510,300721,0,False,False,0,False,False,0,WEAK,-141.41000366210938,119.08999633789062
20230510,300722,2,True,True,1,True,False,1,OK,13.40999984741211,-45.939998626708984
20230510,300723,2,True,True,1,True,False,1,OK,2.059999942779541,5.159999847412109
20230510,300724,2,True,True,1,True,False,1,YELLOW,48.15999984741211,85.54000091552734
20230510,300725,1,False,True,0,False,False,0,YELLOW,-35.630001068115234,-0.6000000238418579
20230510,300726,0,False,False,0,False,False,0,YELLOW,-46.09000015258789,-48.720001220703125
20230510,300727,1,False,True,1,True,False,1,YELLOW,-18.729999542236328,18.6200008392334
20230510,300729,1,True,False,1,True,False,1,YELLOW,131.83999633789062,100.08000183105467
20230510,300730,1,False,True,0,False,False,0,WEAK,-500.0,23.6299991607666
20230510,300731,1,True,False,0,False,False,0,WEAK,101.91999816894533,108.33000183105467
20230510,300732,0,False,False,2,True,True,1,WEAK,-33.75,-189.3000030517578
20230510,300733,1,False,True,0,False,False,0,YELLOW,-142.0,1.8200000524520872
20230510,300735,0,False,False,1,True,False,1,YELLOW,37.209999084472656,14.6899995803833
20230510,300736,1,True,False,0,False,False,0,WEAK,27.399999618530273,-500.0
20230510,300737,0,False,False,0,False,False,0,WEAK,-95.7300033569336,-42.63999938964844
20230510,300738,1,True,False,0,False,False,0,YELLOW,20.31999969482422,27.11000061035156
20230510,300739,0,False,False,1,True,False,1,YELLOW,-47.04999923706055,-58.97999954223633
20230510,300740,2,True,True,1,True,False,1,OK,77.91000366210938,44.66999816894531
20230510,300741,0,False,False,1,True,False,1,WEAK,-48.38999938964844,-43.15999984741211
20230510,300743,2,True,True,1,True,False,1,YELLOW,34.0,115.81999969482422
20230510,300745,2,True,True,1,True,False,1,WEAK,-77.2699966430664,-146.66000366210938
20230510,300746,0,False,False,2,True,True,1,YELLOW,-63.810001373291016,-67.83000183105469
20230510,300747,1,True,False,1,True,False,1,WEAK,500.0,1.3700000047683716
20230510,300748,0,False,False,0,False,False,0,WEAK,-34.66999816894531,-80.12000274658203
20230510,300749,2,True,True,1,True,False,1,YELLOW,-42.65999984741211,-500.0
20230510,300750,2,True,True,1,True,False,1,WEAK,68.2300033569336,18.559999465942383
20230510,300751,2,True,True,0,False,False,0,OK,4.260000228881836,13.729999542236328
20230510,300752,0,False,False,0,False,False,0,WEAK,72.66000366210938,169.75
20230510,300753,2,True,True,0,False,False,0,WEAK,105.87000274658205,76.41000366210938
20230510,300755,0,False,False,0,False,False,0,WEAK,-48.31999969482422,28.25
20230510,300756,2,True,True,1,True,False,1,WEAK,500.0,-91.3499984741211
20230510,300757,2,True,True,1,True,False,1,YELLOW,500.0,30.1200008392334
20230510,300758,0,False,False,0,False,False,0,WEAK,-171.77999877929688,219.77000427246097
20230510,300759,1,True,False,0,False,False,0,OK,2.4100000858306885,-46.0099983215332
20230510,300760,2,True,True,1,True,False,1,OK,21.020000457763672,20.079999923706055
20230510,300761,1,False,True,1,True,False,1,WEAK,-151.8300018310547,110.38999938964844
20230510,300762,1,True,False,0,False,False,0,WEAK,-209.6699981689453,19.950000762939453
20230510,300763,2,True,True,0,False,False,0,YELLOW,8.199999809265137,-95.63999938964844
20230510,300765,2,True,True,1,True,False,1,WEAK,25.65999984741211,-56.439998626708984
20230510,300766,0,False,False,1,True,False,1,YELLOW,-109.37999725341795,-500.0
20230510,300767,0,False,False,0,False,False,0,OK,-82.91999816894531,-450.2999877929687
20230510,300768,1,False,True,1,True,False,1,YELLOW,7.869999885559082,5.070000171661377
20230510,300769,0,False,False,0,False,False,0,WEAK,-158.05999755859375,73.91000366210938
20230510,300770,0,False,False,1,False,True,0,OK,-1.2899999618530271,-10.100000381469728
20230510,300771,1,False,True,0,False,False,0,WEAK,-122.87999725341795,61.20000076293945
20230510,300772,0,False,False,0,False,False,0,YELLOW,-63.5,-24.770000457763672
20230510,300773,1,True,False,1,False,True,0,WEAK,55.189998626708984,22.709999084472656
20230510,300774,2,True,True,0,False,False,0,WEAK,22.63999938964844,-47.33000183105469
20230510,300775,1,True,False,1,True,False,1,OK,24.88999938964844,-24.209999084472656
20230510,300776,2,True,True,0,False,False,0,YELLOW,2.309999942779541,40.86000061035156
20230510,300777,2,True,True,0,False,False,0,OK,-28.989999771118164,-61.220001220703125
20230510,300778,1,False,True,2,True,True,1,WEAK,-43.20000076293945,-318.010009765625
20230510,300779,2,True,True,0,False,False,0,WEAK,500.0,-44.47999954223633
20230510,300780,0,False,False,0,False,False,0,YELLOW,-92.9000015258789,-500.0
20230510,300781,0,False,False,1,False,True,0,YELLOW,-22.0,12.039999961853027
20230510,300782,1,False,True,0,False,False,0,WEAK,-17.3700008392334,64.7699966430664
20230510,300783,2,True,True,1,True,False,1,YELLOW,198.8500061035156,92.83999633789062
20230510,300785,2,True,True,2,True,True,1,WEAK,-66.76000213623047,-311.2200012207031
20230510,300786,1,False,True,0,False,False,0,OK,-155.75999450683594,-500.0
20230510,300787,1,False,True,0,False,False,0,YELLOW,-67.55999755859375,114.20999908447266
20230510,300788,2,True,True,2,True,True,1,YELLOW,-12.350000381469728,-9.5600004196167
20230510,300789,0,False,False,1,True,False,1,YELLOW,89.30999755859375,31.31999969482422
20230510,300790,1,False,True,0,False,False,0,WEAK,-66.31999969482422,391.2099914550781
20230510,300791,1,True,False,0,False,False,0,OK,14.09000015258789,155.07000732421875
20230510,300792,0,False,False,0,False,False,0,WEAK,-21.799999237060547,-21.25
20230510,300793,2,True,True,1,True,False,1,YELLOW,-9.329999923706056,-51.880001068115234
20230510,300795,2,True,True,1,True,False,1,WEAK,500.0,311.55999755859375
20230510,300796,2,True,True,1,True,False,1,OK,-32.77000045776367,-62.38999938964844
20230510,300797,0,False,False,1,True,False,1,OK,40.54999923706055,31.90999984741211
20230510,300798,0,False,False,1,True,False,1,WEAK,79.58999633789062,58.099998474121094
20230510,300800,1,False,True,1,True,False,1,WEAK,-66.19000244140625,84.0
20230510,300801,1,False,True,0,False,False,0,YELLOW,-68.41000366210938,34.349998474121094
20230510,300802,1,True,False,0,False,False,0,YELLOW,-22.559999465942383,29.63999938964844
20230510,300803,1,False,True,0,False,False,0,OK,-116.01000213623048,-71.41999816894531
20230510,300805,2,True,True,1,False,True,0,YELLOW,177.86000061035156,-43.9900016784668
20230510,300806,2,True,True,0,False,False,0,YELLOW,-59.630001068115234,-67.05999755859375
20230510,300807,1,True,False,0,False,False,0,WEAK,-76.73999786376953,-27.190000534057617
20230510,300808,0,False,False,1,True,False,1,WEAK,50.150001525878906,93.44000244140624
20230510,300809,1,True,False,0,False,False,0,WEAK,500.0,2.9200000762939453
20230510,300810,1,False,True,1,True,False,1,WEAK,-500.0,-136.8000030517578
20230510,300811,2,True,True,1,True,False,1,OK,39.790000915527344,5.090000152587891
20230510,300812,0,False,False,0,False,False,0,WEAK,-41.43000030517578,-262.6300048828125
20230510,300813,2,True,True,0,False,False,0,WEAK,-60.029998779296875,-65.26000213623047
20230510,300814,0,False,False,0,False,False,0,WEAK,-53.310001373291016,-53.720001220703125
20230510,300815,2,True,True,1,True,False,1,YELLOW,17.239999771118164,10.81999969482422
20230510,300816,1,False,True,1,True,False,1,WEAK,-25.479999542236328,500.0
20230510,300817,0,False,False,0,False,False,0,YELLOW,1.7400000095367432,15.369999885559082
20230510,300818,1,False,True,1,True,False,1,WEAK,-2.2899999618530273,373.75
20230510,300819,1,True,False,0,False,False,0,YELLOW,-12.06999969482422,72.2699966430664
20230510,300820,2,True,True,1,True,False,1,YELLOW,41.5099983215332,45.040000915527344
20230510,300821,0,False,False,0,False,False,0,WEAK,-149.0399932861328,174.07000732421875
20230510,300822,0,False,False,1,True,False,1,WEAK,-34.099998474121094,33.869998931884766
20230510,300823,2,True,True,1,True,False,1,WEAK,-8.539999961853027,-21.190000534057617
20230510,300824,0,False,False,1,True,False,1,OK,119.76000213623048,29.040000915527344
20230510,300825,2,True,True,1,True,False,1,YELLOW,-74.30999755859375,-17.8799991607666
20230510,300826,0,False,False,2,True,True,1,OK,-46.529998779296875,-49.40999984741211
20230510,300827,2,True,True,0,False,False,0,WEAK,449.2000122070313,46.90999984741211
20230510,300828,0,False,False,0,False,False,0,YELLOW,-27.829999923706055,-19.18000030517578
20230510,300829,1,False,True,1,True,False,1,YELLOW,-36.150001525878906,-23.440000534057617
20230510,300830,2,True,True,0,False,False,0,WEAK,-78.5199966430664,14.619999885559082
20230510,300831,0,False,False,0,False,False,0,YELLOW,-107.8499984741211,500.0
20230510,300832,2,True,True,0,False,False,0,OK,29.149999618530273,25.489999771118164
20230510,300833,2,True,True,1,True,False,1,OK,3.119999885559082,0.9399999976158142
20230510,300834,0,False,False,1,True,False,1,WEAK,-46.52000045776367,30.239999771118164
20230510,300835,1,False,True,0,False,False,0,WEAK,-34.470001220703125,84.44999694824219
20230510,300836,0,False,False,1,True,False,1,WEAK,-50.25,437.989990234375
20230510,300837,1,True,False,0,False,False,0,OK,-9.720000267028809,14.729999542236328
20230510,300838,1,True,False,1,True,False,1,YELLOW,2.1600000858306885,-75.69999694824219
20230510,300839,2,True,True,0,False,False,0,YELLOW,64.29000091552734,-264.1499938964844
20230510,300840,2,True,True,1,True,False,1,OK,70.3499984741211,0.270000010728836
20230510,300841,0,False,False,0,False,False,0,OK,-22.420000076293945,58.02000045776367
20230510,300842,2,True,True,1,True,False,1,YELLOW,500.0,143.4499969482422
20230510,300843,0,False,False,0,False,False,0,YELLOW,30.59000015258789,12.119999885559082
20230510,300844,2,True,True,2,True,True,1,WEAK,54.939998626708984,135.97999572753906
20230510,300845,2,True,True,1,True,False,1,WEAK,-70.33999633789062,12.140000343322754
20230510,300846,1,False,True,1,True,False,1,WEAK,-93.77999877929688,21.270000457763672
20230510,300847,0,False,False,0,False,False,0,YELLOW,-14.770000457763672,14.609999656677246
20230510,300848,2,True,True,0,False,False,0,YELLOW,3.1700000762939453,-53.15999984741211
20230510,300849,0,False,False,0,False,False,0,WEAK,-141.47000122070312,63.619998931884766
20230510,300850,0,False,False,0,False,False,0,YELLOW,-27.3700008392334,-59.720001220703125
20230510,300851,1,True,False,1,True,False,1,WEAK,339.6499938964844,78.01000213623047
20230510,300852,2,True,True,1,True,False,1,YELLOW,-2.509999990463257,-1.1299999952316284
20230510,300853,2,True,True,1,True,False,1,OK,95.20999908447266,-162.30999755859375
20230510,300854,2,True,True,0,False,False,0,YELLOW,-49.540000915527344,-500.0
20230510,300855,1,True,False,1,True,False,1,OK,37.380001068115234,14.59000015258789
20230510,300856,2,True,True,1,True,False,1,OK,114.13999938964844,29.780000686645508
20230510,300857,2,True,True,1,True,False,1,YELLOW,88.23999786376953,296.8399963378906
20230510,300858,1,False,True,0,False,False,0,OK,-19.6299991607666,-14.170000076293944
20230510,300859,2,True,True,0,False,False,0,WEAK,500.0,10.06999969482422
20230510,300860,1,False,True,1,True,False,1,WEAK,181.33999633789065,1.7100000381469729
20230510,300861,2,True,True,0,False,False,0,YELLOW,38.209999084472656,-48.97999954223633
20230510,300862,0,False,False,1,True,False,1,WEAK,-70.94000244140625,79.45999908447266
20230510,300863,1,True,False,1,True,False,1,YELLOW,17.799999237060547,43.54999923706055
20230510,300864,2,True,True,1,True,False,1,OK,21.329999923706055,17.329999923706055
20230510,300865,0,False,False,1,True,False,1,YELLOW,-188.19000244140625,-186.92999267578125
20230510,300866,2,True,True,1,True,False,1,OK,72.7699966430664,29.040000915527344
20230510,300867,0,False,False,0,False,False,0,OK,-15.6899995803833,20.450000762939453
20230510,300868,1,False,True,1,True,False,1,WEAK,-12.369999885559082,94.18000030517578
20230510,300869,1,True,False,1,True,False,1,OK,6.460000038146973,-102.0199966430664
20230510,300870,1,True,False,1,True,False,1,YELLOW,123.36000061035156,500.0
20230510,300871,2,True,True,0,False,False,0,WEAK,-93.62999725341795,-192.6000061035156
20230510,300872,2,True,True,1,True,False,1,OK,-44.93000030517578,61.7400016784668
20230510,300873,1,False,True,0,False,False,0,WEAK,-21.06999969482422,-4.199999809265137
20230510,300875,2,True,True,0,False,False,0,OK,-6.860000133514404,-500.0
20230510,300876,0,False,False,0,False,False,0,WEAK,-36.79999923706055,-231.5800018310547
20230510,300877,2,True,True,0,False,False,0,WEAK,69.52999877929688,113.01000213623048
20230510,300878,1,True,False,1,True,False,1,WEAK,-19.760000228881836,-10.539999961853027
20230510,300879,1,False,True,0,False,False,0,YELLOW,-119.7300033569336,122.01000213623048
20230510,300880,1,True,False,1,True,False,1,OK,-1.159999966621399,61.31999969482422
20230510,300881,2,True,True,0,False,False,0,YELLOW,59.560001373291016,146.64999389648438
20230510,300882,2,True,True,1,True,False,1,OK,135.3699951171875,47.88999938964844
20230510,300883,0,False,False,1,True,False,1,YELLOW,-80.70999908447266,6.070000171661377
20230510,300884,1,True,False,1,True,False,1,YELLOW,-1.340000033378601,-218.5399932861328
20230510,300885,0,False,False,0,False,False,0,WEAK,-56.869998931884766,237.94000244140625
20230510,300886,1,False,True,0,False,False,0,YELLOW,-113.58999633789062,275.3699951171875
20230510,300887,0,False,False,0,False,False,0,WEAK,-39.0,-500.0
20230510,300888,0,False,False,0,False,False,0,OK,-45.95000076293945,-53.459999084472656
20230510,300889,0,False,False,1,True,False,1,WEAK,-114.05999755859376,-75.0
20230510,300890,2,True,True,0,False,False,0,WEAK,-27.61000061035156,-76.8499984741211
20230510,300891,1,False,True,1,True,False,1,WEAK,-51.91999816894531,500.0
20230510,300892,1,False,True,0,False,False,0,WEAK,-500.0,74.2699966430664
20230510,300893,1,True,False,0,False,False,0,WEAK,40.97999954223633,97.12000274658205
20230510,300894,0,False,False,0,False,False,0,OK,3.440000057220459,-18.06999969482422
20230510,300895,0,False,False,0,False,False,0,WEAK,-123.04000091552734,-500.0
20230510,300896,2,True,True,0,False,False,0,OK,44.59000015258789,36.529998779296875
20230510,300897,1,True,False,1,True,False,1,YELLOW,21.479999542236328,6.329999923706055
20230510,300898,1,True,False,0,False,False,0,WEAK,118.9499969482422,41.0
20230510,300899,2,True,True,1,True,False,1,OK,-31.010000228881836,500.0
20230510,300900,1,True,False,0,False,False,0,OK,26.690000534057617,22.450000762939453
20230510,300901,1,False,True,1,True,False,1,YELLOW,-61.97999954223633,-117.83000183105467
20230510,300902,0,False,False,0,False,False,0,WEAK,81.04000091552734,108.22000122070312
20230510,300903,1,False,True,0,False,False,0,WEAK,-377.5899963378906,-65.19000244140625
20230510,300905,0,False,False,1,True,False,1,WEAK,93.12999725341795,261.3800048828125
20230510,300906,1,False,True,1,True,False,1,YELLOW,-3.839999914169311,-2.0899999141693115
20230510,300907,2,True,True,1,True,False,1,YELLOW,42.29999923706055,163.72000122070312
20230510,300908,2,True,True,1,True,False,1,OK,77.44999694824219,28.86000061035156
20230510,300909,1,False,True,0,False,False,0,YELLOW,-48.4900016784668,154.32000732421875
20230510,300910,2,True,True,0,False,False,0,YELLOW,31.700000762939453,65.95999908447266
20230510,300911,1,True,False,0,False,False,0,YELLOW,6.260000228881836,-102.58000183105467
20230510,300912,1,True,False,1,True,False,1,WEAK,81.08000183105469,-500.0
20230510,300913,0,False,False,1,True,False,1,YELLOW,-37.36000061035156,7.599999904632568
20230510,300915,1,False,True,0,False,False,0,WEAK,-13.710000038146973,53.38999938964844
20230510,300916,0,False,False,0,False,False,0,WEAK,-62.93000030517578,500.0
20230510,300917,1,True,False,0,False,False,0,YELLOW,11.199999809265137,9.5
20230510,300918,2,True,True,1,True,False,1,OK,18.479999542236328,4.670000076293945
20230510,300919,2,True,True,0,False,False,0,YELLOW,44.2400016784668,34.63999938964844
20230510,300920,0,False,False,1,True,False,1,WEAK,12.619999885559082,471.6600036621094
20230510,300921,1,False,True,0,False,False,0,OK,-94.63999938964844,-149.6699981689453
20230510,300922,1,False,True,1,True,False,1,WEAK,-17.31999969482422,47.349998474121094
20230510,300923,1,False,True,1,True,False,1,WEAK,-56.880001068115234,-55.18000030517578
20230510,300925,2,True,True,0,False,False,0,YELLOW,-15.619999885559082,8.630000114440918
20230510,300926,2,True,True,1,True,False,1,YELLOW,128.85000610351562,183.5800018310547
20230510,300927,1,False,True,1,True,False,1,YELLOW,8.199999809265137,-45.18000030517578
20230510,300928,1,False,True,0,False,False,0,YELLOW,-143.3300018310547,-423.1700134277344
20230510,300929,1,False,True,0,False,False,0,YELLOW,-92.1999969482422,-354.6199951171875
20230510,300930,1,False,True,0,False,False,0,YELLOW,-25.90999984741211,-25.81999969482422
20230510,300931,2,True,True,1,True,False,1,WEAK,500.0,84.06999969482422
20230510,300932,0,False,False,1,True,False,1,YELLOW,-47.5099983215332,29.270000457763672
20230510,300933,1,False,True,1,True,False,1,YELLOW,-24.34000015258789,21.520000457763672
20230510,300935,1,False,True,1,True,False,1,WEAK,-7.349999904632568,-11.960000038146973
20230510,300936,1,False,True,1,True,False,1,WEAK,6.389999866485596,4.800000190734863
20230510,300937,2,True,True,1,True,False,1,YELLOW,322.9700012207031,-80.6500015258789
20230510,300938,2,True,True,1,True,False,1,OK,42.810001373291016,31.479999542236328
20230510,300939,2,True,True,1,True,False,1,YELLOW,-29.350000381469727,-16.190000534057617
20230510,300940,0,False,False,0,False,False,0,WEAK,-383.2999877929687,61.93000030517578
20230510,300941,1,False,True,0,False,False,0,YELLOW,-32.84000015258789,5.880000114440918
20230510,300942,0,False,False,0,False,False,0,WEAK,-180.9900054931641,71.7699966430664
20230510,300943,2,True,True,1,True,False,1,WEAK,-34.95000076293945,7.139999866485596
20230510,300945,2,True,True,0,False,False,0,YELLOW,27.40999984741211,24.8799991607666
20230510,300946,2,True,True,0,False,False,0,YELLOW,8.449999809265137,14.130000114440918
20230510,300947,1,False,True,1,True,False,1,OK,-63.790000915527344,500.0
20230510,300948,2,True,True,2,True,True,1,WEAK,6.320000171661377,-148.52999877929688
20230510,300949,2,True,True,2,True,True,1,WEAK,-7.690000057220459,130.05999755859375
20230510,300950,2,True,True,1,True,False,1,OK,-27.36000061035156,173.0500030517578
20230510,300951,1,True,False,0,False,False,0,YELLOW,-23.040000915527344,-11.449999809265137
20230510,300952,2,True,True,0,False,False,0,YELLOW,6.5,58.75
20230510,300953,1,False,True,0,False,False,0,WEAK,-77.91999816894531,206.4199981689453
20230510,300955,1,False,True,0,False,False,0,YELLOW,-44.25,-157.58999633789062
20230510,300956,0,False,False,0,False,False,0,WEAK,-185.0399932861328,123.93000030517578
20230510,300957,1,True,False,0,False,False,0,OK,12.529999732971191,21.940000534057617
20230510,300958,2,True,True,1,True,False,1,YELLOW,-11.65999984741211,-131.99000549316406
20230510,300959,1,False,True,1,True,False,1,YELLOW,-40.34000015258789,-147.8000030517578
20230510,300960,1,True,False,1,True,False,1,WEAK,500.0,52.83000183105469
20230510,300961,1,False,True,0,False,False,0,WEAK,-286.7900085449219,95.4800033569336
20230510,300962,2,True,True,1,True,False,1,YELLOW,2.8299999237060547,2.059999942779541
20230510,300963,2,True,True,1,True,False,1,YELLOW,23.56999969482422,-24.40999984741211
20230510,300964,1,False,True,1,True,False,1,WEAK,-91.23999786376952,15.59000015258789
20230510,300965,1,False,True,0,False,False,0,WEAK,-12.470000267028809,211.4199981689453
20230510,300966,1,False,True,0,False,False,0,WEAK,-55.2599983215332,500.0
20230510,300967,1,False,True,0,False,False,0,WEAK,-500.0,-500.0
20230510,300968,1,False,True,0,False,False,0,WEAK,-53.04999923706055,168.5
20230510,300969,1,True,False,0,False,False,0,OK,48.47999954223633,60.790000915527344
20230510,300970,2,True,True,1,True,False,1,WEAK,37.27000045776367,-99.36000061035156
20230510,300971,2,True,True,1,True,False,1,WEAK,19.5,-13.550000190734863
20230510,300972,2,True,True,1,True,False,1,WEAK,-342.1700134277344,-96.16999816894533
20230510,300973,1,True,False,1,True,False,1,WEAK,54.77000045776367,40.290000915527344
20230510,300975,1,False,True,0,False,False,0,WEAK,-72.30999755859375,-7.809999942779541
20230510,300976,1,False,True,0,False,False,0,WEAK,-67.33000183105469,500.0
20230510,300977,1,True,False,2,True,True,1,WEAK,491.3900146484375,-154.61000061035156
20230510,300978,2,True,True,1,True,False,1,YELLOW,4.090000152587891,36.5
20230510,300979,0,False,False,0,False,False,0,YELLOW,-6.260000228881836,64.33999633789062
20230510,300980,1,False,True,1,True,False,1,WEAK,-38.400001525878906,186.0500030517578
20230510,300981,1,False,True,1,True,False,1,WEAK,-23.93000030517578,56.4900016784668
20230510,300982,1,True,False,1,False,True,0,YELLOW,-8.600000381469727,-48.83000183105469
20230510,300983,2,True,True,1,False,True,0,WEAK,-30.649999618530273,-4.840000152587891
20230510,300984,1,False,True,1,True,False,1,WEAK,-54.650001525878906,0.6899999976158142
20230510,300985,1,False,True,1,True,False,1,WEAK,159.97999572753906,157.24000549316406
20230510,300986,0,False,False,1,False,True,0,WEAK,-130.49000549316406,-280.0299987792969
20230510,300987,1,True,False,2,True,True,1,WEAK,14.890000343322754,-68.56999969482422
20230510,300988,1,False,True,0,False,False,0,YELLOW,10.109999656677246,18.40999984741211
20230510,300989,0,False,False,2,True,True,1,WEAK,-34.11000061035156,34.790000915527344
20230510,300990,2,True,True,0,False,False,0,YELLOW,88.27999877929688,-83.45999908447266
20230510,300991,0,False,False,0,False,False,0,WEAK,-500.0,104.95999908447266
20230510,300992,0,False,False,0,False,False,0,YELLOW,-24.84000015258789,26.329999923706055
20230510,300993,0,False,False,1,True,False,1,YELLOW,-0.6399999856948853,36.97999954223633
20230510,300994,1,False,True,0,False,False,0,YELLOW,-42.279998779296875,77.55000305175781
20230510,300995,0,False,False,1,True,False,1,YELLOW,-67.18000030517578,50.77000045776367
20230510,300996,1,False,True,0,False,False,0,WEAK,-500.0,101.27999877929688
20230510,300997,1,True,False,1,True,False,1,OK,50.27000045776367,-5.139999866485596
20230510,300998,0,False,False,1,True,False,1,WEAK,-234.61000061035156,-466.8599853515625
20230510,300999,0,False,False,1,True,False,1,YELLOW,-59.75,1.340000033378601
20230510,301000,1,False,True,1,True,False,1,YELLOW,-7.53000020980835,66.62000274658203
20230510,301001,2,True,True,1,True,False,1,YELLOW,58.720001220703125,500.0
20230510,301002,1,False,True,0,False,False,0,YELLOW,-79.66000366210938,-25.56999969482422
20230510,301003,0,False,False,0,False,False,0,YELLOW,-17.280000686645508,63.93000030517578
20230510,301004,2,True,True,0,False,False,0,YELLOW,92.43000030517578,112.5500030517578
20230510,301005,1,False,True,0,False,False,0,WEAK,-73.19000244140625,83.51000213623047
20230510,301006,2,True,True,1,True,False,1,OK,1.4500000476837158,-82.06999969482422
20230510,301007,1,False,True,0,False,False,0,YELLOW,13.449999809265137,80.41999816894531
20230510,301008,1,False,True,1,True,False,1,YELLOW,27.3799991607666,138.82000732421875
20230510,301009,1,True,False,1,True,False,1,WEAK,197.32000732421875,85.83000183105469
20230510,301010,0,False,False,1,True,False,1,YELLOW,-14.239999771118164,220.19000244140625
20230510,301011,1,True,False,1,True,False,1,YELLOW,108.61000061035156,242.7899932861328
20230510,301012,0,False,False,0,False,False,0,YELLOW,-96.87999725341795,500.0
20230510,301013,1,True,False,0,False,False,0,WEAK,70.27999877929688,100.0199966430664
20230510,301015,2,True,True,1,True,False,1,YELLOW,31.709999084472656,30.709999084472656
20230510,301016,1,False,True,0,False,False,0,WEAK,-44.560001373291016,-74.30999755859375
20230510,301017,2,True,True,0,False,False,0,YELLOW,30.170000076293945,-84.25
20230510,301018,1,True,False,0,False,False,0,YELLOW,32.470001220703125,35.869998931884766
20230510,301019,1,True,False,1,True,False,1,YELLOW,17.25,6.559999942779541
20230510,301020,0,False,False,1,True,False,1,WEAK,12.079999923706056,6.440000057220459
20230510,301021,0,False,False,0,False,False,0,WEAK,-214.2599945068359,-124.97000122070312
20230510,301022,0,False,False,1,True,False,1,YELLOW,-29.290000915527344,-129.22999572753906
20230510,301023,1,False,True,0,False,False,0,OK,-38.5099983215332,-2.4100000858306885
20230510,301024,2,True,True,1,False,True,0,WEAK,69.26000213623047,136.2899932861328
20230510,301025,1,False,True,2,True,True,1,OK,-77.87000274658203,290.4700012207031
20230510,301026,1,False,True,1,True,False,1,WEAK,-41.709999084472656,-48.63999938964844
20230510,301027,1,False,True,1,False,True,0,WEAK,-137.3000030517578,-404.8800048828125
20230510,301028,0,False,False,1,True,False,1,OK,-0.8799999952316284,31.13999938964844
20230510,301029,2,True,True,0,False,False,0,OK,11.5600004196167,-40.349998474121094
20230510,301031,2,True,True,0,False,False,0,OK,-5.25,-19.38999938964844
20230510,301032,1,True,False,1,True,False,1,YELLOW,95.9800033569336,500.0
20230510,301033,1,True,False,0,False,False,0,OK,0.550000011920929,87.05000305175781
20230510,301035,1,False,True,1,True,False,1,YELLOW,-45.43000030517578,-17.209999084472656
20230510,301036,0,False,False,1,True,False,1,WEAK,500.0,500.0
20230510,301037,0,False,False,1,True,False,1,WEAK,56.720001220703125,-73.75
20230510,301038,1,True,False,2,True,True,1,WEAK,-107.77999877929688,45.97999954223633
20230510,301039,1,True,False,1,True,False,1,YELLOW,112.58999633789062,-45.189998626708984
20230510,301040,0,False,False,0,False,False,0,WEAK,-103.05999755859376,-500.0
20230510,301041,1,True,False,1,True,False,1,YELLOW,9.859999656677246,21.899999618530273
20230510,301042,1,False,True,0,False,False,0,YELLOW,-35.27000045776367,320.6499938964844
20230510,301043,2,True,True,1,True,False,1,OK,112.36000061035156,29.959999084472656
20230510,301045,0,False,False,1,True,False,1,WEAK,-71.70999908447266,29.5
20230510,301046,1,False,True,1,False,True,0,YELLOW,292.79998779296875,130.44000244140625
20230510,301047,1,False,True,1,True,False,1,WEAK,-29.420000076293945,-58.63999938964844
20230510,301048,0,False,False,1,True,False,1,YELLOW,-1.4299999475479126,-46.41999816894531
20230510,301049,0,False,False,0,False,False,0,WEAK,-500.0,-2.319999933242798
20230510,301050,0,False,False,0,False,False,0,OK,5.860000133514404,15.300000190734863
20230510,301051,0,False,False,1,True,False,1,WEAK,98.75,-75.01000213623047
20230510,301052,2,True,True,2,True,True,1,OK,3.640000104904175,-173.05999755859375
20230510,301053,1,False,True,1,True,False,1,YELLOW,-75.62999725341797,27.649999618530273
20230510,301055,1,False,True,0,False,False,0,WEAK,-78.23999786376953,-11.460000038146973
20230510,301056,1,True,False,1,True,False,1,YELLOW,93.23999786376952,171.07000732421875
20230510,301057,0,False,False,0,False,False,0,WEAK,33.88999938964844,10.390000343322754
20230510,301058,1,True,False,2,True,True,1,YELLOW,4.139999866485596,2.4000000953674316
20230510,301059,2,True,True,0,False,False,0,WEAK,-47.689998626708984,-2.190000057220459
20230510,301060,0,False,False,0,False,False,0,OK,-102.33999633789062,-94.12000274658205
20230510,301061,2,True,True,1,True,False,1,OK,23.510000228881836,82.93000030517578
20230510,301062,1,False,True,1,True,False,1,WEAK,-36.130001068115234,436.5799865722656
20230510,301063,2,True,True,0,False,False,0,YELLOW,-20.75,-77.05999755859375
20230510,301065,1,False,True,0,False,False,0,YELLOW,-4.929999828338623,40.939998626708984
20230510,301066,2,True,True,1,True,False,1,OK,500.0,98.37000274658205
20230510,301067,0,False,False,0,False,False,0,YELLOW,-78.30000305175781,-393.0299987792969
20230510,301068,1,False,True,1,True,False,1,WEAK,-3.0,91.9499969482422
20230510,301069,0,False,False,0,False,False,0,OK,-28.15999984741211,-56.869998931884766
20230510,301070,2,True,True,1,True,False,1,WEAK,20.93000030517578,-72.7699966430664
20230510,301071,1,False,True,0,False,False,0,WEAK,-36.75,41.08000183105469
20230510,301072,2,True,True,0,False,False,0,WEAK,74.45999908447266,-73.06999969482422
20230510,301073,1,True,False,0,False,False,0,OK,1.4500000476837158,52.45000076293945
20230510,301075,0,False,False,0,False,False,0,WEAK,-37.79999923706055,-1.399999976158142
20230510,301076,1,False,True,0,False,False,0,OK,-0.1599999964237213,-54.52000045776367
20230510,301077,1,False,True,1,True,False,1,YELLOW,-5.090000152587891,108.8000030517578
20230510,301078,1,True,False,0,False,False,0,YELLOW,-24.239999771118164,167.02000427246094
20230510,301079,2,True,True,1,True,False,1,YELLOW,-41.459999084472656,-98.91000366210938
20230510,301080,1,False,True,0,False,False,0,OK,-18.020000457763672,-32.119998931884766
20230510,301081,0,False,False,0,False,False,0,YELLOW,-7.5,93.6999969482422
20230510,301082,0,False,False,1,True,False,1,YELLOW,-7.860000133514404,13.529999732971191
20230510,301083,1,True,False,1,True,False,1,YELLOW,5.25,59.720001220703125
20230510,301085,1,True,False,1,True,False,1,YELLOW,12.59000015258789,8.270000457763672
20230510,301086,2,True,True,1,True,False,1,YELLOW,-8.460000038146973,-23.520000457763672
20230510,301087,2,True,True,1,True,False,1,YELLOW,77.81999969482422,-26.549999237060547
20230510,301088,0,False,False,1,True,False,1,WEAK,-66.94000244140625,-38.220001220703125
20230510,301089,2,True,True,1,True,False,1,OK,209.61000061035156,-100.20999908447266
20230510,301090,0,False,False,1,True,False,1,YELLOW,-38.40999984741211,-168.60000610351562
20230510,301091,2,True,True,1,False,True,0,WEAK,500.0,3.75
20230510,301092,1,False,True,0,False,False,0,OK,-1.5199999809265137,5.239999771118164
20230510,301093,1,False,True,0,False,False,0,WEAK,-7.769999980926514,-81.33000183105469
20230510,301095,2,True,True,0,,False,-1,WEAK,68.68000030517578,-500.0
20230510,301096,2,True,True,0,False,False,0,OK,50.959999084472656,41.0
20230510,301097,2,True,True,0,False,False,0,YELLOW,-47.310001373291016,-77.08999633789062
20230510,301098,2,True,True,2,True,True,1,YELLOW,-18.6200008392334,-31.510000228881836
20230510,301099,0,False,False,0,False,False,0,YELLOW,-68.58000183105469,111.5199966430664
20230510,301100,0,False,False,0,False,False,0,WEAK,-38.459999084472656,-184.9600067138672
20230510,301101,2,True,True,1,True,False,1,OK,62.27000045776367,15.039999961853027
20230510,301102,2,True,True,1,False,True,0,WEAK,-12.520000457763672,-48.459999084472656
20230510,301103,2,True,True,1,True,False,1,OK,54.220001220703125,-48.619998931884766
20230510,301105,0,False,False,0,,False,-1,WEAK,-102.2300033569336,254.97999572753903
20230510,301106,1,False,True,1,True,False,1,WEAK,-15.210000038146973,108.75
20230510,301107,1,False,True,1,True,False,1,YELLOW,5.380000114440918,-73.05999755859375
20230510,301108,0,False,False,1,True,False,1,OK,-40.369998931884766,-74.94000244140625
20230510,301109,1,True,False,1,True,False,1,WEAK,18.75,18.950000762939453
20230510,301110,0,False,False,1,True,False,1,WEAK,-38.58000183105469,204.8300018310547
20230510,301111,2,True,True,1,True,False,1,YELLOW,-4.0,-23.950000762939453
20230510,301112,1,False,True,0,False,False,0,YELLOW,-44.84000015258789,-143.3699951171875
20230510,301113,0,False,False,0,False,False,0,OK,-47.310001373291016,-10.6899995803833
20230510,301115,0,False,False,0,,False,-1,OK,-62.90999984741211,-122.4499969482422
20230510,301116,2,True,True,1,True,False,1,YELLOW,54.189998626708984,-33.779998779296875
20230510,301117,2,True,True,0,False,False,0,OK,9.789999961853027,-479.4100036621094
20230510,301118,0,False,False,0,False,False,0,WEAK,-119.91999816894533,-366.4500122070313
20230510,301119,1,True,False,1,True,False,1,YELLOW,20.34000015258789,12.3100004196167
20230510,301120,2,True,True,0,False,False,0,OK,-16.920000076293945,-92.81999969482422
20230510,301121,1,False,True,0,,False,-1,WEAK,-202.0399932861328,148.67999267578125
20230510,301122,1,False,True,0,False,False,0,WEAK,-40.95000076293945,114.87000274658205
20230510,301123,1,False,True,1,True,False,1,WEAK,-95.16000366210938,6.889999866485596
20230510,301125,1,False,True,0,False,False,0,YELLOW,-37.20000076293945,-168.36000061035156
20230510,301126,1,False,True,0,False,False,0,YELLOW,-60.11000061035156,31.450000762939453
20230510,301127,2,True,True,0,False,False,0,WEAK,70.69000244140625,9.229999542236328
20230510,301128,2,True,True,1,True,False,1,OK,22.18000030517578,357.3900146484375
20230510,301129,2,True,True,1,True,False,1,YELLOW,-118.19000244140624,-500.0
20230510,301130,1,False,True,0,False,False,0,OK,-20.309999465942383,90.22000122070312
20230510,301131,1,False,True,0,False,False,0,WEAK,108.91000366210938,137.32000732421875
20230510,301132,2,True,True,0,,False,-1,YELLOW,18.0,-73.95999908447266
20230510,301133,1,True,False,0,False,False,0,WEAK,45.560001373291016,49.2599983215332
20230510,301135,0,False,False,0,False,False,0,YELLOW,-1.9700000286102295,-82.83999633789062
20230510,301136,1,True,False,2,True,True,1,OK,-51.02000045776367,-55.5099983215332
20230510,301137,0,False,False,1,True,False,1,WEAK,332.8800048828125,-150.5
20230510,301138,2,True,True,1,True,False,1,OK,-1.3600000143051147,-22.200000762939453
20230510,301141,0,False,False,0,,False,-1,YELLOW,0.0,-86.43000030517578
20230510,301148,0,False,False,0,False,False,0,WEAK,-44.66999816894531,-7.090000152587891
20230510,301149,2,True,True,1,True,False,1,YELLOW,76.9000015258789,1.3600000143051147
20230510,301150,0,False,False,0,False,False,0,WEAK,-100.7300033569336,-249.97999572753903
20230510,301151,1,False,True,0,False,False,0,WEAK,-32.31999969482422,6.300000190734863
20230510,301152,1,False,True,0,,False,-1,YELLOW,-187.58999633789065,-500.0
20230510,301153,1,True,False,1,True,False,1,OK,49.20000076293945,-255.52000427246097
20230510,301155,2,True,True,0,False,False,0,WEAK,-45.869998931884766,5.599999904632568
20230510,301156,0,False,False,1,True,False,1,WEAK,27.43000030517578,-1.7899999618530271
20230510,301157,1,False,True,0,,False,-1,YELLOW,0.0,61.4900016784668
20230510,301158,2,True,True,1,True,False,1,OK,16.31999969482422,5.579999923706055
20230510,301159,1,False,True,0,False,False,0,WEAK,9.270000457763672,4.940000057220459
20230510,301160,2,True,True,0,False,False,0,YELLOW,26.950000762939453,41.279998779296875
20230510,301161,1,False,True,0,,False,-1,OK,-27.920000076293945,-9.93000030517578
20230510,301162,2,True,True,0,False,False,0,OK,29.059999465942383,14.619999885559082
20230510,301163,0,False,False,1,True,False,1,WEAK,0.6899999976158142,-17.670000076293945
20230510,301165,1,False,True,0,,False,-1,OK,0.0,-111.66000366210938
20230510,301166,1,False,True,0,False,False,0,YELLOW,-69.70999908447266,-96.66000366210938
20230510,301167,1,False,True,2,True,True,1,OK,-29.770000457763672,-124.66000366210938
20230510,301168,2,True,True,0,False,False,0,YELLOW,64.05000305175781,1.0
20230510,301169,1,False,True,1,True,False,1,WEAK,-44.95000076293945,-31.63999938964844
20230510,301171,1,False,True,1,,True,-1,YELLOW,-33.20000076293945,26.729999542236328
20230510,301175,2,True,True,1,True,False,1,WEAK,18.280000686645508,23.739999771118164
20230510,301176,0,False,False,0,,False,-1,WEAK,-128.97000122070312,33.869998931884766
20230510,301177,0,False,False,0,False,False,0,OK,-110.66000366210938,-111.7300033569336
20230510,301178,1,False,True,0,False,False,0,WEAK,-125.5199966430664,-86.4800033569336
20230510,301179,2,True,True,1,True,False,1,WEAK,57.61000061035156,-79.22000122070312
20230510,301180,0,False,False,0,False,False,0,YELLOW,-83.2300033569336,-233.08999633789065
20230510,301181,1,True,False,1,True,False,1,OK,15.59000015258789,-4.380000114440918
20230510,301182,1,False,True,0,False,False,0,WEAK,-302.5400085449219,-51.130001068115234
20230510,301183,1,False,True,1,True,False,1,WEAK,-222.94000244140625,245.11000061035156
20230510,301185,2,True,True,1,True,False,1,OK,90.0,-36.630001068115234
20230510,301186,2,True,True,1,True,False,1,OK,88.27999877929688,59.84000015258789
20230510,301187,1,False,True,0,False,False,0,YELLOW,-6.849999904632568,144.8000030517578
20230510,301188,0,False,False,1,True,False,1,WEAK,-38.2599983215332,9.609999656677246
20230510,301189,1,False,True,1,True,False,1,WEAK,-151.3000030517578,-76.98999786376953
20230510,301190,1,False,True,1,True,False,1,OK,18.739999771118164,-18.100000381469727
20230510,301191,0,False,False,1,True,False,1,YELLOW,-22.760000228881836,-39.189998626708984
20230510,301192,0,False,False,0,,False,-1,WEAK,-47.02000045776367,4.889999866485596
20230510,301193,1,False,True,0,False,False,0,YELLOW,-69.26000213623047,8.279999732971191
20230510,301195,2,True,True,0,,False,-1,WEAK,15.239999771118164,-28.760000228881836
20230510,301196,0,False,False,1,True,False,1,OK,-21.290000915527344,127.16000366210938
20230510,301197,1,True,False,0,,False,-1,OK,-242.1999969482422,47.439998626708984
20230510,301198,1,False,True,1,True,False,1,WEAK,-17.329999923706055,-36.09000015258789
20230510,301199,2,True,True,0,False,False,0,YELLOW,500.0,135.5
20230510,301200,1,False,True,0,False,False,0,OK,-67.58000183105469,22.65999984741211
20230510,301201,0,False,False,0,False,False,0,WEAK,-43.0099983215332,-26.770000457763672
20230510,301203,0,False,False,0,,False,-1,OK,0.0,9.449999809265137
20230510,301205,1,False,True,0,,False,-1,YELLOW,-87.66000366210938,-129.4199981689453
20230510,301206,0,False,False,0,False,False,0,WEAK,-74.2300033569336,226.72000122070312
20230510,301207,2,True,True,1,True,False,1,OK,22.200000762939453,-79.19000244140625
20230510,301208,1,True,False,0,False,False,0,YELLOW,13.109999656677246,-25.34000015258789
20230510,301209,0,False,False,0,,False,-1,WEAK,-56.25,71.9800033569336
20230510,301211,2,True,True,1,True,False,1,WEAK,96.4000015258789,-8.829999923706055
20230510,301212,2,True,True,1,True,False,1,YELLOW,-55.25,-80.79000091552734
20230510,301213,1,True,False,1,True,False,1,WEAK,-21.149999618530273,-29.1200008392334
20230510,301215,2,True,True,1,True,False,1,OK,25.530000686645508,-26.1299991607666
20230510,301216,1,False,True,0,False,False,0,YELLOW,-53.060001373291016,-87.75
20230510,301217,1,False,True,1,True,False,1,WEAK,-106.25,-254.86000061035156
20230510,301218,2,True,True,0,False,False,0,WEAK,-60.25,22.81999969482422
20230510,301219,1,False,True,0,False,False,0,WEAK,-39.54999923706055,500.0
20230510,301220,1,False,True,0,False,False,0,OK,-30.88999938964844,13.279999732971191
20230510,301221,1,True,False,1,True,False,1,WEAK,66.36000061035156,-289.8999938964844
20230510,301222,1,True,False,1,True,False,1,YELLOW,11.229999542236328,48.15999984741211
20230510,301223,0,False,False,0,,False,-1,YELLOW,2.4700000286102295,-18.299999237060547
20230510,301226,1,False,True,1,True,False,1,YELLOW,-12.81999969482422,-66.20999908447266
20230510,301227,0,False,False,0,,False,-1,WEAK,33.72999954223633,-7.760000228881836
20230510,301228,1,False,True,0,False,False,0,WEAK,-87.36000061035156,27.600000381469727
20230510,301229,2,True,True,0,False,False,0,WEAK,194.38999938964844,61.34000015258789
20230510,301230,0,False,False,0,,False,-1,WEAK,16.34000015258789,-95.4499969482422
20230510,301231,1,False,True,1,,True,-1,OK,-78.95999908447266,-351.17999267578125
20230510,301233,1,False,True,0,False,False,0,WEAK,24.719999313354492,53.18000030517578
20230510,301234,2,True,True,0,False,False,0,YELLOW,6.630000114440918,-27.5
20230510,301235,1,False,True,1,True,False,1,WEAK,4.429999828338623,-48.15999984741211
20230510,301236,0,False,False,0,False,False,0,WEAK,-56.459999084472656,-500.0
20230510,301237,1,False,True,1,True,False,1,WEAK,-80.80000305175781,-368.55999755859375
20230510,301238,1,False,True,0,False,False,0,YELLOW,-41.09000015258789,-68.30000305175781
20230510,301239,2,True,True,1,True,False,1,OK,153.75,-73.27999877929688
20230510,301246,1,False,True,0,,False,-1,WEAK,0.0,-62.2599983215332
20230510,301248,0,False,False,0,False,False,0,WEAK,-133.24000549316406,-102.43000030517578
20230510,301255,1,False,True,0,,False,-1,OK,-8.149999618530273,-2.0399999618530273
20230510,301256,1,True,False,1,True,False,1,WEAK,33.56999969482422,-49.459999084472656
20230510,301257,2,True,True,1,True,False,1,YELLOW,143.92999267578125,7.739999771118164
20230510,301258,1,True,False,0,False,False,0,YELLOW,-27.850000381469727,-92.87000274658205
20230510,301259,1,False,True,0,False,False,0,YELLOW,-111.66999816894533,-141.17999267578125
20230510,301260,0,False,False,0,,False,-1,WEAK,-201.94000244140625,58.4900016784668
20230510,301263,1,False,True,0,False,False,0,WEAK,9.920000076293944,-7.199999809265137
20230510,301265,0,False,False,0,,False,-1,WEAK,-21.190000534057617,-110.4000015258789
20230510,301266,2,True,True,0,False,False,0,YELLOW,56.040000915527344,-15.300000190734863
20230510,301267,0,False,False,0,,False,-1,YELLOW,32.06999969482422,6.889999866485596
20230510,301268,2,True,True,0,False,False,0,YELLOW,32.9900016784668,-124.68000030517578
20230510,301269,2,True,True,0,,False,-1,OK,-34.560001373291016,-500.0
20230510,301270,0,False,False,0,,False,-1,OK,-31.940000534057617,-239.58999633789065
20230510,301273,0,False,False,0,,False,-1,WEAK,-92.61000061035156,-109.19000244140624
20230510,301276,0,False,False,0,,False,-1,YELLOW,-11.729999542236328,0.8199999928474426
20230510,301277,1,False,True,0,,False,-1,WEAK,41.560001373291016,22.3700008392334
20230510,301278,2,True,True,0,,False,-1,YELLOW,59.060001373291016,-1.8200000524520872
20230510,301279,0,False,False,1,True,False,1,YELLOW,-29.260000228881836,-6.960000038146973
20230510,301280,0,False,False,0,,False,-1,WEAK,33.650001525878906,36.06999969482422
20230510,301281,1,False,True,0,,False,-1,OK,0.0,-36.349998474121094
20230510,301282,0,False,False,0,,False,-1,YELLOW,-77.81999969482422,-83.7300033569336
20230510,301283,1,False,True,0,,False,-1,YELLOW,0.4099999964237213,161.7899932861328
20230510,301285,0,False,False,0,,False,-1,WEAK,-75.54000091552734,121.58999633789062
20230510,301286,1,True,False,1,True,False,1,WEAK,46.54999923706055,-47.59000015258789
20230510,301288,1,False,True,0,False,False,0,WEAK,500.0,-305.6199951171875
20230510,301289,0,False,False,0,False,False,0,OK,8.130000114440918,2.549999952316284
20230510,301290,1,False,True,0,,False,-1,YELLOW,-26.969999313354492,-5.199999809265137
20230510,301296,0,False,False,0,,False,-1,WEAK,4.150000095367432,6.519999980926514
20230510,301297,0,False,False,0,,False,-1,YELLOW,-10.09000015258789,59.4900016784668
20230510,301298,1,False,True,0,False,False,0,WEAK,1.9600000381469729,161.30999755859375
20230510,301299,0,False,False,1,,True,-1,OK,-43.849998474121094,61.849998474121094
20230510,301300,0,False,False,0,,False,-1,WEAK,-34.56999969482422,-20.309999465942383
20230510,301301,0,False,False,0,,False,-1,YELLOW,72.5199966430664,101.87000274658205
20230510,301302,1,False,True,0,False,False,0,WEAK,-354.75,29.649999618530273
20230510,301303,0,False,False,0,,False,-1,YELLOW,36.52000045776367,7.130000114440918
20230510,301306,1,False,True,0,,False,-1,WEAK,-196.02000427246097,-399.3699951171875
20230510,301308,1,False,True,0,,False,-1,WEAK,-500.0,228.44000244140625
20230510,301309,0,False,False,0,,False,-1,YELLOW,-21.649999618530273,174.44000244140625
20230510,301311,0,False,False,0,,False,-1,YELLOW,11.25,23.549999237060547
20230510,301312,2,True,True,1,True,False,1,OK,-44.34000015258789,-139.07000732421875
20230510,301313,0,False,False,1,,True,-1,WEAK,-253.1499938964844,-500.0
20230510,301314,0,False,False,0,,False,-1,WEAK,0.0,-72.54000091552734
20230510,301316,1,False,True,0,,False,-1,YELLOW,-12.81999969482422,20.920000076293945
20230510,301317,0,False,False,0,,False,-1,YELLOW,-48.54999923706055,24.63999938964844
20230510,301318,0,False,False,0,,False,-1,OK,-41.2599983215332,30.40999984741211
20230510,301319,1,False,True,0,,False,-1,WEAK,6.119999885559082,-22.280000686645508
20230510,301321,1,False,True,0,,False,-1,YELLOW,-210.52000427246097,-167.72999572753906
20230510,301322,0,False,False,0,,False,-1,YELLOW,0.0,-37.63999938964844
20230510,301326,0,False,False,0,,False,-1,WEAK,-128.42999267578125,65.41000366210938
20230510,301327,0,False,False,0,,False,-1,WEAK,-152.74000549316406,129.10000610351562
20230510,301328,0,False,False,0,,False,-1,WEAK,1.1699999570846558,-31.31999969482422
20230510,301330,1,True,False,0,,False,-1,OK,7.860000133514404,-29.950000762939453
20230510,301331,1,False,True,0,,False,-1,WEAK,51.0099983215332,-74.0999984741211
20230510,301333,0,False,False,0,,False,-1,OK,24.440000534057617,-18.420000076293945
20230510,301335,0,False,False,0,,False,-1,YELLOW,-52.34000015258789,-16.1200008392334
20230510,301336,1,False,True,0,,False,-1,YELLOW,-57.560001373291016,32.849998474121094
20230510,301338,1,False,True,0,,False,-1,OK,-67.52999877929688,20.290000915527344
20230510,301339,0,False,False,0,,False,-1,YELLOW,50.189998626708984,9.56999969482422
20230510,301345,1,False,True,0,,False,-1,WEAK,0.0,
20230510,301349,0,False,False,0,,False,-1,WEAK,-78.11000061035156,-209.17999267578125
20230510,301356,1,False,True,0,,False,-1,WEAK,-124.36000061035156,-182.2400054931641
20230510,301358,1,False,True,0,,False,-1,WEAK,-30.190000534057617,-43.130001068115234
20230510,301359,0,False,False,0,,False,-1,WEAK,3.3499999046325684,27.200000762939453
20230510,301361,0,False,False,0,,False,-1,YELLOW,-10.31999969482422,18.68000030517578
20230510,301363,0,False,False,0,,False,-1,WEAK,-12.93000030517578,-44.380001068115234
20230510,301365,0,False,False,1,,True,-1,WEAK,-69.69000244140625,-91.7300033569336
20230510,301366,0,False,False,0,,False,-1,YELLOW,-46.97999954223633,-31.670000076293945
20230510,301367,1,False,True,0,,False,-1,WEAK,-10.199999809265137,-71.54000091552734
20230510,301368,1,False,True,0,,False,-1,WEAK,-38.709999084472656,67.70999908447266
20230510,301369,0,False,False,0,,False,-1,OK,-86.75,-500.0
20230510,301373,1,False,True,0,,False,-1,YELLOW,23.90999984741211,25.5
20230510,301377,1,False,True,0,,False,-1,OK,-15.869999885559082,-14.829999923706056
20230510,301378,0,False,False,0,,False,-1,OK,0.0,-500.0
20230510,301379,1,False,True,0,,False,-1,YELLOW,-27.56999969482422,2.609999895095825
20230510,301380,1,False,True,0,,False,-1,WEAK,-17.3799991607666,-7.25
20230510,301386,0,False,False,0,,False,-1,WEAK,0.0,10.6899995803833
20230510,301388,0,False,False,0,,False,-1,WEAK,-54.439998626708984,-55.52000045776367
20230510,301389,0,False,False,0,,False,-1,WEAK,-42.06999969482422,-5.619999885559082
20230510,301391,0,False,False,0,,False,-1,OK,21.90999984741211,-74.23999786376953
20230510,301396,1,False,True,0,,False,-1,YELLOW,-141.64999389648438,-192.63999938964844
20230510,301398,0,False,False,0,,False,-1,WEAK,22.040000915527344,8.220000267028809
20230510,301408,1,False,True,0,,False,-1,WEAK,0.0,60.38999938964844
20230510,301419,0,False,False,0,,False,-1,WEAK,12.0,-58.43000030517578
20230510,301439,0,False,False,0,,False,-1,WEAK,-3.740000009536743,4.849999904632568
20230510,302132,-1,,,1,True,False,1,UNKNOWN,,
20230510,600000,1,False,True,2,True,True,1,WEAK,-37.189998626708984,30.56999969482422
20230510,600004,1,True,False,1,True,False,1,WEAK,138.0399932861328,386.5299987792969
20230510,600006,0,False,False,1,True,False,1,YELLOW,-500.0,154.9600067138672
20230510,600007,1,True,False,1,True,False,1,OK,29.65999984741211,5.940000057220459
20230510,600008,1,True,False,1,True,False,1,YELLOW,1.2200000286102295,11.56999969482422
20230510,600009,2,True,True,0,False,False,0,WEAK,121.4000015258789,480.4599914550781
20230510,600010,0,False,False,0,False,False,0,WEAK,151.58999633789062,-80.36000061035156
20230510,600011,2,True,True,1,True,False,1,YELLOW,285.5400085449219,117.9800033569336
20230510,600012,2,True,True,1,True,False,1,WEAK,18.31999969482422,-7.619999885559082
20230510,600015,2,True,True,2,True,True,1,WEAK,4.760000228881836,0.7699999809265137
20230510,600016,2,True,True,2,True,True,1,WEAK,-0.6200000047683716,-5.75
20230510,600017,1,False,True,1,True,False,1,YELLOW,1.7200000286102295,-15.9399995803833
20230510,600018,1,False,True,1,True,False,1,WEAK,-27.979999542236328,-1.5099999904632568
20230510,600019,0,False,False,1,True,False,1,WEAK,-15.56999969482422,-4.079999923706055
20230510,600020,1,True,False,1,True,False,1,WEAK,145.47000122070312,-25.940000534057617
20230510,600021,1,True,False,1,True,False,1,YELLOW,500.0,101.13999938964844
20230510,600022,0,False,False,1,True,False,1,WEAK,-350.760009765625,-97.4499969482422
20230510,600023,2,True,True,1,True,False,1,WEAK,500.0,110.76000213623048
20230510,600025,2,True,True,1,True,False,1,YELLOW,11.34000015258789,33.13999938964844
20230510,600026,2,True,True,0,False,False,0,WEAK,418.0499877929687,39.810001373291016
20230510,600027,2,True,True,1,True,False,1,YELLOW,122.08999633789062,66.9000015258789
20230510,600028,0,False,False,1,True,False,1,WEAK,-9.329999923706056,-7.760000228881836
20230510,600029,1,True,False,0,False,False,0,WEAK,99.18000030517578,125.23999786376952
20230510,600030,2,True,True,2,True,True,1,WEAK,-0.2000000029802322,-7.96999979019165
20230510,600031,1,True,False,1,True,False,1,YELLOW,38.84000015258789,-6.409999847412109
20230510,600032,1,False,True,0,False,False,0,OK,-18.299999237060547,42.7599983215332
20230510,600033,2,True,True,1,True,False,1,OK,9.279999732971191,5.539999961853027
20230510,600035,1,True,False,1,True,False,1,YELLOW,25.219999313354492,-20.209999084472656
20230510,600036,1,True,False,1,False,True,0,WEAK,6.519999980926514,-1.9900000095367432
20230510,600037,1,True,False,1,False,True,0,WEAK,-15.710000038146973,500.0
20230510,600038,1,True,False,0,False,False,0,WEAK,500.0,500.0
20230510,600039,2,True,True,2,True,True,1,YELLOW,30.510000228881836,-35.7599983215332
20230510,600048,1,True,False,0,False,False,0,WEAK,2.319999933242798,-20.34000015258789
20230510,600050,1,True,False,1,True,False,1,YELLOW,4.28000020980835,11.039999961853027
20230510,600051,2,True,True,1,True,False,1,WEAK,-45.119998931884766,-13.579999923706056
20230510,600052,2,True,True,1,True,False,1,WEAK,500.0,-500.0
20230510,600054,2,True,True,1,True,False,1,WEAK,500.0,-62.77000045776367
20230510,600055,2,True,True,1,True,False,1,WEAK,11.510000228881836,7.059999942779541
20230510,600056,2,True,True,1,True,False,1,YELLOW,-22.40999984741211,-44.25
20230510,600057,1,False,True,0,False,False,0,YELLOW,-91.9800033569336,-122.8499984741211
20230510,600058,1,False,True,1,True,False,1,YELLOW,-60.2400016784668,-500.0
20230510,600059,1,False,True,1,True,False,1,OK,7.650000095367432,5.320000171661377
20230510,600060,2,True,True,1,True,False,1,YELLOW,59.56999969482422,-21.920000076293945
20230510,600061,1,True,False,2,True,True,1,YELLOW,16.09000015258789,-60.20000076293945
20230510,600062,1,True,False,1,True,False,1,OK,9.470000267028809,10.550000190734863
20230510,600063,1,False,True,0,False,False,0,YELLOW,-75.75,-53.2599983215332
20230510,600064,1,True,False,1,True,False,1,WEAK,-8.039999961853027,-17.420000076293945
20230510,600066,1,True,False,1,True,False,1,YELLOW,351.8399963378906,500.0
20230510,600067,0,False,False,1,True,False,1,WEAK,-500.0,500.0
20230510,600071,1,False,True,0,False,False,0,WEAK,-224.3800048828125,15.460000038146973
20230510,600072,1,True,False,1,True,False,1,YELLOW,126.31999969482422,-500.0
20230510,600073,2,True,True,1,True,False,1,YELLOW,-33.439998626708984,-46.40999984741211
20230510,600075,1,False,True,1,True,False,1,WEAK,-169.11000061035156,-279.6099853515625
20230510,600076,1,True,False,1,True,False,1,WEAK,6.670000076293945,5.75
20230510,600078,0,False,False,0,False,False,0,YELLOW,-137.5,-183.0
20230510,600081,0,False,False,1,True,False,1,YELLOW,-32.369998931884766,-72.69000244140625
20230510,600085,1,True,False,1,True,False,1,OK,39.220001220703125,9.979999542236328
20230510,600088,1,True,False,2,True,True,1,WEAK,122.4000015258789,-132.80999755859375
20230510,600089,2,True,True,1,True,False,1,OK,-19.700000762939453,-54.619998931884766
20230510,600094,2,True,True,1,True,False,1,YELLOW,500.0,-141.77999877929688
20230510,600095,1,True,False,1,False,True,0,YELLOW,206.1499938964844,-41.02000045776367
20230510,600096,0,False,False,0,False,False,0,YELLOW,-28.15999984741211,-5.409999847412109
20230510,600097,0,False,False,1,True,False,1,WEAK,-273.7699890136719,117.75
20230510,600098,2,True,True,1,True,False,1,YELLOW,24.959999084472656,10.550000190734863
20230510,600099,2,True,True,1,True,False,1,YELLOW,29.100000381469727,-17.780000686645508
20230510,600100,1,True,False,1,True,False,1,YELLOW,9.029999732971191,-88.48999786376953
20230510,600101,1,True,False,1,True,False,1,YELLOW,25.239999771118164,20.770000457763672
20230510,600103,0,False,False,1,True,False,1,YELLOW,-60.31999969482422,-69.9800033569336
20230510,600104,0,False,False,1,True,False,1,YELLOW,-10.989999771118164,-1.9700000286102295
20230510,600105,2,True,True,1,True,False,1,YELLOW,-9.010000228881836,34.560001373291016
20230510,600106,1,True,,0,False,False,0,YELLOW,62.4900016784668,11.630000114440918
20230510,600108,2,True,True,1,True,False,1,YELLOW,27.579999923706055,7.510000228881836
20230510,600109,2,True,True,1,False,True,0,WEAK,51.65999984741211,-38.95000076293945
20230510,600110,1,False,True,0,False,False,0,WEAK,-135.50999450683594,-500.0
20230510,600111,1,False,True,0,False,False,0,YELLOW,-71.30999755859375,-99.58000183105467
20230510,600113,1,False,True,0,False,False,0,OK,-16.030000686645508,-20.65999984741211
20230510,600114,0,False,False,0,False,False,0,YELLOW,-23.020000457763672,500.0
20230510,600115,2,True,True,0,False,False,0,WEAK,88.70999908447266,75.37999725341797
20230510,600116,0,False,False,0,False,False,0,WEAK,-45.689998626708984,94.87000274658205
20230510,600117,1,False,True,0,False,False,0,WEAK,-7.690000057220459,28.899999618530273
20230510,600118,1,True,False,1,True,False,1,YELLOW,-19.489999771118164,-151.8699951171875
20230510,600120,1,True,False,2,True,True,1,YELLOW,37.31999969482422,-79.63999938964844
20230510,600121,2,True,True,0,False,False,0,WEAK,-244.88999938964844,-46.91999816894531
20230510,600123,1,False,True,0,False,False,0,WEAK,-44.54999923706055,-82.72000122070312
20230510,600125,2,True,True,1,True,False,1,YELLOW,20.420000076293945,29.850000381469727
20230510,600126,0,False,False,1,True,False,1,YELLOW,-104.36000061035156,162.52999877929688
20230510,600127,2,True,True,1,True,False,1,YELLOW,122.08999633789062,-66.91000366210938
20230510,600128,0,False,False,0,False,False,0,YELLOW,-62.459999084472656,117.66999816894533
20230510,600129,2,True,True,1,True,False,1,OK,125.45999908447266,-8.470000267028809
20230510,600130,2,True,True,0,False,False,0,YELLOW,-500.0,-79.66000366210938
20230510,600131,2,True,True,1,True,False,1,YELLOW,-25.440000534057617,-75.16000366210938
20230510,600132,1,True,False,0,False,False,0,YELLOW,14.289999961853027,16.90999984741211
20230510,600133,1,True,False,1,True,False,1,YELLOW,-15.949999809265137,-19.850000381469727
20230510,600135,1,False,True,1,True,False,1,YELLOW,-225.47999572753903,-500.0
20230510,600137,0,False,False,0,False,False,0,YELLOW,9.170000076293944,30.260000228881836
20230510,600138,1,True,False,0,False,False,0,WEAK,205.2599945068359,-280.0
20230510,600141,1,False,True,0,False,False,0,OK,-82.4000015258789,-13.050000190734863
20230510,600143,0,False,False,1,True,False,1,YELLOW,-63.099998474121094,-69.30000305175781
20230510,600148,1,False,True,1,True,False,1,WEAK,-15.920000076293944,85.98999786376953
20230510,600149,2,True,True,0,False,False,0,WEAK,-3.849999904632568,196.77999877929688
20230510,600150,2,True,True,1,True,False,1,YELLOW,-223.94000244140625,500.0
20230510,600151,1,False,True,1,True,False,1,WEAK,-351.0799865722656,-96.9499969482422
20230510,600152,1,False,True,0,False,False,0,WEAK,-417.7200012207031,110.55999755859376
20230510,600153,1,False,True,0,False,False,0,YELLOW,-13.770000457763672,-15.800000190734863
20230510,600155,2,True,True,1,False,True,0,WEAK,72.5199966430664,-87.76000213623047
20230510,600156,1,True,False,0,False,False,0,YELLOW,75.93000030517578,34.880001068115234
20230510,600157,2,True,True,0,False,False,0,YELLOW,25.6299991607666,12.039999961853027
20230510,600158,2,True,True,1,True,False,1,WEAK,18.739999771118164,139.1999969482422
20230510,600159,1,False,True,0,False,False,0,WEAK,56.630001068115234,-500.0
20230510,600160,1,False,True,1,True,False,1,YELLOW,-57.900001525878906,118.26000213623048
20230510,600161,1,True,False,1,True,False,1,OK,50.93000030517578,23.81999969482422
20230510,600162,1,True,False,1,True,False,1,YELLOW,487.6799926757813,-98.4499969482422
20230510,600163,0,False,False,1,True,False,1,YELLOW,-18.299999237060547,-23.63999938964844
20230510,600166,1,True,False,1,True,False,1,YELLOW,500.0,19.040000915527344
20230510,600167,1,False,True,1,True,False,1,WEAK,-14.699999809265137,-13.6899995803833
20230510,600168,1,False,True,1,True,False,1,WEAK,-205.38999938964844,259.0
20230510,600170,1,True,False,2,True,True,1,YELLOW,20.40999984741211,11.010000228881836
20230510,600171,1,False,True,1,True,False,1,OK,-54.689998626708984,32.400001525878906
20230510,600172,0,False,False,0,False,False,0,WEAK,-500.0,-500.0
20230510,600173,1,True,False,1,True,False,1,WEAK,-34.47999954223633,-19.950000762939453
20230510,600176,0,False,False,1,True,False,1,WEAK,-54.84000015258789,-65.94999694824219
20230510,600177,1,False,True,1,True,False,1,WEAK,-37.02000045776367,14.140000343322754
20230510,600178,1,False,True,1,True,False,1,WEAK,-87.9800033569336,-72.8499984741211
20230510,600179,1,False,True,0,False,False,0,WEAK,-85.79000091552734,-58.70000076293945
20230510,600182,2,True,True,1,True,False,1,YELLOW,500.0,78.55999755859375
20230510,600183,0,False,False,1,True,False,1,WEAK,-27.11000061035156,65.6500015258789
20230510,600184,0,False,False,1,True,False,1,YELLOW,-10.359999656677246,-383.239990234375
20230510,600185,1,False,True,0,False,False,0,WEAK,-321.17999267578125,-500.0
20230510,600186,1,True,False,1,True,False,1,YELLOW,88.5999984741211,130.02999877929688
20230510,600188,1,False,True,1,True,False,1,WEAK,-46.90999984741211,-34.7400016784668
20230510,600189,0,False,False,0,False,False,0,WEAK,-48.75,-15.699999809265137
20230510,600191,1,True,,1,True,False,1,WEAK,142.89999389648438,-98.2300033569336
20230510,600192,2,True,True,0,False,False,0,WEAK,-84.77999877929688,-94.9000015258789
20230510,600195,0,False,False,0,False,False,0,WEAK,-13.100000381469728,-14.510000228881836
20230510,600196,1,True,False,0,False,False,0,OK,-48.45000076293945,-33.810001373291016
20230510,600197,1,True,False,1,True,False,1,WEAK,58.4900016784668,7.329999923706055
20230510,600198,2,True,True,0,False,False,0,WEAK,3.6700000762939458,-11.81999969482422
20230510,600199,1,False,True,0,False,False,0,WEAK,68.36000061035156,134.75999450683594
20230510,600201,1,True,False,1,True,False,1,WEAK,25.709999084472656,-5.320000171661377
20230510,600202,1,False,True,1,True,False,1,YELLOW,-12.039999961853027,-238.7400054931641
20230510,600203,1,False,True,1,True,False,1,WEAK,-118.06999969482422,-33.099998474121094
20230510,600206,1,False,True,1,True,False,1,YELLOW,-49.189998626708984,-117.94000244140624
20230510,600207,1,False,True,0,False,False,0,WEAK,-75.9800033569336,-202.4499969482422
20230510,600208,0,False,False,1,True,False,1,YELLOW,17.389999389648438,51.16999816894531
20230510,600210,1,False,True,0,False,False,0,YELLOW,17.0,35.630001068115234
20230510,600211,1,True,False,1,True,False,1,OK,62.220001220703125,-19.75
20230510,600212,1,True,False,1,True,False,1,WEAK,139.27999877929688,-275.9800109863281
20230510,600215,2,True,True,1,True,False,1,WEAK,339.57000732421875,18.81999969482422
20230510,600216,0,False,False,0,False,False,0,WEAK,-40.93000030517578,8.069999694824219
20230510,600217,1,False,True,1,True,False,1,WEAK,-11.949999809265137,105.94000244140624
20230510,600218,1,True,False,1,True,False,1,YELLOW,33.540000915527344,-20.09000015258789
20230510,600219,1,False,True,1,True,False,1,WEAK,-25.88999938964844,62.90999984741211
20230510,600221,2,True,True,0,False,False,0,WEAK,100.45999908447266,500.0
20230510,600222,1,True,False,0,False,False,0,WEAK,47.849998474121094,449.0899963378906
20230510,600223,1,False,True,1,True,False,1,YELLOW,-33.16999816894531,242.47999572753903
20230510,600226,2,True,True,1,True,False,1,WEAK,20.34000015258789,33.060001373291016
20230510,600227,1,True,False,1,True,False,1,WEAK,-4.650000095367432,-14.850000381469728
20230510,600229,1,True,False,2,True,True,1,YELLOW,2.8399999141693115,-46.2599983215332
20230510,600230,0,False,False,0,False,False,0,WEAK,9.829999923706056,-71.12999725341797
20230510,600231,0,False,False,1,True,False,1,WEAK,0.949999988079071,-500.0
20230510,600232,1,False,True,0,False,False,0,YELLOW,-39.369998931884766,12.350000381469728
20230510,600233,1,True,False,0,False,False,0,YELLOW,-4.809999942779541,3.2300000190734863
20230510,600234,1,True,False,1,False,True,0,WEAK,-500.0,-3.9700000286102295
20230510,600235,1,False,True,0,False,False,0,WEAK,91.70999908447266,500.0
20230510,600236,0,False,False,1,True,False,1,YELLOW,-64.37000274658203,42.88999938964844
20230510,600237,2,True,True,0,False,False,0,YELLOW,9.970000267028809,9.630000114440918
20230510,600241,0,False,False,0,False,False,0,WEAK,-29.38999938964844,-70.05000305175781
20230510,600246,2,True,True,0,False,False,0,WEAK,8.640000343322754,-35.40999984741211
20230510,600248,2,True,True,2,True,True,1,YELLOW,-1.5,-34.459999084472656
20230510,600249,2,True,True,1,True,False,1,WEAK,186.4499969482422,500.0
20230510,600250,1,True,False,0,False,False,0,YELLOW,138.86000061035156,-9.619999885559082
20230510,600251,1,True,False,1,True,False,1,YELLOW,104.62999725341795,-21.049999237060547
20230510,600252,0,False,False,1,True,False,1,WEAK,18.049999237060547,500.0
20230510,600255,0,False,False,0,False,False,0,WEAK,-298.0400085449219,148.0
20230510,600256,2,True,True,0,False,False,0,WEAK,-42.2400016784668,-73.97000122070312
20230510,600257,1,True,False,0,False,False,0,WEAK,6.25,10.710000038146973
20230510,600258,1,True,False,0,False,False,0,WEAK,257.70001220703125,102.19000244140624
20230510,600259,1,False,True,0,False,False,0,YELLOW,-49.11000061035156,-500.0
20230510,600261,0,False,False,1,True,False,1,YELLOW,16.770000457763672,201.75
20230510,600262,1,False,True,1,True,False,1,YELLOW,25.079999923706055,198.52000427246097
20230510,600266,2,True,True,1,True,False,1,WEAK,277.29998779296875,-268.57000732421875
20230510,600267,1,True,False,1,True,False,1,OK,21.309999465942383,-21.31999969482422
20230510,600268,2,True,True,1,True,False,1,WEAK,500.0,42.18000030517578
20230510,600269,1,False,True,1,True,False,1,WEAK,9.5,22.420000076293945
20230510,600271,1,False,True,1,True,False,1,YELLOW,-81.0999984741211,-302.9700012207031
20230510,600272,1,True,False,1,True,False,1,YELLOW,-31.13999938964844,-92.7300033569336
20230510,600273,1,False,True,1,True,False,1,WEAK,-29.760000228881836,-45.88999938964844
20230510,600276,1,True,False,1,True,False,1,YELLOW,10.130000114440918,18.059999465942383
20230510,600278,0,False,False,1,True,False,1,YELLOW,-38.29999923706055,15.09000015258789
20230510,600279,0,False,False,1,True,False,1,WEAK,316.05999755859375,98.20999908447266
20230510,600280,0,False,False,1,True,False,1,WEAK,500.0,123.05999755859376
20230510,600281,0,False,False,1,True,False,1,WEAK,-500.0,9.84000015258789
20230510,600282,0,False,False,1,True,False,1,YELLOW,-23.36000061035156,33.099998474121094
20230510,600283,2,True,True,1,True,False,1,OK,11.760000228881836,-50.9900016784668
20230510,600284,1,False,True,1,False,True,0,YELLOW,19.520000457763672,16.969999313354492
20230510,600285,1,True,False,1,True,False,1,OK,20.190000534057617,31.549999237060547
20230510,600287,1,False,True,0,False,False,0,YELLOW,24.899999618530273,101.61000061035156
20230510,600288,1,True,False,0,False,False,0,OK,-88.04000091552734,-500.0
20230510,600292,2,True,True,1,True,False,1,YELLOW,188.30999755859375,41.27000045776367
20230510,600293,0,False,False,0,False,False,0,WEAK,122.0,128.5800018310547
20230510,600295,0,False,False,0,False,False,0,WEAK,-44.119998931884766,-61.52000045776367
20230510,600298,1,True,False,0,False,False,0,WEAK,0.2599999904632568,-10.800000190734863
20230510,600299,1,False,True,1,True,False,1,WEAK,-105.31999969482422,500.0
20230510,600300,2,True,True,0,False,False,0,YELLOW,68.08000183105469,23.25
20230510,600301,2,True,True,1,True,False,1,WEAK,500.0,99.88999938964844
20230510,600303,0,False,False,0,False,False,0,WEAK,-27.38999938964844,13.920000076293944
20230510,600305,1,True,False,1,True,False,1,WEAK,-5.690000057220459,-35.709999084472656
20230510,600307,2,True,True,1,True,False,1,WEAK,73.3499984741211,-500.0
20230510,600308,0,False,False,1,True,False,1,YELLOW,-58.29999923706055,16.360000610351562
20230510,600309,1,False,True,1,True,False,1,WEAK,-7.179999828338623,3.4700000286102295
20230510,600310,0,False,False,1,True,False,1,YELLOW,-281.2099914550781,109.3499984741211
20230510,600312,2,True,True,1,True,False,1,YELLOW,226.8800048828125,49.11000061035156
20230510,600313,2,True,True,0,False,False,0,YELLOW,9.68000030517578,-45.060001373291016
20230510,600315,1,True,False,1,True,False,1,WEAK,-19.06999969482422,29.170000076293945
20230510,600316,0,False,False,0,False,False,0,WEAK,-61.43000030517578,21.950000762939453
20230510,600318,1,True,False,1,False,True,0,OK,500.0,42.70000076293945
20230510,600319,0,False,False,0,False,False,0,WEAK,-358.9100036621094,-91.06999969482422
20230510,600320,0,False,False,1,True,False,1,YELLOW,-18.25,225.97999572753903
20230510,600322,2,True,True,0,False,False,0,WEAK,86.08999633789062,-21.899999618530273
20230510,600323,1,True,False,1,True,False,1,YELLOW,33.560001373291016,23.190000534057617
20230510,600325,1,False,True,1,True,False,1,WEAK,0.6499999761581421,-39.40999984741211
20230510,600326,0,False,False,1,True,False,1,WEAK,26.850000381469727,16.75
20230510,600327,0,False,False,1,True,False,1,YELLOW,74.30999755859375,103.1999969482422
20230510,600328,0,False,False,1,True,False,1,YELLOW,-52.20000076293945,-95.88999938964844
20230510,600329,1,True,False,1,True,False,1,OK,29.799999237060547,-4.840000152587891
20230510,600330,2,True,True,0,False,False,0,YELLOW,-37.20000076293945,-45.77000045776367
20230510,600331,0,False,False,1,True,False,1,YELLOW,-258.4100036621094,-177.02000427246094
20230510,600332,1,True,False,1,True,False,1,YELLOW,9.720000267028809,0.3300000131130218
20230510,600333,0,False,False,0,False,False,0,WEAK,9.039999961853027,70.75
20230510,600335,1,False,True,1,True,False,1,YELLOW,4.25,77.29000091552734
20230510,600336,0,False,False,1,True,False,1,WEAK,-56.119998931884766,1.4900000095367432
20230510,600338,1,False,True,0,False,False,0,WEAK,-87.73999786376953,-500.0
20230510,600339,1,True,False,1,True,False,1,YELLOW,-6.550000190734863,8.34000015258789
20230510,600343,0,False,False,1,True,False,1,WEAK,-121.62000274658205,-86.04000091552734
20230510,600345,1,True,False,1,True,False,1,YELLOW,-16.889999389648438,-218.47999572753903
20230510,600346,0,False,False,0,False,False,0,WEAK,3.890000104904175,211.5
20230510,600348,2,True,True,0,False,False,0,WEAK,-14.210000038146973,-54.63999938964844
20230510,600350,1,True,False,1,True,False,1,YELLOW,12.5,-7.429999828338623
20230510,600351,2,True,True,1,True,False,1,WEAK,102.77999877929688,2.390000104904175
20230510,600352,0,False,False,1,True,False,1,WEAK,-32.650001525878906,24.3799991607666
20230510,600353,2,True,True,0,False,False,0,YELLOW,24.969999313354492,22.959999084472656
20230510,600354,2,True,True,0,False,False,0,YELLOW,39.5,65.36000061035156
20230510,600356,1,True,False,0,False,False,0,WEAK,-10.039999961853027,-16.489999771118164
20230510,600358,0,False,False,1,False,True,0,WEAK,-341.6499938964844,-230.2400054931641
20230510,600359,2,True,True,0,False,False,0,YELLOW,-112.22000122070312,5.46999979019165
20230510,600361,2,True,True,1,True,False,1,WEAK,473.7099914550781,16.040000915527344
20230510,600362,1,False,True,1,True,False,1,YELLOW,7.239999771118164,6.46999979019165
20230510,600363,2,True,True,1,True,False,1,YELLOW,17.899999618530273,20.950000762939453
20230510,600366,1,False,True,0,False,False,0,WEAK,-155.4199981689453,-148.16000366210938
20230510,600367,1,False,True,0,False,False,0,WEAK,-99.9000015258789,139.42999267578125
20230510,600368,2,True,True,1,True,False,1,WEAK,31.079999923706055,7.610000133514404
20230510,600369,1,True,False,1,False,True,0,WEAK,149.52000427246094,5.150000095367432
20230510,600371,0,False,False,0,False,False,0,OK,-6.929999828338623,0.800000011920929
20230510,600372,1,True,False,0,False,False,0,OK,125.33000183105467,99.01000213623048
20230510,600373,1,False,True,2,True,True,1,OK,-0.2399999946355819,1.090000033378601
20230510,600375,0,False,False,0,False,False,0,WEAK,54.66999816894531,58.9900016784668
20230510,600376,1,False,True,0,False,False,0,WEAK,-310.8599853515625,-6.949999809265137
20230510,600377,2,True,True,1,True,False,1,WEAK,26.979999542236328,0.7200000286102295
20230510,600378,2,True,True,0,False,False,0,YELLOW,-9.75,-39.540000915527344
20230510,600379,2,True,True,0,False,False,0,YELLOW,48.11000061035156,88.63999938964844
20230510,600380,0,False,False,1,True,False,1,OK,-6.010000228881836,-4.260000228881836
20230510,600382,2,True,True,1,True,False,1,WEAK,-34.290000915527344,-48.400001525878906
20230510,600383,1,False,True,0,False,False,0,YELLOW,-102.44000244140624,-161.91000366210938
20230510,600386,1,False,True,1,True,False,1,WEAK,-79.12000274658203,21.670000076293945
20230510,600388,2,True,True,0,False,False,0,YELLOW,-10.829999923706056,8.1899995803833
20230510,600389,1,False,True,0,False,False,0,YELLOW,-85.36000061035156,-33.470001220703125
20230510,600390,2,True,True,2,True,True,1,YELLOW,8.0600004196167,-51.2400016784668
20230510,600391,2,True,True,1,True,False,1,WEAK,371.7200012207031,54.099998474121094
20230510,600392,0,False,False,0,False,False,0,WEAK,-93.9499969482422,-500.0
20230510,600395,1,False,True,0,False,False,0,YELLOW,-63.709999084472656,-99.1999969482422
20230510,600396,1,True,False,0,False,False,0,WEAK,41.869998931884766,147.4600067138672
20230510,600397,1,True,False,0,False,False,0,YELLOW,104.41999816894533,-266.32000732421875
20230510,600398,1,True,False,1,True,False,1,OK,25.969999313354492,10.84000015258789
20230510,600399,0,False,False,0,False,False,0,WEAK,-5.989999771118164,166.1300048828125
20230510,600400,2,True,True,0,False,False,0,YELLOW,-24.8700008392334,3.1600000858306885
20230510,600403,2,True,True,1,True,False,1,WEAK,-104.62000274658205,-187.88999938964844
20230510,600405,0,False,False,0,False,False,0,WEAK,-500.0,-24.06999969482422
20230510,600406,1,True,False,1,True,False,1,YELLOW,13.329999923706056,17.989999771118164
20230510,600408,0,False,False,0,False,False,0,WEAK,-370.7699890136719,-1.6200000047683716
20230510,600409,0,False,False,0,False,False,0,WEAK,-62.70000076293945,179.2899932861328
20230510,600410,2,True,True,1,True,False,1,YELLOW,53.2599983215332,-222.75
20230510,600415,2,True,True,1,True,False,1,WEAK,37.7400016784668,-36.029998779296875
20230510,600416,2,True,True,1,True,False,1,YELLOW,11.029999732971191,-44.810001373291016
20230510,600418,2,True,True,0,False,False,0,YELLOW,64.5999984741211,89.41000366210938
20230510,600419,2,True,True,1,True,False,1,YELLOW,3.9200000762939458,-53.63999938964844
20230510,600420,1,True,False,1,True,False,1,WEAK,48.900001525878906,91.04000091552734
20230510,600422,0,False,False,1,True,False,1,OK,19.600000381469727,9.109999656677246
20230510,600425,1,True,False,1,True,False,1,WEAK,33.220001220703125,-500.0
20230510,600426,1,False,True,0,False,False,0,WEAK,-47.029998779296875,37.7400016784668
20230510,600428,0,False,False,1,True,False,1,YELLOW,1.2300000190734863,6.769999980926514
20230510,600429,1,True,False,1,True,False,1,YELLOW,-77.48999786376953,72.13999938964844
20230510,600433,1,False,True,0,False,False,0,WEAK,-131.9600067138672,426.2200012207031
20230510,600435,2,True,True,0,False,False,0,YELLOW,47.90999984741211,-387.3599853515625
20230510,600436,2,True,True,1,True,False,1,WEAK,18.38999938964844,28.229999542236328
20230510,600438,2,True,True,1,True,False,1,OK,-28.84000015258789,-109.29000091552734
20230510,600439,0,False,False,1,True,False,1,YELLOW,-69.26000213623047,281.94000244140625
20230510,600444,2,True,True,0,False,False,0,YELLOW,-54.369998931884766,22.280000686645508
20230510,600446,0,False,False,1,True,False,1,WEAK,-145.25,-50.939998626708984
20230510,600448,0,False,False,0,False,False,0,YELLOW,106.86000061035156,498.9100036621094
20230510,600449,1,False,True,1,True,False,1,WEAK,-52.650001525878906,-500.0
20230510,600452,0,False,False,1,True,False,1,YELLOW,-25.829999923706055,-2.4100000858306885
20230510,600455,0,False,False,0,False,False,0,OK,-0.9900000095367432,-494.3500061035156
20230510,600456,0,False,False,0,False,False,0,YELLOW,5.619999885559082,-16.5
20230510,600458,2,True,True,1,True,False,1,YELLOW,153.47999572753906,30.25
20230510,600459,1,False,True,1,True,False,1,YELLOW,18.170000076293945,2.5299999713897705
20230510,600460,1,False,True,1,True,False,1,WEAK,-72.52999877929688,17.270000457763672
20230510,600461,2,True,True,1,True,False,1,YELLOW,21.950000762939453,14.989999771118164
20230510,600463,1,False,True,1,True,False,1,WEAK,-203.66000366210935,51.66999816894531
20230510,600467,2,True,True,1,True,False,1,YELLOW,-7.610000133514404,-490.5799865722656
20230510,600468,2,True,True,1,True,False,1,YELLOW,-3.490000009536743,12.789999961853027
20230510,600469,2,True,True,1,True,False,1,YELLOW,500.0,49.130001068115234
20230510,600470,1,False,True,0,False,False,0,YELLOW,-113.13999938964844,-184.6499938964844
20230510,600475,2,True,True,1,True,False,1,YELLOW,8.819999694824219,-16.31999969482422
20230510,600477,2,True,True,1,False,True,0,YELLOW,52.25,2.309999942779541
20230510,600478,2,True,True,0,False,False,0,YELLOW,-85.45999908447266,12.59000015258789
20230510,600479,2,True,True,1,True,False,1,OK,10.65999984741211,21.25
20230510,600480,1,False,True,1,True,False,1,YELLOW,139.44000244140625,163.8699951171875
20230510,600481,2,True,True,1,True,False,1,WEAK,64.7300033569336,-199.61000061035156
20230510,600482,1,False,True,1,True,False,1,YELLOW,105.36000061035156,193.9600067138672
20230510,600483,0,False,False,1,True,False,1,YELLOW,-1.0199999809265137,-1.3899999856948853
20230510,600486,0,False,False,0,False,False,0,YELLOW,-27.56999969482422,-40.220001220703125
20230510,600487,1,True,False,1,True,False,1,YELLOW,14.800000190734863,13.899999618530272
20230510,600488,2,True,True,1,True,False,1,OK,220.92999267578125,-13.800000190734863
20230510,600489,2,True,True,1,True,False,1,YELLOW,31.59000015258789,36.380001068115234
20230510,600490,1,False,True,1,True,False,1,YELLOW,82.41999816894531,-500.0
20230510,600493,0,False,False,0,False,False,0,WEAK,-95.18000030517578,103.66999816894533
20230510,600495,2,True,True,1,True,False,1,WEAK,42.060001373291016,-30.049999237060547
20230510,600496,2,True,True,1,False,True,0,YELLOW,-20.6299991607666,-51.040000915527344
20230510,600497,2,True,True,1,True,False,1,YELLOW,18.790000915527344,-20.020000457763672
20230510,600498,2,True,True,1,True,False,1,YELLOW,8.430000305175781,10.34000015258789
20230510,600499,1,False,True,0,False,False,0,YELLOW,-45.029998779296875,-25.700000762939453
20230510,600500,0,False,False,1,True,False,1,YELLOW,-183.57000732421875,-500.0
20230510,600501,0,False,False,1,True,False,1,WEAK,-45.47999954223633,-500.0
20230510,600502,2,True,True,2,True,True,1,YELLOW,27.010000228881836,-23.520000457763672
20230510,600503,0,False,False,1,True,False,1,WEAK,-91.79000091552734,165.35000610351562
20230510,600505,0,False,False,0,False,False,0,WEAK,-163.8800048828125,69.19999694824219
20230510,600506,1,True,False,1,True,False,1,YELLOW,42.29999923706055,500.0
20230510,600507,0,False,False,0,False,False,0,WEAK,-45.2400016784668,8.609999656677246
20230510,600508,1,True,False,1,True,False,1,WEAK,-36.47999954223633,-64.12000274658203
20230510,600509,2,True,True,1,True,False,1,WEAK,154.97999572753906,15.359999656677246
20230510,600510,1,True,False,0,False,False,0,WEAK,61.83000183105469,-44.15999984741211
20230510,600511,1,True,False,1,True,False,1,YELLOW,0.6100000143051147,11.0
20230510,600512,1,True,False,2,True,True,1,WEAK,-28.579999923706055,37.349998474121094
20230510,600513,2,True,True,1,True,False,1,OK,-11.859999656677246,5.309999942779541
20230510,600515,2,True,True,1,True,False,1,OK,372.2200012207031,-39.709999084472656
20230510,600516,2,True,True,1,True,False,1,WEAK,-48.79999923706055,33.349998474121094
20230510,600517,2,True,True,2,True,True,1,YELLOW,39.970001220703125,-8.520000457763672
20230510,600518,2,True,True,1,True,False,1,WEAK,2.5399999618530273,34.220001220703125
20230510,600519,1,True,False,1,True,False,1,OK,18.969999313354492,15.75
20230510,600520,0,False,False,0,False,False,0,YELLOW,-435.8399963378906,-176.22000122070312
20230510,600521,2,True,True,0,False,False,0,OK,-8.289999961853027,67.29000091552734
20230510,600522,1,False,True,0,False,False,0,YELLOW,-9.489999771118164,-7.320000171661377
20230510,600523,0,False,False,0,False,False,0,YELLOW,18.520000457763672,2.259999990463257
20230510,600526,1,True,False,0,False,False,0,YELLOW,208.55999755859375,56.400001525878906
20230510,600527,0,False,False,0,False,False,0,WEAK,-54.790000915527344,-61.45000076293945
20230510,600528,1,True,False,1,True,False,1,YELLOW,2.8399999141693115,-12.010000228881836
20230510,600529,1,True,False,0,False,False,0,YELLOW,22.670000076293945,36.13999938964844
20230510,600530,1,False,True,0,False,False,0,WEAK,-299.5199890136719,93.0999984741211
20230510,600531,2,True,True,1,True,False,1,YELLOW,98.29000091552734,15.81999969482422
20230510,600533,1,False,True,0,False,False,0,WEAK,-106.1500015258789,-256.44000244140625
20230510,600535,2,True,True,1,True,False,1,OK,36.970001220703125,5.21999979019165
20230510,600536,0,False,False,0,False,False,0,WEAK,-66.0199966430664,38.5099983215332
20230510,600538,1,False,True,0,False,False,0,WEAK,-152.52000427246094,-311.3399963378906
20230510,600539,1,False,True,0,False,False,0,WEAK,-500.0,26.940000534057617
20230510,600540,2,True,True,1,True,False,1,WEAK,103.11000061035156,-334.4700012207031
20230510,600545,0,False,False,0,False,False,0,WEAK,143.66000366210938,28.56999969482422
20230510,600546,1,True,False,1,True,False,1,WEAK,-26.280000686645508,-65.04000091552734
20230510,600547,2,True,True,1,True,False,1,YELLOW,69.20999908447266,61.529998779296875
20230510,600548,1,True,False,1,True,False,1,OK,11.979999542236328,-7.949999809265137
20230510,600549,2,True,True,0,False,False,0,YELLOW,-8.510000228881836,-23.270000457763672
20230510,600550,2,True,True,1,True,False,1,YELLOW,-398.25,-71.63999938964844
20230510,600551,1,False,True,1,False,True,0,YELLOW,11.649999618530272,-20.979999542236328
20230510,600552,1,False,True,1,True,False,1,YELLOW,-85.33999633789062,-68.69999694824219
20230510,600556,1,False,True,1,False,True,0,YELLOW,-38.38999938964844,-46.59000015258789
20230510,600557,2,True,True,1,True,False,1,OK,20.540000915527344,0.2000000029802322
20230510,600558,1,True,False,1,True,False,1,YELLOW,50.959999084472656,-2.2899999618530273
20230510,600559,1,True,False,1,True,False,1,OK,22.100000381469727,33.38999938964844
20230510,600560,2,True,True,1,True,False,1,YELLOW,-6.420000076293945,-36.849998474121094
20230510,600561,1,True,False,0,False,False,0,WEAK,65.0999984741211,49.09000015258789
20230510,600562,1,True,False,0,False,False,0,YELLOW,8.220000267028809,0.4600000083446502
20230510,600563,2,True,True,0,False,False,0,WEAK,4.269999980926514,-11.640000343322754
20230510,600566,2,True,True,1,True,False,1,OK,26.3799991607666,19.829999923706055
20230510,600567,1,False,True,1,True,False,1,WEAK,-417.3699951171875,95.88999938964844
20230510,600569,1,True,False,1,True,False,1,WEAK,48.880001068115234,-28.690000534057617
20230510,600570,1,True,False,0,False,False,0,OK,62.75,-71.27999877929688
20230510,600571,0,False,False,0,False,False,0,WEAK,151.1999969482422,6.489999771118164
20230510,600572,2,True,True,1,True,False,1,YELLOW,15.229999542236328,-23.56999969482422
20230510,600573,2,True,True,1,True,False,1,YELLOW,32.939998626708984,500.0
20230510,600575,0,False,False,1,True,False,1,YELLOW,-28.079999923706055,141.7100067138672
20230510,600576,1,True,False,1,True,False,1,WEAK,500.0,-44.029998779296875
20230510,600577,2,True,True,1,True,False,1,YELLOW,22.3700008392334,4.03000020980835
20230510,600578,2,True,True,1,True,False,1,YELLOW,8.899999618530273,17.489999771118164
20230510,600579,1,False,True,0,False,False,0,WEAK,-167.6199951171875,3.569999933242798
20230510,600580,1,True,False,1,True,False,1,YELLOW,10.4399995803833,-9.59000015258789
20230510,600582,2,True,True,1,True,False,1,OK,23.59000015258789,9.449999809265137
20230510,600583,1,True,False,0,False,False,0,YELLOW,74.43000030517578,23.350000381469727
20230510,600584,0,False,False,1,True,False,1,YELLOW,-65.81999969482422,91.33000183105467
20230510,600585,0,False,False,1,True,False,1,WEAK,-31.969999313354492,-36.5
20230510,600586,0,False,False,0,False,False,0,WEAK,3.9600000381469727,95.94000244140624
20230510,600587,2,True,True,1,True,False,1,YELLOW,27.88999938964844,13.770000457763672
20230510,600588,1,False,True,0,False,False,0,WEAK,-110.37000274658205,8.970000267028809
20230510,600589,1,False,True,1,True,False,1,WEAK,8.770000457763672,63.349998474121094
20230510,600590,1,True,False,1,True,False,1,YELLOW,6.909999847412109,-27.799999237060547
20230510,600592,0,False,False,1,True,False,1,YELLOW,7.480000019073486,10.859999656677246
20230510,600593,2,True,True,1,True,False,1,WEAK,315.67999267578125,-132.94000244140625
20230510,600594,0,False,False,1,True,False,1,WEAK,-7.639999866485596,-322.5400085449219
20230510,600595,1,False,True,1,True,False,1,WEAK,-32.88999938964844,-90.68000030517578
20230510,600596,1,False,True,0,False,False,0,YELLOW,-96.81999969482422,40.88999938964844
20230510,600597,1,True,False,1,True,False,1,YELLOW,10.68000030517578,6.199999809265137
20230510,600598,2,True,True,1,True,False,1,WEAK,3.390000104904175,3.2699999809265137
20230510,600600,1,True,False,1,True,False,1,YELLOW,19.079999923706055,12.109999656677246
20230510,600601,1,True,False,1,True,False,1,WEAK,119.7699966430664,251.72999572753903
20230510,600602,2,True,True,1,True,False,1,YELLOW,291.510009765625,82.83000183105469
20230510,600603,2,True,True,0,False,False,0,OK,500.0,16.739999771118164
20230510,600604,1,False,True,1,True,False,1,WEAK,-500.0,-27.11000061035156
20230510,600605,2,True,True,1,True,False,1,YELLOW,-23.940000534057617,97.27999877929688
20230510,600606,0,False,False,1,True,False,1,YELLOW,-70.30999755859375,-82.98999786376953
20230510,600609,2,True,True,1,True,False,1,YELLOW,50.18000030517578,-21.530000686645508
20230510,600610,0,False,False,1,True,False,1,WEAK,-228.16000366210935,9.18000030517578
20230510,600611,1,True,False,1,True,False,1,WEAK,225.8000030517578,14.510000228881836
20230510,600612,2,True,True,1,True,False,1,YELLOW,43.9900016784668,13.81999969482422
20230510,600613,2,True,True,0,False,False,0,WEAK,9.079999923706056,1.1100000143051147
20230510,600615,1,False,True,1,True,False,1,WEAK,36.099998474121094,113.7300033569336
20230510,600616,0,False,False,1,True,False,1,OK,-42.52000045776367,110.83000183105467
20230510,600617,1,False,True,1,True,False,1,WEAK,-8.930000305175781,-3.3299999237060547
20230510,600618,0,False,False,1,True,False,1,WEAK,-63.939998626708984,29.59000015258789
20230510,600619,1,False,True,1,True,False,1,WEAK,-65.25,53.31999969482422
20230510,600620,2,True,True,1,True,False,1,WEAK,10.279999732971191,-238.57000732421875
20230510,600621,2,True,True,1,False,True,0,WEAK,-10.479999542236328,-31.399999618530273
20230510,600622,0,False,False,0,False,False,0,WEAK,-500.0,-500.0
20230510,600623,0,False,False,1,True,False,1,WEAK,-50.02000045776367,464.4299926757813
20230510,600626,0,False,False,1,True,False,1,WEAK,-91.8000030517578,89.16999816894531
20230510,600628,1,True,False,1,True,False,1,WEAK,174.0,19.260000228881836
20230510,600629,2,True,True,2,True,True,1,YELLOW,3.069999933242798,1.9700000286102295
20230510,600630,1,True,False,0,False,False,0,YELLOW,85.9000015258789,27.1299991607666
20230510,600633,2,True,True,2,True,True,1,WEAK,19.81999969482422,-57.5099983215332
20230510,600635,1,True,False,1,True,False,1,YELLOW,500.0,-89.08000183105469
20230510,600637,1,True,False,1,False,True,0,YELLOW,323.82000732421875,-46.27000045776367
20230510,600638,1,False,True,1,True,False,1,WEAK,231.6499938964844,-76.12000274658203
20230510,600639,1,True,False,1,True,False,1,OK,58.650001525878906,-83.37999725341797
20230510,600640,0,False,False,2,True,True,1,YELLOW,74.81999969482422,110.29000091552734
20230510,600641,1,False,True,1,True,False,1,WEAK,41.27000045776367,0.7200000286102295
20230510,600642,2,True,True,1,True,False,1,YELLOW,119.25,86.62999725341797
20230510,600643,0,False,False,1,False,True,0,YELLOW,-52.220001220703125,22.479999542236328
20230510,600644,0,False,False,0,False,False,0,WEAK,-35.7599983215332,33.0099983215332
20230510,600645,1,True,False,1,True,False,1,OK,27.270000457763672,5.239999771118164
20230510,600648,1,False,True,1,True,False,1,OK,-3.119999885559082,245.4900054931641
20230510,600649,1,True,False,1,True,False,1,WEAK,500.0,-79.08000183105469
20230510,600650,1,True,False,0,False,False,0,WEAK,207.7899932861328,112.52999877929688
20230510,600651,1,True,False,1,True,False,1,WEAK,97.91999816894533,38.34000015258789
20230510,600653,0,False,False,1,True,False,1,WEAK,-113.2300033569336,-3.640000104904175
20230510,600654,2,True,True,1,True,False,1,WEAK,94.4800033569336,-45.38999938964844
20230510,600655,2,True,True,1,True,False,1,WEAK,-142.5,-70.47000122070312
20230510,600657,0,False,False,0,False,False,0,YELLOW,-100.62999725341795,-98.45999908447266
20230510,600658,2,True,True,1,True,False,1,WEAK,-106.91000366210938,-54.0
20230510,600660,2,True,True,0,False,False,0,WEAK,6.480000019073486,72.88999938964844
20230510,600661,1,False,True,0,False,False,0,WEAK,28.63999938964844,146.19000244140625
20230510,600662,2,True,True,1,True,False,1,WEAK,1.7799999713897705,0.75
20230510,600663,1,False,True,1,True,False,1,WEAK,-28.899999618530273,0.1899999976158142
20230510,600664,2,True,True,1,True,False,1,YELLOW,98.54000091552734,43.11000061035156
20230510,600665,1,True,False,1,True,False,1,YELLOW,-89.94999694824219,-500.0
20230510,600666,2,True,True,1,True,False,1,WEAK,63.279998779296875,-42.349998474121094
20230510,600667,1,False,True,2,True,True,1,YELLOW,217.8300018310547,-10.710000038146973
20230510,600668,1,True,False,1,True,False,1,WEAK,-17.690000534057617,-131.47999572753906
20230510,600671,1,False,True,0,False,False,0,WEAK,23.1299991607666,-37.470001220703125
20230510,600673,0,False,False,0,False,False,0,WEAK,-135.77999877929688,3.940000057220459
20230510,600674,1,True,False,1,True,False,1,OK,32.529998779296875,11.880000114440918
20230510,600675,1,False,True,0,False,False,0,WEAK,170.82000732421875,31.520000457763672
20230510,600676,0,False,False,1,True,False,1,WEAK,55.040000915527344,-48.36000061035156
20230510,600679,1,False,True,1,True,False,1,YELLOW,-56.5,124.29000091552734
20230510,600681,1,False,True,1,True,False,1,WEAK,-24.959999084472656,-23.549999237060547
20230510,600682,1,False,True,0,False,False,0,WEAK,-33.97999954223633,-27.11000061035156
20230510,600683,1,True,False,1,True,False,1,YELLOW,-69.48999786376953,-177.9499969482422
20230510,600684,1,True,False,0,False,False,0,WEAK,90.66999816894533,110.61000061035156
20230510,600685,2,True,True,1,True,False,1,WEAK,-115.01000213623048,179.6199951171875
20230510,600686,1,False,True,1,True,False,1,YELLOW,77.45999908447266,26.68000030517578
20230510,600688,0,False,False,1,True,False,1,WEAK,64.44000244140625,161.69000244140625
20230510,600689,2,True,True,1,True,False,1,YELLOW,500.0,180.41000366210935
20230510,600690,1,True,False,0,False,False,0,OK,13.359999656677246,25.40999984741211
20230510,600691,0,False,False,1,True,False,1,YELLOW,-269.19000244140625,-500.0
20230510,600692,0,False,False,0,False,False,0,WEAK,-312.2799987792969,33.40999984741211
20230510,600693,1,True,False,0,False,False,0,OK,0.3499999940395355,18.09000015258789
20230510,600694,0,False,False,1,True,False,1,OK,9.029999732971191,21.209999084472656
20230510,600697,1,True,False,1,True,False,1,OK,101.8000030517578,-35.97999954223633
20230510,600698,2,True,True,1,True,False,1,YELLOW,-19.209999084472656,-463.239990234375
20230510,600699,2,True,True,1,True,False,1,YELLOW,165.02000427246094,134.17999267578125
20230510,600702,2,True,True,0,False,False,0,OK,8.420000076293945,-2.5399999618530273
20230510,600703,0,False,False,1,True,False,1,WEAK,-500.0,82.16000366210938
20230510,600704,0,False,False,1,True,False,1,YELLOW,-6.46999979019165,-2.8299999237060547
20230510,600706,1,True,False,1,True,False,1,WEAK,134.8800048828125,-85.0199966430664
20230510,600707,1,True,False,1,True,False,1,WEAK,108.58000183105467,152.3300018310547
20230510,600708,2,True,True,1,True,False,1,YELLOW,-179.16000366210938,-500.0
20230510,600710,1,True,False,1,True,False,1,YELLOW,2.740000009536743,5.0
20230510,600711,1,False,True,0,False,False,0,YELLOW,-66.2300033569336,500.0
20230510,600712,0,False,False,1,True,False,1,WEAK,39.5,29.239999771118164
20230510,600713,2,True,True,1,True,False,1,YELLOW,-5.730000019073486,3.240000009536743
20230510,600714,0,False,False,0,False,False,0,WEAK,-86.91000366210938,17.290000915527344
20230510,600715,1,True,False,1,False,True,0,WEAK,50.349998474121094,22.020000457763672
20230510,600716,1,False,True,0,False,False,0,YELLOW,-69.37000274658203,-141.02999877929688
20230510,600717,1,True,False,1,True,False,1,YELLOW,44.380001068115234,11.289999961853027
20230510,600718,1,True,False,1,True,False,1,YELLOW,323.57000732421875,67.72000122070312
20230510,600719,1,False,True,0,False,False,0,WEAK,-249.27000427246097,148.47000122070312
20230510,600720,1,True,False,2,True,True,1,WEAK,-35.540000915527344,500.0
20230510,600721,2,True,True,1,True,False,1,OK,63.439998626708984,224.2400054931641
20230510,600722,1,False,True,1,True,False,1,YELLOW,-29.84000015258789,22.61000061035156
20230510,600724,0,False,False,1,True,False,1,WEAK,-8.020000457763672,-2.950000047683716
20230510,600725,0,False,False,0,False,False,0,YELLOW,-101.51000213623048,-97.5999984741211
20230510,600726,2,True,True,1,True,False,1,WEAK,86.48999786376953,500.0
20230510,600727,0,False,False,0,False,False,0,WEAK,7.190000057220459,500.0
20230510,600728,1,False,True,1,True,False,1,YELLOW,-500.0,-500.0
20230510,600729,1,True,False,1,True,False,1,YELLOW,40.70000076293945,-3.609999895095825
20230510,600731,2,True,True,1,True,False,1,YELLOW,-41.70000076293945,-92.56999969482422
20230510,600732,2,True,True,0,False,False,0,YELLOW,44.220001220703125,-215.5399932861328
20230510,600733,0,False,False,0,False,False,0,WEAK,-7.820000171661377,2.069999933242798
20230510,600736,2,True,True,1,True,False,1,YELLOW,8.449999809265137,98.25
20230510,600737,2,True,True,1,True,False,1,YELLOW,97.12000274658205,44.90999984741211
20230510,600738,1,True,False,0,False,False,0,WEAK,368.4299926757813,10.229999542236328
20230510,600739,1,True,False,1,True,False,1,YELLOW,-47.72999954223633,-72.91000366210938
20230510,600740,0,False,False,0,False,False,0,WEAK,-52.119998931884766,-91.9800033569336
20230510,600741,0,False,False,1,True,False,1,YELLOW,-2.8499999046325684,-7.869999885559082
20230510,600742,1,False,True,1,True,False,1,YELLOW,-9.460000038146973,24.1299991607666
20230510,600743,1,False,True,0,False,False,0,WEAK,-63.900001525878906,-85.61000061035156
20230510,600744,0,False,False,0,False,False,0,WEAK,99.3499984741211,104.11000061035156
20230510,600746,0,False,False,0,False,False,0,WEAK,-121.95999908447266,120.94000244140624
20230510,600748,2,True,True,1,True,False,1,WEAK,194.07000732421875,-217.6300048828125
20230510,600749,1,True,False,1,True,False,1,WEAK,191.55999755859375,-123.12000274658205
20230510,600750,1,True,False,1,True,False,1,OK,24.270000457763672,17.530000686645508
20230510,600751,0,False,False,1,True,False,1,WEAK,-38.29999923706055,154.97999572753906
20230510,600754,1,True,False,0,False,False,0,YELLOW,500.0,-32.43000030517578
20230510,600755,1,False,True,1,True,False,1,YELLOW,-26.81999969482422,-118.19000244140624
20230510,600756,2,True,True,0,False,False,0,WEAK,44.369998931884766,-500.0
20230510,600757,1,True,False,2,True,True,1,OK,13.630000114440918,-32.540000915527344
20230510,600758,2,True,True,1,True,False,1,WEAK,-83.62999725341797,-70.01000213623047
20230510,600760,1,True,False,1,True,False,1,YELLOW,35.34000015258789,12.630000114440918
20230510,600761,1,True,False,1,True,False,1,YELLOW,52.310001373291016,56.470001220703125
20230510,600763,1,True,False,0,False,False,0,WEAK,-0.0900000035762786,4.199999809265137
20230510,600764,2,True,True,1,True,False,1,OK,-56.22999954223633,-117.1999969482422
20230510,600765,1,True,False,0,False,False,0,YELLOW,13.0600004196167,7.289999961853027
20230510,600768,2,True,True,0,False,False,0,WEAK,-13.229999542236328,-64.01000213623047
20230510,600769,2,True,True,1,True,False,1,YELLOW,105.9800033569336,21.809999465942383
20230510,600770,1,True,False,0,False,False,0,WEAK,46.369998931884766,-117.0199966430664
20230510,600771,2,True,True,1,True,False,1,OK,125.33999633789062,399.1799926757813
20230510,600773,1,True,False,0,False,False,0,OK,-28.479999542236328,-277.8299865722656
20230510,600774,2,True,True,1,True,False,1,OK,-24.75,-50.220001220703125
20230510,600775,0,False,False,0,False,False,0,WEAK,-337.9200134277344,-40.7599983215332
20230510,600776,2,True,True,1,True,False,1,YELLOW,-145.91000366210938,-36.619998931884766
20230510,600778,1,True,False,1,True,False,1,WEAK,33.9900016784668,-71.16999816894531
20230510,600779,0,False,False,0,False,False,0,OK,-2.640000104904175,-2.4200000762939453
20230510,600780,0,False,False,1,True,False,1,YELLOW,-23.559999465942383,-44.13999938964844
20230510,600782,0,False,False,1,True,False,1,YELLOW,-82.72000122070312,-500.0
20230510,600783,1,True,False,1,True,False,1,WEAK,-23.329999923706055,-267.5799865722656
20230510,600784,2,True,True,1,True,False,1,YELLOW,19.790000915527344,-6.570000171661377
20230510,600785,2,True,True,1,True,False,1,YELLOW,141.36000061035156,-3.559999942779541
20230510,600787,1,True,False,1,True,False,1,YELLOW,18.530000686645508,-27.09000015258789
20230510,600789,2,True,True,1,True,False,1,YELLOW,200.3800048828125,28.989999771118164
20230510,600790,1,False,True,1,True,False,1,OK,38.63999938964844,-18.1200008392334
20230510,600791,0,False,False,0,False,False,0,WEAK,-236.8699951171875,-38.20000076293945
20230510,600792,1,False,True,0,False,False,0,WEAK,3.7799999713897705,-462.0400085449219
20230510,600793,1,True,False,0,False,False,0,YELLOW,-500.0,-500.0
20230510,600794,1,True,False,0,False,False,0,WEAK,50.779998779296875,28.65999984741211
20230510,600795,1,True,False,1,True,False,1,YELLOW,35.34000015258789,89.80000305175781
20230510,600796,0,False,False,0,False,False,0,YELLOW,12.06999969482422,13.34000015258789
20230510,600797,1,False,True,1,True,False,1,YELLOW,-213.4499969482422,-500.0
20230510,600798,0,False,False,0,False,False,0,WEAK,6.420000076293945,-500.0
20230510,600800,0,False,False,1,True,False,1,WEAK,-50.959999084472656,-61.220001220703125
20230510,600801,0,False,False,0,False,False,0,WEAK,-14.4399995803833,-35.09000015258789
20230510,600802,0,False,False,1,True,False,1,WEAK,-10.34000015258789,15.15999984741211
20230510,600803,1,True,False,1,True,False,1,YELLOW,7.260000228881836,7.46999979019165
20230510,600805,2,True,True,0,False,False,0,WEAK,35.7400016784668,25.209999084472656
20230510,600807,1,True,False,0,False,False,0,OK,-225.4600067138672,-271.8900146484375
20230510,600808,0,False,False,0,False,False,0,WEAK,-462.4100036621094,22.25
20230510,600809,1,True,False,0,False,False,0,OK,32.75,30.079999923706055
20230510,600810,1,False,True,1,True,False,1,WEAK,-89.61000061035156,196.13999938964844
20230510,600812,0,False,False,1,True,False,1,OK,-234.1699981689453,290.3500061035156
20230510,600814,2,True,True,1,True,False,1,OK,12.380000114440918,3.0
20230510,600815,0,False,False,1,True,False,1,WEAK,27.6200008392334,39.31999969482422
20230510,600816,2,True,True,1,False,True,0,WEAK,108.06999969482422,469.4800109863281
20230510,600817,0,False,False,0,False,False,0,YELLOW,-64.80999755859375,4.119999885559082
20230510,600819,0,False,False,0,False,False,0,WEAK,-214.47000122070312,107.45999908447266
20230510,600820,1,True,False,2,True,True,1,YELLOW,9.829999923706056,10.1899995803833
20230510,600821,2,True,True,0,False,False,0,OK,11.210000038146973,5.460000038146973
20230510,600822,2,True,True,1,True,False,1,YELLOW,83.37000274658203,-56.68000030517578
20230510,600824,2,True,True,1,True,False,1,WEAK,329.80999755859375,9.609999656677246
20230510,600825,1,False,True,2,True,True,1,YELLOW,-64.7699966430664,-235.6499938964844
20230510,600826,1,True,False,1,True,False,1,WEAK,500.0,89.43000030517578
20230510,600827,1,True,False,1,True,False,1,YELLOW,222.97999572753903,-16.170000076293945
20230510,600828,1,True,False,1,True,False,1,OK,51.97999954223633,23.1200008392334
20230510,600829,2,True,True,1,True,False,1,YELLOW,22.549999237060547,8.800000190734863
20230510,600830,1,False,True,2,True,True,1,WEAK,17.350000381469727,282.9100036621094
20230510,600831,1,False,True,1,False,True,0,OK,-356.1400146484375,-500.0
20230510,600833,2,True,True,1,True,False,1,YELLOW,-64.69000244140625,-43.54999923706055
20230510,600834,0,False,False,1,True,False,1,YELLOW,3.75,-22.25
20230510,600835,2,True,True,1,True,False,1,YELLOW,2.109999895095825,0.75
20230510,600838,2,True,True,1,True,False,1,YELLOW,52.439998626708984,-35.90999984741211
20230510,600839,1,True,False,1,True,False,1,YELLOW,367.4700012207031,49.810001373291016
20230510,600841,0,False,False,0,False,False,0,WEAK,-55.22999954223633,41.79999923706055
20230510,600843,1,False,True,1,True,False,1,YELLOW,-46.04999923706055,-45.45000076293945
20230510,600844,0,False,False,1,True,False,1,WEAK,-289.9200134277344,-22.31999969482422
20230510,600845,1,True,False,1,True,False,1,YELLOW,22.479999542236328,20.309999465942383
20230510,600846,1,True,False,2,True,True,1,YELLOW,33.83000183105469,0.2000000029802322
20230510,600847,1,True,False,0,False,False,0,WEAK,46.7599983215332,-55.779998779296875
20230510,600848,1,False,True,1,True,False,1,OK,-30.950000762939453,13.829999923706056
20230510,600850,1,False,True,0,False,False,0,YELLOW,-8.3100004196167,2.0799999237060547
20230510,600851,2,True,True,1,True,False,1,OK,-22.100000381469727,17.690000534057617
20230510,600853,1,False,True,2,True,True,1,YELLOW,9.880000114440918,9.989999771118164
20230510,600854,0,False,False,1,True,False,1,WEAK,21.899999618530273,-97.62000274658205
20230510,600855,1,False,True,1,True,False,1,WEAK,-76.61000061035156,5.28000020980835
20230510,600857,1,True,False,0,False,False,0,YELLOW,-5.840000152587891,-42.060001373291016
20230510,600858,1,True,False,1,True,False,1,OK,26.729999542236328,-8.65999984741211
20230510,600859,1,True,False,0,False,False,0,OK,144.7100067138672,-13.720000267028809
20230510,600860,1,False,True,0,False,False,0,WEAK,-500.0,40.77000045776367
20230510,600861,0,False,False,1,True,False,1,WEAK,221.44000244140625,500.0
20230510,600862,1,True,False,0,False,False,0,OK,22.040000915527344,7.760000228881836
20230510,600863,2,True,True,1,True,False,1,YELLOW,40.31999969482422,0.9100000262260436
20230510,600864,1,True,False,2,True,True,1,WEAK,91.44000244140624,-18.81999969482422
20230510,600865,1,True,False,1,True,False,1,OK,18.8799991607666,-14.890000343322754
20230510,600866,2,True,True,0,False,False,0,WEAK,354.0400085449219,110.94000244140624
20230510,600867,0,False,False,1,True,False,1,WEAK,14.539999961853027,-13.010000228881836
20230510,600868,1,True,False,1,True,False,1,OK,-35.060001373291016,-222.52000427246097
20230510,600869,2,True,True,1,True,False,1,YELLOW,-7.53000020980835,-94.4800033569336
20230510,600871,2,True,True,1,True,False,1,YELLOW,108.61000061035156,-17.170000076293945
20230510,600872,0,False,False,1,True,False,1,YELLOW,14.779999732971191,63.90999984741211
20230510,600873,1,False,True,1,True,False,1,YELLOW,-37.9900016784668,-19.010000228881836
20230510,600874,2,True,True,0,False,False,0,YELLOW,3.609999895095825,23.1299991607666
20230510,600875,2,True,True,1,True,False,1,YELLOW,25.959999084472656,10.609999656677246
20230510,600876,1,False,True,0,False,False,0,WEAK,274.2699890136719,-419.3699951171875
20230510,600877,1,False,True,1,True,False,1,OK,-4.929999828338623,7.940000057220459
20230510,600879,1,True,False,1,True,False,1,YELLOW,0.1500000059604644,-29.56999969482422
20230510,600880,0,False,False,1,True,False,1,YELLOW,3.5,8.529999732971191
20230510,600881,2,True,True,1,True,False,1,WEAK,-33.959999084472656,-49.810001373291016
20230510,600882,0,False,False,0,False,False,0,WEAK,-102.16000366210938,426.3399963378906
20230510,600883,2,True,True,1,True,False,1,WEAK,-9.890000343322754,-27.88999938964844
20230510,600884,0,False,False,0,False,False,0,YELLOW,-66.23999786376953,-144.07000732421875
20230510,600885,1,True,False,1,True,False,1,OK,10.300000190734863,15.989999771118164
20230510,600886,2,True,True,1,True,False,1,OK,49.68000030517578,26.100000381469727
20230510,600887,1,True,False,1,True,False,1,OK,11.510000228881836,12.390000343322754
20230510,600888,1,True,False,1,True,False,1,YELLOW,-14.380000114440918,-21.809999465942383
20230510,600893,0,False,False,1,True,False,1,YELLOW,32.77000045776367,444.8200073242187
20230510,600894,1,False,True,1,True,False,1,YELLOW,3.299999952316284,20.459999084472656
20230510,600895,2,True,True,1,True,False,1,WEAK,1.6200000047683716,-40.310001373291016
20230510,600897,1,True,False,1,True,False,1,WEAK,500.0,58.209999084472656
20230510,600900,2,True,True,1,True,False,1,OK,12.84000015258789,11.449999809265137
20230510,600901,2,True,True,2,True,True,1,WEAK,11.739999771118164,3.609999895095825
20230510,600903,2,True,True,1,True,False,1,WEAK,236.67999267578125,16.0
20230510,600905,2,True,True,0,False,False,0,OK,-13.100000381469728,1.2799999713897705
20230510,600906,1,True,False,1,False,True,0,WEAK,49.439998626708984,-43.560001373291016
20230510,600908,2,True,True,1,False,True,0,WEAK,17.40999984741211,11.15999984741211
20230510,600909,2,True,True,1,False,True,0,WEAK,-0.5600000023841858,-21.81999969482422
20230510,600916,2,True,True,1,True,False,1,YELLOW,15.359999656677246,33.209999084472656
20230510,600917,0,False,False,0,False,False,0,WEAK,-32.349998474121094,-0.6100000143051147
20230510,600918,2,True,True,2,True,True,1,WEAK,33.029998779296875,-34.83000183105469
20230510,600919,2,True,True,1,False,True,0,WEAK,25.040000915527344,10.300000190734863
20230510,600925,0,False,False,0,,False,-1,YELLOW,0.0,-47.790000915527344
20230510,600926,2,True,True,1,False,True,0,WEAK,25.200000762939453,21.739999771118164
20230510,600927,2,True,True,1,False,True,0,WEAK,15.630000114440918,-63.650001525878906
20230510,600928,2,True,True,2,True,True,1,WEAK,6.829999923706055,3.839999914169311
20230510,600929,1,True,False,1,True,False,1,YELLOW,-25.3700008392334,-24.850000381469727
20230510,600933,2,True,True,0,False,False,0,YELLOW,48.130001068115234,44.86000061035156
20230510,600935,1,False,True,0,False,False,0,WEAK,-114.22000122070312,-500.0
20230510,600936,1,True,False,1,False,True,0,WEAK,-11.6899995803833,-42.189998626708984
20230510,600938,1,False,True,1,True,False,1,YELLOW,-10.789999961853027,25.479999542236328
20230510,600939,0,False,False,2,True,True,1,YELLOW,-17.579999923706055,-58.36000061035156
20230510,600941,1,True,False,1,True,False,1,YELLOW,5.320000171661377,8.300000190734863
20230510,600955,1,False,True,0,False,False,0,WEAK,-83.86000061035156,-11.170000076293944
20230510,600956,0,False,False,0,False,False,0,WEAK,-10.640000343322754,0.9800000190734864
20230510,600958,2,True,True,2,True,True,1,WEAK,48.45000076293945,-38.130001068115234
20230510,600959,0,False,False,1,False,True,0,YELLOW,8.5,-11.020000457763672
20230510,600960,2,True,True,1,True,False,1,WEAK,-68.11000061035156,-500.0
20230510,600961,2,True,True,1,True,False,1,YELLOW,404.05999755859375,3.0
20230510,600962,2,True,True,0,False,False,0,YELLOW,105.12999725341795,41.619998931884766
20230510,600963,1,False,True,1,True,False,1,YELLOW,-85.04000091552734,-164.8000030517578
20230510,600966,0,False,False,0,False,False,0,WEAK,-134.64999389648438,117.29000091552734
20230510,600967,1,True,False,1,True,False,1,YELLOW,1.2000000476837158,-22.8700008392334
20230510,600968,2,True,True,1,True,False,1,YELLOW,20.600000381469727,31.079999923706055
20230510,600969,1,True,False,0,False,False,0,WEAK,-500.0,-401.0299987792969
20230510,600970,1,True,False,2,True,True,1,YELLOW,26.809999465942383,12.350000381469728
20230510,600971,2,True,True,1,True,False,1,YELLOW,0.5299999713897705,-27.559999465942383
20230510,600973,1,True,False,1,True,False,1,YELLOW,500.0,-46.54999923706055
20230510,600975,1,False,True,1,True,False,1,WEAK,-233.1499938964844,-13.979999542236328
20230510,600976,2,True,True,1,True,False,1,OK,22.09000015258789,0.050000000745058
20230510,600977,1,True,False,2,True,True,1,WEAK,500.0,-49.34000015258789
20230510,600979,0,False,False,0,False,False,0,WEAK,1.6799999475479126,500.0
20230510,600980,2,True,True,1,True,False,1,YELLOW,53.400001525878906,-8.880000114440918
20230510,600981,1,False,True,1,True,False,1,YELLOW,60.81999969482422,3.2799999713897705
20230510,600982,0,False,False,0,False,False,0,WEAK,-24.489999771118164,79.58000183105469
20230510,600983,1,True,False,1,True,False,1,YELLOW,500.0,497.3999938964844
20230510,600984,0,False,False,0,False,False,0,WEAK,-500.0,-71.51000213623047
20230510,600985,2,True,True,1,True,False,1,YELLOW,-8.670000076293945,-24.56999969482422
20230510,600986,1,True,False,2,True,True,1,YELLOW,0.0,-34.61000061035156
20230510,600987,1,True,False,1,True,False,1,YELLOW,11.010000228881836,12.470000267028809
20230510,600988,1,False,True,0,False,False,0,OK,33.4900016784668,55.79999923706055
20230510,600989,1,False,True,1,True,False,1,WEAK,-27.86000061035156,15.789999961853027
20230510,600990,2,True,True,1,True,False,1,WEAK,-24.770000457763672,63.189998626708984
20230510,600992,2,True,True,0,False,False,0,YELLOW,322.1000061035156,-11.399999618530272
20230510,600993,2,True,True,1,True,False,1,OK,-12.829999923706056,35.66999816894531
20230510,600995,2,True,True,0,False,False,0,WEAK,500.0,-23.6200008392334
20230510,600996,1,False,True,1,False,True,0,WEAK,-66.30999755859375,-500.0
20230510,600997,0,False,False,1,True,False,1,WEAK,-41.529998779296875,-50.720001220703125
20230510,600998,2,True,True,1,True,False,1,YELLOW,14.010000228881836,-9.010000228881836
20230510,600999,1,True,False,2,True,True,1,WEAK,1.5,-3.859999895095825
20230510,601000,2,True,True,1,True,False,1,OK,21.90999984741211,5.039999961853027
20230510,601001,1,False,True,0,False,False,0,YELLOW,-37.88999938964844,10.260000228881836
20230510,601002,0,False,False,1,True,False,1,WEAK,-106.98999786376952,-226.3300018310547
20230510,601003,2,True,True,1,True,False,1,WEAK,75.76000213623047,-81.33000183105469
20230510,601005,0,False,False,0,False,False,0,WEAK,-113.0199966430664,-194.1699981689453
20230510,601006,2,True,True,1,True,False,1,YELLOW,4.0,-16.850000381469727
20230510,601007,1,True,False,0,False,False,0,WEAK,249.2400054931641,-1.100000023841858
20230510,601008,2,True,True,0,False,False,0,YELLOW,11.260000228881836,46.59000015258789
20230510,601009,2,True,True,1,False,True,0,WEAK,0.6100000143051147,7.829999923706055
20230510,601011,1,False,True,1,True,False,1,YELLOW,-125.98999786376952,-447.4599914550781
20230510,601012,2,True,True,0,False,False,0,WEAK,8.069999694824219,-167.3699951171875
20230510,601015,1,False,True,0,False,False,0,WEAK,-206.77999877929688,-500.0
20230510,601016,1,False,True,0,False,False,0,OK,-9.609999656677246,11.979999542236328
20230510,601018,1,False,True,1,True,False,1,YELLOW,-3.930000066757202,24.09000015258789
20230510,601019,0,False,False,2,True,True,1,OK,14.199999809265137,15.800000190734863
20230510,601020,2,True,True,0,False,False,0,OK,-12.609999656677246,95.41999816894533
20230510,601021,2,True,True,0,False,False,0,WEAK,240.19000244140625,137.82000732421875
20230510,601022,1,False,True,0,,False,-1,YELLOW,-35.70000076293945,24.229999542236328
20230510,601038,2,True,True,1,True,False,1,YELLOW,12.949999809265137,24.38999938964844
20230510,601058,2,True,True,1,True,False,1,YELLOW,94.12000274658205,176.5399932861328
20230510,601059,0,False,False,1,,True,-1,WEAK,0.0,-14.920000076293944
20230510,601066,2,True,True,2,True,True,1,WEAK,-0.5299999713897705,-50.36000061035156
20230510,601068,0,False,False,2,True,True,1,YELLOW,-500.0,500.0
20230510,601069,1,True,False,1,True,False,1,WEAK,29.6299991607666,197.22999572753903
20230510,601077,2,True,True,2,True,True,1,WEAK,6.409999847412109,-10.300000190734863
20230510,601086,2,True,True,1,True,False,1,OK,154.9199981689453,-34.52000045776367
20230510,601088,1,False,True,1,True,False,1,YELLOW,-18.13999938964844,-11.170000076293944
20230510,601089,2,True,True,1,True,False,1,OK,20.100000381469727,11.859999656677246
20230510,601098,2,True,True,2,True,True,1,OK,5.110000133514404,-24.540000915527344
20230510,601099,2,True,True,1,False,True,0,WEAK,468.0899963378906,-77.47000122070312
20230510,601100,2,True,True,0,False,False,0,OK,0.3499999940395355,-2.299999952316284
20230510,601101,2,True,True,0,False,False,0,WEAK,-37.029998779296875,5.050000190734863
20230510,601106,1,False,True,1,True,False,1,YELLOW,-119.5199966430664,-500.0
20230510,601107,1,True,False,1,True,False,1,WEAK,68.30000305175781,-8.65999984741211
20230510,601108,2,True,True,1,False,True,0,WEAK,37.04999923706055,-2.809999942779541
20230510,601111,2,True,True,0,False,False,0,WEAK,96.91000366210938,43.22999954223633
20230510,601113,1,True,False,1,True,False,1,WEAK,154.57000732421875,500.0
20230510,601116,1,True,False,1,True,False,1,YELLOW,2.049999952316284,12.579999923706056
20230510,601117,1,True,False,2,True,True,1,YELLOW,2.7200000286102295,3.700000047683716
20230510,601118,1,False,True,1,True,False,1,WEAK,-70.31999969482422,-5.349999904632568
20230510,601121,0,False,False,0,,False,-1,OK,0.0,18.479999542236328
20230510,601126,2,True,True,1,True,False,1,YELLOW,21.81999969482422,23.469999313354492
20230510,601127,0,False,False,0,False,False,0,WEAK,-5.239999771118164,112.37999725341795
20230510,601128,1,True,False,1,False,True,0,WEAK,21.0,20.649999618530273
20230510,601136,0,False,False,1,,True,-1,WEAK,0.0,24.65999984741211
20230510,601137,2,True,True,0,False,False,0,YELLOW,98.06999969482422,44.33000183105469
20230510,601138,2,True,True,1,True,False,1,YELLOW,19.260000228881836,33.220001220703125
20230510,601139,2,True,True,1,True,False,1,WEAK,28.510000228881836,15.869999885559082
20230510,601155,1,True,False,0,False,False,0,YELLOW,-29.420000076293945,-46.279998779296875
20230510,601156,0,False,False,0,False,False,0,YELLOW,-46.86000061035156,-19.829999923706055
20230510,601158,0,False,False,1,True,False,1,WEAK,-14.289999961853027,-44.59000015258789
20230510,601162,1,True,False,2,True,True,1,WEAK,500.0,-182.1000061035156
20230510,601163,1,True,False,1,True,False,1,YELLOW,174.5500030517578,34.470001220703125
20230510,601166,0,False,False,1,False,True,0,WEAK,-9.869999885559082,-3.430000066757202
20230510,601168,0,False,False,1,True,False,1,YELLOW,-0.8600000143051147,6.659999847412109
20230510,601169,1,True,False,2,True,True,1,WEAK,5.150000095367432,4.690000057220459
20230510,601177,1,True,False,1,True,False,1,YELLOW,27.90999984741211,-23.309999465942383
20230510,601179,2,True,True,1,True,False,1,YELLOW,16.649999618530273,9.079999923706056
20230510,601186,1,True,False,2,True,True,1,YELLOW,3.0999999046325684,1.9900000095367432
20230510,601187,1,True,False,1,False,True,0,WEAK,14.34000015258789,4.300000190734863
20230510,601188,1,True,False,1,True,False,1,WEAK,16.959999084472656,-21.010000228881836
20230510,601198,2,True,True,1,False,True,0,WEAK,23.1200008392334,36.720001220703125
20230510,601199,1,True,False,1,True,False,1,WEAK,24.38999938964844,14.600000381469728
20230510,601200,0,False,False,1,True,False,1,YELLOW,6.380000114440918,-6.489999771118164
20230510,601208,1,False,True,1,True,False,1,YELLOW,-6.579999923706055,-36.540000915527344
20230510,601211,2,True,True,2,True,True,1,WEAK,1.0099999904632568,-25.459999084472656
20230510,601212,1,False,True,1,True,False,1,WEAK,82.48999786376953,-12.43000030517578
20230510,601216,1,False,True,1,True,False,1,WEAK,-22.63999938964844,-4.659999847412109
20230510,601218,1,False,True,1,True,False,1,YELLOW,1.3700000047683716,21.63999938964844
20230510,601222,2,True,True,0,False,False,0,OK,14.449999809265137,8.710000038146973
20230510,601225,1,False,True,1,True,False,1,YELLOW,-15.6899995803833,-26.329999923706055
20230510,601226,1,True,False,2,True,True,1,WEAK,-53.15999984741211,9.199999809265137
20230510,601228,1,True,False,1,True,False,1,YELLOW,-5.96999979019165,-3.990000009536743
20230510,601229,2,True,True,2,True,True,1,WEAK,0.050000000745058,4.050000190734863
20230510,601231,1,False,True,0,False,False,0,YELLOW,-41.75,30.459999084472656
20230510,601233,1,False,True,0,False,False,0,WEAK,-61.56999969482422,203.02000427246097
20230510,601236,2,True,True,1,False,True,0,WEAK,500.0,-46.27000045776367
20230510,601238,1,False,True,1,True,False,1,YELLOW,-47.939998626708984,-52.08000183105469
20230510,601279,2,True,True,1,True,False,1,WEAK,500.0,221.16000366210935
20230510,601288,1,True,False,2,True,True,1,WEAK,4.590000152587891,-1.5499999523162842
20230510,601298,2,True,True,1,True,False,1,OK,11.68000030517578,5.329999923706055
20230510,601311,1,False,True,1,True,False,1,WEAK,18.93000030517578,35.439998626708984
20230510,601318,1,True,False,2,True,True,1,WEAK,14.710000038146973,-4.380000114440918
20230510,601319,1,True,False,2,True,True,1,WEAK,-12.489999771118164,-23.459999084472656
20230510,601326,1,True,False,1,True,False,1,OK,15.9399995803833,10.220000267028809
20230510,601328,2,True,True,2,True,True,1,WEAK,1.830000042915344,1.75
20230510,601330,0,False,False,1,True,False,1,WEAK,-9.9399995803833,-18.06999969482422
20230510,601333,2,True,True,1,True,False,1,YELLOW,197.44000244140625,35.04999923706055
20230510,601336,1,True,False,2,True,True,1,WEAK,83.94000244140625,-28.3799991607666
20230510,601339,0,False,False,0,False,False,0,YELLOW,-89.19000244140625,-109.76000213623048
20230510,601360,1,False,True,1,True,False,1,WEAK,75.31999969482422,-70.69000244140625
20230510,601366,1,True,False,0,False,False,0,OK,-30.43000030517578,89.66000366210938
20230510,601368,0,False,False,1,True,False,1,OK,-17.850000381469727,-44.72999954223633
20230510,601369,0,False,False,0,False,False,0,YELLOW,-6.820000171661377,-9.770000457763672
20230510,601375,1,True,False,2,True,True,1,WEAK,124.1500015258789,98.48999786376952
20230510,601377,2,True,True,1,False,True,0,WEAK,-10.890000343322754,-61.209999084472656
20230510,601388,1,False,True,0,False,False,0,WEAK,-52.959999084472656,-57.43000030517578
20230510,601390,1,True,False,2,True,True,1,YELLOW,6.789999961853027,-3.299999952316284
20230510,601398,0,False,False,2,True,True,1,WEAK,1.1799999475479126,-2.440000057220459
20230510,601399,2,True,True,1,True,False,1,YELLOW,28.040000915527344,14.529999732971191
20230510,601456,2,True,True,1,False,True,0,WEAK,3.8299999237060542,-211.91000366210935
20230510,601500,1,True,False,1,True,False,1,YELLOW,500.0,500.0
20230510,601512,0,False,False,1,True,False,1,WEAK,-8.039999961853027,14.75
20230510,601515,2,True,True,1,True,False,1,YELLOW,-60.68000030517578,-98.58000183105467
20230510,601518,1,True,False,1,True,False,1,OK,24.290000915527344,-1.440000057220459
20230510,601519,2,True,True,1,True,False,1,WEAK,-15.729999542236328,-93.1999969482422
20230510,601528,1,True,False,2,True,True,1,WEAK,11.020000457763672,16.56999969482422
20230510,601555,2,True,True,2,True,True,1,WEAK,45.189998626708984,-20.56999969482422
20230510,601566,1,False,True,1,True,False,1,OK,174.1999969482422,95.43000030517578
20230510,601567,2,True,True,1,True,False,1,YELLOW,57.13999938964844,41.2400016784668
20230510,601568,1,False,True,1,True,False,1,WEAK,-68.98999786376953,-91.6999969482422
20230510,601577,1,True,False,2,True,True,1,WEAK,10.18000030517578,3.2799999713897705
20230510,601579,2,True,True,0,False,False,0,OK,11.18000030517578,5.809999942779541
20230510,601588,0,False,False,1,True,False,1,WEAK,94.19000244140624,-500.0
20230510,601595,2,True,True,2,True,True,1,WEAK,136.89999389648438,20.829999923706055
20230510,601598,0,False,False,1,True,False,1,YELLOW,-13.899999618530272,-14.789999961853027
20230510,601599,2,True,True,1,True,False,1,YELLOW,36.869998931884766,-3.9200000762939458
20230510,601600,1,True,False,1,True,False,1,YELLOW,10.760000228881836,35.61000061035156
20230510,601601,1,True,False,2,True,True,1,WEAK,13.869999885559082,1.4600000381469729
20230510,601606,1,True,False,1,True,False,1,WEAK,77.97000122070312,-17.670000076293945
20230510,601607,2,True,True,1,True,False,1,YELLOW,-10.640000343322754,1.2999999523162842
20230510,601608,1,False,True,1,True,False,1,WEAK,101.83000183105467,96.41000366210938
20230510,601609,1,False,True,1,True,False,1,YELLOW,52.040000915527344,500.0
20230510,601611,1,True,False,2,True,True,1,YELLOW,11.529999732971191,7.960000038146973
20230510,601615,1,False,True,0,False,False,0,WEAK,-67.33000183105469,200.38999938964844
20230510,601616,0,False,False,1,True,False,1,OK,-84.41999816894531,500.0
20230510,601618,1,True,False,2,True,True,1,YELLOW,20.36000061035156,-18.75
20230510,601619,2,True,True,1,True,False,1,OK,91.41000366210938,-22.739999771118164
20230510,601628,2,True,True,2,True,True,1,WEAK,-47.560001373291016,15.579999923706056
20230510,601633,0,False,False,1,True,False,1,YELLOW,-12.270000457763672,500.0
20230510,601636,1,False,True,0,False,False,0,WEAK,-0.9399999976158142,500.0
20230510,601658,1,True,False,2,True,True,1,WEAK,2.5899999141693115,-1.7300000190734863
20230510,601665,2,True,True,1,False,True,0,WEAK,13.390000343322754,17.989999771118164
20230510,601666,1,False,True,0,False,False,0,YELLOW,-36.47999954223633,-26.1200008392334
20230510,601668,1,True,False,2,True,True,1,YELLOW,3.4200000762939453,1.1299999952316284
20230510,601669,1,True,False,2,True,True,1,YELLOW,32.290000915527344,1.3200000524520874
20230510,601677,0,False,False,0,False,False,0,YELLOW,-13.369999885559082,-3.390000104904175
20230510,601678,1,False,True,1,True,False,1,WEAK,-72.75,-56.189998626708984
20230510,601686,1,True,False,1,True,False,1,YELLOW,500.0,-106.0199966430664
20230510,601688,1,True,False,2,True,True,1,WEAK,27.86000061035156,-29.149999618530273
20230510,601689,1,True,False,0,False,False,0,YELLOW,27.829999923706055,41.790000915527344
20230510,601696,2,True,True,2,True,True,1,WEAK,4.110000133514404,-18.770000457763672
20230510,601698,2,True,True,1,True,False,1,OK,-17.559999465942383,-17.6200008392334
20230510,601699,2,True,True,1,True,False,1,WEAK,-21.670000076293945,-61.72999954223633
20230510,601700,0,False,False,1,True,False,1,YELLOW,34.119998931884766,500.0
20230510,601702,2,True,True,0,False,False,0,YELLOW,28.479999542236328,51.45000076293945
20230510,601717,2,True,True,1,True,False,1,YELLOW,32.18000030517578,40.65999984741211
20230510,601727,1,True,False,1,True,False,1,YELLOW,101.8000030517578,-157.77999877929688
20230510,601728,1,True,False,1,True,False,1,YELLOW,10.670000076293944,5.400000095367432
20230510,601766,1,True,False,1,True,False,1,YELLOW,17.200000762939453,228.0800018310547
20230510,601777,1,False,True,0,False,False,0,WEAK,-47.599998474121094,-64.44000244140625
20230510,601778,1,False,True,0,False,False,0,OK,41.91999816894531,-41.77000045776367
20230510,601788,2,True,True,2,True,True,1,WEAK,-38.529998779296875,-19.40999984741211
20230510,601789,2,True,True,1,False,True,0,YELLOW,25.56999969482422,-22.600000381469727
20230510,601798,2,True,True,1,True,False,1,WEAK,2.75,46.04999923706055
20230510,601799,0,False,False,0,False,False,0,YELLOW,-1.4500000476837158,34.560001373291016
20230510,601800,1,True,False,2,True,True,1,YELLOW,22.190000534057617,12.140000343322754
20230510,601801,0,False,False,2,True,True,1,YELLOW,11.050000190734863,17.1299991607666
20230510,601808,2,True,True,1,True,False,1,YELLOW,10.899999618530272,69.4800033569336
20230510,601811,1,True,False,2,True,True,1,OK,30.979999542236328,-1.2400000095367432
20230510,601816,2,True,True,1,True,False,1,WEAK,500.0,33.11000061035156
20230510,601818,1,True,False,2,True,True,1,WEAK,2.6600000858306885,0.75
20230510,601825,1,True,False,2,True,True,1,WEAK,10.329999923706056,-9.989999771118164
20230510,601827,2,True,True,1,True,False,1,YELLOW,13.329999923706056,10.880000114440918
20230510,601828,0,False,False,0,False,False,0,YELLOW,-129.9199981689453,-155.11000061035156
20230510,601838,2,True,True,1,False,True,0,WEAK,20.93000030517578,12.649999618530272
20230510,601857,1,True,False,1,True,False,1,YELLOW,3.819999933242798,3.7799999713897705
20230510,601858,1,True,False,2,True,True,1,YELLOW,8.020000457763672,-26.950000762939453
20230510,601860,1,True,False,2,True,True,1,WEAK,5.440000057220459,6.630000114440918
20230510,601865,2,True,True,0,False,False,0,WEAK,32.439998626708984,52.4900016784668
20230510,601866,0,False,False,1,True,False,1,YELLOW,-70.91000366210938,-38.41999816894531
20230510,601868,1,True,False,2,True,True,1,YELLOW,2.0199999809265137,9.229999542236328
20230510,601869,2,True,True,0,False,False,0,YELLOW,-10.229999542236328,-89.36000061035156
20230510,601872,1,False,True,0,False,False,0,YELLOW,-0.7900000214576721,23.309999465942383
20230510,601877,2,True,True,1,True,False,1,YELLOW,9.640000343322754,-4.980000019073486
20230510,601878,2,True,True,1,False,True,0,WEAK,15.470000267028809,-7.619999885559082
20230510,601880,1,False,True,1,True,False,1,WEAK,-2.859999895095825,-4.090000152587891
20230510,601881,1,True,False,2,True,True,1,WEAK,2.759999990463257,-27.6299991607666
20230510,601882,1,True,False,1,True,False,1,YELLOW,16.270000457763672,-4.389999866485596
20230510,601886,2,True,True,1,False,True,0,YELLOW,37.29999923706055,21.8700008392334
20230510,601888,0,False,False,0,False,False,0,WEAK,13.260000228881836,0.1500000059604644
20230510,601890,2,True,True,1,True,False,1,YELLOW,46.849998474121094,-3.0399999618530273
20230510,601898,1,True,False,1,True,False,1,YELLOW,-13.850000381469728,-31.40999984741211
20230510,601899,1,False,True,1,True,False,1,YELLOW,-4.489999771118164,15.920000076293944
20230510,601900,1,False,True,2,True,True,1,OK,-1.340000033378601,-9.529999732971191
20230510,601901,1,True,False,2,True,True,1,WEAK,-3.0799999237060547,40.689998626708984
20230510,601908,1,True,False,0,False,False,0,WEAK,-60.560001373291016,-258.70001220703125
20230510,601916,1,True,False,2,True,True,1,WEAK,8.739999771118164,11.140000343322754
20230510,601918,1,True,False,1,True,False,1,OK,5.429999828338623,-0.1599999964237213
20230510,601919,1,False,True,1,True,False,1,OK,-77.2699966430664,-5.199999809265137
20230510,601921,1,True,False,1,False,True,0,YELLOW,-0.7099999785423279,-11.949999809265137
20230510,601928,1,True,False,2,True,True,1,OK,12.510000228881836,-24.469999313354492
20230510,601929,0,False,False,1,False,True,0,WEAK,-108.56999969482422,-500.0
20230510,601933,0,False,False,0,False,False,0,YELLOW,41.63999938964844,-3.0799999237060547
20230510,601939,1,True,False,2,True,True,1,WEAK,3.180000066757202,-2.200000047683716
20230510,601949,1,True,False,2,True,True,1,OK,48.43000030517578,-500.0
20230510,601952,0,False,False,1,True,False,1,YELLOW,-8.949999809265137,12.359999656677246
20230510,601956,1,True,False,0,False,False,0,YELLOW,83.37000274658203,21.209999084472656
20230510,601958,2,True,True,0,False,False,0,WEAK,141.8800048828125,-23.989999771118164
20230510,601963,1,True,False,2,True,True,1,WEAK,-0.7300000190734863,5.480000019073486
20230510,601965,1,True,False,1,True,False,1,OK,15.270000457763672,14.140000343322754
20230510,601966,1,True,False,1,True,False,1,WEAK,500.0,137.33999633789062
20230510,601968,0,False,False,1,True,False,1,YELLOW,1.3300000429153442,-10.479999542236328
20230510,601969,1,False,True,0,False,False,0,WEAK,-24.15999984741211,49.459999084472656
20230510,601975,1,True,False,0,False,False,0,WEAK,27.350000381469727,40.470001220703125
20230510,601985,2,True,True,1,True,False,1,YELLOW,13.979999542236328,0.8500000238418579
20230510,601988,1,False,True,2,True,True,1,WEAK,1.0,-3.180000066757202
20230510,601990,2,True,True,1,False,True,0,WEAK,6.179999828338623,22.559999465942383
20230510,601991,2,True,True,1,True,False,1,YELLOW,500.0,500.0
20230510,601992,0,False,False,1,True,False,1,WEAK,-194.2599945068359,-170.27999877929688
20230510,601995,2,True,True,2,True,True,1,WEAK,-23.25,-44.16999816894531
20230510,601996,0,False,False,1,True,False,1,WEAK,95.3000030517578,66.51000213623047
20230510,601997,0,False,False,2,True,True,1,WEAK,-4.309999942779541,-3.880000114440918
20230510,601998,2,True,True,2,True,True,1,WEAK,8.699999809265137,0.4000000059604645
20230510,601999,2,True,True,1,False,True,0,WEAK,452.0199890136719,-36.040000915527344
20230510,603000,0,False,False,2,True,True,1,OK,-2.859999895095825,7.650000095367432
20230510,603001,1,True,False,0,False,False,0,OK,16.15999984741211,-69.58999633789062
20230510,603002,1,False,True,1,True,False,1,WEAK,-42.13999938964844,-42.060001373291016
20230510,603005,1,False,True,1,True,False,1,WEAK,-56.029998779296875,92.73999786376952
20230510,603006,1,True,False,1,True,False,1,YELLOW,0.7300000190734863,-50.66999816894531
20230510,603007,0,False,False,2,True,True,1,WEAK,-8.329999923706055,16.1200008392334
20230510,603009,0,False,False,1,True,False,1,YELLOW,-35.65999984741211,282.1499938964844
20230510,603010,0,False,False,0,False,False,0,WEAK,-47.70000076293945,21.329999923706055
20230510,603011,1,False,True,0,False,False,0,OK,-46.43000030517578,-66.94999694824219
20230510,603012,1,True,False,1,True,False,1,OK,1.3799999952316284,-37.08000183105469
20230510,603013,1,False,True,1,True,False,1,YELLOW,4.579999923706055,3.839999914169311
20230510,603015,0,False,False,1,True,False,1,OK,-28.93000030517578,94.0199966430664
20230510,603016,2,True,True,1,True,False,1,YELLOW,1.3600000143051147,11.109999656677246
20230510,603017,0,False,False,2,True,True,1,YELLOW,-0.7599999904632568,3.259999990463257
20230510,603018,1,True,False,2,True,True,1,YELLOW,0.0700000002980232,-1.5800000429153442
20230510,603019,2,True,True,1,True,False,1,YELLOW,9.829999923706056,16.0
20230510,603020,0,False,False,1,True,False,1,YELLOW,-27.90999984741211,13.829999923706056
20230510,603022,2,True,True,1,True,False,1,YELLOW,10.34000015258789,8.029999732971191
20230510,603023,1,False,True,0,False,False,0,WEAK,-256.2900085449219,500.0
20230510,603025,1,False,True,0,False,False,0,OK,12.720000267028809,101.4800033569336
20230510,603026,1,False,True,0,False,False,0,WEAK,-92.3499984741211,211.13999938964844
20230510,603027,2,True,True,1,True,False,1,WEAK,111.81999969482422,4.690000057220459
20230510,603028,1,False,True,1,True,False,1,YELLOW,32.20000076293945,-281.5199890136719
20230510,603029,2,True,True,0,False,False,0,YELLOW,500.0,115.1500015258789
20230510,603030,0,False,False,1,False,True,0,WEAK,87.69999694824219,39.900001525878906
20230510,603031,1,True,False,1,True,False,1,OK,63.59000015258789,43.939998626708984
20230510,603032,1,True,False,0,False,False,0,OK,10.479999542236328,-114.47000122070312
20230510,603033,1,False,True,1,True,False,1,WEAK,24.18000030517578,-32.459999084472656
20230510,603035,2,True,True,0,False,False,0,YELLOW,9.989999771118164,39.97999954223633
20230510,603036,2,True,True,0,False,False,0,OK,35.560001373291016,43.439998626708984
20230510,603037,1,False,True,1,True,False,1,YELLOW,1.8600000143051147,80.19999694824219
20230510,603038,1,True,False,1,True,False,1,YELLOW,500.0,-75.87000274658203
20230510,603039,1,False,True,1,True,False,1,OK,-127.26000213623048,343.1600036621094
20230510,603040,1,True,False,1,True,False,1,WEAK,25.690000534057617,-1.059999942779541
20230510,603041,2,True,True,1,True,False,1,YELLOW,46.41999816894531,26.010000228881836
20230510,603042,0,False,False,1,True,False,1,WEAK,-50.880001068115234,65.98999786376953
20230510,603043,1,True,False,1,True,False,1,OK,3.559999942779541,1.149999976158142
20230510,603045,1,True,False,1,True,False,1,YELLOW,500.0,-39.599998474121094
20230510,603048,1,False,True,1,True,False,1,WEAK,82.87000274658203,160.02000427246094
20230510,603050,1,True,False,1,True,False,1,YELLOW,34.869998931884766,91.02999877929688
20230510,603051,1,False,True,0,False,False,0,WEAK,-207.91000366210935,142.7899932861328
20230510,603052,0,False,False,0,,False,-1,YELLOW,-51.619998931884766,23.700000762939453
20230510,603053,0,False,False,1,True,False,1,YELLOW,8.25,3.380000114440918
20230510,603055,0,False,False,0,False,False,0,WEAK,18.8700008392334,377.6700134277344
20230510,603057,1,False,True,0,,False,-1,WEAK,46.970001220703125,13.890000343322754
20230510,603058,2,True,True,1,True,False,1,YELLOW,82.87999725341797,33.650001525878906
20230510,603059,1,True,False,0,False,False,0,YELLOW,59.54999923706055,253.1000061035156
20230510,603060,1,True,False,0,False,False,0,WEAK,-6.880000114440918,-15.56999969482422
20230510,603061,1,False,True,0,,False,-1,OK,0.0,-57.5099983215332
20230510,603063,1,False,True,1,True,False,1,WEAK,133.5800018310547,29.34000015258789
20230510,603065,0,False,False,0,,False,-1,YELLOW,0.0,-81.0199966430664
20230510,603066,2,True,True,0,False,False,0,YELLOW,17.510000228881836,49.81999969482422
20230510,603067,2,True,True,0,False,False,0,YELLOW,-6.269999980926514,-16.079999923706055
20230510,603068,1,False,True,0,False,False,0,WEAK,28.959999084472656,102.55999755859376
20230510,603069,0,False,False,0,False,False,0,WEAK,52.060001373291016,71.1500015258789
20230510,603070,2,True,True,0,False,False,0,YELLOW,10.449999809265137,-79.02999877929688
20230510,603071,1,True,False,1,True,False,1,YELLOW,1.6399999856948853,-20.0
20230510,603073,1,False,True,0,,False,-1,YELLOW,0.0,61.04999923706055
20230510,603076,0,False,False,1,True,False,1,YELLOW,-7.170000076293945,-80.44999694824219
20230510,603077,0,False,False,0,False,False,0,OK,-70.72000122070312,-92.91999816894533
20230510,603078,0,False,False,1,True,False,1,YELLOW,23.649999618530273,-3.5399999618530273
20230510,603079,1,False,True,1,True,False,1,WEAK,-139.77000427246094,238.63999938964844
20230510,603080,0,False,False,0,False,False,0,YELLOW,37.81999969482422,46.36000061035156
20230510,603081,0,False,False,0,False,False,0,YELLOW,-41.47999954223633,75.45999908447266
20230510,603083,2,True,True,1,True,False,1,YELLOW,64.05000305175781,-78.05000305175781
20230510,603085,1,False,True,0,False,False,0,YELLOW,-43.310001373291016,459.5299987792969
20230510,603086,0,False,False,0,False,False,0,YELLOW,-96.80999755859376,-144.64999389648438
20230510,603087,1,False,True,0,False,False,0,WEAK,156.0500030517578,-42.93000030517578
20230510,603088,1,True,False,0,False,False,0,YELLOW,28.540000915527344,57.810001373291016
20230510,603089,0,False,False,0,False,False,0,WEAK,-16.290000915527344,250.30999755859375
20230510,603090,1,True,False,0,False,False,0,YELLOW,46.45000076293945,0.7300000190734863
20230510,603093,1,True,False,2,True,True,1,WEAK,118.47000122070312,49.77000045776367
20230510,603095,0,False,False,0,False,False,0,YELLOW,-61.970001220703125,-54.84000015258789
20230510,603096,1,True,False,1,False,True,0,OK,-1.399999976158142,4.570000171661377
20230510,603097,1,False,True,1,True,False,1,YELLOW,35.150001525878906,75.62999725341797
20230510,603098,1,False,True,1,False,True,0,YELLOW,-31.700000762939453,-10.4399995803833
20230510,603099,1,True,False,0,False,False,0,WEAK,500.0,361.3699951171875
20230510,603100,2,True,True,1,True,False,1,OK,22.1200008392334,-0.6299999952316284
20230510,603101,1,True,False,1,True,False,1,OK,368.5899963378906,-59.099998474121094
20230510,603102,2,True,True,1,True,False,1,WEAK,17.3700008392334,-20.459999084472656
20230510,603103,1,True,False,1,False,True,0,WEAK,214.2899932861328,13.56999969482422
20230510,603105,2,True,True,0,False,False,0,YELLOW,11.300000190734863,3.9600000381469727
20230510,603106,0,False,False,0,False,False,0,WEAK,17.829999923706055,25.829999923706055
20230510,603108,1,True,False,1,True,False,1,YELLOW,-35.22999954223633,-74.2699966430664
20230510,603109,1,True,False,1,True,False,1,YELLOW,10.18000030517578,-59.72999954223633
20230510,603110,2,True,True,0,False,False,0,WEAK,92.77999877929688,-30.350000381469727
20230510,603111,2,True,True,1,True,False,1,OK,14.119999885559082,58.25
20230510,603112,0,False,False,0,False,False,0,YELLOW,18.43000030517578,34.43000030517578
20230510,603113,1,False,True,1,True,False,1,WEAK,-255.07000732421875,80.5
20230510,603115,0,False,False,0,False,False,0,WEAK,-63.900001525878906,40.4900016784668
20230510,603116,1,True,False,1,True,False,1,YELLOW,383.4100036621094,57.83000183105469
20230510,603117,1,False,True,1,True,False,1,WEAK,17.540000915527344,318.5
20230510,603118,1,True,False,0,False,False,0,YELLOW,-50.130001068115234,-110.87999725341795
20230510,603121,1,True,False,1,True,False,1,WEAK,487.3800048828125,500.0
20230510,603122,1,False,True,0,False,False,0,YELLOW,-26.850000381469727,-32.209999084472656
20230510,603123,0,False,False,0,False,False,0,WEAK,-214.3800048828125,-500.0
20230510,603126,1,True,False,1,True,False,1,YELLOW,-10.859999656677246,-30.959999084472656
20230510,603127,1,True,False,0,False,False,0,OK,-48.619998931884766,-251.9199981689453
20230510,603128,0,False,False,0,False,False,0,YELLOW,-27.040000915527344,-23.719999313354492
20230510,603129,1,True,False,1,True,False,1,YELLOW,10.40999984741211,38.70000076293945
20230510,603130,0,False,False,0,,False,-1,WEAK,3.509999990463257,102.95999908447266
20230510,603131,0,False,False,1,True,False,1,YELLOW,-39.54999923706055,309.989990234375
20230510,603132,1,False,True,1,True,False,1,WEAK,-17.350000381469727,94.93000030517578
20230510,603136,1,True,False,0,False,False,0,WEAK,500.0,-44.709999084472656
20230510,603138,0,False,False,0,False,False,0,WEAK,-50.88999938964844,67.93000030517578
20230510,603139,2,True,True,0,False,False,0,WEAK,-50.779998779296875,-101.48999786376952
20230510,603150,1,False,True,1,True,False,1,YELLOW,-3.490000009536743,21.510000228881836
20230510,603151,0,False,False,0,,False,-1,YELLOW,-15.699999809265137,-15.210000038146973
20230510,603153,0,False,False,1,,True,-1,YELLOW,0.0,159.27000427246094
20230510,603155,0,False,False,0,False,False,0,WEAK,-58.0099983215332,-47.369998931884766
20230510,603156,2,True,True,1,True,False,1,WEAK,31.440000534057617,15.43000030517578
20230510,603158,2,True,True,0,False,False,0,WEAK,40.470001220703125,65.66000366210938
20230510,603159,0,False,False,1,True,False,1,YELLOW,36.400001525878906,9.81999969482422
20230510,603160,0,False,False,1,True,False,1,WEAK,90.83000183105467,194.22000122070312
20230510,603161,2,True,True,0,False,False,0,YELLOW,281.8800048828125,105.19000244140624
20230510,603162,1,False,True,0,,False,-1,UNKNOWN,0.0,22.649999618530273
20230510,603163,1,False,True,1,,True,-1,YELLOW,28.450000762939453,-48.560001373291016
20230510,603165,2,True,True,1,True,False,1,WEAK,95.81999969482422,0.1299999952316284
20230510,603166,2,True,True,0,False,False,0,WEAK,92.16000366210938,19.229999542236328
20230510,603167,2,True,True,1,True,False,1,WEAK,500.0,275.760009765625
20230510,603168,1,True,False,1,True,False,1,WEAK,100.31999969482422,-82.05999755859375
20230510,603169,0,False,False,1,True,False,1,YELLOW,4.809999942779541,66.91000366210938
20230510,603170,2,True,True,0,,False,-1,YELLOW,28.13999938964844,-7.039999961853027
20230510,603171,1,True,False,1,True,False,1,OK,39.04999923706055,13.140000343322754
20230510,603173,1,False,True,0,,False,-1,WEAK,25.979999542236328,56.470001220703125
20230510,603176,2,True,True,1,False,True,0,WEAK,-44.0099983215332,-79.43000030517578
20230510,603177,0,False,False,0,False,False,0,YELLOW,-176.9600067138672,500.0
20230510,603178,1,False,True,0,False,False,0,YELLOW,-108.30999755859376,58.31999969482422
20230510,603179,2,True,True,0,False,False,0,YELLOW,83.26000213623047,35.400001525878906
20230510,603180,1,False,True,1,True,False,1,YELLOW,13.899999618530272,8.239999771118164
20230510,603181,1,False,True,0,False,False,0,YELLOW,-23.1200008392334,37.349998474121094
20230510,603182,0,False,False,0,,False,-1,YELLOW,-10.6899995803833,3.0
20230510,603183,1,True,False,1,True,False,1,YELLOW,500.0,-21.440000534057617
20230510,603185,2,True,True,0,False,False,0,YELLOW,-53.13999938964844,-130.1199951171875
20230510,603186,1,False,True,1,True,False,1,WEAK,-191.55999755859375,104.5500030517578
20230510,603187,1,True,False,1,True,False,1,YELLOW,36.08000183105469,-12.220000267028809
20230510,603188,1,True,False,1,True,False,1,WEAK,-37.75,146.64999389648438
20230510,603190,1,False,True,0,,False,-1,YELLOW,14.300000190734863,17.25
20230510,603191,2,True,True,0,False,False,0,YELLOW,11.239999771118164,-73.4800033569336
20230510,603192,1,False,True,0,False,False,0,YELLOW,-15.600000381469728,15.579999923706056
20230510,603195,1,True,False,1,True,False,1,OK,24.170000076293945,26.729999542236328
20230510,603196,1,True,False,1,True,False,1,YELLOW,-37.72999954223633,-201.8000030517578
20230510,603197,2,True,True,1,True,False,1,YELLOW,242.97000122070312,-7.809999942779541
20230510,603198,2,True,True,0,False,False,0,OK,37.400001525878906,32.70000076293945
20230510,603199,2,True,True,1,True,False,1,WEAK,500.0,-17.940000534057617
20230510,603200,1,False,True,0,False,False,0,OK,-41.779998779296875,151.0800018310547
20230510,603201,1,False,True,0,,False,-1,YELLOW,3.25,78.93000030517578
20230510,603203,1,False,True,0,False,False,0,OK,-33.25,6.260000228881836
20230510,603206,2,True,True,0,False,False,0,YELLOW,0.8299999833106995,-18.219999313354492
20230510,603208,1,True,False,0,False,False,0,WEAK,500.0,-50.02000045776367
20230510,603209,2,True,True,0,False,False,0,WEAK,18.040000915527344,0.9100000262260436
20230510,603211,1,False,True,0,,False,-1,YELLOW,-30.06999969482422,29.790000915527344
20230510,603212,0,False,False,0,False,False,0,YELLOW,-66.58999633789062,-8.029999732971191
20230510,603213,0,False,False,0,False,False,0,WEAK,-54.90999984741211,-19.63999938964844
20230510,603214,2,True,True,0,False,False,0,YELLOW,-4.730000019073486,154.9199981689453
20230510,603215,1,True,False,1,True,False,1,YELLOW,39.849998474121094,-76.44999694824219
20230510,603216,0,False,False,1,True,False,1,WEAK,-71.68000030517578,500.0
20230510,603217,0,False,False,0,False,False,0,YELLOW,-57.29999923706055,-8.550000190734863
20230510,603218,1,True,False,1,True,False,1,WEAK,194.2100067138672,-37.349998474121094
20230510,603219,0,False,False,1,True,False,1,YELLOW,-30.190000534057617,107.80999755859376
20230510,603220,2,True,True,1,True,False,1,YELLOW,67.9000015258789,104.1999969482422
20230510,603221,1,False,True,0,False,False,0,WEAK,183.1300048828125,360.8800048828125
20230510,603222,0,False,False,1,True,False,1,OK,-41.54999923706055,-58.04999923706055
20230510,603223,1,True,False,0,False,False,0,YELLOW,165.05999755859375,7.349999904632568
20230510,603225,1,False,True,1,True,False,1,WEAK,313.6700134277344,102.95999908447266
20230510,603226,1,False,True,1,True,False,1,WEAK,-249.82000732421875,11.520000457763672
20230510,603227,2,True,True,1,True,False,1,YELLOW,100.81999969482422,-46.29999923706055
20230510,603228,2,True,True,1,True,False,1,YELLOW,-2.559999942779541,48.2599983215332
20230510,603229,1,True,False,0,False,False,0,YELLOW,28.6200008392334,17.690000534057617
20230510,603230,2,True,True,1,False,True,0,OK,15.630000114440918,-19.209999084472656
20230510,603232,1,True,False,0,False,False,0,WEAK,7.519999980926514,-7.019999980926514
20230510,603233,2,True,True,0,False,False,0,OK,26.90999984741211,-20.399999618530273
20230510,603235,0,False,False,1,True,False,1,WEAK,-25.1200008392334,33.529998779296875
20230510,603236,0,False,False,0,False,False,0,WEAK,-119.62999725341795,135.25
20230510,603237,1,False,True,0,,False,-1,WEAK,3.7799999713897705,-1.149999976158142
20230510,603238,1,True,False,0,False,False,0,WEAK,206.22000122070312,105.41000366210938
20230510,603239,0,False,False,1,True,False,1,WEAK,9.329999923706056,70.58999633789062
20230510,603255,1,False,True,0,,False,-1,WEAK,-44.59000015258789,-83.30999755859375
20230510,603256,1,False,True,1,True,False,1,WEAK,-293.67999267578125,-20.6299991607666
20230510,603258,0,False,False,2,True,True,1,OK,-40.68000030517578,-5.289999961853027
20230510,603259,1,True,False,0,False,False,0,OK,23.700000762939453,8.859999656677246
20230510,603260,1,False,True,0,False,False,0,WEAK,-57.380001068115234,-45.880001068115234
20230510,603266,0,False,False,0,False,False,0,YELLOW,-4.53000020980835,15.5
20230510,603267,1,False,True,0,False,False,0,OK,-63.06999969482422,-28.350000381469727
20230510,603268,1,False,True,1,True,False,1,WEAK,34.650001525878906,50.36000061035156
20230510,603269,0,False,False,1,True,False,1,YELLOW,-1.2799999713897705,500.0
20230510,603277,1,False,True,1,True,False,1,YELLOW,18.31999969482422,68.80999755859375
20230510,603278,2,True,True,1,True,False,1,WEAK,119.58999633789062,177.5
20230510,603279,1,True,False,0,False,False,0,YELLOW,25.280000686645508,5.059999942779541
20230510,603280,0,False,False,0,,False,-1,WEAK,-0.449999988079071,-47.13999938964844
20230510,603281,0,False,False,0,,False,-1,YELLOW,-44.470001220703125,0.2000000029802322
20230510,603282,1,False,True,0,,False,-1,UNKNOWN,0.0,4.78000020980835
20230510,603283,2,True,True,1,True,False,1,OK,73.04000091552734,70.29000091552734
20230510,603286,1,False,True,0,False,False,0,WEAK,172.6999969482422,128.0800018310547
20230510,603288,0,False,False,0,False,False,0,YELLOW,-7.670000076293945,13.34000015258789
20230510,603289,2,True,True,0,False,False,0,YELLOW,-10.770000457763672,-19.170000076293945
20230510,603290,2,True,True,0,False,False,0,OK,15.550000190734863,-18.579999923706055
20230510,603291,0,False,False,0,,False,-1,WEAK,0.0,45.91999816894531
20230510,603297,1,False,True,0,False,False,0,OK,-27.260000228881836,27.09000015258789
20230510,603298,2,True,True,1,True,False,1,YELLOW,73.4000015258789,33.72999954223633
20230510,603299,0,False,False,1,True,False,1,YELLOW,-24.989999771118164,11.390000343322754
20230510,603300,1,True,False,1,False,True,0,OK,31.61000061035156,23.18000030517578
20230510,603301,1,True,False,0,False,False,0,OK,-37.52000045776367,-46.9900016784668
20230510,603303,0,False,False,0,False,False,0,YELLOW,-0.1099999994039535,27.899999618530273
20230510,603305,1,True,False,0,False,False,0,YELLOW,17.34000015258789,-23.079999923706055
20230510,603306,1,False,True,0,False,False,0,WEAK,86.88999938964844,109.11000061035156
20230510,603307,1,False,True,0,,False,-1,YELLOW,-5.179999828338623,-27.020000457763672
20230510,603308,2,True,True,0,False,False,0,OK,19.56999969482422,29.049999237060547
20230510,603309,2,True,True,0,False,False,0,OK,5.099999904632568,-0.6800000071525574
20230510,603311,0,False,False,0,False,False,0,WEAK,-28.549999237060547,-7.690000057220459
20230510,603313,0,False,False,0,False,False,0,YELLOW,40.59000015258789,262.739990234375
20230510,603315,2,True,True,0,False,False,0,WEAK,94.56999969482422,47.040000915527344
20230510,603316,1,True,False,1,False,True,0,WEAK,-500.0,8.399999618530273
20230510,603317,2,True,True,0,False,False,0,OK,30.11000061035156,23.469999313354492
20230510,603318,2,True,True,0,False,False,0,YELLOW,33.849998474121094,46.20000076293945
20230510,603319,2,True,True,0,False,False,0,YELLOW,48.459999084472656,13.640000343322754
20230510,603320,1,False,True,1,True,False,1,YELLOW,-12.3100004196167,172.8699951171875
20230510,603321,1,True,False,0,False,False,0,YELLOW,100.70999908447266,82.44999694824219
20230510,603322,1,False,True,1,True,False,1,WEAK,-105.98999786376952,204.44000244140625
20230510,603323,1,True,False,1,False,True,0,WEAK,13.31999969482422,22.06999969482422
20230510,603324,1,True,False,0,False,False,0,YELLOW,-8.90999984741211,7.920000076293945
20230510,603326,0,False,False,0,False,False,0,OK,65.08999633789062,128.52000427246094
20230510,603327,1,False,True,0,False,False,0,YELLOW,-21.719999313354492,-28.649999618530273
20230510,603328,2,True,True,1,True,False,1,YELLOW,28.1200008392334,33.540000915527344
20230510,603329,0,False,False,0,False,False,0,WEAK,-108.58000183105467,134.7899932861328
20230510,603330,2,True,True,0,False,False,0,WEAK,-323.8800048828125,-74.80000305175781
20230510,603331,2,True,True,1,True,False,1,YELLOW,84.29000091552734,-30.579999923706055
20230510,603332,2,True,True,1,True,False,1,WEAK,56.08000183105469,161.1199951171875
20230510,603333,1,False,True,1,True,False,1,YELLOW,71.80999755859375,-500.0
20230510,603335,0,False,False,0,False,False,0,WEAK,-500.0,62.439998626708984
20230510,603336,0,False,False,0,False,False,0,YELLOW,-34.29999923706055,-21.559999465942383
20230510,603337,0,False,False,1,True,False,1,YELLOW,-3.7200000286102295,61.66999816894531
20230510,603338,2,True,True,0,False,False,0,YELLOW,47.369998931884766,22.3700008392334
20230510,603339,2,True,True,1,True,False,1,YELLOW,-0.6700000166893005,-32.470001220703125
20230510,603345,1,True,False,1,True,False,1,YELLOW,69.79000091552734,21.559999465942383
20230510,603348,0,False,False,0,False,False,0,YELLOW,-83.58000183105469,500.0
20230510,603351,0,False,False,1,True,False,1,YELLOW,0.9100000262260436,31.850000381469727
20230510,603353,0,False,False,0,False,False,0,YELLOW,-45.599998474121094,-19.209999084472656
20230510,603355,0,False,False,0,False,False,0,YELLOW,-2.9700000286102295,57.119998931884766
20230510,603356,0,False,False,0,False,False,0,WEAK,-500.0,-54.11000061035156
20230510,603357,2,True,True,2,True,True,1,OK,15.289999961853027,-29.43000030517578
20230510,603358,1,True,False,0,False,False,0,YELLOW,-13.260000228881836,52.810001373291016
20230510,603360,0,False,False,0,False,False,0,YELLOW,-16.280000686645508,30.799999237060547
20230510,603363,1,True,False,0,False,False,0,WEAK,-136.32000732421875,-46.099998474121094
20230510,603365,1,True,False,1,True,False,1,OK,50.369998931884766,20.34000015258789
20230510,603366,2,True,True,0,False,False,0,WEAK,500.0,-283.55999755859375
20230510,603367,1,True,False,1,True,False,1,OK,35.68000030517578,-4.96999979019165
20230510,603368,1,True,False,1,True,False,1,YELLOW,17.34000015258789,14.9399995803833
20230510,603369,2,True,True,0,False,False,0,OK,27.25,22.079999923706055
20230510,603379,1,False,True,1,True,False,1,WEAK,-60.939998626708984,500.0
20230510,603380,0,False,False,0,False,False,0,WEAK,-41.220001220703125,500.0
20230510,603383,2,True,True,1,True,False,1,OK,61.290000915527344,-28.34000015258789
20230510,603385,1,True,False,1,True,False,1,YELLOW,-198.7599945068359,178.99000549316406
20230510,603386,0,False,False,0,False,False,0,YELLOW,-31.100000381469727,-300.04998779296875
20230510,603387,0,False,False,1,True,False,1,OK,-56.84000015258789,-17.709999084472656
20230510,603390,1,True,False,1,True,False,1,YELLOW,95.52999877929688,37.41999816894531
20230510,603392,0,False,False,0,False,False,0,YELLOW,-56.540000915527344,-95.9000015258789
20230510,603393,0,False,False,1,True,False,1,YELLOW,-8.729999542236328,125.4000015258789
20230510,603396,1,False,True,0,False,False,0,YELLOW,43.900001525878906,18.36000061035156
20230510,603399,2,True,True,0,False,False,0,YELLOW,-299.0799865722656,23.170000076293945
20230510,603408,0,False,False,0,False,False,0,YELLOW,-26.75,324.7099914550781
20230510,603416,1,False,True,0,False,False,0,WEAK,-23.8799991607666,23.450000762939453
20230510,603421,1,True,False,0,False,False,0,WEAK,-30.56999969482422,-76.23999786376953
20230510,603439,2,True,True,1,True,False,1,OK,60.810001373291016,4.949999809265137
20230510,603444,1,False,True,1,False,True,0,YELLOW,-17.81999969482422,-29.450000762939453
20230510,603456,2,True,True,0,False,False,0,OK,24.75,-14.68000030517578
20230510,603458,2,True,True,1,False,True,0,YELLOW,-69.37000274658203,-221.1300048828125
20230510,603466,1,True,False,1,False,True,0,WEAK,500.0,-135.9600067138672
20230510,603477,1,True,False,1,True,False,1,WEAK,-323.30999755859375,36.77000045776367
20230510,603486,1,False,True,0,False,False,0,OK,-52.849998474121094,0.2599999904632568
20230510,603488,1,True,False,1,True,False,1,YELLOW,-6.190000057220459,-66.36000061035156
20230510,603489,1,False,True,0,False,False,0,WEAK,-77.51000213623047,-58.150001525878906
20230510,603496,0,False,False,0,False,False,0,OK,-42.099998474121094,148.47999572753906
20230510,603499,1,True,False,1,True,False,1,YELLOW,416.0199890136719,20.3700008392334
20230510,603500,1,True,False,0,False,False,0,YELLOW,21.170000076293945,22.86000061035156
20230510,603501,1,False,True,1,True,False,1,WEAK,-89.6500015258789,500.0
20230510,603505,2,True,True,0,False,False,0,WEAK,62.060001373291016,83.44000244140625
20230510,603506,1,True,False,0,False,False,0,YELLOW,-29.719999313354492,-24.030000686645508
20230510,603507,1,True,False,1,True,False,1,WEAK,146.02999877929688,41.04999923706055
20230510,603508,1,True,False,1,True,False,1,YELLOW,26.81999969482422,10.670000076293944
20230510,603511,0,False,False,1,True,False,1,OK,32.790000915527344,-17.719999313354492
20230510,603515,2,True,True,1,True,False,1,OK,48.11000061035156,36.41999816894531
20230510,603516,0,False,False,1,True,False,1,WEAK,-70.20999908447266,130.47999572753906
20230510,603518,2,True,True,1,True,False,1,OK,211.69000244140625,12.170000076293944
20230510,603519,1,False,True,1,True,False,1,YELLOW,-9.449999809265137,37.279998779296875
20230510,603520,1,False,True,0,False,False,0,WEAK,500.0,31.850000381469727
20230510,603527,2,True,True,0,False,False,0,YELLOW,-25.40999984741211,-28.459999084472656
20230510,603528,0,False,False,0,False,False,0,YELLOW,-159.27999877929688,-196.0500030517578
20230510,603529,2,True,True,1,True,False,1,YELLOW,6.050000190734863,-3.900000095367432
20230510,603530,1,True,False,0,False,False,0,WEAK,294.67999267578125,383.05999755859375
20230510,603533,2,True,True,2,True,True,1,WEAK,-20.290000915527344,-500.0
20230510,603535,2,True,True,0,False,False,0,YELLOW,3.869999885559082,65.43000030517578
20230510,603536,1,True,False,0,False,False,0,WEAK,60.34000015258789,72.20999908447266
20230510,603538,1,False,True,0,False,False,0,OK,-74.94000244140625,72.62999725341797
20230510,603551,1,True,False,1,True,False,1,OK,40.40999984741211,0.1000000014901161
20230510,603556,2,True,True,1,True,False,1,YELLOW,52.060001373291016,31.780000686645508
20230510,603558,1,False,True,0,False,False,0,YELLOW,-24.34000015258789,164.7100067138672
20230510,603565,1,False,True,0,False,False,0,YELLOW,-54.869998931884766,-17.020000457763672
20230510,603566,2,True,True,0,False,False,0,WEAK,45.630001068115234,-56.11000061035156
20230510,603567,2,True,True,1,True,False,1,WEAK,-166.35000610351562,27.63999938964844
20230510,603568,2,True,True,0,False,False,0,OK,26.049999237060547,39.689998626708984
20230510,603569,1,True,False,0,False,False,0,YELLOW,500.0,69.41000366210938
20230510,603577,1,False,True,0,False,False,0,YELLOW,-31.81999969482422,500.0
20230510,603578,1,True,False,1,True,False,1,YELLOW,37.220001220703125,-47.84000015258789
20230510,603579,0,False,False,1,True,False,1,YELLOW,22.280000686645508,136.0399932861328
20230510,603583,0,False,False,0,False,False,0,YELLOW,-28.709999084472656,500.0
20230510,603585,1,False,True,0,False,False,0,YELLOW,-86.12999725341797,-115.2699966430664
20230510,603586,1,True,False,1,True,False,1,YELLOW,-6.630000114440918,-56.06999969482422
20230510,603587,1,True,False,1,True,False,1,OK,10.760000228881836,-32.33000183105469
20230510,603588,2,True,True,0,False,False,0,YELLOW,4.420000076293945,-9.529999732971191
20230510,603589,1,True,False,1,True,False,1,OK,12.75,10.81999969482422
20230510,603590,1,True,False,1,True,False,1,OK,146.74000549316406,74.62999725341797
20230510,603596,2,True,True,0,False,False,0,YELLOW,35.7400016784668,21.260000228881836
20230510,603598,2,True,True,1,False,True,0,YELLOW,104.0,21.81999969482422
20230510,603599,0,False,False,1,True,False,1,OK,-29.290000915527344,-55.060001373291016
20230510,603600,1,False,True,0,False,False,0,YELLOW,1.2999999523162842,21.600000381469727
20230510,603601,0,False,False,0,False,False,0,WEAK,-17.559999465942383,-12.510000228881836
20230510,603602,1,True,False,1,False,True,0,WEAK,37.56999969482422,57.79999923706055
20230510,603605,2,True,True,1,True,False,1,OK,52.18000030517578,47.5
20230510,603606,1,False,True,0,False,False,0,YELLOW,6.300000190734863,-22.170000076293945
20230510,603607,1,False,True,1,True,False,1,OK,-36.4900016784668,-18.790000915527344
20230510,603608,1,True,False,0,False,False,0,WEAK,58.72999954223633,54.310001373291016
20230510,603609,1,True,False,0,False,False,0,YELLOW,-106.1999969482422,-222.6199951171875
20230510,603610,0,False,False,0,False,False,0,YELLOW,4.059999942779541,495.8399963378906
20230510,603611,1,True,False,1,True,False,1,YELLOW,2.740000009536743,28.790000915527344
20230510,603612,1,False,True,0,False,False,0,WEAK,-134.50999450683594,122.9800033569336
20230510,603613,1,True,False,0,False,False,0,YELLOW,50.54999923706055,-6.809999942779541
20230510,603615,1,True,False,1,True,False,1,YELLOW,97.86000061035156,-261.79998779296875
20230510,603616,1,False,True,0,False,False,0,WEAK,35.33000183105469,44.36000061035156
20230510,603617,0,False,False,0,False,False,0,YELLOW,-58.43000030517578,29.31999969482422
20230510,603618,1,False,True,1,True,False,1,YELLOW,23.18000030517578,2.4000000953674316
20230510,603619,2,True,True,0,False,False,0,OK,80.98999786376953,-19.030000686645508
20230510,603626,1,False,True,0,False,False,0,WEAK,-500.0,12.239999771118164
20230510,603628,2,True,True,0,False,False,0,YELLOW,108.48999786376952,-80.1500015258789
20230510,603629,1,True,False,1,True,False,1,YELLOW,-29.09000015258789,447.75
20230510,603630,2,True,True,1,True,False,1,WEAK,360.9500122070313,-22.1299991607666
20230510,603633,2,True,True,0,False,False,0,YELLOW,11.229999542236328,12.539999961853027
20230510,603636,2,True,True,0,False,False,0,WEAK,-62.709999084472656,-176.60000610351562
20230510,603637,1,False,True,1,False,True,0,YELLOW,-11.31999969482422,-20.989999771118164
20230510,603638,2,True,True,1,True,False,1,WEAK,30.920000076293945,8.420000076293945
20230510,603639,1,True,False,0,False,False,0,YELLOW,-1.4199999570846558,-34.900001525878906
20230510,603648,1,False,True,0,False,False,0,YELLOW,1.7100000381469729,-10.0600004196167
20230510,603650,1,True,False,1,True,False,1,WEAK,70.0,4.050000190734863
20230510,603655,1,False,True,1,True,False,1,WEAK,24.709999084472656,148.41000366210938
20230510,603656,0,False,False,0,False,False,0,WEAK,187.6199951171875,47.20000076293945
20230510,603657,1,True,False,0,False,False,0,WEAK,-51.349998474121094,-125.95999908447266
20230510,603658,1,True,False,0,False,False,0,OK,1.399999976158142,33.150001525878906
20230510,603659,2,True,True,1,True,False,1,OK,-29.100000381469727,-38.25
20230510,603660,2,True,True,0,False,False,0,WEAK,24.850000381469727,-123.98999786376952
20230510,603661,1,True,False,1,True,False,1,YELLOW,5.090000152587891,33.959999084472656
20230510,603662,2,True,True,1,True,False,1,OK,11.010000228881836,21.290000915527344
20230510,603663,2,True,True,0,False,False,0,YELLOW,-33.310001373291016,-59.119998931884766
20230510,603665,1,False,True,0,False,False,0,WEAK,-71.79000091552734,-32.72999954223633
20230510,603666,0,False,False,1,True,False,1,WEAK,-180.5500030517578,-500.0
20230510,603667,1,False,True,0,False,False,0,YELLOW,-12.649999618530272,14.279999732971191
20230510,603668,1,False,True,1,True,False,1,YELLOW,-115.2300033569336,5.800000190734863
20230510,603669,1,False,True,0,False,False,0,WEAK,-55.9900016784668,10.670000076293944
20230510,603676,1,True,False,0,False,False,0,OK,14.199999809265137,-3.0899999141693115
20230510,603677,1,False,True,1,True,False,1,YELLOW,-8.0,71.5999984741211
20230510,603678,0,False,False,0,False,False,0,YELLOW,-59.66999816894531,-43.72999954223633
20230510,603679,2,True,True,1,True,False,1,YELLOW,202.55999755859375,-114.8000030517578
20230510,603680,2,True,True,1,True,False,1,WEAK,61.220001220703125,88.77999877929688
20230510,603681,0,False,False,0,False,False,0,WEAK,-63.88999938964844,385.3500061035156
20230510,603682,0,False,False,0,False,False,0,OK,17.110000610351562,-65.70999908447266
20230510,603683,1,True,False,1,True,False,1,YELLOW,415.8699951171875,223.1699981689453
20230510,603685,0,False,False,1,True,False,1,WEAK,31.600000381469727,-65.30000305175781
20230510,603686,1,True,False,0,False,False,0,YELLOW,-9.899999618530272,-10.93000030517578
20230510,603687,0,False,False,0,False,False,0,YELLOW,13.4399995803833,-14.149999618530272
20230510,603688,2,True,True,1,True,False,1,OK,500.0,-79.73999786376953
20230510,603689,2,True,True,1,True,False,1,YELLOW,44.34000015258789,1.5099999904632568
20230510,603690,2,True,True,1,True,False,1,OK,-18.700000762939453,8.640000343322754
20230510,603693,1,True,False,0,False,False,0,YELLOW,-2.2799999713897705,42.54999923706055
20230510,603696,1,True,False,0,False,False,0,WEAK,46.400001525878906,-1.649999976158142
20230510,603697,1,True,False,1,True,False,1,OK,-5.730000019073486,-10.420000076293944
20230510,603698,2,True,True,1,True,False,1,YELLOW,4.429999828338623,-62.02000045776367
20230510,603699,2,True,True,1,True,False,1,YELLOW,85.2300033569336,91.55999755859376
20230510,603700,2,True,True,1,True,False,1,WEAK,53.04999923706055,37.81999969482422
20230510,603701,1,False,True,0,False,False,0,YELLOW,16.610000610351562,33.77000045776367
20230510,603703,0,False,False,0,False,False,0,YELLOW,-113.11000061035156,341.45001220703125
20230510,603706,2,True,True,1,True,False,1,YELLOW,18.86000061035156,3.660000085830689
20230510,603707,2,True,True,0,False,False,0,WEAK,-8.479999542236328,-48.119998931884766
20230510,603708,1,True,False,1,True,False,1,YELLOW,21.239999771118164,1.0499999523162842
20230510,603709,2,True,True,1,True,False,1,YELLOW,347.3299865722656,97.29000091552734
20230510,603711,2,True,True,1,True,False,1,YELLOW,61.2400016784668,382.5700073242187
20230510,603712,2,True,True,0,False,False,0,OK,4.340000152587891,-60.209999084472656
20230510,603713,1,False,True,0,False,False,0,YELLOW,-17.889999389648438,37.689998626708984
20230510,603716,0,False,False,0,False,False,0,WEAK,-30.579999923706055,105.37000274658205
20230510,603717,0,False,False,0,False,False,0,WEAK,-500.0,103.77999877929688
20230510,603719,2,True,True,0,False,False,0,YELLOW,-44.22999954223633,-48.689998626708984
20230510,603722,1,False,True,1,True,False,1,YELLOW,-81.44000244140625,-97.62999725341795
20230510,603725,1,True,False,1,True,False,1,YELLOW,432.3599853515625,368.55999755859375
20230510,603726,1,False,True,1,True,False,1,YELLOW,2.0999999046325684,129.3300018310547
20230510,603727,1,False,True,0,False,False,0,WEAK,-500.0,297.6600036621094
20230510,603728,0,False,False,0,False,False,0,OK,-49.56999969482422,-86.72000122070312
20230510,603730,2,True,True,1,True,False,1,YELLOW,18.920000076293945,48.59000015258789
20230510,603733,1,False,True,0,False,False,0,WEAK,-31.850000381469727,105.97000122070312
20230510,603737,1,True,False,0,False,False,0,YELLOW,103.98999786376952,-80.19999694824219
20230510,603738,0,False,False,0,False,False,0,WEAK,-57.95000076293945,30.920000076293945
20230510,603739,0,False,False,1,True,False,1,YELLOW,-7.429999828338623,-4.329999923706055
20230510,603755,0,False,False,0,False,False,0,WEAK,13.029999732971191,24.549999237060547
20230510,603757,2,True,True,1,True,False,1,YELLOW,48.2400016784668,-33.349998474121094
20230510,603758,1,True,False,0,False,False,0,YELLOW,216.6499938964844,10.220000267028809
20230510,603759,0,False,False,0,False,False,0,OK,21.13999938964844,-4.889999866485596
20230510,603766,0,False,False,0,False,False,0,YELLOW,-8.09000015258789,60.70000076293945
20230510,603767,1,True,False,1,True,False,1,YELLOW,130.41000366210938,86.45999908447266
20230510,603768,1,True,False,0,False,False,0,YELLOW,44.33000183105469,-45.52000045776367
20230510,603773,1,False,True,0,False,False,0,YELLOW,13.06999969482422,-393.9500122070313
20230510,603776,0,False,False,1,True,False,1,WEAK,-315.010009765625,-218.8800048828125
20230510,603777,0,False,False,0,False,False,0,OK,-166.1199951171875,-24.90999984741211
20230510,603778,2,True,True,1,False,True,0,YELLOW,-2.4700000286102295,-500.0
20230510,603779,1,False,True,0,False,False,0,WEAK,-374.9700012207031,206.0099945068359
20230510,603786,2,True,True,0,False,False,0,OK,29.40999984741211,62.36000061035156
20230510,603787,1,True,False,1,True,False,1,YELLOW,-36.79999923706055,-69.19000244140625
20230510,603788,1,False,True,1,True,False,1,WEAK,12.9399995803833,40.31999969482422
20230510,603790,0,False,False,1,True,False,1,YELLOW,-8.220000267028809,40.86000061035156
20230510,603797,0,False,False,1,True,False,1,WEAK,-11.010000228881836,3.0899999141693115
20230510,603798,1,True,False,1,True,False,1,WEAK,19.81999969482422,26.34000015258789
20230510,603799,1,False,True,0,False,False,0,YELLOW,-6.599999904632568,-42.970001220703125
20230510,603800,2,True,True,0,False,False,0,YELLOW,-21.6299991607666,500.0
20230510,603801,2,True,True,1,True,False,1,OK,9.300000190734863,-10.039999961853027
20230510,603803,1,False,True,0,False,False,0,WEAK,-301.55999755859375,115.54000091552734
20230510,603806,1,True,False,0,False,False,0,WEAK,-7.309999942779541,49.41999816894531
20230510,603808,0,False,False,1,True,False,1,OK,78.47000122070312,-30.989999771118164
20230510,603809,1,False,True,0,False,False,0,WEAK,-8.890000343322754,102.4499969482422
20230510,603810,1,False,True,0,False,False,0,WEAK,-82.80000305175781,-347.0
20230510,603811,2,True,True,1,True,False,1,WEAK,7.309999942779541,-20.399999618530273
20230510,603815,2,True,True,1,False,True,0,YELLOW,7.199999809265137,-7.570000171661377
20230510,603816,1,False,True,0,False,False,0,OK,6.53000020980835,10.289999961853027
20230510,603817,0,False,False,1,True,False,1,YELLOW,24.020000457763672,29.84000015258789
20230510,603818,0,False,False,0,False,False,0,WEAK,-253.27999877929688,22.34000015258789
20230510,603819,0,False,False,1,True,False,1,WEAK,-100.45999908447266,500.0
20230510,603823,0,False,False,0,False,False,0,WEAK,-59.27000045776367,182.02000427246097
20230510,603826,0,False,False,1,True,False,1,WEAK,-17.829999923706055,38.779998779296875
20230510,603829,2,True,True,1,True,False,1,YELLOW,100.01000213623048,-12.460000038146973
20230510,603833,0,False,False,0,False,False,0,OK,14.56999969482422,10.029999732971191
20230510,603836,0,False,False,0,False,False,0,WEAK,-69.0199966430664,22.13999938964844
20230510,603839,2,True,True,1,True,False,1,OK,-70.11000061035156,-200.3699951171875
20230510,603848,2,True,True,1,True,False,1,OK,29.90999984741211,15.75
20230510,603855,2,True,True,1,True,False,1,YELLOW,-2.4200000762939453,2.8299999237060547
20230510,603856,1,True,False,1,True,False,1,YELLOW,1.1200000047683716,8.779999732971191
20230510,603858,1,True,False,1,True,False,1,WEAK,-25.770000457763672,-73.25
20230510,603859,2,True,True,1,True,False,1,YELLOW,50.90999984741211,30.0
20230510,603860,2,True,True,2,True,True,1,OK,500.0,-259.0400085449219
20230510,603861,2,True,True,1,True,False,1,YELLOW,500.0,205.02000427246097
20230510,603863,1,False,True,1,True,False,1,WEAK,-35.130001068115234,28.88999938964844
20230510,603866,0,False,False,0,False,False,0,YELLOW,-9.010000228881836,-16.540000915527344
20230510,603867,1,False,True,0,False,False,0,YELLOW,-15.300000190734863,-3.849999904632568
20230510,603868,2,True,True,1,True,False,1,OK,2.130000114440918,-40.77000045776367
20230510,603871,2,True,True,1,True,False,1,YELLOW,63.470001220703125,51.9900016784668
20230510,603876,0,False,False,0,False,False,0,YELLOW,-61.279998779296875,-80.98999786376953
20230510,603877,2,True,True,1,True,False,1,OK,500.0,-39.220001220703125
20230510,603878,2,True,True,0,False,False,0,YELLOW,122.1999969482422,-3.3299999237060547
20230510,603879,1,False,True,1,True,False,1,WEAK,-73.19999694824219,-93.77999877929688
20230510,603880,0,False,False,0,False,False,0,WEAK,8.779999732971191,-91.4800033569336
20230510,603881,2,True,True,1,True,False,1,WEAK,33.54999923706055,5.019999980926514
20230510,603882,0,False,False,0,False,False,0,WEAK,-85.80999755859375,-120.83000183105467
20230510,603883,2,True,True,0,False,False,0,OK,13.739999771118164,10.350000381469728
20230510,603885,2,True,True,1,True,False,1,WEAK,137.05999755859375,130.9600067138672
20230510,603886,1,True,False,1,True,False,1,WEAK,3.059999942779541,12.510000228881836
20230510,603887,1,False,True,0,False,False,0,WEAK,-116.27999877929688,51.709999084472656
20230510,603888,1,True,False,2,True,True,1,OK,105.08999633789062,500.0
20230510,603889,1,True,False,1,True,False,1,YELLOW,12.539999961853027,6.369999885559082
20230510,603890,1,False,True,0,False,False,0,WEAK,-97.1999969482422,120.88999938964844
20230510,603893,1,False,True,0,False,False,0,WEAK,-61.560001373291016,371.6700134277344
20230510,603895,1,True,False,0,False,False,0,WEAK,57.13999938964844,-39.68000030517578
20230510,603896,1,True,False,1,True,False,1,OK,7.070000171661377,22.299999237060547
20230510,603897,0,False,False,0,False,False,0,YELLOW,-2.4600000381469727,71.04000091552734
20230510,603898,0,False,False,0,False,False,0,OK,-33.060001373291016,426.1000061035156
20230510,603899,1,True,False,0,False,False,0,WEAK,18.34000015258789,11.100000381469728
20230510,603900,1,True,False,0,False,False,0,OK,-500.0,-231.07000732421875
20230510,603901,2,True,True,0,False,False,0,YELLOW,-16.540000915527344,-19.309999465942383
20230510,603903,1,False,True,1,True,False,1,WEAK,35.349998474121094,500.0
20230510,603906,1,False,True,0,False,False,0,WEAK,-215.97999572753903,55.31999969482422
20230510,603908,1,False,True,0,False,False,0,YELLOW,-18.38999938964844,16.8700008392334
20230510,603909,1,True,False,2,True,True,1,WEAK,17.649999618530273,299.8699951171875
20230510,603912,0,False,False,1,True,False,1,WEAK,-44.720001220703125,123.43000030517578
20230510,603915,1,True,False,0,False,False,0,YELLOW,-8.460000038146973,-19.469999313354492
20230510,603916,1,False,True,1,True,False,1,OK,-38.84000015258789,-47.900001525878906
20230510,603917,2,True,True,0,False,False,0,YELLOW,8.800000190734863,-60.79999923706055
20230510,603918,2,True,True,1,True,False,1,OK,173.13999938964844,-500.0
20230510,603919,1,True,False,1,True,False,1,YELLOW,27.0,22.479999542236328
20230510,603920,2,True,True,1,True,False,1,YELLOW,22.84000015258789,45.900001525878906
20230510,603926,0,False,False,1,True,False,1,WEAK,16.739999771118164,24.049999237060547
20230510,603927,1,True,False,1,True,False,1,OK,22.700000762939453,48.81999969482422
20230510,603928,1,False,True,1,True,False,1,YELLOW,-29.25,-15.630000114440918
20230510,603929,2,True,True,1,False,True,0,YELLOW,259.1099853515625,260.29998779296875
20230510,603931,0,False,False,1,True,False,1,YELLOW,-7.010000228881836,24.149999618530273
20230510,603933,1,False,True,0,False,False,0,YELLOW,-12.890000343322754,9.630000114440918
20230510,603936,1,False,True,0,False,False,0,WEAK,-66.56999969482422,-24.780000686645508
20230510,603937,1,False,True,0,False,False,0,YELLOW,-33.220001220703125,-99.22000122070312
20230510,603938,0,False,False,0,False,False,0,YELLOW,-73.05000305175781,-94.6999969482422
20230510,603939,1,True,False,0,False,False,0,OK,21.579999923706055,24.260000228881836
20230510,603948,0,False,False,1,True,False,1,YELLOW,-27.61000061035156,-38.15999984741211
20230510,603949,1,False,True,0,False,False,0,WEAK,54.900001525878906,26.34000015258789
20230510,603950,2,True,True,1,True,False,1,WEAK,137.5800018310547,-24.559999465942383
20230510,603955,1,False,True,1,False,True,0,YELLOW,500.0,500.0
20230510,603956,2,True,True,1,True,False,1,WEAK,50.33000183105469,30.11000061035156
20230510,603958,2,True,True,0,False,False,0,WEAK,85.8499984741211,128.13999938964844
20230510,603960,2,True,True,0,False,False,0,WEAK,92.29000091552734,-5.369999885559082
20230510,603966,1,True,False,1,True,False,1,WEAK,-1.5299999713897705,3.0
20230510,603967,1,False,True,0,False,False,0,YELLOW,-5.539999961853027,29.649999618530273
20230510,603968,0,False,False,0,False,False,0,YELLOW,-85.16000366210938,-159.42999267578125
20230510,603969,2,True,True,0,False,False,0,YELLOW,22.6299991607666,22.469999313354492
20230510,603970,2,True,True,1,True,False,1,YELLOW,2.369999885559082,7.5
20230510,603976,1,False,True,0,False,False,0,WEAK,-28.149999618530273,88.95999908447266
20230510,603977,2,True,True,1,True,False,1,OK,17.260000228881836,0.5699999928474426
20230510,603978,1,False,True,0,False,False,0,WEAK,-500.0,-178.44000244140625
20230510,603979,2,True,True,1,True,False,1,YELLOW,59.5,46.029998779296875
20230510,603980,1,False,True,1,True,False,1,WEAK,30.209999084472656,66.5999984741211
20230510,603982,0,False,False,0,False,False,0,WEAK,-348.0799865722656,-26.399999618530273
20230510,603983,1,True,False,1,True,False,1,OK,75.98999786376953,40.79999923706055
20230510,603985,2,True,True,0,False,False,0,WEAK,15.770000457763672,-163.89999389648438
20230510,603986,0,False,False,0,False,False,0,OK,-82.97000122070312,41.2599983215332
20230510,603987,1,True,False,0,False,False,0,WEAK,-22.450000762939453,-28.06999969482422
20230510,603988,0,False,False,1,True,False,1,WEAK,-44.20000076293945,-500.0
20230510,603989,0,False,False,0,False,False,0,YELLOW,-12.899999618530272,-66.9000015258789
20230510,603990,1,False,True,0,False,False,0,WEAK,-500.0,-500.0
20230510,603991,0,False,False,0,False,False,0,WEAK,-27.63999938964844,-22.13999938964844
20230510,603992,0,False,False,1,True,False,1,OK,12.489999771118164,156.88999938964844
20230510,603993,1,False,True,1,True,False,1,YELLOW,-71.19000244140625,500.0
20230510,603995,1,False,True,0,False,False,0,YELLOW,-13.270000457763672,32.13999938964844
20230510,603997,2,True,True,0,False,False,0,YELLOW,296.1499938964844,-75.55999755859375
20230510,603998,2,True,True,1,True,False,1,YELLOW,69.9000015258789,9.609999656677246
20230510,603999,2,True,True,2,True,True,1,YELLOW,39.79999923706055,3.5299999713897705
20230510,605001,1,True,False,0,False,False,0,WEAK,48.75,63.86000061035156
20230510,605003,1,False,True,1,True,False,1,WEAK,-29.329999923706055,32.5099983215332
20230510,605005,2,True,True,0,False,False,0,OK,46.86000061035156,45.540000915527344
20230510,605006,0,False,False,0,False,False,0,WEAK,-105.62000274658205,-500.0
20230510,605007,0,False,False,1,True,False,1,WEAK,-52.16999816894531,500.0
20230510,605008,0,False,False,1,True,False,1,YELLOW,-94.29000091552734,88.41999816894531
20230510,605009,1,True,False,1,True,False,1,WEAK,23.450000762939453,15.779999732971191
20230510,605011,1,True,False,0,False,False,0,WEAK,22.079999923706055,11.81999969482422
20230510,605016,1,True,False,1,True,False,1,YELLOW,23.579999923706055,25.799999237060547
20230510,605018,0,False,False,0,False,False,0,WEAK,-23.459999084472656,500.0
20230510,605020,0,False,False,0,False,False,0,WEAK,-24.290000915527344,57.11000061035156
20230510,605028,1,False,True,0,False,False,0,OK,-1.399999976158142,-7.699999809265137
20230510,605033,1,False,True,1,True,False,1,YELLOW,-33.400001525878906,-43.58000183105469
20230510,605050,2,True,True,0,False,False,0,YELLOW,37.380001068115234,-3.5299999713897705
20230510,605055,1,False,True,0,False,False,0,WEAK,140.86000061035156,75.44999694824219
20230510,605056,1,False,True,1,True,False,1,OK,-28.239999771118164,-21.739999771118164
20230510,605058,0,False,False,1,True,False,1,YELLOW,-9.289999961853027,0.6600000262260437
20230510,605060,2,True,True,1,True,False,1,OK,12.520000457763672,4.119999885559082
20230510,605066,2,True,True,1,True,False,1,YELLOW,42.310001373291016,-13.40999984741211
20230510,605068,1,False,True,0,False,False,0,WEAK,-64.70999908447266,173.1300048828125
20230510,605069,2,True,True,0,False,False,0,WEAK,-399.5400085449219,269.8699951171875
20230510,605077,2,True,True,0,False,False,0,YELLOW,18.829999923706055,-16.600000381469727
20230510,605080,1,False,True,0,False,False,0,YELLOW,-34.810001373291016,4.409999847412109
20230510,605086,1,False,True,0,False,False,0,OK,6.369999885559082,2.1500000953674316
20230510,605088,1,True,False,0,False,False,0,YELLOW,11.68000030517578,155.0500030517578
20230510,605089,2,True,True,0,False,False,0,YELLOW,4.75,-46.36000061035156
20230510,605090,2,True,True,1,True,False,1,YELLOW,24.479999542236328,2.7100000381469727
20230510,605098,1,True,False,1,True,False,1,OK,83.58000183105469,67.05000305175781
20230510,605099,1,True,False,0,False,False,0,YELLOW,-0.2899999916553497,40.380001068115234
20230510,605100,1,True,False,1,True,False,1,WEAK,170.27999877929688,-20.5
20230510,605108,2,True,True,1,True,False,1,WEAK,121.68000030517578,5.320000171661377
20230510,605111,1,False,True,0,False,False,0,YELLOW,-37.54999923706055,31.049999237060547
20230510,605116,1,True,False,1,True,False,1,OK,6.679999828338623,87.43000030517578
20230510,605117,2,True,True,0,False,False,0,OK,72.13999938964844,-19.040000915527344
20230510,605118,1,False,True,0,False,False,0,WEAK,-16.040000915527344,23.88999938964844
20230510,605122,1,False,True,1,True,False,1,WEAK,-93.2699966430664,5.579999923706055
20230510,605123,2,True,True,0,False,False,0,YELLOW,7.920000076293945,-47.29999923706055
20230510,605128,2,True,True,0,False,False,0,WEAK,104.9499969482422,166.41000366210938
20230510,605133,1,True,False,0,False,False,0,WEAK,29.450000762939453,16.510000228881836
20230510,605136,0,False,False,1,True,False,1,WEAK,2.2799999713897705,58.5
20230510,605138,0,False,False,0,False,False,0,YELLOW,-91.26000213623048,-81.48999786376953
20230510,605151,1,False,True,0,False,False,0,YELLOW,3.1500000953674316,-23.510000228881836
20230510,605155,0,False,False,1,True,False,1,YELLOW,20.959999084472656,29.3700008392334
20230510,605158,1,True,False,1,True,False,1,YELLOW,24.940000534057617,-14.300000190734863
20230510,605162,1,False,True,0,False,False,0,WEAK,4.980000019073486,144.99000549316406
20230510,605166,0,False,False,0,False,False,0,YELLOW,-26.93000030517578,29.6299991607666
20230510,605167,2,True,True,1,False,True,0,YELLOW,129.11000061035156,15.140000343322754
20230510,605168,2,True,True,1,False,True,0,YELLOW,31.979999542236328,-42.310001373291016
20230510,605169,0,False,False,0,False,False,0,WEAK,-26.719999313354492,-84.27999877929688
20230510,605177,1,True,False,0,False,False,0,WEAK,49.400001525878906,-9.579999923706056
20230510,605178,0,False,False,2,True,True,1,WEAK,1.9600000381469729,21.530000686645508
20230510,605179,1,True,False,0,False,False,0,YELLOW,148.6300048828125,240.77999877929688
20230510,605180,0,False,False,0,False,False,0,WEAK,-46.52000045776367,95.26000213623048
20230510,605183,1,False,True,0,False,False,0,WEAK,-3.1700000762939453,53.61000061035156
20230510,605186,1,True,False,1,True,False,1,OK,-25.899999618530273,-46.52000045776367
20230510,605188,1,True,False,0,False,False,0,YELLOW,-85.08999633789062,-1.919999957084656
20230510,605189,1,False,True,1,True,False,1,WEAK,-41.630001068115234,20.88999938964844
20230510,605196,1,True,False,1,True,False,1,YELLOW,58.15999984741211,103.56999969482422
20230510,605198,0,False,False,0,False,False,0,YELLOW,1.950000047683716,51.70000076293945
20230510,605208,1,False,True,0,False,False,0,WEAK,-74.13999938964844,106.77999877929688
20230510,605218,2,True,True,0,False,False,0,YELLOW,-16.299999237060547,40.91999816894531
20230510,605222,1,False,True,0,False,False,0,YELLOW,10.399999618530272,-37.33000183105469
20230510,605228,1,False,True,1,True,False,1,WEAK,-33.88999938964844,364.760009765625
20230510,605255,2,True,True,1,True,False,1,WEAK,9.93000030517578,14.609999656677246
20230510,605258,0,False,False,1,True,False,1,WEAK,-37.16999816894531,106.37999725341795
20230510,605259,2,True,True,0,False,False,0,YELLOW,8.380000114440918,-16.700000762939453
20230510,605266,2,True,True,1,True,False,1,OK,39.58000183105469,-32.31999969482422
20230510,605268,2,True,True,0,False,False,0,YELLOW,500.0,-34.93000030517578
20230510,605277,0,False,False,1,True,False,1,YELLOW,-11.09000015258789,24.219999313354492
20230510,605286,1,False,True,0,False,False,0,YELLOW,19.8700008392334,228.3800048828125
20230510,605287,2,True,True,1,False,True,0,YELLOW,36.59000015258789,-23.31999969482422
20230510,605288,1,True,False,1,True,False,1,YELLOW,157.2899932861328,19.229999542236328
20230510,605289,2,True,True,1,False,True,0,OK,500.0,48.209999084472656
20230510,605296,2,True,True,0,False,False,0,WEAK,-500.0,105.47000122070312
20230510,605298,1,False,True,1,True,False,1,OK,-73.58999633789062,-461.94000244140625
20230510,605299,1,True,False,1,True,False,1,YELLOW,-5.130000114440918,-5.630000114440918
20230510,605300,1,True,False,1,True,False,1,YELLOW,345.6000061035156,-20.790000915527344
20230510,605303,1,False,True,1,False,True,0,WEAK,7.349999904632568,20.18000030517578
20230510,605305,1,False,True,0,False,False,0,WEAK,-7.71999979019165,349.92999267578125
20230510,605318,1,False,True,0,False,False,0,YELLOW,-1.0800000429153442,-238.44000244140625
20230510,605319,2,True,True,1,True,False,1,YELLOW,298.25,136.63999938964844
20230510,605333,1,False,True,0,False,False,0,WEAK,-386.9800109863281,443.1400146484375
20230510,605337,1,True,False,1,True,False,1,YELLOW,34.849998474121094,1.649999976158142
20230510,605338,1,False,True,0,False,False,0,YELLOW,-11.3100004196167,87.06999969482422
20230510,605339,1,False,True,1,True,False,1,WEAK,-5.619999885559082,127.94000244140624
20230510,605358,0,False,False,0,False,False,0,WEAK,-89.37999725341797,-310.1199951171875
20230510,605365,1,False,True,0,False,False,0,YELLOW,-51.9900016784668,500.0
20230510,605366,1,False,True,0,False,False,0,YELLOW,-88.43000030517578,-24.489999771118164
20230510,605368,1,True,False,1,True,False,1,YELLOW,3.049999952316284,-0.2899999916553497
20230510,605369,0,False,False,0,False,False,0,WEAK,-73.30000305175781,85.7300033569336
20230510,605376,1,False,True,0,False,False,0,WEAK,-106.0999984741211,208.1199951171875
20230510,605377,1,False,True,1,True,False,1,WEAK,19.729999542236328,49.95000076293945
20230510,605378,2,True,True,1,True,False,1,YELLOW,5.190000057220459,413.4299926757813
20230510,605388,2,True,True,0,False,False,0,WEAK,1.190000057220459,28.200000762939453
20230510,605389,1,False,True,0,False,False,0,WEAK,-21.34000015258789,29.030000686645508
20230510,605398,1,True,False,1,True,False,1,YELLOW,18.5,-14.109999656677246
20230510,605399,0,False,False,0,False,False,0,OK,-92.58999633789062,-53.31999969482422
20230510,605488,1,False,True,1,True,False,1,WEAK,-11.81999969482422,85.61000061035156
20230510,605499,2,True,True,0,False,False,0,WEAK,41.150001525878906,37.7599983215332
20230510,605500,0,False,False,1,True,False,1,WEAK,-13.170000076293944,138.64999389648438
20230510,605507,1,False,True,0,False,False,0,YELLOW,-31.75,0.4799999892711639
20230510,605555,1,False,True,0,False,False,0,YELLOW,3.109999895095825,101.12999725341795
20230510,605566,1,False,True,1,True,False,1,WEAK,-31.100000381469727,-16.739999771118164
20230510,605567,1,False,True,0,False,False,0,YELLOW,-85.12000274658203,-209.47999572753903
20230510,605577,2,True,True,1,False,True,0,OK,34.939998626708984,-2.0199999809265137
20230510,605580,1,False,True,1,True,False,1,YELLOW,-8.899999618530273,-10.68000030517578
20230510,605588,0,False,False,1,True,False,1,YELLOW,-15.520000457763672,-44.29999923706055
20230510,605589,0,False,False,0,False,False,0,YELLOW,-0.1599999964237213,23.399999618530273
20230510,605598,0,False,False,2,True,True,1,WEAK,3.309999942779541,12.9399995803833
20230510,605599,1,True,False,1,True,False,1,YELLOW,67.37999725341797,17.989999771118164
20230510,688001,0,False,False,1,True,False,1,OK,-38.11000061035156,-260.80999755859375
20230510,688002,2,True,True,1,True,False,1,WEAK,115.91000366210938,51.720001220703125
20230510,688003,2,True,True,0,False,False,0,WEAK,-49.380001068115234,3.2200000286102295
20230510,688004,2,True,True,1,True,False,1,WEAK,2.049999952316284,-113.44000244140624
20230510,688005,2,True,True,0,False,False,0,WEAK,-38.59000015258789,-112.88999938964844
20230510,688006,2,True,True,0,False,False,0,WEAK,93.66999816894533,-18.739999771118164
20230510,688007,0,False,False,0,False,False,0,OK,41.20000076293945,105.4800033569336
20230510,688008,1,False,True,1,True,False,1,WEAK,-79.66000366210938,500.0
20230510,688009,1,True,False,1,True,False,1,YELLOW,-2.619999885559082,-10.289999961853027
20230510,688010,1,False,True,1,True,False,1,WEAK,-500.0,-90.56999969482422
20230510,688011,1,True,False,0,False,False,0,WEAK,-453.2799987792969,4.829999923706055
20230510,688012,2,True,True,1,True,False,1,OK,13.9399995803833,15.399999618530272
20230510,688013,2,True,True,0,False,False,0,OK,-3.650000095367432,22.239999771118164
20230510,688015,0,False,False,0,False,False,0,YELLOW,-89.19000244140625,376.1099853515625
20230510,688016,2,True,True,0,False,False,0,WEAK,32.56999969482422,48.90999984741211
20230510,688017,0,False,False,0,False,False,0,WEAK,-36.779998779296875,-25.579999923706055
20230510,688018,1,True,False,1,True,False,1,OK,6.570000171661377,88.55999755859375
20230510,688019,2,True,True,1,True,False,1,YELLOW,7.03000020980835,50.70000076293945
20230510,688020,1,False,True,0,False,False,0,WEAK,-3.2799999713897705,20.969999313354492
20230510,688021,0,False,False,0,False,False,0,WEAK,205.22999572753903,-218.66000366210935
20230510,688023,1,True,False,1,True,False,1,WEAK,-16.139999389648438,-4.989999771118164
20230510,688025,2,True,True,1,True,False,1,OK,57.310001373291016,-8.010000228881836
20230510,688026,0,False,False,0,False,False,0,WEAK,-87.25,142.14999389648438
20230510,688027,1,True,False,1,True,False,1,WEAK,3.9700000286102295,-90.8000030517578
20230510,688028,1,True,False,0,False,False,0,WEAK,99.54000091552734,188.52999877929688
20230510,688029,2,True,True,1,True,False,1,YELLOW,74.43000030517578,42.209999084472656
20230510,688030,0,False,False,0,False,False,0,WEAK,-271.8399963378906,17.559999465942383
20230510,688031,0,False,False,0,,False,-1,WEAK,-18.84000015258789,4.570000171661377
20230510,688032,2,True,True,0,False,False,0,OK,8.949999809265137,-61.720001220703125
20230510,688035,0,False,False,0,,False,-1,WEAK,-9.960000038146973,-44.779998779296875
20230510,688036,0,False,False,1,True,False,1,YELLOW,72.45999908447266,342.5899963378906
20230510,688037,2,True,True,1,True,False,1,OK,83.3499984741211,-84.9000015258789
20230510,688038,2,True,True,0,False,False,0,WEAK,-306.05999755859375,233.69000244140625
20230510,688039,0,False,False,1,True,False,1,WEAK,-122.4000015258789,-32.91999816894531
20230510,688041,1,True,False,0,,False,-1,WEAK,38.150001525878906,42.709999084472656
20230510,688045,0,False,False,0,False,False,0,WEAK,-260.04998779296875,33.81999969482422
20230510,688046,1,True,False,0,False,False,0,YELLOW,5.230000019073486,2.740000009536743
20230510,688047,1,False,True,1,True,False,1,WEAK,-148.24000549316406,15.300000190734863
20230510,688048,0,False,False,0,False,False,0,OK,-300.6700134277344,-138.00999450683594
20230510,688049,1,False,True,1,True,False,1,WEAK,8.649999618530273,500.0
20230510,688050,2,True,True,1,True,False,1,OK,31.579999923706055,31.700000762939453
20230510,688051,2,True,True,0,False,False,0,WEAK,10.40999984741211,54.720001220703125
20230510,688052,0,False,False,0,False,False,0,WEAK,-266.739990234375,-500.0
20230510,688055,0,False,False,1,True,False,1,WEAK,-205.27000427246097,47.029998779296875
20230510,688056,2,True,True,0,False,False,0,OK,-23.459999084472656,-11.9399995803833
20230510,688057,0,False,False,1,True,False,1,OK,-37.810001373291016,-14.949999809265137
20230510,688058,1,False,True,1,True,False,1,WEAK,78.06999969482422,37.900001525878906
20230510,688059,1,False,True,0,False,False,0,YELLOW,-2.069999933242798,-26.059999465942383
20230510,688060,1,False,True,0,False,False,0,WEAK,-68.72000122070312,-37.709999084472656
20230510,688061,1,False,True,0,,False,-1,WEAK,-133.05999755859375,-10.34000015258789
20230510,688062,1,False,True,1,True,False,1,WEAK,3.2300000190734863,10.130000114440918
20230510,688063,2,True,True,0,False,False,0,OK,-3.9600000381469727,-101.8499984741211
20230510,688065,0,False,False,0,False,False,0,WEAK,-45.9900016784668,124.95999908447266
20230510,688067,0,False,False,1,True,False,1,WEAK,-4.349999904632568,314.510009765625
20230510,688068,1,False,True,0,False,False,0,YELLOW,-98.98999786376952,-167.8300018310547
20230510,688069,0,False,False,0,False,False,0,WEAK,-168.6199951171875,68.38999938964844
20230510,688070,1,True,False,0,False,False,0,WEAK,-155.0500030517578,-500.0
20230510,688071,1,True,False,0,False,False,0,WEAK,-96.54000091552734,-195.27000427246097
20230510,688072,2,True,True,1,True,False,1,OK,57.15999984741211,-325.07000732421875
20230510,688073,1,False,True,0,,False,-1,WEAK,26.299999237060547,-34.7400016784668
20230510,688075,0,False,False,0,False,False,0,WEAK,-96.80999755859376,134.82000732421875
20230510,688077,1,False,True,0,False,False,0,WEAK,-132.50999450683594,108.06999969482422
20230510,688078,2,True,True,1,True,False,1,OK,23.31999969482422,-7.369999885559082
20230510,688079,1,False,True,0,False,False,0,WEAK,-500.0,-200.5399932861328
20230510,688080,2,True,True,1,True,False,1,OK,37.470001220703125,88.5
20230510,688081,1,True,False,1,True,False,1,OK,1.5199999809265137,-500.0
20230510,688082,2,True,True,1,True,False,1,OK,32.97999954223633,-22.36000061035156
20230510,688083,1,False,True,0,False,False,0,WEAK,6.989999771118164,-53.31999969482422
20230510,688084,0,False,False,0,,False,-1,WEAK,-290.19000244140625,6.690000057220459
20230510,688085,1,True,False,1,True,False,1,OK,-55.11000061035156,-109.62999725341795
20230510,688087,1,False,True,0,False,False,0,WEAK,-26.950000762939453,500.0
20230510,688088,1,True,False,1,True,False,1,OK,500.0,23.90999984741211
20230510,688089,1,False,True,0,False,False,0,WEAK,-25.260000228881836,158.16000366210938
20230510,688090,1,True,False,1,True,False,1,YELLOW,-79.7699966430664,-117.7300033569336
20230510,688091,1,True,False,0,False,False,0,OK,37.349998474121094,-41.099998474121094
20230510,688092,2,True,True,0,False,False,0,OK,37.029998779296875,69.91999816894531
20230510,688093,1,False,True,0,False,False,0,OK,5.949999809265137,56.34000015258789
20230510,688095,1,False,True,1,True,False,1,WEAK,-186.7599945068359,21.549999237060547
20230510,688096,0,False,False,1,True,False,1,WEAK,-69.26000213623047,-413.6000061035156
20230510,688097,1,True,False,0,False,False,0,OK,37.36000061035156,-249.05999755859375
20230510,688098,1,False,True,0,False,False,0,YELLOW,-53.790000915527344,-121.2300033569336
20230510,688099,0,False,False,0,False,False,0,OK,-58.369998931884766,394.2200012207031
20230510,688100,1,True,False,1,True,False,1,YELLOW,18.649999618530273,22.8700008392334
20230510,688101,0,False,False,0,False,False,0,OK,-4.409999847412109,49.939998626708984
20230510,688102,2,True,True,0,False,False,0,YELLOW,77.47000122070312,13.729999542236328
20230510,688103,0,False,False,0,False,False,0,YELLOW,-17.100000381469727,-71.63999938964844
20230510,688105,0,False,False,0,False,False,0,WEAK,-119.9499969482422,78.7699966430664
20230510,688106,2,True,True,1,True,False,1,YELLOW,61.0,-9.119999885559082
20230510,688107,0,False,False,0,False,False,0,WEAK,-500.0,-20.149999618530273
20230510,688108,2,True,True,1,True,False,1,WEAK,55.720001220703125,12.25
20230510,688109,2,True,True,1,True,False,1,WEAK,58.41999816894531,28.219999313354492
20230510,688110,0,False,False,1,True,False,1,WEAK,-161.5800018310547,-26.780000686645508
20230510,688111,2,True,True,1,True,False,1,OK,29.850000381469727,40.560001373291016
20230510,688112,2,True,True,0,False,False,0,OK,29.6299991607666,-15.619999885559082
20230510,688113,0,False,False,1,True,False,1,OK,1.0299999713897705,4.400000095367432
20230510,688114,0,False,False,0,,False,-1,WEAK,-162.83999633789062,-29.020000457763672
20230510,688115,1,False,True,0,False,False,0,WEAK,-128.25999450683594,106.47000122070312
20230510,688116,0,False,False,0,False,False,0,OK,-53.9900016784668,59.349998474121094
20230510,688117,1,False,True,1,True,False,1,WEAK,-31.5,143.49000549316406
20230510,688118,1,False,True,1,True,False,1,WEAK,-38.599998474121094,-63.36000061035156
20230510,688119,1,False,True,1,True,False,1,YELLOW,-74.6500015258789,-134.02000427246094
20230510,688120,2,True,True,1,True,False,1,OK,72.45999908447266,2.7799999713897705
20230510,688121,0,False,False,1,True,False,1,WEAK,13.289999961853027,48.65999984741211
20230510,688122,0,False,False,0,False,False,0,YELLOW,-35.119998931884766,-52.2400016784668
20230510,688123,1,False,True,0,False,False,0,WEAK,-77.33000183105469,293.3999938964844
20230510,688125,2,True,True,0,False,False,0,OK,-80.95999908447266,-91.2699966430664
20230510,688126,2,True,True,1,True,False,1,YELLOW,-170.7100067138672,-500.0
20230510,688127,0,False,False,0,False,False,0,WEAK,111.08000183105467,500.0
20230510,688128,2,True,True,1,True,False,1,YELLOW,14.5600004196167,21.63999938964844
20230510,688129,1,False,True,1,True,False,1,WEAK,-58.68000030517578,275.760009765625
20230510,688130,1,False,True,0,,False,-1,OK,-129.49000549316406,-500.0
20230510,688131,1,False,True,0,False,False,0,YELLOW,-24.600000381469727,-66.81999969482422
20230510,688132,0,False,False,0,,False,-1,YELLOW,33.470001220703125,500.0
20230510,688133,1,True,False,0,False,False,0,YELLOW,-28.770000457763672,-90.6999969482422
20230510,688135,1,False,True,0,False,False,0,WEAK,-28.6200008392334,-67.26000213623047
20230510,688136,0,False,False,0,False,False,0,WEAK,-34.45000076293945,180.77000427246097
20230510,688137,0,False,False,0,,False,-1,WEAK,-101.08000183105467,-273.6199951171875
20230510,688138,1,True,False,1,True,False,1,YELLOW,44.27000045776367,194.2400054931641
20230510,688139,1,True,False,1,True,False,1,OK,-28.13999938964844,6.639999866485596
20230510,688141,1,False,True,0,,False,-1,WEAK,-500.0,-274.6300048828125
20230510,688143,1,False,True,0,,False,-1,WEAK,-136.52000427246094,123.20999908447266
20230510,688147,1,False,True,0,,False,-1,WEAK,500.0,-500.0
20230510,688148,2,True,True,0,False,False,0,YELLOW,-482.5799865722656,-500.0
20230510,688150,1,False,True,0,False,False,0,OK,-40.720001220703125,106.97000122070312
20230510,688151,1,False,True,1,True,False,1,WEAK,-195.4900054931641,-198.3300018310547
20230510,688152,0,False,False,0,,False,-1,WEAK,-196.2400054931641,-231.3300018310547
20230510,688153,0,False,False,1,True,False,1,WEAK,-147.1300048828125,77.7699966430664
20230510,688155,2,True,True,0,False,False,0,WEAK,132.3699951171875,252.8300018310547
20230510,688156,1,False,True,0,False,False,0,OK,13.880000114440918,88.16000366210938
20230510,688157,1,False,True,0,False,False,0,OK,-18.0,500.0
20230510,688158,1,True,False,0,False,False,0,WEAK,28.649999618530273,38.0099983215332
20230510,688159,0,False,False,1,True,False,1,WEAK,-31.329999923706055,346.8399963378906
20230510,688160,1,False,True,0,False,False,0,OK,-39.15999984741211,-29.920000076293945
20230510,688161,0,False,False,0,False,False,0,WEAK,-73.18000030517578,-62.029998779296875
20230510,688162,2,True,True,0,False,False,0,WEAK,-300.3800048828125,-22.780000686645508
20230510,688163,1,False,True,0,False,False,0,WEAK,-21.950000762939453,-351.69000244140625
20230510,688165,1,False,True,1,True,False,1,WEAK,19.36000061035156,24.329999923706055
20230510,688166,1,True,False,0,False,False,0,OK,3.5899999141693115,-7.889999866485596
20230510,688167,1,False,True,0,False,False,0,YELLOW,-67.12000274658203,-382.2999877929687
20230510,688168,0,False,False,0,False,False,0,WEAK,-97.9000015258789,23.8799991607666
20230510,688169,0,False,False,1,True,False,1,OK,46.06999969482422,110.02999877929688
20230510,688170,0,False,False,0,False,False,0,OK,-154.6999969482422,-500.0
20230510,688171,1,False,True,0,False,False,0,WEAK,-26.809999465942383,13.539999961853027
20230510,688172,0,False,False,0,,False,-1,UNKNOWN,-38.93000030517578,-99.29000091552734
20230510,688173,1,False,True,0,False,False,0,WEAK,-500.0,18.540000915527344
20230510,688175,0,False,False,0,False,False,0,WEAK,-163.27999877929688,19.770000457763672
20230510,688176,1,False,True,0,False,False,0,WEAK,-40.52000045776367,-25.86000061035156
20230510,688177,1,False,True,0,False,False,0,WEAK,-43.31999969482422,27.770000457763672
20230510,688178,2,True,True,0,False,False,0,YELLOW,-81.5199966430664,366.6000061035156
20230510,688179,1,False,True,0,False,False,0,WEAK,-14.260000228881836,-2.8399999141693115
20230510,688180,0,False,False,0,False,False,0,WEAK,17.459999084472656,45.11000061035156
20230510,688181,1,False,True,0,False,False,0,OK,-46.5,19.049999237060547
20230510,688182,2,True,True,1,True,False,1,WEAK,-10.149999618530272,117.87999725341795
20230510,688183,0,False,False,1,True,False,1,WEAK,-112.01000213623048,432.4800109863281
20230510,688185,0,False,False,0,False,False,0,WEAK,-85.27999877929688,0.2199999988079071
20230510,688186,1,True,False,1,True,False,1,YELLOW,11.15999984741211,-92.30999755859376
20230510,688187,2,True,True,0,False,False,0,WEAK,47.56999969482422,44.849998474121094
20230510,688188,2,True,True,0,False,False,0,OK,41.56999969482422,50.43000030517578
20230510,688189,2,True,True,0,False,False,0,OK,-31.1200008392334,10.859999656677246
20230510,688190,1,True,False,0,False,False,0,YELLOW,66.97000122070312,4.900000095367432
20230510,688191,1,False,True,1,True,False,1,WEAK,9.59000015258789,53.40999984741211
20230510,688192,1,False,True,0,False,False,0,WEAK,-56.36000061035156,-1.600000023841858
20230510,688193,0,False,False,0,False,False,0,WEAK,-215.8500061035156,110.98999786376952
20230510,688195,1,False,True,1,True,False,1,YELLOW,-34.290000915527344,122.08999633789062
20230510,688196,0,False,False,0,False,False,0,YELLOW,-57.83000183105469,-64.5999984741211
20230510,688197,1,True,False,1,True,False,1,WEAK,-0.949999988079071,-19.030000686645508
20230510,688198,1,False,True,0,False,False,0,OK,23.850000381469727,-29.260000228881836
20230510,688199,0,False,False,1,True,False,1,WEAK,-192.02999877929688,63.25
20230510,688200,0,False,False,0,False,False,0,WEAK,-47.77000045776367,-55.20000076293945
20230510,688202,1,True,False,0,False,False,0,OK,-62.02000045776367,-140.77000427246094
20230510,688203,1,False,True,0,,False,-1,WEAK,19.63999938964844,87.52999877929688
20230510,688205,1,False,True,0,,False,-1,WEAK,-48.970001220703125,7.130000114440918
20230510,688206,1,False,True,0,False,False,0,WEAK,-250.58999633789065,-500.0
20230510,688207,2,True,True,0,False,False,0,WEAK,-6.03000020980835,-500.0
20230510,688208,1,True,False,0,False,False,0,OK,224.2899932861328,70.6500015258789
20230510,688209,0,False,False,0,False,False,0,WEAK,-94.6999969482422,115.76000213623048
20230510,688210,1,False,True,0,False,False,0,WEAK,-64.26000213623047,283.8999938964844
20230510,688211,1,True,False,1,True,False,1,WEAK,-85.0199966430664,-463.1799926757813
20230510,688212,2,True,True,0,False,False,0,OK,500.0,-101.54000091552734
20230510,688213,1,False,True,1,True,False,1,WEAK,22.43000030517578,179.05999755859375
20230510,688215,2,True,True,0,False,False,0,WEAK,43.16999816894531,-78.87999725341797
20230510,688216,1,False,True,0,False,False,0,WEAK,-227.0800018310547,37.439998626708984
20230510,688217,1,True,False,0,False,False,0,WEAK,-46.13999938964844,-142.0800018310547
20230510,688218,1,True,False,0,False,False,0,YELLOW,425.94000244140625,183.9600067138672
20230510,688219,0,False,False,1,True,False,1,YELLOW,349.92999267578125,151.6300048828125
20230510,688220,1,False,True,1,True,False,1,WEAK,-101.79000091552734,31.299999237060547
20230510,688221,1,False,True,0,False,False,0,WEAK,-1.2000000476837158,23.549999237060547
20230510,688222,2,True,True,1,True,False,1,WEAK,-87.41000366210938,179.39999389648438
20230510,688223,2,True,True,0,False,False,0,YELLOW,298.94000244140625,-84.33999633789062
20230510,688225,0,False,False,1,True,False,1,WEAK,-18.329999923706055,-33.630001068115234
20230510,688226,1,False,True,0,False,False,0,YELLOW,65.7300033569336,221.52999877929688
20230510,688227,0,False,False,0,False,False,0,WEAK,-101.2699966430664,-24.940000534057617
20230510,688228,0,False,False,1,True,False,1,WEAK,-85.08999633789062,97.26000213623048
20230510,688229,2,True,True,1,True,False,1,WEAK,-33.7400016784668,25.959999084472656
20230510,688230,0,False,False,0,False,False,0,OK,-57.18000030517578,363.75
20230510,688231,1,False,True,0,,False,-1,YELLOW,12.989999771118164,26.38999938964844
20230510,688232,1,False,True,0,False,False,0,WEAK,-446.8900146484375,34.2599983215332
20230510,688233,1,False,True,0,False,False,0,WEAK,-133.69000244140625,107.56999969482422
20230510,688234,2,True,True,0,False,False,0,WEAK,32.619998931884766,195.6999969482422
20230510,688235,0,False,False,1,True,False,1,WEAK,17.600000381469727,29.969999313354492
20230510,688236,1,False,True,1,True,False,1,WEAK,-10.9399995803833,-1.4600000381469729
20230510,688237,0,False,False,0,False,False,0,WEAK,-11.029999732971191,-14.140000343322754
20230510,688238,1,False,True,0,False,False,0,WEAK,-373.7099914550781,-42.119998931884766
20230510,688239,1,False,True,0,False,False,0,OK,25.850000381469727,5.329999923706055
20230510,688244,0,False,False,0,,False,-1,WEAK,-69.13999938964844,-17.530000686645508
20230510,688246,2,True,True,1,True,False,1,WEAK,500.0,46.65999984741211
20230510,688247,0,False,False,0,,False,-1,WEAK,-43.779998779296875,304.6600036621094
20230510,688248,2,True,True,0,False,False,0,YELLOW,9.859999656677246,37.189998626708984
20230510,688251,1,False,True,0,False,False,0,WEAK,-150.69000244140625,-6.349999904632568
20230510,688252,0,False,False,0,,False,-1,WEAK,-54.54999923706055,133.19000244140625
20230510,688253,2,True,True,0,,False,-1,WEAK,-42.97999954223633,198.41000366210935
20230510,688255,1,False,True,1,True,False,1,YELLOW,-70.97000122070312,161.82000732421875
20230510,688256,1,True,False,1,True,False,1,WEAK,17.149999618530273,13.520000457763672
20230510,688257,2,True,True,0,False,False,0,WEAK,30.979999542236328,23.100000381469727
20230510,688258,0,False,False,1,True,False,1,WEAK,-59.75,5.309999942779541
20230510,688259,0,False,False,0,False,False,0,WEAK,-47.279998779296875,11.510000228881836
20230510,688260,1,False,True,0,False,False,0,WEAK,-500.0,-7.25
20230510,688261,2,True,True,0,False,False,0,YELLOW,-37.810001373291016,-99.54000091552734
20230510,688262,1,False,True,1,True,False,1,WEAK,-385.8999938964844,-48.060001373291016
20230510,688265,1,False,True,0,False,False,0,WEAK,-44.16999816894531,-1.4500000476837158
20230510,688266,1,True,False,1,True,False,1,WEAK,38.209999084472656,33.5099983215332
20230510,688267,1,False,True,0,False,False,0,WEAK,-46.439998626708984,500.0
20230510,688268,1,True,False,1,True,False,1,YELLOW,-37.189998626708984,12.4399995803833
20230510,688269,1,False,True,0,False,False,0,YELLOW,-44.58000183105469,-79.72000122070312
20230510,688271,1,True,False,0,,False,-1,YELLOW,15.109999656677246,8.520000457763672
20230510,688272,1,False,True,0,False,False,0,WEAK,1.149999976158142,136.07000732421875
20230510,688273,1,True,False,0,,False,-1,WEAK,-8.539999961853027,24.670000076293945
20230510,688275,0,False,False,0,,False,-1,WEAK,-225.8999938964844,-227.3699951171875
20230510,688276,1,True,False,1,True,False,1,OK,62.90999984741211,228.8699951171875
20230510,688277,0,False,False,1,True,False,1,OK,-18.899999618530273,-0.0900000035762786
20230510,688278,1,True,False,1,True,False,1,OK,68.69000244140625,42.900001525878906
20230510,688279,1,False,True,0,False,False,0,OK,-4.869999885559082,51.0099983215332
20230510,688280,1,False,True,0,False,False,0,WEAK,-14.619999885559082,1.2400000095367432
20230510,688281,2,True,True,1,True,False,1,OK,41.61000061035156,28.36000061035156
20230510,688282,1,False,True,1,True,False,1,WEAK,-153.89999389648438,-282.75
20230510,688283,2,True,True,0,False,False,0,OK,38.130001068115234,-71.86000061035156
20230510,688285,1,False,True,1,True,False,1,YELLOW,-23.829999923706055,-121.95999908447266
20230510,688286,1,False,True,0,False,False,0,WEAK,-252.97000122070312,33.560001373291016
20230510,688288,1,True,False,0,False,False,0,WEAK,37.97999954223633,-1.149999976158142
20230510,688289,0,False,False,0,False,False,0,WEAK,-98.68000030517578,500.0
20230510,688290,2,True,True,1,True,False,1,OK,-135.91000366210938,-396.6400146484375
20230510,688291,0,False,False,0,,False,-1,YELLOW,-39.7599983215332,-40.209999084472656
20230510,688292,1,False,True,0,,False,-1,WEAK,67.91000366210938,102.31999969482422
20230510,688293,0,False,False,0,,False,-1,YELLOW,-56.86000061035156,-23.3799991607666
20230510,688295,1,True,False,0,False,False,0,OK,-34.95000076293945,-86.97000122070312
20230510,688296,1,False,True,0,False,False,0,WEAK,-174.6199951171875,54.130001068115234
20230510,688297,1,False,True,1,True,False,1,YELLOW,-33.61000061035156,-158.42999267578125
20230510,688298,0,False,False,0,False,False,0,WEAK,-103.41999816894533,-281.260009765625
20230510,688299,0,False,False,0,False,False,0,WEAK,-40.880001068115234,-57.16999816894531
20230510,688300,0,False,False,1,True,False,1,WEAK,-8.649999618530273,99.97000122070312
20230510,688301,2,True,True,0,False,False,0,OK,21.260000228881836,6.0
20230510,688302,2,True,True,1,True,False,1,WEAK,-5.03000020980835,36.18000030517578
20230510,688303,1,False,True,1,True,False,1,WEAK,-67.94999694824219,-87.83999633789062
20230510,688305,2,True,True,0,False,False,0,OK,116.0,-13.359999656677246
20230510,688306,1,False,True,0,False,False,0,WEAK,-337.0299987792969,18.559999465942383
20230510,688307,0,False,False,0,,False,-1,UNKNOWN,-50.81999969482422,500.0
20230510,688308,0,False,False,0,False,False,0,OK,-20.979999542236328,-72.43000030517578
20230510,688309,0,False,False,1,True,False,1,OK,467.7300109863281,-93.20999908447266
20230510,688310,2,True,True,1,True,False,1,OK,402.9299926757813,-25.1200008392334
20230510,688311,0,False,False,0,False,False,0,WEAK,42.279998779296875,-8.039999961853027
20230510,688312,1,False,True,0,False,False,0,OK,-37.56999969482422,322.5400085449219
20230510,688313,0,False,False,1,True,False,1,WEAK,-201.9199981689453,94.26000213623048
20230510,688314,1,True,False,0,False,False,0,OK,-0.7300000190734863,0.5699999928474426
20230510,688315,1,True,False,0,False,False,0,OK,-0.270000010728836,6.849999904632568
20230510,688316,1,True,False,1,True,False,1,WEAK,44.4900016784668,80.33000183105469
20230510,688317,0,False,False,0,False,False,0,WEAK,-95.9800033569336,267.9800109863281
20230510,688318,2,True,True,1,True,False,1,OK,21.65999984741211,0.7300000190734863
20230510,688319,1,True,False,0,False,False,0,OK,-45.88999938964844,-500.0
20230510,688320,1,False,True,0,False,False,0,WEAK,-45.790000915527344,-179.9499969482422
20230510,688321,1,False,True,0,False,False,0,WEAK,-299.32000732421875,42.540000915527344
20230510,688322,0,False,False,1,True,False,1,WEAK,2.190000057220459,50.790000915527344
20230510,688323,0,False,False,0,False,False,0,WEAK,-143.89999389648438,-97.31999969482422
20230510,688325,1,False,True,0,False,False,0,WEAK,-95.91999816894533,184.1999969482422
20230510,688326,1,False,True,0,False,False,0,WEAK,-315.5199890136719,-137.4499969482422
20230510,688327,1,False,True,1,True,False,1,WEAK,32.08000183105469,-12.470000267028809
20230510,688328,0,False,False,0,False,False,0,WEAK,-500.0,-35.97999954223633
20230510,688329,0,False,False,0,False,False,0,WEAK,-41.47999954223633,-453.3599853515625
20230510,688330,1,False,True,0,False,False,0,WEAK,-65.94000244140625,-22.280000686645508
20230510,688331,0,False,False,0,False,False,0,WEAK,-48.400001525878906,-4.150000095367432
20230510,688332,2,True,True,0,,False,-1,WEAK,37.2400016784668,24.270000457763672
20230510,688333,2,True,True,0,False,False,0,WEAK,128.11000061035156,55.5099983215332
20230510,688335,2,True,True,1,True,False,1,WEAK,-65.37000274658203,-107.68000030517578
20230510,688336,2,True,True,1,True,False,1,WEAK,500.0,203.6000061035156
20230510,688337,2,True,True,0,False,False,0,OK,74.1500015258789,-151.3800048828125
20230510,688338,1,True,False,1,True,False,1,OK,15.010000228881836,14.229999542236328
20230510,688339,1,False,True,0,False,False,0,WEAK,-131.10000610351562,-125.47000122070312
20230510,688343,0,False,False,0,,False,-1,WEAK,0.0,-28.729999542236328
20230510,688345,0,False,False,0,False,False,0,WEAK,-56.060001373291016,-489.5400085449219
20230510,688348,2,True,True,0,False,False,0,OK,-35.130001068115234,-67.1500015258789
20230510,688349,1,False,True,1,True,False,1,WEAK,-22.84000015258789,-41.72999954223633
20230510,688350,1,False,True,0,False,False,0,YELLOW,-56.900001525878906,13.15999984741211
20230510,688351,1,False,True,0,,False,-1,WEAK,-500.0,91.18000030517578
20230510,688353,1,False,True,0,False,False,0,WEAK,-102.88999938964844,-500.0
20230510,688355,1,False,True,0,False,False,0,WEAK,-336.8699951171875,-37.45000076293945
20230510,688356,2,True,True,0,False,False,0,OK,-38.7400016784668,-73.45999908447266
20230510,688357,1,True,False,0,False,False,0,WEAK,15.550000190734863,-52.09000015258789
20230510,688358,1,True,False,1,True,False,1,OK,9.239999771118164,-13.170000076293944
20230510,688359,1,False,True,1,True,False,1,WEAK,4.559999942779541,111.86000061035156
20230510,688360,2,True,True,1,True,False,1,YELLOW,11.020000457763672,9.649999618530272
20230510,688362,1,False,True,0,,False,-1,WEAK,-224.83999633789065,33.279998779296875
20230510,688363,1,False,True,0,False,False,0,OK,-27.969999313354492,53.29999923706055
20230510,688365,2,True,True,1,True,False,1,WEAK,44.81999969482422,16.09000015258789
20230510,688366,1,True,False,0,False,False,0,OK,116.86000061035156,33.04999923706055
20230510,688367,1,True,False,0,False,False,0,WEAK,-54.70000076293945,167.27999877929688
20230510,688368,0,False,False,0,False,False,0,WEAK,70.86000061035156,60.75
20230510,688369,0,False,False,0,False,False,0,WEAK,-246.07000732421875,23.68000030517578
20230510,688370,0,False,False,0,,False,-1,WEAK,-36.66999816894531,-53.540000915527344
20230510,688371,0,False,False,0,,False,-1,WEAK,-500.0,105.11000061035156
20230510,688372,0,False,False,0,,False,-1,WEAK,-56.43000030517578,-120.38999938964844
20230510,688373,1,False,True,0,,False,-1,WEAK,-41.4900016784668,-62.810001373291016
20230510,688375,2,True,True,0,,False,-1,YELLOW,6.519999980926514,15.710000038146973
20230510,688376,0,False,False,0,,False,-1,YELLOW,29.149999618530273,7.070000171661377
20230510,688377,2,True,True,0,False,False,0,YELLOW,39.5,-14.4399995803833
20230510,688378,1,True,False,1,True,False,1,OK,-19.0,-16.90999984741211
20230510,688379,2,True,True,0,False,False,0,WEAK,311.5299987792969,-3.859999895095825
20230510,688380,0,False,False,0,,False,-1,WEAK,-140.27000427246094,500.0
20230510,688381,0,False,False,0,,False,-1,YELLOW,-115.06999969482422,116.18000030517578
20230510,688382,1,True,False,0,,False,-1,WEAK,35.58000183105469,30.579999923706055
20230510,688383,1,False,True,1,True,False,1,OK,-74.61000061035156,-51.27000045776367
20230510,688385,0,False,False,0,False,False,0,WEAK,-27.75,-13.93000030517578
20230510,688386,0,False,False,0,False,False,0,YELLOW,21.8700008392334,47.7599983215332
20230510,688387,1,False,True,0,,False,-1,YELLOW,16.049999237060547,-500.0
20230510,688388,0,False,False,0,False,False,0,WEAK,-97.88999938964844,-244.8999938964844
20230510,688389,1,True,False,1,True,False,1,OK,31.09000015258789,24.600000381469727
20230510,688390,2,True,True,0,False,False,0,OK,235.2899932861328,-110.4800033569336
20230510,688391,0,False,False,0,,False,-1,YELLOW,-35.560001373291016,-77.12999725341797
20230510,688392,0,False,False,0,,False,-1,OK,-18.420000076293945,-107.16999816894533
20230510,688393,1,False,True,0,False,False,0,WEAK,-14.0,78.58999633789062
20230510,688395,2,True,True,1,True,False,1,WEAK,36.619998931884766,-61.56999969482422
20230510,688396,1,False,True,1,True,False,1,OK,-50.599998474121094,-82.83000183105469
20230510,688398,2,True,True,1,True,False,1,WEAK,125.08000183105467,152.10000610351562
20230510,688399,0,False,False,0,False,False,0,WEAK,-112.79000091552734,143.3699951171875
20230510,688400,1,True,False,1,True,False,1,OK,-22.8799991607666,-420.9299926757813
20230510,688401,2,True,True,0,,False,-1,YELLOW,18.950000762939453,59.15999984741211
20230510,688403,1,False,True,0,,False,-1,WEAK,12.279999732971191,30.020000457763672
20230510,688408,2,True,True,0,False,False,0,YELLOW,500.0,500.0
20230510,688409,1,False,True,0,,False,-1,YELLOW,-70.18000030517578,500.0
20230510,688410,1,False,True,0,,False,-1,OK,500.0,-59.20000076293945
20230510,688416,0,False,False,0,,False,-1,WEAK,-481.3800048828125,-74.68000030517578
20230510,688418,2,True,True,1,True,False,1,WEAK,55.59000015258789,5.010000228881836
20230510,688419,0,False,False,0,,False,-1,YELLOW,-37.41999816894531,53.060001373291016
20230510,688420,0,False,False,0,,False,-1,WEAK,-60.099998474121094,35.349998474121094
20230510,688425,2,True,True,1,True,False,1,OK,-19.11000061035156,-17.639999389648438
20230510,688426,0,False,False,0,,False,-1,OK,-139.6300048828125,-500.0
20230510,688428,0,False,False,0,,False,-1,WEAK,36.41999816894531,
20230510,688432,0,False,False,0,,False,-1,YELLOW,-41.529998779296875,-24.09000015258789
20230510,688435,1,False,True,0,,False,-1,WEAK,-326.75,-141.3699951171875
20230510,688439,0,False,False,0,,False,-1,OK,68.72000122070312,4.710000038146973
20230510,688448,1,False,True,0,,False,-1,WEAK,-18.440000534057617,-53.4900016784668
20230510,688455,0,False,False,0,,False,-1,WEAK,-500.0,3.059999942779541
20230510,688456,2,True,True,1,True,False,1,YELLOW,-26.059999465942383,-37.290000915527344
20230510,688459,0,False,False,0,,False,-1,WEAK,500.0,219.4900054931641
20230510,688466,2,True,True,1,True,False,1,OK,91.9800033569336,7.409999847412109
20230510,688468,1,False,True,0,False,False,0,OK,5.900000095367432,13.5600004196167
20230510,688475,0,False,False,0,,False,-1,YELLOW,82.94000244140625,34.939998626708984
20230510,688480,0,False,False,0,,False,-1,OK,7.849999904632568,43.380001068115234
20230510,688484,1,False,True,0,,False,-1,UNKNOWN,0.0,226.69000244140625
20230510,688485,0,False,False,0,,False,-1,WEAK,-175.89999389648438,46.95000076293945
20230510,688486,0,False,False,0,,False,-1,OK,22.5,379.5499877929687
20230510,688488,1,True,False,1,True,False,1,OK,51.810001373291016,-218.9199981689453
20230510,688489,0,False,False,0,,False,-1,WEAK,35.540000915527344,-171.9199981689453
20230510,688498,1,False,True,0,,False,-1,OK,-94.51000213623048,109.72000122070312
20230510,688499,0,False,False,0,False,False,0,WEAK,-98.70999908447266,-146.5
20230510,688500,0,False,False,0,False,False,0,WEAK,-192.6199951171875,1.5399999618530271
20230510,688501,2,True,True,0,False,False,0,OK,80.76000213623047,500.0
20230510,688502,1,False,True,0,,False,-1,WEAK,0.0,-82.91000366210938
20230510,688503,1,False,True,0,,False,-1,WEAK,49.18000030517578,37.25
20230510,688505,1,True,False,1,True,False,1,OK,220.7400054931641,-292.19000244140625
20230510,688506,0,False,False,0,,False,-1,WEAK,-108.06999969482422,500.0
20230510,688508,1,False,True,0,False,False,0,OK,-29.770000457763672,41.97999954223633
20230510,688509,1,True,False,1,True,False,1,WEAK,-15.739999771118164,-166.11000061035156
20230510,688510,1,True,False,1,True,False,1,YELLOW,500.0,174.1999969482422
20230510,688511,0,False,False,1,True,False,1,WEAK,28.15999984741211,-51.93000030517578
20230510,688513,1,True,False,1,True,False,1,YELLOW,1.6699999570846558,12.4399995803833
20230510,688515,0,False,False,0,,False,-1,UNKNOWN,-500.0,-108.43000030517578
20230510,688516,2,True,True,0,False,False,0,OK,83.5199966430664,61.25
20230510,688517,2,True,True,1,True,False,1,YELLOW,48.209999084472656,132.11000061035156
20230510,688518,1,True,False,0,False,False,0,OK,29.6200008392334,-66.26000213623047
20230510,688519,0,False,False,0,False,False,0,WEAK,-500.0,157.25
20230510,688520,2,True,True,0,False,False,0,WEAK,103.0500030517578,368.260009765625
20230510,688521,0,False,False,1,True,False,1,WEAK,-500.0,-178.9499969482422
20230510,688522,1,False,True,0,,False,-1,OK,0.0,-56.099998474121094
20230510,688525,0,False,False,0,,False,-1,WEAK,-500.0,227.7599945068359
20230510,688526,2,True,True,0,False,False,0,WEAK,26.719999313354492,-40.560001373291016
20230510,688528,1,False,True,0,False,False,0,WEAK,-479.6799926757813,56.20000076293945
20230510,688529,2,True,True,0,False,False,0,YELLOW,30.8799991607666,
20230510,688531,1,False,True,0,,False,-1,UNKNOWN,88.08999633789062,177.82000732421875
20230510,688533,2,True,True,0,False,False,0,WEAK,98.62000274658205,50.970001220703125
20230510,688535,0,False,False,0,,False,-1,UNKNOWN,0.0,213.42999267578125
20230510,688536,0,False,False,0,False,False,0,OK,-122.76000213623048,-297.82000732421875
20230510,688538,0,False,False,1,True,False,1,WEAK,-119.3499984741211,-44.83000183105469
20230510,688550,0,False,False,0,False,False,0,OK,-56.0099983215332,199.57000732421875
20230510,688551,2,True,True,1,True,False,1,OK,125.08999633789062,-18.899999618530273
20230510,688553,1,False,True,0,False,False,0,WEAK,-78.98999786376953,110.52999877929688
20230510,688556,2,True,True,0,False,False,0,OK,174.0500030517578,-42.68000030517578
20230510,688557,1,True,False,0,False,False,0,WEAK,103.8499984741211,-337.6600036621094
20230510,688558,0,False,False,0,False,False,0,WEAK,-15.859999656677246,-27.309999465942383
20230510,688559,2,True,True,0,False,False,0,YELLOW,37.58000183105469,16.889999389648438
20230510,688560,1,False,True,0,False,False,0,YELLOW,-69.61000061035156,-58.290000915527344
20230510,688561,0,False,False,0,False,False,0,WEAK,4.300000190734863,17.290000915527344
20230510,688565,1,False,True,0,False,False,0,WEAK,-346.2099914550781,-42.33000183105469
20230510,688566,2,True,True,1,True,False,1,OK,124.58999633789062,37.25
20230510,688567,0,False,False,0,False,False,0,WEAK,-286.739990234375,49.630001068115234
20230510,688568,2,True,True,1,True,False,1,OK,74.0999984741211,-75.31999969482422
20230510,688569,2,True,True,1,True,False,1,OK,57.36000061035156,-60.529998779296875
20230510,688571,1,True,False,1,True,False,1,YELLOW,117.97000122070312,105.0
20230510,688575,1,False,True,0,False,False,0,WEAK,-78.76000213623047,-31.290000915527344
20230510,688577,0,False,False,0,False,False,0,YELLOW,-66.44999694824219,-75.8499984741211
20230510,688578,1,True,False,1,True,False,1,OK,500.0,500.0
20230510,688579,1,True,False,1,True,False,1,OK,85.37999725341797,-14.59000015258789
20230510,688580,2,True,True,1,True,False,1,OK,89.48999786376953,-27.420000076293945
20230510,688585,0,False,False,0,False,False,0,YELLOW,0.2199999988079071,0.3400000035762787
20230510,688586,2,True,True,1,True,False,1,WEAK,-16.700000762939453,1.090000033378601
20230510,688588,1,True,False,1,True,False,1,YELLOW,-41.4900016784668,-142.00999450683594
20230510,688589,2,True,True,1,True,False,1,YELLOW,106.31999969482422,5.539999961853027
20230510,688590,2,True,True,1,True,False,1,WEAK,403.4100036621094,500.0
20230510,688595,0,False,False,0,False,False,0,WEAK,-235.42999267578125,33.70000076293945
20230510,688596,2,True,True,1,True,False,1,YELLOW,57.11000061035156,122.29000091552734
20230510,688597,1,False,True,0,False,False,0,WEAK,-72.37000274658203,-53.709999084472656
20230510,688598,1,False,True,0,False,False,0,WEAK,-78.23999786376953,-340.8500061035156
20230510,688599,2,True,True,0,False,False,0,YELLOW,128.49000549316406,-74.1500015258789
20230510,688600,2,True,True,1,True,False,1,OK,196.7599945068359,-500.0
20230510,688601,1,False,True,1,True,False,1,YELLOW,-26.68000030517578,113.37999725341795
20230510,688606,1,False,True,0,False,False,0,WEAK,-92.62000274658205,30.829999923706055
20230510,688607,2,True,True,0,False,False,0,WEAK,48.880001068115234,78.0199966430664
20230510,688608,1,False,True,1,True,False,1,WEAK,-17.459999084472656,136.75999450683594
20230510,688609,2,True,True,1,True,False,1,YELLOW,-360.75,-71.02999877929688
20230510,688611,2,True,True,1,True,False,1,WEAK,-16.559999465942383,-66.76000213623047
20230510,688613,2,True,True,0,False,False,0,YELLOW,-26.530000686645508,-77.11000061035156
20230510,688616,0,False,False,0,False,False,0,WEAK,13.710000038146973,281.4700012207031
20230510,688617,2,True,True,1,True,False,1,OK,54.599998474121094,51.59000015258789
20230510,688618,2,True,True,0,False,False,0,OK,40.59000015258789,40.27000045776367
20230510,688619,0,False,False,1,True,False,1,WEAK,75.75,-22.729999542236328
20230510,688621,1,True,False,0,False,False,0,OK,39.310001373291016,41.68000030517578
20230510,688625,2,True,True,0,False,False,0,YELLOW,23.170000076293945,21.989999771118164
20230510,688626,2,True,True,1,True,False,1,OK,194.97000122070312,12.06999969482422
20230510,688628,1,False,True,1,True,False,1,YELLOW,38.959999084472656,41.58000183105469
20230510,688630,1,True,False,0,False,False,0,OK,34.099998474121094,28.469999313354492
20230510,688633,1,False,True,0,False,False,0,OK,10.710000038146973,19.020000457763672
20230510,688636,0,False,False,0,False,False,0,WEAK,-30.450000762939453,-49.61000061035156
20230510,688639,2,True,True,0,False,False,0,OK,55.56999969482422,9.699999809265137
20230510,688655,2,True,True,1,True,False,1,YELLOW,-86.33000183105469,-246.32000732421875
20230510,688656,1,False,True,0,False,False,0,WEAK,-14.449999809265137,-29.6200008392334
20230510,688658,2,True,True,1,True,False,1,OK,-54.47999954223633,-22.219999313354492
20230510,688659,1,True,False,0,False,False,0,WEAK,-276.29998779296875,-53.33000183105469
20230510,688660,1,False,True,1,True,False,1,WEAK,-500.0,-12.859999656677246
20230510,688661,1,False,True,1,True,False,1,WEAK,-192.94000244140625,52.47999954223633
20230510,688662,0,False,False,1,True,False,1,YELLOW,-125.55999755859376,291.0
20230510,688663,2,True,True,0,False,False,0,WEAK,65.54000091552734,104.5999984741211
20230510,688665,1,False,True,0,False,False,0,WEAK,2.990000009536743,-55.220001220703125
20230510,688667,1,False,True,0,False,False,0,OK,-13.06999969482422,-116.4499969482422
20230510,688668,1,False,True,0,False,False,0,OK,-64.5,-48.18000030517578
20230510,688669,2,True,True,1,True,False,1,YELLOW,19.219999313354492,-193.77999877929688
20230510,688670,1,True,False,1,True,False,1,OK,-149.69000244140625,-174.6999969482422
20230510,688676,2,True,True,0,False,False,0,YELLOW,94.58000183105467,36.630001068115234
20230510,688677,2,True,True,0,False,False,0,OK,-14.1899995803833,-21.399999618530273
20230510,688678,1,False,True,0,False,False,0,WEAK,-60.90999984741211,500.0
20230510,688679,2,True,True,1,True,False,1,WEAK,-21.989999771118164,-183.5500030517578
20230510,688680,1,False,True,0,False,False,0,WEAK,-180.5500030517578,-192.0099945068359
20230510,688681,1,True,False,1,True,False,1,WEAK,120.08000183105467,-14.18000030517578
20230510,688682,1,True,False,0,False,False,0,OK,-22.18000030517578,-63.63999938964844
20230510,688683,1,False,True,1,True,False,1,WEAK,-31.440000534057617,4.539999961853027
20230510,688685,1,False,True,0,False,False,0,OK,-46.58000183105469,-8.579999923706055
20230510,688686,2,True,True,0,False,False,0,OK,-28.56999969482422,-16.649999618530273
20230510,688687,1,False,True,0,False,False,0,OK,49.900001525878906,66.5
20230510,688689,0,False,False,0,False,False,0,YELLOW,-35.630001068115234,113.22000122070312
20230510,688690,0,False,False,0,False,False,0,YELLOW,-85.47000122070312,126.08000183105467
20230510,688696,1,False,True,0,False,False,0,OK,-84.69999694824219,-80.5199966430664
20230510,688697,1,True,False,0,False,False,0,YELLOW,25.63999938964844,-10.100000381469728
20230510,688698,2,True,True,1,True,False,1,OK,54.36000061035156,33.33000183105469
20230510,688699,0,False,False,0,False,False,0,WEAK,-500.0,61.33000183105469
20230510,688700,2,True,True,0,False,False,0,OK,1.950000047683716,-40.13999938964844
20230510,688701,1,False,True,1,True,False,1,WEAK,-73.86000061035156,54.650001525878906
20230510,688707,0,False,False,0,False,False,0,YELLOW,-95.86000061035156,-293.44000244140625
20230510,688711,2,True,True,0,False,False,0,YELLOW,70.19999694824219,-118.47000122070312
20230510,688718,2,True,True,0,False,False,0,WEAK,71.01000213623047,-42.0
20230510,688722,2,True,True,0,False,False,0,OK,9.199999809265137,-71.44999694824219
20230510,688728,0,False,False,0,False,False,0,WEAK,-105.86000061035156,108.83999633789062
20230510,688733,0,False,False,0,False,False,0,WEAK,-110.91000366210938,-500.0
20230510,688737,2,True,True,0,False,False,0,WEAK,114.97000122070312,500.0
20230510,688739,0,False,False,1,True,False,1,YELLOW,-18.90999984741211,-41.09000015258789
20230510,688766,1,False,True,0,False,False,0,WEAK,-209.47999572753903,232.9900054931641
20230510,688767,1,False,True,0,False,False,0,WEAK,-91.26000213623048,335.54998779296875
20230510,688768,1,False,True,0,False,False,0,WEAK,-167.38999938964844,14.75
20230510,688772,1,False,True,0,False,False,0,WEAK,294.4700012207031,90.18000030517578
20230510,688776,1,False,True,0,False,False,0,WEAK,-62.04999923706055,38.630001068115234
20230510,688777,2,True,True,1,True,False,1,WEAK,55.560001373291016,76.05000305175781
20230510,688778,0,False,False,0,False,False,0,YELLOW,-52.34000015258789,4.28000020980835
20230510,688779,1,False,True,0,False,False,0,WEAK,-97.75,55.849998474121094
20230510,688786,1,False,True,0,False,False,0,WEAK,-20.40999984741211,0.8700000047683716
20230510,688787,0,False,False,0,False,False,0,WEAK,-500.0,84.4800033569336
20230510,688788,0,False,False,0,False,False,0,WEAK,-133.22999572753906,-28.959999084472656
20230510,688789,1,False,True,0,False,False,0,YELLOW,25.36000061035156,33.47999954223633
20230510,688793,2,True,True,1,True,False,1,WEAK,65.0,500.0
20230510,688798,1,False,True,0,False,False,0,WEAK,-500.0,118.12000274658205
20230510,688799,1,True,False,1,True,False,1,WEAK,38.709999084472656,0.2800000011920929
20230510,688800,1,False,True,0,False,False,0,YELLOW,-52.41999816894531,8.100000381469727
20230510,688819,2,True,True,1,True,False,1,YELLOW,26.010000228881836,-71.94999694824219
20230510,688981,2,True,True,1,True,False,1,OK,-68.18000030517578,-66.5199966430664
20230510,689009,0,False,False,1,True,False,1,YELLOW,-12.449999809265137,500.0
20230510,920000,-1,,,0,,False,-1,UNKNOWN,,
20230510,920001,-1,,,0,,False,-1,UNKNOWN,,
20230510,920010,-1,,,0,,False,-1,UNKNOWN,,
20230510,920014,-1,,,0,,False,-1,UNKNOWN,,
20230510,920021,-1,,,1,,True,-1,UNKNOWN,,
20230510,920030,-1,,,0,,False,-1,UNKNOWN,,
20230510,920033,-1,,,0,,False,-1,UNKNOWN,,
20230510,920039,-1,,,0,,False,-1,UNKNOWN,,
20230510,920046,-1,,,0,,False,-1,UNKNOWN,,
20230510,920047,-1,,,0,,False,-1,UNKNOWN,,
20230510,920057,-1,,,1,,True,-1,UNKNOWN,,
20230510,920062,-1,,,0,,False,-1,UNKNOWN,,
20230510,920075,-1,,,0,,False,-1,UNKNOWN,,
20230510,920077,-1,,,0,,False,-1,UNKNOWN,,
20230510,920087,-1,,,0,,False,-1,UNKNOWN,,
20230510,920089,-1,,,0,,False,-1,UNKNOWN,,
20230510,920092,-1,,,0,,False,-1,UNKNOWN,,
20230510,920110,-1,,,0,,False,-1,UNKNOWN,,
20230510,920122,-1,,,0,,False,-1,UNKNOWN,,
20230510,920139,-1,,,0,,False,-1,UNKNOWN,,
20230510,920145,-1,,,0,,False,-1,UNKNOWN,,
20230510,920146,-1,,,0,,False,-1,UNKNOWN,,
20230510,920149,-1,,,1,,True,-1,UNKNOWN,,
20230510,920152,-1,,,0,,False,-1,UNKNOWN,,
20230510,920163,-1,,,0,,False,-1,UNKNOWN,,
20230510,920167,-1,,,0,,False,-1,UNKNOWN,,
20230510,920169,-1,,,0,,False,-1,UNKNOWN,,
20230510,920171,-1,,,0,,False,-1,UNKNOWN,,
20230510,920174,-1,,,0,,False,-1,UNKNOWN,,
20230510,920179,-1,,,0,,False,-1,UNKNOWN,,
20230510,920184,-1,,,0,,False,-1,UNKNOWN,,
20230510,920185,-1,,,0,,False,-1,UNKNOWN,,
20230510,920190,-1,,,0,,False,-1,UNKNOWN,,
20230510,920195,-1,,,0,,False,-1,UNKNOWN,,
20230510,920198,-1,,,0,,False,-1,UNKNOWN,,
20230510,920199,-1,,,0,,False,-1,UNKNOWN,,
20230510,920204,-1,,,0,,False,-1,UNKNOWN,,
20230510,920207,-1,,,0,,False,-1,UNKNOWN,,
20230510,920212,-1,,,0,,False,-1,UNKNOWN,,
20230510,920223,-1,,,0,,False,-1,UNKNOWN,,
20230510,920225,-1,,,0,,False,-1,UNKNOWN,,
20230510,920227,-1,,,0,,False,-1,UNKNOWN,,
20230510,920230,-1,,,0,,False,-1,UNKNOWN,,
20230510,920237,-1,,,0,,False,-1,UNKNOWN,,
20230510,920239,-1,,,0,,False,-1,UNKNOWN,,
20230510,920242,-1,,,0,,False,-1,UNKNOWN,,
20230510,920245,-1,,,0,,False,-1,UNKNOWN,,
20230510,920247,-1,,,0,,False,-1,UNKNOWN,,
20230510,920249,-1,,,0,,False,-1,UNKNOWN,,
20230510,920252,-1,,,0,,False,-1,UNKNOWN,,
20230510,920260,-1,,,0,,False,-1,UNKNOWN,,
20230510,920261,-1,,,0,,False,-1,UNKNOWN,,
20230510,920262,-1,,,0,,False,-1,UNKNOWN,,
20230510,920263,-1,,,0,,False,-1,UNKNOWN,,
20230510,920266,-1,,,0,,False,-1,UNKNOWN,,
20230510,920267,-1,,,0,,False,-1,UNKNOWN,,
20230510,920270,-1,,,0,,False,-1,UNKNOWN,,
20230510,920271,-1,,,0,,False,-1,UNKNOWN,,
20230510,920273,-1,,,0,,False,-1,UNKNOWN,,
20230510,920275,-1,,,0,,False,-1,UNKNOWN,,
20230510,920278,-1,,,0,,False,-1,UNKNOWN,,
20230510,920299,-1,,,0,,False,-1,UNKNOWN,,
20230510,920300,-1,,,0,,False,-1,UNKNOWN,,
20230510,920339,-1,,,0,,False,-1,UNKNOWN,,
20230510,920344,-1,,,0,,False,-1,UNKNOWN,,
20230510,920346,-1,,,0,,False,-1,UNKNOWN,,
20230510,920351,-1,,,0,,False,-1,UNKNOWN,,
20230510,920357,-1,,,0,,False,-1,UNKNOWN,,
20230510,920367,-1,,,0,,False,-1,UNKNOWN,,
20230510,920368,-1,,,0,,False,-1,UNKNOWN,,
20230510,920370,-1,,,0,,False,-1,UNKNOWN,,
20230510,920371,-1,,,0,,False,-1,UNKNOWN,,
20230510,920374,-1,,,0,,False,-1,UNKNOWN,,
20230510,920378,-1,,,0,,False,-1,UNKNOWN,,
20230510,920392,-1,,,0,,False,-1,UNKNOWN,,
20230510,920395,-1,,,0,,False,-1,UNKNOWN,,
20230510,920396,-1,,,0,,False,-1,UNKNOWN,,
20230510,920402,-1,,,0,,False,-1,UNKNOWN,,
20230510,920405,-1,,,0,,False,-1,UNKNOWN,,
20230510,920407,-1,,,0,,False,-1,UNKNOWN,,
20230510,920414,-1,,,0,,False,-1,UNKNOWN,,
20230510,920415,-1,,,0,,False,-1,UNKNOWN,,
20230510,920418,-1,,,0,,False,-1,UNKNOWN,,
20230510,920419,-1,,,0,,False,-1,UNKNOWN,,
20230510,920422,-1,,,0,,False,-1,UNKNOWN,,
20230510,920425,-1,,,0,,False,-1,UNKNOWN,,
20230510,920427,-1,,,1,,True,-1,UNKNOWN,,
20230510,920429,-1,,,0,,False,-1,UNKNOWN,,
20230510,920433,-1,,,0,,False,-1,UNKNOWN,,
20230510,920436,-1,,,0,,False,-1,UNKNOWN,,
20230510,920445,-1,,,0,,False,-1,UNKNOWN,,
20230510,920454,-1,,,0,,False,-1,UNKNOWN,,
20230510,920475,-1,,,0,,False,-1,UNKNOWN,,
20230510,920476,-1,,,0,,False,-1,UNKNOWN,,
20230510,920478,-1,,,0,,False,-1,UNKNOWN,,
20230510,920489,-1,,,0,,False,-1,UNKNOWN,,
20230510,920491,-1,,,0,,False,-1,UNKNOWN,,
20230510,920505,-1,,,0,,False,-1,UNKNOWN,,
20230510,920508,-1,,,0,,False,-1,UNKNOWN,,
20230510,920509,-1,,,0,,False,-1,UNKNOWN,,
20230510,920510,-1,,,0,,False,-1,UNKNOWN,,
20230510,920523,-1,,,0,,False,-1,UNKNOWN,,
20230510,920526,-1,,,0,,False,-1,UNKNOWN,,
20230510,920527,-1,,,0,,False,-1,UNKNOWN,,
20230510,920533,-1,,,0,,False,-1,UNKNOWN,,
20230510,920541,-1,,,0,,False,-1,UNKNOWN,,
20230510,920553,-1,,,0,,False,-1,UNKNOWN,,
20230510,920556,-1,,,0,,False,-1,UNKNOWN,,
20230510,920564,-1,,,0,,False,-1,UNKNOWN,,
20230510,920566,-1,,,0,,False,-1,UNKNOWN,,
20230510,920571,-1,,,0,,False,-1,UNKNOWN,,
20230510,920580,-1,,,0,,False,-1,UNKNOWN,,
20230510,920599,-1,,,0,,False,-1,UNKNOWN,,
20230510,920608,-1,,,0,,False,-1,UNKNOWN,,
20230510,920634,-1,,,0,,False,-1,UNKNOWN,,
20230510,920639,-1,,,0,,False,-1,UNKNOWN,,
20230510,920640,-1,,,0,,False,-1,UNKNOWN,,
20230510,920641,-1,,,0,,False,-1,UNKNOWN,,
20230510,920642,-1,,,0,,False,-1,UNKNOWN,,
20230510,920662,-1,,,0,,False,-1,UNKNOWN,,
20230510,920663,-1,,,0,,False,-1,UNKNOWN,,
20230510,920670,-1,,,0,,False,-1,UNKNOWN,,
20230510,920675,-1,,,0,,False,-1,UNKNOWN,,
20230510,920682,-1,,,0,,False,-1,UNKNOWN,,
20230510,920685,-1,,,0,,False,-1,UNKNOWN,,
20230510,920689,-1,,,0,,False,-1,UNKNOWN,,
20230510,920718,-1,,,0,,False,-1,UNKNOWN,,
20230510,920720,-1,,,0,,False,-1,UNKNOWN,,
20230510,920725,-1,,,0,,False,-1,UNKNOWN,,
20230510,920726,-1,,,0,,False,-1,UNKNOWN,,
20230510,920729,-1,,,0,,False,-1,UNKNOWN,,
20230510,920735,-1,,,0,,False,-1,UNKNOWN,,
20230510,920753,-1,,,0,,False,-1,UNKNOWN,,
20230510,920765,-1,,,0,,False,-1,UNKNOWN,,
20230510,920768,-1,,,0,,False,-1,UNKNOWN,,
20230510,920770,-1,,,0,,False,-1,UNKNOWN,,
20230510,920781,-1,,,0,,False,-1,UNKNOWN,,
20230510,920790,-1,,,0,,False,-1,UNKNOWN,,
20230510,920792,-1,,,0,,False,-1,UNKNOWN,,
20230510,920799,-1,,,0,,False,-1,UNKNOWN,,
20230510,920802,-1,,,0,,False,-1,UNKNOWN,,
20230510,920807,-1,,,0,,False,-1,UNKNOWN,,
20230510,920808,-1,,,0,,False,-1,UNKNOWN,,
20230510,920809,-1,,,0,,False,-1,UNKNOWN,,
20230510,920810,-1,,,0,,False,-1,UNKNOWN,,
20230510,920819,-1,,,0,,False,-1,UNKNOWN,,
20230510,920821,-1,,,0,,False,-1,UNKNOWN,,
20230510,920826,-1,,,0,,False,-1,UNKNOWN,,
20230510,920832,-1,,,0,,False,-1,UNKNOWN,,
20230510,920834,-1,,,0,,False,-1,UNKNOWN,,
20230510,920839,-1,,,0,,False,-1,UNKNOWN,,
20230510,920855,-1,,,0,,False,-1,UNKNOWN,,
20230510,920856,-1,,,0,,False,-1,UNKNOWN,,
20230510,920857,-1,,,0,,False,-1,UNKNOWN,,
20230510,920866,-1,,,0,,False,-1,UNKNOWN,,
20230510,920870,-1,,,0,,False,-1,UNKNOWN,,
20230510,920871,-1,,,0,,False,-1,UNKNOWN,,
20230510,920873,-1,,,1,,True,-1,UNKNOWN,,
20230510,920876,-1,,,0,,False,-1,UNKNOWN,,
20230510,920879,-1,,,0,,False,-1,UNKNOWN,,
20230510,920885,-1,,,0,,False,-1,UNKNOWN,,
20230510,920892,-1,,,1,,True,-1,UNKNOWN,,
20230510,920895,-1,,,0,,False,-1,UNKNOWN,,
20230510,920906,-1,,,0,,False,-1,UNKNOWN,,
20230510,920914,-1,,,0,,False,-1,UNKNOWN,,
20230510,920924,-1,,,0,,False,-1,UNKNOWN,,
20230510,920925,-1,,,0,,False,-1,UNKNOWN,,
20230510,920932,-1,,,0,,False,-1,UNKNOWN,,
20230510,920942,-1,,,0,,False,-1,UNKNOWN,,
20230510,920943,-1,,,0,,False,-1,UNKNOWN,,
20230510,920946,-1,,,0,,False,-1,UNKNOWN,,
20230510,920950,-1,,,0,,False,-1,UNKNOWN,,
20230510,920957,-1,,,0,,False,-1,UNKNOWN,,
20230510,920961,-1,,,0,,False,-1,UNKNOWN,,
20230510,920964,-1,,,0,,False,-1,UNKNOWN,,
20230510,920970,-1,,,0,,False,-1,UNKNOWN,,
20230510,920971,-1,,,0,,False,-1,UNKNOWN,,
20230510,920974,-1,,,0,,False,-1,UNKNOWN,,
20230510,920981,-1,,,0,,False,-1,UNKNOWN,,
20230510,920985,-1,,,0,,False,-1,UNKNOWN,,
20230510,920992,-1,,,0,,False,-1,UNKNOWN,,
