t0,code,f,profit_leg,capacity_leg,m,strong_leg,trend_leg,m_rps,b_v35,t2q_yoy,t4q_yoy
20250512,000001,1,False,True,1,False,True,0,WEAK,-3.7200000286102295,3.1700000762939453
20250512,000002,0,False,False,0,False,False,0,WEAK,-83.06999969482422,11.670000076293944
20250512,000006,0,False,False,0,False,False,0,WEAK,97.6500015258789,124.7699966430664
20250512,000007,2,True,True,2,True,True,1,YELLOW,-36.099998474121094,-344.8900146484375
20250512,000008,1,True,False,2,True,True,1,WEAK,49.689998626708984,19.600000381469727
20250512,000009,0,False,False,1,False,True,0,YELLOW,-58.310001373291016,-73.8499984741211
20250512,000011,0,False,False,1,True,False,1,WEAK,-240.9499969482422,-500.0
20250512,000012,0,False,False,0,False,False,0,WEAK,-92.75,-500.0
20250512,000014,0,False,False,1,True,False,1,WEAK,-168.11000061035156,-55.52000045776367
20250512,000017,2,True,True,2,True,True,1,YELLOW,400.4800109863281,-14.5
20250512,000019,1,True,False,1,False,True,0,YELLOW,-1.149999976158142,-32.970001220703125
20250512,000020,0,False,False,0,False,False,0,YELLOW,34.22999954223633,71.02999877929688
20250512,000021,1,True,False,0,False,False,0,YELLOW,-6.579999923706055,14.93000030517578
20250512,000025,0,False,False,1,True,False,1,YELLOW,17.350000381469727,-9.100000381469728
20250512,000026,0,False,False,2,True,True,1,OK,-37.25,41.04999923706055
20250512,000027,2,True,True,1,False,True,0,YELLOW,-11.43000030517578,-4.71999979019165
20250512,000028,0,False,False,1,False,True,0,YELLOW,-9.869999885559082,-11.770000457763672
20250512,000029,1,True,False,1,True,False,1,YELLOW,500.0,-111.22000122070312
20250512,000030,2,True,True,2,True,True,1,YELLOW,8.420000076293945,-33.439998626708984
20250512,000031,0,False,False,0,False,False,0,WEAK,64.80000305175781,27.299999237060547
20250512,000032,0,False,False,1,True,False,1,WEAK,-32.619998931884766,-100.81999969482422
20250512,000034,1,True,False,1,True,False,1,YELLOW,-23.760000228881836,4.139999866485596
20250512,000035,1,False,True,1,False,True,0,YELLOW,-14.84000015258789,34.95000076293945
20250512,000036,1,True,False,0,False,False,0,OK,17.760000228881836,500.0
20250512,000037,2,True,True,2,True,True,1,WEAK,50.720001220703125,156.80999755859375
20250512,000039,2,True,True,1,False,True,0,YELLOW,-14.010000228881836,-67.98999786376953
20250512,000042,2,True,True,1,True,False,1,YELLOW,107.83000183105467,-117.52999877929688
20250512,000045,0,False,False,0,False,False,0,YELLOW,-32.099998474121094,24.649999618530273
20250512,000048,1,True,False,2,True,True,1,WEAK,-51.959999084472656,-289.8699951171875
20250512,000049,1,False,True,1,False,True,0,YELLOW,1.5700000524520874,74.2699966430664
20250512,000050,1,True,False,0,False,False,0,YELLOW,76.94999694824219,-22.399999618530273
20250512,000055,1,False,True,1,True,False,1,YELLOW,-92.0500030517578,-19.719999313354492
20250512,000058,2,True,True,2,True,True,1,YELLOW,92.93000030517578,3.9200000762939458
20250512,000059,2,True,True,1,True,False,1,WEAK,26.989999771118164,110.4499969482422
20250512,000060,1,True,False,1,False,True,0,YELLOW,6.679999828338623,88.68000030517578
20250512,000061,1,False,True,1,False,True,0,YELLOW,-13.789999961853027,22.09000015258789
20250512,000062,2,True,True,1,True,False,1,YELLOW,38.43000030517578,121.12000274658205
20250512,000063,0,False,False,0,False,False,0,WEAK,-43.77000045776367,-52.15999984741211
20250512,000065,1,False,True,1,True,False,1,YELLOW,-35.43000030517578,-36.650001525878906
20250512,000066,0,False,False,1,True,False,1,WEAK,18.219999313354492,68.3499984741211
20250512,000068,2,True,True,1,False,True,0,WEAK,33.869998931884766,-7.349999904632568
20250512,000069,0,False,False,0,False,False,0,WEAK,-77.37000274658203,3.369999885559082
20250512,000070,1,True,False,1,True,False,1,WEAK,103.26000213623048,-2.200000047683716
20250512,000088,1,True,False,1,False,True,0,WEAK,6.829999923706055,8.819999694824219
20250512,000089,2,True,True,1,False,True,0,WEAK,62.310001373291016,2.559999942779541
20250512,000090,0,False,False,0,False,False,0,YELLOW,-99.58000183105467,-202.6300048828125
20250512,000096,2,True,True,1,True,False,1,YELLOW,-69.33999633789062,9.850000381469728
20250512,000099,2,True,True,1,False,True,0,YELLOW,26.969999313354492,2.190000057220459
20250512,000100,1,True,False,0,False,False,0,YELLOW,233.3300018310547,20.59000015258789
20250512,000151,1,True,False,2,True,True,1,WEAK,80.69999694824219,112.93000030517578
20250512,000153,1,False,True,1,False,True,0,WEAK,-36.38999938964844,-7.059999942779541
20250512,000155,1,False,True,1,False,True,0,WEAK,-45.59000015258789,23.280000686645508
20250512,000156,1,True,False,1,True,False,1,OK,0.2000000029802322,-7.130000114440918
20250512,000157,1,True,False,2,True,True,1,YELLOW,20.690000534057617,-31.13999938964844
20250512,000158,2,True,True,1,True,False,1,WEAK,46.66999816894531,9.859999656677246
20250512,000159,1,False,True,1,False,True,0,YELLOW,-51.529998779296875,1.090000033378601
20250512,000166,1,True,False,0,False,False,0,WEAK,112.51000213623048,19.209999084472656
20250512,000301,2,True,True,1,True,False,1,YELLOW,94.87000274658205,349.5199890136719
20250512,000333,1,True,False,2,True,True,1,YELLOW,22.260000228881836,-14.020000457763672
20250512,000338,1,True,False,2,True,True,1,YELLOW,3.430000066757202,20.25
20250512,000400,1,False,True,1,False,True,0,YELLOW,1.4800000190734863,-47.2599983215332
20250512,000401,1,True,False,0,False,False,0,WEAK,79.52999877929688,-13.0600004196167
20250512,000402,0,False,False,0,False,False,0,WEAK,52.869998931884766,181.58999633789065
20250512,000403,0,False,False,2,True,True,1,OK,-35.099998474121094,-83.02999877929688
20250512,000404,1,True,False,1,False,True,0,YELLOW,-5.590000152587891,46.7400016784668
20250512,000407,1,True,False,1,False,True,0,YELLOW,20.209999084472656,46.380001068115234
20250512,000408,2,True,True,2,True,True,1,WEAK,49.27000045776367,110.13999938964844
20250512,000409,1,False,True,1,True,False,1,WEAK,-24.31999969482422,-55.08000183105469
20250512,000410,2,True,True,2,True,True,1,WEAK,41.790000915527344,-5.510000228881836
20250512,000411,1,False,True,1,False,True,0,YELLOW,-6.869999885559082,-21.170000076293945
20250512,000415,1,True,False,0,False,False,0,WEAK,-237.52000427246097,105.19000244140624
20250512,000417,1,False,True,1,False,True,0,YELLOW,-82.81999969482422,-27.200000762939453
20250512,000419,0,False,False,1,False,True,0,YELLOW,16.670000076293945,4.989999771118164
20250512,000420,1,False,True,2,True,True,1,YELLOW,-47.25,229.72999572753903
20250512,000421,1,True,False,1,True,False,1,YELLOW,500.0,116.55999755859376
20250512,000422,1,False,True,1,False,True,0,YELLOW,-7.489999771118164,500.0
20250512,000423,1,True,False,1,False,True,0,YELLOW,8.270000457763672,7.690000057220459
20250512,000425,2,True,True,2,True,True,1,YELLOW,22.760000228881836,0.800000011920929
20250512,000426,2,True,True,2,True,True,1,OK,5.010000228881836,137.88999938964844
20250512,000428,0,False,False,1,False,True,0,WEAK,-28.450000762939453,0.5299999713897705
20250512,000429,1,False,True,2,True,True,1,OK,-8.09000015258789,12.529999732971191
20250512,000498,2,True,True,1,True,False,1,YELLOW,2.640000104904175,-33.849998474121094
20250512,000501,1,True,False,2,True,True,1,OK,12.739999771118164,-22.229999542236328
20250512,000503,0,False,False,0,False,False,0,WEAK,-27.09000015258789,-6.670000076293945
20250512,000505,1,False,True,2,True,True,1,YELLOW,-457.510009765625,-45.18000030517578
20250512,000506,2,True,True,2,True,True,1,WEAK,166.77000427246094,500.0
20250512,000507,1,True,False,1,False,True,0,YELLOW,24.920000076293945,-9.720000267028809
20250512,000509,1,False,True,0,False,False,0,YELLOW,7.860000133514404,-236.5500030517578
20250512,000510,2,True,True,2,True,True,1,WEAK,-111.6999969482422,-38.040000915527344
20250512,000513,1,True,False,1,False,True,0,OK,4.980000019073486,-6.480000019073486
20250512,000514,2,True,True,1,True,False,1,WEAK,20.709999084472656,190.82000732421875
20250512,000516,0,False,False,1,False,True,0,WEAK,-41.939998626708984,56.31999969482422
20250512,000517,0,False,False,0,False,False,0,WEAK,-133.99000549316406,-396.510009765625
20250512,000519,1,False,True,2,True,True,1,WEAK,-5.920000076293945,142.3800048828125
20250512,000520,2,True,True,1,False,True,0,WEAK,125.3499984741211,184.25
20250512,000521,1,False,True,1,False,True,0,YELLOW,-12.3100004196167,-65.08000183105469
20250512,000523,1,True,False,1,True,False,1,YELLOW,13.869999885559082,-17.309999465942383
20250512,000524,1,True,False,2,True,True,1,YELLOW,4.980000019073486,2.2799999713897705
20250512,000525,0,False,False,2,True,True,1,WEAK,-500.0,-500.0
20250512,000526,1,True,False,2,True,True,1,OK,29.75,45.959999084472656
20250512,000528,1,True,False,1,False,True,0,YELLOW,8.970000267028809,-8.6899995803833
20250512,000529,2,True,True,1,False,True,0,YELLOW,-17.530000686645508,-500.0
20250512,000530,2,True,True,1,False,True,0,YELLOW,11.449999809265137,-40.9900016784668
20250512,000531,2,True,True,1,False,True,0,YELLOW,143.4499969482422,57.16999816894531
20250512,000532,0,False,False,0,False,False,0,OK,202.8300018310547,-115.4000015258789
20250512,000533,1,True,False,1,False,True,0,YELLOW,8.960000038146973,-30.229999542236328
20250512,000534,2,True,True,2,True,True,1,OK,31.790000915527344,4.019999980926514
20250512,000536,2,True,True,0,False,False,0,WEAK,16.100000381469727,4.730000019073486
20250512,000537,1,True,False,1,False,True,0,OK,-3.059999942779541,-65.12000274658203
20250512,000538,2,True,True,2,True,True,1,YELLOW,6.679999828338623,4.119999885559082
20250512,000539,1,False,True,1,False,True,0,WEAK,-65.68000030517578,60.650001525878906
20250512,000541,0,False,False,2,True,True,1,YELLOW,-43.97999954223633,-63.47999954223633
20250512,000543,1,False,True,2,True,True,1,YELLOW,20.690000534057617,0.0199999995529651
20250512,000544,0,False,False,1,False,True,0,WEAK,5.429999828338623,-6.389999866485596
20250512,000545,1,False,True,1,False,True,0,WEAK,-301.94000244140625,-81.41000366210938
20250512,000546,0,False,False,1,False,True,0,YELLOW,-43.86000061035156,-114.06999969482422
20250512,000547,1,False,True,1,False,True,0,WEAK,13.25,37.15999984741211
20250512,000548,1,False,True,1,False,True,0,OK,-35.709999084472656,-21.270000457763672
20250512,000550,1,False,True,1,False,True,0,YELLOW,-56.95000076293945,71.2300033569336
20250512,000551,2,True,True,1,False,True,0,YELLOW,3.3399999141693115,33.599998474121094
20250512,000552,1,False,True,0,False,False,0,WEAK,-134.00999450683594,36.33000183105469
20250512,000553,1,True,False,2,True,True,1,YELLOW,72.87000274658203,195.47999572753903
20250512,000554,1,True,False,1,True,False,1,YELLOW,111.8499984741211,26.100000381469727
20250512,000555,0,False,False,1,True,False,1,WEAK,4.949999809265137,1.909999966621399
20250512,000557,1,False,True,2,True,True,1,YELLOW,-38.9900016784668,-24.049999237060547
20250512,000558,1,True,False,2,True,True,1,WEAK,-50.599998474121094,-85.3499984741211
20250512,000559,2,True,True,2,True,True,1,YELLOW,1.090000033378601,-21.93000030517578
20250512,000560,1,True,False,1,True,False,1,YELLOW,173.9600067138672,-61.15999984741211
20250512,000561,2,True,True,1,False,True,0,WEAK,-46.900001525878906,4.639999866485596
20250512,000563,2,True,True,0,False,False,0,WEAK,7.429999828338623,-24.450000762939453
20250512,000564,2,True,True,1,False,True,0,WEAK,53.58000183105469,-221.2599945068359
20250512,000565,1,False,True,2,True,True,1,YELLOW,-20.829999923706055,20.940000534057617
20250512,000566,0,False,False,2,True,True,1,WEAK,-8.819999694824219,-28.75
20250512,000567,0,False,False,0,False,False,0,WEAK,-68.94000244140625,323.0400085449219
20250512,000568,2,True,True,2,True,True,1,OK,-7.110000133514404,-19.84000015258789
20250512,000570,1,True,False,2,True,True,1,YELLOW,-63.52000045776367,34.720001220703125
20250512,000571,1,False,True,1,True,False,1,WEAK,-39.25,-2.5199999809265137
20250512,000572,1,True,False,1,False,True,0,WEAK,47.86000061035156,5.449999809265137
20250512,000573,1,True,False,1,True,False,1,WEAK,-10.100000381469728,500.0
20250512,000576,1,False,True,2,True,True,1,WEAK,2.7200000286102295,-62.65999984741211
20250512,000581,1,False,True,2,True,True,1,YELLOW,-11.75,10.829999923706056
20250512,000582,1,True,False,1,False,True,0,YELLOW,22.6299991607666,11.68000030517578
20250512,000586,1,True,False,1,True,False,1,OK,454.1400146484375,-374.739990234375
20250512,000589,0,False,False,1,False,True,0,WEAK,-20.719999313354492,163.19000244140625
20250512,000590,1,False,True,2,True,True,1,WEAK,35.130001068115234,55.95000076293945
20250512,000591,0,False,False,1,False,True,0,YELLOW,-15.630000114440918,-45.119998931884766
20250512,000592,1,True,False,1,False,True,0,YELLOW,29.729999542236328,-105.33000183105467
20250512,000593,0,False,False,1,False,True,0,YELLOW,-36.61000061035156,320.239990234375
20250512,000596,1,True,False,2,True,True,1,OK,-16.850000381469727,-30.86000061035156
20250512,000597,0,False,False,1,False,True,0,WEAK,-4.320000171661377,-25.780000686645508
20250512,000598,2,True,True,1,False,True,0,OK,8.289999961853027,3.890000104904175
20250512,000599,0,False,False,2,True,True,1,WEAK,-43.599998474121094,131.64999389648438
20250512,000600,2,True,True,2,True,True,1,YELLOW,315.42999267578125,36.11000061035156
20250512,000601,0,False,False,2,True,True,1,YELLOW,-29.739999771118164,40.36000061035156
20250512,000603,2,True,True,1,False,True,0,OK,71.51000213623047,500.0
20250512,000605,2,True,True,1,False,True,0,YELLOW,-11.989999771118164,14.859999656677246
20250512,000607,0,False,False,0,False,False,0,WEAK,-500.0,20.09000015258789
20250512,000612,2,True,True,1,False,True,0,YELLOW,67.04000091552734,214.72000122070312
20250512,000617,1,False,True,1,True,False,1,WEAK,-2.809999942779541,21.1299991607666
20250512,000619,1,False,True,0,False,False,0,WEAK,-31.43000030517578,16.809999465942383
20250512,000620,1,False,True,0,False,False,0,WEAK,-500.0,-12.5
20250512,000623,1,True,False,1,False,True,0,WEAK,65.19999694824219,78.05000305175781
20250512,000625,2,True,True,1,False,True,0,YELLOW,20.079999923706055,-69.05999755859375
20250512,000626,0,False,False,2,True,True,1,YELLOW,-124.58999633789062,73.70999908447266
20250512,000628,1,False,True,0,False,False,0,YELLOW,-12.989999771118164,34.540000915527344
20250512,000629,0,False,False,0,False,False,0,WEAK,-193.36000061035156,161.8699951171875
20250512,000630,1,True,False,1,False,True,0,YELLOW,-35.290000915527344,-51.0099983215332
20250512,000631,1,False,True,0,False,False,0,WEAK,-4.75,-31.440000534057617
20250512,000633,2,True,True,2,True,True,1,YELLOW,134.10000610351562,-5.289999961853027
20250512,000635,0,False,False,1,False,True,0,WEAK,3.440000057220459,-52.95000076293945
20250512,000636,1,False,True,0,False,False,0,YELLOW,-15.75,33.34000015258789
20250512,000637,1,True,False,0,False,False,0,WEAK,7.179999828338623,16.889999389648438
20250512,000650,1,True,False,1,False,True,0,OK,-8.59000015258789,33.20000076293945
20250512,000651,1,True,False,2,True,True,1,YELLOW,-2.7300000190734863,-0.270000010728836
20250512,000652,0,False,False,0,False,False,0,YELLOW,12.449999809265137,192.7899932861328
20250512,000655,1,True,False,1,True,False,1,YELLOW,46.04999923706055,-30.36000061035156
20250512,000657,2,True,True,2,True,True,1,YELLOW,348.4200134277344,349.5799865722656
20250512,000659,2,True,True,2,True,True,1,WEAK,-83.0199966430664,-46.189998626708984
20250512,000661,1,False,True,1,False,True,0,OK,-55.33000183105469,-42.61000061035156
20250512,000663,1,False,True,2,True,True,1,WEAK,53.36000061035156,43.119998931884766
20250512,000665,0,False,False,1,True,False,1,WEAK,-10.449999809265137,-6.570000171661377
20250512,000670,0,False,False,0,False,False,0,WEAK,-16.200000762939453,10.470000267028809
20250512,000672,1,True,False,1,True,False,1,YELLOW,35.34000015258789,-58.2599983215332
20250512,000676,1,True,False,0,False,False,0,WEAK,50.439998626708984,33.08000183105469
20250512,000678,1,False,True,2,True,True,1,WEAK,-11.079999923706056,-34.150001525878906
20250512,000679,1,False,True,1,False,True,0,WEAK,-81.58999633789062,-50.97999954223633
20250512,000680,1,True,False,1,False,True,0,YELLOW,24.399999618530273,23.84000015258789
20250512,000681,1,True,False,0,False,False,0,WEAK,-10.170000076293944,-17.31999969482422
20250512,000682,1,True,False,2,True,True,1,OK,22.030000686645508,9.65999984741211
20250512,000683,1,False,True,1,False,True,0,OK,-37.08000183105469,25.290000915527344
20250512,000685,1,True,False,1,False,True,0,YELLOW,40.0,91.51000213623048
20250512,000686,1,True,False,0,False,False,0,WEAK,135.0399932861328,105.62999725341795
20250512,000688,1,False,True,1,False,True,0,WEAK,-446.1799926757813,500.0
20250512,000690,1,True,False,1,False,True,0,YELLOW,29.469999313354492,9.770000457763672
20250512,000692,2,True,True,1,False,True,0,WEAK,31.020000457763672,229.6699981689453
20250512,000695,0,False,False,1,False,True,0,WEAK,-500.0,-13.640000343322754
20250512,000697,2,True,True,1,False,True,0,WEAK,23.1200008392334,95.8499984741211
20250512,000700,1,True,False,2,True,True,1,YELLOW,-25.1200008392334,9.289999961853027
20250512,000701,0,False,False,2,True,True,1,YELLOW,55.959999084472656,58.45000076293945
20250512,000702,1,True,False,1,False,True,0,WEAK,52.86000061035156,-45.86000061035156
20250512,000703,1,False,True,0,False,False,0,YELLOW,273.29998779296875,500.0
20250512,000705,0,False,False,2,True,True,1,YELLOW,-21.760000228881836,-276.3399963378906
20250512,000707,1,False,True,1,False,True,0,WEAK,-126.27999877929688,-103.13999938964844
20250512,000708,1,True,False,1,True,False,1,YELLOW,14.710000038146973,8.970000267028809
20250512,000709,1,True,False,1,True,False,1,YELLOW,59.38999938964844,28.5
20250512,000710,1,False,True,2,True,True,1,WEAK,-500.0,-435.1300048828125
20250512,000712,1,True,False,0,False,False,0,WEAK,17.979999542236328,83.08000183105469
20250512,000713,1,True,False,1,False,True,0,WEAK,-23.940000534057617,-70.26000213623047
20250512,000715,1,True,False,2,True,True,1,OK,29.280000686645508,-7.690000057220459
20250512,000716,0,False,False,1,False,True,0,YELLOW,-114.27999877929688,500.0
20250512,000717,1,True,False,0,False,False,0,WEAK,87.26000213623047,46.619998931884766
20250512,000718,0,False,False,0,False,False,0,WEAK,-66.55999755859375,-76.04000091552734
20250512,000719,2,True,True,1,True,False,1,OK,50.59000015258789,0.8899999856948853
20250512,000720,1,True,False,2,True,True,1,YELLOW,72.02999877929688,-238.94000244140625
20250512,000721,1,True,False,2,True,True,1,WEAK,3.9600000381469727,-0.0799999982118606
20250512,000722,1,False,True,2,True,True,1,WEAK,5.579999923706055,208.2100067138672
20250512,000723,0,False,False,1,True,False,1,WEAK,-13.010000228881836,4.880000114440918
20250512,000725,2,True,True,0,False,False,0,YELLOW,37.75,6.380000114440918
20250512,000726,0,False,False,1,False,True,0,YELLOW,-8.210000038146973,-20.3700008392334
20250512,000727,0,False,False,0,False,False,0,WEAK,-500.0,-106.76000213623048
20250512,000728,1,True,False,0,False,False,0,WEAK,29.34000015258789,-15.350000381469728
20250512,000729,2,True,True,2,True,True,1,YELLOW,33.59000015258789,69.08999633789062
20250512,000731,0,False,False,1,False,True,0,WEAK,-122.58000183105467,-94.2699966430664
20250512,000733,0,False,False,2,True,True,1,WEAK,-0.3799999952316284,-86.37000274658203
20250512,000735,0,False,False,1,False,True,0,YELLOW,-96.01000213623048,-500.0
20250512,000737,2,True,True,1,False,True,0,WEAK,23.049999237060547,68.05999755859375
20250512,000738,0,False,False,1,False,True,0,YELLOW,-35.58000183105469,-13.15999984741211
20250512,000739,0,False,False,1,False,True,0,YELLOW,-22.13999938964844,18.149999618530273
20250512,000750,1,True,False,0,False,False,0,WEAK,290.8399963378906,28.81999969482422
20250512,000751,2,True,True,2,True,True,1,YELLOW,500.0,224.38999938964844
20250512,000753,0,False,False,1,True,False,1,YELLOW,66.2300033569336,15.239999771118164
20250512,000755,2,True,True,2,True,True,1,OK,2.559999942779541,5.139999866485596
20250512,000756,0,False,False,1,False,True,0,WEAK,-25.6200008392334,-23.549999237060547
20250512,000757,2,True,True,2,True,True,1,YELLOW,237.97000122070312,-10.619999885559082
20250512,000758,1,False,True,1,False,True,0,WEAK,-0.2399999946355819,-5.980000019073486
20250512,000759,0,False,False,2,True,True,1,WEAK,-44.560001373291016,-19.950000762939453
20250512,000761,2,True,True,1,True,False,1,WEAK,31.100000381469727,-41.2400016784668
20250512,000762,0,False,False,1,False,True,0,WEAK,-114.41999816894533,199.44000244140625
20250512,000766,1,True,False,2,True,True,1,OK,18.010000228881836,-16.489999771118164
20250512,000767,2,True,True,2,True,True,1,YELLOW,191.86000061035156,2.3399999141693115
20250512,000768,1,True,False,1,False,True,0,YELLOW,7.940000057220459,-8.210000038146973
20250512,000776,1,True,False,1,True,False,1,WEAK,65.13999938964844,72.4000015258789
20250512,000777,2,True,True,1,False,True,0,YELLOW,-5.539999961853027,-500.0
20250512,000778,1,True,False,0,False,False,0,YELLOW,162.47000122070312,40.5
20250512,000779,1,True,False,1,True,False,1,YELLOW,-11.5600004196167,6.610000133514404
20250512,000782,2,True,True,2,True,True,1,YELLOW,-320.7699890136719,-500.0
20250512,000783,1,True,False,1,True,False,1,WEAK,142.0399932861328,51.970001220703125
20250512,000785,0,False,False,1,False,True,0,WEAK,-45.61000061035156,-65.2300033569336
20250512,000786,1,True,False,0,False,False,0,OK,-17.520000457763672,-5.260000228881836
20250512,000788,1,False,True,1,False,True,0,WEAK,-2.6600000858306885,-39.7599983215332
20250512,000789,1,True,False,1,True,False,1,YELLOW,-30.760000228881836,-500.0
20250512,000790,0,False,False,1,False,True,0,WEAK,-500.0,115.48999786376952
20250512,000791,2,True,True,2,True,True,1,OK,157.89999389648438,1.2100000381469729
20250512,000792,1,True,False,1,False,True,0,WEAK,46.369998931884766,152.11000061035156
20250512,000795,1,False,True,1,False,True,0,YELLOW,-17.399999618530273,-7.039999961853027
20250512,000796,0,False,False,2,True,True,1,WEAK,-91.5,-215.2400054931641
20250512,000797,0,False,False,1,True,False,1,WEAK,-326.5,-90.1999969482422
20250512,000798,2,True,True,1,False,True,0,WEAK,382.69000244140625,-51.220001220703125
20250512,000799,0,False,False,1,False,True,0,WEAK,-117.31999969482422,3.9700000286102295
20250512,000800,1,False,True,1,False,True,0,YELLOW,-328.1000061035156,111.69000244140624
20250512,000801,0,False,False,2,True,True,1,YELLOW,-35.06999969482422,30.040000915527344
20250512,000802,0,False,False,0,False,False,0,WEAK,-472.4100036621094,88.9000015258789
20250512,000803,1,True,False,2,True,True,1,YELLOW,317.5199890136719,43.959999084472656
20250512,000807,1,False,True,1,False,True,0,YELLOW,18.93000030517578,266.3900146484375
20250512,000809,2,True,True,1,True,False,1,WEAK,30.8700008392334,113.81999969482422
20250512,000810,0,False,False,1,False,True,0,YELLOW,-58.58000183105469,500.0
20250512,000811,0,False,False,1,False,True,0,YELLOW,-8.6899995803833,19.149999618530273
20250512,000812,0,False,False,1,False,True,0,YELLOW,-85.9800033569336,-29.520000457763672
20250512,000813,1,False,True,1,False,True,0,WEAK,-500.0,-48.060001373291016
20250512,000815,2,True,True,1,True,False,1,WEAK,416.989990234375,54.540000915527344
20250512,000816,2,True,True,1,False,True,0,WEAK,-150.88999938964844,-8.149999618530273
20250512,000818,0,False,False,1,False,True,0,YELLOW,-92.68000030517578,500.0
20250512,000819,0,False,False,0,False,False,0,YELLOW,-150.3699951171875,-85.69000244140625
20250512,000822,0,False,False,1,False,True,0,WEAK,-409.19000244140625,-20.790000915527344
20250512,000823,1,True,False,0,False,False,0,YELLOW,28.969999313354492,-19.75
20250512,000825,1,True,False,1,True,False,1,YELLOW,157.67999267578125,-96.91999816894533
20250512,000828,2,True,True,2,True,True,1,WEAK,38.56999969482422,24.809999465942383
20250512,000829,1,False,True,1,False,True,0,WEAK,-14.229999542236328,7.039999961853027
20250512,000830,0,False,False,1,False,True,0,YELLOW,-41.04999923706055,1.5299999713897705
20250512,000831,2,True,True,2,True,True,1,YELLOW,186.0099945068359,108.80999755859376
20250512,000833,2,True,True,1,True,False,1,YELLOW,93.16000366210938,85.2300033569336
20250512,000837,1,True,False,2,True,True,1,YELLOW,92.4000015258789,-4.949999809265137
20250512,000839,0,False,False,0,False,False,0,YELLOW,-58.27000045776367,46.52000045776367
20250512,000848,1,False,True,2,True,True,1,OK,-8.550000190734863,14.510000228881836
20250512,000850,0,False,False,1,False,True,0,WEAK,-64.29000091552734,-75.55000305175781
20250512,000852,1,False,True,1,False,True,0,YELLOW,-118.86000061035156,-30.170000076293945
20250512,000856,0,False,False,1,False,True,0,YELLOW,-95.16999816894533,-469.6099853515625
20250512,000858,1,False,True,2,True,True,1,OK,-73.98999786376953,81.91999816894531
20250512,000859,1,True,False,2,True,True,1,WEAK,9.75,14.770000457763672
20250512,000860,0,False,False,1,False,True,0,YELLOW,-78.31999969482422,-59.720001220703125
20250512,000862,1,True,False,2,True,True,1,OK,38.72999954223633,-23.469999313354492
20250512,000863,1,True,False,1,True,False,1,OK,-90.4499969482422,-145.44000244140625
20250512,000868,1,True,False,1,False,True,0,YELLOW,50.849998474121094,76.61000061035156
20250512,000869,0,False,False,2,True,True,1,OK,-12.300000190734863,-6.150000095367432
20250512,000875,2,True,True,1,False,True,0,YELLOW,-42.2599983215332,-53.65999984741211
20250512,000876,1,True,False,2,True,True,1,YELLOW,500.0,-312.6400146484375
20250512,000877,1,True,False,0,False,False,0,WEAK,61.849998474121094,-21.739999771118164
20250512,000878,0,False,False,1,False,True,0,YELLOW,-9.3100004196167,70.44999694824219
20250512,000880,2,True,True,2,True,True,1,YELLOW,44.84000015258789,79.77999877929688
20250512,000881,1,True,False,1,False,True,0,WEAK,40.209999084472656,11.079999923706056
20250512,000882,1,False,True,1,False,True,0,OK,-500.0,-500.0
20250512,000883,0,False,False,1,False,True,0,YELLOW,-33.33000183105469,39.45000076293945
20250512,000885,1,True,False,2,True,True,1,OK,2.0799999237060547,10.229999542236328
20250512,000886,1,False,True,1,False,True,0,WEAK,-125.4000015258789,-80.63999938964844
20250512,000887,2,True,True,2,True,True,1,YELLOW,20.13999938964844,-1.5700000524520874
20250512,000888,0,False,False,2,True,True,1,OK,-4.679999828338623,1.6699999570846558
20250512,000889,1,True,False,1,True,False,1,WEAK,-9.81999969482422,11.020000457763672
20250512,000890,2,True,True,1,False,True,0,WEAK,44.58000183105469,19.809999465942383
20250512,000892,1,False,True,1,True,False,1,WEAK,12.850000381469728,-500.0
20250512,000893,2,True,True,2,True,True,1,WEAK,164.55999755859375,37.900001525878906
20250512,000895,0,False,False,1,False,True,0,YELLOW,3.7799999713897705,20.239999771118164
20250512,000897,0,False,False,1,True,False,1,WEAK,-94.98999786376952,-111.37999725341795
20250512,000898,1,True,False,0,False,False,0,WEAK,57.34000015258789,-149.91000366210938
20250512,000899,1,False,True,2,True,True,1,YELLOW,42.880001068115234,4.809999942779541
20250512,000900,1,False,True,1,False,True,0,YELLOW,6.369999885559082,-7.489999771118164
20250512,000901,0,False,False,1,False,True,0,WEAK,58.77000045776367,364.4800109863281
20250512,000902,2,True,True,2,True,True,1,YELLOW,23.8700008392334,-4.019999980926514
20250512,000905,1,True,False,2,True,True,1,YELLOW,119.66000366210938,59.439998626708984
20250512,000906,1,True,False,2,True,True,1,YELLOW,-62.189998626708984,395.5
20250512,000910,0,False,False,2,True,True,1,WEAK,-48.630001068115234,-36.27000045776367
20250512,000912,1,True,False,2,True,True,1,YELLOW,-197.38999938964844,-174.75
20250512,000913,1,False,True,1,False,True,0,YELLOW,-37.66999816894531,-173.38999938964844
20250512,000915,2,True,True,2,True,True,1,OK,15.800000190734863,-40.279998779296875
20250512,000917,0,False,False,1,True,False,1,YELLOW,186.7599945068359,-500.0
20250512,000919,1,False,True,1,False,True,0,YELLOW,24.09000015258789,-5.760000228881836
20250512,000920,2,True,True,2,True,True,1,OK,30.56999969482422,1.1799999475479126
20250512,000921,2,True,True,2,True,True,1,YELLOW,1.649999976158142,-16.600000381469727
20250512,000922,1,False,True,1,False,True,0,YELLOW,-9.739999771118164,77.54000091552734
20250512,000923,0,False,False,0,False,False,0,OK,-8.199999809265137,-82.0199966430664
20250512,000925,1,False,True,1,False,True,0,WEAK,35.119998931884766,32.279998779296875
20250512,000926,0,False,False,0,False,False,0,WEAK,-500.0,17.020000457763672
20250512,000927,1,True,False,1,False,True,0,YELLOW,1.7599999904632568,-41.22999954223633
20250512,000928,1,True,False,1,True,False,1,YELLOW,-5.019999980926514,-20.6299991607666
20250512,000930,0,False,False,1,False,True,0,YELLOW,15.229999542236328,-500.0
20250512,000931,1,True,False,2,True,True,1,OK,8.989999771118164,-219.3000030517578
20250512,000932,2,True,True,1,True,False,1,YELLOW,53.63999938964844,-90.81999969482422
20250512,000933,1,False,True,1,False,True,0,WEAK,4.869999885559082,217.7599945068359
20250512,000935,2,True,True,1,True,False,1,OK,46.88999938964844,-49.33000183105469
20250512,000936,2,True,True,1,False,True,0,YELLOW,51.5,-88.72000122070312
20250512,000937,1,False,True,1,True,False,1,OK,-67.31999969482422,-69.77999877929688
20250512,000938,2,True,True,0,False,False,0,YELLOW,5.150000095367432,51.63999938964844
20250512,000948,0,False,False,1,True,False,1,WEAK,-138.4499969482422,19.3799991607666
20250512,000949,1,False,True,1,False,True,0,YELLOW,-51.41999816894531,479.8800048828125
20250512,000950,2,True,True,1,False,True,0,YELLOW,36.83000183105469,36.349998474121094
20250512,000951,1,True,False,1,False,True,0,YELLOW,15.09000015258789,49.41999816894531
20250512,000952,1,True,False,1,False,True,0,WEAK,40.88999938964844,12.260000228881836
20250512,000953,1,True,False,2,True,True,1,YELLOW,500.0,-27.850000381469727
20250512,000955,1,True,False,1,False,True,0,WEAK,75.87000274658203,-52.5099983215332
20250512,000957,2,True,True,1,False,True,0,WEAK,43.5099983215332,29.11000061035156
20250512,000958,0,False,False,1,True,False,1,OK,-20.829999923706055,318.7200012207031
20250512,000959,2,True,True,1,True,False,1,YELLOW,500.0,-55.369998931884766
20250512,000960,1,True,False,1,False,True,0,YELLOW,35.869998931884766,72.52999877929688
20250512,000962,2,True,True,2,True,True,1,YELLOW,34.0099983215332,-1.5199999809265137
20250512,000963,2,True,True,2,True,True,1,OK,8.529999732971191,10.300000190734863
20250512,000965,2,True,True,1,True,False,1,WEAK,500.0,-30.3799991607666
20250512,000966,0,False,False,2,True,True,1,WEAK,-69.63999938964844,224.8800048828125
20250512,000967,0,False,False,2,True,True,1,YELLOW,-27.030000686645508,20.63999938964844
20250512,000968,2,True,True,1,True,False,1,WEAK,-14.140000343322754,-21.8700008392334
20250512,000969,1,True,False,1,False,True,0,YELLOW,11.390000343322754,23.06999969482422
20250512,000970,2,True,True,2,True,True,1,YELLOW,202.47000122070312,17.190000534057617
20250512,000973,1,True,False,1,False,True,0,YELLOW,1.2400000095367432,466.75
20250512,000975,2,True,True,2,True,True,1,YELLOW,36.959999084472656,106.12999725341795
20250512,000977,2,True,True,0,False,False,0,WEAK,15.460000038146973,38.220001220703125
20250512,000978,0,False,False,1,False,True,0,WEAK,67.83000183105469,38.529998779296875
20250512,000980,1,True,False,1,False,True,0,WEAK,53.779998779296875,18.350000381469727
20250512,000981,0,False,False,1,False,True,0,YELLOW,27.229999542236328,-29.100000381469727
20250512,000983,0,False,False,0,False,False,0,WEAK,-47.41999816894531,-10.880000114440918
20250512,000985,2,True,True,0,False,False,0,YELLOW,-63.099998474121094,-22.34000015258789
20250512,000987,1,True,False,1,True,False,1,WEAK,23.13999938964844,62.4900016784668
20250512,000988,1,True,False,1,False,True,0,YELLOW,42.52000045776367,20.510000228881836
20250512,000989,1,False,True,2,True,True,1,YELLOW,-39.619998931884766,36.11000061035156
20250512,000990,0,False,False,1,False,True,0,YELLOW,-41.34000015258789,227.5099945068359
20250512,000993,1,True,False,2,True,True,1,OK,24.90999984741211,-500.0
20250512,000995,1,True,False,1,False,True,0,YELLOW,-355.2799987792969,-261.5899963378906
20250512,000997,2,True,True,1,True,False,1,OK,14.029999732971191,-14.880000114440918
20250512,000998,0,False,False,1,False,True,0,WEAK,19.850000381469727,-500.0
20250512,000999,1,False,True,1,False,True,0,OK,-20.559999465942383,-13.960000038146973
20250512,001201,2,True,True,1,False,True,0,WEAK,114.62999725341795,-500.0
20250512,001202,1,False,True,2,True,True,1,YELLOW,-18.34000015258789,23.760000228881836
20250512,001203,0,False,False,0,False,False,0,OK,-8.649999618530273,-30.40999984741211
20250512,001205,0,False,False,1,False,True,0,WEAK,-42.540000915527344,4.860000133514404
20250512,001206,1,True,False,1,False,True,0,YELLOW,0.7900000214576721,-55.34000015258789
20250512,001207,1,True,False,1,False,True,0,YELLOW,15.18000030517578,-28.1299991607666
20250512,001208,2,True,True,2,True,True,1,YELLOW,11.050000190734863,-21.36000061035156
20250512,001209,1,False,True,2,True,True,1,OK,-69.2699966430664,11.15999984741211
20250512,001210,2,True,True,2,True,True,1,YELLOW,50.099998474121094,3.759999990463257
20250512,001211,1,True,False,1,False,True,0,OK,-24.229999542236328,-33.27000045776367
20250512,001212,0,False,False,1,True,False,1,WEAK,-98.36000061035156,114.88999938964844
20250512,001213,1,False,True,1,False,True,0,YELLOW,-13.399999618530272,-28.959999084472656
20250512,001215,1,False,True,1,False,True,0,YELLOW,-34.150001525878906,1.0
20250512,001216,1,True,False,2,True,True,1,OK,19.920000076293945,-17.959999084472656
20250512,001217,0,False,False,1,False,True,0,YELLOW,-79.93000030517578,-198.02000427246097
20250512,001218,0,False,False,1,False,True,0,YELLOW,32.93000030517578,192.27000427246097
20250512,001219,2,True,True,1,False,True,0,YELLOW,17.079999923706055,7.840000152587891
20250512,001222,1,False,True,1,False,True,0,YELLOW,10.43000030517578,-8.760000228881836
20250512,001223,2,True,True,2,True,True,1,OK,90.33999633789062,-15.220000267028809
20250512,001225,1,False,True,1,False,True,0,OK,-30.579999923706055,-36.9900016784668
20250512,001226,2,True,True,1,False,True,0,YELLOW,133.6199951171875,36.34000015258789
20250512,001227,1,False,True,1,False,True,0,WEAK,2.390000104904175,20.450000762939453
20250512,001228,2,True,True,2,True,True,1,WEAK,29.549999237060547,-16.799999237060547
20250512,001229,1,False,True,0,False,False,0,WEAK,-19.780000686645508,-202.97000122070312
20250512,001230,2,True,True,2,True,True,1,YELLOW,17.229999542236328,4.03000020980835
20250512,001231,2,True,True,2,True,True,1,OK,4.679999828338623,3.5999999046325684
20250512,001234,0,False,False,2,True,True,1,YELLOW,-49.31999969482422,-27.65999984741211
20250512,001236,1,True,False,0,False,False,0,WEAK,-85.81999969482422,500.0
20250512,001238,2,True,True,2,True,True,1,YELLOW,23.399999618530273,8.880000114440918
20250512,001239,2,True,True,2,True,True,1,WEAK,18.8799991607666,-91.58999633789062
20250512,001255,2,True,True,1,False,True,0,WEAK,-54.84000015258789,-351.57000732421875
20250512,001256,2,True,True,2,True,True,1,OK,3.7799999713897705,43.709999084472656
20250512,001258,1,False,True,2,True,True,1,WEAK,-1.5399999618530271,137.17999267578125
20250512,001259,1,False,True,1,False,True,0,YELLOW,-57.9900016784668,149.10000610351562
20250512,001260,1,False,True,1,False,True,0,YELLOW,-13.5,-60.900001525878906
20250512,001266,2,True,True,1,False,True,0,WEAK,141.6199951171875,500.0
20250512,001267,2,True,True,0,False,False,0,YELLOW,64.41999816894531,-24.520000457763672
20250512,001268,2,True,True,2,True,True,1,YELLOW,19.13999938964844,-109.55999755859376
20250512,001269,0,False,False,1,False,True,0,WEAK,60.369998931884766,-330.0
20250512,001277,0,False,False,1,,True,-1,YELLOW,-39.939998626708984,85.38999938964844
20250512,001278,0,False,False,1,False,True,0,WEAK,-210.72999572753903,-449.7099914550781
20250512,001279,0,False,False,1,,True,-1,YELLOW,-44.20000076293945,-71.80000305175781
20250512,001282,1,True,False,2,True,True,1,YELLOW,-11.170000076293944,-6.920000076293945
20250512,001283,2,True,True,1,False,True,0,YELLOW,164.55999755859375,52.7400016784668
20250512,001286,0,False,False,1,False,True,0,WEAK,-2.390000104904175,27.170000076293945
20250512,001287,2,True,True,0,False,False,0,YELLOW,74.95999908447266,146.0399932861328
20250512,001288,2,True,True,1,False,True,0,YELLOW,15.369999885559082,-38.970001220703125
20250512,001289,0,False,False,2,True,True,1,OK,-16.030000686645508,-11.949999809265137
20250512,001296,2,True,True,1,False,True,0,YELLOW,23.84000015258789,-37.599998474121094
20250512,001298,2,True,True,1,True,False,1,YELLOW,83.19000244140625,249.0399932861328
20250512,001299,2,True,True,2,True,True,1,YELLOW,20.649999618530273,6.579999923706055
20250512,001300,0,False,False,2,True,True,1,YELLOW,-192.80999755859375,-302.8699951171875
20250512,001301,1,True,False,1,False,True,0,YELLOW,27.690000534057617,-22.399999618530273
20250512,001306,1,False,True,2,True,True,1,WEAK,-48.22999954223633,-310.57000732421875
20250512,001308,1,True,False,0,False,False,0,WEAK,1.090000033378601,-9.43000030517578
20250512,001309,0,False,False,1,True,False,1,WEAK,-112.5500030517578,500.0
20250512,001311,1,False,True,1,False,True,0,YELLOW,-47.70000076293945,-28.8700008392334
20250512,001313,2,True,True,1,False,True,0,WEAK,121.55999755859376,136.3300018310547
20250512,001314,1,True,False,0,False,False,0,WEAK,-47.470001220703125,500.0
20250512,001316,1,True,False,1,True,False,1,YELLOW,55.189998626708984,86.0999984741211
20250512,001317,1,False,True,2,True,True,1,WEAK,-283.1600036621094,90.4000015258789
20250512,001318,1,False,True,2,True,True,1,OK,-2.8499999046325684,-12.59000015258789
20250512,001319,1,True,False,1,False,True,0,YELLOW,39.130001068115234,-4.079999923706055
20250512,001322,1,True,False,2,True,True,1,WEAK,500.0,10.729999542236328
20250512,001323,1,False,True,1,False,True,0,OK,-25.290000915527344,-37.16999816894531
20250512,001324,1,True,False,2,True,True,1,OK,-19.030000686645508,-2.509999990463257
20250512,001326,0,False,False,1,False,True,0,WEAK,-77.05000305175781,45.83000183105469
20250512,001328,2,True,True,2,True,True,1,YELLOW,19.780000686645508,32.060001373291016
20250512,001330,0,False,False,0,False,False,0,WEAK,-190.0800018310547,94.5500030517578
20250512,001331,1,False,True,2,True,True,1,YELLOW,-20.770000457763672,-124.36000061035156
20250512,001332,1,True,False,1,False,True,0,YELLOW,-6.800000190734863,104.58999633789062
20250512,001333,1,False,True,2,True,True,1,YELLOW,-23.850000381469727,-8.40999984741211
20250512,001336,1,False,True,2,True,True,1,YELLOW,-16.700000762939453,500.0
20250512,001337,2,True,True,2,True,True,1,YELLOW,99.06999969482422,167.9600067138672
20250512,001338,0,False,False,1,False,True,0,YELLOW,17.600000381469727,-55.08000183105469
20250512,001339,1,True,False,1,True,False,1,YELLOW,54.279998779296875,177.69000244140625
20250512,001356,0,False,False,1,,True,-1,YELLOW,-54.060001373291016,-62.380001068115234
20250512,001358,1,False,True,2,True,True,1,WEAK,-39.060001373291016,17.389999389648438
20250512,001359,1,True,False,2,True,True,1,YELLOW,26.010000228881836,5.900000095367432
20250512,001360,1,True,False,1,False,True,0,OK,-11.359999656677246,-53.599998474121094
20250512,001366,0,False,False,2,True,True,1,WEAK,34.2400016784668,144.9499969482422
20250512,001367,1,False,True,2,True,True,1,YELLOW,-1.559999942779541,-8.770000457763672
20250512,001368,1,False,True,2,True,True,1,YELLOW,-1.2000000476837158,19.940000534057617
20250512,001373,1,False,True,1,True,False,1,WEAK,-266.6300048828125,-362.2999877929687
20250512,001376,1,False,True,1,False,True,0,YELLOW,-10.859999656677246,-6.349999904632568
20250512,001378,0,False,False,1,False,True,0,WEAK,-30.65999984741211,30.059999465942383
20250512,001379,2,True,True,1,False,True,0,YELLOW,34.95000076293945,2.930000066757202
20250512,001380,1,True,False,2,True,True,1,YELLOW,34.61000061035156,-33.83000183105469
20250512,001382,0,False,False,1,,True,-1,YELLOW,0.0,-14.289999961853027
20250512,001387,2,True,True,1,False,True,0,YELLOW,-16.34000015258789,-29.3700008392334
20250512,001389,2,True,True,0,False,False,0,YELLOW,46.709999084472656,67.87999725341797
20250512,001391,0,False,False,1,,True,-1,WEAK,64.05000305175781,-28.0
20250512,001395,0,False,False,1,,True,-1,OK,10.720000267028809,-12.18000030517578
20250512,001696,1,True,False,1,False,True,0,YELLOW,92.62999725341795,-34.56999969482422
20250512,001872,2,True,True,1,False,True,0,YELLOW,9.489999771118164,2.9100000858306885
20250512,001896,1,True,False,2,True,True,1,YELLOW,333.57000732421875,-29.3700008392334
20250512,001914,2,True,True,1,True,False,1,YELLOW,12.970000267028809,8.15999984741211
20250512,001965,1,True,False,2,True,True,1,OK,-4.550000190734863,1.7899999618530271
20250512,001979,1,True,False,0,False,False,0,WEAK,17.110000610351562,-197.08999633789065
20250512,002001,2,True,True,1,False,True,0,OK,37.369998931884766,-5.510000228881836
20250512,002003,1,True,False,1,False,True,0,OK,-6.019999980926514,-9.369999885559082
20250512,002004,1,True,False,2,True,True,1,WEAK,26.530000686645508,-16.049999237060547
20250512,002006,1,False,True,2,True,True,1,YELLOW,97.0500030517578,-0.5099999904632568
20250512,002007,2,True,True,1,False,True,0,WEAK,-9.170000076293944,-24.329999923706055
20250512,002008,1,True,False,1,False,True,0,OK,51.459999084472656,467.80999755859375
20250512,002009,2,True,True,2,True,True,1,YELLOW,118.31999969482422,87.72000122070312
20250512,002010,1,True,False,2,True,True,1,YELLOW,12.920000076293944,44.7599983215332
20250512,002011,1,True,False,2,True,True,1,YELLOW,17.290000915527344,-6.320000171661377
20250512,002012,1,False,True,1,False,True,0,YELLOW,-18.469999313354492,-71.91000366210938
20250512,002014,2,True,True,2,True,True,1,YELLOW,1.059999942779541,0.7799999713897705
20250512,002015,1,True,False,1,False,True,0,YELLOW,46.38999938964844,31.010000228881836
20250512,002016,1,False,True,0,False,False,0,WEAK,439.7799987792969,240.8999938964844
20250512,002017,0,False,False,0,False,False,0,OK,-3.900000095367432,4.920000076293945
20250512,002019,0,False,False,2,True,True,1,OK,25.170000076293945,9.15999984741211
20250512,002020,1,False,True,2,True,True,1,OK,8.920000076293945,5.900000095367432
20250512,002021,2,True,True,1,False,True,0,YELLOW,-98.4800033569336,-152.5800018310547
20250512,002022,1,False,True,2,True,True,1,WEAK,-67.44999694824219,9.270000457763672
20250512,002023,1,True,False,1,False,True,0,YELLOW,109.4499969482422,48.470001220703125
20250512,002025,1,False,True,2,True,True,1,YELLOW,-65.4800033569336,19.61000061035156
20250512,002026,2,True,True,2,True,True,1,YELLOW,13.520000457763672,-4.210000038146973
20250512,002027,1,True,False,1,True,False,1,OK,13.109999656677246,7.880000114440918
20250512,002028,2,True,True,1,False,True,0,OK,44.869998931884766,12.789999961853027
20250512,002029,1,False,True,1,False,True,0,YELLOW,-47.540000915527344,302.6300048828125
20250512,002030,1,False,True,2,True,True,1,WEAK,24.989999771118164,55.72999954223633
20250512,002031,0,False,False,2,True,True,1,WEAK,-500.0,-17.34000015258789
20250512,002032,2,True,True,2,True,True,1,YELLOW,-6.059999942779541,1.0099999904632568
20250512,002033,0,False,False,2,True,True,1,WEAK,0.2300000041723251,94.12000274658205
20250512,002034,1,True,False,2,True,True,1,OK,4.429999828338623,-0.1500000059604644
20250512,002035,1,False,True,1,False,True,0,OK,-10.899999618530272,-6.860000133514404
20250512,002036,2,True,True,0,False,False,0,YELLOW,65.12000274658203,-467.44000244140625
20250512,002037,1,True,False,2,True,True,1,WEAK,-41.83000183105469,-57.560001373291016
20250512,002038,1,False,True,1,False,True,0,WEAK,-62.38999938964844,54.619998931884766
20250512,002039,2,True,True,2,True,True,1,OK,83.31999969482422,71.6500015258789
20250512,002040,1,True,False,2,True,True,1,OK,16.989999771118164,27.1200008392334
20250512,002041,0,False,False,1,False,True,0,YELLOW,-131.2899932861328,473.4299926757813
20250512,002042,0,False,False,1,False,True,0,YELLOW,-58.560001373291016,-207.6300048828125
20250512,002043,1,True,False,0,False,False,0,YELLOW,-22.040000915527344,4.179999828338623
20250512,002044,2,True,True,2,True,True,1,WEAK,50.130001068115234,7.949999809265137
20250512,002045,2,True,True,0,False,False,0,YELLOW,-114.98999786376952,-362.3399963378906
20250512,002046,1,False,True,2,True,True,1,OK,-2.440000057220459,-160.74000549316406
20250512,002048,2,True,True,2,True,True,1,YELLOW,63.720001220703125,-19.790000915527344
20250512,002049,0,False,False,1,True,False,1,WEAK,32.34000015258789,170.80999755859375
20250512,002050,1,True,False,1,False,True,0,YELLOW,37.150001525878906,15.520000457763672
20250512,002051,1,False,True,1,True,False,1,YELLOW,0.6100000143051147,-42.02000045776367
20250512,002052,2,True,True,2,True,True,1,WEAK,500.0,-94.36000061035156
20250512,002053,0,False,False,1,False,True,0,YELLOW,-62.47999954223633,-5.789999961853027
20250512,002054,2,True,True,1,False,True,0,YELLOW,48.369998931884766,62.040000915527344
20250512,002056,2,True,True,2,True,True,1,WEAK,65.63999938964844,-30.579999923706055
20250512,002057,1,True,False,2,True,True,1,YELLOW,62.20000076293945,2.7899999618530273
20250512,002059,0,False,False,1,False,True,0,WEAK,16.959999084472656,30.790000915527344
20250512,002060,0,False,False,1,False,True,0,YELLOW,-14.84000015258789,-1.6799999475479126
20250512,002061,2,True,True,0,False,False,0,YELLOW,-15.170000076293944,4.670000076293945
20250512,002062,1,False,True,0,False,False,0,YELLOW,-3.1600000858306885,-20.739999771118164
20250512,002063,0,False,False,0,False,False,0,YELLOW,12.859999656677246,30.549999237060547
20250512,002064,0,False,False,1,False,True,0,YELLOW,-29.6200008392334,59.15999984741211
20250512,002065,0,False,False,1,True,False,1,YELLOW,-16.25,1.850000023841858
20250512,002066,0,False,False,0,False,False,0,YELLOW,-102.5999984741211,-158.02999877929688
20250512,002067,1,False,True,1,False,True,0,WEAK,-500.0,159.61000061035156
20250512,002068,0,False,False,2,True,True,1,WEAK,-165.33999633789062,-132.89999389648438
20250512,002069,1,True,False,1,False,True,0,WEAK,16.530000686645508,82.58999633789062
20250512,002072,0,False,,1,False,True,0,WEAK,-367.0299987792969,-89.05000305175781
20250512,002073,2,True,True,1,False,True,0,YELLOW,-9.1899995803833,-61.720001220703125
20250512,002074,1,True,False,2,True,True,1,YELLOW,49.33000183105469,179.50999450683594
20250512,002075,2,True,True,0,False,False,0,YELLOW,500.0,-40.540000915527344
20250512,002077,1,False,True,1,True,False,1,YELLOW,20.36000061035156,25.959999084472656
20250512,002078,1,False,True,1,False,True,0,YELLOW,-4.639999866485596,0.3499999940395355
20250512,002079,0,False,False,1,False,True,0,YELLOW,18.979999542236328,500.0
20250512,002080,1,True,False,1,True,False,1,WEAK,269.7200012207031,79.73999786376953
20250512,002081,1,True,False,1,True,False,1,YELLOW,-14.289999961853027,-11.9399995803833
20250512,002083,1,True,False,1,False,True,0,YELLOW,-8.960000038146973,33.43000030517578
20250512,002084,0,False,False,2,True,True,1,WEAK,-500.0,-189.4199981689453
20250512,002085,1,False,True,1,,True,-1,YELLOW,20.780000686645508,-14.270000457763672
20250512,002086,0,False,False,2,True,True,1,WEAK,-38.310001373291016,17.399999618530273
20250512,002088,0,False,False,0,False,False,0,YELLOW,-70.6500015258789,-95.3499984741211
20250512,002090,0,False,False,1,False,True,0,YELLOW,7.679999828338623,18.350000381469727
20250512,002091,1,True,False,2,True,True,1,YELLOW,3.069999933242798,-40.7400016784668
20250512,002092,1,True,False,2,True,True,1,WEAK,47.619998931884766,-75.86000061035156
20250512,002093,1,True,False,2,True,True,1,WEAK,16.68000030517578,-10.710000038146973
20250512,002094,1,False,True,2,True,True,1,YELLOW,4.380000114440918,-54.459999084472656
20250512,002095,0,False,False,1,True,False,1,WEAK,37.779998779296875,87.01000213623047
20250512,002096,1,True,False,2,True,True,1,YELLOW,21.950000762939453,-35.5099983215332
20250512,002097,2,True,True,1,False,True,0,YELLOW,-115.54000091552734,-362.4500122070313
20250512,002098,1,True,False,2,True,True,1,OK,-5.269999980926514,-38.79999923706055
20250512,002099,1,False,True,2,True,True,1,YELLOW,-72.75,-500.0
20250512,002100,2,True,True,1,False,True,0,YELLOW,-29.88999938964844,-226.16000366210935
20250512,002101,1,False,True,2,True,True,1,WEAK,-18.549999237060547,-133.58999633789062
20250512,002103,2,True,True,1,False,True,0,YELLOW,10.670000076293944,-37.689998626708984
20250512,002104,2,True,True,1,True,False,1,YELLOW,-70.68000030517578,-240.30999755859375
20250512,002105,0,False,False,2,True,True,1,WEAK,-500.0,31.299999237060547
20250512,002106,1,False,True,1,True,False,1,YELLOW,-24.579999923706055,-54.40999984741211
20250512,002107,1,True,False,2,True,True,1,YELLOW,187.8699951171875,62.04999923706055
20250512,002108,0,False,False,2,True,True,1,WEAK,3.2799999713897705,4.579999923706055
20250512,002110,1,True,False,1,True,False,1,YELLOW,116.87000274658205,-299.2799987792969
20250512,002111,1,False,True,1,False,True,0,YELLOW,-8.270000457763672,97.56999969482422
20250512,002112,0,False,False,2,True,True,1,YELLOW,-56.709999084472656,7.760000228881836
20250512,002114,1,False,True,2,True,True,1,WEAK,-494.2699890136719,6.309999942779541
20250512,002115,0,False,False,1,True,False,1,YELLOW,76.66999816894531,500.0
20250512,002116,0,False,False,0,False,False,0,YELLOW,-2.1700000762939453,-9.390000343322754
20250512,002117,2,True,True,1,False,True,0,WEAK,63.189998626708984,1.100000023841858
20250512,002119,1,False,True,0,False,False,0,YELLOW,17.3700008392334,185.0500030517578
20250512,002120,0,False,False,1,False,True,0,YELLOW,-44.150001525878906,47.720001220703125
20250512,002121,1,True,False,2,True,True,1,OK,176.4499969482422,-208.30999755859375
20250512,002123,2,True,True,0,False,False,0,YELLOW,-500.0,-500.0
20250512,002124,1,True,False,2,True,True,1,WEAK,-5.619999885559082,-500.0
20250512,002125,1,False,True,1,False,True,0,YELLOW,-38.599998474121094,96.41999816894533
20250512,002126,1,True,False,2,True,True,1,YELLOW,17.170000076293945,-1.649999976158142
20250512,002127,1,False,True,1,False,True,0,WEAK,-87.76000213623047,261.2300109863281
20250512,002128,1,False,True,0,False,False,0,OK,-5.949999809265137,29.8700008392334
20250512,002129,0,False,False,1,False,True,0,WEAK,12.84000015258789,8.899999618530273
20250512,002130,2,True,True,0,False,False,0,OK,28.450000762939453,-8.199999809265137
20250512,002131,1,True,False,1,False,True,0,YELLOW,-17.420000076293945,-189.07000732421875
20250512,002132,1,True,False,2,True,True,1,YELLOW,-136.41000366210938,500.0
20250512,002133,0,False,False,1,True,False,1,WEAK,160.17999267578125,83.11000061035156
20250512,002134,0,False,False,1,True,False,1,WEAK,-52.0099983215332,500.0
20250512,002135,1,False,True,0,False,False,0,YELLOW,-78.69999694824219,-56.95000076293945
20250512,002136,1,False,True,1,False,True,0,WEAK,-227.58999633789065,156.17999267578125
20250512,002137,1,False,True,0,False,False,0,YELLOW,46.06999969482422,-48.970001220703125
20250512,002138,1,True,False,0,False,False,0,OK,23.010000228881836,-24.190000534057617
20250512,002139,1,True,False,1,True,False,1,YELLOW,-26.579999923706055,-75.76000213623047
20250512,002140,2,True,True,1,True,False,1,YELLOW,-12.220000267028809,28.149999618530273
20250512,002141,2,True,True,2,True,True,1,WEAK,71.20999908447266,355.67999267578125
20250512,002142,1,True,False,1,False,True,0,WEAK,8.220000267028809,10.15999984741211
20250512,002144,1,False,True,2,True,True,1,OK,-21.0,-44.689998626708984
20250512,002145,1,True,False,1,False,True,0,YELLOW,-28.75,-25.579999923706055
20250512,002146,0,False,False,0,False,False,0,WEAK,-171.38999938964844,-16.6299991607666
20250512,002148,1,False,True,0,False,False,0,WEAK,-221.9199981689453,118.11000061035156
20250512,002149,1,False,True,2,True,True,1,YELLOW,-50.79999923706055,-96.52999877929688
20250512,002150,1,True,False,1,False,True,0,YELLOW,14.8100004196167,-28.540000915527344
20250512,002151,1,True,False,1,False,True,0,WEAK,79.22000122070312,112.3499984741211
20250512,002152,0,False,False,1,True,False,1,WEAK,-7.519999980926514,-1.4299999475479126
20250512,002153,1,True,False,1,True,False,1,OK,-88.0,93.3000030517578
20250512,002154,0,False,False,1,False,True,0,OK,-49.869998931884766,5.710000038146973
20250512,002155,2,True,True,2,True,True,1,YELLOW,57.29999923706055,82.5999984741211
20250512,002156,2,True,True,0,False,False,0,YELLOW,43.689998626708984,64.77999877929688
20250512,002157,2,True,True,1,False,True,0,WEAK,36.400001525878906,-500.0
20250512,002158,0,False,False,1,False,True,0,OK,-45.61000061035156,-1.840000033378601
20250512,002159,0,False,False,2,True,True,1,WEAK,-13.40999984741211,7.340000152587891
20250512,002160,1,True,False,1,False,True,0,YELLOW,-32.36000061035156,-36.099998474121094
20250512,002161,1,False,True,0,False,False,0,WEAK,77.25,-18.479999542236328
20250512,002162,1,True,False,2,True,True,1,WEAK,71.58999633789062,57.4900016784668
20250512,002163,2,True,True,0,False,False,0,WEAK,-58.58000183105469,71.41000366210938
20250512,002164,2,True,True,2,True,True,1,YELLOW,35.88999938964844,27.829999923706055
20250512,002165,1,False,True,2,True,True,1,WEAK,-79.3499984741211,-500.0
20250512,002166,1,False,True,1,False,True,0,YELLOW,-41.209999084472656,11.600000381469728
20250512,002167,1,True,False,2,True,True,1,YELLOW,182.77999877929688,9.359999656677246
20250512,002169,2,True,True,1,False,True,0,WEAK,56.75,161.60000610351562
20250512,002170,2,True,True,2,True,True,1,YELLOW,240.6999969482422,60.060001373291016
20250512,002171,1,True,False,2,True,True,1,YELLOW,500.0,9.550000190734863
20250512,002172,0,False,False,2,True,True,1,YELLOW,-10.609999656677246,-68.73999786376953
20250512,002173,1,False,True,2,True,True,1,WEAK,6.050000190734863,-68.91999816894531
20250512,002174,0,False,False,1,True,False,1,WEAK,242.19000244140625,347.3699951171875
20250512,002176,0,False,False,2,True,True,1,WEAK,-17.8799991607666,79.29000091552734
20250512,002177,0,False,False,1,True,False,1,OK,-24.899999618530273,32.88999938964844
20250512,002178,1,True,False,1,True,False,1,WEAK,53.88999938964844,-35.619998931884766
20250512,002179,1,False,True,1,False,True,0,YELLOW,-30.6299991607666,-38.95000076293945
20250512,002180,1,False,True,0,False,False,0,OK,-133.80999755859375,-59.119998931884766
20250512,002181,2,True,True,0,False,False,0,YELLOW,230.22000122070312,-73.58000183105469
20250512,002182,0,False,False,2,True,True,1,YELLOW,-43.02000045776367,-96.1500015258789
20250512,002183,1,True,False,2,True,True,1,YELLOW,-166.38999938964844,-35.709999084472656
20250512,002184,1,True,False,1,False,True,0,WEAK,87.5199966430664,103.76000213623048
20250512,002185,1,False,True,0,False,False,0,WEAK,131.47000122070312,113.7699966430664
20250512,002186,1,False,True,1,False,True,0,WEAK,-75.13999938964844,146.44000244140625
20250512,002187,0,False,False,1,False,True,0,YELLOW,-206.22000122070312,12.779999732971191
20250512,002188,1,True,False,1,True,False,1,WEAK,2.9200000762939453,-39.29999923706055
20250512,002189,0,False,False,1,False,True,0,WEAK,-496.05999755859375,7.309999942779541
20250512,002190,2,True,True,2,True,True,1,YELLOW,-31.020000457763672,-500.0
20250512,002191,0,False,False,1,False,True,0,WEAK,-55.91999816894531,-53.36000061035156
20250512,002192,1,False,True,1,False,True,0,WEAK,-21.8700008392334,500.0
20250512,002194,2,True,True,1,True,False,1,YELLOW,-159.08999633789062,-190.25
20250512,002195,1,False,True,1,True,False,1,WEAK,500.0,-41.970001220703125
20250512,002196,1,False,True,2,True,True,1,WEAK,400.7900085449219,155.1199951171875
20250512,002197,1,False,True,1,True,False,1,WEAK,-2.2200000286102295,76.37999725341797
20250512,002201,2,True,True,1,True,False,1,YELLOW,199.8500061035156,-6.059999942779541
20250512,002202,2,True,True,2,True,True,1,YELLOW,36.150001525878906,65.54000091552734
20250512,002203,0,False,False,1,False,True,0,YELLOW,46.59000015258789,-7.369999885559082
20250512,002204,1,True,False,2,True,True,1,YELLOW,33.369998931884766,11.90999984741211
20250512,002205,1,False,True,1,True,False,1,WEAK,37.2400016784668,-10.890000343322754
20250512,002206,1,True,False,2,True,True,1,YELLOW,59.9900016784668,-29.88999938964844
20250512,002208,2,True,True,0,False,False,0,YELLOW,-176.5399932861328,-500.0
20250512,002209,2,True,True,2,True,True,1,YELLOW,116.72000122070312,-85.01000213623047
20250512,002210,0,False,False,2,True,True,1,WEAK,500.0,500.0
20250512,002212,1,True,False,0,False,False,0,WEAK,-36.43000030517578,-44.599998474121094
20250512,002213,1,True,False,0,False,False,0,WEAK,69.76000213623047,500.0
20250512,002215,2,True,True,1,False,True,0,YELLOW,37.61000061035156,21.260000228881836
20250512,002216,0,False,False,1,False,True,0,YELLOW,-13.25,18.790000915527344
20250512,002217,1,True,False,0,False,False,0,WEAK,101.98999786376952,-157.99000549316406
20250512,002218,0,False,False,1,False,True,0,WEAK,-372.9100036621094,5.119999885559082
20250512,002219,2,True,True,1,False,True,0,YELLOW,-169.9499969482422,-17.059999465942383
20250512,002221,2,True,True,0,False,False,0,YELLOW,-39.119998931884766,43.220001220703125
20250512,002222,2,True,True,0,False,False,0,OK,17.170000076293945,25.959999084472656
20250512,002223,1,False,True,2,True,True,1,OK,-8.210000038146973,-20.0
20250512,002224,2,True,True,1,False,True,0,YELLOW,-47.40999984741211,-90.4499969482422
20250512,002225,0,False,False,1,True,False,1,YELLOW,-4.630000114440918,-66.1500015258789
20250512,002226,2,True,True,1,False,True,0,YELLOW,-6.429999828338623,-42.2599983215332
20250512,002228,2,True,True,2,True,True,1,YELLOW,12.420000076293944,-7.420000076293945
20250512,002229,1,True,False,2,True,True,1,WEAK,116.81999969482422,-142.91000366210938
20250512,002230,1,True,False,0,False,False,0,WEAK,27.829999923706055,-88.58000183105469
20250512,002232,1,True,False,0,False,False,0,WEAK,10.93000030517578,98.0500030517578
20250512,002233,0,False,False,1,True,False,1,WEAK,26.81999969482422,-0.7300000190734863
20250512,002234,0,False,False,1,False,True,0,WEAK,-6.579999923706055,4.610000133514404
20250512,002235,1,False,True,1,False,True,0,YELLOW,-124.3000030517578,-500.0
20250512,002236,1,True,False,1,True,False,1,YELLOW,13.039999961853027,16.93000030517578
20250512,002237,2,True,True,1,False,True,0,YELLOW,-6.159999847412109,-70.58999633789062
20250512,002238,0,False,False,1,True,False,1,WEAK,-148.80999755859375,-29.06999969482422
20250512,002239,1,True,False,1,False,True,0,YELLOW,28.6299991607666,-18.020000457763672
20250512,002240,0,False,False,1,False,True,0,WEAK,-42.279998779296875,409.9299926757813
20250512,002241,2,True,True,0,False,False,0,YELLOW,1.0199999809265137,19.56999969482422
20250512,002242,0,False,False,1,False,True,0,YELLOW,48.16999816894531,-23.8700008392334
20250512,002243,1,True,False,1,False,True,0,WEAK,-147.30999755859375,6.679999828338623
20250512,002244,1,True,False,1,True,False,1,WEAK,60.380001068115234,-18.030000686645508
20250512,002245,1,True,False,2,True,True,1,YELLOW,131.86000061035156,32.349998474121094
20250512,002246,2,True,True,2,True,True,1,YELLOW,277.19000244140625,199.52999877929688
20250512,002247,1,True,False,0,False,False,0,YELLOW,45.849998474121094,-126.7699966430664
20250512,002248,2,True,True,1,False,True,0,YELLOW,204.5500030517578,-1.940000057220459
20250512,002249,2,True,True,2,True,True,1,YELLOW,15.479999542236328,5.300000190734863
20250512,002250,2,True,True,1,False,True,0,YELLOW,500.0,105.66000366210938
20250512,002251,2,True,True,2,True,True,1,WEAK,91.05999755859376,100.37999725341795
20250512,002252,0,False,False,1,False,True,0,OK,-14.600000381469728,-43.849998474121094
20250512,002254,1,False,True,2,True,True,1,WEAK,-108.75,-199.3800048828125
20250512,002255,1,True,False,2,True,True,1,YELLOW,34.90999984741211,51.72999954223633
20250512,002256,1,True,False,1,False,True,0,YELLOW,1.399999976158142,-121.45999908447266
20250512,002258,1,True,False,2,True,True,1,WEAK,229.2599945068359,-27.399999618530273
20250512,002259,2,True,True,2,True,True,1,YELLOW,-12.859999656677246,-118.95999908447266
20250512,002261,1,False,True,1,True,False,1,WEAK,-37.560001373291016,68.5199966430664
20250512,002262,1,True,False,1,False,True,0,OK,7.590000152587891,6.150000095367432
20250512,002263,2,True,True,1,False,True,0,YELLOW,131.25999450683594,-95.47000122070312
20250512,002264,0,False,False,1,True,False,1,YELLOW,-17.540000915527344,1.7999999523162842
20250512,002265,1,True,False,1,False,True,0,YELLOW,-95.1500015258789,-7.800000190734863
20250512,002266,2,True,True,2,True,True,1,YELLOW,-10.100000381469728,438.6300048828125
20250512,002267,0,False,False,2,True,True,1,YELLOW,-11.520000457763672,-18.780000686645508
20250512,002268,1,True,False,0,False,False,0,WEAK,1.2799999713897705,-13.6899995803833
20250512,002269,1,False,True,1,False,True,0,OK,-29.219999313354492,-21.8799991607666
20250512,002270,2,True,True,1,False,True,0,YELLOW,19.8799991607666,-9.510000228881836
20250512,002271,1,False,True,1,True,False,1,YELLOW,-29.989999771118164,110.7300033569336
20250512,002272,1,False,True,2,True,True,1,WEAK,40.34000015258789,-30.600000381469727
20250512,002273,1,True,False,0,False,False,0,YELLOW,11.5,9.739999771118164
20250512,002274,1,False,True,1,False,True,0,WEAK,-104.81999969482422,85.37000274658203
20250512,002275,2,True,True,2,True,True,1,OK,1.7000000476837158,21.709999084472656
20250512,002276,1,True,False,2,True,True,1,YELLOW,75.44000244140625,-36.709999084472656
20250512,002277,0,False,False,2,True,True,1,OK,-43.119998931884766,13.06999969482422
20250512,002278,2,True,True,2,True,True,1,OK,144.4199981689453,-126.04000091552734
20250512,002279,1,True,False,1,True,False,1,WEAK,85.20999908447266,21.1200008392334
20250512,002281,2,True,True,0,False,False,0,YELLOW,49.290000915527344,61.22999954223633
20250512,002282,1,True,False,1,False,True,0,YELLOW,-3.3399999141693115,-36.959999084472656
20250512,002283,1,False,True,2,True,True,1,YELLOW,3.4200000762939453,33.20000076293945
20250512,002284,1,True,False,2,True,True,1,YELLOW,108.4000015258789,33.209999084472656
20250512,002285,2,True,True,0,False,False,0,WEAK,7.679999828338623,14.920000076293944
20250512,002286,2,True,True,2,True,True,1,YELLOW,31.1200008392334,-6.619999885559082
20250512,002287,1,True,False,2,True,True,1,OK,4.210000038146973,15.960000038146973
20250512,002290,1,True,False,2,True,True,1,YELLOW,67.41999816894531,-15.640000343322754
20250512,002291,2,True,True,0,False,False,0,WEAK,5.769999980926514,-5.730000019073486
20250512,002292,2,True,True,0,False,False,0,YELLOW,-34.75,-21.479999542236328
20250512,002293,1,True,False,2,True,True,1,OK,23.209999084472656,29.309999465942383
20250512,002294,0,False,False,2,True,True,1,YELLOW,14.06999969482422,15.289999961853027
20250512,002295,2,True,True,2,True,True,1,YELLOW,-60.970001220703125,-8.390000343322754
20250512,002296,1,True,False,1,True,False,1,WEAK,22.1200008392334,-10.5600004196167
20250512,002297,2,True,True,2,True,True,1,WEAK,143.52999877929688,500.0
20250512,002298,2,True,True,1,True,False,1,WEAK,104.30999755859376,-38.41999816894531
20250512,002299,1,True,False,2,True,True,1,YELLOW,71.72000122070312,55.310001373291016
20250512,002300,0,False,False,2,True,True,1,YELLOW,-27.510000228881836,18.079999923706055
20250512,002301,0,False,False,1,False,True,0,YELLOW,-14.43000030517578,-9.8100004196167
20250512,002302,1,False,True,0,False,False,0,WEAK,-500.0,21.799999237060547
20250512,002303,1,True,False,2,True,True,1,YELLOW,6.119999885559082,-22.13999938964844
20250512,002304,0,False,False,1,False,True,0,OK,-55.2599983215332,-32.880001068115234
20250512,002307,1,False,True,1,True,False,1,WEAK,-500.0,11.579999923706056
20250512,002309,1,True,False,2,True,True,1,WEAK,58.36000061035156,61.689998626708984
20250512,002310,1,True,False,1,True,False,1,WEAK,99.66000366210938,-184.57000732421875
20250512,002311,1,True,False,2,True,True,1,YELLOW,18.709999084472656,-55.5099983215332
20250512,002312,2,True,True,1,False,True,0,YELLOW,3.740000009536743,2.450000047683716
20250512,002313,0,False,False,0,False,False,0,WEAK,24.65999984741211,113.6500015258789
20250512,002314,1,True,False,1,True,False,1,YELLOW,194.72000122070312,-157.17999267578125
20250512,002315,1,True,False,1,False,True,0,OK,14.600000381469728,-11.960000038146973
20250512,002316,2,True,True,1,True,False,1,YELLOW,-33.2599983215332,-93.83000183105467
20250512,002317,1,True,False,2,True,True,1,YELLOW,30.36000061035156,30.899999618530273
20250512,002318,2,True,True,1,True,False,1,YELLOW,17.649999618530273,-54.84000015258789
20250512,002319,1,True,False,1,False,True,0,WEAK,95.36000061035156,500.0
20250512,002320,1,False,True,1,False,True,0,WEAK,-35.060001373291016,2.4100000858306885
20250512,002321,0,False,False,1,False,True,0,WEAK,-460.0700073242187,-23.06999969482422
20250512,002322,1,False,True,0,False,False,0,OK,-23.31999969482422,-26.450000762939453
20250512,002324,1,True,False,2,True,True,1,YELLOW,68.27999877929688,-62.20000076293945
20250512,002326,0,False,False,2,True,True,1,YELLOW,93.80999755859376,500.0
20250512,002327,0,False,False,1,False,True,0,OK,-44.349998474121094,24.18000030517578
20250512,002328,1,False,True,1,False,True,0,YELLOW,-45.9900016784668,-60.900001525878906
20250512,002329,2,True,True,1,False,True,0,YELLOW,-130.60000610351562,-462.1199951171875
20250512,002330,1,False,True,1,False,True,0,YELLOW,-100.16000366210938,-22.520000457763672
20250512,002331,1,False,True,1,True,False,1,WEAK,-139.27999877929688,-86.01000213623047
20250512,002332,1,False,True,1,False,True,0,YELLOW,-30.299999237060547,-37.4900016784668
20250512,002333,0,False,False,0,False,False,0,YELLOW,8.350000381469727,-41.08000183105469
20250512,002334,1,False,True,1,False,True,0,OK,-18.579999923706055,-226.8699951171875
20250512,002335,1,True,False,2,True,True,1,WEAK,36.849998474121094,5.849999904632568
20250512,002337,1,True,False,1,False,True,0,WEAK,11.510000228881836,-60.70000076293945
20250512,002338,1,False,True,2,True,True,1,OK,-18.729999542236328,163.5800018310547
20250512,002339,2,True,True,1,False,True,0,WEAK,15.710000038146973,-25.5
20250512,002340,2,True,True,1,False,True,0,YELLOW,2.6500000953674316,6.710000038146973
20250512,002342,1,True,False,2,True,True,1,YELLOW,158.1300048828125,-44.41999816894531
20250512,002343,1,False,True,1,True,False,1,WEAK,-500.0,-126.72000122070312
20250512,002344,1,True,False,1,False,True,0,YELLOW,11.84000015258789,-39.900001525878906
20250512,002345,2,True,True,2,True,True,1,YELLOW,1.25,39.939998626708984
20250512,002346,1,True,False,2,True,True,1,YELLOW,-30.100000381469727,69.41999816894531
20250512,002347,1,False,True,1,False,True,0,WEAK,-78.6500015258789,10.56999969482422
20250512,002348,0,False,False,1,False,True,0,WEAK,2.619999885559082,7.739999771118164
20250512,002349,0,False,False,1,False,True,0,OK,9.170000076293944,5.760000228881836
20250512,002350,2,True,True,2,True,True,1,YELLOW,500.0,-341.0899963378906
20250512,002351,1,False,True,0,False,False,0,YELLOW,-13.4399995803833,-1.559999942779541
20250512,002352,1,True,False,2,True,True,1,YELLOW,0.5199999809265137,17.420000076293945
20250512,002353,2,True,True,1,False,True,0,OK,27.6200008392334,25.579999923706055
20250512,002354,1,False,True,0,False,False,0,YELLOW,149.41000366210938,459.0400085449219
20250512,002355,2,True,True,1,False,True,0,YELLOW,101.87000274658205,-500.0
20250512,002356,1,False,True,1,False,True,0,WEAK,18.100000381469727,-16.3700008392334
20250512,002357,2,True,True,2,True,True,1,YELLOW,60.90999984741211,-19.040000915527344
20250512,002358,2,True,True,2,True,True,1,YELLOW,18.059999465942383,57.09000015258789
20250512,002361,2,True,True,2,True,True,1,YELLOW,54.290000915527344,-194.2599945068359
20250512,002362,0,False,False,0,False,False,0,WEAK,-21.38999938964844,-89.93000030517578
20250512,002363,2,True,True,1,False,True,0,YELLOW,14.390000343322754,-8.770000457763672
20250512,002364,2,True,True,2,True,True,1,YELLOW,23.209999084472656,20.059999465942383
20250512,002365,0,False,False,2,True,True,1,WEAK,-86.16999816894531,208.72000122070312
20250512,002366,2,True,True,1,False,True,0,WEAK,-167.6999969482422,39.83000183105469
20250512,002367,1,True,False,1,False,True,0,YELLOW,12.390000343322754,-41.119998931884766
20250512,002368,0,False,False,1,True,False,1,YELLOW,91.61000061035156,-500.0
20250512,002369,1,True,False,1,True,False,1,WEAK,-20.100000381469727,15.170000076293944
20250512,002370,0,False,False,1,False,True,0,WEAK,-150.47000122070312,42.2400016784668
20250512,002371,1,True,False,1,True,False,1,OK,19.600000381469727,3.5999999046325684
20250512,002372,0,False,False,0,False,False,0,OK,-19.940000534057617,-23.43000030517578
20250512,002373,1,False,True,1,True,False,1,OK,-25.920000076293945,-84.1500015258789
20250512,002374,1,False,True,2,True,True,1,WEAK,-7.559999942779541,-129.25999450683594
20250512,002375,1,False,True,0,False,False,0,YELLOW,-4.539999961853027,37.77000045776367
20250512,002376,1,True,False,1,True,False,1,OK,135.52999877929688,98.11000061035156
20250512,002377,2,True,True,0,False,False,0,YELLOW,40.810001373291016,371.3399963378906
20250512,002378,1,True,False,2,True,True,1,YELLOW,31.690000534057617,500.0
20250512,002379,1,False,True,1,False,True,0,WEAK,-185.2400054931641,500.0
20250512,002380,1,True,False,1,True,False,1,YELLOW,38.150001525878906,29.450000762939453
20250512,002381,0,False,False,1,False,True,0,YELLOW,-63.88999938964844,-35.13999938964844
20250512,002382,1,True,False,2,True,True,1,YELLOW,-46.25,84.37999725341797
20250512,002383,2,True,True,2,True,True,1,OK,79.68000030517578,-192.0500030517578
20250512,002384,2,True,True,0,False,False,0,YELLOW,6.21999979019165,166.99000549316406
20250512,002385,1,True,False,1,False,True,0,YELLOW,131.94000244140625,-373.1799926757813
20250512,002386,2,True,True,1,False,True,0,YELLOW,99.5500030517578,492.6700134277344
20250512,002387,1,True,False,0,False,False,0,WEAK,13.619999885559082,-40.40999984741211
20250512,002388,0,False,False,1,True,False,1,YELLOW,-253.9900054931641,204.86000061035156
20250512,002389,1,False,True,2,True,True,1,WEAK,29.86000061035156,-84.88999938964844
20250512,002390,0,False,False,1,False,True,0,YELLOW,-10.5,14.779999732971191
20250512,002391,1,True,False,2,True,True,1,WEAK,180.4199981689453,98.93000030517578
20250512,002392,1,False,True,1,True,False,1,WEAK,-26.65999984741211,-12.220000267028809
20250512,002393,0,False,False,1,False,True,0,YELLOW,19.209999084472656,-12.079999923706056
20250512,002394,1,True,False,1,False,True,0,YELLOW,35.52000045776367,-15.970000267028809
20250512,002395,1,True,False,1,False,True,0,YELLOW,127.38999938964844,-65.33000183105469
20250512,002396,1,True,False,1,True,False,1,YELLOW,30.5,-69.36000061035156
20250512,002397,1,True,False,1,False,True,0,OK,105.37000274658205,54.040000915527344
20250512,002398,0,False,False,0,False,False,0,YELLOW,0.2899999916553497,-36.75
20250512,002399,1,True,False,2,True,True,1,OK,28.690000534057617,-62.150001525878906
20250512,002400,1,True,False,0,False,False,0,YELLOW,20.049999237060547,10.869999885559082
20250512,002401,1,False,True,1,True,False,1,WEAK,-97.0199966430664,204.72000122070312
20250512,002402,1,True,False,1,True,False,1,YELLOW,70.12999725341797,1.7100000381469729
20250512,002403,1,True,False,1,False,True,0,OK,-128.32000732421875,-500.0
20250512,002404,0,False,False,1,False,True,0,YELLOW,-3.5,29.549999237060547
20250512,002405,1,True,False,0,False,False,0,WEAK,-44.08000183105469,8.149999618530273
20250512,002406,1,True,False,2,True,True,1,YELLOW,47.349998474121094,76.87999725341797
20250512,002407,2,True,True,1,False,True,0,WEAK,59.2599983215332,500.0
20250512,002408,0,False,False,0,False,False,0,YELLOW,-182.1999969482422,-500.0
20250512,002409,1,True,False,0,False,False,0,OK,5.190000057220459,-3.809999942779541
20250512,002410,1,True,False,1,True,False,1,OK,49.150001525878906,24.079999923706055
20250512,002412,1,False,True,1,False,True,0,YELLOW,-37.2400016784668,295.8299865722656
20250512,002413,1,False,True,1,False,True,0,WEAK,27.68000030517578,51.75
20250512,002414,2,True,True,2,True,True,1,WEAK,500.0,430.69000244140625
20250512,002415,1,True,False,0,False,False,0,OK,10.0600004196167,37.439998626708984
20250512,002416,1,False,True,1,False,True,0,YELLOW,-27.56999969482422,-1.4700000286102295
20250512,002418,1,True,False,2,True,True,1,YELLOW,179.75,-72.87000274658203
20250512,002419,1,True,False,2,True,True,1,OK,-60.52000045776367,1.350000023841858
20250512,002420,1,False,True,1,False,True,0,YELLOW,-47.08000183105469,-27.59000015258789
20250512,002421,0,False,False,0,False,False,0,WEAK,-500.0,57.470001220703125
20250512,002422,0,False,False,2,True,True,1,OK,-53.119998931884766,-32.41999816894531
20250512,002423,1,False,True,0,False,False,0,WEAK,-20.11000061035156,-30.719999313354492
20250512,002425,1,False,True,1,True,False,1,WEAK,-5.449999809265137,266.57000732421875
20250512,002426,0,False,False,0,False,False,0,WEAK,29.299999237060547,-136.38999938964844
20250512,002427,2,True,True,2,True,True,1,YELLOW,144.9499969482422,-500.0
20250512,002428,2,True,True,1,False,True,0,YELLOW,-83.79000091552734,-32.13999938964844
20250512,002429,0,False,False,1,False,True,0,YELLOW,-32.40999984741211,-40.20000076293945
20250512,002430,1,True,False,1,False,True,0,YELLOW,16.270000457763672,13.039999961853027
20250512,002432,1,False,True,1,False,True,0,YELLOW,14.600000381469728,49.849998474121094
20250512,002434,2,True,True,2,True,True,1,YELLOW,-2.690000057220459,-52.869998931884766
20250512,002436,0,False,False,1,True,False,1,WEAK,500.0,308.32000732421875
20250512,002437,1,True,False,1,False,True,0,WEAK,24.690000534057617,26.559999465942383
20250512,002438,2,True,True,1,False,True,0,OK,7.110000133514404,-11.40999984741211
20250512,002439,1,False,True,0,False,False,0,OK,-93.29000091552734,236.11000061035156
20250512,002440,1,True,False,2,True,True,1,YELLOW,60.93000030517578,236.8300018310547
20250512,002441,0,False,False,1,False,True,0,YELLOW,28.270000457763672,-4.320000171661377
20250512,002442,2,True,True,2,True,True,1,YELLOW,-48.58000183105469,-124.37999725341795
20250512,002443,0,False,False,1,True,False,1,YELLOW,-8.569999694824219,45.88999938964844
20250512,002444,2,True,True,1,False,True,0,OK,5.309999942779541,9.3100004196167
20250512,002445,0,False,False,1,False,True,0,YELLOW,-33.689998626708984,-77.77999877929688
20250512,002446,1,False,True,1,False,True,0,WEAK,17.530000686645508,-10.539999961853027
20250512,002448,2,True,True,2,True,True,1,YELLOW,55.7599983215332,16.549999237060547
20250512,002449,0,False,False,0,False,False,0,YELLOW,-63.36000061035156,-468.7200012207031
20250512,002451,2,True,True,1,False,True,0,YELLOW,109.2699966430664,64.87999725341797
20250512,002452,1,True,False,1,False,True,0,OK,13.31999969482422,79.83000183105469
20250512,002453,1,True,False,1,False,True,0,WEAK,-29.709999084472656,-52.810001373291016
20250512,002454,2,True,True,2,True,True,1,YELLOW,70.6500015258789,-31.020000457763672
20250512,002455,2,True,True,1,False,True,0,YELLOW,-131.39999389648438,-91.9800033569336
20250512,002456,1,False,True,0,False,False,0,WEAK,-500.0,-194.44000244140625
20250512,002457,1,False,True,0,False,False,0,WEAK,-58.2599983215332,14.0600004196167
20250512,002458,0,False,False,1,False,True,0,WEAK,-87.05000305175781,500.0
20250512,002459,0,False,False,1,False,True,0,WEAK,-480.9500122070313,-1.3700000047683716
20250512,002460,2,True,True,1,False,True,0,WEAK,-163.42999267578125,500.0
20250512,002461,2,True,True,2,True,True,1,YELLOW,17.15999984741211,12.3100004196167
20250512,002462,0,False,False,2,True,True,1,YELLOW,-23.1200008392334,-17.049999237060547
20250512,002463,2,True,True,0,False,False,0,YELLOW,48.16999816894531,56.02000045776367
20250512,002465,1,True,False,1,False,True,0,WEAK,-374.6499938964844,-298.0
20250512,002466,1,True,False,1,False,True,0,WEAK,101.23999786376952,500.0
20250512,002467,1,False,True,0,False,False,0,OK,-21.59000015258789,-90.7699966430664
20250512,002468,1,True,False,1,False,True,0,YELLOW,18.709999084472656,101.29000091552734
20250512,002469,1,False,True,1,True,False,1,YELLOW,6.860000133514404,-102.29000091552734
20250512,002470,0,False,False,1,False,True,0,YELLOW,-48.560001373291016,500.0
20250512,002471,1,True,False,2,True,True,1,WEAK,11.520000457763672,68.72000122070312
20250512,002472,2,True,True,1,False,True,0,YELLOW,19.219999313354492,-4.039999961853027
20250512,002474,1,True,False,1,True,False,1,WEAK,-50.599998474121094,25.15999984741211
20250512,002475,2,True,True,0,False,False,0,YELLOW,17.549999237060547,15.220000267028809
20250512,002476,1,True,False,1,True,False,1,YELLOW,98.5199966430664,28.989999771118164
20250512,002478,1,False,True,1,True,False,1,YELLOW,0.800000011920929,-28.0
20250512,002479,2,True,True,2,True,True,1,YELLOW,22.350000381469727,51.4900016784668
20250512,002480,2,True,True,2,True,True,1,WEAK,26.219999313354492,34.15999984741211
20250512,002481,1,False,True,1,False,True,0,WEAK,-53.86000061035156,169.75999450683594
20250512,002482,2,True,True,0,False,False,0,WEAK,44.880001068115234,37.7599983215332
20250512,002483,1,True,False,1,False,True,0,YELLOW,-1.4900000095367432,-18.81999969482422
20250512,002484,2,True,True,0,False,False,0,YELLOW,12.640000343322754,12.56999969482422
20250512,002486,2,True,True,1,False,True,0,YELLOW,318.5899963378906,-90.66000366210938
20250512,002487,2,True,True,2,True,True,1,YELLOW,247.77000427246097,73.86000061035156
20250512,002488,1,True,False,2,True,True,1,YELLOW,39.130001068115234,288.70001220703125
20250512,002489,1,True,False,2,True,True,1,WEAK,81.30999755859375,-16.56999969482422
20250512,002490,1,True,False,2,True,True,1,YELLOW,96.79000091552734,170.6300048828125
20250512,002491,1,False,True,1,True,False,1,YELLOW,-35.34000015258789,500.0
20250512,002492,0,False,False,2,True,True,1,WEAK,-13.770000457763672,-46.959999084472656
20250512,002493,1,True,False,0,False,False,0,YELLOW,55.369998931884766,389.8999938964844
20250512,002494,0,False,False,2,True,True,1,WEAK,-452.2900085449219,500.0
20250512,002495,1,False,True,1,False,True,0,YELLOW,-28.579999923706055,30.84000015258789
20250512,002497,2,True,True,1,False,True,0,WEAK,156.8699951171875,419.7300109863281
20250512,002498,0,False,False,2,True,True,1,WEAK,-20.8700008392334,8.779999732971191
20250512,002500,1,True,False,0,False,False,0,WEAK,34.810001373291016,-3.759999990463257
20250512,002506,0,False,False,1,False,True,0,WEAK,-500.0,6.010000228881836
20250512,002507,1,False,True,1,False,True,0,OK,-3.430000066757202,2.0999999046325684
20250512,002508,0,False,False,1,False,True,0,OK,-1.3700000047683716,-17.469999313354492
20250512,002510,0,False,False,2,True,True,1,YELLOW,-102.1500015258789,5.019999980926514
20250512,002511,0,False,False,1,False,True,0,OK,500.0,52.59000015258789
20250512,002513,2,True,True,1,False,True,0,WEAK,51.380001068115234,33.72999954223633
20250512,002515,1,True,False,2,True,True,1,YELLOW,5.449999809265137,-48.439998626708984
20250512,002516,2,True,True,1,False,True,0,YELLOW,36.2599983215332,34.33000183105469
20250512,002517,1,True,False,1,True,False,1,OK,18.649999618530273,5.75
20250512,002518,0,False,False,1,False,True,0,YELLOW,27.700000762939453,26.059999465942383
20250512,002519,0,False,False,1,False,True,0,WEAK,-199.3800048828125,94.27999877929688
20250512,002520,0,False,False,1,False,True,0,WEAK,-500.0,100.43000030517578
20250512,002521,1,False,True,1,False,True,0,YELLOW,-9.989999771118164,178.44000244140625
20250512,002522,1,False,True,2,True,True,1,YELLOW,-0.7599999904632568,8.420000076293945
20250512,002523,1,True,False,2,True,True,1,YELLOW,500.0,-18.950000762939453
20250512,002524,1,True,False,2,True,True,1,YELLOW,68.81999969482422,-200.9900054931641
20250512,002526,1,False,True,1,False,True,0,YELLOW,-62.18000030517578,29.36000061035156
20250512,002527,1,True,False,2,True,True,1,WEAK,68.12999725341797,-63.31999969482422
20250512,002530,1,True,False,1,False,True,0,YELLOW,500.0,17.639999389648438
20250512,002531,1,False,True,1,False,True,0,YELLOW,-80.3499984741211,8.649999618530273
20250512,002532,2,True,True,1,False,True,0,YELLOW,8.079999923706055,111.77999877929688
20250512,002533,1,False,True,2,True,True,1,YELLOW,11.720000267028809,-7.489999771118164
20250512,002534,1,True,False,1,False,True,0,YELLOW,-11.149999618530272,-25.5
20250512,002535,2,True,True,1,False,True,0,YELLOW,-51.939998626708984,-228.22000122070312
20250512,002536,2,True,True,2,True,True,1,YELLOW,16.65999984741211,-54.20000076293945
20250512,002537,1,False,True,2,True,True,1,YELLOW,-27.100000381469727,21.020000457763672
20250512,002539,2,True,True,2,True,True,1,YELLOW,13.460000038146973,2.450000047683716
20250512,002540,1,False,True,1,False,True,0,YELLOW,-18.920000076293945,-60.880001068115234
20250512,002541,1,True,False,1,True,False,1,YELLOW,0.7799999713897705,21.649999618530273
20250512,002543,2,True,True,2,True,True,1,OK,-6.579999923706055,-63.93000030517578
20250512,002544,1,False,True,1,True,False,1,WEAK,-43.060001373291016,22.93000030517578
20250512,002545,2,True,True,2,True,True,1,OK,76.0999984741211,95.87000274658205
20250512,002546,2,True,True,2,True,True,1,YELLOW,8.100000381469727,0.3400000035762787
20250512,002548,1,True,False,1,False,True,0,WEAK,-500.0,-462.55999755859375
20250512,002549,2,True,True,2,True,True,1,WEAK,289.0,-72.08000183105469
20250512,002550,2,True,True,2,True,True,1,YELLOW,18.760000228881836,-27.600000381469727
20250512,002551,2,True,True,2,True,True,1,YELLOW,-500.0,-147.07000732421875
20250512,002552,1,True,False,1,False,True,0,YELLOW,28.020000457763672,249.5500030517578
20250512,002553,2,True,True,2,True,True,1,OK,13.4399995803833,-16.559999465942383
20250512,002554,1,True,False,1,True,False,1,WEAK,93.36000061035156,-200.5399932861328
20250512,002555,0,False,False,1,True,False,1,OK,20.43000030517578,13.68000030517578
20250512,002556,1,True,False,1,False,True,0,YELLOW,33.630001068115234,-12.390000343322754
20250512,002557,0,False,False,1,False,True,0,YELLOW,-79.45999908447266,156.47000122070312
20250512,002558,1,False,True,1,True,False,1,OK,16.5,179.72000122070312
20250512,002559,1,False,True,1,False,True,0,YELLOW,2.9700000286102295,-8.970000267028809
20250512,002560,2,True,True,2,True,True,1,YELLOW,98.62999725341795,86.76000213623047
20250512,002561,1,False,True,1,False,True,0,OK,-366.1400146484375,-271.9599914550781
20250512,002562,2,True,True,1,False,True,0,YELLOW,298.45001220703125,62.5099983215332
20250512,002563,1,False,True,1,False,True,0,OK,-29.829999923706055,54.08000183105469
20250512,002564,1,True,False,1,True,False,1,YELLOW,269.45001220703125,-133.1699981689453
20250512,002565,1,False,True,2,True,True,1,YELLOW,-61.119998931884766,-23.100000381469727
20250512,002566,0,False,False,2,True,True,1,OK,-37.810001373291016,-43.02000045776367
20250512,002567,2,True,True,1,False,True,0,WEAK,-233.6300048828125,-500.0
20250512,002568,1,True,False,2,True,True,1,YELLOW,-7.929999828338623,17.40999984741211
20250512,002570,2,True,True,2,True,True,1,YELLOW,76.2300033569336,-29.079999923706055
20250512,002571,0,False,False,2,True,True,1,WEAK,-129.6699981689453,32.79999923706055
20250512,002572,1,False,True,1,False,True,0,OK,-17.559999465942383,-95.4499969482422
20250512,002573,1,False,True,1,False,True,0,YELLOW,-79.48999786376953,500.0
20250512,002574,0,False,False,2,True,True,1,WEAK,-377.44000244140625,107.87999725341795
20250512,002575,0,False,,2,True,True,1,WEAK,-49.5,91.2300033569336
20250512,002576,1,True,False,2,True,True,1,YELLOW,42.689998626708984,15.350000381469728
20250512,002577,2,True,True,0,False,False,0,OK,-121.91000366210938,23.729999542236328
20250512,002578,1,False,True,1,False,True,0,YELLOW,-146.7899932861328,205.8800048828125
20250512,002579,2,True,True,0,False,False,0,YELLOW,114.88999938964844,203.82000732421875
20250512,002580,2,True,True,2,True,True,1,YELLOW,4.690000057220459,4.650000095367432
20250512,002582,1,True,False,2,True,True,1,YELLOW,114.5500030517578,17.040000915527344
20250512,002583,1,False,True,0,False,False,0,OK,-33.529998779296875,-171.33999633789062
20250512,002584,2,True,True,1,True,False,1,YELLOW,-15.68000030517578,105.83000183105467
20250512,002585,1,True,False,1,False,True,0,WEAK,4.570000171661377,65.7300033569336
20250512,002587,2,True,True,0,False,False,0,WEAK,175.44000244140625,40.2599983215332
20250512,002588,1,True,False,2,True,True,1,YELLOW,31.15999984741211,18.780000686645508
20250512,002589,1,False,True,2,True,True,1,YELLOW,-20.40999984741211,-8.850000381469727
20250512,002590,1,True,False,1,False,True,0,YELLOW,-0.8999999761581421,-12.869999885559082
20250512,002591,1,True,False,2,True,True,1,WEAK,-14.510000228881836,500.0
20250512,002593,1,True,False,0,False,False,0,YELLOW,331.6600036621094,199.0800018310547
20250512,002594,2,True,True,2,True,True,1,YELLOW,-11.649999618530272,-49.2400016784668
20250512,002595,2,True,True,2,True,True,1,OK,27.829999923706055,-0.9399999976158142
20250512,002596,1,False,True,1,True,False,1,WEAK,0.9300000071525574,62.83000183105469
20250512,002597,1,True,False,2,True,True,1,YELLOW,-6.480000019073486,-53.599998474121094
20250512,002599,1,False,True,2,True,True,1,WEAK,156.25,9.529999732971191
20250512,002600,2,True,True,0,False,False,0,WEAK,26.670000076293945,-33.150001525878906
20250512,002601,1,False,True,1,False,True,0,YELLOW,-35.970001220703125,-73.27999877929688
20250512,002602,2,True,True,1,True,False,1,OK,140.97999572753906,46.939998626708984
20250512,002603,1,True,False,1,False,True,0,WEAK,90.52999877929688,25.190000534057617
20250512,002605,1,False,True,0,False,False,0,YELLOW,-6.309999942779541,-2.4800000190734863
20250512,002606,2,True,True,1,False,True,0,YELLOW,-23.6299991607666,232.88999938964844
20250512,002607,1,False,True,1,False,True,0,WEAK,-43.66999816894531,26.36000061035156
20250512,002608,2,True,True,1,False,True,0,YELLOW,13.890000343322754,-9.390000343322754
20250512,002609,2,True,True,1,True,False,1,YELLOW,75.54000091552734,500.0
20250512,002611,1,True,False,2,True,True,1,OK,-7.28000020980835,-70.7300033569336
20250512,002612,0,False,False,2,True,True,1,OK,-4.110000133514404,1.649999976158142
20250512,002613,0,False,False,0,False,False,0,YELLOW,-96.9800033569336,-103.30999755859376
20250512,002614,2,True,True,2,True,True,1,OK,497.9700012207031,-500.0
20250512,002615,1,True,False,1,False,True,0,YELLOW,-54.279998779296875,-99.3499984741211
20250512,002616,1,True,False,2,True,True,1,YELLOW,128.4199981689453,22.540000915527344
20250512,002617,1,True,False,1,False,True,0,YELLOW,15.239999771118164,-28.600000381469727
20250512,002622,0,False,False,1,False,True,0,WEAK,-288.7699890136719,32.86000061035156
20250512,002623,0,False,False,1,False,True,0,YELLOW,-98.12999725341795,-500.0
20250512,002624,1,True,False,1,True,False,1,YELLOW,207.77000427246097,-62.400001525878906
20250512,002625,1,True,False,1,False,True,0,YELLOW,11.279999732971191,19.239999771118164
20250512,002626,2,True,True,2,True,True,1,OK,56.220001220703125,-48.470001220703125
20250512,002627,1,True,False,2,True,True,1,WEAK,-10.960000038146973,-30.15999984741211
20250512,002628,1,True,False,0,False,False,0,YELLOW,-92.7699966430664,222.11000061035156
20250512,002629,2,True,True,1,True,False,1,WEAK,-186.7899932861328,-26.670000076293945
20250512,002631,1,True,False,2,True,True,1,WEAK,-166.52000427246094,-2.4100000858306885
20250512,002632,1,True,False,1,False,True,0,OK,27.260000228881836,-9.970000267028809
20250512,002633,1,False,True,2,True,True,1,YELLOW,-22.209999084472656,500.0
20250512,002635,0,False,False,0,False,False,0,YELLOW,-72.23999786376953,-41.599998474121094
20250512,002636,1,True,False,1,True,False,1,YELLOW,500.0,500.0
20250512,002637,1,True,False,1,False,True,0,YELLOW,49.93000030517578,35.93000030517578
20250512,002638,1,False,True,1,False,True,0,WEAK,-8.449999809265137,-140.80999755859375
20250512,002639,0,False,False,2,True,True,1,YELLOW,71.13999938964844,-149.00999450683594
20250512,002640,1,True,False,1,False,True,0,WEAK,44.97999954223633,-0.3499999940395355
20250512,002641,0,False,False,0,False,False,0,WEAK,-103.76000213623048,87.5999984741211
20250512,002642,0,False,False,1,True,False,1,YELLOW,-77.98999786376953,-97.0
20250512,002643,0,False,False,1,True,False,1,YELLOW,14.020000457763672,9.0
20250512,002644,1,False,True,1,False,True,0,OK,-5.449999809265137,25.829999923706055
20250512,002645,1,True,False,2,True,True,1,YELLOW,298.04998779296875,500.0
20250512,002646,0,False,False,1,False,True,0,WEAK,-66.29000091552734,-29.399999618530273
20250512,002647,1,True,False,0,False,False,0,YELLOW,135.6199951171875,206.5
20250512,002648,1,True,False,1,False,True,0,YELLOW,3.650000095367432,15.470000267028809
20250512,002649,2,True,True,1,True,False,1,YELLOW,-4.590000152587891,-88.20999908447266
20250512,002651,1,False,True,2,True,True,1,OK,-30.829999923706055,-29.0
20250512,002652,0,False,False,0,False,False,0,WEAK,-15.710000038146973,28.40999984741211
20250512,002653,1,True,False,2,True,True,1,OK,44.4900016784668,500.0
20250512,002654,1,False,True,0,False,False,0,WEAK,-42.09000015258789,8.300000190734863
20250512,002655,2,True,True,1,True,False,1,YELLOW,14.829999923706056,-74.97000122070312
20250512,002657,0,False,False,0,False,False,0,WEAK,-35.119998931884766,-19.549999237060547
20250512,002658,1,True,False,2,True,True,1,OK,61.810001373291016,65.26000213623047
20250512,002659,1,True,False,1,False,True,0,WEAK,100.93000030517578,-4.46999979019165
20250512,002660,1,False,True,0,False,False,0,WEAK,-318.79998779296875,-500.0
20250512,002661,1,True,False,2,True,True,1,YELLOW,-22.549999237060547,-60.970001220703125
20250512,002662,1,False,True,1,False,True,0,YELLOW,-37.65999984741211,-88.16000366210938
20250512,002663,2,True,True,0,False,False,0,WEAK,-176.4199981689453,-278.0299987792969
20250512,002664,0,False,False,2,True,True,1,WEAK,32.09000015258789,373.3200073242187
20250512,002666,1,False,True,1,False,True,0,YELLOW,-21.190000534057617,-16.489999771118164
20250512,002668,1,True,False,1,False,True,0,YELLOW,16.110000610351562,0.3899999856948852
20250512,002669,2,True,True,2,True,True,1,YELLOW,152.58999633789062,33.47999954223633
20250512,002670,2,True,True,0,False,False,0,WEAK,210.57000732421875,-95.88999938964844
20250512,002671,1,False,True,0,False,False,0,WEAK,54.95000076293945,48.22999954223633
20250512,002672,2,True,True,2,True,True,1,WEAK,-26.75,6.440000057220459
20250512,002673,1,True,False,1,True,False,1,WEAK,71.80999755859375,-2.9700000286102295
20250512,002674,0,False,False,1,False,True,0,YELLOW,-67.87999725341797,29.950000762939453
20250512,002675,0,False,False,2,True,True,1,OK,-11.0600004196167,56.36000061035156
20250512,002676,2,True,True,1,False,True,0,YELLOW,31.950000762939453,1.149999976158142
20250512,002677,1,False,True,1,False,True,0,WEAK,-84.72000122070312,-63.72999954223633
20250512,002678,0,False,False,1,False,True,0,WEAK,-62.970001220703125,11.3100004196167
20250512,002679,1,False,True,1,False,True,0,WEAK,16.049999237060547,-1.9299999475479128
20250512,002681,1,True,False,1,True,False,1,YELLOW,-93.02999877929688,-155.1999969482422
20250512,002682,0,False,False,2,True,True,1,WEAK,-44.2400016784668,-33.970001220703125
20250512,002683,2,True,True,2,True,True,1,YELLOW,5.489999771118164,20.170000076293945
20250512,002685,2,True,True,2,True,True,1,WEAK,124.87000274658205,56.91999816894531
20250512,002686,1,True,False,2,True,True,1,YELLOW,-68.27999877929688,-99.9800033569336
20250512,002687,0,False,False,1,False,True,0,YELLOW,-3.9200000762939458,-30.940000534057617
20250512,002688,1,True,False,2,True,True,1,YELLOW,21.81999969482422,22.600000381469727
20250512,002690,1,True,False,2,True,True,1,OK,15.829999923706056,-8.119999885559082
20250512,002692,2,True,True,2,True,True,1,YELLOW,-16.440000534057617,-316.5
20250512,002695,2,True,True,2,True,True,1,YELLOW,38.869998931884766,8.020000457763672
20250512,002696,2,True,True,2,True,True,1,YELLOW,190.77999877929688,-500.0
20250512,002697,1,True,False,2,True,True,1,YELLOW,3.9600000381469727,-6.53000020980835
20250512,002698,1,True,False,1,False,True,0,OK,-7.400000095367432,-50.95000076293945
20250512,002700,0,False,False,1,False,True,0,YELLOW,-32.08000183105469,-17.979999542236328
20250512,002701,1,False,True,2,True,True,1,YELLOW,-23.739999771118164,68.5999984741211
20250512,002702,0,False,False,1,False,True,0,YELLOW,-29.059999465942383,500.0
20250512,002703,2,True,True,1,False,True,0,YELLOW,22.899999618530273,-13.899999618530272
20250512,002705,2,True,True,1,False,True,0,YELLOW,2.069999933242798,-72.25
20250512,002706,2,True,True,2,True,True,1,OK,2.2300000190734863,-53.529998779296875
20250512,002707,0,False,False,2,True,True,1,YELLOW,-47.900001525878906,-47.16999816894531
20250512,002708,2,True,True,2,True,True,1,YELLOW,58.93000030517578,-44.290000915527344
20250512,002709,2,True,True,1,False,True,0,WEAK,30.1299991607666,500.0
20250512,002712,1,False,True,0,False,False,0,WEAK,-95.58000183105467,129.42999267578125
20250512,002714,2,True,True,2,True,True,1,WEAK,37.900001525878906,-125.31999969482422
20250512,002715,1,False,True,1,False,True,0,YELLOW,-64.23999786376953,500.0
20250512,002716,2,True,True,1,False,True,0,YELLOW,88.91000366210938,497.05999755859375
20250512,002718,1,True,False,0,False,False,0,YELLOW,125.01000213623048,-39.900001525878906
20250512,002721,1,True,False,1,False,True,0,WEAK,153.2100067138672,317.1099853515625
20250512,002722,1,False,True,1,False,True,0,YELLOW,-16.100000381469727,32.59000015258789
20250512,002723,0,False,False,1,False,True,0,WEAK,-100.52999877929688,-232.05999755859375
20250512,002724,2,True,True,2,True,True,1,OK,7.210000038146973,-500.0
20250512,002725,1,True,False,1,False,True,0,YELLOW,205.7400054931641,-200.72000122070312
20250512,002727,1,False,True,2,True,True,1,OK,-26.270000457763672,4.579999923706055
20250512,002728,2,True,True,1,False,True,0,WEAK,500.0,-21.579999923706055
20250512,002729,2,True,True,0,False,False,0,OK,11.350000381469728,-44.7599983215332
20250512,002730,1,False,True,1,False,True,0,OK,-22.770000457763672,7.090000152587891
20250512,002732,1,False,True,1,False,True,0,YELLOW,-33.290000915527344,-100.01000213623048
20250512,002733,0,False,False,1,False,True,0,YELLOW,-29.440000534057617,55.709999084472656
20250512,002734,1,True,False,2,True,True,1,YELLOW,500.0,40.18000030517578
20250512,002735,2,True,True,2,True,True,1,YELLOW,0.7400000095367432,30.510000228881836
20250512,002736,1,True,False,1,True,False,1,WEAK,88.0199966430664,-9.619999885559082
20250512,002737,1,False,True,1,False,True,0,WEAK,-117.68000030517578,166.22000122070312
20250512,002738,1,False,True,1,False,True,0,WEAK,-70.5999984741211,500.0
20250512,002739,1,True,False,1,True,False,1,YELLOW,500.0,-92.54000091552734
20250512,002741,2,True,True,1,True,False,1,YELLOW,500.0,96.62000274658205
20250512,002742,1,False,True,2,True,True,1,WEAK,-11.75,89.55000305175781
20250512,002743,2,True,True,1,True,False,1,YELLOW,-38.189998626708984,-392.6199951171875
20250512,002745,0,False,False,1,True,False,1,YELLOW,-42.81999969482422,-16.219999313354492
20250512,002746,2,True,True,1,False,True,0,YELLOW,189.1499938964844,60.790000915527344
20250512,002747,2,True,True,2,True,True,1,WEAK,101.91000366210938,364.5299987792969
20250512,002748,2,True,True,2,True,True,1,YELLOW,45.93000030517578,52.779998779296875
20250512,002749,2,True,True,2,True,True,1,YELLOW,1.919999957084656,-23.450000762939453
20250512,002752,0,False,False,1,False,True,0,YELLOW,-39.97999954223633,78.62000274658203
20250512,002753,0,False,False,1,False,True,0,YELLOW,-44.369998931884766,-95.5999984741211
20250512,002755,2,True,True,2,True,True,1,OK,81.88999938964844,74.80000305175781
20250512,002756,0,False,False,1,False,True,0,WEAK,-39.790000915527344,164.57000732421875
20250512,002757,0,False,False,2,True,True,1,YELLOW,-58.11000061035156,-10.09000015258789
20250512,002758,1,False,True,1,False,True,0,YELLOW,66.16000366210938,-13.699999809265137
20250512,002759,1,True,False,1,False,True,0,WEAK,46.099998474121094,500.0
20250512,002760,1,True,False,2,True,True,1,YELLOW,300.6499938964844,286.4100036621094
20250512,002761,1,True,False,0,False,False,0,YELLOW,-53.16999816894531,26.8799991607666
20250512,002763,0,False,False,1,False,True,0,OK,-0.6000000238418579,17.420000076293945
20250512,002765,2,True,True,2,True,True,1,YELLOW,129.27000427246094,-77.1500015258789
20250512,002766,0,False,False,1,False,True,0,YELLOW,-111.52999877929688,-500.0
20250512,002767,2,True,True,2,True,True,1,OK,182.27999877929688,-187.3800048828125
20250512,002768,0,False,False,2,True,True,1,YELLOW,43.61000061035156,149.3800048828125
20250512,002769,2,True,True,2,True,True,1,OK,193.8000030517578,-86.62000274658203
20250512,002771,0,False,False,0,False,False,0,WEAK,-107.91000366210938,14.3100004196167
20250512,002772,1,True,False,2,True,True,1,WEAK,181.08999633789065,254.1499938964844
20250512,002773,2,True,True,2,True,True,1,OK,6.739999771118164,-21.969999313354492
20250512,002774,0,False,False,2,True,True,1,YELLOW,-53.77000045776367,-145.80999755859375
20250512,002775,1,False,True,0,False,False,0,YELLOW,-500.0,35.650001525878906
20250512,002777,1,True,False,0,False,False,0,WEAK,341.94000244140625,-18.079999923706055
20250512,002778,1,True,False,1,False,True,0,YELLOW,128.8000030517578,-269.4700012207031
20250512,002779,2,True,True,2,True,True,1,YELLOW,-42.68000030517578,-29.799999237060547
20250512,002780,2,True,True,2,True,True,1,YELLOW,408.489990234375,150.0
20250512,002782,1,True,False,0,False,False,0,YELLOW,51.72999954223633,-66.81999969482422
20250512,002783,2,True,True,2,True,True,1,YELLOW,29.81999969482422,-88.12999725341797
20250512,002785,1,False,True,0,False,False,0,YELLOW,36.029998779296875,-75.44999694824219
20250512,002786,1,True,False,1,False,True,0,WEAK,76.04000091552734,139.3000030517578
20250512,002787,1,True,False,2,True,True,1,YELLOW,47.0,7.849999904632568
20250512,002788,1,False,True,1,False,True,0,YELLOW,-15.140000343322754,-6.0
20250512,002790,0,False,False,1,False,True,0,YELLOW,-59.939998626708984,-107.5199966430664
20250512,002791,1,True,False,1,True,False,1,WEAK,-301.0400085449219,-6.059999942779541
20250512,002792,1,True,False,1,True,False,1,YELLOW,-93.08999633789062,-500.0
20250512,002793,1,True,False,2,True,True,1,OK,101.7300033569336,492.6499938964844
20250512,002795,1,True,False,2,True,True,1,WEAK,30.270000457763672,53.2400016784668
20250512,002796,1,False,True,0,False,False,0,WEAK,-500.0,-56.4900016784668
20250512,002797,0,False,False,0,False,False,0,WEAK,20.329999923706055,70.54000091552734
20250512,002798,1,False,True,2,True,True,1,WEAK,9.670000076293944,2.0799999237060547
20250512,002799,0,False,False,1,False,True,0,WEAK,-184.3000030517578,134.99000549316406
20250512,002800,1,False,True,2,True,True,1,YELLOW,-162.75,-5.880000114440918
20250512,002801,2,True,True,2,True,True,1,OK,1.9600000381469729,-37.439998626708984
20250512,002802,1,True,False,2,True,True,1,YELLOW,-29.969999313354492,-10.8100004196167
20250512,002803,1,True,False,1,False,True,0,YELLOW,70.44999694824219,21.75
20250512,002805,0,False,False,1,False,True,0,WEAK,-178.77000427246094,140.27000427246094
20250512,002806,0,False,False,1,False,True,0,WEAK,-393.4599914550781,-181.3000030517578
20250512,002807,1,True,False,1,False,True,0,WEAK,14.9399995803833,2.2200000286102295
20250512,002809,1,False,True,2,True,True,1,WEAK,-160.52999877929688,-380.5299987792969
20250512,002810,0,False,False,1,False,True,0,YELLOW,-27.86000061035156,145.24000549316406
20250512,002811,0,False,False,0,False,False,0,YELLOW,59.22999954223633,69.18000030517578
20250512,002812,1,False,True,1,False,True,0,WEAK,-120.23999786376952,500.0
20250512,002813,0,False,False,1,False,True,0,WEAK,-71.06999969482422,15.270000457763672
20250512,002815,1,True,False,0,False,False,0,WEAK,29.530000686645508,-69.80999755859375
20250512,002817,1,True,False,2,True,True,1,YELLOW,23.739999771118164,-7.489999771118164
20250512,002818,1,False,True,1,False,True,0,OK,-18.969999313354492,-41.86000061035156
20250512,002819,0,False,False,2,True,True,1,WEAK,-1.4600000381469729,-11.34000015258789
20250512,002820,1,False,True,1,False,True,0,OK,-98.0999984741211,11.029999732971191
20250512,002821,1,True,False,1,False,True,0,WEAK,9.739999771118164,-10.880000114440918
20250512,002823,2,True,True,1,False,True,0,YELLOW,66.79000091552734,-3.799999952316284
20250512,002824,0,False,False,1,False,True,0,WEAK,92.6500015258789,160.02000427246094
20250512,002825,2,True,True,2,True,True,1,YELLOW,-1.6100000143051147,-51.220001220703125
20250512,002826,1,True,False,2,True,True,1,WEAK,144.5,88.33000183105469
20250512,002827,2,True,True,2,True,True,1,YELLOW,15.699999809265137,-33.75
20250512,002828,0,False,False,1,True,False,1,YELLOW,-17.780000686645508,-500.0
20250512,002829,0,False,False,1,False,True,0,WEAK,-178.41000366210938,-44.029998779296875
20250512,002830,0,False,False,1,True,False,1,OK,2.380000114440918,15.479999542236328
20250512,002831,1,True,False,1,False,True,0,YELLOW,4.860000133514404,1.4600000381469729
20250512,002832,0,False,False,1,False,True,0,OK,-21.36000061035156,17.8799991607666
20250512,002833,0,False,False,1,False,True,0,OK,-30.479999542236328,8.819999694824219
20250512,002835,2,True,True,0,False,False,0,YELLOW,-23.469999313354492,-40.0
20250512,002836,2,True,True,2,True,True,1,YELLOW,-10.760000228881836,3.4700000286102295
20250512,002837,1,False,True,1,False,True,0,YELLOW,14.760000228881836,-87.0999984741211
20250512,002838,2,True,True,2,True,True,1,YELLOW,46.06999969482422,103.48999786376952
20250512,002839,2,True,True,1,False,True,0,WEAK,8.4399995803833,3.2699999809265137
20250512,002840,1,True,False,1,False,True,0,YELLOW,32.68000030517578,-500.0
20250512,002841,0,False,False,0,False,False,0,WEAK,-20.950000762939453,82.5199966430664
20250512,002842,1,True,False,2,True,True,1,YELLOW,172.16000366210938,500.0
20250512,002843,0,False,False,1,False,True,0,WEAK,-21.270000457763672,69.9000015258789
20250512,002845,1,False,True,0,False,False,0,WEAK,-139.6699981689453,-6.650000095367432
20250512,002846,1,True,False,2,True,True,1,YELLOW,500.0,14.0
20250512,002847,2,True,True,2,True,True,1,YELLOW,30.540000915527344,30.450000762939453
20250512,002849,1,False,True,2,True,True,1,OK,11.43000030517578,-9.289999961853027
20250512,002850,1,True,False,1,False,True,0,YELLOW,14.529999732971191,27.190000534057617
20250512,002851,1,False,True,1,False,True,0,YELLOW,-67.8499984741211,-56.22999954223633
20250512,002852,1,True,False,2,True,True,1,YELLOW,159.22000122070312,-43.959999084472656
20250512,002853,2,True,True,2,True,True,1,WEAK,-74.94999694824219,-177.5399932861328
20250512,002855,1,False,True,0,False,False,0,WEAK,-57.68000030517578,58.54999923706055
20250512,002857,1,False,True,2,True,True,1,WEAK,-25.020000457763672,-60.34000015258789
20250512,002858,1,False,True,1,False,True,0,WEAK,41.66999816894531,12.34000015258789
20250512,002859,1,False,True,0,False,False,0,OK,-1.7999999523162842,47.970001220703125
20250512,002860,1,True,False,2,True,True,1,YELLOW,16.979999542236328,-11.390000343322754
20250512,002861,1,False,True,0,False,False,0,WEAK,-13.81999969482422,-21.719999313354492
20250512,002862,2,True,True,1,False,True,0,OK,-500.0,190.42999267578125
20250512,002863,2,True,True,2,True,True,1,YELLOW,19.030000686645508,0.6800000071525574
20250512,002864,2,True,True,2,True,True,1,OK,2.3299999237060547,-30.38999938964844
20250512,002865,0,False,False,1,False,True,0,WEAK,2.6700000762939453,79.97000122070312
20250512,002866,2,True,True,1,True,False,1,YELLOW,21.68000030517578,-58.849998474121094
20250512,002867,1,False,True,1,False,True,0,YELLOW,1.850000023841858,16.139999389648438
20250512,002868,2,True,True,2,True,True,1,WEAK,48.130001068115234,121.37000274658205
20250512,002869,1,False,True,0,False,False,0,WEAK,-396.0199890136719,-126.73999786376952
20250512,002870,0,False,False,1,False,True,0,YELLOW,-27.65999984741211,-162.5399932861328
20250512,002871,2,True,True,2,True,True,1,OK,13.229999542236328,-17.299999237060547
20250512,002873,0,False,False,1,False,True,0,WEAK,-67.93000030517578,8.84000015258789
20250512,002875,0,False,False,2,True,True,1,WEAK,18.649999618530273,259.0899963378906
20250512,002876,1,False,True,0,False,False,0,YELLOW,-48.4900016784668,80.43000030517578
20250512,002877,0,False,False,1,False,True,0,WEAK,-55.529998779296875,61.93000030517578
20250512,002878,1,True,False,0,False,False,0,YELLOW,114.98999786376952,-294.3999938964844
20250512,002879,1,False,True,1,False,True,0,WEAK,-43.29999923706055,-71.83999633789062
20250512,002880,0,False,False,2,True,True,1,OK,-12.670000076293944,-28.100000381469727
20250512,002881,2,True,True,0,False,False,0,YELLOW,15.739999771118164,5.949999809265137
20250512,002882,1,False,True,2,True,True,1,YELLOW,-18.920000076293945,-78.36000061035156
20250512,002884,1,True,False,1,False,True,0,OK,3.4100000858306885,-1.0299999713897705
20250512,002885,2,True,True,1,True,False,1,YELLOW,71.55000305175781,77.58999633789062
20250512,002886,1,True,False,2,True,True,1,YELLOW,24.700000762939453,129.4199981689453
20250512,002887,1,False,True,2,True,True,1,OK,28.780000686645508,45.34000015258789
20250512,002888,2,True,True,1,True,False,1,OK,23.040000915527344,-500.0
20250512,002889,1,False,True,1,False,True,0,YELLOW,-21.09000015258789,-34.40999984741211
20250512,002890,2,True,True,2,True,True,1,YELLOW,-6.949999809265137,15.960000038146973
20250512,002891,1,True,False,2,True,True,1,YELLOW,33.5,-24.989999771118164
20250512,002892,1,False,True,1,False,True,0,YELLOW,-35.7599983215332,-156.8000030517578
20250512,002893,2,True,True,2,True,True,1,WEAK,47.33000183105469,1.4700000286102295
20250512,002895,2,True,True,2,True,True,1,WEAK,46.09000015258789,-1.559999942779541
20250512,002896,0,False,False,2,True,True,1,YELLOW,-2.819999933242798,-43.189998626708984
20250512,002897,1,False,True,0,False,False,0,YELLOW,16.670000076293945,-40.36000061035156
20250512,002899,0,False,False,1,False,True,0,YELLOW,-47.18000030517578,-24.100000381469727
20250512,002900,0,False,False,2,True,True,1,WEAK,-500.0,40.189998626708984
20250512,002901,1,True,False,2,True,True,1,OK,63.9900016784668,35.90999984741211
20250512,002902,1,False,True,0,False,False,0,WEAK,10.859999656677246,53.83000183105469
20250512,002903,1,False,True,2,True,True,1,WEAK,-146.8699951171875,-500.0
20250512,002905,1,True,False,1,True,False,1,WEAK,87.66999816894531,-127.20999908447266
20250512,002906,2,True,True,1,False,True,0,YELLOW,19.649999618530273,5.889999866485596
20250512,002907,2,True,True,2,True,True,1,OK,-13.029999732971191,-22.920000076293945
20250512,002908,2,True,True,1,True,False,1,OK,-57.130001068115234,-279.8800048828125
20250512,002909,1,True,False,2,True,True,1,WEAK,-164.13999938964844,-67.12999725341797
20250512,002910,2,True,True,2,True,True,1,WEAK,46.63999938964844,-12.170000076293944
20250512,002911,1,True,False,1,False,True,0,YELLOW,8.0600004196167,0.1500000059604644
20250512,002912,0,False,False,0,False,False,0,WEAK,69.11000061035156,-94.33999633789062
20250512,002913,1,True,False,0,False,False,0,YELLOW,1.5199999809265137,-83.6500015258789
20250512,002915,2,True,True,2,True,True,1,YELLOW,110.87000274658205,-329.3900146484375
20250512,002916,1,True,False,0,False,False,0,YELLOW,58.560001373291016,75.04000091552734
20250512,002917,2,True,True,1,False,True,0,YELLOW,26.329999923706055,9.8100004196167
20250512,002918,0,False,False,1,False,True,0,WEAK,-44.79999923706055,74.87000274658203
20250512,002919,1,False,True,1,True,False,1,WEAK,-57.029998779296875,-27.399999618530273
20250512,002920,1,True,False,0,False,False,0,YELLOW,19.020000457763672,-4.210000038146973
20250512,002921,1,False,True,2,True,True,1,WEAK,-7.079999923706055,81.62999725341797
20250512,002922,0,False,False,0,False,False,0,YELLOW,-13.0,89.13999938964844
20250512,002923,0,False,False,2,True,True,1,WEAK,-353.1499938964844,500.0
20250512,002925,1,True,False,1,True,False,1,YELLOW,16.43000030517578,-18.93000030517578
20250512,002926,1,True,False,1,True,False,1,WEAK,310.3900146484375,30.56999969482422
20250512,002927,1,False,True,1,False,True,0,YELLOW,-37.86000061035156,-18.770000457763672
20250512,002928,2,True,True,2,True,True,1,WEAK,94.3000030517578,100.20999908447266
20250512,002929,1,False,True,1,True,False,1,YELLOW,-84.20999908447266,-87.7699966430664
20250512,002930,0,False,False,1,False,True,0,WEAK,-133.08999633789062,-13.6899995803833
20250512,002931,1,True,False,1,False,True,0,YELLOW,500.0,-59.189998626708984
20250512,002933,1,True,False,1,False,True,0,WEAK,190.5,-18.440000534057617
20250512,002935,0,False,False,1,False,True,0,WEAK,-37.540000915527344,49.7400016784668
20250512,002936,1,True,False,1,False,True,0,WEAK,2.6600000858306885,5.380000114440918
20250512,002937,0,False,False,1,False,True,0,YELLOW,-40.5,-24.690000534057617
20250512,002938,1,False,True,0,False,False,0,YELLOW,16.3700008392334,-31.850000381469727
20250512,002939,1,True,False,1,True,False,1,WEAK,76.44000244140625,2.8499999046325684
20250512,002940,0,False,False,1,False,True,0,WEAK,39.70000076293945,82.95999908447266
20250512,002941,2,True,True,1,True,False,1,WEAK,93.69000244140624,-33.310001373291016
20250512,002942,1,True,False,2,True,True,1,YELLOW,53.09000015258789,12.800000190734863
20250512,002943,0,False,False,2,True,True,1,WEAK,-61.189998626708984,46.380001068115234
20250512,002945,2,True,True,0,False,False,0,WEAK,27.239999771118164,-12.220000267028809
20250512,002946,1,True,False,2,True,True,1,YELLOW,27.6200008392334,35.72999954223633
20250512,002947,2,True,True,1,True,False,1,YELLOW,30.049999237060547,34.81999969482422
20250512,002948,1,True,False,2,True,True,1,WEAK,17.540000915527344,22.459999084472656
20250512,002949,0,False,False,0,False,False,0,YELLOW,-41.189998626708984,-223.6699981689453
20250512,002950,0,False,False,1,False,True,0,YELLOW,26.459999084472656,41.779998779296875
20250512,002951,1,False,True,2,True,True,1,WEAK,-5.21999979019165,-27.549999237060547
20250512,002952,0,False,False,0,False,False,0,WEAK,-45.77000045776367,149.32000732421875
20250512,002953,2,True,True,1,False,True,0,YELLOW,1.1399999856948853,-4.559999942779541
20250512,002955,1,False,True,1,True,False,1,YELLOW,-71.08000183105469,-500.0
20250512,002956,1,True,False,2,True,True,1,OK,42.650001525878906,82.30000305175781
20250512,002957,1,True,False,1,False,True,0,OK,5.199999809265137,17.5
20250512,002958,1,True,False,2,True,True,1,WEAK,5.889999866485596,10.279999732971191
20250512,002959,2,True,True,2,True,True,1,OK,79.30999755859375,-40.099998474121094
20250512,002960,1,False,True,1,False,True,0,OK,-26.43000030517578,-25.600000381469727
20250512,002961,2,True,True,1,True,False,1,WEAK,45.290000915527344,139.97999572753906
20250512,002962,1,False,True,0,False,False,0,YELLOW,-51.130001068115234,-83.30999755859375
20250512,002963,0,False,False,1,True,False,1,WEAK,-317.8999938964844,46.09000015258789
20250512,002965,0,False,False,2,True,True,1,WEAK,-43.90999984741211,-125.2699966430664
20250512,002966,2,True,True,2,True,True,1,WEAK,7.269999980926514,10.210000038146973
20250512,002967,1,True,False,1,False,True,0,OK,31.86000061035156,500.0
20250512,002968,0,False,False,1,True,False,1,YELLOW,-0.0299999993294477,9.5600004196167
20250512,002969,1,False,True,1,False,True,0,YELLOW,-51.939998626708984,430.9299926757813
20250512,002970,1,True,False,1,True,False,1,YELLOW,21.6200008392334,-45.63999938964844
20250512,002971,0,False,False,2,True,True,1,YELLOW,-17.579999923706055,-4.460000038146973
20250512,002972,1,True,False,2,True,True,1,OK,-9.420000076293944,16.489999771118164
20250512,002973,0,False,False,1,False,True,0,YELLOW,-35.470001220703125,-22.93000030517578
20250512,002975,1,False,True,1,False,True,0,WEAK,500.0,383.5799865722656
20250512,002976,2,True,True,1,False,True,0,YELLOW,231.61000061035156,-256.6199951171875
20250512,002978,2,True,True,2,True,True,1,OK,-6.130000114440918,-33.959999084472656
20250512,002979,2,True,True,2,True,True,1,OK,9.15999984741211,30.829999923706055
20250512,002980,1,True,False,2,True,True,1,OK,-39.91999816894531,-37.369998931884766
20250512,002981,1,True,False,1,True,False,1,YELLOW,25.8799991607666,-118.55999755859376
20250512,002982,1,True,False,2,True,True,1,YELLOW,-82.08999633789062,-51.900001525878906
20250512,002983,2,True,True,1,True,False,1,YELLOW,44.380001068115234,-42.150001525878906
20250512,002984,0,False,False,1,False,True,0,YELLOW,-42.18000030517578,-44.40999984741211
20250512,002985,1,False,True,2,True,True,1,WEAK,71.08000183105469,18.40999984741211
20250512,002986,1,False,True,0,False,False,0,YELLOW,-123.98999786376952,-295.5400085449219
20250512,002987,1,False,True,1,True,False,1,YELLOW,4.579999923706055,-42.470001220703125
20250512,002988,0,False,False,2,True,True,1,YELLOW,-16.329999923706055,3.049999952316284
20250512,002989,2,True,True,1,True,False,1,WEAK,25.06999969482422,-50.70000076293945
20250512,002990,1,False,True,1,True,False,1,OK,-44.9900016784668,-93.4000015258789
20250512,002991,0,False,False,1,False,True,0,OK,-43.68000030517578,28.979999542236328
20250512,002992,0,False,False,1,True,False,1,WEAK,93.36000061035156,14.760000228881836
20250512,002993,1,True,False,1,True,False,1,YELLOW,24.6200008392334,-88.20999908447266
20250512,002995,1,False,True,0,False,False,0,WEAK,-43.349998474121094,96.9499969482422
20250512,002996,2,True,True,2,True,True,1,YELLOW,133.7100067138672,10.34000015258789
20250512,002997,1,True,False,1,False,True,0,YELLOW,48.650001525878906,10.640000343322754
20250512,002998,0,False,False,2,True,True,1,YELLOW,-50.90999984741211,95.02999877929688
20250512,002999,1,True,False,1,False,True,0,YELLOW,299.29998779296875,-55.09000015258789
20250512,003000,1,False,True,2,True,True,1,YELLOW,-25.010000228881836,23.0
20250512,003001,2,True,True,0,False,False,0,YELLOW,-47.2400016784668,-77.30000305175781
20250512,003002,1,True,False,2,True,True,1,OK,52.779998779296875,-44.72999954223633
20250512,003003,0,False,False,2,True,True,1,YELLOW,14.65999984741211,23.510000228881836
20250512,003005,1,True,False,0,False,False,0,WEAK,-294.3500061035156,-81.44000244140625
20250512,003006,2,True,True,2,True,True,1,OK,5.150000095367432,7.099999904632568
20250512,003007,1,False,True,0,False,False,0,WEAK,-10.06999969482422,21.100000381469727
20250512,003008,1,True,False,2,True,True,1,YELLOW,9.880000114440918,-62.54999923706055
20250512,003009,1,False,True,1,False,True,0,WEAK,-330.0899963378906,107.4000015258789
20250512,003010,1,True,False,2,True,True,1,OK,79.01000213623047,167.4499969482422
20250512,003011,2,True,True,2,True,True,1,YELLOW,500.0,-57.56999969482422
20250512,003012,1,False,True,2,True,True,1,WEAK,9.020000457763672,-88.80999755859375
20250512,003013,0,False,False,1,True,False,1,OK,15.90999984741211,28.850000381469727
20250512,003015,2,True,True,1,True,False,1,YELLOW,44.7400016784668,-63.93000030517578
20250512,003016,1,False,True,1,False,True,0,YELLOW,96.1500015258789,303.7200012207031
20250512,003017,2,True,True,2,True,True,1,YELLOW,55.61000061035156,-4.480000019073486
20250512,003018,1,True,False,2,True,True,1,YELLOW,-23.989999771118164,-4.119999885559082
20250512,003019,0,False,False,1,True,False,1,WEAK,-12.43000030517578,-39.54999923706055
20250512,003020,1,True,False,2,True,True,1,WEAK,-20.229999542236328,6.039999961853027
20250512,003021,1,True,False,2,True,True,1,OK,24.950000762939453,-31.88999938964844
20250512,003022,2,True,True,2,True,True,1,YELLOW,55.13999938964844,109.12000274658205
20250512,003023,0,False,False,2,True,True,1,OK,-44.869998931884766,-34.380001068115234
20250512,003025,1,True,False,2,True,True,1,OK,17.799999237060547,0.4300000071525574
20250512,003026,2,True,True,1,True,False,1,YELLOW,181.0,104.94000244140624
20250512,003027,1,True,False,2,True,True,1,WEAK,500.0,-32.54999923706055
20250512,003028,1,False,True,2,True,True,1,WEAK,-41.20000076293945,-99.05999755859376
20250512,003029,1,False,True,0,False,False,0,WEAK,-4.25,54.599998474121094
20250512,003030,1,False,True,2,True,True,1,WEAK,26.86000061035156,57.91999816894531
20250512,003031,2,True,True,1,True,False,1,YELLOW,35.279998779296875,66.97000122070312
20250512,003033,2,True,True,2,True,True,1,YELLOW,14.979999542236328,2.799999952316284
20250512,003035,2,True,True,1,False,True,0,OK,134.8000030517578,-6.070000171661377
20250512,003036,0,False,False,2,True,True,1,YELLOW,-69.87000274658203,29.850000381469727
20250512,003037,2,True,True,1,True,False,1,YELLOW,500.0,-44.11000061035156
20250512,003038,1,False,True,2,True,True,1,WEAK,-130.82000732421875,-242.41000366210935
20250512,003039,2,True,True,2,True,True,1,OK,1.5800000429153442,29.11000061035156
20250512,003040,0,False,False,0,False,False,0,OK,-58.47999954223633,-176.47999572753906
20250512,003041,1,True,False,2,True,True,1,YELLOW,43.369998931884766,-93.56999969482422
20250512,003042,1,True,False,1,False,True,0,YELLOW,22.56999969482422,-98.45999908447266
20250512,003043,1,False,True,1,True,False,1,OK,-23.8799991607666,-73.33000183105469
20250512,003816,1,False,True,1,False,True,0,WEAK,-16.0,-9.210000038146973
20250512,300001,0,False,False,1,False,True,0,YELLOW,50.79999923706055,9.460000038146973
20250512,300002,1,False,True,0,False,False,0,OK,-16.420000076293945,-25.3799991607666
20250512,300003,0,False,False,1,False,True,0,YELLOW,28.18000030517578,-28.450000762939453
20250512,300004,2,True,True,2,True,True,1,YELLOW,2.8499999046325684,-132.6999969482422
20250512,300005,1,False,True,2,True,True,1,OK,-70.45999908447266,32.36000061035156
20250512,300006,0,False,False,1,False,True,0,WEAK,13.050000190734863,-8.25
20250512,300007,1,True,False,2,True,True,1,YELLOW,56.27000045776367,500.0
20250512,300008,1,True,False,2,True,True,1,YELLOW,206.55999755859375,112.45999908447266
20250512,300009,0,False,False,1,False,True,0,OK,-6.559999942779541,-19.059999465942383
20250512,300011,0,False,False,1,False,True,0,WEAK,-17.850000381469727,2.9600000381469727
20250512,300012,1,True,False,1,False,True,0,OK,9.260000228881836,31.280000686645508
20250512,300013,2,True,True,2,True,True,1,YELLOW,29.969999313354492,20.3700008392334
20250512,300014,2,True,True,2,True,True,1,YELLOW,-22.510000228881836,36.31999969482422
20250512,300015,2,True,True,2,True,True,1,OK,0.2000000029802322,10.920000076293944
20250512,300016,2,True,True,2,True,True,1,OK,33.529998779296875,203.47000122070312
20250512,300017,1,True,False,0,False,False,0,OK,14.729999542236328,-46.380001068115234
20250512,300018,2,True,True,2,True,True,1,OK,61.86000061035156,13.479999542236328
20250512,300019,2,True,True,2,True,True,1,WEAK,37.560001373291016,-31.809999465942383
20250512,300021,1,False,True,2,True,True,1,WEAK,120.76000213623048,-1.8700000047683716
20250512,300022,2,True,True,2,True,True,1,YELLOW,57.4900016784668,-26.649999618530273
20250512,300024,1,False,True,1,False,True,0,WEAK,-25.950000762939453,-60.7400016784668
20250512,300025,0,False,False,0,False,False,0,WEAK,6.420000076293945,67.9000015258789
20250512,300026,1,True,False,1,False,True,0,YELLOW,-43.810001373291016,17.639999389648438
20250512,300030,1,True,False,2,True,True,1,OK,325.0400085449219,57.22999954223633
20250512,300031,1,False,True,1,True,False,1,OK,-30.709999084472656,38.2400016784668
20250512,300032,2,True,True,1,True,False,1,YELLOW,99.9000015258789,-194.9900054931641
20250512,300033,2,True,True,0,False,False,0,OK,85.5,122.58000183105467
20250512,300034,0,False,False,1,False,True,0,YELLOW,-48.86000061035156,29.229999542236328
20250512,300035,2,True,True,2,True,True,1,YELLOW,99.83999633789062,-50.599998474121094
20250512,300036,0,False,False,0,False,False,0,WEAK,96.7699966430664,9.829999923706056
20250512,300037,1,True,False,1,False,True,0,YELLOW,1.2599999904632568,111.69000244140624
20250512,300039,1,False,True,1,False,True,0,OK,-18.469999313354492,-21.65999984741211
20250512,300040,1,True,False,2,True,True,1,OK,170.8800048828125,19.56999969482422
20250512,300041,1,True,False,2,True,True,1,WEAK,60.369998931884766,15.899999618530272
20250512,300042,0,False,False,1,True,False,1,WEAK,63.86000061035156,500.0
20250512,300043,2,True,True,0,False,False,0,WEAK,189.13999938964844,203.1000061035156
20250512,300045,1,False,True,1,False,True,0,WEAK,131.88999938964844,27.469999313354492
20250512,300046,1,False,True,0,False,False,0,YELLOW,-7.909999847412109,-38.72999954223633
20250512,300047,1,True,False,1,True,False,1,YELLOW,3.759999990463257,18.219999313354492
20250512,300048,2,True,True,2,True,True,1,WEAK,451.4200134277344,-181.5
20250512,300049,1,False,True,1,False,True,0,OK,15.020000457763672,12.4399995803833
20250512,300050,1,True,False,0,False,False,0,YELLOW,126.0,66.3499984741211
20250512,300051,1,True,False,1,False,True,0,WEAK,-3.660000085830689,12.869999885559082
20250512,300052,1,False,True,0,False,False,0,WEAK,23.38999938964844,-6.510000228881836
20250512,300053,0,False,False,0,False,False,0,WEAK,-10.699999809265137,-454.1199951171875
20250512,300054,1,True,False,1,True,False,1,YELLOW,44.02000045776367,75.23999786376953
20250512,300055,2,True,True,1,True,False,1,YELLOW,164.19000244140625,93.75
20250512,300056,0,False,False,1,False,True,0,WEAK,-15.68000030517578,-15.460000038146973
20250512,300057,2,True,True,1,False,True,0,WEAK,-95.8499984741211,189.77000427246097
20250512,300058,1,True,False,0,False,False,0,YELLOW,85.52999877929688,34.61000061035156
20250512,300059,1,True,False,0,False,False,0,OK,52.470001220703125,36.95000076293945
20250512,300061,1,True,False,0,False,False,0,YELLOW,-26.5,265.42999267578125
20250512,300062,0,False,False,1,False,True,0,WEAK,167.57000732421875,122.54000091552734
20250512,300063,1,True,False,0,False,False,0,YELLOW,89.79000091552734,32.369998931884766
20250512,300065,2,True,True,2,True,True,1,OK,236.6999969482422,-115.81999969482422
20250512,300066,1,True,False,1,False,True,0,YELLOW,21.88999938964844,-0.5
20250512,300067,1,False,True,1,False,True,0,WEAK,-468.7799987792969,198.61000061035156
20250512,300069,2,True,True,2,True,True,1,WEAK,-74.08999633789062,215.4499969482422
20250512,300070,0,False,False,1,False,True,0,YELLOW,-55.11000061035156,8.229999542236328
20250512,300071,1,False,True,0,False,False,0,WEAK,-38.02000045776367,-134.08999633789062
20250512,300072,2,True,True,1,False,True,0,WEAK,95.91000366210938,12.15999984741211
20250512,300073,0,False,False,2,True,True,1,WEAK,20.3799991607666,221.4499969482422
20250512,300074,2,True,True,1,True,False,1,WEAK,33.939998626708984,76.80000305175781
20250512,300075,1,False,True,1,True,False,1,WEAK,-439.1000061035156,32.27000045776367
20250512,300077,1,True,False,1,True,False,1,WEAK,19.010000228881836,15.130000114440918
20250512,300078,2,True,True,0,False,False,0,WEAK,45.029998779296875,64.6500015258789
20250512,300079,1,False,True,0,False,False,0,OK,-63.060001373291016,-41.81999969482422
20250512,300080,1,True,False,1,False,True,0,WEAK,52.7400016784668,-113.33999633789062
20250512,300082,1,True,False,1,False,True,0,WEAK,79.44000244140625,100.18000030517578
20250512,300083,2,True,True,2,True,True,1,YELLOW,106.80999755859376,-20.020000457763672
20250512,300084,1,True,False,2,True,True,1,WEAK,-5.050000190734863,-11.270000457763672
20250512,300085,1,True,False,0,False,False,0,WEAK,-13.880000114440918,9.140000343322754
20250512,300086,2,True,True,1,False,True,0,WEAK,30.239999771118164,-11.050000190734863
20250512,300087,1,False,True,1,False,True,0,WEAK,-113.2300033569336,51.099998474121094
20250512,300088,1,True,False,0,False,False,0,YELLOW,1.690000057220459,-49.90999984741211
20250512,300092,1,True,False,2,True,True,1,YELLOW,-64.13999938964844,-46.02000045776367
20250512,300094,1,True,False,1,False,True,0,YELLOW,-500.0,-85.62000274658203
20250512,300095,0,False,False,2,True,True,1,WEAK,116.5199966430664,49.0
20250512,300097,0,False,False,1,False,True,0,WEAK,-500.0,42.439998626708984
20250512,300098,2,True,True,0,False,False,0,WEAK,139.8000030517578,298.3900146484375
20250512,300099,1,False,True,2,True,True,1,YELLOW,-28.010000228881836,32.15999984741211
20250512,300100,2,True,True,2,True,True,1,YELLOW,45.56999969482422,-39.11000061035156
20250512,300101,2,True,True,1,False,True,0,WEAK,44.790000915527344,-196.11000061035156
20250512,300102,1,True,False,1,True,False,1,YELLOW,59.2400016784668,-220.7599945068359
20250512,300103,0,False,False,1,False,True,0,WEAK,16.31999969482422,60.61000061035156
20250512,300105,1,True,False,2,True,True,1,YELLOW,145.52000427246094,-72.87999725341797
20250512,300106,0,False,False,2,True,True,1,WEAK,-2.759999990463257,84.0999984741211
20250512,300107,1,False,True,1,False,True,0,YELLOW,-58.2599983215332,448.3999938964844
20250512,300109,0,False,False,2,True,True,1,WEAK,-43.5,-9.210000038146973
20250512,300110,1,False,True,1,False,True,0,WEAK,-49.18000030517578,34.720001220703125
20250512,300111,1,False,True,1,False,True,0,WEAK,-104.9800033569336,-500.0
20250512,300112,1,False,True,1,False,True,0,WEAK,-332.57000732421875,-0.4399999976158142
20250512,300113,2,True,True,1,True,False,1,WEAK,39.560001373291016,10.899999618530272
20250512,300115,1,True,False,1,True,False,1,YELLOW,19.190000534057617,-28.719999313354492
20250512,300118,1,True,False,1,False,True,0,WEAK,30.440000534057617,-20.739999771118164
20250512,300119,2,True,True,2,True,True,1,WEAK,25.799999237060547,2.1500000953674316
20250512,300120,0,False,False,0,False,False,0,YELLOW,-104.13999938964844,-92.81999969482422
20250512,300121,1,False,True,1,False,True,0,WEAK,-6.269999980926514,-8.819999694824219
20250512,300122,1,False,True,1,False,True,0,WEAK,-157.25,-22.420000076293945
20250512,300124,2,True,True,1,False,True,0,WEAK,24.030000686645508,-15.25
20250512,300126,2,True,True,2,True,True,1,YELLOW,-6.769999980926514,-500.0
20250512,300127,1,False,True,1,False,True,0,OK,26.3700008392334,39.2400016784668
20250512,300128,1,True,False,2,True,True,1,WEAK,-0.1400000005960464,-10.81999969482422
20250512,300129,0,False,False,1,False,True,0,WEAK,51.279998779296875,-84.47000122070312
20250512,300130,1,False,True,1,True,False,1,OK,-32.970001220703125,-33.630001068115234
20250512,300131,0,False,False,0,False,False,0,YELLOW,-44.7400016784668,-77.48999786376953
20250512,300132,1,True,False,1,False,True,0,YELLOW,146.47999572753906,500.0
20250512,300133,1,True,False,0,False,False,0,OK,-26.850000381469727,-22.8799991607666
20250512,300134,1,False,True,1,True,False,1,WEAK,18.40999984741211,-16.469999313354492
20250512,300135,2,True,True,0,False,False,0,YELLOW,-92.83000183105467,36.650001525878906
20250512,300136,1,False,True,0,False,False,0,YELLOW,4.690000057220459,104.04000091552734
20250512,300137,2,True,True,1,False,True,0,OK,500.0,-87.04000091552734
20250512,300138,1,True,False,2,True,True,1,YELLOW,500.0,-0.4099999964237213
20250512,300139,2,True,True,1,False,True,0,OK,195.0099945068359,335.20001220703125
20250512,300140,2,True,True,1,False,True,0,YELLOW,32.900001525878906,12.1899995803833
20250512,300141,0,False,False,1,False,True,0,WEAK,-500.0,47.939998626708984
20250512,300142,0,False,False,1,False,True,0,WEAK,-68.5,500.0
20250512,300143,2,True,True,2,True,True,1,YELLOW,12.529999732971191,-19.950000762939453
20250512,300144,0,False,False,2,True,True,1,OK,-26.940000534057617,-15.470000267028809
20250512,300145,1,True,False,1,False,True,0,YELLOW,24.329999923706055,15.18000030517578
20250512,300146,0,False,False,1,False,True,0,OK,2.440000057220459,-8.1899995803833
20250512,300148,1,True,False,1,True,False,1,WEAK,262.3399963378906,-55.79999923706055
20250512,300149,1,True,False,1,False,True,0,YELLOW,79.22000122070312,-500.0
20250512,300150,2,True,True,1,True,False,1,YELLOW,18.1299991607666,-500.0
20250512,300151,1,False,True,1,False,True,0,YELLOW,-46.77000045776367,-18.329999923706055
20250512,300153,2,True,True,2,True,True,1,YELLOW,74.94000244140625,57.70000076293945
20250512,300154,1,False,True,1,False,True,0,YELLOW,-9.0600004196167,33.77000045776367
20250512,300155,1,False,True,1,True,False,1,WEAK,-63.18000030517578,-13.210000038146973
20250512,300157,2,True,True,2,True,True,1,YELLOW,41.689998626708984,-157.50999450683594
20250512,300158,1,True,False,1,False,True,0,OK,101.66999816894533,-500.0
20250512,300160,2,True,True,2,True,True,1,YELLOW,-8.40999984741211,-64.72000122070312
20250512,300161,1,True,False,1,False,True,0,WEAK,-6.789999961853027,-54.66999816894531
20250512,300162,1,True,False,0,False,False,0,YELLOW,99.7300033569336,-500.0
20250512,300163,1,True,False,2,True,True,1,YELLOW,-78.66999816894531,-444.7799987792969
20250512,300164,0,False,False,0,False,False,0,WEAK,-28.940000534057617,-500.0
20250512,300165,1,True,False,2,True,True,1,YELLOW,13.859999656677246,296.0199890136719
20250512,300166,1,False,True,0,False,False,0,WEAK,-388.9299926757813,19.459999084472656
20250512,300168,1,True,False,0,False,False,0,WEAK,26.06999969482422,70.54000091552734
20250512,300169,0,False,False,1,False,True,0,WEAK,-500.0,97.04000091552734
20250512,300170,1,True,False,0,False,False,0,YELLOW,19.219999313354492,-11.0600004196167
20250512,300171,0,False,False,1,False,True,0,WEAK,-20.149999618530273,-1.6699999570846558
20250512,300172,1,False,True,1,False,True,0,YELLOW,11.630000114440918,-3.940000057220459
20250512,300174,1,False,True,1,False,True,0,YELLOW,-5.460000038146973,-11.1899995803833
20250512,300176,1,False,True,1,False,True,0,YELLOW,-11.510000228881836,29.88999938964844
20250512,300177,2,True,True,1,False,True,0,WEAK,-26.760000228881836,-43.38999938964844
20250512,300179,1,True,False,1,False,True,0,OK,-53.02000045776367,28.200000762939453
20250512,300180,2,True,True,2,True,True,1,YELLOW,-29.489999771118164,-124.52999877929688
20250512,300181,2,True,True,2,True,True,1,WEAK,22.510000228881836,9.649999618530272
20250512,300182,2,True,True,0,False,False,0,WEAK,-57.939998626708984,-13.9399995803833
20250512,300183,1,False,True,1,True,False,1,WEAK,-133.5,-500.0
20250512,300184,2,True,True,1,True,False,1,YELLOW,65.80999755859375,243.30999755859375
20250512,300185,1,True,False,2,True,True,1,WEAK,81.7699966430664,14.350000381469728
20250512,300187,1,True,False,1,False,True,0,YELLOW,243.97999572753903,197.77000427246097
20250512,300188,2,True,True,0,False,False,0,WEAK,-0.1700000017881393,-21.59000015258789
20250512,300189,1,True,False,2,True,True,1,WEAK,156.64999389648438,-210.36000061035156
20250512,300190,0,False,False,1,False,True,0,WEAK,98.81999969482422,103.58999633789062
20250512,300191,1,True,False,1,True,False,1,WEAK,56.849998474121094,500.0
20250512,300192,1,False,True,1,False,True,0,OK,-12.399999618530272,-36.11000061035156
20250512,300193,1,True,False,1,False,True,0,YELLOW,-14.789999961853027,-72.5199966430664
20250512,300194,0,False,False,1,False,True,0,WEAK,-47.529998779296875,-25.93000030517578
20250512,300195,1,True,False,2,True,True,1,YELLOW,198.77999877929688,-500.0
20250512,300196,2,True,True,1,True,False,1,YELLOW,45.540000915527344,-7.380000114440918
20250512,300197,2,True,True,0,False,False,0,WEAK,-41.70000076293945,20.760000228881836
20250512,300199,2,True,True,2,True,True,1,WEAK,154.32000732421875,88.91000366210938
20250512,300200,0,False,False,2,True,True,1,YELLOW,10.6899995803833,-32.79999923706055
20250512,300201,2,True,True,1,False,True,0,YELLOW,18.81999969482422,51.369998931884766
20250512,300203,1,True,False,2,True,True,1,WEAK,-240.0,-163.00999450683594
20250512,300204,1,True,False,2,True,True,1,WEAK,-158.27000427246094,-168.38999938964844
20250512,300206,2,True,True,1,False,True,0,OK,52.209999084472656,66.75
20250512,300207,0,False,False,1,False,True,0,YELLOW,-12.739999771118164,-100.48999786376952
20250512,300209,1,True,False,1,True,False,1,WEAK,-62.91999816894531,-500.0
20250512,300210,2,True,True,1,False,True,0,YELLOW,106.4800033569336,-269.45001220703125
20250512,300213,1,False,True,1,True,False,1,WEAK,-147.88999938964844,100.94000244140624
20250512,300214,1,False,True,1,False,True,0,WEAK,101.08000183105467,106.55999755859376
20250512,300215,0,False,False,1,False,True,0,WEAK,-250.77999877929688,102.37999725341795
20250512,300217,0,False,False,2,True,True,1,YELLOW,-53.29999923706055,-32.33000183105469
20250512,300218,1,True,False,1,False,True,0,YELLOW,-18.809999465942383,-89.25
20250512,300219,0,False,False,0,False,False,0,WEAK,-44.130001068115234,153.52999877929688
20250512,300220,0,False,False,1,False,True,0,YELLOW,-100.5500030517578,-500.0
20250512,300221,2,True,True,2,True,True,1,YELLOW,111.91999816894533,54.599998474121094
20250512,300222,2,True,True,1,False,True,0,YELLOW,500.0,1.1399999856948853
20250512,300223,0,False,False,0,False,False,0,OK,-36.689998626708984,370.5799865722656
20250512,300224,1,False,True,1,False,True,0,YELLOW,143.6999969482422,-32.31999969482422
20250512,300226,0,False,False,0,False,False,0,YELLOW,-2.0299999713897705,-22.149999618530273
20250512,300227,1,False,True,1,False,True,0,WEAK,-351.4800109863281,-500.0
20250512,300228,2,True,True,1,False,True,0,YELLOW,41.599998474121094,12.210000038146973
20250512,300229,1,False,True,0,False,False,0,WEAK,-500.0,-153.19000244140625
20250512,300230,0,False,False,2,True,True,1,OK,-2.3399999141693115,19.86000061035156
20250512,300231,2,True,True,0,False,False,0,YELLOW,-2.6600000858306885,-46.810001373291016
20250512,300232,1,True,False,0,False,False,0,OK,-3.119999885559082,-262.6499938964844
20250512,300233,0,False,False,2,True,True,1,WEAK,-84.16000366210938,61.79999923706055
20250512,300234,0,False,False,1,True,False,1,WEAK,-49.599998474121094,-182.2100067138672
20250512,300235,1,False,True,0,False,False,0,YELLOW,-75.70999908447266,-86.05000305175781
20250512,300236,2,True,True,1,True,False,1,OK,53.0099983215332,109.5199966430664
20250512,300238,0,False,False,2,True,True,1,OK,27.600000381469727,-33.34000015258789
20250512,300239,1,False,True,1,False,True,0,YELLOW,-28.959999084472656,-2.5999999046325684
20250512,300240,2,True,True,2,True,True,1,YELLOW,349.0799865722656,-500.0
20250512,300241,2,True,True,0,False,False,0,YELLOW,-6.960000038146973,22.709999084472656
20250512,300242,1,True,False,0,False,False,0,WEAK,-4.769999980926514,53.939998626708984
20250512,300243,1,False,True,1,False,True,0,WEAK,-24.8799991607666,251.97999572753903
20250512,300244,0,False,False,2,True,True,1,WEAK,-73.5,335.6099853515625
20250512,300246,1,True,False,2,True,True,1,WEAK,6.239999771118164,-500.0
20250512,300247,2,True,True,1,False,True,0,OK,67.97000122070312,-22.8700008392334
20250512,300248,0,False,False,1,True,False,1,WEAK,-197.5800018310547,-51.2400016784668
20250512,300249,2,True,True,1,True,False,1,YELLOW,500.0,35.54999923706055
20250512,300250,0,False,False,0,False,False,0,WEAK,115.08000183105467,-500.0
20250512,300251,2,True,True,1,True,False,1,OK,428.2099914550781,-99.52999877929688
20250512,300252,2,True,True,1,False,True,0,YELLOW,65.63999938964844,14.65999984741211
20250512,300253,0,False,False,1,True,False,1,OK,-259.8599853515625,-68.01000213623047
20250512,300254,0,False,False,2,True,True,1,OK,-35.72999954223633,-38.849998474121094
20250512,300255,1,True,False,2,True,True,1,WEAK,-69.41000366210938,-57.75
20250512,300256,2,True,True,1,True,False,1,WEAK,62.290000915527344,9.800000190734863
20250512,300257,2,True,True,1,False,True,0,OK,41.66999816894531,-10.0600004196167
20250512,300258,0,False,False,2,True,True,1,YELLOW,-31.729999542236328,-102.94000244140624
20250512,300259,0,False,False,1,False,True,0,OK,5.679999828338623,43.95000076293945
20250512,300260,1,False,True,2,True,True,1,YELLOW,-24.649999618530273,-13.020000457763672
20250512,300261,1,True,False,1,False,True,0,WEAK,62.04999923706055,-267.3999938964844
20250512,300263,0,False,False,2,True,True,1,YELLOW,19.1200008392334,38.189998626708984
20250512,300264,1,True,False,0,False,False,0,WEAK,36.439998626708984,-296.0
20250512,300265,0,False,False,2,True,True,1,YELLOW,-45.56999969482422,1.4800000190734863
20250512,300266,0,False,False,2,True,True,1,WEAK,1.309999942779541,-14.06999969482422
20250512,300267,1,True,False,2,True,True,1,YELLOW,209.6499938964844,-55.630001068115234
20250512,300268,1,False,True,2,True,True,1,WEAK,37.38999938964844,95.47000122070312
20250512,300269,0,False,False,0,False,False,0,WEAK,149.47000122070312,-189.1000061035156
20250512,300270,0,False,False,0,False,False,0,WEAK,14.289999961853027,112.20999908447266
20250512,300271,1,True,False,0,False,False,0,WEAK,45.130001068115234,-16.65999984741211
20250512,300272,2,True,True,1,False,True,0,OK,12.239999771118164,-81.04000091552734
20250512,300274,2,True,True,1,False,True,0,OK,55.630001068115234,-44.720001220703125
20250512,300275,1,True,False,1,True,False,1,OK,-16.299999237060547,-15.649999618530272
20250512,300276,0,False,False,2,True,True,1,WEAK,105.2699966430664,-472.1400146484375
20250512,300277,1,True,False,1,True,False,1,WEAK,141.1199951171875,-110.23999786376952
20250512,300278,1,False,True,1,False,True,0,YELLOW,-109.1500015258789,-500.0
20250512,300279,2,True,True,2,True,True,1,YELLOW,15.989999771118164,-68.98999786376953
20250512,300281,1,False,True,2,True,True,1,YELLOW,-500.0,140.3000030517578
20250512,300283,2,True,True,2,True,True,1,WEAK,121.3000030517578,450.4599914550781
20250512,300284,0,False,False,0,False,False,0,OK,-68.5,-7.28000020980835
20250512,300285,2,True,True,1,True,False,1,OK,5.28000020980835,10.170000076293944
20250512,300286,1,True,False,2,True,True,1,OK,20.670000076293945,-11.470000267028809
20250512,300287,2,True,True,1,True,False,1,WEAK,13.5600004196167,-6.559999942779541
20250512,300288,2,True,True,0,False,False,0,WEAK,-67.9000015258789,-173.94000244140625
20250512,300289,1,True,False,1,False,True,0,WEAK,-123.72000122070312,-86.26000213623047
20250512,300290,0,False,False,1,False,True,0,WEAK,-115.44000244140624,29.959999084472656
20250512,300291,2,True,True,0,False,False,0,WEAK,-25.690000534057617,211.2400054931641
20250512,300292,1,True,False,0,False,False,0,YELLOW,3.880000114440918,6.53000020980835
20250512,300293,0,False,False,1,False,True,0,WEAK,-500.0,78.0999984741211
20250512,300294,1,False,True,1,False,True,0,YELLOW,-37.54999923706055,-80.12999725341797
20250512,300296,1,False,True,0,False,False,0,YELLOW,65.94999694824219,-94.33000183105467
20250512,300298,0,False,False,1,False,True,0,OK,-22.1299991607666,35.970001220703125
20250512,300299,1,True,False,0,False,False,0,WEAK,75.33999633789062,11.109999656677246
20250512,300300,1,True,False,2,True,True,1,WEAK,-17.399999618530273,23.850000381469727
20250512,300302,1,False,True,0,False,False,0,WEAK,-71.19999694824219,427.8200073242187
20250512,300303,2,True,True,0,False,False,0,YELLOW,-13.829999923706056,-48.689998626708984
20250512,300304,1,False,True,1,False,True,0,OK,10.100000381469728,-26.1200008392334
20250512,300305,2,True,True,1,False,True,0,WEAK,-15.550000190734863,12.229999542236328
20250512,300306,1,True,False,1,False,True,0,OK,0.6899999976158142,-7.730000019073486
20250512,300307,2,True,True,1,False,True,0,YELLOW,-25.450000762939453,29.040000915527344
20250512,300308,2,True,True,0,False,False,0,YELLOW,90.54000091552734,264.55999755859375
20250512,300310,1,False,True,0,False,False,0,WEAK,14.760000228881836,57.38999938964844
20250512,300314,1,False,True,2,True,True,1,OK,-4.460000038146973,-64.56999969482422
20250512,300315,0,False,False,0,False,False,0,OK,-54.0099983215332,-113.91999816894533
20250512,300316,0,False,False,1,False,True,0,WEAK,-74.12000274658203,-83.41000366210938
20250512,300317,1,True,False,1,False,True,0,YELLOW,39.959999084472656,-152.66000366210938
20250512,300318,1,False,True,1,False,True,0,WEAK,-219.6300048828125,-38.20000076293945
20250512,300319,1,False,True,0,False,False,0,YELLOW,-16.68000030517578,-5.53000020980835
20250512,300320,1,True,False,2,True,True,1,YELLOW,43.650001525878906,19.43000030517578
20250512,300321,2,True,True,2,True,True,1,YELLOW,12.15999984741211,-82.91000366210938
20250512,300322,1,True,False,1,True,False,1,YELLOW,500.0,2.2699999809265137
20250512,300323,2,True,True,0,False,False,0,WEAK,28.1200008392334,127.93000030517578
20250512,300324,1,False,True,1,True,False,1,WEAK,-13.5,47.150001525878906
20250512,300327,1,False,True,0,False,False,0,YELLOW,-36.9900016784668,3.25
20250512,300328,2,True,True,2,True,True,1,WEAK,39.02000045776367,-186.61000061035156
20250512,300329,0,False,False,2,True,True,1,WEAK,-21.469999313354492,-108.72000122070312
20250512,300331,1,False,True,1,True,False,1,YELLOW,-69.12000274658203,341.25
20250512,300332,0,False,False,1,False,True,0,WEAK,-27.450000762939453,-53.66999816894531
20250512,300333,1,True,False,0,False,False,0,WEAK,-128.17999267578125,-141.8000030517578
20250512,300334,1,False,True,2,True,True,1,OK,8.369999885559082,118.37999725341795
20250512,300335,2,True,True,2,True,True,1,YELLOW,5.739999771118164,-21.209999084472656
20250512,300337,0,False,False,1,False,True,0,YELLOW,-57.689998626708984,217.0800018310547
20250512,300339,1,True,False,1,False,True,0,YELLOW,26.8799991607666,40.369998931884766
20250512,300340,1,True,False,2,True,True,1,YELLOW,4.550000190734863,-500.0
20250512,300341,1,True,False,1,False,True,0,OK,16.309999465942383,23.459999084472656
20250512,300342,1,True,False,1,False,True,0,YELLOW,-56.0099983215332,10.9399995803833
20250512,300345,2,True,True,2,True,True,1,WEAK,39.709999084472656,-60.470001220703125
20250512,300346,1,True,False,1,True,False,1,OK,18.1299991607666,38.61000061035156
20250512,300347,0,False,False,1,False,True,0,WEAK,-63.459999084472656,17.649999618530273
20250512,300348,2,True,True,1,True,False,1,WEAK,-500.0,-500.0
20250512,300349,1,False,True,1,False,True,0,OK,-29.979999542236328,-48.90999984741211
20250512,300350,2,True,True,2,True,True,1,WEAK,128.77999877929688,-39.72999954223633
20250512,300351,1,False,True,1,False,True,0,YELLOW,-29.61000061035156,-216.17999267578125
20250512,300353,1,True,False,1,True,False,1,WEAK,-2.380000114440918,-50.63999938964844
20250512,300354,2,True,True,2,True,True,1,OK,0.1099999994039535,-4.920000076293945
20250512,300355,2,True,True,0,False,False,0,WEAK,500.0,29.059999465942383
20250512,300357,1,True,False,1,False,True,0,OK,28.920000076293945,21.36000061035156
20250512,300358,0,False,False,2,True,True,1,WEAK,113.5500030517578,305.5
20250512,300359,0,False,False,1,False,True,0,WEAK,-32.29999923706055,-5.880000114440918
20250512,300360,2,True,True,1,False,True,0,YELLOW,-27.079999923706055,-46.22999954223633
20250512,300363,1,True,False,1,False,True,0,WEAK,125.13999938964844,344.8999938964844
20250512,300364,0,False,False,0,False,False,0,WEAK,-149.05999755859375,49.7400016784668
20250512,300365,2,True,True,1,True,False,1,WEAK,-64.12999725341797,-405.3299865722656
20250512,300368,1,True,False,1,True,False,1,WEAK,35.15999984741211,34.91999816894531
20250512,300369,1,True,False,0,False,False,0,WEAK,38.29999923706055,-18.729999542236328
20250512,300370,1,False,True,1,False,True,0,WEAK,-33.709999084472656,0.7799999713897705
20250512,300371,2,True,True,2,True,True,1,OK,33.95000076293945,37.81999969482422
20250512,300373,2,True,True,1,True,False,1,YELLOW,37.5,41.150001525878906
20250512,300374,2,True,True,0,False,False,0,WEAK,15.359999656677246,-12.529999732971191
20250512,300375,1,False,True,1,False,True,0,YELLOW,-41.29999923706055,-86.75
20250512,300376,2,True,True,1,False,True,0,YELLOW,4.130000114440918,-72.04000091552734
20250512,300377,2,True,True,0,False,False,0,WEAK,-245.55999755859375,-23.56999969482422
20250512,300378,2,True,True,0,False,False,0,WEAK,-12.06999969482422,-121.9499969482422
20250512,300380,0,False,False,0,False,False,0,YELLOW,500.0,84.02999877929688
20250512,300381,0,False,False,2,True,True,1,OK,33.650001525878906,30.61000061035156
20250512,300382,1,False,True,2,True,True,1,WEAK,119.05999755859376,-340.8299865722656
20250512,300383,1,False,True,0,False,False,0,YELLOW,-58.599998474121094,-82.4800033569336
20250512,300384,1,True,False,0,False,False,0,YELLOW,-23.079999923706055,-43.619998931884766
20250512,300386,1,True,False,1,True,False,1,OK,123.5199966430664,-265.3900146484375
20250512,300387,0,False,False,1,False,True,0,YELLOW,-13.229999542236328,17.84000015258789
20250512,300388,1,False,True,1,False,True,0,OK,-10.619999885559082,33.209999084472656
20250512,300389,0,False,False,0,False,False,0,YELLOW,107.4000015258789,-46.45000076293945
20250512,300390,1,False,True,1,False,True,0,WEAK,-116.1999969482422,500.0
20250512,300393,1,True,False,1,False,True,0,WEAK,-21.68000030517578,-79.66999816894531
20250512,300394,2,True,True,0,False,False,0,OK,50.439998626708984,48.439998626708984
20250512,300395,2,True,True,2,True,True,1,WEAK,60.61000061035156,41.4900016784668
20250512,300397,0,False,False,2,True,True,1,WEAK,-29.90999984741211,133.88999938964844
20250512,300398,2,True,True,1,True,False,1,OK,29.09000015258789,74.33999633789062
20250512,300399,1,True,False,1,False,True,0,YELLOW,0.4199999868869781,129.6300048828125
20250512,300400,2,True,True,1,False,True,0,OK,46.630001068115234,1.850000023841858
20250512,300401,2,True,True,2,True,True,1,YELLOW,9.0600004196167,-45.72999954223633
20250512,300402,1,False,True,2,True,True,1,YELLOW,-14.09000015258789,-13.510000228881836
20250512,300403,2,True,True,2,True,True,1,OK,-5.820000171661377,-43.709999084472656
20250512,300404,1,False,True,1,False,True,0,WEAK,-57.060001373291016,500.0
20250512,300405,1,False,True,2,True,True,1,WEAK,-3.059999942779541,78.33999633789062
20250512,300406,0,False,False,1,False,True,0,YELLOW,-27.209999084472656,25.1200008392334
20250512,300407,0,False,False,1,False,True,0,YELLOW,15.619999885559082,43.58000183105469
20250512,300408,2,True,True,0,False,False,0,YELLOW,18.739999771118164,60.81999969482422
20250512,300409,2,True,True,2,True,True,1,YELLOW,205.9499969482422,183.8000030517578
20250512,300410,2,True,True,2,True,True,1,YELLOW,105.33000183105467,500.0
20250512,300411,1,True,False,1,False,True,0,YELLOW,-48.040000915527344,-96.20999908447266
20250512,300412,1,True,False,1,False,True,0,WEAK,-76.77999877929688,-145.75999450683594
20250512,300413,1,False,True,0,False,False,0,WEAK,-35.5,-38.529998779296875
20250512,300414,1,False,True,1,True,False,1,WEAK,500.0,500.0
20250512,300415,2,True,True,1,False,True,0,OK,18.700000762939453,3.680000066757202
20250512,300416,0,False,False,2,True,True,1,OK,13.920000076293944,7.179999828338623
20250512,300417,2,True,True,1,False,True,0,WEAK,89.22000122070312,18.010000228881836
20250512,300418,0,False,False,0,False,False,0,WEAK,-3.880000114440918,-15.520000457763672
20250512,300420,1,True,False,2,True,True,1,YELLOW,122.11000061035156,-77.81999969482422
20250512,300421,2,True,True,2,True,True,1,YELLOW,-4.980000019073486,-59.2400016784668
20250512,300422,1,False,True,2,True,True,1,WEAK,-97.51000213623048,419.4299926757813
20250512,300423,1,False,True,1,False,True,0,WEAK,51.150001525878906,-3.5
20250512,300424,1,False,True,1,False,True,0,YELLOW,168.07000732421875,221.30999755859375
20250512,300425,1,False,True,1,False,True,0,WEAK,-146.30999755859375,73.61000061035156
20250512,300426,0,False,False,1,True,False,1,WEAK,-393.0499877929687,22.420000076293945
20250512,300427,1,True,False,2,True,True,1,OK,139.83999633789062,-77.93000030517578
20250512,300428,0,False,False,2,True,True,1,YELLOW,28.6299991607666,35.130001068115234
20250512,300429,2,True,True,1,True,False,1,WEAK,47.040000915527344,-358.6000061035156
20250512,300432,2,True,True,2,True,True,1,YELLOW,4.789999961853027,131.91000366210938
20250512,300433,2,True,True,0,False,False,0,YELLOW,28.719999313354492,-146.0800018310547
20250512,300434,1,False,True,1,False,True,0,WEAK,51.81999969482422,89.58000183105469
20250512,300435,1,True,False,2,True,True,1,YELLOW,76.69000244140625,-64.87000274658203
20250512,300436,0,False,False,1,False,True,0,WEAK,-40.810001373291016,8.850000381469727
20250512,300437,1,False,True,1,False,True,0,WEAK,-133.22999572753906,73.31999969482422
20250512,300438,0,False,False,1,False,True,0,WEAK,18.040000915527344,478.0299987792969
20250512,300439,0,False,False,1,False,True,0,OK,-83.86000061035156,12.09000015258789
20250512,300440,2,True,True,2,True,True,1,WEAK,-23.899999618530273,-30.010000228881836
20250512,300441,1,False,True,1,False,True,0,OK,-39.22999954223633,-60.31999969482422
20250512,300442,1,False,True,0,False,False,0,OK,-9.470000267028809,35.91999816894531
20250512,300443,1,True,False,2,True,True,1,WEAK,117.0199966430664,22.06999969482422
20250512,300444,0,False,False,1,False,True,0,YELLOW,1.919999957084656,-500.0
20250512,300445,0,False,False,1,False,True,0,OK,7.590000152587891,53.88999938964844
20250512,300446,2,True,True,2,True,True,1,WEAK,28.829999923706055,-28.8700008392334
20250512,300447,0,False,False,1,False,True,0,WEAK,-43.119998931884766,-27.700000762939453
20250512,300448,1,False,True,1,False,True,0,WEAK,-500.0,103.11000061035156
20250512,300449,1,False,True,0,False,False,0,WEAK,-79.88999938964844,13.449999809265137
20250512,300450,0,False,False,2,True,True,1,YELLOW,101.3499984741211,11.40999984741211
20250512,300451,0,False,False,1,True,False,1,WEAK,-382.1199951171875,-194.47000122070312
20250512,300452,2,True,True,2,True,True,1,OK,14.020000457763672,2.0199999809265137
20250512,300453,1,True,False,2,True,True,1,OK,10.09000015258789,21.260000228881836
20250512,300454,1,True,False,1,True,False,1,WEAK,79.13999938964844,69.11000061035156
20250512,300455,0,False,False,1,True,False,1,YELLOW,-500.0,-72.4800033569336
20250512,300456,2,True,True,1,True,False,1,YELLOW,-99.9000015258789,-500.0
20250512,300457,1,False,True,1,False,True,0,YELLOW,-40.779998779296875,367.239990234375
20250512,300458,2,True,True,1,True,False,1,OK,125.7300033569336,256.9700012207031
20250512,300459,0,False,False,0,False,False,0,OK,-165.4600067138672,500.0
20250512,300461,2,True,True,1,False,True,0,WEAK,105.04000091552734,-130.08999633789062
20250512,300463,0,False,False,1,False,True,0,OK,-77.94999694824219,-75.18000030517578
20250512,300464,1,True,False,1,False,True,0,WEAK,468.6499938964844,-0.3100000023841858
20250512,300465,0,False,False,0,False,False,0,WEAK,-23.469999313354492,-38.02000045776367
20250512,300466,0,False,False,2,True,True,1,WEAK,45.0099983215332,137.97999572753906
20250512,300467,1,False,True,1,True,False,1,WEAK,-18.600000381469727,-35.84000015258789
20250512,300468,1,False,True,1,True,False,1,YELLOW,26.25,-5.78000020980835
20250512,300469,1,True,False,1,True,False,1,WEAK,-14.770000457763672,-59.599998474121094
20250512,300470,2,True,True,2,True,True,1,YELLOW,2.430000066757202,-28.100000381469727
20250512,300471,1,True,False,2,True,True,1,YELLOW,243.02999877929688,-300.4700012207031
20250512,300473,1,True,False,2,True,True,1,YELLOW,271.2699890136719,123.91000366210938
20250512,300474,1,False,True,1,False,True,0,WEAK,-500.0,-5.820000171661377
20250512,300475,1,False,True,1,True,False,1,YELLOW,-15.289999961853027,500.0
20250512,300476,2,True,True,1,True,False,1,YELLOW,317.75,36.06999969482422
20250512,300478,2,True,True,1,False,True,0,WEAK,2.380000114440918,-385.7799987792969
20250512,300479,2,True,True,1,True,False,1,WEAK,7.539999961853027,-11.579999923706056
20250512,300480,1,True,False,1,False,True,0,YELLOW,134.55999755859375,84.94999694824219
20250512,300481,0,False,False,0,False,False,0,WEAK,-27.760000228881836,-48.939998626708984
20250512,300482,0,False,False,1,False,True,0,OK,-78.66999816894531,-61.209999084472656
20250512,300483,2,True,True,2,True,True,1,WEAK,92.45999908447266,165.97000122070312
20250512,300484,1,True,False,1,False,True,0,OK,234.27000427246097,-54.560001373291016
20250512,300485,1,False,True,2,True,True,1,WEAK,-124.05999755859376,500.0
20250512,300486,1,True,False,1,False,True,0,WEAK,82.7300033569336,-6.5
20250512,300487,1,True,False,1,False,True,0,OK,10.5600004196167,-4.920000076293945
20250512,300488,2,True,True,2,True,True,1,OK,17.06999969482422,52.540000915527344
20250512,300489,2,True,True,0,False,False,0,YELLOW,114.0999984741211,140.32000732421875
20250512,300490,1,False,True,1,False,True,0,WEAK,-27.920000076293945,209.27999877929688
20250512,300491,1,False,True,2,True,True,1,WEAK,-9.609999656677246,71.37999725341797
20250512,300492,2,True,True,1,True,False,1,WEAK,127.52999877929688,1.7000000476837158
20250512,300493,1,True,False,0,False,False,0,YELLOW,31.260000228881836,24.149999618530273
20250512,300494,2,True,True,0,False,False,0,WEAK,361.5499877929687,-108.70999908447266
20250512,300496,1,True,False,1,False,True,0,WEAK,57.58000183105469,11.15999984741211
20250512,300497,1,False,True,1,False,True,0,YELLOW,5.519999980926514,366.6300048828125
20250512,300498,1,True,False,1,False,True,0,WEAK,-24.329999923706055,-160.88999938964844
20250512,300499,2,True,True,2,True,True,1,YELLOW,204.08999633789065,50.59000015258789
20250512,300500,2,True,True,1,True,False,1,YELLOW,341.0,86.44000244140625
20250512,300501,0,False,False,2,True,True,1,YELLOW,-71.83999633789062,-207.33999633789065
20250512,300502,1,True,False,1,True,False,1,OK,283.2699890136719,76.44000244140625
20250512,300503,1,True,False,2,True,True,1,OK,102.5199966430664,500.0
20250512,300504,0,False,False,0,False,False,0,WEAK,-257.6000061035156,168.39999389648438
20250512,300505,2,True,True,2,True,True,1,WEAK,187.1000061035156,-41.81999969482422
20250512,300507,1,True,False,2,True,True,1,YELLOW,-14.609999656677246,-85.9800033569336
20250512,300508,1,False,True,1,True,False,1,OK,-2.640000104904175,-94.52999877929688
20250512,300509,2,True,True,1,False,True,0,YELLOW,325.7300109863281,13.300000190734863
20250512,300510,1,True,False,1,False,True,0,WEAK,-161.1199951171875,-128.5500030517578
20250512,300511,0,False,False,2,True,True,1,WEAK,52.75,500.0
20250512,300512,1,False,True,2,True,True,1,WEAK,7.920000076293945,40.439998626708984
20250512,300513,0,False,False,0,False,False,0,WEAK,-176.25999450683594,17.649999618530273
20250512,300514,1,False,True,1,False,True,0,YELLOW,-56.060001373291016,-500.0
20250512,300515,1,True,False,2,True,True,1,WEAK,46.11000061035156,-6.329999923706055
20250512,300516,1,False,True,1,True,False,1,WEAK,24.3700008392334,-130.47999572753906
20250512,300517,0,False,False,1,True,False,1,WEAK,-377.5,-87.48999786376953
20250512,300518,1,True,False,1,False,True,0,WEAK,45.47999954223633,27.0
20250512,300519,1,True,False,2,True,True,1,WEAK,25.86000061035156,8.010000228881836
20250512,300520,1,False,True,0,False,False,0,WEAK,-75.66999816894531,-37.810001373291016
20250512,300521,1,False,True,1,False,True,0,WEAK,-88.58999633789062,-13.949999809265137
20250512,300522,0,False,False,1,False,True,0,YELLOW,-51.11000061035156,-68.2699966430664
20250512,300523,1,True,False,2,True,True,1,WEAK,7.989999771118164,9.300000190734863
20250512,300525,0,False,False,1,True,False,1,WEAK,-84.87999725341797,1.2999999523162842
20250512,300528,1,True,False,1,True,False,1,WEAK,70.80000305175781,-123.26000213623048
20250512,300529,0,False,False,1,False,True,0,OK,-41.869998931884766,13.140000343322754
20250512,300530,1,True,False,2,True,True,1,WEAK,19.899999618530273,-22.40999984741211
20250512,300531,2,True,True,1,True,False,1,YELLOW,383.989990234375,115.36000061035156
20250512,300532,0,False,False,1,False,True,0,WEAK,-26.68000030517578,-39.040000915527344
20250512,300533,1,True,False,1,True,False,1,OK,196.27000427246097,-115.79000091552734
20250512,300534,1,True,False,2,True,True,1,WEAK,18.88999938964844,-14.779999732971191
20250512,300535,0,False,False,2,True,True,1,YELLOW,-15.90999984741211,-263.8900146484375
20250512,300536,1,False,True,1,True,False,1,WEAK,-72.83000183105469,-115.91999816894533
20250512,300537,0,False,False,1,True,False,1,YELLOW,-76.95999908447266,-24.65999984741211
20250512,300538,2,True,True,1,False,True,0,YELLOW,17.219999313354492,151.63999938964844
20250512,300539,2,True,True,2,True,True,1,YELLOW,51.09000015258789,-3.5
20250512,300540,0,False,False,1,False,True,0,WEAK,-29.43000030517578,500.0
20250512,300541,1,True,False,2,True,True,1,YELLOW,119.0,-162.0399932861328
20250512,300542,1,True,False,0,False,False,0,WEAK,11.220000267028809,-158.85000610351562
20250512,300543,1,True,False,1,False,True,0,YELLOW,-32.47999954223633,-207.1199951171875
20250512,300545,1,False,True,1,True,False,1,OK,-49.84000015258789,-38.209999084472656
20250512,300546,1,False,True,0,False,False,0,WEAK,236.61000061035156,-81.66000366210938
20250512,300547,2,True,True,2,True,True,1,YELLOW,-5.690000057220459,-17.229999542236328
20250512,300548,1,True,False,0,False,False,0,WEAK,500.0,47.369998931884766
20250512,300549,2,True,True,2,True,True,1,YELLOW,-58.52000045776367,-151.13999938964844
20250512,300550,0,False,False,0,False,False,0,WEAK,500.0,-127.62999725341795
20250512,300551,1,False,True,0,False,False,0,WEAK,12.850000381469728,32.029998779296875
20250512,300552,1,True,False,0,False,False,0,WEAK,44.41999816894531,53.439998626708984
20250512,300553,1,True,False,2,True,True,1,OK,49.470001220703125,-193.22000122070312
20250512,300554,1,False,True,1,False,True,0,WEAK,55.869998931884766,42.0099983215332
20250512,300556,2,True,True,0,False,False,0,WEAK,41.040000915527344,140.38999938964844
20250512,300557,1,True,False,1,False,True,0,OK,47.31999969482422,4.21999979019165
20250512,300558,2,True,True,1,False,True,0,OK,-6.739999771118164,26.020000457763672
20250512,300559,1,False,True,0,False,False,0,WEAK,-10.75,43.13999938964844
20250512,300560,0,False,False,0,False,False,0,YELLOW,-17.6200008392334,62.43000030517578
20250512,300562,2,True,True,1,False,True,0,YELLOW,19.350000381469727,51.86000061035156
20250512,300563,2,True,True,0,False,False,0,YELLOW,111.36000061035156,-8.470000267028809
20250512,300564,1,True,False,1,True,False,1,WEAK,-67.0,79.20999908447266
20250512,300565,1,True,False,0,False,False,0,WEAK,46.97999954223633,21.420000076293945
20250512,300566,2,True,True,0,False,False,0,YELLOW,3.299999952316284,7.119999885559082
20250512,300567,2,True,True,1,False,True,0,WEAK,500.0,8.25
20250512,300568,0,False,False,2,True,True,1,WEAK,-94.05999755859376,-37.16999816894531
20250512,300569,2,True,True,2,True,True,1,WEAK,500.0,-19.770000457763672
20250512,300570,1,True,False,0,False,False,0,OK,80.08000183105469,-21.229999542236328
20250512,300571,2,True,True,1,True,False,1,YELLOW,114.58999633789062,-56.79999923706055
20250512,300572,1,False,True,2,True,True,1,WEAK,21.149999618530273,-0.9900000095367432
20250512,300573,2,True,True,2,True,True,1,OK,105.76000213623048,51.720001220703125
20250512,300575,0,False,False,1,False,True,0,WEAK,-500.0,101.76000213623048
20250512,300576,2,True,True,0,False,False,0,OK,1.340000033378601,-23.729999542236328
20250512,300577,2,True,True,1,False,True,0,YELLOW,13.8100004196167,31.63999938964844
20250512,300578,1,True,False,0,False,False,0,YELLOW,-19.90999984741211,-500.0
20250512,300579,1,True,False,0,False,False,0,WEAK,-287.95001220703125,56.34000015258789
20250512,300580,0,False,False,1,False,True,0,OK,6.059999942779541,4.849999904632568
20250512,300581,1,False,True,2,True,True,1,WEAK,-35.27000045776367,28.43000030517578
20250512,300582,0,False,False,0,False,False,0,OK,-277.510009765625,139.42999267578125
20250512,300583,0,False,False,1,False,True,0,WEAK,-500.0,106.13999938964844
20250512,300584,1,True,False,1,False,True,0,OK,1.6399999856948853,16.75
20250512,300585,0,False,False,1,False,True,0,WEAK,56.029998779296875,-134.69000244140625
20250512,300586,0,False,False,1,False,True,0,WEAK,-169.64999389648438,-75.45999908447266
20250512,300587,0,False,False,2,True,True,1,WEAK,-159.57000732421875,209.0399932861328
20250512,300588,1,True,False,0,False,False,0,WEAK,-36.83000183105469,-43.9900016784668
20250512,300589,0,False,False,1,False,True,0,WEAK,-263.2900085449219,127.94000244140624
20250512,300590,0,False,False,0,False,False,0,OK,-57.36000061035156,500.0
20250512,300591,0,False,False,2,True,True,1,WEAK,0.7900000214576721,82.05999755859375
20250512,300592,1,False,True,1,False,True,0,WEAK,-81.12000274658203,500.0
20250512,300593,1,False,True,2,True,True,1,WEAK,29.270000457763672,0.7400000095367432
20250512,300595,0,False,False,1,False,True,0,OK,-17.209999084472656,-18.63999938964844
20250512,300596,1,True,False,1,False,True,0,YELLOW,27.65999984741211,24.079999923706055
20250512,300597,1,False,True,1,True,False,1,WEAK,-472.0,-45.47999954223633
20250512,300598,2,True,True,0,False,False,0,WEAK,19.709999084472656,19.219999313354492
20250512,300599,1,True,False,1,True,False,1,WEAK,46.91999816894531,-84.98999786376953
20250512,300600,0,False,False,2,True,True,1,WEAK,-88.02999877929688,12.970000267028809
20250512,300601,1,True,False,1,False,True,0,WEAK,-90.81999969482422,25.350000381469727
20250512,300602,2,True,True,1,True,False,1,YELLOW,171.3300018310547,160.66000366210938
20250512,300603,0,False,False,0,False,False,0,WEAK,-500.0,-42.900001525878906
20250512,300604,2,True,True,0,False,False,0,OK,128.88999938964844,500.0
20250512,300605,2,True,True,1,True,False,1,WEAK,133.22000122070312,-500.0
20250512,300606,1,True,False,1,False,True,0,YELLOW,11.579999923706056,6.070000171661377
20250512,300607,0,False,False,2,True,True,1,YELLOW,500.0,500.0
20250512,300608,0,False,False,0,False,False,0,WEAK,-15.15999984741211,-1.4800000190734863
20250512,300609,2,True,True,2,True,True,1,WEAK,-0.4000000059604645,-500.0
20250512,300610,1,False,True,2,True,True,1,YELLOW,-33.630001068115234,31.86000061035156
20250512,300611,2,True,True,2,True,True,1,YELLOW,49.7400016784668,-47.790000915527344
20250512,300612,2,True,True,0,False,False,0,WEAK,8.819999694824219,-328.8999938964844
20250512,300613,1,False,True,0,False,False,0,OK,-61.84000015258789,500.0
20250512,300614,2,True,True,2,True,True,1,WEAK,-2.069999933242798,-82.94000244140625
20250512,300615,2,True,True,1,True,False,1,WEAK,152.1300048828125,-500.0
20250512,300616,2,True,True,1,False,True,0,WEAK,31.75,-130.39999389648438
20250512,300617,0,False,False,1,False,True,0,WEAK,-56.0099983215332,36.36000061035156
20250512,300618,1,False,True,1,False,True,0,YELLOW,-14.93000030517578,266.1700134277344
20250512,300619,0,False,False,2,True,True,1,WEAK,149.41000366210938,74.27999877929688
20250512,300620,1,True,False,0,False,False,0,OK,89.72000122070312,500.0
20250512,300621,1,False,True,0,False,False,0,WEAK,-222.5399932861328,-500.0
20250512,300622,2,True,True,1,False,True,0,OK,7.820000171661377,24.15999984741211
20250512,300623,2,True,True,0,False,False,0,OK,23.1299991607666,-10.34000015258789
20250512,300624,1,False,True,0,False,False,0,WEAK,-321.0199890136719,-37.2400016784668
20250512,300625,0,False,False,1,False,True,0,WEAK,-186.5099945068359,-47.88999938964844
20250512,300626,0,False,False,2,True,True,1,YELLOW,-22.200000762939453,261.4200134277344
20250512,300627,2,True,True,1,True,False,1,OK,32.4900016784668,-19.540000915527344
20250512,300628,2,True,True,0,False,False,0,OK,-3.859999895095825,15.010000228881836
20250512,300629,0,False,False,1,False,True,0,WEAK,-90.5999984741211,151.97000122070312
20250512,300631,1,True,False,1,False,True,0,WEAK,112.66000366210938,13.109999656677246
20250512,300632,0,False,False,0,False,False,0,OK,-95.66000366210938,-146.97000122070312
20250512,300633,1,False,True,2,True,True,1,WEAK,-72.13999938964844,-338.239990234375
20250512,300634,2,True,True,1,False,True,0,OK,-9.380000114440918,-53.56999969482422
20250512,300635,0,False,False,1,True,False,1,WEAK,-57.869998931884766,154.35000610351562
20250512,300636,1,False,True,1,False,True,0,OK,-18.020000457763672,-9.140000343322754
20250512,300637,2,True,True,2,True,True,1,YELLOW,187.72000122070312,-202.0099945068359
20250512,300638,1,False,True,0,False,False,0,YELLOW,-34.04999923706055,-99.02999877929688
20250512,300639,1,False,True,1,False,True,0,WEAK,49.88999938964844,60.41999816894531
20250512,300640,0,False,False,1,False,True,0,YELLOW,-36.68000030517578,-71.88999938964844
20250512,300641,2,True,True,1,False,True,0,OK,-19.290000915527344,-84.25
20250512,300642,2,True,True,1,False,True,0,YELLOW,-90.4499969482422,-215.66000366210935
20250512,300643,2,True,True,2,True,True,1,YELLOW,49.27000045776367,11.729999542236328
20250512,300644,2,True,True,2,True,True,1,YELLOW,84.05000305175781,-14.56999969482422
20250512,300645,0,False,False,0,False,False,0,WEAK,4.639999866485596,-6.0
20250512,300647,1,False,True,0,False,False,0,WEAK,81.0,500.0
20250512,300648,2,True,True,2,True,True,1,WEAK,16.8799991607666,-95.51000213623048
20250512,300649,0,False,False,1,True,False,1,WEAK,121.5,13.609999656677246
20250512,300650,1,False,True,1,True,False,1,YELLOW,41.58000183105469,30.1200008392334
20250512,300651,0,False,False,2,True,True,1,WEAK,109.75,106.29000091552734
20250512,300652,2,True,True,2,True,True,1,OK,48.869998931884766,-21.540000915527344
20250512,300653,0,False,False,1,False,True,0,WEAK,-45.34000015258789,-49.619998931884766
20250512,300654,1,False,True,0,False,False,0,OK,-26.260000228881836,-20.459999084472656
20250512,300655,1,True,False,1,True,False,1,YELLOW,500.0,-26.25
20250512,300656,1,False,True,1,True,False,1,YELLOW,-500.0,-55.72999954223633
20250512,300657,1,False,True,1,True,False,1,YELLOW,500.0,471.6099853515625
20250512,300658,2,True,True,2,True,True,1,YELLOW,6.949999809265137,294.1499938964844
20250512,300659,0,False,False,0,False,False,0,WEAK,20.530000686645508,11.220000267028809
20250512,300660,1,True,False,2,True,True,1,YELLOW,2.009999990463257,-37.540000915527344
20250512,300661,1,False,True,1,True,False,1,OK,-7.059999942779541,194.8699951171875
20250512,300662,1,True,False,2,True,True,1,YELLOW,40.20000076293945,2.380000114440918
20250512,300663,0,False,False,1,True,False,1,WEAK,-18.8700008392334,-298.8599853515625
20250512,300664,0,False,False,1,False,True,0,OK,-1.7899999618530271,41.97999954223633
20250512,300665,1,True,False,2,True,True,1,WEAK,-1.7999999523162842,56.9900016784668
20250512,300666,1,True,False,1,True,False,1,OK,11.59000015258789,37.06999969482422
20250512,300667,1,False,True,1,False,True,0,WEAK,-94.68000030517578,83.12999725341797
20250512,300668,1,True,False,0,False,False,0,WEAK,137.5500030517578,-108.30999755859376
20250512,300669,1,False,True,1,False,True,0,YELLOW,-45.68000030517578,-64.45999908447266
20250512,300670,2,True,True,2,True,True,1,WEAK,-28.38999938964844,37.630001068115234
20250512,300671,1,True,False,0,False,False,0,WEAK,3.240000009536743,146.1699981689453
20250512,300672,1,True,False,1,True,False,1,YELLOW,-150.69000244140625,0.4300000071525574
20250512,300673,1,False,True,1,False,True,0,YELLOW,-26.079999923706055,-61.900001525878906
20250512,300674,2,True,True,1,False,True,0,YELLOW,24.809999465942383,-30.3700008392334
20250512,300675,1,False,True,0,False,False,0,WEAK,-92.95999908447266,43.529998779296875
20250512,300676,1,False,True,1,False,True,0,WEAK,52.040000915527344,69.37999725341797
20250512,300677,2,True,True,1,False,True,0,YELLOW,-19.31999969482422,-26.209999084472656
20250512,300678,0,False,False,1,False,True,0,YELLOW,-19.0,93.5999984741211
20250512,300679,1,False,True,0,False,False,0,OK,-16.850000381469727,-28.520000457763672
20250512,300680,1,True,False,2,True,True,1,YELLOW,-13.529999732971191,-15.970000267028809
20250512,300681,2,True,True,1,False,True,0,YELLOW,100.63999938964844,500.0
20250512,300682,1,True,False,2,True,True,1,OK,-30.6200008392334,-500.0
20250512,300683,1,True,False,1,False,True,0,WEAK,-156.39999389648438,-39.36000061035156
20250512,300684,2,True,True,1,True,False,1,YELLOW,142.3699951171875,9.210000038146973
20250512,300685,2,True,True,1,False,True,0,OK,18.049999237060547,-5.119999885559082
20250512,300686,2,True,True,0,False,False,0,WEAK,27.38999938964844,-115.16999816894533
20250512,300687,1,True,False,2,True,True,1,OK,-82.80999755859375,33.810001373291016
20250512,300688,1,True,False,1,False,True,0,OK,32.939998626708984,-20.8799991607666
20250512,300689,1,True,False,1,True,False,1,YELLOW,204.02999877929688,-265.8599853515625
20250512,300690,2,True,True,2,True,True,1,YELLOW,96.83000183105467,29.59000015258789
20250512,300691,1,False,True,0,False,False,0,WEAK,-255.33999633789065,69.16000366210938
20250512,300692,1,False,True,2,True,True,1,WEAK,7.980000019073486,-9.0600004196167
20250512,300693,1,True,False,2,True,True,1,OK,2.4700000286102295,25.010000228881836
20250512,300694,1,False,True,1,False,True,0,YELLOW,-58.560001373291016,132.5399932861328
20250512,300695,1,False,True,2,True,True,1,YELLOW,-9.229999542236328,-41.31999969482422
20250512,300696,2,True,True,2,True,True,1,WEAK,229.5800018310547,66.62999725341797
20250512,300697,2,True,True,2,True,True,1,YELLOW,45.86000061035156,44.75
20250512,300698,1,True,False,0,False,False,0,OK,4.010000228881836,20.760000228881836
20250512,300699,2,True,True,1,False,True,0,OK,-32.220001220703125,-19.8700008392334
20250512,300700,1,False,True,2,True,True,1,WEAK,-15.369999885559082,103.52999877929688
20250512,300701,1,True,False,1,True,False,1,OK,-6.880000114440918,36.689998626708984
20250512,300702,1,True,False,2,True,True,1,YELLOW,130.1300048828125,-49.47999954223633
20250512,300703,1,True,False,1,False,True,0,OK,34.459999084472656,-203.1999969482422
20250512,300705,1,True,False,2,True,True,1,YELLOW,-6.46999979019165,-59.09000015258789
20250512,300706,1,False,True,0,False,False,0,WEAK,-449.6799926757813,365.239990234375
20250512,300707,1,False,True,1,False,True,0,WEAK,5.639999866485596,-39.189998626708984
20250512,300708,2,True,True,0,False,False,0,YELLOW,11.890000343322754,-55.40999984741211
20250512,300709,2,True,True,0,False,False,0,WEAK,58.36000061035156,-158.83999633789062
20250512,300710,0,False,False,1,True,False,1,WEAK,-265.2300109863281,-150.6699981689453
20250512,300711,1,False,True,0,False,False,0,OK,-12.699999809265137,-5.570000171661377
20250512,300712,1,True,False,0,False,False,0,YELLOW,21.940000534057617,-96.43000030517578
20250512,300713,1,True,False,2,True,True,1,WEAK,8.670000076293945,-108.4499969482422
20250512,300715,2,True,True,1,True,False,1,YELLOW,117.79000091552734,28.8799991607666
20250512,300717,2,True,True,2,True,True,1,YELLOW,19.06999969482422,-21.959999084472656
20250512,300718,1,True,False,2,True,True,1,OK,8.880000114440918,12.289999961853027
20250512,300719,0,False,False,1,False,True,0,WEAK,-220.1999969482422,-56.2400016784668
20250512,300720,1,True,False,2,True,True,1,OK,-23.690000534057617,-2.109999895095825
20250512,300721,0,False,False,2,True,True,1,WEAK,-500.0,110.25
20250512,300722,1,False,True,2,True,True,1,YELLOW,-20.34000015258789,-25.329999923706055
20250512,300723,1,False,True,2,True,True,1,WEAK,-500.0,-117.7300033569336
20250512,300724,1,True,False,1,False,True,0,YELLOW,26.68000030517578,-70.69999694824219
20250512,300725,1,False,True,1,False,True,0,WEAK,0.4900000095367431,26.90999984741211
20250512,300726,0,False,False,2,True,True,1,YELLOW,27.75,90.33000183105467
20250512,300727,1,True,False,2,True,True,1,YELLOW,45.27000045776367,5.889999866485596
20250512,300729,1,False,True,1,False,True,0,WEAK,-19.899999618530273,-140.30999755859375
20250512,300730,1,False,True,1,True,False,1,WEAK,5.940000057220459,51.63999938964844
20250512,300731,1,True,False,1,False,True,0,WEAK,89.77999877929688,-146.02000427246094
20250512,300732,1,True,False,1,True,False,1,WEAK,61.58000183105469,42.22999954223633
20250512,300733,1,True,False,2,True,True,1,YELLOW,118.0,-58.66999816894531
20250512,300735,1,False,True,0,False,False,0,WEAK,49.84000015258789,-82.19999694824219
20250512,300736,2,True,True,0,False,False,0,WEAK,16.6299991607666,-11.9399995803833
20250512,300737,0,False,False,1,True,False,1,YELLOW,-500.0,126.97000122070312
20250512,300738,2,True,True,1,True,False,1,YELLOW,27.8799991607666,75.41999816894531
20250512,300739,2,True,True,0,False,False,0,YELLOW,224.1300048828125,47.5099983215332
20250512,300740,0,False,False,2,True,True,1,YELLOW,21.559999465942383,-14.25
20250512,300741,0,False,False,1,False,True,0,OK,3.5299999713897705,-24.15999984741211
20250512,300743,2,True,True,1,True,False,1,YELLOW,16.90999984741211,-24.649999618530273
20250512,300745,1,False,True,1,False,True,0,WEAK,25.030000686645508,102.11000061035156
20250512,300746,2,True,True,1,True,False,1,YELLOW,500.0,-27.5
20250512,300747,1,False,True,2,True,True,1,YELLOW,-4.739999771118164,500.0
20250512,300748,1,True,False,2,True,True,1,WEAK,381.94000244140625,65.94999694824219
20250512,300749,1,True,False,2,True,True,1,WEAK,95.2300033569336,-500.0
20250512,300750,2,True,True,2,True,True,1,YELLOW,35.560001373291016,52.95000076293945
20250512,300751,0,False,False,1,False,True,0,YELLOW,-13.979999542236328,-48.41999816894531
20250512,300752,2,True,True,1,True,False,1,YELLOW,-45.189998626708984,-50.63999938964844
20250512,300753,0,False,False,2,True,True,1,WEAK,-500.0,79.4800033569336
20250512,300755,0,False,False,2,True,True,1,YELLOW,-260.0299987792969,-29.969999313354492
20250512,300756,0,False,False,2,True,True,1,WEAK,500.0,500.0
20250512,300757,0,False,False,1,False,True,0,WEAK,-248.3500061035156,-52.709999084472656
20250512,300758,2,True,True,2,True,True,1,YELLOW,-27.43000030517578,-44.79999923706055
20250512,300759,1,True,False,1,False,True,0,OK,32.040000915527344,17.450000762939453
20250512,300760,0,False,False,1,False,True,0,OK,-28.5,-9.25
20250512,300761,2,True,True,1,False,True,0,YELLOW,-74.36000061035156,-22.3799991607666
20250512,300762,1,True,False,1,False,True,0,OK,33.529998779296875,-500.0
20250512,300763,2,True,True,2,True,True,1,OK,27.31999969482422,-67.98999786376953
20250512,300765,1,False,True,2,True,True,1,WEAK,-147.39999389648438,-262.54998779296875
20250512,300766,1,False,True,0,False,False,0,WEAK,-500.0,13.90999984741211
20250512,300767,2,True,True,1,False,True,0,WEAK,56.2599983215332,50.2400016784668
20250512,300768,0,False,False,0,False,False,0,YELLOW,-0.209999993443489,43.56999969482422
20250512,300769,1,True,False,1,False,True,0,WEAK,38.27000045776367,239.77999877929688
20250512,300770,1,True,False,1,True,False,1,OK,20.200000762939453,-10.9399995803833
20250512,300771,1,True,False,1,True,False,1,YELLOW,500.0,0.4900000095367431
20250512,300772,2,True,True,1,False,True,0,WEAK,32.56999969482422,-15.630000114440918
20250512,300773,0,False,False,1,True,False,1,YELLOW,-53.31999969482422,1.4299999475479126
20250512,300774,0,False,False,1,False,True,0,YELLOW,-54.97999954223633,-340.1199951171875
20250512,300775,1,False,True,2,True,True,1,WEAK,31.649999618530273,-97.58000183105467
20250512,300776,1,True,False,1,False,True,0,OK,31.520000457763672,-5.570000171661377
20250512,300777,1,True,False,2,True,True,1,WEAK,28.93000030517578,-85.87000274658203
20250512,300778,1,True,False,1,True,False,1,WEAK,-15.8100004196167,-58.939998626708984
20250512,300779,1,False,True,2,True,True,1,WEAK,-44.33000183105469,109.98999786376952
20250512,300780,2,True,True,1,False,True,0,WEAK,-15.239999771118164,-0.6899999976158142
20250512,300781,1,True,False,0,False,False,0,WEAK,-24.520000457763672,-15.800000190734863
20250512,300782,1,False,True,0,False,False,0,WEAK,-149.5399932861328,-174.80999755859375
20250512,300783,1,False,True,1,False,True,0,YELLOW,-78.56999969482422,51.59000015258789
20250512,300784,0,False,False,0,False,False,0,WEAK,3.140000104904175,-51.27000045776367
20250512,300785,2,True,True,0,False,False,0,WEAK,46.27000045776367,103.3000030517578
20250512,300786,1,False,True,1,False,True,0,WEAK,37.18000030517578,180.07000732421875
20250512,300787,2,True,True,1,True,False,1,YELLOW,54.33000183105469,-249.42999267578125
20250512,300788,1,True,False,0,False,False,0,YELLOW,14.420000076293944,-21.63999938964844
20250512,300789,0,False,False,1,True,False,1,YELLOW,-28.63999938964844,257.44000244140625
20250512,300790,2,True,True,0,False,False,0,YELLOW,49.290000915527344,20.010000228881836
20250512,300791,1,True,False,2,True,True,1,OK,3.4200000762939453,-23.020000457763672
20250512,300792,0,False,False,1,False,True,0,WEAK,8.970000267028809,20.270000457763672
20250512,300793,0,False,False,0,False,False,0,WEAK,-92.8000030517578,-500.0
20250512,300795,0,False,False,1,False,True,0,WEAK,-62.13999938964844,23.81999969482422
20250512,300796,2,True,True,1,False,True,0,WEAK,500.0,-91.37000274658205
20250512,300797,2,True,True,2,True,True,1,OK,11.609999656677246,36.349998474121094
20250512,300798,0,False,False,1,False,True,0,WEAK,-361.4599914550781,-110.31999969482422
20250512,300800,0,False,False,1,False,True,0,OK,69.95999908447266,-46.470001220703125
20250512,300801,1,False,True,1,False,True,0,YELLOW,-22.65999984741211,236.88999938964844
20250512,300802,2,True,True,1,False,True,0,OK,45.220001220703125,1.600000023841858
20250512,300803,2,True,True,0,False,False,0,OK,141.30999755859375,52.47999954223633
20250512,300804,1,False,True,2,True,True,1,YELLOW,169.47999572753906,-109.27999877929688
20250512,300805,0,False,False,0,False,False,0,YELLOW,500.0,51.349998474121094
20250512,300806,1,False,True,1,False,True,0,YELLOW,-21.760000228881836,470.0400085449219
20250512,300807,2,True,True,1,True,False,1,WEAK,63.439998626708984,-14.460000038146973
20250512,300808,0,False,False,0,False,False,0,WEAK,-171.42999267578125,-43.54999923706055
20250512,300809,1,True,False,2,True,True,1,WEAK,-25.520000457763672,-23.239999771118164
20250512,300810,1,False,True,2,True,True,1,WEAK,16.690000534057617,44.02000045776367
20250512,300811,2,True,True,1,False,True,0,OK,2.9700000286102295,21.100000381469727
20250512,300812,2,True,True,1,True,False,1,OK,311.2799987792969,-55.41999816894531
20250512,300813,0,False,False,1,False,True,0,WEAK,21.829999923706055,19.43000030517578
20250512,300814,2,True,True,0,False,False,0,YELLOW,-0.8100000023841858,52.70000076293945
20250512,300815,2,True,True,2,True,True,1,YELLOW,-15.279999732971191,3.2200000286102295
20250512,300816,1,True,False,2,True,True,1,YELLOW,41.61000061035156,15.1899995803833
20250512,300817,1,True,False,2,True,True,1,YELLOW,-9.510000228881836,25.43000030517578
20250512,300818,0,False,False,1,False,True,0,OK,-52.4900016784668,-499.6199951171875
20250512,300819,2,True,True,2,True,True,1,YELLOW,-13.609999656677246,-32.20000076293945
20250512,300820,0,False,False,1,False,True,0,OK,-37.43000030517578,-31.450000762939453
20250512,300821,1,False,True,1,False,True,0,YELLOW,-87.5999984741211,452.4700012207031
20250512,300822,1,False,True,0,False,False,0,YELLOW,-43.88999938964844,-21.649999618530273
20250512,300823,1,False,True,1,False,True,0,WEAK,-48.849998474121094,329.2900085449219
20250512,300824,2,True,True,2,True,True,1,OK,132.4600067138672,-2.4800000190734863
20250512,300825,0,False,False,1,False,True,0,WEAK,-500.0,-17.469999313354492
20250512,300826,0,False,False,0,False,False,0,OK,23.6299991607666,161.0800018310547
20250512,300827,2,True,True,1,False,True,0,YELLOW,0.2199999988079071,3.1500000953674316
20250512,300828,1,False,True,1,False,True,0,YELLOW,-26.260000228881836,-42.29999923706055
20250512,300829,1,True,False,2,True,True,1,YELLOW,41.91999816894531,-37.459999084472656
20250512,300830,2,True,True,0,False,False,0,WEAK,10.220000267028809,21.950000762939453
20250512,300831,1,False,True,0,False,False,0,WEAK,-107.68000030517578,336.4100036621094
20250512,300832,1,True,False,1,False,True,0,OK,-14.68000030517578,1.1100000143051147
20250512,300833,1,False,True,1,False,True,0,OK,-49.13999938964844,-22.61000061035156
20250512,300834,1,False,True,1,False,True,0,YELLOW,-38.91999816894531,-6.190000057220459
20250512,300835,2,True,True,1,False,True,0,YELLOW,34.9900016784668,-1.9900000095367432
20250512,300836,1,False,True,2,True,True,1,YELLOW,153.36000061035156,-18.600000381469727
20250512,300837,0,False,False,2,True,True,1,WEAK,-39.15999984741211,-28.979999542236328
20250512,300838,0,False,False,1,False,True,0,WEAK,-51.29999923706055,-79.41999816894531
20250512,300839,1,True,False,1,True,False,1,WEAK,31.260000228881836,228.0800018310547
20250512,300840,1,True,False,1,False,True,0,OK,-20.18000030517578,-62.7599983215332
20250512,300841,1,False,True,2,True,True,1,OK,-55.56999969482422,25.709999084472656
20250512,300842,1,False,True,1,False,True,0,YELLOW,-68.93000030517578,205.2599945068359
20250512,300843,2,True,True,0,False,False,0,YELLOW,22.010000228881836,16.829999923706055
20250512,300844,1,False,True,1,True,False,1,WEAK,-411.55999755859375,-333.4800109863281
20250512,300845,0,False,False,1,True,False,1,WEAK,-94.22000122070312,-91.75
20250512,300846,1,True,False,1,False,True,0,WEAK,21.88999938964844,36.70000076293945
20250512,300847,2,True,True,1,True,False,1,YELLOW,-6.989999771118164,-2.0299999713897705
20250512,300848,1,True,False,1,False,True,0,YELLOW,11.0600004196167,22.010000228881836
20250512,300849,0,False,False,1,False,True,0,WEAK,-68.31999969482422,-47.88999938964844
20250512,300850,1,True,False,2,True,True,1,WEAK,500.0,27.690000534057617
20250512,300851,1,False,True,1,False,True,0,WEAK,40.540000915527344,149.69000244140625
20250512,300852,0,False,False,0,False,False,0,WEAK,6.849999904632568,15.239999771118164
20250512,300853,0,False,False,2,True,True,1,WEAK,-5.309999942779541,29.86000061035156
20250512,300854,2,True,True,2,True,True,1,YELLOW,-500.0,52.189998626708984
20250512,300855,0,False,False,2,True,True,1,YELLOW,-53.63999938964844,138.8800048828125
20250512,300856,0,False,False,1,False,True,0,WEAK,-86.75,-13.90999984741211
20250512,300857,2,True,True,1,True,False,1,YELLOW,25.030000686645508,353.92999267578125
20250512,300858,2,True,True,1,False,True,0,OK,9.789999961853027,-25.219999313354492
20250512,300859,0,False,False,2,True,True,1,WEAK,-14.739999771118164,9.960000038146973
20250512,300860,1,True,False,1,False,True,0,WEAK,-47.88999938964844,80.20999908447266
20250512,300861,0,False,False,1,False,True,0,WEAK,-50.5099983215332,500.0
20250512,300862,0,False,False,2,True,True,1,WEAK,-457.6099853515625,-102.54000091552734
20250512,300863,2,True,True,1,False,True,0,YELLOW,2.4100000858306885,-25.25
20250512,300864,2,True,True,1,False,True,0,OK,-6.659999847412109,1.7899999618530271
20250512,300865,1,True,False,1,False,True,0,YELLOW,-65.79000091552734,500.0
20250512,300866,2,True,True,0,False,False,0,OK,13.81999969482422,24.38999938964844
20250512,300867,2,True,True,2,True,True,1,YELLOW,29.850000381469727,35.630001068115234
20250512,300868,0,False,False,1,True,False,1,WEAK,-157.72000122070312,-45.02000045776367
20250512,300869,1,True,False,1,False,True,0,WEAK,47.38999938964844,-188.8300018310547
20250512,300870,1,True,False,2,True,True,1,YELLOW,48.529998779296875,-132.80999755859375
20250512,300871,1,True,False,2,True,True,1,YELLOW,500.0,130.83999633789062
20250512,300872,1,False,True,1,False,True,0,WEAK,-63.029998779296875,298.79998779296875
20250512,300873,2,True,True,2,True,True,1,YELLOW,3.369999885559082,-43.560001373291016
20250512,300875,1,True,False,1,False,True,0,WEAK,-64.52999877929688,-58.150001525878906
20250512,300876,0,False,False,1,False,True,0,WEAK,-126.12000274658205,43.790000915527344
20250512,300877,1,False,True,2,True,True,1,YELLOW,48.220001220703125,500.0
20250512,300878,0,False,False,2,True,True,1,WEAK,-157.75,131.5399932861328
20250512,300879,1,True,False,2,True,True,1,YELLOW,372.2900085449219,-92.43000030517578
20250512,300880,1,False,True,1,False,True,0,YELLOW,-63.650001525878906,-27.34000015258789
20250512,300881,2,True,True,0,False,False,0,YELLOW,-19.18000030517578,-12.270000457763672
20250512,300882,0,False,False,2,True,True,1,YELLOW,46.72999954223633,-28.68000030517578
20250512,300883,1,False,True,2,True,True,1,YELLOW,-145.33999633789062,-365.3999938964844
20250512,300884,0,False,False,1,True,False,1,WEAK,-500.0,-26.86000061035156
20250512,300885,1,True,False,2,True,True,1,YELLOW,-7.230000019073486,43.540000915527344
20250512,300886,1,True,False,1,False,True,0,YELLOW,59.959999084472656,-57.2599983215332
20250512,300887,0,False,False,1,False,True,0,WEAK,17.989999771118164,33.75
20250512,300888,1,True,False,2,True,True,1,OK,43.93000030517578,-3.0899999141693115
20250512,300889,2,True,True,1,True,False,1,WEAK,54.810001373291016,-13.399999618530272
20250512,300890,0,False,False,1,False,True,0,WEAK,-86.83999633789062,275.07000732421875
20250512,300891,1,False,True,1,False,True,0,YELLOW,-197.25,-181.63999938964844
20250512,300892,2,True,True,2,True,True,1,YELLOW,190.97999572753903,-153.08999633789062
20250512,300893,2,True,True,2,True,True,1,YELLOW,35.90999984741211,17.969999313354492
20250512,300894,0,False,False,1,False,True,0,WEAK,-500.0,0.7400000095367432
20250512,300895,0,False,False,2,True,True,1,WEAK,0.6800000071525574,30.25
20250512,300896,1,False,True,1,False,True,0,OK,-36.20000076293945,-25.670000076293945
20250512,300897,0,False,False,2,True,True,1,OK,-59.25,-22.59000015258789
20250512,300898,0,False,False,2,True,True,1,YELLOW,-7.619999885559082,32.540000915527344
20250512,300899,2,True,True,1,False,True,0,WEAK,490.75,-168.7899932861328
20250512,300900,1,False,True,2,True,True,1,WEAK,-134.86000061035156,-139.55999755859375
20250512,300901,0,False,False,2,True,True,1,WEAK,26.290000915527344,71.41000366210938
20250512,300902,2,True,True,2,True,True,1,WEAK,96.01000213623048,-456.2999877929687
20250512,300903,2,True,True,1,True,False,1,WEAK,32.900001525878906,-26.280000686645508
20250512,300904,1,False,True,2,True,True,1,WEAK,-70.75,20.649999618530273
20250512,300905,1,True,False,1,False,True,0,YELLOW,44.720001220703125,26.280000686645508
20250512,300906,1,True,False,1,False,True,0,YELLOW,-23.829999923706055,34.86000061035156
20250512,300907,2,True,True,2,True,True,1,YELLOW,-24.329999923706055,-32.130001068115234
20250512,300908,0,False,False,1,False,True,0,OK,4.360000133514404,10.850000381469728
20250512,300909,1,False,True,1,True,False,1,YELLOW,-21.219999313354492,69.51000213623047
20250512,300910,1,True,False,2,True,True,1,OK,13.6899995803833,-26.899999618530273
20250512,300911,1,False,True,2,True,True,1,WEAK,-495.489990234375,12.3100004196167
20250512,300912,2,True,True,2,True,True,1,WEAK,59.29999923706055,-27.579999923706055
20250512,300913,2,True,True,0,False,False,0,YELLOW,93.1999969482422,50.099998474121094
20250512,300915,0,False,False,2,True,True,1,OK,-134.25999450683594,269.0400085449219
20250512,300916,1,False,True,0,False,False,0,YELLOW,-20.219999313354492,-92.1500015258789
20250512,300917,0,False,False,0,False,False,0,YELLOW,6.940000057220459,-7.28000020980835
20250512,300918,1,True,False,2,True,True,1,OK,-3.2699999809265137,-16.979999542236328
20250512,300919,1,False,True,1,False,True,0,YELLOW,-10.239999771118164,96.87000274658205
20250512,300920,1,False,True,2,True,True,1,YELLOW,52.900001525878906,-40.11000061035156
20250512,300921,2,True,True,0,False,False,0,OK,352.55999755859375,500.0
20250512,300922,1,False,True,2,True,True,1,YELLOW,0.9100000262260436,-97.4800033569336
20250512,300923,2,True,True,2,True,True,1,WEAK,49.81999969482422,-62.75
20250512,300925,1,False,True,0,False,False,0,YELLOW,-24.329999923706055,-24.209999084472656
20250512,300926,1,True,False,2,True,True,1,YELLOW,70.2699966430664,-13.529999732971191
20250512,300927,0,False,False,2,True,True,1,WEAK,-82.0199966430664,500.0
20250512,300928,0,False,False,1,False,True,0,WEAK,-39.52000045776367,14.260000228881836
20250512,300929,2,True,True,2,True,True,1,YELLOW,77.93000030517578,-344.0
20250512,300930,2,True,True,2,True,True,1,YELLOW,11.949999809265137,25.520000457763672
20250512,300931,0,False,False,1,False,True,0,WEAK,-500.0,-500.0
20250512,300932,2,True,True,2,True,True,1,YELLOW,25.600000381469727,45.2400016784668
20250512,300933,0,False,False,1,False,True,0,YELLOW,-71.66000366210938,78.79000091552734
20250512,300935,2,True,True,0,False,False,0,WEAK,-16.399999618530273,-33.52000045776367
20250512,300936,0,False,False,1,True,False,1,WEAK,-148.25,-100.05999755859376
20250512,300937,0,False,False,1,False,True,0,YELLOW,-208.41000366210935,-186.52999877929688
20250512,300938,0,False,False,2,True,True,1,OK,8.930000305175781,22.790000915527344
20250512,300939,0,False,False,0,False,False,0,WEAK,-8.029999732971191,-25.959999084472656
20250512,300940,1,True,False,1,True,False,1,WEAK,500.0,-75.63999938964844
20250512,300941,1,False,True,0,False,False,0,WEAK,-43.959999084472656,-187.61000061035156
20250512,300942,1,True,False,2,True,True,1,WEAK,137.77999877929688,-159.02999877929688
20250512,300943,0,False,False,1,False,True,0,YELLOW,-3.240000009536743,-31.6200008392334
20250512,300945,1,True,False,2,True,True,1,YELLOW,26.469999313354492,40.04999923706055
20250512,300946,0,False,False,2,True,True,1,OK,-43.75,-31.420000076293945
20250512,300947,0,False,False,2,True,True,1,OK,-90.4000015258789,-500.0
20250512,300948,1,False,True,1,True,False,1,WEAK,11.90999984741211,82.25
20250512,300949,0,False,False,0,False,False,0,WEAK,-9.670000076293944,63.029998779296875
20250512,300950,0,False,False,1,False,True,0,OK,-31.86000061035156,-79.05000305175781
20250512,300951,1,False,True,1,True,False,1,OK,-8.279999732971191,-141.11000061035156
20250512,300952,2,True,True,2,True,True,1,YELLOW,-2.5199999809265137,-92.20999908447266
20250512,300953,1,True,False,2,True,True,1,YELLOW,153.4199981689453,314.25
20250512,300955,0,False,False,2,True,True,1,WEAK,-500.0,79.61000061035156
20250512,300956,1,False,True,0,False,False,0,YELLOW,-3.359999895095825,-330.20001220703125
20250512,300957,1,False,True,1,False,True,0,OK,-46.16999816894531,94.80999755859376
20250512,300958,0,False,False,1,False,True,0,WEAK,-500.0,-146.24000549316406
20250512,300959,2,True,True,0,False,False,0,YELLOW,-253.0500030517578,-143.75
20250512,300960,2,True,True,2,True,True,1,WEAK,-13.729999542236328,-310.7699890136719
20250512,300961,0,False,False,2,True,True,1,OK,-479.8599853515625,-94.1500015258789
20250512,300962,1,False,True,2,True,True,1,OK,-15.350000381469728,-9.1899995803833
20250512,300963,0,False,False,2,True,True,1,YELLOW,-35.709999084472656,48.630001068115234
20250512,300964,2,True,True,1,True,False,1,YELLOW,142.97999572753906,35.45000076293945
20250512,300965,1,False,True,2,True,True,1,OK,38.400001525878906,-437.4100036621094
20250512,300966,1,False,True,2,True,True,1,WEAK,-118.0999984741211,146.22999572753906
20250512,300967,2,True,True,2,True,True,1,WEAK,500.0,-123.62000274658205
20250512,300968,1,False,True,0,False,False,0,WEAK,-63.20000076293945,-270.17999267578125
20250512,300969,1,False,True,1,False,True,0,OK,-25.34000015258789,-5.96999979019165
20250512,300970,1,True,False,2,True,True,1,WEAK,142.91000366210938,500.0
20250512,300971,1,False,True,2,True,True,1,OK,52.29999923706055,500.0
20250512,300972,1,True,False,2,True,True,1,YELLOW,500.0,168.19000244140625
20250512,300973,1,True,False,2,True,True,1,OK,26.6299991607666,-29.56999969482422
20250512,300975,2,True,True,0,False,False,0,YELLOW,182.27999877929688,500.0
20250512,300976,1,True,False,0,False,False,0,YELLOW,33.02000045776367,30.690000534057617
20250512,300977,2,True,True,0,False,False,0,OK,18.670000076293945,-500.0
20250512,300978,1,True,False,1,False,True,0,YELLOW,-8.670000076293945,-35.560001373291016
20250512,300979,1,False,True,1,False,True,0,YELLOW,-10.829999923706056,-51.7599983215332
20250512,300980,1,True,False,1,False,True,0,WEAK,144.97000122070312,215.7400054931641
20250512,300981,1,True,False,1,False,True,0,YELLOW,-500.0,-120.69000244140624
20250512,300982,1,False,True,0,False,False,0,WEAK,-90.2300033569336,-141.61000061035156
20250512,300983,2,True,True,1,True,False,1,WEAK,49.7400016784668,-32.22999954223633
20250512,300984,2,True,True,2,True,True,1,YELLOW,61.06999969482422,9.5600004196167
20250512,300985,0,False,False,1,False,True,0,YELLOW,-17.8700008392334,-23.899999618530273
20250512,300986,1,True,False,1,True,False,1,YELLOW,181.97999572753903,-13.350000381469728
20250512,300987,1,True,False,1,True,False,1,OK,-14.390000343322754,-8.829999923706055
20250512,300988,1,True,False,2,True,True,1,YELLOW,48.38999938964844,5.039999961853027
20250512,300989,2,True,True,1,True,False,1,OK,111.1999969482422,-500.0
20250512,300990,2,True,True,2,True,True,1,WEAK,167.27999877929688,-2.0
20250512,300991,1,True,False,1,True,False,1,YELLOW,118.6999969482422,-208.6300048828125
20250512,300992,1,True,False,2,True,True,1,YELLOW,-26.829999923706055,-142.39999389648438
20250512,300993,0,False,False,1,False,True,0,OK,-14.880000114440918,-14.920000076293944
20250512,300994,2,True,True,2,True,True,1,YELLOW,66.0199966430664,-62.869998931884766
20250512,300995,1,True,False,2,True,True,1,YELLOW,90.61000061035156,18.63999938964844
20250512,300996,1,False,True,0,False,False,0,WEAK,-190.41000366210935,115.73999786376952
20250512,300997,0,False,False,2,True,True,1,WEAK,-90.43000030517578,7.909999847412109
20250512,300998,1,True,False,2,True,True,1,YELLOW,14.710000038146973,-47.70000076293945
20250512,300999,1,True,False,1,False,True,0,YELLOW,500.0,16.84000015258789
20250512,301000,1,True,False,2,True,True,1,YELLOW,9.3100004196167,-28.84000015258789
20250512,301001,0,False,False,1,False,True,0,YELLOW,-239.3999938964844,-245.5099945068359
20250512,301002,0,False,False,1,False,True,0,WEAK,-130.8000030517578,500.0
20250512,301003,2,True,True,2,True,True,1,OK,-13.0600004196167,-45.36000061035156
20250512,301004,1,True,False,1,False,True,0,OK,-32.56999969482422,-60.72999954223633
20250512,301005,1,True,False,2,True,True,1,YELLOW,9.760000228881836,-13.90999984741211
20250512,301006,2,True,True,1,False,True,0,OK,24.149999618530273,-62.91999816894531
20250512,301007,0,False,False,2,True,True,1,YELLOW,-2.1600000858306885,-13.1899995803833
20250512,301008,1,False,True,2,True,True,1,YELLOW,-55.63999938964844,-70.94000244140625
20250512,301009,0,False,False,2,True,True,1,YELLOW,37.810001373291016,-98.79000091552734
20250512,301010,0,False,False,0,False,False,0,YELLOW,-44.439998626708984,-22.190000534057617
20250512,301011,1,False,True,1,False,True,0,YELLOW,-1.2899999618530271,-181.0099945068359
20250512,301012,2,True,True,1,False,True,0,YELLOW,-38.119998931884766,32.15999984741211
20250512,301013,0,False,False,2,True,True,1,WEAK,-500.0,158.0800018310547
20250512,301015,0,False,False,1,False,True,0,YELLOW,-32.869998931884766,16.6299991607666
20250512,301016,1,True,False,2,True,True,1,YELLOW,5.110000133514404,-67.68000030517578
20250512,301017,1,True,False,1,False,True,0,YELLOW,160.22999572753906,-58.27000045776367
20250512,301018,1,True,False,1,False,True,0,WEAK,1.850000023841858,-52.560001373291016
20250512,301019,1,True,False,1,False,True,0,OK,14.460000038146973,27.520000457763672
20250512,301020,2,True,True,2,True,True,1,OK,21.1299991607666,11.510000228881836
20250512,301021,1,True,False,1,False,True,0,WEAK,296.0799865722656,212.4600067138672
20250512,301022,2,True,True,2,True,True,1,WEAK,95.69000244140624,-161.24000549316406
20250512,301023,1,True,False,2,True,True,1,OK,-21.719999313354492,-19.559999465942383
20250512,301024,1,False,True,1,True,False,1,WEAK,42.779998779296875,-101.51000213623048
20250512,301025,0,False,False,1,True,False,1,OK,-95.08999633789062,177.1699981689453
20250512,301026,2,True,True,2,True,True,1,WEAK,19.489999771118164,121.08000183105467
20250512,301027,1,True,False,0,False,False,0,WEAK,122.43000030517578,-15.0600004196167
20250512,301028,1,True,False,2,True,True,1,OK,4.690000057220459,9.449999809265137
20250512,301029,2,True,True,1,False,True,0,YELLOW,26.40999984741211,7.210000038146973
20250512,301031,2,True,True,1,True,False,1,OK,102.5500030517578,83.16000366210938
20250512,301032,1,True,False,2,True,True,1,YELLOW,28.309999465942383,16.360000610351562
20250512,301033,1,True,False,2,True,True,1,OK,57.939998626708984,-14.829999923706056
20250512,301035,2,True,True,2,True,True,1,YELLOW,159.2100067138672,-35.75
20250512,301036,2,True,True,1,False,True,0,YELLOW,-46.95000076293945,-113.41999816894533
20250512,301037,1,True,False,2,True,True,1,WEAK,93.8000030517578,-150.42999267578125
20250512,301038,0,False,False,1,True,False,1,WEAK,464.1499938964844,-10.609999656677246
20250512,301039,0,False,False,1,False,True,0,YELLOW,-26.969999313354492,-6.769999980926514
20250512,301040,0,False,False,2,True,True,1,WEAK,11.359999656677246,-19.38999938964844
20250512,301041,1,False,True,0,False,False,0,WEAK,-94.61000061035156,40.38999938964844
20250512,301042,1,False,True,0,False,False,0,OK,-80.91999816894531,64.05999755859375
20250512,301043,1,False,True,2,True,True,1,OK,-24.350000381469727,2.700000047683716
20250512,301045,2,True,True,0,False,False,0,YELLOW,14.1899995803833,27.799999237060547
20250512,301046,1,False,True,0,False,False,0,WEAK,-56.5099983215332,-225.0099945068359
20250512,301047,0,False,False,1,False,True,0,WEAK,75.30000305175781,81.73999786376953
20250512,301048,1,False,True,2,True,True,1,WEAK,40.18000030517578,40.0099983215332
20250512,301049,0,False,False,1,False,True,0,WEAK,-138.5399932861328,33.65999984741211
20250512,301050,0,False,False,1,False,True,0,WEAK,-60.029998779296875,-193.32000732421875
20250512,301051,1,False,True,0,False,False,0,WEAK,-29.979999542236328,52.900001525878906
20250512,301052,1,True,False,1,True,False,1,WEAK,-43.5099983215332,-345.6099853515625
20250512,301053,1,True,False,2,True,True,1,YELLOW,-54.290000915527344,43.20000076293945
20250512,301055,1,True,False,2,True,True,1,OK,126.06999969482422,123.87000274658205
20250512,301056,0,False,False,2,True,True,1,OK,-34.439998626708984,-47.900001525878906
20250512,301057,1,False,True,2,True,True,1,YELLOW,-13.890000343322754,67.13999938964844
20250512,301058,1,True,False,1,True,False,1,YELLOW,5.03000020980835,-3.869999885559082
20250512,301059,2,True,True,1,False,True,0,OK,40.869998931884766,46.04999923706055
20250512,301060,1,False,True,1,False,True,0,WEAK,84.79000091552734,182.33999633789065
20250512,301061,1,True,False,1,False,True,0,OK,59.36000061035156,-29.049999237060547
20250512,301062,0,False,False,1,False,True,0,YELLOW,-179.49000549316406,-500.0
20250512,301063,2,True,True,2,True,True,1,YELLOW,144.6300048828125,-63.68000030517578
20250512,301065,0,False,False,2,True,True,1,YELLOW,10.079999923706056,-36.22999954223633
20250512,301066,0,False,False,2,True,True,1,OK,-19.899999618530273,2.619999885559082
20250512,301067,1,True,False,0,False,False,0,YELLOW,-500.0,-500.0
20250512,301068,0,False,False,2,True,True,1,YELLOW,-206.0099945068359,500.0
20250512,301069,1,True,False,2,True,True,1,WEAK,120.41000366210938,37.7400016784668
20250512,301070,1,True,False,1,False,True,0,WEAK,500.0,-35.58000183105469
20250512,301071,0,False,False,1,False,True,0,WEAK,-92.06999969482422,462.6000061035156
20250512,301072,0,False,False,2,True,True,1,WEAK,-420.7300109863281,0.75
20250512,301073,0,False,False,2,True,True,1,WEAK,-57.18000030517578,227.55999755859375
20250512,301075,1,False,True,2,True,True,1,WEAK,-331.5199890136719,15.0600004196167
20250512,301076,2,True,True,2,True,True,1,WEAK,18.049999237060547,11.5600004196167
20250512,301077,1,True,False,2,True,True,1,YELLOW,1.5,-10.579999923706056
20250512,301078,1,True,False,1,False,True,0,YELLOW,68.33999633789062,12.40999984741211
20250512,301079,2,True,True,2,True,True,1,WEAK,-99.05999755859376,500.0
20250512,301080,2,True,True,1,False,True,0,OK,58.77000045776367,21.3700008392334
20250512,301081,1,False,True,1,False,True,0,YELLOW,-72.56999969482422,-65.27999877929688
20250512,301082,1,False,True,2,True,True,1,WEAK,57.66999816894531,9.460000038146973
20250512,301083,1,False,True,2,True,True,1,YELLOW,-38.38999938964844,159.67999267578125
20250512,301085,1,False,True,1,False,True,0,YELLOW,-94.37999725341795,39.08000183105469
20250512,301086,1,False,True,0,False,False,0,WEAK,-20.31999969482422,106.4000015258789
20250512,301087,1,False,True,1,False,True,0,YELLOW,1.4600000381469729,36.880001068115234
20250512,301088,0,False,False,2,True,True,1,YELLOW,-40.310001373291016,-77.12999725341797
20250512,301089,0,False,False,1,False,True,0,WEAK,-247.5399932861328,-101.55999755859376
20250512,301090,2,True,True,2,True,True,1,WEAK,47.779998779296875,89.81999969482422
20250512,301091,2,True,True,0,False,False,0,WEAK,-37.90999984741211,-118.8499984741211
20250512,301092,2,True,True,2,True,True,1,YELLOW,16.469999313354492,-27.43000030517578
20250512,301093,1,True,False,2,True,True,1,YELLOW,13.65999984741211,-127.41999816894533
20250512,301095,2,True,True,0,False,False,0,WEAK,433.2000122070313,10.779999732971191
20250512,301096,1,False,True,1,False,True,0,WEAK,-111.12999725341795,121.27999877929688
20250512,301097,1,False,True,1,False,True,0,YELLOW,500.0,500.0
20250512,301098,1,False,True,1,True,False,1,YELLOW,-500.0,-218.88999938964844
20250512,301099,1,False,True,1,True,False,1,YELLOW,22.8700008392334,500.0
20250512,301100,2,True,True,1,False,True,0,WEAK,0.5799999833106995,76.54000091552734
20250512,301101,1,True,False,2,True,True,1,OK,10.989999771118164,18.850000381469727
20250512,301102,0,False,False,0,False,False,0,WEAK,-44.02000045776367,-72.4000015258789
20250512,301103,1,True,False,2,True,True,1,YELLOW,186.88999938964844,-1.2100000381469729
20250512,301105,0,False,False,2,True,True,1,OK,-500.0,-279.1400146484375
20250512,301106,2,True,True,1,True,False,1,YELLOW,1.0399999618530271,-80.58000183105469
20250512,301107,2,True,True,2,True,True,1,YELLOW,58.709999084472656,-64.26000213623047
20250512,301108,1,False,True,1,False,True,0,WEAK,157.4499969482422,16.290000915527344
20250512,301109,2,True,True,2,True,True,1,WEAK,55.540000915527344,18.719999313354492
20250512,301110,1,False,True,1,False,True,0,OK,19.489999771118164,250.6300048828125
20250512,301111,1,False,True,1,False,True,0,WEAK,-370.4100036621094,-13.779999732971191
20250512,301112,2,True,True,2,True,True,1,WEAK,-132.07000732421875,-98.4800033569336
20250512,301113,0,False,False,2,True,True,1,OK,-95.87000274658205,-276.8399963378906
20250512,301115,1,True,False,2,True,True,1,YELLOW,292.0,-500.0
20250512,301116,1,False,True,1,False,True,0,WEAK,-340.3299865722656,142.75999450683594
20250512,301117,1,True,False,0,False,False,0,WEAK,56.189998626708984,-54.11000061035156
20250512,301118,2,True,True,2,True,True,1,WEAK,83.91999816894531,500.0
20250512,301119,2,True,True,2,True,True,1,OK,38.75,-33.2400016784668
20250512,301120,2,True,True,2,True,True,1,WEAK,-275.0199890136719,-363.94000244140625
20250512,301121,0,False,False,2,True,True,1,YELLOW,-110.11000061035156,-500.0
20250512,301122,1,False,True,1,False,True,0,OK,-104.6500015258789,152.8699951171875
20250512,301123,0,False,False,0,False,False,0,WEAK,-73.30000305175781,172.97999572753906
20250512,301125,2,True,True,2,True,True,1,WEAK,-94.94000244140624,-500.0
20250512,301126,1,False,True,1,False,True,0,YELLOW,-89.0199966430664,466.1499938964844
20250512,301127,2,True,True,1,False,True,0,OK,-26.6299991607666,-11.119999885559082
20250512,301128,2,True,True,2,True,True,1,WEAK,48.619998931884766,39.689998626708984
20250512,301129,0,False,False,1,False,True,0,WEAK,1.7100000381469729,7.070000171661377
20250512,301130,0,False,False,1,False,True,0,WEAK,3.190000057220459,6.289999961853027
20250512,301131,2,True,True,2,True,True,1,YELLOW,49.40999984741211,-43.099998474121094
20250512,301132,1,True,False,1,True,False,1,YELLOW,40.880001068115234,-40.7400016784668
20250512,301133,0,False,False,1,False,True,0,YELLOW,-63.56999969482422,-44.349998474121094
20250512,301135,1,True,False,2,True,True,1,YELLOW,138.57000732421875,-158.35000610351562
20250512,301136,0,False,False,0,False,False,0,WEAK,154.72999572753906,193.86000061035156
20250512,301137,2,True,True,2,True,True,1,YELLOW,397.1600036621094,72.95999908447266
20250512,301138,2,True,True,2,True,True,1,OK,35.2599983215332,-27.200000762939453
20250512,301141,2,True,True,1,False,True,0,YELLOW,237.4499969482422,-55.279998779296875
20250512,301148,1,True,False,2,True,True,1,OK,15.039999961853027,-145.44000244140625
20250512,301149,1,True,False,2,True,True,1,YELLOW,-27.940000534057617,-8.920000076293945
20250512,301150,2,True,True,1,False,True,0,WEAK,108.37999725341795,500.0
20250512,301151,2,True,True,2,True,True,1,OK,34.2400016784668,-199.1300048828125
20250512,301152,1,True,False,1,False,True,0,WEAK,50.970001220703125,114.77999877929688
20250512,301153,0,False,False,0,False,False,0,WEAK,-500.0,44.20000076293945
20250512,301155,1,False,True,2,True,True,1,YELLOW,271.6700134277344,-53.58000183105469
20250512,301156,1,False,True,2,True,True,1,YELLOW,39.0,54.119998931884766
20250512,301157,1,False,True,1,False,True,0,WEAK,-17.860000610351562,50.81999969482422
20250512,301158,1,True,False,2,True,True,1,OK,43.779998779296875,-71.36000061035156
20250512,301159,2,True,True,0,False,False,0,WEAK,29.489999771118164,39.189998626708984
20250512,301160,2,True,True,1,True,False,1,YELLOW,10.539999961853027,-8.479999542236328
20250512,301161,2,True,True,2,True,True,1,OK,52.7599983215332,25.790000915527344
20250512,301162,2,True,True,1,True,False,1,WEAK,59.970001220703125,39.470001220703125
20250512,301163,1,False,True,2,True,True,1,YELLOW,12.5600004196167,-22.489999771118164
20250512,301165,1,True,False,1,True,False,1,OK,76.41000366210938,18.18000030517578
20250512,301166,1,False,True,2,True,True,1,WEAK,-500.0,-18.649999618530273
20250512,301167,2,True,True,1,True,False,1,YELLOW,389.7300109863281,-2.609999895095825
20250512,301168,1,False,True,2,True,True,1,WEAK,-59.25,-105.13999938964844
20250512,301169,1,False,True,1,False,True,0,WEAK,20.11000061035156,23.399999618530273
20250512,301170,2,True,True,2,True,True,1,YELLOW,18.770000457763672,-9.25
20250512,301171,2,True,True,0,False,False,0,WEAK,-39.15999984741211,-73.41000366210938
20250512,301172,1,False,True,1,False,True,0,OK,-47.06999969482422,60.369998931884766
20250512,301173,0,False,False,1,,True,-1,YELLOW,0.0,-16.040000915527344
20250512,301175,2,True,True,1,False,True,0,OK,13.90999984741211,8.399999618530273
20250512,301176,2,True,True,1,True,False,1,WEAK,-42.84000015258789,500.0
20250512,301177,1,True,False,2,True,True,1,WEAK,106.52999877929688,-241.77999877929688
20250512,301178,2,True,True,2,True,True,1,YELLOW,123.22000122070312,16.989999771118164
20250512,301179,0,False,False,1,False,True,0,WEAK,-94.88999938964844,372.489990234375
20250512,301180,2,True,True,0,False,False,0,WEAK,166.72000122070312,-422.6700134277344
20250512,301181,1,False,True,2,True,True,1,OK,11.0,-11.670000076293944
20250512,301182,1,False,True,1,True,False,1,WEAK,1.1699999570846558,7.099999904632568
20250512,301183,2,True,True,0,False,False,0,WEAK,100.94000244140624,38.689998626708984
20250512,301185,2,True,True,1,False,True,0,OK,0.1099999994039535,-66.0
20250512,301186,2,True,True,1,False,True,0,OK,42.849998474121094,-39.150001525878906
20250512,301187,2,True,True,1,False,True,0,OK,-31.260000228881836,-83.33999633789062
20250512,301188,1,True,False,2,True,True,1,YELLOW,-43.599998474121094,7.559999942779541
20250512,301189,1,False,True,1,True,False,1,WEAK,-129.1699981689453,154.32000732421875
20250512,301190,1,False,True,2,True,True,1,WEAK,26.670000076293945,110.76000213623048
20250512,301191,1,False,True,0,False,False,0,YELLOW,-65.31999969482422,156.0399932861328
20250512,301192,1,False,True,1,False,True,0,WEAK,5.570000171661377,25.549999237060547
20250512,301193,0,False,False,1,False,True,0,WEAK,-446.0700073242187,-281.75
20250512,301195,1,True,False,1,True,False,1,YELLOW,-21.780000686645508,-45.02000045776367
20250512,301196,1,True,False,2,True,True,1,YELLOW,60.939998626708984,-20.719999313354492
20250512,301197,0,False,False,1,False,True,0,YELLOW,-89.0,-353.2099914550781
20250512,301198,1,False,True,1,False,True,0,WEAK,-315.1400146484375,98.41999816894533
20250512,301199,1,True,False,2,True,True,1,YELLOW,60.31999969482422,-59.720001220703125
20250512,301200,1,True,False,1,False,True,0,WEAK,181.88999938964844,197.94000244140625
20250512,301201,0,False,False,2,True,True,1,WEAK,-72.95999908447266,152.92999267578125
20250512,301202,2,True,True,1,True,False,1,YELLOW,-16.030000686645508,-0.6399999856948853
20250512,301203,0,False,False,1,False,True,0,WEAK,-5.739999771118164,-29.469999313354492
20250512,301205,1,True,False,0,False,False,0,YELLOW,16.290000915527344,-93.26000213623048
20250512,301206,0,False,False,2,True,True,1,YELLOW,-28.11000061035156,9.369999885559082
20250512,301207,2,True,True,1,False,True,0,WEAK,-56.02000045776367,69.61000061035156
20250512,301208,0,False,False,2,True,True,1,YELLOW,-40.47999954223633,-41.13999938964844
20250512,301209,1,True,False,2,True,True,1,YELLOW,4.019999980926514,-83.11000061035156
20250512,301210,1,False,True,2,True,True,1,YELLOW,-24.149999618530273,188.69000244140625
20250512,301211,0,False,False,1,False,True,0,WEAK,-99.13999938964844,0.2399999946355819
20250512,301212,1,True,False,2,True,True,1,WEAK,-4.78000020980835,-40.61000061035156
20250512,301213,2,True,True,1,False,True,0,WEAK,-93.93000030517578,500.0
20250512,301215,1,True,False,1,False,True,0,OK,38.709999084472656,75.5
20250512,301216,0,False,False,2,True,True,1,YELLOW,182.3699951171875,275.45001220703125
20250512,301217,2,True,True,1,False,True,0,YELLOW,141.10000610351562,500.0
20250512,301218,0,False,False,1,False,True,0,WEAK,-135.25,-21.280000686645508
20250512,301219,1,False,True,2,True,True,1,YELLOW,19.18000030517578,350.70001220703125
20250512,301220,2,True,True,1,False,True,0,YELLOW,69.86000061035156,-61.58000183105469
20250512,301221,2,True,True,1,False,True,0,OK,445.9500122070313,-119.41999816894533
20250512,301222,1,False,True,2,True,True,1,WEAK,-32.91999816894531,20.31999969482422
20250512,301223,1,False,True,2,True,True,1,YELLOW,20.40999984741211,9.1899995803833
20250512,301225,2,True,True,2,True,True,1,OK,8.649999618530273,-18.88999938964844
20250512,301226,1,True,False,2,True,True,1,YELLOW,29.270000457763672,-111.2300033569336
20250512,301227,1,False,True,2,True,True,1,WEAK,32.16999816894531,-160.17999267578125
20250512,301228,1,True,False,2,True,True,1,WEAK,-3.680000066757202,-20.040000915527344
20250512,301229,0,False,False,2,True,True,1,YELLOW,-33.279998779296875,-251.7599945068359
20250512,301230,2,True,True,1,False,True,0,WEAK,353.42999267578125,-33.31999969482422
20250512,301231,1,True,False,1,True,False,1,OK,68.37000274658203,-500.0
20250512,301232,2,True,True,2,True,True,1,WEAK,160.86000061035156,283.2200012207031
20250512,301233,2,True,True,2,True,True,1,OK,2.7200000286102295,-23.84000015258789
20250512,301234,0,False,False,2,True,True,1,WEAK,-45.29999923706055,13.029999732971191
20250512,301235,2,True,True,2,True,True,1,WEAK,365.1799926757813,34.529998779296875
20250512,301236,2,True,True,1,False,True,0,WEAK,-500.0,-66.62000274658203
20250512,301237,1,False,True,2,True,True,1,WEAK,15.390000343322754,102.86000061035156
20250512,301238,0,False,False,2,True,True,1,YELLOW,-22.420000076293945,-28.850000381469727
20250512,301239,1,True,False,1,False,True,0,WEAK,34.709999084472656,150.16000366210938
20250512,301246,0,False,False,1,False,True,0,YELLOW,-500.0,500.0
20250512,301248,1,True,False,2,True,True,1,YELLOW,123.98999786376952,-237.30999755859375
20250512,301251,2,True,True,1,True,False,1,WEAK,76.38999938964844,-75.77999877929688
20250512,301252,0,False,False,1,False,True,0,WEAK,-11.270000457763672,-10.760000228881836
20250512,301255,0,False,False,2,True,True,1,YELLOW,-31.010000228881836,-50.59000015258789
20250512,301256,1,False,True,2,True,True,1,WEAK,-9.710000038146973,53.75
20250512,301257,0,False,False,2,True,True,1,WEAK,11.479999542236328,110.1500015258789
20250512,301258,1,False,True,2,True,True,1,WEAK,119.8000030517578,-435.239990234375
20250512,301259,2,True,True,1,False,True,0,YELLOW,69.41000366210938,-17.0
20250512,301260,1,True,False,2,True,True,1,YELLOW,-454.0299987792969,-30.459999084472656
20250512,301261,1,False,True,2,True,True,1,YELLOW,-15.68000030517578,316.3800048828125
20250512,301262,2,True,True,0,False,False,0,OK,-7.300000190734863,-19.979999542236328
20250512,301263,1,False,True,2,True,True,1,YELLOW,-72.37999725341797,-11.800000190734863
20250512,301265,2,True,True,2,True,True,1,WEAK,48.2599983215332,207.72000122070312
20250512,301266,2,True,True,1,False,True,0,WEAK,29.34000015258789,-5.599999904632568
20250512,301267,0,False,False,2,True,True,1,WEAK,1.649999976158142,10.09000015258789
20250512,301268,0,False,False,2,True,True,1,WEAK,43.66999816894531,80.12000274658203
20250512,301269,1,True,False,1,True,False,1,YELLOW,33.9900016784668,-500.0
20250512,301270,2,True,True,1,True,False,1,OK,500.0,-166.47999572753906
20250512,301272,1,False,True,2,True,True,1,WEAK,-68.26000213623047,45.47999954223633
20250512,301273,1,False,True,2,True,True,1,WEAK,3.8299999237060542,16.200000762939453
20250512,301275,1,False,True,0,,False,-1,YELLOW,0.0,-4.639999866485596
20250512,301276,0,False,False,2,True,True,1,OK,-39.2599983215332,18.34000015258789
20250512,301277,2,True,True,2,True,True,1,OK,-36.650001525878906,-37.61000061035156
20250512,301278,0,False,False,1,False,True,0,WEAK,-88.22000122070312,-73.25
20250512,301279,1,True,False,2,True,True,1,YELLOW,48.20000076293945,3.0899999141693115
20250512,301280,1,True,False,2,True,True,1,YELLOW,-6.289999961853027,2.9100000858306885
20250512,301281,1,False,True,2,True,True,1,WEAK,-15.84000015258789,50.16999816894531
20250512,301282,2,True,True,0,False,False,0,YELLOW,44.939998626708984,-40.630001068115234
20250512,301283,1,True,False,2,True,True,1,YELLOW,120.55999755859376,12.170000076293944
20250512,301285,1,False,True,1,True,False,1,WEAK,-206.33999633789065,-27.729999542236328
20250512,301286,2,True,True,1,False,True,0,OK,39.189998626708984,8.630000114440918
20250512,301287,0,False,False,2,True,True,1,OK,8.630000114440918,-64.2699966430664
20250512,301288,2,True,True,1,False,True,0,WEAK,49.619998931884766,-494.260009765625
20250512,301289,2,True,True,1,False,True,0,OK,25.600000381469727,23.690000534057617
20250512,301290,1,False,True,2,True,True,1,OK,-263.17999267578125,88.43000030517578
20250512,301291,2,True,True,1,False,True,0,YELLOW,6.510000228881836,-80.37000274658203
20250512,301292,1,True,False,2,True,True,1,WEAK,38.7400016784668,500.0
20250512,301293,2,True,True,1,False,True,0,YELLOW,-4.849999904632568,-57.849998474121094
20250512,301295,0,False,False,2,True,True,1,WEAK,-24.25,141.1199951171875
20250512,301296,1,False,True,1,False,True,0,YELLOW,-54.939998626708984,-61.13999938964844
20250512,301297,2,True,True,0,False,False,0,OK,123.8499984741211,256.30999755859375
20250512,301298,2,True,True,2,True,True,1,YELLOW,8.869999885559082,-80.9000015258789
20250512,301299,1,False,True,0,False,False,0,YELLOW,-0.2399999946355819,2.559999942779541
20250512,301300,2,True,True,2,True,True,1,YELLOW,97.44000244140624,-29.350000381469727
20250512,301301,0,False,False,1,False,True,0,YELLOW,-43.439998626708984,-61.31999969482422
20250512,301302,1,False,True,2,True,True,1,WEAK,46.84000015258789,57.86000061035156
20250512,301303,2,True,True,1,False,True,0,OK,22.229999542236328,-29.969999313354492
20250512,301305,2,True,True,1,False,True,0,YELLOW,30.59000015258789,22.049999237060547
20250512,301306,2,True,True,1,False,True,0,WEAK,-9.760000228881836,-93.44000244140624
20250512,301307,1,False,True,1,True,False,1,WEAK,-306.8999938964844,-0.4000000059604645
20250512,301308,1,False,True,0,False,False,0,WEAK,-3.619999885559082,500.0
20250512,301309,0,False,False,1,False,True,0,YELLOW,-31.969999313354492,1.2599999904632568
20250512,301310,2,True,True,2,True,True,1,YELLOW,-0.6200000047683716,10.020000457763672
20250512,301311,0,False,False,2,True,True,1,WEAK,-500.0,-65.30000305175781
20250512,301312,2,True,True,1,False,True,0,WEAK,99.91999816894533,-49.9900016784668
20250512,301313,2,True,True,0,False,False,0,WEAK,25.36000061035156,-19.600000381469727
20250512,301314,1,False,True,1,True,False,1,WEAK,-37.33000183105469,-500.0
20250512,301315,2,True,True,0,False,False,0,OK,-8.300000190734863,-68.2699966430664
20250512,301316,0,False,False,2,True,True,1,YELLOW,-36.22999954223633,-7.179999828338623
20250512,301317,0,False,False,2,True,True,1,YELLOW,-156.0399932861328,9.170000076293944
20250512,301318,2,True,True,0,False,False,0,OK,-11.68000030517578,-90.41000366210938
20250512,301319,2,True,True,1,True,False,1,WEAK,3.509999990463257,46.2400016784668
20250512,301320,2,True,True,2,True,True,1,YELLOW,-66.44000244140625,-97.4800033569336
20250512,301321,0,False,False,1,True,False,1,WEAK,73.58000183105469,111.93000030517578
20250512,301322,0,False,False,2,True,True,1,WEAK,-66.0,-140.72000122070312
20250512,301323,1,False,True,2,True,True,1,OK,-5.53000020980835,36.2400016784668
20250512,301325,1,False,True,2,True,True,1,WEAK,-248.8000030517578,-500.0
20250512,301326,1,False,True,0,False,False,0,WEAK,-68.12999725341797,-22.510000228881836
20250512,301327,2,True,True,1,False,True,0,OK,-24.15999984741211,-98.13999938964844
20250512,301328,2,True,True,0,False,False,0,OK,17.889999389648438,-30.989999771118164
20250512,301329,1,False,True,0,False,False,0,WEAK,-9.579999923706056,33.0
20250512,301330,1,True,False,1,True,False,1,OK,8.970000267028809,-62.790000915527344
20250512,301331,1,True,False,2,True,True,1,OK,55.90999984741211,-26.86000061035156
20250512,301332,1,False,True,1,False,True,0,OK,-16.360000610351562,-19.13999938964844
20250512,301333,1,True,False,1,False,True,0,OK,22.469999313354492,-5.039999961853027
20250512,301335,1,True,False,2,True,True,1,YELLOW,12.770000457763672,-27.649999618530273
20250512,301336,1,True,False,2,True,True,1,YELLOW,27.649999618530273,-45.36000061035156
20250512,301337,2,True,True,1,True,False,1,WEAK,64.38999938964844,-53.70000076293945
20250512,301338,2,True,True,2,True,True,1,OK,199.57000732421875,99.6500015258789
20250512,301339,1,True,False,1,True,False,1,OK,6.53000020980835,9.8100004196167
20250512,301345,1,True,False,1,False,True,0,WEAK,104.13999938964844,102.93000030517578
20250512,301348,1,True,False,0,False,False,0,WEAK,-500.0,-6.550000190734863
20250512,301349,1,True,False,2,True,True,1,WEAK,124.80999755859376,500.0
20250512,301353,1,True,False,2,True,True,1,YELLOW,0.3400000035762787,-19.540000915527344
20250512,301355,1,False,True,1,False,True,0,YELLOW,-80.7300033569336,-94.3000030517578
20250512,301356,2,True,True,1,False,True,0,WEAK,247.8699951171875,34.54999923706055
20250512,301357,1,False,True,2,True,True,1,WEAK,156.49000549316406,-115.2300033569336
20250512,301358,0,False,False,1,False,True,0,YELLOW,33.31999969482422,500.0
20250512,301359,1,True,False,1,True,False,1,YELLOW,-13.300000190734863,-66.87000274658203
20250512,301360,1,False,True,1,False,True,0,WEAK,-105.47000122070312,92.01000213623048
20250512,301361,2,True,True,2,True,True,1,OK,57.84000015258789,14.210000038146973
20250512,301362,2,True,True,2,True,True,1,YELLOW,-18.969999313354492,-68.66000366210938
20250512,301363,0,False,False,1,False,True,0,OK,-17.850000381469727,10.420000076293944
20250512,301365,1,True,False,1,True,False,1,YELLOW,58.45000076293945,-500.0
20250512,301366,0,False,False,1,True,False,1,WEAK,-87.66999816894531,201.1999969482422
20250512,301367,1,True,False,2,True,True,1,OK,63.40999984741211,-44.97999954223633
20250512,301368,1,False,True,2,True,True,1,YELLOW,-97.3499984741211,-92.62000274658205
20250512,301369,0,False,False,0,False,False,0,WEAK,-28.8700008392334,143.77000427246094
20250512,301370,1,False,True,1,False,True,0,WEAK,-40.959999084472656,105.19000244140624
20250512,301371,1,False,True,1,False,True,0,OK,-48.20000076293945,100.12999725341795
20250512,301372,2,True,True,1,False,True,0,WEAK,124.06999969482422,5.230000019073486
20250512,301373,2,True,True,2,True,True,1,YELLOW,2.299999952316284,32.34000015258789
20250512,301376,2,True,True,1,False,True,0,OK,11.0,-52.040000915527344
20250512,301377,2,True,True,2,True,True,1,OK,79.94000244140625,284.739990234375
20250512,301378,1,False,True,1,False,True,0,WEAK,5.269999980926514,-34.060001373291016
20250512,301379,2,True,True,1,True,False,1,YELLOW,13.619999885559082,-45.040000915527344
20250512,301380,2,True,True,0,False,False,0,YELLOW,-24.75,-34.369998931884766
20250512,301381,1,False,True,1,False,True,0,WEAK,35.349998474121094,10.140000343322754
20250512,301382,2,True,True,1,True,False,1,WEAK,46.599998474121094,0.0900000035762786
20250512,301383,1,False,True,0,False,False,0,YELLOW,-119.91999816894533,-500.0
20250512,301386,0,False,False,2,True,True,1,YELLOW,18.65999984741211,-31.649999618530273
20250512,301387,2,True,True,1,True,False,1,WEAK,125.8000030517578,-112.0999984741211
20250512,301388,2,True,True,1,False,True,0,YELLOW,106.94000244140624,10.989999771118164
20250512,301389,1,True,False,1,True,False,1,OK,46.720001220703125,-23.030000686645508
20250512,301390,1,False,True,0,False,False,0,WEAK,-45.25,-500.0
20250512,301391,1,False,True,0,False,False,0,YELLOW,52.31999969482422,115.37000274658205
20250512,301392,2,True,True,2,True,True,1,YELLOW,-65.87000274658203,226.6999969482422
20250512,301393,2,True,True,2,True,True,1,OK,-2.7899999618530273,-0.800000011920929
20250512,301395,2,True,True,2,True,True,1,YELLOW,37.63999938964844,-500.0
20250512,301396,2,True,True,2,True,True,1,WEAK,373.0199890136719,44.27000045776367
20250512,301397,2,True,True,2,True,True,1,WEAK,-11.43000030517578,-49.619998931884766
20250512,301398,1,False,True,2,True,True,1,YELLOW,-20.920000076293945,-206.2899932861328
20250512,301399,0,False,False,1,False,True,0,WEAK,-60.22999954223633,-187.1199951171875
20250512,301408,1,True,False,2,True,True,1,OK,51.0,30.489999771118164
20250512,301413,1,True,False,2,True,True,1,OK,5.519999980926514,-76.19000244140625
20250512,301418,1,False,True,1,False,True,0,WEAK,-109.72000122070312,22.18000030517578
20250512,301419,2,True,True,1,True,False,1,OK,92.1999969482422,16.700000762939453
20250512,301421,1,False,True,1,True,False,1,WEAK,-25.149999618530273,46.380001068115234
20250512,301428,1,True,False,1,True,False,1,YELLOW,-40.59000015258789,34.119998931884766
20250512,301429,1,False,True,1,True,False,1,YELLOW,-16.969999313354492,-20.8799991607666
20250512,301439,2,True,True,1,False,True,0,YELLOW,-1.350000023841858,28.0
20250512,301446,1,False,True,2,True,True,1,OK,15.050000190734863,36.029998779296875
20250512,301448,0,False,False,2,True,True,1,YELLOW,-130.97999572753906,-500.0
20250512,301456,1,False,True,1,False,True,0,WEAK,9.239999771118164,52.59000015258789
20250512,301458,0,False,False,0,,False,-1,OK,25.15999984741211,6.389999866485596
20250512,301459,1,False,True,2,True,True,1,OK,-36.810001373291016,-37.9900016784668
20250512,301468,0,False,False,1,False,True,0,WEAK,-48.63999938964844,-57.40999984741211
20250512,301469,1,False,True,2,True,True,1,WEAK,-0.9100000262260436,102.68000030517578
20250512,301479,0,False,False,0,,False,-1,YELLOW,0.0,-29.93000030517578
20250512,301486,1,True,False,1,True,False,1,OK,-103.41999816894533,-139.33999633789062
20250512,301487,1,False,True,1,False,True,0,WEAK,64.12999725341797,176.8699951171875
20250512,301488,1,False,True,1,False,True,0,YELLOW,-0.9900000095367432,-15.789999961853027
20250512,301489,2,True,True,1,True,False,1,YELLOW,56.540000915527344,59.09000015258789
20250512,301498,2,True,True,2,True,True,1,OK,11.260000228881836,-37.470001220703125
20250512,301499,2,True,True,1,False,True,0,WEAK,43.099998474121094,24.030000686645508
20250512,301500,1,True,False,1,False,True,0,YELLOW,-21.059999465942383,500.0
20250512,301501,1,False,True,1,,True,-1,YELLOW,0.0,-33.18000030517578
20250512,301502,1,False,True,1,False,True,0,WEAK,-10.170000076293944,46.709999084472656
20250512,301503,2,True,True,1,True,False,1,YELLOW,13.68000030517578,-85.0
20250512,301505,0,False,False,0,False,False,0,OK,-69.48999786376953,-64.88999938964844
20250512,301507,2,True,True,2,True,True,1,WEAK,6.789999961853027,8.859999656677246
20250512,301508,1,True,False,1,False,True,0,YELLOW,18.690000534057617,-0.8700000047683716
20250512,301509,1,True,False,2,True,True,1,WEAK,238.22999572753903,-67.62999725341797
20250512,301510,2,True,True,2,True,True,1,OK,101.3000030517578,203.7100067138672
20250512,301511,2,True,True,2,True,True,1,WEAK,112.0,500.0
20250512,301512,0,False,False,1,False,True,0,WEAK,-24.25,-10.81999969482422
20250512,301515,0,False,False,2,True,True,1,YELLOW,-176.82000732421875,-204.5399932861328
20250512,301516,1,False,True,1,False,True,0,WEAK,-51.02000045776367,50.7599983215332
20250512,301517,1,False,True,1,False,True,0,WEAK,-149.39999389648438,4.690000057220459
20250512,301518,0,False,False,2,True,True,1,YELLOW,168.80999755859375,-35.38999938964844
20250512,301519,1,False,True,1,False,True,0,WEAK,-500.0,5.769999980926514
20250512,301520,0,False,False,1,False,True,0,WEAK,-84.88999938964844,-223.6300048828125
20250512,301522,1,False,True,1,,True,-1,WEAK,-45.31999969482422,-24.219999313354492
20250512,301525,2,True,True,2,True,True,1,YELLOW,-9.100000381469728,-90.62000274658205
20250512,301526,1,True,False,1,True,False,1,WEAK,214.27000427246097,374.989990234375
20250512,301528,1,True,False,2,True,True,1,WEAK,101.30999755859376,-166.41000366210938
20250512,301529,1,True,False,1,False,True,0,YELLOW,133.35000610351562,12.170000076293944
20250512,301533,1,False,True,2,True,True,1,YELLOW,-40.290000915527344,-21.559999465942383
20250512,301535,1,False,True,1,,True,-1,OK,0.0,-24.8700008392334
20250512,301536,1,False,True,0,False,False,0,OK,0.5699999928474426,426.7000122070313
20250512,301538,1,True,False,1,False,True,0,OK,19.450000762939453,-21.170000076293945
20250512,301539,1,False,True,1,False,True,0,YELLOW,13.9399995803833,-263.9800109863281
20250512,301548,1,False,True,2,True,True,1,OK,24.440000534057617,60.45000076293945
20250512,301550,2,True,True,2,True,True,1,OK,4.769999980926514,-12.649999618530272
20250512,301551,0,False,False,0,,False,-1,OK,20.200000762939453,-9.550000190734863
20250512,301552,1,False,True,1,,True,-1,YELLOW,1.600000023841858,-36.310001373291016
20250512,301555,2,True,True,1,False,True,0,WEAK,500.0,34.279998779296875
20250512,301556,0,False,False,1,,True,-1,WEAK,12.529999732971191,-70.38999938964844
20250512,301557,1,False,True,1,,True,-1,YELLOW,0.0,-149.17999267578125
20250512,301558,1,False,True,1,False,True,0,YELLOW,-40.29999923706055,-21.469999313354492
20250512,301559,0,False,False,1,False,True,0,WEAK,-57.38999938964844,6.21999979019165
20250512,301565,1,False,True,1,False,True,0,WEAK,-49.25,2.3299999237060547
20250512,301566,1,True,False,1,True,False,1,OK,36.5099983215332,13.020000457763672
20250512,301567,0,False,False,0,False,False,0,WEAK,-46.77000045776367,-25.739999771118164
20250512,301568,2,True,True,1,False,True,0,OK,64.9800033569336,49.13999938964844
20250512,301571,1,False,True,1,,True,-1,YELLOW,19.700000762939453,104.45999908447266
20250512,301577,1,True,False,0,False,False,0,WEAK,-18.530000686645508,-292.4800109863281
20250512,301578,0,False,False,1,False,True,0,WEAK,-46.34000015258789,-181.1499938964844
20250512,301580,1,True,False,1,False,True,0,YELLOW,14.09000015258789,27.399999618530273
20250512,301581,0,False,False,1,,True,-1,WEAK,-44.56999969482422,-65.3499984741211
20250512,301585,0,False,False,1,,True,-1,WEAK,-45.70000076293945,-1.1399999856948853
20250512,301586,0,False,False,1,,True,-1,WEAK,-33.06999969482422,-78.52999877929688
20250512,301587,1,False,True,1,False,True,0,WEAK,-62.83000183105469,218.4600067138672
20250512,301588,0,False,False,1,False,True,0,OK,-34.52000045776367,-22.030000686645508
20250512,301589,0,False,False,0,False,False,0,YELLOW,-7.050000190734863,-4.099999904632568
20250512,301591,1,True,False,1,False,True,0,OK,-2.859999895095825,-21.459999084472656
20250512,301592,1,False,True,1,,True,-1,WEAK,-282.6300048828125,25.260000228881836
20250512,301596,0,False,False,1,False,True,0,OK,6.880000114440918,-18.440000534057617
20250512,301598,0,False,False,1,,True,-1,OK,17.350000381469727,15.210000038146973
20250512,301600,1,False,True,0,,False,-1,YELLOW,-2.9600000381469727,7.119999885559082
20250512,301601,0,False,False,1,,True,-1,OK,-76.58000183105469,-146.5800018310547
20250512,301602,0,False,False,1,,True,-1,OK,-0.0299999993294477,-76.62000274658203
20250512,301603,2,True,True,2,True,True,1,YELLOW,83.12000274658203,40.56999969482422
20250512,301606,2,True,True,0,,False,-1,OK,43.81999969482422,62.72999954223633
20250512,301607,1,False,True,1,,True,-1,YELLOW,89.06999969482422,340.239990234375
20250512,301608,2,True,True,0,,False,-1,WEAK,28.56999969482422,51.61000061035156
20250512,301611,1,True,False,0,,False,-1,OK,10.65999984741211,-47.88999938964844
20250512,301613,0,False,False,1,,True,-1,YELLOW,11.149999618530272,5.989999771118164
20250512,301616,1,False,True,1,,True,-1,YELLOW,0.0,-8.15999984741211
20250512,301617,1,False,True,1,,True,-1,WEAK,-22.56999969482422,1.2200000286102295
20250512,301618,1,False,True,1,,True,-1,OK,-48.63999938964844,-63.86000061035156
20250512,301622,2,True,True,1,,True,-1,YELLOW,-14.43000030517578,-144.91000366210938
20250512,301626,0,False,False,0,,False,-1,YELLOW,2.240000009536743,-78.20999908447266
20250512,301628,0,False,False,0,,False,-1,OK,31.040000915527344,-15.760000228881836
20250512,301629,0,False,False,0,,False,-1,WEAK,0.0,-216.4600067138672
20250512,301631,1,False,True,1,,True,-1,WEAK,18.09000015258789,22.440000534057617
20250512,301633,1,False,True,1,,True,-1,WEAK,-34.90999984741211,-57.209999084472656
20250512,301658,1,False,True,1,,True,-1,YELLOW,0.0,-177.27000427246094
20250512,302132,-1,,,2,True,True,1,UNKNOWN,,
20250512,600000,1,True,False,2,True,True,1,WEAK,14.539999961853027,1.830000042915344
20250512,600004,1,True,False,1,False,True,0,WEAK,31.100000381469727,-37.349998474121094
20250512,600006,0,False,False,1,False,True,0,YELLOW,32.380001068115234,22.3799991607666
20250512,600007,0,False,False,0,False,False,0,OK,-7.010000228881836,-2.130000114440918
20250512,600008,1,True,False,1,False,True,0,OK,0.3000000119209289,8.609999656677246
20250512,600009,1,True,False,1,False,True,0,WEAK,36.290000915527344,8.130000114440918
20250512,600010,1,False,True,0,False,False,0,YELLOW,132.6699981689453,-500.0
20250512,600011,1,True,False,2,True,True,1,YELLOW,39.83000183105469,-12.039999961853027
20250512,600012,2,True,True,2,True,True,1,WEAK,12.850000381469728,16.170000076293945
20250512,600015,0,False,False,1,False,True,0,WEAK,-3.650000095367432,1.7100000381469729
20250512,600016,0,False,False,1,False,True,0,WEAK,-5.46999979019165,-10.890000343322754
20250512,600017,1,False,True,1,False,True,0,YELLOW,-24.260000228881836,-37.060001373291016
20250512,600018,2,True,True,1,False,True,0,OK,-0.6399999856948853,3.4200000762939453
20250512,600019,1,True,False,1,True,False,1,YELLOW,46.43000030517578,-8.59000015258789
20250512,600020,1,True,False,2,True,True,1,WEAK,18.11000061035156,5.010000228881836
20250512,600021,2,True,True,1,False,True,0,YELLOW,22.420000076293945,-36.56999969482422
20250512,600022,1,True,False,0,False,False,0,WEAK,109.31999969482422,-500.0
20250512,600023,0,False,False,1,False,True,0,YELLOW,-5.199999809265137,-3.369999885559082
20250512,600025,1,True,False,2,True,True,1,OK,4.619999885559082,1.3300000429153442
20250512,600026,0,False,False,1,False,True,0,WEAK,-25.850000381469727,189.7599945068359
20250512,600027,1,True,False,2,True,True,1,YELLOW,20.719999313354492,-6.0
20250512,600028,0,False,False,0,False,False,0,YELLOW,-30.510000228881836,29.219999313354492
20250512,600029,0,False,False,2,True,True,1,WEAK,345.7699890136719,189.91000366210935
20250512,600030,2,True,True,0,False,False,0,WEAK,37.40999984741211,58.5
20250512,600031,1,True,False,2,True,True,1,YELLOW,53.54999923706055,-16.239999771118164
20250512,600032,1,False,True,2,True,True,1,WEAK,-2.0,-69.93000030517578
20250512,600033,2,True,True,1,False,True,0,OK,4.300000190734863,3.640000104904175
20250512,600035,1,False,True,2,True,True,1,WEAK,-17.610000610351562,-8.960000038146973
20250512,600036,0,False,False,2,True,True,1,WEAK,0.6100000143051147,1.7699999809265137
20250512,600037,0,False,False,1,True,False,1,WEAK,-125.37000274658205,500.0
20250512,600038,1,True,False,1,False,True,0,YELLOW,-12.5,-92.01000213623048
20250512,600039,1,True,False,1,True,False,1,YELLOW,11.100000381469728,-15.529999732971191
20250512,600048,0,False,False,1,True,False,1,WEAK,-76.76000213623047,-46.56999969482422
20250512,600050,1,True,False,1,True,False,1,YELLOW,10.869999885559082,-17.540000915527344
20250512,600051,1,False,True,1,True,False,1,YELLOW,7.860000133514404,-1.75
20250512,600052,1,False,True,1,False,True,0,WEAK,-171.35000610351562,-28.700000762939453
20250512,600054,2,True,True,1,False,True,0,WEAK,-9.229999542236328,-5.849999904632568
20250512,600055,1,False,True,2,True,True,1,YELLOW,-140.11000061035156,-177.5
20250512,600056,1,True,False,1,False,True,0,YELLOW,-3.4700000286102295,9.970000267028809
20250512,600057,1,True,False,2,True,True,1,YELLOW,302.4700012207031,500.0
20250512,600058,1,True,False,2,True,True,1,YELLOW,83.04000091552734,-201.8800048828125
20250512,600059,0,False,False,2,True,True,1,OK,-34.06999969482422,3.4700000286102295
20250512,600060,1,True,False,2,True,True,1,YELLOW,22.190000534057617,0.5099999904632568
20250512,600061,2,True,True,1,True,False,1,YELLOW,38.31999969482422,29.850000381469727
20250512,600062,2,True,True,1,False,True,0,YELLOW,2.9000000953674316,-3.509999990463257
20250512,600063,2,True,True,2,True,True,1,YELLOW,101.0199966430664,6.309999942779541
20250512,600064,1,True,False,1,True,False,1,YELLOW,10.949999809265137,-5.929999828338623
20250512,600066,2,True,True,1,False,True,0,YELLOW,26.299999237060547,-5.420000076293945
20250512,600067,1,True,False,2,True,True,1,YELLOW,178.61000061035156,-169.72000122070312
20250512,600071,1,True,False,0,False,False,0,YELLOW,117.97000122070312,14.979999542236328
20250512,600072,1,False,True,2,True,True,1,WEAK,-208.67999267578125,35.189998626708984
20250512,600073,1,True,False,2,True,True,1,YELLOW,-50.810001373291016,-71.9800033569336
20250512,600075,2,True,True,1,False,True,0,WEAK,-11.869999885559082,-203.75
20250512,600076,0,False,False,2,True,True,1,WEAK,-53.040000915527344,-12.0600004196167
20250512,600078,0,False,False,1,False,True,0,WEAK,72.36000061035156,175.02999877929688
20250512,600081,2,True,True,2,True,True,1,YELLOW,-213.5800018310547,24.25
20250512,600085,1,True,False,1,False,True,0,OK,-11.949999809265137,-19.149999618530273
20250512,600088,0,False,False,1,True,False,1,WEAK,-500.0,-72.01000213623047
20250512,600089,0,False,False,1,False,True,0,WEAK,-3.3499999046325684,-3.7699999809265137
20250512,600094,1,True,False,1,True,False,1,YELLOW,12.550000190734863,-130.0399932861328
20250512,600095,1,False,True,1,True,False,1,YELLOW,203.07000732421875,-51.91999816894531
20250512,600096,1,False,True,1,False,True,0,YELLOW,6.320000171661377,9.640000343322754
20250512,600097,2,True,True,2,True,True,1,YELLOW,340.05999755859375,-385.3699951171875
20250512,600098,1,False,True,2,True,True,1,YELLOW,-43.119998931884766,-42.849998474121094
20250512,600099,2,True,True,2,True,True,1,YELLOW,13.630000114440918,35.5
20250512,600100,1,True,False,1,True,False,1,WEAK,134.6199951171875,15.619999885559082
20250512,600101,1,True,False,2,True,True,1,YELLOW,-19.11000061035156,-1.4700000286102295
20250512,600103,1,True,False,1,False,True,0,YELLOW,-27.3700008392334,-56.290000915527344
20250512,600104,1,True,False,1,False,True,0,YELLOW,500.0,-2.5999999046325684
20250512,600105,2,True,True,1,True,False,1,YELLOW,500.0,-44.65999984741211
20250512,600106,0,False,,1,False,True,0,OK,-28.079999923706055,20.440000534057617
20250512,600108,2,True,True,1,False,True,0,YELLOW,38.86000061035156,3.940000057220459
20250512,600109,2,True,True,0,False,False,0,WEAK,94.0999984741211,14.9399995803833
20250512,600110,1,True,False,1,False,True,0,WEAK,59.09000015258789,149.3699951171875
20250512,600111,2,True,True,2,True,True,1,YELLOW,412.0199890136719,103.20999908447266
20250512,600113,1,True,False,2,True,True,1,OK,7.28000020980835,-12.0
20250512,600114,1,True,False,1,False,True,0,YELLOW,53.13999938964844,11.3100004196167
20250512,600115,1,False,True,1,False,True,0,WEAK,361.6400146484375,219.3300018310547
20250512,600116,0,False,False,1,False,True,0,WEAK,-7.869999885559082,224.30999755859375
20250512,600117,2,True,True,0,False,False,0,WEAK,-15.420000076293944,-69.66999816894531
20250512,600118,0,False,False,1,False,True,0,WEAK,122.87000274658205,-71.88999938964844
20250512,600120,2,True,True,0,False,False,0,YELLOW,57.33000183105469,-4.71999979019165
20250512,600121,0,False,False,1,True,False,1,WEAK,-500.0,-201.42999267578125
20250512,600123,0,False,False,0,False,False,0,WEAK,-130.7100067138672,-184.4199981689453
20250512,600125,1,False,True,1,False,True,0,YELLOW,40.4900016784668,4.28000020980835
20250512,600126,0,False,False,1,True,False,1,WEAK,112.55999755859376,90.94000244140624
20250512,600127,2,True,True,2,True,True,1,YELLOW,305.5,-106.43000030517578
20250512,600128,0,False,False,2,True,True,1,YELLOW,116.2699966430664,-500.0
20250512,600129,0,False,False,2,True,True,1,WEAK,-81.8499984741211,-52.04999923706055
20250512,600130,1,False,True,0,False,False,0,YELLOW,31.829999923706055,182.30999755859375
20250512,600131,2,True,True,1,True,False,1,YELLOW,-1.0499999523162842,-86.38999938964844
20250512,600132,1,True,False,1,False,True,0,OK,-6.400000095367432,-7.070000171661377
20250512,600133,1,False,True,1,False,True,0,WEAK,-68.41000366210938,-194.2100067138672
20250512,600135,1,False,True,2,True,True,1,WEAK,-39.189998626708984,18.239999771118164
20250512,600137,2,True,True,2,True,True,1,YELLOW,33.81999969482422,-17.889999389648438
20250512,600138,1,False,True,1,False,True,0,WEAK,-26.31999969482422,4.300000190734863
20250512,600141,1,False,True,1,False,True,0,WEAK,-1.8899999856948853,-7.889999866485596
20250512,600143,1,True,False,2,True,True,1,YELLOW,55.7599983215332,33.790000915527344
20250512,600148,2,True,True,1,False,True,0,WEAK,172.9199981689453,500.0
20250512,600149,2,True,True,1,False,True,0,WEAK,128.08999633789062,10.699999809265137
20250512,600150,1,True,False,1,False,True,0,YELLOW,122.23999786376952,326.69000244140625
20250512,600151,1,True,False,1,False,True,0,WEAK,-103.0,-38.470001220703125
20250512,600152,0,False,False,1,False,True,0,WEAK,-43.939998626708984,1.25
20250512,600153,0,False,False,2,True,True,1,YELLOW,-25.34000015258789,500.0
20250512,600155,1,False,True,0,False,False,0,WEAK,39.88999938964844,161.38999938964844
20250512,600156,0,False,False,2,True,True,1,WEAK,-57.59000015258789,2.890000104904175
20250512,600157,0,False,False,0,False,False,0,YELLOW,-88.91999816894531,57.88999938964844
20250512,600158,1,False,True,2,True,True,1,WEAK,-217.9499969482422,79.08999633789062
20250512,600159,1,True,False,1,True,False,1,WEAK,14.260000228881836,-441.0400085449219
20250512,600160,1,True,False,2,True,True,1,YELLOW,170.1300048828125,47.5
20250512,600161,0,False,False,1,False,True,0,OK,-23.06999969482422,-52.599998474121094
20250512,600162,0,False,False,0,False,False,0,WEAK,-500.0,34.7400016784668
20250512,600163,1,True,False,1,False,True,0,OK,-20.1299991607666,-23.149999618530273
20250512,600166,1,True,False,2,True,True,1,YELLOW,244.63999938964844,76.12000274658203
20250512,600167,1,True,False,2,True,True,1,WEAK,-8.149999618530273,-8.979999542236328
20250512,600168,0,False,False,2,True,True,1,YELLOW,33.959999084472656,45.599998474121094
20250512,600170,0,False,False,0,False,False,0,WEAK,-46.77000045776367,119.20999908447266
20250512,600171,1,False,True,0,False,False,0,YELLOW,-8.670000076293945,26.6299991607666
20250512,600172,1,False,True,1,False,True,0,WEAK,-17.610000610351562,42.560001373291016
20250512,600173,1,False,True,1,True,False,1,YELLOW,-54.09000015258789,-77.80000305175781
20250512,600176,1,True,False,1,True,False,1,YELLOW,125.91000366210938,71.43000030517578
20250512,600177,0,False,False,1,False,True,0,WEAK,-8.579999923706055,9.43000030517578
20250512,600178,1,True,False,1,False,True,0,YELLOW,4.550000190734863,-69.8499984741211
20250512,600179,2,True,True,2,True,True,1,WEAK,500.0,0.949999988079071
20250512,600182,0,False,False,1,False,True,0,YELLOW,-22.309999465942383,103.2699966430664
20250512,600183,2,True,True,0,False,False,0,YELLOW,81.25,93.51000213623048
20250512,600184,1,True,False,2,True,True,1,YELLOW,275.7799987792969,100.0999984741211
20250512,600185,1,True,False,2,True,True,1,WEAK,41.040000915527344,146.02999877929688
20250512,600186,1,True,False,1,False,True,0,YELLOW,51.90999984741211,39.18000030517578
20250512,600188,0,False,False,1,True,False,1,OK,-41.0099983215332,-61.13999938964844
20250512,600189,2,True,True,1,False,True,0,OK,79.62000274658203,454.6499938964844
20250512,600191,1,True,False,1,False,True,0,YELLOW,171.3699951171875,-50.5
20250512,600192,1,False,True,2,True,True,1,WEAK,-26.260000228881836,-17.010000228881836
20250512,600195,0,False,False,2,True,True,1,YELLOW,43.84000015258789,-20.030000686645508
20250512,600196,0,False,False,1,False,True,0,OK,-14.31999969482422,21.959999084472656
20250512,600197,1,False,True,1,False,True,0,OK,-38.70000076293945,-27.489999771118164
20250512,600198,1,False,True,0,False,False,0,WEAK,58.65999984741211,15.15999984741211
20250512,600199,1,False,True,1,False,True,0,WEAK,2.450000047683716,60.150001525878906
20250512,600201,0,False,False,2,True,True,1,WEAK,-21.649999618530273,9.270000457763672
20250512,600202,1,False,True,2,True,True,1,WEAK,-229.6999969482422,-130.14999389648438
20250512,600203,2,True,True,1,True,False,1,WEAK,134.5,194.25
20250512,600206,1,True,False,1,True,False,1,YELLOW,70.62000274658203,4.75
20250512,600207,0,False,False,1,False,True,0,WEAK,-228.6999969482422,-31.399999618530273
20250512,600208,0,False,False,0,False,False,0,WEAK,-65.0999984741211,39.439998626708984
20250512,600210,2,True,True,1,False,True,0,YELLOW,33.119998931884766,27.399999618530273
20250512,600211,2,True,True,2,True,True,1,OK,-2.6700000762939453,-16.309999465942383
20250512,600212,2,True,True,2,True,True,1,WEAK,305.9599914550781,-204.7100067138672
20250512,600215,0,False,False,2,True,True,1,WEAK,-204.33999633789065,-59.099998474121094
20250512,600216,1,True,False,1,False,True,0,YELLOW,5.300000190734863,-31.88999938964844
20250512,600217,1,False,True,1,False,True,0,WEAK,-500.0,-263.739990234375
20250512,600218,1,True,False,2,True,True,1,YELLOW,18.780000686645508,7.940000057220459
20250512,600219,2,True,True,1,False,True,0,YELLOW,10.020000457763672,-36.18000030517578
20250512,600221,0,False,False,1,False,True,0,WEAK,44.43000030517578,494.2999877929687
20250512,600222,0,False,False,1,False,True,0,YELLOW,6.380000114440918,-83.3499984741211
20250512,600223,0,False,False,1,False,True,0,WEAK,-13.699999809265137,-36.29999923706055
20250512,600226,1,False,True,1,False,True,0,WEAK,-20.86000061035156,-12.359999656677246
20250512,600227,0,False,False,1,False,True,0,WEAK,-196.32000732421875,37.22999954223633
20250512,600229,1,True,False,1,True,False,1,WEAK,-86.61000061035156,42.029998779296875
20250512,600230,1,False,True,1,False,True,0,WEAK,127.91999816894533,500.0
20250512,600231,1,True,False,0,False,False,0,WEAK,25.65999984741211,-91.91000366210938
20250512,600232,1,False,True,1,False,True,0,WEAK,-85.2699966430664,372.4800109863281
20250512,600233,1,False,True,1,False,True,0,YELLOW,-1.7000000476837158,65.79000091552734
20250512,600234,2,True,True,1,True,False,1,WEAK,103.5199966430664,-304.8299865722656
20250512,600235,0,False,False,1,False,True,0,YELLOW,-87.88999938964844,-160.75999450683594
20250512,600236,2,True,True,1,False,True,0,WEAK,12.84000015258789,58.970001220703125
20250512,600237,1,True,False,1,True,False,1,YELLOW,27.6299991607666,-6.510000228881836
20250512,600241,0,False,False,2,True,True,1,YELLOW,-100.75,-441.6199951171875
20250512,600246,1,True,False,1,True,False,1,WEAK,8.039999961853027,-186.72000122070312
20250512,600248,1,False,True,0,False,False,0,YELLOW,-69.08999633789062,-63.38999938964844
20250512,600249,1,False,True,1,False,True,0,WEAK,-44.810001373291016,-186.16000366210935
20250512,600250,1,False,True,1,False,True,0,WEAK,-14.0,32.31999969482422
20250512,600251,1,False,True,2,True,True,1,WEAK,-4.159999847412109,58.189998626708984
20250512,600252,1,False,True,2,True,True,1,WEAK,152.88999938964844,-233.83999633789065
20250512,600255,2,True,True,1,False,True,0,YELLOW,-60.59000015258789,95.91999816894533
20250512,600256,0,False,False,0,False,False,0,YELLOW,-53.15999984741211,-63.68000030517578
20250512,600257,1,True,False,1,False,True,0,WEAK,94.81999969482422,6.369999885559082
20250512,600258,1,True,False,2,True,True,1,OK,2.1500000953674316,31.84000015258789
20250512,600259,1,True,False,2,True,True,1,YELLOW,155.41000366210938,283.8800048828125
20250512,600261,1,False,True,1,False,True,0,OK,-64.20999908447266,-32.900001525878906
20250512,600262,2,True,True,2,True,True,1,YELLOW,81.37000274658203,19.6299991607666
20250512,600266,1,True,False,0,False,False,0,WEAK,222.16000366210935,147.30999755859375
20250512,600267,2,True,True,1,False,True,0,OK,41.959999084472656,29.43000030517578
20250512,600268,1,True,False,2,True,True,1,YELLOW,103.87999725341795,39.59000015258789
20250512,600269,1,True,False,1,False,True,0,YELLOW,1.6399999856948853,4.960000038146973
20250512,600271,1,True,False,1,True,False,1,WEAK,-99.31999969482422,12.65999984741211
20250512,600272,2,True,True,1,False,True,0,WEAK,-87.3499984741211,-28.13999938964844
20250512,600273,1,True,False,2,True,True,1,YELLOW,-1.1799999475479126,-24.3700008392334
20250512,600276,1,True,False,2,True,True,1,OK,21.079999923706055,16.59000015258789
20250512,600278,0,False,False,2,True,True,1,YELLOW,-6.510000228881836,-13.039999961853027
20250512,600279,1,False,True,1,False,True,0,WEAK,104.73999786376952,82.58999633789062
20250512,600280,1,False,True,1,False,True,0,WEAK,-124.69000244140624,-80.30999755859375
20250512,600281,1,False,True,2,True,True,1,WEAK,37.400001525878906,99.94000244140624
20250512,600282,1,True,False,0,False,False,0,YELLOW,15.739999771118164,-13.619999885559082
20250512,600283,1,True,False,2,True,True,1,YELLOW,12.770000457763672,-36.58000183105469
20250512,600284,1,False,True,1,True,False,1,YELLOW,-55.279998779296875,-75.87000274658203
20250512,600285,2,True,True,2,True,True,1,OK,11.770000457763672,11.59000015258789
20250512,600287,1,False,True,2,True,True,1,YELLOW,-14.34000015258789,-60.310001373291016
20250512,600288,1,True,False,1,True,False,1,WEAK,500.0,500.0
20250512,600292,2,True,True,1,False,True,0,YELLOW,-43.2599983215332,500.0
20250512,600293,1,False,True,0,False,False,0,WEAK,-500.0,-18.950000762939453
20250512,600295,2,True,True,0,False,False,0,YELLOW,-3.9800000190734863,35.63999938964844
20250512,600298,1,True,False,1,False,True,0,YELLOW,15.020000457763672,14.460000038146973
20250512,600299,2,True,True,1,False,True,0,YELLOW,-10.56999969482422,-35.45000076293945
20250512,600300,2,True,True,2,True,True,1,YELLOW,37.40999984741211,38.779998779296875
20250512,600301,2,True,True,2,True,True,1,OK,-7.090000152587891,21.90999984741211
20250512,600303,1,False,True,2,True,True,1,WEAK,1.9800000190734863,15.869999885559082
20250512,600305,1,True,False,1,False,True,0,OK,12.399999618530272,24.950000762939453
20250512,600307,2,True,True,0,False,False,0,WEAK,62.88999938964844,54.90999984741211
20250512,600308,1,False,True,1,False,True,0,YELLOW,-74.38999938964844,-77.94999694824219
20250512,600309,0,False,False,1,False,True,0,YELLOW,-16.719999313354492,18.200000762939453
20250512,600310,1,False,True,2,True,True,1,WEAK,-125.12999725341795,52.08000183105469
20250512,600312,1,True,False,2,True,True,1,YELLOW,15.130000114440918,14.449999809265137
20250512,600313,2,True,True,1,False,True,0,YELLOW,255.0500030517578,-74.43000030517578
20250512,600315,1,False,True,2,True,True,1,OK,92.3499984741211,38.209999084472656
20250512,600316,1,True,False,2,True,True,1,WEAK,-21.459999084472656,175.3699951171875
20250512,600318,2,True,True,1,True,False,1,OK,19.850000381469727,15.720000267028809
20250512,600319,1,False,True,2,True,True,1,WEAK,-34.86000061035156,-15.06999969482422
20250512,600320,1,True,False,2,True,True,1,YELLOW,175.47999572753906,37.290000915527344
20250512,600322,2,True,True,1,True,False,1,WEAK,-131.22999572753906,100.05999755859376
20250512,600323,1,True,False,2,True,True,1,YELLOW,12.390000343322754,37.38999938964844
20250512,600325,0,False,False,0,False,False,0,WEAK,-93.54000091552734,-500.0
20250512,600326,1,False,True,1,True,False,1,WEAK,72.5199966430664,29.700000762939453
20250512,600327,2,True,True,1,False,True,0,YELLOW,282.6300048828125,-39.70000076293945
20250512,600328,0,False,False,1,False,True,0,WEAK,-92.41999816894533,-500.0
20250512,600329,1,False,True,1,False,True,0,WEAK,6.699999809265137,11.609999656677246
20250512,600330,0,False,False,1,True,False,1,YELLOW,-95.06999969482422,-500.0
20250512,600331,0,False,False,1,False,True,0,WEAK,-193.13999938964844,7.03000020980835
20250512,600332,0,False,False,1,False,True,0,YELLOW,0.4799999892711639,1.7200000286102295
20250512,600333,2,True,True,1,False,True,0,WEAK,20.63999938964844,413.4800109863281
20250512,600335,1,True,False,1,False,True,0,YELLOW,62.29999923706055,-12.90999984741211
20250512,600336,1,True,False,2,True,True,1,YELLOW,-38.68000030517578,-84.5999984741211
20250512,600338,2,True,True,1,False,True,0,OK,99.54000091552734,42.58000183105469
20250512,600339,0,False,False,0,False,False,0,YELLOW,-20.649999618530273,28.950000762939453
20250512,600343,1,False,True,2,True,True,1,WEAK,-9.649999618530272,12.229999542236328
20250512,600345,1,True,False,1,True,False,1,WEAK,-500.0,139.66000366210938
20250512,600346,0,False,False,1,True,False,1,YELLOW,-9.539999961853027,94.2699966430664
20250512,600348,0,False,False,1,True,False,1,WEAK,-32.36000061035156,-24.11000061035156
20250512,600350,2,True,True,2,True,True,1,WEAK,5.829999923706055,3.7899999618530273
20250512,600351,1,False,True,1,False,True,0,WEAK,-9.029999732971191,10.670000076293944
20250512,600352,2,True,True,1,False,True,0,YELLOW,-19.600000381469727,4.739999771118164
20250512,600353,2,True,True,1,True,False,1,YELLOW,37.810001373291016,6.360000133514404
20250512,600354,2,True,True,1,False,True,0,OK,477.7900085449219,-24.61000061035156
20250512,600356,1,True,False,1,False,True,0,YELLOW,38.290000915527344,127.66000366210938
20250512,600358,0,False,False,1,True,False,1,WEAK,-18.6200008392334,24.15999984741211
20250512,600359,0,False,False,1,False,True,0,WEAK,-67.0999984741211,-26.440000534057617
20250512,600361,0,False,False,2,True,True,1,WEAK,-21.0,29.309999465942383
20250512,600362,2,True,True,1,False,True,0,YELLOW,4.789999961853027,26.260000228881836
20250512,600363,2,True,True,1,True,False,1,YELLOW,16.790000915527344,-29.030000686645508
20250512,600366,2,True,True,1,False,True,0,YELLOW,302.2900085449219,500.0
20250512,600367,2,True,True,2,True,True,1,YELLOW,93.4000015258789,-7.929999828338623
20250512,600368,1,False,True,2,True,True,1,YELLOW,-10.81999969482422,-1.7799999713897705
20250512,600369,0,False,False,0,False,False,0,WEAK,39.63999938964844,32.08000183105469
20250512,600371,0,False,False,1,False,True,0,WEAK,-64.76000213623047,-96.6500015258789
20250512,600372,0,False,False,1,False,True,0,YELLOW,-7.699999809265137,165.69000244140625
20250512,600373,1,False,True,0,False,False,0,YELLOW,-116.45999908447266,-75.01000213623047
20250512,600375,1,True,False,1,False,True,0,YELLOW,87.73999786376953,156.61000061035156
20250512,600376,0,False,False,1,True,False,1,WEAK,28.920000076293945,31.540000915527344
20250512,600377,2,True,True,2,True,True,1,WEAK,-7.789999961853027,14.100000381469728
20250512,600378,2,True,True,1,False,True,0,YELLOW,109.93000030517578,78.80999755859375
20250512,600379,2,True,True,2,True,True,1,YELLOW,-27.15999984741211,-54.40999984741211
20250512,600380,0,False,False,1,False,True,0,OK,-1.4199999570846558,-4.179999828338623
20250512,600382,2,True,True,1,True,False,1,WEAK,487.5299987792969,21.8799991607666
20250512,600383,0,False,False,0,False,False,0,WEAK,-56.04999923706055,-4.489999771118164
20250512,600386,0,False,False,1,False,True,0,WEAK,-150.58999633789062,-2.890000104904175
20250512,600388,1,True,False,1,False,True,0,YELLOW,26.190000534057617,30.489999771118164
20250512,600389,2,True,True,2,True,True,1,WEAK,103.62000274658205,-6.539999961853027
20250512,600390,0,False,False,0,False,False,0,YELLOW,-25.65999984741211,47.470001220703125
20250512,600391,2,True,True,2,True,True,1,YELLOW,-42.790000915527344,-500.0
20250512,600392,1,True,False,2,True,True,1,YELLOW,500.0,96.66000366210938
20250512,600395,0,False,False,0,False,False,0,WEAK,-29.600000381469727,145.47999572753906
20250512,600396,2,True,True,2,True,True,1,WEAK,-119.37000274658205,9.59000015258789
20250512,600397,0,False,False,1,True,False,1,WEAK,-80.58000183105469,101.01000213623048
20250512,600398,1,True,False,1,False,True,0,OK,3.859999895095825,2.140000104904175
20250512,600399,1,False,True,0,False,False,0,WEAK,-293.42999267578125,-28.0
20250512,600400,1,False,True,1,False,True,0,WEAK,-500.0,122.62000274658205
20250512,600403,0,False,False,1,True,False,1,WEAK,-44.2599983215332,-19.36000061035156
20250512,600405,1,True,False,1,False,True,0,WEAK,2.7699999809265137,28.729999542236328
20250512,600406,2,True,True,1,False,True,0,YELLOW,7.039999961853027,5.389999866485596
20250512,600408,1,True,False,1,True,False,1,WEAK,50.36000061035156,19.34000015258789
20250512,600409,1,False,True,1,False,True,0,WEAK,-81.33999633789062,-191.2899932861328
20250512,600410,2,True,True,1,True,False,1,YELLOW,70.31999969482422,-82.01000213623047
20250512,600415,1,True,False,2,True,True,1,YELLOW,48.59000015258789,18.8700008392334
20250512,600416,1,False,True,2,True,True,1,YELLOW,-48.310001373291016,-29.13999938964844
20250512,600418,1,False,True,1,False,True,0,WEAK,-500.0,-153.16000366210938
20250512,600419,1,False,True,2,True,True,1,WEAK,3.119999885559082,500.0
20250512,600420,1,True,False,1,False,True,0,OK,-20.239999771118164,-57.86000061035156
20250512,600422,1,False,True,1,False,True,0,WEAK,-59.52000045776367,-363.9800109863281
20250512,600425,0,False,False,0,False,False,0,WEAK,-16.420000076293945,50.16999816894531
20250512,600426,0,False,False,1,False,True,0,YELLOW,-22.979999542236328,58.27000045776367
20250512,600428,2,True,True,1,False,True,0,YELLOW,32.189998626708984,11.100000381469728
20250512,600429,1,True,False,2,True,True,1,YELLOW,214.52000427246097,14.739999771118164
20250512,600433,0,False,False,1,False,True,0,YELLOW,-392.9500122070313,162.16000366210938
20250512,600435,1,True,False,2,True,True,1,WEAK,231.1199951171875,26.979999542236328
20250512,600436,2,True,True,2,True,True,1,YELLOW,-30.3799991607666,-27.729999542236328
20250512,600438,0,False,False,1,False,True,0,WEAK,-35.5,1.840000033378601
20250512,600439,2,True,True,1,False,True,0,YELLOW,35.119998931884766,-37.16999816894531
20250512,600444,1,True,False,1,False,True,0,YELLOW,5.389999866485596,-28.809999465942383
20250512,600446,0,False,False,1,True,False,1,WEAK,43.560001373291016,32.22999954223633
20250512,600448,1,True,False,2,True,True,1,YELLOW,-500.0,-500.0
20250512,600449,1,True,False,0,False,False,0,WEAK,26.88999938964844,36.720001220703125
20250512,600452,1,False,True,1,False,True,0,YELLOW,-30.229999542236328,49.470001220703125
20250512,600455,2,True,True,1,True,False,1,YELLOW,29.549999237060547,500.0
20250512,600456,0,False,False,2,True,True,1,YELLOW,-53.43000030517578,-31.34000015258789
20250512,600458,1,False,True,1,False,True,0,YELLOW,35.34000015258789,36.65999984741211
20250512,600459,2,True,True,1,False,True,0,YELLOW,8.399999618530273,15.989999771118164
20250512,600460,1,True,False,1,True,False,1,WEAK,110.69000244140624,8.800000190734863
20250512,600461,1,True,False,2,True,True,1,OK,2.5999999046325684,-4.409999847412109
20250512,600463,2,True,True,1,True,False,1,WEAK,-19.11000061035156,305.8500061035156
20250512,600467,1,True,False,1,False,True,0,YELLOW,149.57000732421875,-279.6000061035156
20250512,600468,1,False,True,2,True,True,1,YELLOW,-17.829999923706055,-28.1200008392334
20250512,600469,0,False,False,1,False,True,0,YELLOW,-20.940000534057617,174.66000366210938
20250512,600470,1,False,True,1,False,True,0,WEAK,-500.0,-35.209999084472656
20250512,600475,1,False,True,2,True,True,1,YELLOW,34.849998474121094,-5.260000228881836
20250512,600477,0,False,False,0,False,False,0,YELLOW,-55.63999938964844,-47.97999954223633
20250512,600478,2,True,True,2,True,True,1,YELLOW,500.0,7.230000019073486
20250512,600479,1,True,False,1,False,True,0,OK,4.739999771118164,51.439998626708984
20250512,600480,0,False,False,2,True,True,1,YELLOW,16.3700008392334,-28.40999984741211
20250512,600481,1,True,False,1,False,True,0,WEAK,59.650001525878906,-168.5500030517578
20250512,600482,1,True,False,1,False,True,0,YELLOW,79.9000015258789,49.84000015258789
20250512,600483,2,True,True,2,True,True,1,YELLOW,11.399999618530272,-12.479999542236328
20250512,600486,1,True,False,1,False,True,0,YELLOW,5.760000228881836,-6.320000171661377
20250512,600487,2,True,True,1,True,False,1,YELLOW,5.96999979019165,107.68000030517578
20250512,600488,1,True,False,1,False,True,0,WEAK,-26.059999465942383,-75.63999938964844
20250512,600489,2,True,True,1,False,True,0,YELLOW,60.91999816894531,88.43000030517578
20250512,600490,2,True,True,2,True,True,1,YELLOW,233.25,4.75
20250512,600493,2,True,True,1,False,True,0,YELLOW,13.5,-500.0
20250512,600495,1,True,False,2,True,True,1,YELLOW,102.9800033569336,-500.0
20250512,600496,1,True,False,1,True,False,1,YELLOW,14.890000343322754,45.41999816894531
20250512,600497,2,True,True,1,False,True,0,YELLOW,-5.019999980926514,36.5
20250512,600498,2,True,True,1,True,False,1,YELLOW,35.75,-35.68000030517578
20250512,600499,2,True,True,2,True,True,1,YELLOW,66.95999908447266,76.56999969482422
20250512,600500,0,False,False,1,False,True,0,WEAK,5.789999961853027,63.58000183105469
20250512,600501,1,True,False,2,True,True,1,WEAK,28.739999771118164,20.079999923706055
20250512,600502,1,False,True,1,True,False,1,YELLOW,-13.739999771118164,17.440000534057617
20250512,600503,1,False,True,1,True,False,1,WEAK,-500.0,-500.0
20250512,600505,1,True,False,2,True,True,1,YELLOW,1.9900000095367432,126.45999908447266
20250512,600506,2,True,True,1,True,False,1,YELLOW,110.16999816894533,48.91999816894531
20250512,600507,1,True,False,1,True,False,1,YELLOW,326.739990234375,-38.75
20250512,600508,1,False,True,0,False,False,0,WEAK,-59.459999084472656,-25.559999465942383
20250512,600509,2,True,True,2,True,True,1,WEAK,-17.5,-8.569999694824219
20250512,600510,1,False,True,1,True,False,1,YELLOW,-22.479999542236328,53.04999923706055
20250512,600511,1,False,True,1,False,True,0,YELLOW,-1.2699999809265137,4.21999979019165
20250512,600512,0,False,False,0,False,False,0,YELLOW,-6.099999904632568,-31.399999618530273
20250512,600513,1,False,True,1,False,True,0,OK,-75.33999633789062,-74.66999816894531
20250512,600515,0,False,False,0,False,False,0,WEAK,-188.16000366210935,48.81999969482422
20250512,600516,0,False,False,1,True,False,1,WEAK,-108.20999908447266,-73.94000244140625
20250512,600517,1,True,False,1,True,False,1,YELLOW,53.619998931884766,-36.040000915527344
20250512,600518,1,True,False,1,False,True,0,YELLOW,78.87000274658203,-500.0
20250512,600519,1,True,False,2,True,True,1,OK,6.420000076293945,1.4500000476837158
20250512,600520,0,False,False,1,False,True,0,WEAK,-60.41999816894531,124.05999755859376
20250512,600521,0,False,False,1,False,True,0,YELLOW,-73.8499984741211,-52.189998626708984
20250512,600522,2,True,True,1,True,False,1,YELLOW,0.6100000143051147,38.20000076293945
20250512,600523,1,True,False,2,True,True,1,YELLOW,-5.909999847412109,17.280000686645508
20250512,600526,2,True,True,1,False,True,0,YELLOW,48.09000015258789,21.8700008392334
20250512,600527,1,True,False,1,False,True,0,YELLOW,-29.700000762939453,22.700000762939453
20250512,600528,0,False,False,1,False,True,0,YELLOW,-25.700000762939453,-0.8999999761581421
20250512,600529,1,True,False,1,False,True,0,YELLOW,-25.1299991607666,-9.369999885559082
20250512,600530,0,False,False,2,True,True,1,WEAK,-500.0,7.329999923706055
20250512,600531,2,True,True,2,True,True,1,YELLOW,12.170000076293944,6.21999979019165
20250512,600533,1,True,False,1,True,False,1,YELLOW,104.9800033569336,-500.0
20250512,600535,1,False,True,2,True,True,1,OK,-15.59000015258789,54.22999954223633
20250512,600536,2,True,True,1,True,False,1,WEAK,69.72000122070312,-5.670000076293945
20250512,600538,2,True,True,2,True,True,1,YELLOW,75.95999908447266,-374.7699890136719
20250512,600539,2,True,True,2,True,True,1,YELLOW,50.90999984741211,-57.54999923706055
20250512,600540,2,True,True,2,True,True,1,WEAK,0.9700000286102296,368.4299926757813
20250512,600545,0,False,False,1,False,True,0,WEAK,-90.36000061035156,75.48999786376953
20250512,600546,0,False,False,0,False,False,0,WEAK,-50.22999954223633,67.58999633789062
20250512,600547,1,True,False,2,True,True,1,YELLOW,88.43000030517578,41.939998626708984
20250512,600548,2,True,True,1,False,True,0,OK,14.640000343322754,10.739999771118164
20250512,600549,1,True,False,1,False,True,0,YELLOW,39.630001068115234,198.63999938964844
20250512,600550,1,True,False,1,False,True,0,WEAK,9.15999984741211,108.56999969482422
20250512,600551,2,True,True,0,False,False,0,YELLOW,-12.619999885559082,-12.239999771118164
20250512,600552,2,True,True,0,False,False,0,YELLOW,500.0,89.4000015258789
20250512,600556,2,True,True,0,False,False,0,YELLOW,-41.2599983215332,-77.94999694824219
20250512,600557,1,False,True,1,False,True,0,OK,-43.849998474121094,-12.170000076293944
20250512,600558,2,True,True,2,True,True,1,YELLOW,86.05000305175781,45.16999816894531
20250512,600559,1,True,False,1,False,True,0,OK,-29.989999771118164,12.43000030517578
20250512,600560,0,False,False,1,False,True,0,YELLOW,1.4700000286102295,-20.280000686645508
20250512,600561,0,False,False,2,True,True,1,WEAK,42.13999938964844,8.359999656677246
20250512,600562,0,False,False,2,True,True,1,YELLOW,1.1299999952316284,13.020000457763672
20250512,600563,1,True,False,0,False,False,0,WEAK,15.350000381469728,1.7599999904632568
20250512,600566,1,False,True,1,False,True,0,YELLOW,-49.43000030517578,-8.869999885559082
20250512,600567,1,False,True,1,False,True,0,YELLOW,6.320000171661377,-500.0
20250512,600569,2,True,True,1,True,False,1,YELLOW,101.20999908447266,-500.0
20250512,600570,0,False,False,0,False,False,0,YELLOW,8.899999618530273,500.0
20250512,600571,1,False,True,1,True,False,1,WEAK,-48.34000015258789,-0.6299999952316284
20250512,600572,0,False,False,1,False,True,0,WEAK,1.6100000143051147,28.739999771118164
20250512,600573,1,True,False,2,True,True,1,YELLOW,28.34000015258789,18.969999313354492
20250512,600575,0,False,False,1,True,False,1,YELLOW,-4.21999979019165,33.52000045776367
20250512,600576,1,True,False,2,True,True,1,OK,33.470001220703125,-28.290000915527344
20250512,600577,2,True,True,2,True,True,1,YELLOW,9.779999732971191,10.760000228881836
20250512,600578,1,True,False,2,True,True,1,YELLOW,123.45999908447266,3.180000066757202
20250512,600579,1,True,False,1,False,True,0,WEAK,96.16999816894533,-26.280000686645508
20250512,600580,1,True,False,1,False,True,0,YELLOW,25.65999984741211,-7.559999942779541
20250512,600582,0,False,False,2,True,True,1,OK,-39.5099983215332,-14.760000228881836
20250512,600583,2,True,True,1,True,False,1,YELLOW,7.590000152587891,-23.81999969482422
20250512,600584,2,True,True,0,False,False,0,YELLOW,-23.25,37.029998779296875
20250512,600585,1,True,False,0,False,False,0,YELLOW,21.690000534057617,-21.770000457763672
20250512,600586,0,False,False,0,False,False,0,YELLOW,-204.30999755859375,-500.0
20250512,600587,1,False,True,1,False,True,0,YELLOW,-38.97999954223633,-27.90999984741211
20250512,600588,0,False,False,1,True,False,1,WEAK,0.2800000011920929,7.75
20250512,600589,1,False,True,1,True,False,1,YELLOW,-20.780000686645508,-131.13999938964844
20250512,600590,1,True,False,2,True,True,1,YELLOW,132.0800018310547,0.2199999988079071
20250512,600592,0,False,False,2,True,True,1,YELLOW,-17.049999237060547,10.5600004196167
20250512,600593,0,False,False,1,False,True,0,WEAK,-14.729999542236328,25.719999313354492
20250512,600594,1,True,False,2,True,True,1,WEAK,52.9900016784668,-122.18000030517578
20250512,600595,1,True,False,2,True,True,1,WEAK,61.79999923706055,379.5
20250512,600596,0,False,False,1,False,True,0,YELLOW,-500.0,441.3900146484375
20250512,600597,1,True,False,1,False,True,0,YELLOW,-24.68000030517578,-52.0
20250512,600598,0,False,False,2,True,True,1,OK,0.050000000745058,8.109999656677246
20250512,600600,1,True,False,2,True,True,1,OK,5.03000020980835,6.420000076293945
20250512,600601,2,True,True,0,False,False,0,YELLOW,85.87999725341797,225.5099945068359
20250512,600602,0,False,False,1,True,False,1,YELLOW,-10.699999809265137,10.09000015258789
20250512,600603,0,False,False,1,False,True,0,OK,-23.3799991607666,-87.22000122070312
20250512,600604,0,False,False,0,False,False,0,WEAK,-156.07000732421875,-31.829999923706055
20250512,600605,1,False,True,2,True,True,1,WEAK,-7.239999771118164,0.8299999833106995
20250512,600606,0,False,False,0,False,False,0,WEAK,-500.0,-419.2699890136719
20250512,600609,2,True,True,1,False,True,0,YELLOW,-28.1299991607666,-14.170000076293944
20250512,600610,1,True,False,2,True,True,1,YELLOW,449.8299865722656,44.790000915527344
20250512,600611,1,False,True,1,False,True,0,WEAK,-146.92999267578125,-64.12999725341797
20250512,600612,1,False,True,1,False,True,0,YELLOW,-24.989999771118164,1.559999942779541
20250512,600613,1,False,True,1,False,True,0,WEAK,-16.479999542236328,-15.4399995803833
20250512,600615,2,True,True,2,True,True,1,YELLOW,-39.70000076293945,-218.07000732421875
20250512,600616,2,True,True,2,True,True,1,YELLOW,66.4800033569336,-66.05000305175781
20250512,600617,0,False,False,2,True,True,1,YELLOW,28.799999237060547,132.77000427246094
20250512,600618,2,True,True,1,False,True,0,YELLOW,1.4900000095367432,-9.380000114440918
20250512,600619,2,True,True,1,False,True,0,YELLOW,244.4900054931641,500.0
20250512,600620,2,True,True,0,False,False,0,WEAK,157.47999572753906,-319.4599914550781
20250512,600621,2,True,True,1,True,False,1,WEAK,61.790000915527344,5.070000171661377
20250512,600622,0,False,False,0,False,False,0,WEAK,-56.2400016784668,7.130000114440918
20250512,600623,2,True,True,1,False,True,0,YELLOW,-28.790000915527344,49.2400016784668
20250512,600626,0,False,False,1,False,True,0,WEAK,40.08000183105469,73.66999816894531
20250512,600628,0,False,False,1,False,True,0,OK,-23.549999237060547,-25.579999923706055
20250512,600629,0,False,False,0,False,False,0,YELLOW,-59.38999938964844,-116.7699966430664
20250512,600630,1,True,False,1,False,True,0,OK,-77.81999969482422,37.72999954223633
20250512,600633,1,True,False,0,False,False,0,WEAK,5.869999885559082,-11.6899995803833
20250512,600635,1,True,False,1,False,True,0,YELLOW,104.79000091552734,-25.520000457763672
20250512,600637,0,False,False,0,False,False,0,OK,-25.15999984741211,-63.20000076293945
20250512,600638,2,True,True,1,True,False,1,WEAK,120.08000183105467,-134.64999389648438
20250512,600639,1,False,True,1,True,False,1,WEAK,-17.969999313354492,-21.510000228881836
20250512,600640,2,True,True,0,False,False,0,YELLOW,-20.579999923706055,3.0199999809265137
20250512,600641,1,False,True,0,False,False,0,WEAK,-500.0,-347.9599914550781
20250512,600642,1,False,True,2,True,True,1,YELLOW,7.849999904632568,-11.739999771118164
20250512,600643,1,False,True,0,False,False,0,WEAK,-98.1999969482422,-95.37000274658205
20250512,600644,1,True,False,2,True,True,1,WEAK,9.649999618530272,-31.780000686645508
20250512,600645,0,False,False,2,True,True,1,OK,-24.88999938964844,-39.61000061035156
20250512,600648,0,False,False,0,False,False,0,WEAK,-62.58000183105469,-53.290000915527344
20250512,600649,2,True,True,1,True,False,1,WEAK,227.55999755859375,-57.54999923706055
20250512,600650,0,False,False,1,False,True,0,YELLOW,-15.93000030517578,5.010000228881836
20250512,600651,0,False,False,1,False,True,0,YELLOW,230.75,1.6799999475479126
20250512,600653,2,True,True,1,False,True,0,WEAK,-8.550000190734863,-61.400001525878906
20250512,600654,2,True,True,0,False,False,0,YELLOW,101.54000091552734,71.48999786376953
20250512,600655,0,False,False,1,False,True,0,YELLOW,-41.84000015258789,156.3800048828125
20250512,600657,1,False,True,0,False,False,0,WEAK,-500.0,-129.7100067138672
20250512,600658,0,False,False,0,False,False,0,WEAK,18.829999923706055,-71.31999969482422
20250512,600660,1,True,False,1,False,True,0,OK,24.700000762939453,-17.31999969482422
20250512,600661,2,True,True,1,False,True,0,OK,500.0,73.83000183105469
20250512,600662,1,True,False,1,False,True,0,YELLOW,-6.960000038146973,1.7400000095367432
20250512,600663,1,True,False,1,True,False,1,WEAK,2.4100000858306885,-68.73999786376953
20250512,600664,2,True,True,1,False,True,0,YELLOW,-38.560001373291016,-24.75
20250512,600665,1,True,False,1,True,False,1,WEAK,-500.0,-151.75
20250512,600666,2,True,True,0,False,False,0,WEAK,62.880001068115234,-7.25
20250512,600667,1,False,True,0,False,False,0,YELLOW,-15.510000228881836,9.4399995803833
20250512,600668,1,False,True,1,True,False,1,YELLOW,-142.9199981689453,79.04000091552734
20250512,600671,2,True,True,2,True,True,1,OK,238.3800048828125,-38.060001373291016
20250512,600673,1,True,False,0,False,False,0,YELLOW,171.77000427246094,-37.290000915527344
20250512,600674,2,True,True,2,True,True,1,OK,-4.159999847412109,-1.919999957084656
20250512,600675,1,True,False,1,True,False,1,YELLOW,158.25,-117.73999786376952
20250512,600676,1,True,False,1,False,True,0,WEAK,19.399999618530273,-6.96999979019165
20250512,600679,2,True,True,1,False,True,0,YELLOW,8.649999618530273,-41.5
20250512,600681,1,True,False,1,False,True,0,YELLOW,-11.229999542236328,11.68000030517578
20250512,600682,0,False,False,0,False,False,0,OK,-21.280000686645508,-81.44000244140625
20250512,600683,1,False,True,0,False,False,0,WEAK,55.5,20.579999923706055
20250512,600684,0,False,False,1,True,False,1,YELLOW,-38.779998779296875,-292.1499938964844
20250512,600685,1,True,False,1,False,True,0,YELLOW,278.7799987792969,104.43000030517578
20250512,600686,2,True,True,1,False,True,0,YELLOW,159.25,500.0
20250512,600688,0,False,False,0,False,False,0,WEAK,-500.0,500.0
20250512,600689,1,False,True,1,True,False,1,YELLOW,-37.13999938964844,67.18000030517578
20250512,600690,2,True,True,1,False,True,0,YELLOW,15.029999732971191,-17.200000762939453
20250512,600691,1,False,True,1,False,True,0,WEAK,9.90999984741211,63.02000045776367
20250512,600692,2,True,True,0,False,False,0,WEAK,32.06999969482422,107.41000366210938
20250512,600693,1,True,False,2,True,True,1,YELLOW,-0.6000000238418579,14.869999885559082
20250512,600694,1,True,False,1,False,True,0,OK,-16.93000030517578,3.2100000381469727
20250512,600697,0,False,False,2,True,True,1,WEAK,-5.289999961853027,77.5199966430664
20250512,600698,1,True,False,2,True,True,1,YELLOW,79.5199966430664,116.72000122070312
20250512,600699,1,True,False,1,False,True,0,YELLOW,19.219999313354492,13.229999542236328
20250512,600702,1,False,True,2,True,True,1,WEAK,-29.690000534057617,-34.90999984741211
20250512,600703,1,True,False,1,True,False,1,YELLOW,6.329999923706055,-339.67999267578125
20250512,600704,1,True,False,2,True,True,1,YELLOW,23.56999969482422,-7.03000020980835
20250512,600706,1,False,True,1,False,True,0,WEAK,54.68000030517578,55.0099983215332
20250512,600707,2,True,True,0,False,False,0,WEAK,-70.58999633789062,-106.22000122070312
20250512,600708,0,False,False,0,False,False,0,WEAK,-36.5,-15.260000228881836
20250512,600710,1,True,False,2,True,True,1,YELLOW,16.68000030517578,4.320000171661377
20250512,600711,1,True,False,2,True,True,1,YELLOW,-1.6200000047683716,145.4499969482422
20250512,600712,0,False,False,1,False,True,0,WEAK,-500.0,120.9800033569336
20250512,600713,2,True,True,2,True,True,1,YELLOW,-14.779999732971191,-0.3899999856948852
20250512,600714,1,True,False,2,True,True,1,YELLOW,95.55999755859376,-108.29000091552734
20250512,600715,2,True,True,1,True,False,1,WEAK,93.8000030517578,-197.47000122070312
20250512,600716,1,True,False,1,True,False,1,WEAK,129.77999877929688,-500.0
20250512,600717,0,False,False,1,False,True,0,YELLOW,-7.400000095367432,30.3799991607666
20250512,600718,0,False,False,0,False,False,0,WEAK,-145.8699951171875,-155.7899932861328
20250512,600719,1,True,False,2,True,True,1,WEAK,3.819999933242798,56.77000045776367
20250512,600720,0,False,False,0,False,False,0,YELLOW,-22.93000030517578,-16.670000076293945
20250512,600721,0,False,False,2,True,True,1,OK,40.18000030517578,-72.83000183105469
20250512,600722,0,False,False,1,False,True,0,YELLOW,-3.890000104904175,-9.020000457763672
20250512,600724,0,False,False,0,False,False,0,YELLOW,0.3300000131130218,4.440000057220459
20250512,600725,0,False,False,1,True,False,1,WEAK,-96.05999755859376,40.959999084472656
20250512,600726,2,True,True,2,True,True,1,WEAK,-18.36000061035156,22.770000457763672
20250512,600727,0,False,False,1,False,True,0,YELLOW,-82.45999908447266,56.29999923706055
20250512,600728,2,True,True,1,True,False,1,YELLOW,134.4499969482422,8.130000114440918
20250512,600729,0,False,False,2,True,True,1,YELLOW,5.679999828338623,-34.290000915527344
20250512,600731,2,True,True,2,True,True,1,YELLOW,-18.350000381469727,-14.84000015258789
20250512,600732,2,True,True,1,False,True,0,WEAK,77.73999786376953,-4.860000133514404
20250512,600733,2,True,True,1,False,True,0,WEAK,22.989999771118164,8.5600004196167
20250512,600736,0,False,False,0,False,False,0,YELLOW,69.45999908447266,44.13999938964844
20250512,600737,0,False,False,1,False,True,0,YELLOW,-32.849998474121094,29.809999465942383
20250512,600738,1,False,True,2,True,True,1,WEAK,9.050000190734863,4.670000076293945
20250512,600739,1,True,False,1,False,True,0,WEAK,92.1999969482422,58.439998626708984
20250512,600740,0,False,False,0,False,False,0,WEAK,-128.88999938964844,73.12999725341797
20250512,600741,1,True,False,1,False,True,0,YELLOW,4.070000171661377,-0.5400000214576721
20250512,600742,2,True,True,2,True,True,1,YELLOW,7.21999979019165,-22.920000076293945
20250512,600743,1,True,False,0,False,False,0,WEAK,94.81999969482422,37.650001525878906
20250512,600744,2,True,True,2,True,True,1,YELLOW,500.0,85.20999908447266
20250512,600746,2,True,True,2,True,True,1,WEAK,-39.459999084472656,-40.97999954223633
20250512,600748,1,True,False,0,False,False,0,WEAK,-110.72000122070312,-31.93000030517578
20250512,600749,1,True,False,2,True,True,1,WEAK,104.83000183105467,-16.65999984741211
20250512,600750,0,False,False,2,True,True,1,OK,3.9800000190734863,8.09000015258789
20250512,600751,0,False,False,2,True,True,1,WEAK,-33.45000076293945,-62.380001068115234
20250512,600754,0,False,False,1,False,True,0,YELLOW,31.43000030517578,472.6700134277344
20250512,600755,0,False,False,1,False,True,0,YELLOW,31.86000061035156,500.0
20250512,600756,1,False,True,0,False,False,0,WEAK,-118.1999969482422,2.609999895095825
20250512,600757,2,True,True,1,True,False,1,OK,24.84000015258789,-15.800000190734863
20250512,600758,1,True,False,1,True,False,1,YELLOW,-165.5800018310547,-207.3300018310547
20250512,600760,0,False,False,1,False,True,0,YELLOW,-27.170000076293945,-61.720001220703125
20250512,600761,1,False,True,1,False,True,0,YELLOW,4.409999847412109,8.329999923706055
20250512,600763,1,True,False,1,False,True,0,OK,2.9800000190734863,1.3200000524520874
20250512,600764,1,True,False,2,True,True,1,OK,5.760000228881836,-23.8700008392334
20250512,600765,0,False,False,1,False,True,0,YELLOW,-44.5,-17.459999084472656
20250512,600768,1,True,False,2,True,True,1,YELLOW,371.8999938964844,500.0
20250512,600769,1,True,False,2,True,True,1,YELLOW,-31.399999618530273,8.739999771118164
20250512,600770,2,True,True,0,False,False,0,WEAK,58.91999816894531,-500.0
20250512,600771,2,True,True,2,True,True,1,OK,16.15999984741211,4.550000190734863
20250512,600773,1,True,False,0,False,False,0,WEAK,23.219999313354492,-54.11000061035156
20250512,600774,0,False,False,2,True,True,1,WEAK,-163.24000549316406,-112.47000122070312
20250512,600775,1,True,False,1,True,False,1,WEAK,12.579999923706056,55.0
20250512,600776,1,False,True,0,False,False,0,WEAK,330.05999755859375,176.35000610351562
20250512,600778,1,True,False,1,False,True,0,YELLOW,6.389999866485596,26.81999969482422
20250512,600779,1,True,False,1,False,True,0,OK,-76.11000061035156,-10.970000267028809
20250512,600780,1,True,False,2,True,True,1,YELLOW,28.90999984741211,0.9300000071525574
20250512,600782,2,True,True,1,True,False,1,YELLOW,109.79000091552734,-500.0
20250512,600783,1,True,False,1,False,True,0,WEAK,0.959999978542328,62.86000061035156
20250512,600784,1,True,False,1,False,True,0,YELLOW,-37.75,-26.88999938964844
20250512,600785,0,False,False,2,True,True,1,YELLOW,-8.899999618530273,-11.9399995803833
20250512,600787,1,True,False,1,False,True,0,YELLOW,-25.86000061035156,5.550000190734863
20250512,600789,1,True,False,2,True,True,1,YELLOW,-7.949999809265137,-29.329999923706055
20250512,600790,1,False,True,1,False,True,0,WEAK,-20.459999084472656,-81.6500015258789
20250512,600791,0,False,False,1,True,False,1,WEAK,-158.3699951171875,26.3700008392334
20250512,600792,1,True,False,1,True,False,1,WEAK,27.700000762939453,-5.769999980926514
20250512,600793,2,True,True,2,True,True,1,YELLOW,101.93000030517578,-364.1300048828125
20250512,600794,1,False,True,2,True,True,1,WEAK,-75.75,-36.06999969482422
20250512,600795,0,False,False,2,True,True,1,YELLOW,37.9900016784668,-15.539999961853027
20250512,600796,2,True,True,1,False,True,0,YELLOW,-21.530000686645508,29.020000457763672
20250512,600797,1,False,True,1,True,False,1,WEAK,0.4199999868869781,11.75
20250512,600798,0,False,False,1,False,True,0,WEAK,-21.790000915527344,70.52999877929688
20250512,600800,2,True,True,1,True,False,1,WEAK,-5.980000019073486,15.100000381469728
20250512,600801,1,True,False,1,True,False,1,YELLOW,82.02999877929688,166.86000061035156
20250512,600802,1,True,False,1,True,False,1,WEAK,88.66999816894531,-79.7699966430664
20250512,600803,1,True,False,1,False,True,0,YELLOW,11.390000343322754,-31.3799991607666
20250512,600805,1,True,False,1,True,False,1,YELLOW,151.50999450683594,-25.979999542236328
20250512,600807,2,True,True,1,False,True,0,WEAK,9.949999809265137,13.15999984741211
20250512,600808,1,True,False,0,False,False,0,WEAK,102.58999633789062,96.43000030517578
20250512,600809,2,True,True,2,True,True,1,OK,0.5299999713897705,-19.18000030517578
20250512,600810,1,False,True,2,True,True,1,WEAK,-500.0,33.59000015258789
20250512,600812,1,True,False,1,False,True,0,OK,73.61000061035156,-41.56999969482422
20250512,600814,0,False,False,2,True,True,1,OK,-20.09000015258789,-2.7200000286102295
20250512,600815,1,True,False,1,False,True,0,YELLOW,-35.06999969482422,-49.88999938964844
20250512,600816,1,True,False,0,False,False,0,YELLOW,1.3899999856948853,-7.440000057220459
20250512,600817,2,True,True,1,False,True,0,WEAK,14.149999618530272,-8.829999923706055
20250512,600819,2,True,True,0,False,False,0,YELLOW,41.22999954223633,-54.38999938964844
20250512,600820,1,False,True,0,False,False,0,YELLOW,-24.260000228881836,-6.559999942779541
20250512,600821,1,False,True,1,False,True,0,YELLOW,-26.06999969482422,-121.66999816894533
20250512,600822,0,False,False,2,True,True,1,YELLOW,-95.0,-8.069999694824219
20250512,600824,0,False,False,1,False,True,0,YELLOW,-76.56999969482422,30.0
20250512,600825,1,True,False,1,True,False,1,OK,-92.5999984741211,-26.8700008392334
20250512,600826,1,True,False,1,False,True,0,WEAK,-15.850000381469728,-191.36000061035156
20250512,600827,0,False,False,1,False,True,0,YELLOW,-3.0799999237060547,-4.71999979019165
20250512,600828,0,False,False,2,True,True,1,YELLOW,-67.55000305175781,-230.44000244140625
20250512,600829,0,False,False,1,False,True,0,YELLOW,-42.68000030517578,8.130000114440918
20250512,600830,1,False,True,0,False,False,0,WEAK,25.43000030517578,15.68000030517578
20250512,600831,0,False,False,1,True,False,1,WEAK,-5.380000114440918,-20.020000457763672
20250512,600833,2,True,True,1,False,True,0,YELLOW,23.36000061035156,-87.83000183105469
20250512,600834,0,False,False,1,False,True,0,WEAK,-22.15999984741211,-48.939998626708984
20250512,600835,1,False,True,2,True,True,1,YELLOW,-4.710000038146973,-10.100000381469728
20250512,600838,1,True,False,1,False,True,0,YELLOW,0.6399999856948853,-23.31999969482422
20250512,600839,1,True,False,1,False,True,0,YELLOW,7.340000152587891,-78.08000183105469
20250512,600841,1,True,False,2,True,True,1,WEAK,62.189998626708984,110.0999984741211
20250512,600843,0,False,False,1,False,True,0,WEAK,-199.8000030517578,-7.800000190734863
20250512,600844,2,True,True,2,True,True,1,WEAK,53.279998779296875,68.95999908447266
20250512,600845,1,False,True,0,False,False,0,OK,-45.66999816894531,-10.59000015258789
20250512,600846,2,True,True,1,True,False,1,YELLOW,-9.84000015258789,-31.899999618530273
20250512,600847,1,False,True,2,True,True,1,WEAK,-35.79999923706055,-60.369998931884766
20250512,600848,0,False,False,0,False,False,0,WEAK,71.33999633789062,-86.29000091552734
20250512,600850,2,True,True,1,True,False,1,YELLOW,-18.739999771118164,-47.630001068115234
20250512,600851,2,True,True,1,False,True,0,YELLOW,3.680000066757202,-17.559999465942383
20250512,600853,2,True,True,0,False,False,0,YELLOW,11.859999656677246,90.08999633789062
20250512,600854,1,True,False,1,True,False,1,WEAK,-9.890000343322754,-50.97999954223633
20250512,600855,0,False,False,2,True,True,1,WEAK,22.739999771118164,12.5600004196167
20250512,600857,0,False,False,2,True,True,1,WEAK,26.469999313354492,-5.949999809265137
20250512,600858,0,False,False,2,True,True,1,OK,-29.190000534057617,-4.289999961853027
20250512,600859,0,False,False,2,True,True,1,OK,-92.05999755859376,8.90999984741211
20250512,600860,0,False,False,2,True,True,1,WEAK,-53.93000030517578,-153.67999267578125
20250512,600861,1,False,True,2,True,True,1,WEAK,7.940000057220459,-51.279998779296875
20250512,600862,2,True,True,1,False,True,0,OK,-11.09000015258789,-30.049999237060547
20250512,600863,1,False,True,1,False,True,0,YELLOW,-8.239999771118164,-6.820000171661377
20250512,600864,2,True,True,0,False,False,0,YELLOW,161.1199951171875,-29.030000686645508
20250512,600865,1,False,True,2,True,True,1,OK,-32.529998779296875,-15.119999885559082
20250512,600866,2,True,True,2,True,True,1,YELLOW,28.809999465942383,-111.62999725341795
20250512,600867,0,False,False,1,False,True,0,WEAK,137.9199981689453,15.720000267028809
20250512,600868,1,False,True,2,True,True,1,WEAK,-337.8999938964844,9.25
20250512,600869,1,True,False,2,True,True,1,YELLOW,209.30999755859375,177.47000122070312
20250512,600871,2,True,True,0,False,False,0,YELLOW,31.06999969482422,-7.5
20250512,600872,0,False,False,1,False,True,0,YELLOW,-30.450000762939453,32.4900016784668
20250512,600873,2,True,True,2,True,True,1,YELLOW,14.149999618530272,-91.12999725341795
20250512,600874,2,True,True,1,False,True,0,OK,-3.839999914169311,9.420000076293944
20250512,600875,1,True,False,2,True,True,1,YELLOW,10.43000030517578,11.489999771118164
20250512,600876,0,False,False,1,True,False,1,WEAK,-140.0500030517578,-174.61000061035156
20250512,600877,0,False,False,0,False,False,0,OK,-121.12000274658205,-159.75
20250512,600879,0,False,False,1,False,True,0,YELLOW,-15.170000076293944,61.560001373291016
20250512,600880,0,False,False,1,False,True,0,WEAK,-95.70999908447266,500.0
20250512,600881,2,True,True,0,False,False,0,WEAK,24.75,36.790000915527344
20250512,600882,2,True,True,2,True,True,1,OK,92.44000244140624,-1.4800000190734863
20250512,600883,1,False,True,2,True,True,1,WEAK,-58.06999969482422,25.510000228881836
20250512,600884,2,True,True,2,True,True,1,YELLOW,500.0,500.0
20250512,600885,1,True,False,2,True,True,1,OK,17.56999969482422,18.219999313354492
20250512,600886,1,True,False,2,True,True,1,YELLOW,2.3499999046325684,2.109999895095825
20250512,600887,1,True,False,2,True,True,1,OK,18.729999542236328,15.109999656677246
20250512,600888,1,False,True,1,False,True,0,WEAK,-38.849998474121094,16.18000030517578
20250512,600893,0,False,False,1,False,True,0,YELLOW,-90.0199966430664,78.86000061035156
20250512,600894,0,False,False,1,False,True,0,WEAK,-38.81999969482422,133.47000122070312
20250512,600895,2,True,True,1,True,False,1,WEAK,21.760000228881836,-72.1500015258789
20250512,600897,2,True,True,1,False,True,0,WEAK,13.899999618530272,-8.039999961853027
20250512,600900,2,True,True,2,True,True,1,YELLOW,0.7900000214576721,19.200000762939453
20250512,600901,1,True,False,1,True,False,1,WEAK,10.170000076293944,4.650000095367432
20250512,600903,0,False,False,1,False,True,0,YELLOW,-74.63999938964844,48.560001373291016
20250512,600905,1,False,True,1,False,True,0,WEAK,-26.36000061035156,-50.119998931884766
20250512,600906,2,True,True,0,False,False,0,WEAK,80.44999694824219,116.45999908447266
20250512,600908,1,True,False,1,False,True,0,WEAK,6.75,3.240000009536743
20250512,600909,1,True,False,1,True,False,1,WEAK,64.68000030517578,-17.09000015258789
20250512,600916,0,False,False,1,False,True,0,YELLOW,-57.54999923706055,21.600000381469727
20250512,600917,1,True,False,1,False,True,0,WEAK,-50.650001525878906,14.029999732971191
20250512,600918,1,True,False,1,True,False,1,WEAK,163.10000610351562,14.270000457763672
20250512,600919,1,True,False,2,True,True,1,WEAK,9.079999923706056,8.529999732971191
20250512,600925,0,False,False,1,True,False,1,WEAK,-85.62000274658203,0.8500000238418579
20250512,600926,1,True,False,1,False,True,0,WEAK,15.010000228881836,10.850000381469728
20250512,600927,1,False,True,1,True,False,1,WEAK,15.350000381469728,500.0
20250512,600928,1,True,False,1,False,True,0,WEAK,6.570000171661377,5.960000038146973
20250512,600929,0,False,False,1,False,True,0,WEAK,-102.3499984741211,500.0
20250512,600933,1,True,False,1,False,True,0,YELLOW,24.739999771118164,-17.780000686645508
20250512,600935,0,False,False,1,False,True,0,WEAK,38.72999954223633,69.2300033569336
20250512,600936,0,False,False,1,True,False,1,WEAK,21.350000381469727,111.81999969482422
20250512,600938,0,False,False,0,False,False,0,YELLOW,-12.90999984741211,5.429999828338623
20250512,600939,0,False,False,1,True,False,1,WEAK,-338.69000244140625,30.3700008392334
20250512,600941,1,True,False,1,True,False,1,YELLOW,6.570000171661377,-3.4600000381469727
20250512,600955,1,False,True,1,False,True,0,WEAK,-322.75,176.44000244140625
20250512,600956,2,True,True,2,True,True,1,WEAK,4.050000190734863,-25.06999969482422
20250512,600958,2,True,True,1,True,False,1,WEAK,57.630001068115234,5.829999923706055
20250512,600959,1,True,False,1,True,False,1,YELLOW,72.62000274658203,-500.0
20250512,600960,2,True,True,2,True,True,1,YELLOW,73.36000061035156,-139.3699951171875
20250512,600961,1,True,False,2,True,True,1,YELLOW,82.2699966430664,323.4200134277344
20250512,600962,2,True,True,2,True,True,1,WEAK,500.0,-92.66999816894533
20250512,600963,1,True,False,1,False,True,0,YELLOW,388.7300109863281,-65.48999786376953
20250512,600966,0,False,False,1,False,True,0,YELLOW,-26.270000457763672,-1.850000023841858
20250512,600967,1,True,False,2,True,True,1,YELLOW,9.3100004196167,-26.309999465942383
20250512,600968,2,True,True,1,True,False,1,YELLOW,14.539999961853027,14.920000076293944
20250512,600969,1,True,False,2,True,True,1,YELLOW,303.8599853515625,109.61000061035156
20250512,600970,0,False,False,1,True,False,1,YELLOW,-9.739999771118164,-27.809999465942383
20250512,600971,0,False,False,0,False,False,0,WEAK,-112.2699966430664,72.54000091552734
20250512,600973,0,False,False,1,False,True,0,YELLOW,312.2799987792969,90.2699966430664
20250512,600975,1,True,False,1,False,True,0,WEAK,-291.79998779296875,-500.0
20250512,600976,1,True,False,2,True,True,1,YELLOW,-5.579999923706055,-25.940000534057617
20250512,600977,1,False,True,1,True,False,1,WEAK,-165.4600067138672,20.899999618530273
20250512,600979,0,False,False,2,True,True,1,YELLOW,-44.779998779296875,-8.920000076293945
20250512,600980,1,False,True,2,True,True,1,YELLOW,0.1400000005960464,30.049999237060547
20250512,600981,1,True,False,2,True,True,1,WEAK,77.97000122070312,81.45999908447266
20250512,600982,1,False,True,2,True,True,1,YELLOW,46.209999084472656,22.229999542236328
20250512,600983,2,True,True,2,True,True,1,YELLOW,500.0,-51.790000915527344
20250512,600984,0,False,False,1,False,True,0,WEAK,-49.34000015258789,-9.869999885559082
20250512,600985,0,False,False,0,False,False,0,YELLOW,-75.4800033569336,-28.36000061035156
20250512,600986,2,True,True,1,True,False,1,YELLOW,-78.62000274658203,-42.02000045776367
20250512,600987,1,True,False,1,False,True,0,YELLOW,3.0,2.190000057220459
20250512,600988,2,True,True,2,True,True,1,OK,95.13999938964844,101.56999969482422
20250512,600989,2,True,True,1,False,True,0,YELLOW,82.8499984741211,30.920000076293945
20250512,600990,1,True,False,1,False,True,0,WEAK,-42.65999984741211,-157.5500030517578
20250512,600992,0,False,False,1,False,True,0,WEAK,-168.88999938964844,-143.74000549316406
20250512,600993,1,True,False,2,True,True,1,YELLOW,4.269999980926514,4.139999866485596
20250512,600995,1,True,False,1,False,True,0,OK,35.29999923706055,19.920000076293945
20250512,600996,0,False,False,1,True,False,1,WEAK,-14.3100004196167,-1.3899999856948853
20250512,600997,0,False,False,0,False,False,0,YELLOW,-79.54000091552734,-270.3999938964844
20250512,600998,1,False,True,2,True,True,1,YELLOW,-9.800000190734863,7.119999885559082
20250512,600999,1,True,False,0,False,False,0,WEAK,24.020000457763672,41.70000076293945
20250512,601000,0,False,False,1,False,True,0,OK,-11.100000381469728,23.6200008392334
20250512,601001,1,False,True,0,False,False,0,YELLOW,-40.470001220703125,-33.599998474121094
20250512,601002,1,True,False,2,True,True,1,YELLOW,95.1500015258789,24.229999542236328
20250512,601003,2,True,True,1,True,False,1,YELLOW,285.6099853515625,-93.36000061035156
20250512,601005,1,True,False,0,False,False,0,WEAK,82.91999816894531,-70.02999877929688
20250512,601006,0,False,False,1,False,True,0,WEAK,-27.799999237060547,-6.909999847412109
20250512,601007,1,True,False,2,True,True,1,YELLOW,3.450000047683716,30.8799991607666
20250512,601008,1,False,True,2,True,True,1,YELLOW,-19.959999084472656,21.25
20250512,601009,1,True,False,1,False,True,0,WEAK,8.390000343322754,8.90999984741211
20250512,601011,1,True,False,0,False,False,0,WEAK,58.2400016784668,19.11000061035156
20250512,601012,2,True,True,1,False,True,0,WEAK,31.350000381469727,-7.630000114440918
20250512,601015,1,False,True,1,True,False,1,WEAK,-20.040000915527344,-4.880000114440918
20250512,601016,0,False,False,1,False,True,0,WEAK,-37.34000015258789,-47.16999816894531
20250512,601018,1,True,False,2,True,True,1,YELLOW,9.0600004196167,3.700000047683716
20250512,601019,1,True,False,0,False,False,0,OK,29.399999618530273,3.700000047683716
20250512,601020,2,True,True,2,True,True,1,YELLOW,151.1199951171875,-28.61000061035156
20250512,601021,0,False,False,2,True,True,1,WEAK,-10.890000343322754,43.619998931884766
20250512,601022,1,True,False,2,True,True,1,YELLOW,29.489999771118164,-12.779999732971191
20250512,601033,1,False,True,2,True,True,1,WEAK,16.149999618530273,22.700000762939453
20250512,601038,0,False,False,1,False,True,0,YELLOW,-14.81999969482422,6.46999979019165
20250512,601058,1,False,True,1,False,True,0,YELLOW,-9.729999542236328,2.25
20250512,601059,1,True,False,1,True,False,1,WEAK,54.689998626708984,126.41999816894533
20250512,601061,1,True,False,2,True,True,1,YELLOW,72.05999755859375,146.0500030517578
20250512,601065,0,False,False,1,False,True,0,OK,-46.529998779296875,-69.06999969482422
20250512,601066,1,True,False,1,True,False,1,WEAK,65.27999877929688,97.44000244140624
20250512,601068,0,False,False,1,True,False,1,YELLOW,-38.5099983215332,58.630001068115234
20250512,601069,1,False,True,2,True,True,1,YELLOW,134.58999633789062,500.0
20250512,601077,2,True,True,2,True,True,1,WEAK,7.110000133514404,5.070000171661377
20250512,601083,2,True,True,2,True,True,1,YELLOW,70.7699966430664,-8.710000038146973
20250512,601086,1,False,True,2,True,True,1,OK,-18.959999084472656,16.899999618530273
20250512,601088,0,False,False,1,True,False,1,OK,-15.920000076293944,-8.479999542236328
20250512,601089,1,False,True,2,True,True,1,OK,-4.849999904632568,-26.719999313354492
20250512,601096,2,True,True,0,False,False,0,YELLOW,88.93000030517578,14.59000015258789
20250512,601098,1,True,False,1,True,False,1,YELLOW,24.350000381469727,-1.059999942779541
20250512,601099,2,True,True,0,False,False,0,WEAK,93.02999877929688,-66.45999908447266
20250512,601100,1,True,False,2,True,True,1,OK,15.779999732971191,-18.329999923706055
20250512,601101,0,False,False,1,True,False,1,WEAK,-49.22999954223633,17.84000015258789
20250512,601106,1,False,True,1,False,True,0,WEAK,29.36000061035156,94.80999755859376
20250512,601107,1,True,False,2,True,True,1,YELLOW,16.40999984741211,-9.31999969482422
20250512,601108,0,False,False,0,False,False,0,WEAK,44.369998931884766,118.75
20250512,601111,1,False,True,2,True,True,1,WEAK,279.95001220703125,164.9600067138672
20250512,601113,2,True,True,1,False,True,0,YELLOW,-43.0,-93.54000091552734
20250512,601116,2,True,True,2,True,True,1,YELLOW,-10.31999969482422,-2.569999933242798
20250512,601117,1,True,False,1,True,False,1,YELLOW,3.430000066757202,8.8100004196167
20250512,601118,2,True,True,1,False,True,0,WEAK,31.38999938964844,-122.33999633789062
20250512,601121,1,False,True,0,False,False,0,OK,-33.95000076293945,98.68000030517578
20250512,601126,2,True,True,2,True,True,1,YELLOW,14.489999771118164,13.0
20250512,601127,2,True,True,1,False,True,0,WEAK,26.700000762939453,-73.87000274658203
20250512,601128,2,True,True,1,False,True,0,WEAK,12.220000267028809,13.739999771118164
20250512,601133,1,False,True,0,False,False,0,YELLOW,-17.90999984741211,-29.549999237060547
20250512,601136,0,False,False,1,True,False,1,WEAK,7.210000038146973,31.459999084472656
20250512,601137,2,True,True,1,False,True,0,YELLOW,-16.729999542236328,-124.05999755859376
20250512,601138,2,True,True,0,False,False,0,YELLOW,46.9900016784668,109.0500030517578
20250512,601139,0,False,False,1,False,True,0,YELLOW,-11.59000015258789,13.449999809265137
20250512,601155,1,True,False,1,True,False,1,YELLOW,-31.81999969482422,14.970000267028809
20250512,601156,1,False,True,1,False,True,0,YELLOW,-4.670000076293945,5.019999980926514
20250512,601158,1,True,False,2,True,True,1,YELLOW,5.599999904632568,14.239999771118164
20250512,601162,1,True,False,0,False,False,0,WEAK,129.3300018310547,-218.61000061035156
20250512,601163,0,False,False,1,False,True,0,YELLOW,-25.280000686645508,54.81999969482422
20250512,601166,1,False,True,2,True,True,1,WEAK,0.4199999868869781,0.0900000035762786
20250512,601168,2,True,True,1,False,True,0,YELLOW,4.829999923706055,105.81999969482422
20250512,601169,0,False,False,2,True,True,1,WEAK,1.8600000143051147,5.690000057220459
20250512,601177,2,True,True,2,True,True,1,WEAK,9.789999961853027,19.15999984741211
20250512,601179,1,True,False,1,False,True,0,YELLOW,18.170000076293945,26.329999923706055
20250512,601186,0,False,False,0,False,False,0,YELLOW,-6.139999866485596,-15.3100004196167
20250512,601187,1,False,True,1,False,True,0,WEAK,0.050000000745058,-3.2300000190734863
20250512,601188,1,True,False,2,True,True,1,OK,2.859999895095825,-15.289999961853027
20250512,601198,1,True,False,1,True,False,1,WEAK,61.02000045776367,-6.599999904632568
20250512,601199,1,True,False,1,False,True,0,WEAK,-4.090000152587891,-8.270000457763672
20250512,601200,1,True,False,1,False,True,0,YELLOW,2.119999885559082,3.440000057220459
20250512,601208,1,True,False,2,True,True,1,YELLOW,45.060001373291016,41.7400016784668
20250512,601211,2,True,True,1,True,False,1,WEAK,80.45999908447266,73.43000030517578
20250512,601212,2,True,True,1,False,True,0,WEAK,99.44000244140624,302.29998779296875
20250512,601216,1,True,False,1,False,True,0,YELLOW,25.75,-24.86000061035156
20250512,601218,1,True,False,2,True,True,1,WEAK,352.42999267578125,-14.479999542236328
20250512,601222,1,False,True,1,False,True,0,OK,-54.81999969482422,-64.52999877929688
20250512,601225,1,False,True,0,False,False,0,WEAK,-29.700000762939453,-7.46999979019165
20250512,601226,2,True,True,0,False,False,0,WEAK,37.380001068115234,36.7400016784668
20250512,601228,0,False,False,1,False,True,0,YELLOW,-17.170000076293945,6.389999866485596
20250512,601229,1,True,False,2,True,True,1,WEAK,3.950000047683716,1.1100000143051147
20250512,601231,1,False,True,0,False,False,0,YELLOW,7.230000019073486,45.689998626708984
20250512,601233,2,True,True,0,False,False,0,YELLOW,58.06999969482422,192.97999572753903
20250512,601236,1,True,False,0,False,False,0,WEAK,30.0,-37.2599983215332
20250512,601238,0,False,False,1,False,True,0,WEAK,-155.3000030517578,-55.029998779296875
20250512,601279,0,False,False,1,False,True,0,WEAK,-290.489990234375,22.440000534057617
20250512,601288,1,True,False,2,True,True,1,WEAK,3.2699999809265137,3.990000009536743
20250512,601298,1,True,False,1,False,True,0,OK,2.6500000953674316,0.1199999973177909
20250512,601311,1,True,False,2,True,True,1,YELLOW,-0.8700000047683716,-19.079999923706055
20250512,601318,1,False,True,1,True,False,1,WEAK,26.8700008392334,-20.979999542236328
20250512,601319,1,True,False,1,True,False,1,WEAK,29.040000915527344,-28.329999923706055
20250512,601326,1,False,True,1,False,True,0,OK,8.6899995803833,2.4000000953674316
20250512,601328,1,True,False,2,True,True,1,WEAK,2.069999933242798,3.2200000286102295
20250512,601330,1,True,False,2,True,True,1,YELLOW,24.549999237060547,11.5600004196167
20250512,601333,1,False,True,1,False,True,0,WEAK,-7.559999942779541,37.15999984741211
20250512,601336,1,True,False,1,True,False,1,WEAK,53.380001068115234,10.130000114440918
20250512,601339,2,True,True,1,False,True,0,YELLOW,99.5500030517578,46.279998779296875
20250512,601360,1,True,False,0,False,False,0,WEAK,82.70999908447266,131.6999969482422
20250512,601366,0,False,False,1,False,True,0,OK,8.699999809265137,51.70000076293945
20250512,601368,1,False,True,2,True,True,1,OK,2.4000000953674316,500.0
20250512,601369,2,True,True,2,True,True,1,YELLOW,-4.159999847412109,-24.3799991607666
20250512,601375,1,False,True,0,False,False,0,WEAK,168.0800018310547,67.44000244140625
20250512,601377,1,True,False,1,True,False,1,WEAK,92.80999755859376,42.650001525878906
20250512,601388,1,False,True,2,True,True,1,YELLOW,-6.53000020980835,247.1199951171875
20250512,601390,0,False,False,0,False,False,0,YELLOW,-20.040000915527344,-29.90999984741211
20250512,601398,0,False,False,2,True,True,1,WEAK,0.6700000166893005,3.490000009536743
20250512,601399,1,True,False,1,False,True,0,YELLOW,11.65999984741211,16.1299991607666
20250512,601456,2,True,True,0,False,False,0,WEAK,348.80999755859375,28.34000015258789
20250512,601500,0,False,False,1,False,True,0,YELLOW,-74.9000015258789,32.41999816894531
20250512,601512,0,False,False,1,True,False,1,WEAK,17.959999084472656,-47.119998931884766
20250512,601515,1,False,True,2,True,True,1,WEAK,68.4800033569336,-248.8500061035156
20250512,601518,0,False,False,1,False,True,0,YELLOW,1.8799999952316284,0.6200000047683716
20250512,601519,1,True,False,1,True,False,1,OK,67.68000030517578,-1.590000033378601
20250512,601528,1,True,False,1,False,True,0,WEAK,12.869999885559082,-1.919999957084656
20250512,601555,1,True,False,1,True,False,1,WEAK,59.97999954223633,-17.860000610351562
20250512,601566,0,False,False,2,True,True,1,OK,-17.3799991607666,10.130000114440918
20250512,601567,1,True,False,1,False,True,0,OK,-26.809999465942383,-69.12999725341797
20250512,601568,1,True,False,1,False,True,0,YELLOW,1.4500000476837158,-76.7699966430664
20250512,601577,2,True,True,1,False,True,0,WEAK,5.909999847412109,6.059999942779541
20250512,601579,2,True,True,2,True,True,1,YELLOW,8.279999732971191,24.079999923706055
20250512,601588,0,False,False,0,False,False,0,WEAK,-120.72000122070312,49.369998931884766
20250512,601595,1,True,False,1,True,False,1,WEAK,160.8000030517578,-81.79000091552734
20250512,601598,0,False,False,1,False,True,0,YELLOW,-19.600000381469727,7.860000133514404
20250512,601599,1,True,False,1,False,True,0,YELLOW,15.420000076293944,-55.47999954223633
20250512,601600,2,True,True,1,False,True,0,YELLOW,22.950000762939453,55.70000076293945
20250512,601601,1,False,True,1,True,False,1,WEAK,15.079999923706056,-1.090000033378601
20250512,601606,1,False,True,1,False,True,0,WEAK,64.0,1.7400000095367432
20250512,601607,0,False,False,1,False,True,0,YELLOW,-26.790000915527344,-2.0199999809265137
20250512,601608,2,True,True,2,True,True,1,YELLOW,14.010000228881836,14.859999656677246
20250512,601609,1,False,True,2,True,True,1,YELLOW,205.69000244140625,-21.790000915527344
20250512,601611,0,False,False,1,True,False,1,YELLOW,-28.81999969482422,-29.209999084472656
20250512,601615,0,False,False,1,False,True,0,YELLOW,-14.470000267028809,-140.07000732421875
20250512,601616,1,False,True,1,False,True,0,WEAK,-114.83000183105467,-500.0
20250512,601618,1,False,True,0,False,False,0,YELLOW,-45.7400016784668,-7.190000057220459
20250512,601619,1,True,False,2,True,True,1,OK,8.729999542236328,-44.5099983215332
20250512,601628,1,True,False,1,True,False,1,WEAK,60.45000076293945,-32.310001373291016
20250512,601633,0,False,False,1,False,True,0,YELLOW,-34.61000061035156,-67.19000244140625
20250512,601636,1,False,True,0,False,False,0,WEAK,-38.130001068115234,-500.0
20250512,601658,1,False,True,1,False,True,0,WEAK,1.5399999618530271,1.4299999475479126
20250512,601665,1,True,False,2,True,True,1,WEAK,15.75,17.170000076293945
20250512,601666,1,False,True,0,False,False,0,WEAK,-83.54000091552734,-18.11000061035156
20250512,601668,1,True,False,1,True,False,1,YELLOW,-4.920000076293945,-7.179999828338623
20250512,601669,0,False,False,0,False,False,0,YELLOW,-17.530000686645508,-27.040000915527344
20250512,601677,2,True,True,1,False,True,0,YELLOW,1.4199999570846558,74.08000183105469
20250512,601678,2,True,True,2,True,True,1,WEAK,-48.58000183105469,79.83999633789062
20250512,601686,2,True,True,1,True,False,1,YELLOW,500.0,-19.450000762939453
20250512,601688,1,True,False,1,True,False,1,WEAK,100.04000091552734,32.86000061035156
20250512,601689,0,False,False,1,False,True,0,YELLOW,-10.220000267028809,-2.7699999809265137
20250512,601696,1,True,False,0,False,False,0,WEAK,35.04999923706055,27.530000686645508
20250512,601698,1,False,True,1,False,True,0,WEAK,-2.7300000190734863,-62.459999084472656
20250512,601699,0,False,False,0,False,False,0,WEAK,-52.40999984741211,4.289999961853027
20250512,601700,1,False,True,1,False,True,0,WEAK,-132.11000061035156,153.72000122070312
20250512,601702,1,False,True,1,False,True,0,YELLOW,0.4000000059604645,-3.660000085830689
20250512,601717,1,True,False,2,True,True,1,YELLOW,13.770000457763672,-35.599998474121094
20250512,601727,2,True,True,1,False,True,0,YELLOW,106.69000244140624,39.75
20250512,601728,0,False,False,1,True,False,1,YELLOW,0.0399999991059303,-25.280000686645508
20250512,601766,1,True,False,1,False,True,0,YELLOW,51.66999816894531,12.699999809265137
20250512,601777,1,True,False,2,True,True,1,YELLOW,-500.0,-96.75
20250512,601778,2,True,True,1,False,True,0,WEAK,-14.949999809265137,-399.2200012207031
20250512,601788,0,False,False,0,False,False,0,WEAK,30.989999771118164,50.06999969482422
20250512,601789,0,False,False,1,True,False,1,YELLOW,-15.920000076293944,-41.31999969482422
20250512,601798,1,True,False,2,True,True,1,YELLOW,197.6499938964844,-94.01000213623048
20250512,601799,1,True,False,1,False,True,0,YELLOW,19.899999618530273,10.9399995803833
20250512,601800,1,False,True,0,False,False,0,YELLOW,-13.449999809265137,-24.3799991607666
20250512,601801,1,True,False,0,False,False,0,YELLOW,0.7599999904632568,0.6499999761581421
20250512,601808,1,True,False,0,False,False,0,YELLOW,27.979999542236328,-12.90999984741211
20250512,601811,2,True,True,1,True,False,1,OK,1.5700000524520874,-0.1700000017881393
20250512,601816,1,True,False,2,True,True,1,OK,2.9100000858306885,6.019999980926514
20250512,601818,1,True,False,2,True,True,1,WEAK,-2.7799999713897705,-9.050000190734863
20250512,601825,1,True,False,2,True,True,1,WEAK,4.679999828338623,1.0199999809265137
20250512,601827,2,True,True,1,False,True,0,YELLOW,6.440000057220459,10.039999961853027
20250512,601828,0,False,False,1,False,True,0,WEAK,8.829999923706055,100.4499969482422
20250512,601838,2,True,True,2,True,True,1,WEAK,5.570000171661377,5.119999885559082
20250512,601857,1,True,False,1,True,False,1,YELLOW,-6.170000076293945,6.480000019073486
20250512,601858,1,True,False,0,False,False,0,YELLOW,47.31999969482422,-14.779999732971191
20250512,601860,1,True,False,1,False,True,0,WEAK,-10.43000030517578,0.0900000035762786
20250512,601865,0,False,False,1,False,True,0,WEAK,-49.720001220703125,-70.47000122070312
20250512,601866,2,True,True,1,False,True,0,WEAK,20.989999771118164,-14.68000030517578
20250512,601868,1,True,False,0,False,False,0,YELLOW,-7.760000228881836,-6.53000020980835
20250512,601869,1,True,False,0,False,False,0,YELLOW,-8.149999618530273,500.0
20250512,601872,0,False,False,1,False,True,0,YELLOW,-11.779999732971191,223.1000061035156
20250512,601877,2,True,True,2,True,True,1,YELLOW,13.289999961853027,11.270000457763672
20250512,601878,2,True,True,0,False,False,0,WEAK,49.75,35.88999938964844
20250512,601880,1,False,True,1,False,True,0,WEAK,65.18000030517578,65.86000061035156
20250512,601881,1,True,False,1,True,False,1,WEAK,58.04999923706055,9.90999984741211
20250512,601882,0,False,False,1,False,True,0,YELLOW,-15.010000228881836,-20.1299991607666
20250512,601886,1,True,False,1,True,False,1,YELLOW,19.11000061035156,3.0299999713897705
20250512,601888,0,False,False,2,True,True,1,OK,-21.600000381469727,20.760000228881836
20250512,601890,1,True,False,2,True,True,1,YELLOW,10.649999618530272,-15.239999771118164
20250512,601898,1,False,True,0,False,False,0,YELLOW,-14.109999656677246,-2.4000000953674316
20250512,601899,1,True,False,2,True,True,1,YELLOW,43.709999084472656,86.80999755859375
20250512,601900,1,True,False,1,True,False,1,YELLOW,46.459999084472656,-7.849999904632568
20250512,601901,1,True,False,1,True,False,1,WEAK,95.91000366210938,22.86000061035156
20250512,601908,1,True,False,1,False,True,0,WEAK,85.93000030517578,-47.33000183105469
20250512,601916,2,True,True,2,True,True,1,WEAK,-7.510000228881836,-0.7200000286102295
20250512,601918,0,False,False,1,True,False,1,OK,-17.049999237060547,2.380000114440918
20250512,601919,1,True,False,2,True,True,1,WEAK,-29.149999618530273,-49.65999984741211
20250512,601921,1,True,False,1,True,False,1,YELLOW,57.90999984741211,-42.34000015258789
20250512,601928,1,True,False,1,True,False,1,OK,19.959999084472656,-17.6299991607666
20250512,601929,1,True,False,0,False,False,0,WEAK,7.0,7.650000095367432
20250512,601933,1,False,True,1,False,True,0,YELLOW,-126.95999908447266,79.55000305175781
20250512,601939,0,False,False,2,True,True,1,WEAK,0.4600000083446502,3.4700000286102295
20250512,601949,0,False,False,0,False,False,0,WEAK,-43.11000061035156,-111.41000366210938
20250512,601952,1,False,True,1,False,True,0,YELLOW,-39.93000030517578,-40.31999969482422
20250512,601956,1,False,True,2,True,True,1,YELLOW,1.909999966621399,-182.1999969482422
20250512,601958,2,True,True,1,False,True,0,WEAK,4.539999961853027,35.970001220703125
20250512,601963,1,True,False,2,True,True,1,WEAK,11.15999984741211,9.5600004196167
20250512,601965,2,True,True,1,False,True,0,OK,1.5,-9.949999809265137
20250512,601966,0,False,False,1,False,True,0,YELLOW,-26.739999771118164,-109.62000274658205
20250512,601968,1,True,False,2,True,True,1,YELLOW,14.359999656677246,13.079999923706056
20250512,601969,1,False,True,1,True,False,1,OK,-40.040000915527344,25.030000686645508
20250512,601975,0,False,False,1,False,True,0,OK,-32.65999984741211,24.68000030517578
20250512,601985,2,True,True,1,False,True,0,OK,-10.239999771118164,-34.9900016784668
20250512,601988,1,False,True,2,True,True,1,WEAK,1.25,3.640000104904175
20250512,601990,1,True,False,0,False,False,0,WEAK,31.690000534057617,7.079999923706055
20250512,601991,1,True,False,2,True,True,1,YELLOW,52.689998626708984,29.940000534057617
20250512,601992,0,False,False,0,False,False,0,WEAK,-51.88999938964844,-16.93000030517578
20250512,601995,1,True,False,1,True,False,1,WEAK,128.4600067138672,76.13999938964844
20250512,601996,1,False,True,1,False,True,0,WEAK,-115.13999938964844,24.850000381469727
20250512,601997,1,False,True,1,False,True,0,WEAK,-0.8500000238418579,3.890000104904175
20250512,601998,2,True,True,2,True,True,1,WEAK,2.690000057220459,3.5199999809265137
20250512,601999,2,True,True,1,True,False,1,YELLOW,127.08999633789062,500.0
20250512,603000,0,False,False,0,False,False,0,WEAK,-60.22999954223633,-35.209999084472656
20250512,603001,1,False,True,2,True,True,1,WEAK,-25.34000015258789,120.41999816894533
20250512,603002,1,False,True,1,True,False,1,YELLOW,-29.18000030517578,-112.87999725341795
20250512,603004,1,False,True,1,False,True,0,YELLOW,11.600000381469728,-23.020000457763672
20250512,603005,2,True,True,0,False,False,0,OK,57.68000030517578,11.630000114440918
20250512,603006,1,False,True,1,False,True,0,YELLOW,20.25,235.6000061035156
20250512,603007,1,True,False,0,False,False,0,WEAK,48.400001525878906,-4.28000020980835
20250512,603009,2,True,True,1,False,True,0,YELLOW,69.37999725341797,16.110000610351562
20250512,603010,0,False,False,1,False,True,0,YELLOW,-83.05999755859375,-209.5099945068359
20250512,603011,2,True,True,2,True,True,1,WEAK,-500.0,-500.0
20250512,603012,0,False,False,1,False,True,0,YELLOW,-47.75,-44.95000076293945
20250512,603013,2,True,True,2,True,True,1,YELLOW,11.079999923706056,21.020000457763672
20250512,603015,2,True,True,1,False,True,0,OK,-52.02000045776367,-92.23999786376952
20250512,603016,1,False,True,1,False,True,0,YELLOW,-8.729999542236328,-50.90999984741211
20250512,603017,0,False,False,1,True,False,1,YELLOW,-14.529999732971191,-0.5799999833106995
20250512,603018,0,False,False,0,False,False,0,OK,-22.6200008392334,27.489999771118164
20250512,603019,1,True,False,0,False,False,0,YELLOW,70.16999816894531,53.29999923706055
20250512,603020,0,False,False,1,False,True,0,YELLOW,-18.010000228881836,24.63999938964844
20250512,603022,2,True,True,2,True,True,1,YELLOW,12.109999656677246,-2.130000114440918
20250512,603023,1,False,True,2,True,True,1,WEAK,-92.4000015258789,-500.0
20250512,603025,2,True,True,1,False,True,0,OK,25.450000762939453,35.400001525878906
20250512,603026,0,False,False,2,True,True,1,WEAK,-500.0,500.0
20250512,603027,1,True,False,1,False,True,0,OK,-25.93000030517578,-9.479999542236328
20250512,603028,2,True,True,2,True,True,1,WEAK,90.86000061035156,-500.0
20250512,603029,1,False,True,1,False,True,0,OK,-13.970000267028809,92.56999969482422
20250512,603030,2,True,True,1,True,False,1,WEAK,-27.100000381469727,102.12000274658205
20250512,603031,2,True,True,1,False,True,0,OK,13.920000076293944,83.86000061035156
20250512,603032,2,True,True,1,False,True,0,WEAK,500.0,500.0
20250512,603033,0,False,False,1,False,True,0,WEAK,-351.30999755859375,-500.0
20250512,603035,0,False,False,1,False,True,0,WEAK,-22.899999618530273,-5.28000020980835
20250512,603036,1,True,False,1,False,True,0,OK,23.350000381469727,-13.140000343322754
20250512,603037,1,True,False,2,True,True,1,OK,-17.6200008392334,-17.850000381469727
20250512,603038,2,True,True,0,False,False,0,YELLOW,98.12999725341795,232.72999572753903
20250512,603039,2,True,True,1,True,False,1,OK,31.93000030517578,109.4499969482422
20250512,603040,1,True,False,2,True,True,1,OK,33.880001068115234,0.1500000059604644
20250512,603041,1,False,True,1,False,True,0,WEAK,-46.36000061035156,21.399999618530273
20250512,603042,1,False,True,1,True,False,1,WEAK,-150.10000610351562,66.4000015258789
20250512,603043,0,False,False,1,False,True,0,WEAK,1.7300000190734863,13.1899995803833
20250512,603045,0,False,False,1,False,True,0,WEAK,58.45000076293945,500.0
20250512,603048,1,False,True,2,True,True,1,YELLOW,26.93000030517578,20.920000076293945
20250512,603050,1,True,False,2,True,True,1,YELLOW,50.439998626708984,-47.15999984741211
20250512,603051,0,False,False,2,True,True,1,YELLOW,-129.82000732421875,500.0
20250512,603052,0,False,False,1,True,False,1,WEAK,-55.470001220703125,-234.9199981689453
20250512,603053,0,False,False,1,False,True,0,YELLOW,-1.1299999952316284,-5.75
20250512,603055,1,False,True,1,False,True,0,YELLOW,-53.7400016784668,6.46999979019165
20250512,603057,0,False,False,2,True,True,1,YELLOW,-45.220001220703125,66.7699966430664
20250512,603058,0,False,False,1,False,True,0,YELLOW,-44.84000015258789,-119.72000122070312
20250512,603059,0,False,False,2,True,True,1,YELLOW,86.36000061035156,66.73999786376953
20250512,603060,0,False,False,1,False,True,0,WEAK,-70.33000183105469,7.309999942779541
20250512,603061,2,True,True,1,True,False,1,OK,222.42999267578125,233.1699981689453
20250512,603062,1,True,False,2,True,True,1,WEAK,24.31999969482422,-87.81999969482422
20250512,603063,1,True,False,2,True,True,1,OK,17.360000610351562,-59.31999969482422
20250512,603065,0,False,False,2,True,True,1,WEAK,-56.459999084472656,45.97999954223633
20250512,603066,1,True,False,1,False,True,0,YELLOW,-44.59000015258789,34.900001525878906
20250512,603067,1,True,False,2,True,True,1,YELLOW,11.93000030517578,7.409999847412109
20250512,603068,2,True,True,0,False,False,0,YELLOW,30.809999465942383,414.05999755859375
20250512,603069,1,False,True,1,False,True,0,WEAK,-153.72000122070312,-12.9399995803833
20250512,603070,2,True,True,1,False,True,0,YELLOW,-12.390000343322754,-344.57000732421875
20250512,603071,0,False,False,1,True,False,1,YELLOW,-9.029999732971191,8.729999542236328
20250512,603072,1,False,True,1,,True,-1,YELLOW,-4.460000038146973,126.1999969482422
20250512,603073,1,False,True,1,False,True,0,YELLOW,-12.75,-39.0
20250512,603075,1,True,False,2,True,True,1,OK,9.93000030517578,1.4199999570846558
20250512,603076,1,True,False,1,False,True,0,YELLOW,17.579999923706055,27.459999084472656
20250512,603077,1,False,True,1,False,True,0,WEAK,-58.349998474121094,500.0
20250512,603078,1,False,True,1,True,False,1,YELLOW,-15.93000030517578,10.06999969482422
20250512,603079,1,True,False,2,True,True,1,YELLOW,393.9599914550781,-38.75
20250512,603080,2,True,True,2,True,True,1,WEAK,21.899999618530273,-1.2300000190734863
20250512,603081,1,False,True,1,False,True,0,YELLOW,82.37999725341797,-94.19000244140624
20250512,603082,2,True,True,1,False,True,0,YELLOW,-3.680000066757202,-56.040000915527344
20250512,603083,2,True,True,1,True,False,1,YELLOW,91.93000030517578,285.8999938964844
20250512,603085,1,True,False,2,True,True,1,YELLOW,70.80000305175781,71.87000274658203
20250512,603086,2,True,True,2,True,True,1,YELLOW,500.0,-1.399999976158142
20250512,603087,2,True,True,2,True,True,1,OK,122.83000183105467,-13.3100004196167
20250512,603088,0,False,False,2,True,True,1,WEAK,-36.41999816894531,-80.06999969482422
20250512,603089,1,True,False,2,True,True,1,YELLOW,98.0199966430664,-169.08999633789062
20250512,603090,1,True,False,2,True,True,1,YELLOW,41.04999923706055,-33.31999969482422
20250512,603091,1,False,True,1,,True,-1,YELLOW,-13.06999969482422,27.829999923706055
20250512,603093,2,True,True,1,True,False,1,WEAK,-1.159999966621399,139.10000610351562
20250512,603095,1,True,False,1,False,True,0,YELLOW,-4.900000095367432,-61.970001220703125
20250512,603096,0,False,False,0,False,False,0,OK,-46.47999954223633,-19.719999313354492
20250512,603097,1,False,True,2,True,True,1,YELLOW,13.020000457763672,-104.41000366210938
20250512,603098,1,True,False,1,True,False,1,YELLOW,31.950000762939453,-17.530000686645508
20250512,603099,1,False,True,1,False,True,0,OK,-3.7300000190734863,81.30999755859375
20250512,603100,1,False,True,1,False,True,0,OK,-12.420000076293944,17.790000915527344
20250512,603101,2,True,True,2,True,True,1,WEAK,86.6500015258789,8.09000015258789
20250512,603102,1,True,False,2,True,True,1,OK,-16.389999389648438,-17.450000762939453
20250512,603103,1,True,False,1,True,False,1,WEAK,309.5899963378906,-92.5
20250512,603105,1,False,True,1,False,True,0,OK,3.1600000858306885,-92.16000366210938
20250512,603106,1,True,False,0,False,False,0,WEAK,126.81999969482422,-26.86000061035156
20250512,603107,1,True,False,1,False,True,0,YELLOW,25.88999938964844,-3.109999895095825
20250512,603108,0,False,False,1,False,True,0,WEAK,-500.0,29.989999771118164
20250512,603109,1,True,False,2,True,True,1,YELLOW,19.149999618530273,-52.79999923706055
20250512,603110,0,False,False,1,False,True,0,YELLOW,-83.33999633789062,423.55999755859375
20250512,603111,1,True,False,1,False,True,0,YELLOW,22.510000228881836,3.839999914169311
20250512,603112,1,True,False,2,True,True,1,YELLOW,20.36000061035156,4.519999980926514
20250512,603113,2,True,True,2,True,True,1,YELLOW,-113.43000030517578,-500.0
20250512,603115,2,True,True,2,True,True,1,YELLOW,32.75,85.2699966430664
20250512,603116,0,False,False,1,False,True,0,OK,-214.07000732421875,363.5299987792969
20250512,603117,0,False,False,2,True,True,1,WEAK,-68.26000213623047,-500.0
20250512,603118,2,True,True,0,False,False,0,YELLOW,337.05999755859375,45.119998931884766
20250512,603119,2,True,True,2,True,True,1,OK,21.13999938964844,29.459999084472656
20250512,603121,1,False,True,2,True,True,1,YELLOW,-69.5999984741211,-148.72000122070312
20250512,603122,1,False,True,1,False,True,0,WEAK,-153.91000366210938,-38.59000015258789
20250512,603123,2,True,True,2,True,True,1,WEAK,18.6299991607666,11.40999984741211
20250512,603124,1,False,True,1,,True,-1,YELLOW,0.0,109.05999755859376
20250512,603125,0,False,False,2,True,True,1,WEAK,-34.04999923706055,141.67999267578125
20250512,603126,1,False,True,1,False,True,0,WEAK,-126.20999908447266,201.52000427246097
20250512,603127,1,True,False,1,False,True,0,WEAK,125.5999984741211,500.0
20250512,603128,1,False,True,2,True,True,1,WEAK,-34.900001525878906,-22.799999237060547
20250512,603129,2,True,True,1,False,True,0,YELLOW,28.61000061035156,1.5499999523162842
20250512,603130,1,False,True,2,True,True,1,YELLOW,-29.5,65.33999633789062
20250512,603131,0,False,False,1,False,True,0,YELLOW,-137.2899932861328,-116.04000091552734
20250512,603132,2,True,True,1,False,True,0,YELLOW,-8.630000114440918,118.83999633789062
20250512,603135,0,False,False,1,False,True,0,WEAK,-67.48999786376953,56.970001220703125
20250512,603136,1,True,False,1,False,True,0,OK,-2.5799999237060547,-20.760000228881836
20250512,603137,0,False,False,1,True,False,1,YELLOW,-43.27000045776367,-22.86000061035156
20250512,603138,1,False,True,0,False,False,0,WEAK,-58.099998474121094,-127.19000244140624
20250512,603139,0,False,False,2,True,True,1,WEAK,-206.44000244140625,16.18000030517578
20250512,603150,2,True,True,1,False,True,0,YELLOW,-16.719999313354492,-18.950000762939453
20250512,603151,2,True,True,2,True,True,1,WEAK,178.75,-87.52999877929688
20250512,603153,0,False,False,0,False,False,0,OK,-63.349998474121094,136.0399932861328
20250512,603155,0,False,False,1,False,True,0,YELLOW,-32.58000183105469,21.81999969482422
20250512,603156,0,False,False,2,True,True,1,OK,-0.8100000023841858,33.02000045776367
20250512,603158,0,False,False,1,False,True,0,YELLOW,-19.93000030517578,23.270000457763672
20250512,603159,1,False,True,1,False,True,0,YELLOW,-135.72999572753906,-500.0
20250512,603160,0,False,False,0,False,False,0,OK,43.220001220703125,-25.079999923706055
20250512,603161,1,False,True,2,True,True,1,YELLOW,-38.58000183105469,-3.440000057220459
20250512,603162,1,False,True,1,False,True,0,WEAK,-33.22999954223633,212.5500030517578
20250512,603163,1,True,False,1,True,False,1,YELLOW,29.25,36.119998931884766
20250512,603165,1,False,True,1,False,True,0,YELLOW,-49.939998626708984,-24.0
20250512,603166,2,True,True,2,True,True,1,YELLOW,77.68000030517578,10.210000038146973
20250512,603167,1,False,True,2,True,True,1,WEAK,2.75,-233.8000030517578
20250512,603168,0,False,False,2,True,True,1,YELLOW,108.5999984741211,116.20999908447266
20250512,603169,1,False,True,2,True,True,1,WEAK,-240.6199951171875,0.3600000143051147
20250512,603170,1,True,False,1,False,True,0,OK,14.270000457763672,10.630000114440918
20250512,603171,1,False,True,1,True,False,1,OK,-7.639999866485596,33.279998779296875
20250512,603172,1,True,False,2,True,True,1,YELLOW,89.95999908447266,32.9900016784668
20250512,603173,2,True,True,2,True,True,1,YELLOW,82.56999969482422,-22.11000061035156
20250512,603176,0,False,False,0,False,False,0,WEAK,-150.63999938964844,-37.15999984741211
20250512,603177,0,False,False,2,True,True,1,YELLOW,-73.12000274658203,-242.19000244140625
20250512,603178,1,False,True,1,False,True,0,WEAK,-59.41999816894531,137.91000366210938
20250512,603179,2,True,True,1,False,True,0,YELLOW,-6.949999809265137,-4.289999961853027
20250512,603180,2,True,True,1,False,True,0,YELLOW,-63.41999816894531,-309.6099853515625
20250512,603181,2,True,True,2,True,True,1,YELLOW,10.829999923706056,10.979999542236328
20250512,603182,1,True,False,2,True,True,1,YELLOW,10.899999618530272,-22.09000015258789
20250512,603183,1,False,True,2,True,True,1,WEAK,-80.3499984741211,48.97999954223633
20250512,603185,2,True,True,1,False,True,0,WEAK,109.9000015258789,38.97999954223633
20250512,603186,2,True,True,1,True,False,1,YELLOW,500.0,102.88999938964844
20250512,603187,2,True,True,1,False,True,0,YELLOW,18.229999542236328,1.340000033378601
20250512,603188,1,False,True,2,True,True,1,YELLOW,56.52000045776367,454.989990234375
20250512,603190,0,False,False,1,False,True,0,WEAK,2.9600000381469727,67.77999877929688
20250512,603191,1,False,True,1,False,True,0,WEAK,140.77000427246094,-62.380001068115234
20250512,603192,2,True,True,2,True,True,1,YELLOW,6.559999942779541,-21.760000228881836
20250512,603193,2,True,True,2,True,True,1,OK,-1.7899999618530271,25.13999938964844
20250512,603194,0,False,False,1,,True,-1,YELLOW,5.489999771118164,-5.349999904632568
20250512,603195,1,True,False,2,True,True,1,OK,-4.869999885559082,15.010000228881836
20250512,603196,1,True,False,2,True,True,1,OK,105.9000015258789,252.36000061035156
20250512,603197,1,True,False,1,False,True,0,YELLOW,-36.95000076293945,10.65999984741211
20250512,603198,1,False,True,1,False,True,0,YELLOW,-26.15999984741211,0.1800000071525573
20250512,603199,1,True,False,2,True,True,1,OK,20.15999984741211,1.100000023841858
20250512,603200,0,False,False,2,True,True,1,OK,-29.86000061035156,-78.37000274658203
20250512,603201,1,True,False,1,False,True,0,YELLOW,3.849999904632568,-38.11000061035156
20250512,603203,2,True,True,1,False,True,0,OK,32.560001373291016,31.040000915527344
20250512,603205,0,False,False,1,,True,-1,YELLOW,-19.09000015258789,-8.449999809265137
20250512,603206,1,False,True,1,True,False,1,YELLOW,-35.61000061035156,-29.420000076293945
20250512,603207,0,False,False,1,,True,-1,YELLOW,5.090000152587891,-6.28000020980835
20250512,603208,0,False,False,1,False,True,0,WEAK,-165.86000061035156,-102.56999969482422
20250512,603209,0,False,False,1,False,True,0,YELLOW,-29.450000762939453,-13.979999542236328
20250512,603210,1,False,True,1,,True,-1,UNKNOWN,0.0,27.40999984741211
20250512,603211,1,False,True,1,False,True,0,YELLOW,2.119999885559082,-7.679999828338623
20250512,603212,0,False,False,1,False,True,0,WEAK,-20.84000015258789,69.38999938964844
20250512,603213,1,False,True,1,False,True,0,WEAK,-65.48999786376953,4.659999847412109
20250512,603214,2,True,True,1,False,True,0,YELLOW,65.9000015258789,91.41000366210938
20250512,603215,2,True,True,1,False,True,0,WEAK,-33.38999938964844,-264.7099914550781
20250512,603216,1,False,True,2,True,True,1,YELLOW,-0.0199999995529651,144.77999877929688
20250512,603217,1,False,True,1,False,True,0,YELLOW,1.3300000429153442,30.530000686645508
20250512,603218,2,True,True,1,False,True,0,WEAK,80.80000305175781,-28.950000762939453
20250512,603219,2,True,True,2,True,True,1,YELLOW,-29.6299991607666,-100.91000366210938
20250512,603220,1,False,True,1,True,False,1,YELLOW,-42.59000015258789,-121.94000244140624
20250512,603221,1,False,True,2,True,True,1,WEAK,-80.2300033569336,-168.91000366210938
20250512,603222,1,False,True,1,False,True,0,WEAK,-385.1000061035156,-91.06999969482422
20250512,603223,2,True,True,0,False,False,0,YELLOW,77.0999984741211,139.9600067138672
20250512,603225,2,True,True,1,False,True,0,YELLOW,21.760000228881836,93.87000274658205
20250512,603226,1,False,True,2,True,True,1,WEAK,-30.540000915527344,-7.630000114440918
20250512,603227,0,False,False,2,True,True,1,YELLOW,-33.79999923706055,-36.52000045776367
20250512,603228,1,False,True,0,False,False,0,YELLOW,-6.360000133514404,-18.290000915527344
20250512,603229,2,True,True,1,False,True,0,OK,-13.829999923706056,-17.18000030517578
20250512,603230,1,True,False,1,True,False,1,OK,-27.86000061035156,-61.220001220703125
20250512,603231,2,True,True,1,False,True,0,YELLOW,74.37000274658203,-28.75
20250512,603232,1,True,False,1,True,False,1,WEAK,-45.56999969482422,26.600000381469727
20250512,603233,1,True,False,2,True,True,1,OK,25.93000030517578,12.050000190734863
20250512,603235,2,True,True,1,False,True,0,OK,-7.840000152587891,-34.52000045776367
20250512,603236,2,True,True,0,False,False,0,YELLOW,113.2699966430664,-35.290000915527344
20250512,603237,1,True,False,2,True,True,1,WEAK,-17.0,-22.93000030517578
20250512,603238,2,True,True,2,True,True,1,YELLOW,48.439998626708984,0.0199999995529651
20250512,603239,1,True,False,1,False,True,0,OK,17.139999389648438,-25.25
20250512,603255,1,False,True,1,False,True,0,WEAK,-20.059999465942383,307.1199951171875
20250512,603256,2,True,True,1,True,False,1,WEAK,500.0,401.3599853515625
20250512,603257,0,False,False,0,,False,-1,YELLOW,0.0,434.55999755859375
20250512,603258,0,False,False,1,True,False,1,WEAK,-174.0399932861328,-500.0
20250512,603259,1,True,False,2,True,True,1,OK,42.5099983215332,83.55999755859375
20250512,603260,1,False,True,1,False,True,0,WEAK,-120.61000061035156,-122.79000091552734
20250512,603266,1,False,True,2,True,True,1,YELLOW,3.799999952316284,8.489999771118164
20250512,603267,0,False,False,2,True,True,1,WEAK,70.76000213623047,-31.290000915527344
20250512,603268,1,False,True,1,False,True,0,WEAK,500.0,500.0
20250512,603269,2,True,True,1,False,True,0,YELLOW,22.8700008392334,26.440000534057617
20250512,603270,2,True,True,2,True,True,1,WEAK,36.290000915527344,12.949999809265137
20250512,603271,0,False,False,1,,True,-1,YELLOW,0.0,64.7300033569336
20250512,603273,0,False,False,1,False,True,0,YELLOW,-27.579999923706055,-29.75
20250512,603275,1,False,True,2,True,True,1,OK,-18.15999984741211,3.309999942779541
20250512,603276,0,False,False,1,False,True,0,WEAK,32.54999923706055,122.22000122070312
20250512,603277,1,False,True,1,False,True,0,OK,-19.86000061035156,-51.540000915527344
20250512,603278,1,False,True,1,False,True,0,WEAK,100.16999816894533,-500.0
20250512,603279,0,False,False,1,False,True,0,WEAK,-34.5099983215332,-23.559999465942383
20250512,603280,1,True,False,2,True,True,1,YELLOW,-12.239999771118164,212.27000427246097
20250512,603281,1,False,True,1,False,True,0,WEAK,-30.010000228881836,10.779999732971191
20250512,603282,0,False,False,2,True,True,1,OK,14.829999923706056,-119.9000015258789
20250512,603283,0,False,False,1,False,True,0,OK,-17.90999984741211,46.56999969482422
20250512,603285,1,False,True,1,False,True,0,WEAK,-23.170000076293945,-13.579999923706056
20250512,603286,1,False,True,2,True,True,1,WEAK,-375.5799865722656,28.079999923706055
20250512,603288,1,True,False,2,True,True,1,OK,11.720000267028809,9.329999923706056
20250512,603289,1,False,True,1,False,True,0,OK,57.40999984741211,-77.2300033569336
20250512,603290,1,False,True,0,False,False,0,WEAK,-11.579999923706056,-83.48999786376953
20250512,603291,1,False,True,1,False,True,0,YELLOW,-30.969999313354492,52.150001525878906
20250512,603296,2,True,True,0,False,False,0,YELLOW,46.31999969482422,8.079999923706055
20250512,603297,2,True,True,0,False,False,0,OK,7.130000114440918,-9.359999656677246
20250512,603298,1,True,False,1,False,True,0,YELLOW,10.920000076293944,8.479999542236328
20250512,603299,0,False,False,1,False,True,0,OK,-51.11000061035156,-29.200000762939453
20250512,603300,1,True,False,1,True,False,1,YELLOW,1.3600000143051147,-38.9900016784668
20250512,603301,0,False,False,1,False,True,0,OK,-18.790000915527344,-9.1899995803833
20250512,603303,0,False,False,2,True,True,1,YELLOW,-25.950000762939453,-27.270000457763672
20250512,603305,0,False,False,1,False,True,0,WEAK,-5.829999923706055,39.939998626708984
20250512,603306,2,True,True,1,False,True,0,OK,-4.159999847412109,-91.58999633789062
20250512,603307,0,False,False,2,True,True,1,WEAK,-29.270000457763672,16.709999084472656
20250512,603308,2,True,True,1,False,True,0,OK,26.170000076293945,31.420000076293945
20250512,603309,2,True,True,2,True,True,1,OK,15.220000267028809,2.6700000762939453
20250512,603310,1,False,True,1,,True,-1,WEAK,-45.79999923706055,-49.15999984741211
20250512,603311,2,True,True,1,False,True,0,YELLOW,8.180000305175781,-27.770000457763672
20250512,603312,2,True,True,2,True,True,1,YELLOW,42.5099983215332,-20.8700008392334
20250512,603313,2,True,True,2,True,True,1,OK,191.83999633789065,-162.6999969482422
20250512,603315,2,True,True,2,True,True,1,YELLOW,-47.22999954223633,-12.729999542236328
20250512,603316,2,True,True,1,True,False,1,YELLOW,54.02000045776367,500.0
20250512,603317,1,False,True,1,False,True,0,OK,-8.130000114440918,360.05999755859375
20250512,603318,0,False,False,1,False,True,0,YELLOW,-98.77999877929688,-72.79000091552734
20250512,603319,2,True,True,2,True,True,1,YELLOW,-4.300000190734863,-64.58999633789062
20250512,603320,2,True,True,2,True,True,1,YELLOW,12.300000190734863,-28.34000015258789
20250512,603321,2,True,True,1,False,True,0,YELLOW,-48.459999084472656,-0.9700000286102296
20250512,603322,2,True,True,0,False,False,0,WEAK,124.47000122070312,-17.350000381469727
20250512,603323,2,True,True,1,False,True,0,WEAK,5.71999979019165,5.619999885559082
20250512,603324,2,True,True,1,False,True,0,YELLOW,-69.08999633789062,-241.1199951171875
20250512,603325,1,True,False,2,True,True,1,YELLOW,119.20999908447266,-70.37999725341797
20250512,603326,2,True,True,2,True,True,1,OK,109.70999908447266,-79.77999877929688
20250512,603327,1,False,True,0,False,False,0,WEAK,-30.760000228881836,178.2899932861328
20250512,603328,2,True,True,0,False,False,0,YELLOW,-1.0700000524520874,-68.1500015258789
20250512,603329,1,True,False,2,True,True,1,YELLOW,-60.13999938964844,338.5299987792969
20250512,603330,0,False,False,1,False,True,0,WEAK,66.91000366210938,179.57000732421875
20250512,603331,0,False,False,2,True,True,1,YELLOW,275.05999755859375,-98.83999633789062
20250512,603332,0,False,False,2,True,True,1,YELLOW,-25.270000457763672,500.0
20250512,603333,0,False,False,2,True,True,1,WEAK,-265.9100036621094,89.62999725341797
20250512,603335,1,False,True,2,True,True,1,WEAK,-23.979999542236328,12.170000076293944
20250512,603336,1,False,True,2,True,True,1,YELLOW,-40.130001068115234,-32.18000030517578
20250512,603337,1,True,False,2,True,True,1,YELLOW,10.170000076293944,2.5899999141693115
20250512,603338,2,True,True,1,False,True,0,OK,4.960000038146973,1.559999942779541
20250512,603339,1,False,True,1,False,True,0,YELLOW,-43.79999923706055,-14.300000190734863
20250512,603341,0,False,False,0,False,False,0,WEAK,-18.350000381469727,-349.1600036621094
20250512,603344,1,True,False,2,True,True,1,YELLOW,-3.059999942779541,-21.450000762939453
20250512,603345,0,False,False,2,True,True,1,YELLOW,-13.359999656677246,53.040000915527344
20250512,603348,0,False,False,1,False,True,0,YELLOW,-103.08000183105467,-500.0
20250512,603350,1,False,True,2,True,True,1,WEAK,0.3600000143051147,-35.189998626708984
20250512,603351,2,True,True,2,True,True,1,YELLOW,6.96999979019165,3.450000047683716
20250512,603353,1,True,False,1,True,False,1,YELLOW,-65.94999694824219,7.78000020980835
20250512,603355,0,False,False,1,False,True,0,YELLOW,-32.880001068115234,-108.7300033569336
20250512,603356,1,False,True,1,False,True,0,WEAK,-36.61000061035156,-8.010000228881836
20250512,603357,0,False,False,0,False,False,0,WEAK,-30.270000457763672,-56.56999969482422
20250512,603358,1,False,True,2,True,True,1,YELLOW,-37.849998474121094,-148.24000549316406
20250512,603360,1,False,True,2,True,True,1,WEAK,-52.130001068115234,-60.810001373291016
20250512,603363,1,True,False,2,True,True,1,YELLOW,93.0,-89.79000091552734
20250512,603365,1,False,True,2,True,True,1,OK,0.0799999982118606,16.43000030517578
20250512,603366,2,True,True,1,False,True,0,WEAK,-180.16000366210935,24.299999237060547
20250512,603367,0,False,False,2,True,True,1,OK,-24.600000381469727,0.4799999892711639
20250512,603368,1,False,True,1,False,True,0,YELLOW,-9.850000381469728,-18.190000534057617
20250512,603369,1,True,False,2,True,True,1,OK,-17.229999542236328,-15.739999771118164
20250512,603373,1,True,False,2,True,True,1,YELLOW,6.550000190734863,8.229999542236328
20250512,603375,2,True,True,0,False,False,0,WEAK,24.059999465942383,-500.0
20250512,603379,2,True,True,2,True,True,1,WEAK,188.02999877929688,25.40999984741211
20250512,603380,1,True,False,0,False,False,0,YELLOW,27.350000381469727,-25.760000228881836
20250512,603381,1,False,True,1,False,True,0,WEAK,-91.48999786376952,-52.66999816894531
20250512,603383,1,True,False,1,True,False,1,OK,-2.180000066757202,130.5
20250512,603385,0,False,False,1,False,True,0,YELLOW,-205.2899932861328,-500.0
20250512,603386,2,True,True,1,True,False,1,WEAK,126.08999633789062,-252.6999969482422
20250512,603387,0,False,False,1,False,True,0,YELLOW,-9.960000038146973,8.800000190734863
20250512,603390,2,True,True,1,False,True,0,YELLOW,473.7300109863281,348.0299987792969
20250512,603391,0,False,False,1,,True,-1,YELLOW,-51.75,-102.48999786376952
20250512,603392,0,False,False,2,True,True,1,WEAK,-500.0,38.4900016784668
20250512,603393,2,True,True,1,False,True,0,OK,-15.520000457763672,-58.959999084472656
20250512,603395,0,False,False,1,,True,-1,YELLOW,-62.7599983215332,-0.0399999991059303
20250512,603396,0,False,False,1,False,True,0,YELLOW,-27.690000534057617,6.949999809265137
20250512,603399,0,False,False,1,False,True,0,WEAK,-420.1799926757813,500.0
20250512,603408,1,False,True,1,False,True,0,YELLOW,-18.36000061035156,-20.3799991607666
20250512,603409,0,False,False,1,,True,-1,WEAK,0.0,40.59000015258789
20250512,603416,1,True,False,2,True,True,1,YELLOW,5.920000076293945,9.920000076293944
20250512,603421,0,False,False,0,False,False,0,WEAK,-500.0,32.25
20250512,603439,0,False,False,1,False,True,0,WEAK,-64.48999786376953,12.130000114440918
20250512,603444,1,True,False,1,True,False,1,OK,97.4800033569336,91.38999938964844
20250512,603456,2,True,True,2,True,True,1,YELLOW,20.670000076293945,-32.66999816894531
20250512,603458,2,True,True,1,True,False,1,WEAK,-42.22999954223633,17.809999465942383
20250512,603466,2,True,True,1,True,False,1,WEAK,135.9600067138672,-13.56999969482422
20250512,603477,2,True,True,2,True,True,1,WEAK,-68.63999938964844,-328.2099914550781
20250512,603486,1,True,False,2,True,True,1,OK,141.99000549316406,11.460000038146973
20250512,603488,1,False,True,2,True,True,1,WEAK,-211.4499969482422,-21.09000015258789
20250512,603489,1,True,False,2,True,True,1,WEAK,23.520000457763672,132.52000427246094
20250512,603496,0,False,False,1,True,False,1,WEAK,-56.88999938964844,16.420000076293945
20250512,603499,1,True,False,1,False,True,0,YELLOW,212.86000061035156,-27.34000015258789
20250512,603500,1,True,False,2,True,True,1,YELLOW,186.82000732421875,17.280000686645508
20250512,603501,2,True,True,1,True,False,1,YELLOW,33.45000076293945,-27.440000534057617
20250512,603505,1,True,False,1,False,True,0,WEAK,-8.050000190734863,-9.489999771118164
20250512,603506,2,True,True,1,True,False,1,YELLOW,1.5299999713897705,6.820000171661377
20250512,603507,1,False,True,2,True,True,1,YELLOW,-32.93000030517578,31.149999618530273
20250512,603508,1,True,False,1,True,False,1,YELLOW,19.88999938964844,26.079999923706055
20250512,603511,0,False,False,1,False,True,0,OK,-31.25,13.779999732971191
20250512,603515,0,False,False,2,True,True,1,OK,-8.029999732971191,3.390000104904175
20250512,603516,0,False,False,0,False,False,0,WEAK,-172.63999938964844,17.190000534057617
20250512,603518,0,False,False,1,False,True,0,OK,-25.020000457763672,21.290000915527344
20250512,603519,2,True,True,2,True,True,1,YELLOW,9.729999542236328,-1.149999976158142
20250512,603520,2,True,True,2,True,True,1,WEAK,500.0,50.939998626708984
20250512,603527,0,False,False,2,True,True,1,YELLOW,-131.32000732421875,290.9599914550781
20250512,603528,1,True,False,0,False,False,0,OK,-191.5800018310547,-500.0
20250512,603529,1,True,False,2,True,True,1,YELLOW,26.780000686645508,-69.25
20250512,603530,2,True,True,1,False,True,0,OK,29.450000762939453,43.56999969482422
20250512,603533,0,False,False,1,True,False,1,WEAK,-352.0799865722656,52.279998779296875
20250512,603535,0,False,False,2,True,True,1,YELLOW,-11.829999923706056,-69.55999755859375
20250512,603536,1,False,True,1,False,True,0,WEAK,-28.549999237060547,100.9000015258789
20250512,603538,0,False,False,2,True,True,1,OK,64.66000366210938,47.880001068115234
20250512,603551,1,True,False,1,False,True,0,OK,2.819999933242798,-17.639999389648438
20250512,603556,0,False,False,1,False,True,0,YELLOW,-10.15999984741211,-46.31999969482422
20250512,603558,1,False,True,1,False,True,0,YELLOW,-7.25,29.969999313354492
20250512,603565,1,True,False,2,True,True,1,YELLOW,85.51000213623047,11.890000343322754
20250512,603566,2,True,True,2,True,True,1,OK,41.349998474121094,-27.579999923706055
20250512,603567,1,False,True,2,True,True,1,WEAK,-212.92999267578125,-351.5
20250512,603568,1,True,False,1,False,True,0,OK,2.0299999713897705,-40.29999923706055
20250512,603569,1,False,True,2,True,True,1,YELLOW,-83.62000274658203,-85.0
20250512,603577,0,False,False,1,False,True,0,YELLOW,-28.13999938964844,-26.649999618530273
20250512,603578,1,False,True,2,True,True,1,WEAK,-252.1000061035156,-138.80999755859375
20250512,603579,1,False,True,2,True,True,1,OK,-48.279998779296875,11.40999984741211
20250512,603583,1,True,False,2,True,True,1,YELLOW,36.439998626708984,-60.52000045776367
20250512,603585,1,True,False,2,True,True,1,YELLOW,500.0,-33.7599983215332
20250512,603586,1,True,False,2,True,True,1,YELLOW,91.55999755859376,-92.5500030517578
20250512,603587,0,False,False,1,False,True,0,OK,-19.780000686645508,22.899999618530273
20250512,603588,1,True,False,2,True,True,1,WEAK,29.030000686645508,171.07000732421875
20250512,603589,1,True,False,1,False,True,0,OK,-42.77000045776367,-46.119998931884766
20250512,603590,2,True,True,2,True,True,1,OK,25.899999618530273,4.940000057220459
20250512,603596,2,True,True,1,False,True,0,YELLOW,21.239999771118164,-4.480000019073486
20250512,603598,1,False,True,0,False,False,0,YELLOW,4.28000020980835,19.260000228881836
20250512,603599,0,False,False,1,False,True,0,WEAK,-13.989999771118164,4.980000019073486
20250512,603600,1,True,False,1,False,True,0,YELLOW,-17.540000915527344,28.75
20250512,603601,2,True,True,1,True,False,1,YELLOW,-25.8700008392334,-66.91000366210938
20250512,603602,1,True,False,0,False,False,0,YELLOW,-35.779998779296875,-41.220001220703125
20250512,603605,1,True,False,2,True,True,1,OK,2.7200000286102295,-9.970000267028809
20250512,603606,1,True,False,2,True,True,1,WEAK,13.68000030517578,34.61000061035156
20250512,603607,1,True,False,2,True,True,1,YELLOW,1.0800000429153442,4.440000057220459
20250512,603608,1,True,False,2,True,True,1,WEAK,70.33000183105469,500.0
20250512,603609,1,True,False,2,True,True,1,YELLOW,-90.79000091552734,-93.75
20250512,603610,0,False,False,2,True,True,1,OK,-11.890000343322754,-20.3700008392334
20250512,603611,2,True,True,1,False,True,0,YELLOW,2.690000057220459,-24.229999542236328
20250512,603612,2,True,True,1,False,True,0,YELLOW,373.8299865722656,-12.850000381469728
20250512,603613,2,True,True,1,False,True,0,YELLOW,5.519999980926514,-10.0
20250512,603615,1,True,False,1,False,True,0,WEAK,130.2899932861328,428.1600036621094
20250512,603616,2,True,True,1,True,False,1,YELLOW,117.26000213623048,-353.4700012207031
20250512,603617,1,True,False,1,False,True,0,YELLOW,-50.349998474121094,-21.719999313354492
20250512,603618,0,False,False,2,True,True,1,YELLOW,-298.9700012207031,329.8500061035156
20250512,603619,1,True,False,0,False,False,0,OK,-31.780000686645508,-86.44000244140625
20250512,603626,0,False,False,1,True,False,1,WEAK,26.950000762939453,6.429999828338623
20250512,603628,2,True,True,1,False,True,0,YELLOW,0.1700000017881393,-89.48999786376953
20250512,603629,0,False,False,1,True,False,1,YELLOW,204.0500030517578,500.0
20250512,603630,0,False,False,2,True,True,1,OK,-91.58000183105467,87.33000183105469
20250512,603633,0,False,False,0,False,False,0,WEAK,-89.0,-308.0199890136719
20250512,603636,2,True,True,0,False,False,0,WEAK,30.829999923706055,-39.459999084472656
20250512,603637,1,False,True,1,True,False,1,YELLOW,11.260000228881836,-189.5
20250512,603638,2,True,True,2,True,True,1,YELLOW,15.229999542236328,46.529998779296875
20250512,603639,0,False,False,1,False,True,0,WEAK,7.989999771118164,-29.690000534057617
20250512,603648,0,False,False,2,True,True,1,YELLOW,-22.920000076293945,21.479999542236328
20250512,603650,1,True,False,1,False,True,0,YELLOW,32.54999923706055,10.670000076293944
20250512,603655,1,True,False,1,False,True,0,OK,86.79000091552734,-22.65999984741211
20250512,603656,1,True,False,1,False,True,0,OK,447.0400085449219,-86.69000244140625
20250512,603657,2,True,True,2,True,True,1,YELLOW,29.350000381469727,-500.0
20250512,603658,0,False,False,1,False,True,0,OK,-12.359999656677246,-9.520000457763672
20250512,603659,1,True,False,2,True,True,1,YELLOW,39.81999969482422,38.22999954223633
20250512,603660,1,True,False,0,False,False,0,WEAK,2.690000057220459,-130.92999267578125
20250512,603661,0,False,False,1,False,True,0,WEAK,1.2999999523162842,6.820000171661377
20250512,603662,2,True,True,1,False,True,0,OK,8.0,20.760000228881836
20250512,603663,0,False,False,2,True,True,1,WEAK,12.329999923706056,200.2400054931641
20250512,603665,2,True,True,2,True,True,1,YELLOW,207.72000122070312,-53.41999816894531
20250512,603666,2,True,True,2,True,True,1,OK,45.900001525878906,-500.0
20250512,603667,1,False,True,1,False,True,0,YELLOW,7.0,-19.010000228881836
20250512,603668,1,True,False,2,True,True,1,YELLOW,-11.93000030517578,-71.27999877929688
20250512,603669,1,True,False,1,False,True,0,WEAK,37.869998931884766,105.66000366210938
20250512,603676,2,True,True,2,True,True,1,YELLOW,-14.010000228881836,-8.609999656677246
20250512,603677,1,False,True,2,True,True,1,YELLOW,3.240000009536743,-42.54999923706055
20250512,603678,1,True,False,2,True,True,1,OK,44.11000061035156,-70.72000122070312
20250512,603679,1,False,True,1,True,False,1,WEAK,-56.939998626708984,-126.5500030517578
20250512,603680,2,True,True,2,True,True,1,YELLOW,84.5199966430664,17.389999389648438
20250512,603681,1,False,True,1,False,True,0,YELLOW,-75.76000213623047,-500.0
20250512,603682,1,False,True,2,True,True,1,YELLOW,106.77999877929688,38.77000045776367
20250512,603683,1,False,True,2,True,True,1,YELLOW,8.619999885559082,41.380001068115234
20250512,603685,0,False,False,1,True,False,1,WEAK,-13.15999984741211,307.2300109863281
20250512,603686,0,False,False,2,True,True,1,YELLOW,4.429999828338623,-1.8700000047683716
20250512,603687,2,True,True,2,True,True,1,YELLOW,4.239999771118164,-7.21999979019165
20250512,603688,0,False,False,2,True,True,1,WEAK,-73.9000015258789,-3.3399999141693115
20250512,603689,1,False,True,1,False,True,0,YELLOW,-6.269999980926514,13.59000015258789
20250512,603690,0,False,False,1,True,False,1,WEAK,-81.08000183105469,-500.0
20250512,603693,0,False,False,2,True,True,1,OK,-2.930000066757202,-31.61000061035156
20250512,603696,0,False,False,2,True,True,1,YELLOW,7.659999847412109,193.19000244140625
20250512,603697,2,True,True,2,True,True,1,YELLOW,46.9900016784668,35.5099983215332
20250512,603698,2,True,True,2,True,True,1,YELLOW,5.590000152587891,21.11000061035156
20250512,603699,2,True,True,1,False,True,0,YELLOW,33.33000183105469,40.119998931884766
20250512,603700,0,False,False,2,True,True,1,WEAK,29.100000381469727,190.19000244140625
20250512,603701,1,False,True,2,True,True,1,WEAK,500.0,182.4900054931641
20250512,603703,1,True,False,0,False,False,0,YELLOW,-9.93000030517578,-13.850000381469728
20250512,603706,1,True,False,2,True,True,1,YELLOW,5.400000095367432,28.61000061035156
20250512,603707,1,False,True,1,False,True,0,WEAK,-29.950000762939453,-24.88999938964844
20250512,603708,1,True,False,2,True,True,1,YELLOW,25.829999923706055,7.670000076293945
20250512,603709,0,False,False,2,True,True,1,WEAK,-500.0,-217.8800048828125
20250512,603711,1,False,True,1,False,True,0,WEAK,-500.0,449.239990234375
20250512,603712,0,False,False,2,True,True,1,WEAK,-379.1499938964844,-15.789999961853027
20250512,603713,2,True,True,1,False,True,0,YELLOW,8.449999809265137,4.800000190734863
20250512,603716,0,False,False,2,True,True,1,WEAK,-292.7099914550781,37.779998779296875
20250512,603717,1,False,True,1,False,True,0,WEAK,-500.0,-231.33999633789065
20250512,603719,0,False,False,1,False,True,0,WEAK,-500.0,210.8999938964844
20250512,603722,0,False,False,1,False,True,0,WEAK,-119.08999633789062,-127.47000122070312
20250512,603725,1,True,False,2,True,True,1,YELLOW,31.06999969482422,0.7599999904632568
20250512,603726,2,True,True,1,False,True,0,YELLOW,2.990000009536743,-15.380000114440918
20250512,603727,0,False,False,1,True,False,1,YELLOW,-91.5500030517578,-500.0
20250512,603728,2,True,True,1,False,True,0,OK,2.5,96.13999938964844
20250512,603730,1,True,False,1,False,True,0,YELLOW,-3.0899999141693115,-11.760000228881836
20250512,603733,0,False,False,1,False,True,0,YELLOW,-7.050000190734863,3.799999952316284
20250512,603737,1,True,False,1,True,False,1,YELLOW,126.37000274658205,268.2200012207031
20250512,603738,1,False,True,0,False,False,0,YELLOW,-61.5,500.0
20250512,603739,2,True,True,1,False,True,0,OK,-1.4700000286102295,115.79000091552734
20250512,603755,2,True,True,1,False,True,0,OK,21.989999771118164,2.7200000286102295
20250512,603757,0,False,False,2,True,True,1,WEAK,-15.59000015258789,-69.08000183105469
20250512,603758,1,False,True,2,True,True,1,WEAK,-19.149999618530273,-27.729999542236328
20250512,603759,1,True,False,2,True,True,1,OK,-34.9900016784668,-93.18000030517578
20250512,603766,2,True,True,2,True,True,1,YELLOW,81.47000122070312,-3.009999990463257
20250512,603767,0,False,False,2,True,True,1,YELLOW,-48.04999923706055,4.539999961853027
20250512,603768,0,False,False,1,False,True,0,YELLOW,-222.86000061035156,10.710000038146973
20250512,603773,1,False,True,0,False,False,0,WEAK,-15.649999618530272,-100.4499969482422
20250512,603776,0,False,False,2,True,True,1,WEAK,-31.229999542236328,77.08999633789062
20250512,603777,0,False,False,1,False,True,0,YELLOW,-81.33000183105469,-500.0
20250512,603778,1,True,False,0,False,False,0,WEAK,0.3899999856948852,20.729999542236328
20250512,603779,0,False,False,1,False,True,0,OK,-455.260009765625,-190.63999938964844
20250512,603786,1,False,True,1,False,True,0,YELLOW,14.8100004196167,-22.84000015258789
20250512,603787,1,True,False,2,True,True,1,YELLOW,62.5,-94.16999816894533
20250512,603788,1,True,False,2,True,True,1,YELLOW,1.6100000143051147,1.2799999713897705
20250512,603790,2,True,True,2,True,True,1,YELLOW,12.199999809265137,38.779998779296875
20250512,603797,0,False,False,2,True,True,1,WEAK,-33.599998474121094,-10.170000076293944
20250512,603798,2,True,True,1,True,False,1,YELLOW,6.440000057220459,-9.579999923706056
20250512,603799,2,True,True,2,True,True,1,YELLOW,31.920000076293945,68.76000213623047
20250512,603800,0,False,False,1,False,True,0,WEAK,-22.1299991607666,38.72999954223633
20250512,603801,0,False,False,1,False,True,0,OK,-48.91999816894531,-379.7000122070313
20250512,603803,0,False,False,0,False,False,0,WEAK,35.22999954223633,126.8499984741211
20250512,603806,1,False,True,1,False,True,0,YELLOW,-48.290000915527344,-31.15999984741211
20250512,603808,1,True,False,1,False,True,0,OK,474.55999755859375,110.58000183105467
20250512,603809,2,True,True,2,True,True,1,OK,8.5600004196167,-5.659999847412109
20250512,603810,1,True,False,2,True,True,1,YELLOW,252.8800048828125,-12.079999923706056
20250512,603811,2,True,True,2,True,True,1,OK,31.399999618530273,-6.320000171661377
20250512,603815,1,False,True,1,True,False,1,YELLOW,37.36000061035156,73.8499984741211
20250512,603816,1,True,False,1,False,True,0,OK,13.899999618530272,-10.640000343322754
20250512,603817,1,False,True,1,False,True,0,YELLOW,14.779999732971191,61.060001373291016
20250512,603818,2,True,True,2,True,True,1,WEAK,7.840000152587891,-3.6700000762939458
20250512,603819,1,False,True,2,True,True,1,YELLOW,120.02999877929688,500.0
20250512,603823,1,True,False,2,True,True,1,YELLOW,-2.609999895095825,-10.630000114440918
20250512,603826,2,True,True,1,False,True,0,OK,4.710000038146973,234.19000244140625
20250512,603829,2,True,True,2,True,True,1,YELLOW,-6.130000114440918,-96.0999984741211
20250512,603833,2,True,True,2,True,True,1,YELLOW,-2.9000000953674316,-59.20000076293945
20250512,603836,0,False,False,2,True,True,1,WEAK,-73.37000274658203,225.4600067138672
20250512,603839,1,True,False,2,True,True,1,YELLOW,33.529998779296875,23.88999938964844
20250512,603848,1,False,True,2,True,True,1,OK,-26.59000015258789,20.760000228881836
20250512,603855,2,True,True,2,True,True,1,WEAK,-5.139999866485596,-11.68000030517578
20250512,603856,0,False,False,1,True,False,1,YELLOW,2.4600000381469727,-4.400000095367432
20250512,603858,1,True,False,2,True,True,1,WEAK,138.25999450683594,3.5399999618530273
20250512,603859,1,False,True,0,False,False,0,OK,30.549999237060547,-17.959999084472656
20250512,603860,1,True,False,1,True,False,1,WEAK,15.40999984741211,204.97999572753903
20250512,603861,1,True,False,1,False,True,0,YELLOW,13.520000457763672,-16.600000381469727
20250512,603863,1,True,False,1,False,True,0,WEAK,18.65999984741211,16.780000686645508
20250512,603866,0,False,False,1,False,True,0,YELLOW,-30.329999923706055,-38.9900016784668
20250512,603867,1,False,True,1,False,True,0,YELLOW,3.0999999046325684,11.25
20250512,603868,1,False,True,2,True,True,1,OK,8.130000114440918,5.659999847412109
20250512,603871,1,False,True,1,False,True,0,YELLOW,-19.13999938964844,25.709999084472656
20250512,603876,1,True,False,1,False,True,0,YELLOW,45.220001220703125,156.75999450683594
20250512,603877,1,False,True,2,True,True,1,OK,-467.2999877929687,33.459999084472656
20250512,603878,0,False,False,0,False,False,0,YELLOW,-49.88999938964844,-189.3999938964844
20250512,603879,1,True,False,2,True,True,1,WEAK,72.41999816894531,-7.28000020980835
20250512,603880,0,False,False,2,True,True,1,WEAK,-133.11000061035156,31.850000381469727
20250512,603881,2,True,True,1,True,False,1,YELLOW,7.090000152587891,4.369999885559082
20250512,603882,0,False,False,1,False,True,0,WEAK,-208.0,233.9499969482422
20250512,603883,0,False,False,2,True,True,1,OK,-18.549999237060547,6.980000019073486
20250512,603885,1,False,True,2,True,True,1,WEAK,-17.899999618530273,75.4000015258789
20250512,603886,0,False,False,1,False,True,0,WEAK,-63.72999954223633,-37.5099983215332
20250512,603887,2,True,True,1,True,False,1,YELLOW,102.9000015258789,-219.1999969482422
20250512,603888,1,True,False,1,True,False,1,YELLOW,32.2400016784668,44.7599983215332
20250512,603889,1,True,False,1,False,True,0,YELLOW,5.25,15.220000267028809
20250512,603890,2,True,True,0,False,False,0,YELLOW,423.010009765625,82.87000274658203
20250512,603893,2,True,True,0,False,False,0,OK,120.11000061035156,53.84000015258789
20250512,603895,1,True,False,2,True,True,1,YELLOW,149.47999572753906,-45.41999816894531
20250512,603896,0,False,False,2,True,True,1,OK,-56.38999938964844,-35.599998474121094
20250512,603897,1,False,True,2,True,True,1,YELLOW,12.520000457763672,-17.25
20250512,603898,1,False,True,2,True,True,1,OK,-75.2300033569336,-500.0
20250512,603899,1,False,True,2,True,True,1,YELLOW,-13.59000015258789,-9.109999656677246
20250512,603900,1,True,False,2,True,True,1,WEAK,295.7200012207031,46.689998626708984
20250512,603901,1,False,True,1,False,True,0,YELLOW,61.130001068115234,65.36000061035156
20250512,603903,1,False,True,2,True,True,1,WEAK,500.0,500.0
20250512,603906,2,True,True,2,True,True,1,WEAK,57.15999984741211,466.0
20250512,603908,0,False,False,2,True,True,1,YELLOW,-58.81999969482422,-22.780000686645508
20250512,603909,0,False,False,0,False,False,0,WEAK,22.100000381469727,27.469999313354492
20250512,603912,1,False,True,2,True,True,1,WEAK,-500.0,-37.11000061035156
20250512,603915,0,False,False,2,True,True,1,WEAK,-12.0600004196167,30.899999618530273
20250512,603916,2,True,True,2,True,True,1,OK,15.25,20.3700008392334
20250512,603917,1,False,True,2,True,True,1,WEAK,261.8999938964844,-475.75
20250512,603918,1,True,False,1,True,False,1,WEAK,22.270000457763672,-36.61000061035156
20250512,603919,2,True,True,2,True,True,1,OK,-5.610000133514404,-12.770000457763672
20250512,603920,2,True,True,0,False,False,0,YELLOW,15.260000228881836,-75.81999969482422
20250512,603926,2,True,True,2,True,True,1,YELLOW,-5.860000133514404,5.239999771118164
20250512,603927,0,False,False,0,False,False,0,WEAK,-40.66999816894531,-15.539999961853027
20250512,603928,0,False,False,1,False,True,0,WEAK,88.5199966430664,154.4600067138672
20250512,603929,1,False,True,0,False,False,0,YELLOW,0.800000011920929,202.36000061035156
20250512,603931,1,False,True,1,True,False,1,OK,-24.1200008392334,-8.59000015258789
20250512,603933,1,False,True,1,True,False,1,YELLOW,-30.90999984741211,170.57000732421875
20250512,603936,2,True,True,0,False,False,0,YELLOW,45.25,-189.3800048828125
20250512,603937,0,False,False,1,False,True,0,WEAK,-225.8800048828125,254.86000061035156
20250512,603938,2,True,True,2,True,True,1,WEAK,61.2599983215332,55.11000061035156
20250512,603939,2,True,True,2,True,True,1,OK,8.800000190734863,12.56999969482422
20250512,603948,1,False,True,1,False,True,0,WEAK,9.050000190734863,1.0399999618530271
20250512,603949,2,True,True,2,True,True,1,YELLOW,83.0999984741211,25.31999969482422
20250512,603950,2,True,True,2,True,True,1,YELLOW,64.73999786376953,6.820000171661377
20250512,603955,0,False,False,1,True,False,1,WEAK,-344.1499938964844,-500.0
20250512,603956,0,False,False,2,True,True,1,WEAK,50.529998779296875,4.880000114440918
20250512,603958,2,True,True,2,True,True,1,WEAK,56.08000183105469,210.07000732421875
20250512,603960,0,False,False,1,False,True,0,YELLOW,-47.650001525878906,-62.2599983215332
20250512,603966,2,True,True,2,True,True,1,YELLOW,31.0,75.44000244140625
20250512,603967,1,True,False,2,True,True,1,YELLOW,0.8700000047683716,3.890000104904175
20250512,603968,1,True,False,2,True,True,1,WEAK,60.2599983215332,-57.38999938964844
20250512,603969,2,True,True,1,False,True,0,YELLOW,63.79999923706055,-11.18000030517578
20250512,603970,0,False,False,1,False,True,0,YELLOW,-13.149999618530272,2.2100000381469727
20250512,603976,0,False,False,2,True,True,1,YELLOW,-78.86000061035156,-40.95000076293945
20250512,603977,2,True,True,2,True,True,1,OK,-10.229999542236328,-13.65999984741211
20250512,603978,1,True,False,2,True,True,1,YELLOW,43.22999954223633,500.0
20250512,603979,1,True,False,1,False,True,0,YELLOW,59.849998474121094,46.150001525878906
20250512,603980,0,False,False,1,False,True,0,WEAK,-37.5,84.41000366210938
20250512,603982,1,True,False,1,False,True,0,WEAK,34.400001525878906,-15.359999656677246
20250512,603983,1,True,False,2,True,True,1,OK,-5.420000076293945,-25.510000228881836
20250512,603985,2,True,True,2,True,True,1,WEAK,178.97000122070312,124.5999984741211
20250512,603986,2,True,True,0,False,False,0,YELLOW,34.040000915527344,500.0
20250512,603987,2,True,True,1,False,True,0,OK,16.059999465942383,-11.670000076293944
20250512,603988,1,True,False,1,False,True,0,YELLOW,89.80000305175781,42.2400016784668
20250512,603989,1,True,False,0,False,False,0,WEAK,14.8100004196167,-13.880000114440918
20250512,603990,1,True,False,1,True,False,1,WEAK,102.83000183105467,26.270000457763672
20250512,603991,0,False,False,0,False,False,0,WEAK,-73.33999633789062,446.2200012207031
20250512,603992,1,False,True,2,True,True,1,OK,-57.310001373291016,143.4199981689453
20250512,603993,1,True,False,1,False,True,0,YELLOW,69.9800033569336,90.58000183105467
20250512,603995,0,False,False,0,False,False,0,YELLOW,-5.619999885559082,20.399999618530273
20250512,603997,1,True,False,2,True,True,1,YELLOW,150.05999755859375,25.959999084472656
20250512,603998,1,True,False,2,True,True,1,YELLOW,30.540000915527344,21.190000534057617
20250512,603999,0,False,False,1,True,False,1,YELLOW,2.440000057220459,38.650001525878906
20250512,605001,2,True,True,1,False,True,0,WEAK,500.0,-11.010000228881836
20250512,605003,0,False,False,2,True,True,1,OK,-33.72999954223633,-2.880000114440918
20250512,605005,1,False,True,1,False,True,0,OK,-17.719999313354492,-14.979999542236328
20250512,605006,1,True,False,0,False,False,0,WEAK,89.08000183105469,69.06999969482422
20250512,605007,0,False,False,1,False,True,0,YELLOW,-46.380001068115234,60.939998626708984
20250512,605008,1,False,True,2,True,True,1,WEAK,-96.27999877929688,-49.7400016784668
20250512,605009,2,True,True,2,True,True,1,YELLOW,-32.54999923706055,-7.639999866485596
20250512,605011,1,False,True,2,True,True,1,YELLOW,-14.199999809265137,5.75
20250512,605016,2,True,True,2,True,True,1,OK,50.40999984741211,45.93000030517578
20250512,605018,0,False,False,1,False,True,0,YELLOW,-37.18000030517578,237.5800018310547
20250512,605020,1,True,False,1,False,True,0,YELLOW,223.7400054931641,81.86000061035156
20250512,605028,0,False,False,1,False,True,0,WEAK,-29.510000228881836,4.789999961853027
20250512,605033,0,False,False,1,False,True,0,WEAK,-5.570000171661377,19.229999542236328
20250512,605050,1,True,False,2,True,True,1,YELLOW,29.260000228881836,-6.380000114440918
20250512,605055,1,False,True,2,True,True,1,WEAK,-239.3800048828125,-103.18000030517578
20250512,605056,1,True,False,1,False,True,0,WEAK,36.939998626708984,9.479999542236328
20250512,605058,2,True,True,1,True,False,1,WEAK,19.40999984741211,-14.479999542236328
20250512,605060,0,False,False,1,False,True,0,OK,19.65999984741211,36.16999816894531
20250512,605066,1,True,False,2,True,True,1,YELLOW,-9.329999923706056,-41.31999969482422
20250512,605068,1,False,True,2,True,True,1,YELLOW,-500.0,-500.0
20250512,605069,1,True,False,2,True,True,1,WEAK,-500.0,-130.57000732421875
20250512,605077,2,True,True,2,True,True,1,WEAK,-16.190000534057617,-75.0199966430664
20250512,605080,1,True,False,2,True,True,1,OK,-6.150000095367432,-26.559999465942383
20250512,605086,0,False,False,1,False,True,0,OK,-22.079999923706055,-28.700000762939453
20250512,605088,1,True,False,2,True,True,1,YELLOW,4.289999961853027,-10.90999984741211
20250512,605089,0,False,False,1,False,True,0,YELLOW,-33.529998779296875,21.56999969482422
20250512,605090,1,True,False,1,False,True,0,YELLOW,-4.440000057220459,-16.030000686645508
20250512,605098,0,False,False,1,False,True,0,OK,8.039999961853027,61.54999923706055
20250512,605099,2,True,True,2,True,True,1,OK,30.899999618530273,28.43000030517578
20250512,605100,0,False,False,2,True,True,1,WEAK,-79.26000213623047,5.369999885559082
20250512,605108,0,False,False,2,True,True,1,WEAK,-66.5199966430664,-67.18000030517578
20250512,605111,1,True,False,1,True,False,1,OK,-10.600000381469728,-14.84000015258789
20250512,605116,1,True,False,2,True,True,1,YELLOW,21.459999084472656,-48.15999984741211
20250512,605117,2,True,True,1,False,True,0,OK,9.380000114440918,87.25
20250512,605118,2,True,True,1,True,False,1,YELLOW,88.5,16.93000030517578
20250512,605122,1,False,True,0,False,False,0,WEAK,-500.0,106.94000244140624
20250512,605123,2,True,True,1,False,True,0,WEAK,-5.400000095367432,4.199999809265137
20250512,605128,2,True,True,2,True,True,1,YELLOW,20.8799991607666,30.350000381469727
20250512,605133,2,True,True,2,True,True,1,YELLOW,14.59000015258789,-14.289999961853027
20250512,605136,1,False,True,1,False,True,0,WEAK,-25.350000381469727,145.5500030517578
20250512,605138,2,True,True,2,True,True,1,YELLOW,-16.790000915527344,1.9800000190734863
20250512,605151,0,False,False,1,False,True,0,WEAK,-94.29000091552734,303.1199951171875
20250512,605155,1,False,True,2,True,True,1,YELLOW,-4.659999847412109,-15.949999809265137
20250512,605158,0,False,False,1,False,True,0,YELLOW,-55.709999084472656,-213.7100067138672
20250512,605162,1,False,True,2,True,True,1,YELLOW,-1.4700000286102295,-29.420000076293945
20250512,605166,2,True,True,1,False,True,0,YELLOW,-40.290000915527344,-57.709999084472656
20250512,605167,2,True,True,0,False,False,0,YELLOW,-8.119999885559082,-9.93000030517578
20250512,605168,1,False,True,0,False,False,0,YELLOW,-3.0899999141693115,192.02000427246097
20250512,605169,1,True,False,1,False,True,0,YELLOW,-44.810001373291016,-83.1500015258789
20250512,605177,1,False,True,1,False,True,0,WEAK,-315.2699890136719,-267.760009765625
20250512,605178,2,True,True,0,False,False,0,WEAK,13.960000038146973,77.7699966430664
20250512,605179,1,True,False,2,True,True,1,YELLOW,16.329999923706055,19.1299991607666
20250512,605180,1,False,True,2,True,True,1,YELLOW,-51.08000183105469,-27.219999313354492
20250512,605183,2,True,True,1,False,True,0,YELLOW,8.329999923706055,-42.970001220703125
20250512,605186,1,False,True,1,False,True,0,WEAK,-57.540000915527344,1.6100000143051147
20250512,605188,0,False,False,2,True,True,1,YELLOW,500.0,25.989999771118164
20250512,605189,0,False,False,1,False,True,0,YELLOW,-87.9800033569336,156.8300018310547
20250512,605196,1,False,True,2,True,True,1,YELLOW,-9.920000076293944,-32.939998626708984
20250512,605198,1,True,False,2,True,True,1,WEAK,37.66999816894531,-17.739999771118164
20250512,605208,1,True,False,2,True,True,1,YELLOW,500.0,30.510000228881836
20250512,605218,1,False,True,0,False,False,0,WEAK,-46.119998931884766,-499.6499938964844
20250512,605222,1,False,True,1,False,True,0,YELLOW,2.2699999809265137,44.560001373291016
20250512,605228,0,False,False,2,True,True,1,YELLOW,500.0,403.7099914550781
20250512,605255,0,False,False,2,True,True,1,OK,0.5299999713897705,-73.0
20250512,605258,1,False,True,0,False,False,0,YELLOW,-5.829999923706055,-53.84000015258789
20250512,605259,2,True,True,2,True,True,1,WEAK,36.72999954223633,-22.8700008392334
20250512,605266,0,False,False,1,False,True,0,OK,0.2599999904632568,6.349999904632568
20250512,605268,1,True,False,2,True,True,1,YELLOW,43.880001068115234,26.309999465942383
20250512,605277,1,True,False,1,True,False,1,YELLOW,53.709999084472656,-5.760000228881836
20250512,605286,1,True,False,2,True,True,1,YELLOW,-8.949999809265137,-87.58999633789062
20250512,605287,1,True,False,1,True,False,1,YELLOW,-55.63999938964844,-25.6299991607666
20250512,605288,1,False,True,2,True,True,1,YELLOW,-68.19999694824219,-161.82000732421875
20250512,605289,1,False,True,0,False,False,0,WEAK,94.69000244140624,221.94000244140625
20250512,605296,2,True,True,2,True,True,1,WEAK,-12.5600004196167,-385.6600036621094
20250512,605298,1,True,False,2,True,True,1,OK,334.9100036621094,-4.449999809265137
20250512,605299,1,False,True,1,False,True,0,OK,-3.7799999713897705,227.47000122070312
20250512,605300,1,False,True,1,False,True,0,YELLOW,-85.5999984741211,500.0
20250512,605303,2,True,True,1,True,False,1,WEAK,-49.61000061035156,19.489999771118164
20250512,605305,2,True,True,1,False,True,0,OK,93.26000213623048,29.34000015258789
20250512,605318,0,False,False,1,True,False,1,WEAK,74.68000030517578,83.13999938964844
20250512,605319,2,True,True,2,True,True,1,YELLOW,27.899999618530273,7.860000133514404
20250512,605333,1,False,True,1,False,True,0,YELLOW,-2.940000057220459,-73.23999786376953
20250512,605337,1,True,False,2,True,True,1,YELLOW,-12.93000030517578,-28.829999923706055
20250512,605338,1,True,False,1,False,True,0,YELLOW,19.399999618530273,6.380000114440918
20250512,605339,1,False,True,1,False,True,0,YELLOW,-81.69000244140625,-117.76000213623048
20250512,605358,1,False,True,1,True,False,1,WEAK,-291.7699890136719,114.4000015258789
20250512,605365,1,False,True,1,False,True,0,YELLOW,-60.869998931884766,-93.37999725341795
20250512,605366,1,False,True,2,True,True,1,WEAK,-212.6199951171875,-295.1400146484375
20250512,605368,0,False,False,1,False,True,0,YELLOW,-41.529998779296875,-35.4900016784668
20250512,605369,1,False,True,1,False,True,0,OK,-42.4900016784668,-9.579999923706056
20250512,605376,1,True,False,2,True,True,1,WEAK,105.08000183105467,63.9900016784668
20250512,605377,1,False,True,1,False,True,0,YELLOW,-45.689998626708984,-25.65999984741211
20250512,605378,1,False,True,1,False,True,0,YELLOW,-56.369998931884766,-202.61000061035156
20250512,605388,0,False,False,1,False,True,0,YELLOW,-133.11000061035156,7.489999771118164
20250512,605389,1,False,True,2,True,True,1,YELLOW,17.040000915527344,21.040000915527344
20250512,605398,0,False,False,0,False,False,0,YELLOW,-75.7699966430664,-20.6299991607666
20250512,605399,1,False,True,1,False,True,0,WEAK,-412.1000061035156,-85.02999877929688
20250512,605488,2,True,True,2,True,True,1,YELLOW,-13.75,-47.81999969482422
20250512,605499,2,True,True,2,True,True,1,OK,32.91999816894531,25.149999618530273
20250512,605500,1,False,True,1,False,True,0,YELLOW,-80.16000366210938,-114.56999969482422
20250512,605507,1,True,False,1,False,True,0,YELLOW,9.59000015258789,-26.079999923706055
20250512,605555,0,False,False,1,False,True,0,YELLOW,-47.869998931884766,-89.62999725341797
20250512,605566,1,True,False,1,False,True,0,YELLOW,42.97999954223633,90.2699966430664
20250512,605567,1,True,False,2,True,True,1,YELLOW,500.0,-15.479999542236328
20250512,605577,0,False,False,0,False,False,0,OK,9.489999771118164,13.960000038146973
20250512,605580,1,True,False,1,False,True,0,YELLOW,0.8500000238418579,67.02999877929688
20250512,605588,0,False,False,1,True,False,1,WEAK,-500.0,-142.52000427246094
20250512,605589,2,True,True,2,True,True,1,YELLOW,34.08000183105469,-9.460000038146973
20250512,605598,2,True,True,0,False,False,0,WEAK,-25.540000915527344,-91.12999725341795
20250512,605599,2,True,True,2,True,True,1,YELLOW,11.529999732971191,62.310001373291016
20250512,688001,2,True,True,1,False,True,0,WEAK,277.1700134277344,96.4499969482422
20250512,688002,1,True,False,1,False,True,0,OK,50.83000183105469,253.6000061035156
20250512,688003,0,False,False,2,True,True,1,WEAK,-77.87999725341797,106.93000030517578
20250512,688004,1,True,False,1,True,False,1,WEAK,53.810001373291016,-42.88999938964844
20250512,688005,1,True,False,1,False,True,0,WEAK,-348.8900146484375,153.7899932861328
20250512,688006,0,False,False,1,False,True,0,WEAK,6.079999923706055,9.050000190734863
20250512,688007,1,False,True,0,False,False,0,WEAK,-235.5099945068359,-63.81999969482422
20250512,688008,1,True,False,1,True,False,1,OK,67.93000030517578,20.13999938964844
20250512,688009,0,False,False,1,False,True,0,YELLOW,-3.069999933242798,-9.93000030517578
20250512,688010,2,True,True,1,True,False,1,WEAK,-41.43000030517578,9.529999732971191
20250512,688011,0,False,False,2,True,True,1,WEAK,21.0,-11.630000114440918
20250512,688012,2,True,True,1,True,False,1,WEAK,9.010000228881836,60.09000015258789
20250512,688013,2,True,True,2,True,True,1,OK,71.8499984741211,-62.869998931884766
20250512,688015,2,True,True,2,True,True,1,OK,500.0,-8.170000076293945
20250512,688016,1,False,True,1,False,True,0,WEAK,-25.799999237060547,23.13999938964844
20250512,688017,2,True,True,1,False,True,0,WEAK,44.209999084472656,41.56999969482422
20250512,688018,2,True,True,0,False,False,0,OK,50.77000045776367,39.880001068115234
20250512,688019,2,True,True,1,True,False,1,OK,40.15999984741211,21.649999618530273
20250512,688020,1,True,False,1,True,False,1,YELLOW,21.459999084472656,-500.0
20250512,688021,2,True,True,2,True,True,1,WEAK,88.37000274658203,296.67999267578125
20250512,688023,1,True,False,0,False,False,0,WEAK,35.189998626708984,-7.25
20250512,688025,2,True,True,2,True,True,1,OK,117.1500015258789,186.77000427246097
20250512,688026,1,True,False,2,True,True,1,OK,20.709999084472656,-134.47999572753906
20250512,688027,2,True,True,0,False,False,0,WEAK,12.1899995803833,19.790000915527344
20250512,688028,0,False,False,2,True,True,1,OK,-5.289999961853027,45.72999954223633
20250512,688029,1,True,False,1,False,True,0,YELLOW,13.890000343322754,-11.18000030517578
20250512,688030,1,True,False,0,False,False,0,WEAK,12.470000267028809,50.619998931884766
20250512,688031,2,True,True,0,False,False,0,WEAK,27.709999084472656,30.280000686645508
20250512,688032,1,False,True,1,False,True,0,WEAK,-132.27000427246094,-500.0
20250512,688035,1,True,False,1,True,False,1,YELLOW,26.309999465942383,22.56999969482422
20250512,688036,1,False,True,0,False,False,0,WEAK,-46.709999084472656,80.37000274658203
20250512,688037,1,False,True,1,True,False,1,WEAK,-333.92999267578125,81.11000061035156
20250512,688038,1,True,False,1,True,False,1,YELLOW,-500.0,-173.99000549316406
20250512,688039,1,True,False,0,False,False,0,WEAK,61.66999816894531,-10.25
20250512,688041,2,True,True,1,True,False,1,OK,23.18000030517578,34.9900016784668
20250512,688045,0,False,False,1,True,False,1,WEAK,68.16999816894531,169.38999938964844
20250512,688046,1,True,False,1,False,True,0,WEAK,29.209999084472656,54.58000183105469
20250512,688047,0,False,False,0,False,False,0,WEAK,-16.399999618530273,26.649999618530273
20250512,688048,2,True,True,1,True,False,1,WEAK,76.55999755859375,40.5
20250512,688049,2,True,True,1,True,False,1,OK,205.2100067138672,15.539999961853027
20250512,688050,0,False,False,1,False,True,0,WEAK,-8.140000343322754,2.7300000190734863
20250512,688051,1,False,True,1,True,False,1,WEAK,-68.41000366210938,-44.79999923706055
20250512,688052,1,True,False,1,True,False,1,WEAK,59.849998474121094,14.899999618530272
20250512,688055,1,False,True,0,False,False,0,WEAK,7.610000133514404,-16.309999465942383
20250512,688056,1,True,False,2,True,True,1,OK,-3.650000095367432,-52.5
20250512,688057,0,False,False,1,False,True,0,YELLOW,-38.5099983215332,-68.76000213623047
20250512,688058,0,False,False,0,False,False,0,WEAK,-109.58999633789062,-18.239999771118164
20250512,688059,2,True,True,2,True,True,1,WEAK,79.83000183105469,500.0
20250512,688060,0,False,False,0,False,False,0,WEAK,-500.0,-34.849998474121094
20250512,688061,1,False,True,1,True,False,1,WEAK,-16.1299991607666,-16.93000030517578
20250512,688062,1,False,True,2,True,True,1,WEAK,12.90999984741211,17.59000015258789
20250512,688063,0,False,False,2,True,True,1,WEAK,-31.399999618530273,102.0500030517578
20250512,688065,2,True,True,2,True,True,1,YELLOW,27.829999923706055,9.06999969482422
20250512,688067,1,True,False,2,True,True,1,OK,24.920000076293945,15.3100004196167
20250512,688068,0,False,False,2,True,True,1,WEAK,-45.9900016784668,-87.02999877929688
20250512,688069,0,False,False,2,True,True,1,WEAK,66.44999694824219,-66.0999984741211
20250512,688070,2,True,True,1,False,True,0,WEAK,62.7400016784668,34.040000915527344
20250512,688071,1,True,False,2,True,True,1,WEAK,4.860000133514404,-15.260000228881836
20250512,688072,1,False,True,1,True,False,1,WEAK,500.0,156.64999389648438
20250512,688073,2,True,True,1,False,True,0,OK,41.540000915527344,42.209999084472656
20250512,688075,2,True,True,1,False,True,0,WEAK,-8.979999542236328,-189.55999755859375
20250512,688077,0,False,False,2,True,True,1,YELLOW,69.12999725341797,213.86000061035156
20250512,688078,1,False,True,0,False,False,0,OK,-122.66000366210938,-191.4199981689453
20250512,688079,1,True,False,1,True,False,1,WEAK,-47.2599983215332,-157.75999450683594
20250512,688080,2,True,True,1,True,False,1,OK,26.790000915527344,-58.43000030517578
20250512,688081,0,False,False,2,True,True,1,WEAK,-5.130000114440918,85.0
20250512,688082,2,True,True,1,True,False,1,OK,49.47999954223633,-57.2400016784668
20250512,688083,1,True,False,1,True,False,1,WEAK,-41.0099983215332,6.059999942779541
20250512,688084,1,True,False,1,False,True,0,WEAK,94.0500030517578,31.09000015258789
20250512,688085,1,True,False,2,True,True,1,WEAK,500.0,-86.91999816894531
20250512,688087,0,False,False,1,False,True,0,YELLOW,-17.3700008392334,122.08999633789062
20250512,688088,1,True,False,0,False,False,0,OK,44.529998779296875,20.020000457763672
20250512,688089,1,True,False,2,True,True,1,OK,79.6500015258789,-206.11000061035156
20250512,688090,1,True,False,1,False,True,0,YELLOW,-353.3699951171875,500.0
20250512,688091,1,False,True,2,True,True,1,YELLOW,55.380001068115234,9.630000114440918
20250512,688092,0,False,False,1,False,True,0,OK,-26.100000381469727,-44.630001068115234
20250512,688093,2,True,True,1,True,False,1,YELLOW,69.41000366210938,-4.590000152587891
20250512,688095,2,True,True,0,False,False,0,WEAK,77.16000366210938,141.36000061035156
20250512,688096,2,True,True,2,True,True,1,YELLOW,61.91999816894531,-406.5199890136719
20250512,688097,2,True,True,1,False,True,0,WEAK,3.4600000381469727,56.45000076293945
20250512,688098,1,False,True,1,False,True,0,WEAK,67.18000030517578,58.880001068115234
20250512,688099,1,True,False,0,False,False,0,OK,13.710000038146973,-4.630000114440918
20250512,688100,2,True,True,1,True,False,1,OK,13.020000457763672,5.900000095367432
20250512,688101,1,True,False,1,False,True,0,OK,45.7400016784668,32.150001525878906
20250512,688102,2,True,True,2,True,True,1,YELLOW,41.38999938964844,45.90999984741211
20250512,688103,2,True,True,1,True,False,1,WEAK,159.1300048828125,-42.93000030517578
20250512,688105,0,False,False,2,True,True,1,OK,-45.369998931884766,35.77000045776367
20250512,688106,0,False,False,1,True,False,1,WEAK,-41.06999969482422,-92.38999938964844
20250512,688107,1,False,True,1,True,False,1,WEAK,-14.130000114440918,41.220001220703125
20250512,688108,2,True,True,1,False,True,0,YELLOW,148.6300048828125,500.0
20250512,688109,2,True,True,1,True,False,1,OK,500.0,-500.0
20250512,688110,1,False,True,1,True,False,1,WEAK,-9.079999923706056,300.7200012207031
20250512,688111,1,True,False,0,False,False,0,OK,15.9399995803833,456.9100036621094
20250512,688112,2,True,True,2,True,True,1,OK,22.6200008392334,-4.579999923706055
20250512,688113,1,True,False,2,True,True,1,OK,39.43000030517578,30.799999237060547
20250512,688114,1,True,False,2,True,True,1,WEAK,54.16999816894531,38.900001525878906
20250512,688115,1,False,True,2,True,True,1,WEAK,-500.0,136.69000244140625
20250512,688116,1,True,False,2,True,True,1,YELLOW,-1.7899999618530271,-7.889999866485596
20250512,688117,2,True,True,2,True,True,1,WEAK,134.97000122070312,37.400001525878906
20250512,688118,1,True,False,0,False,False,0,WEAK,32.02000045776367,-1.4800000190734863
20250512,688119,1,True,False,1,True,False,1,YELLOW,16.459999084472656,-344.3399963378906
20250512,688120,2,True,True,1,True,False,1,OK,17.610000610351562,5.96999979019165
20250512,688121,1,True,False,1,False,True,0,WEAK,-210.30999755859375,-489.30999755859375
20250512,688122,1,True,False,2,True,True,1,YELLOW,10.390000343322754,-66.91999816894531
20250512,688123,2,True,True,1,True,False,1,YELLOW,43.869998931884766,-66.70999908447266
20250512,688125,1,False,True,1,False,True,0,WEAK,-500.0,-50.939998626708984
20250512,688126,0,False,False,1,True,False,1,WEAK,-27.739999771118164,-109.88999938964844
20250512,688127,1,True,False,0,False,False,0,OK,55.790000915527344,208.4199981689453
20250512,688128,2,True,True,2,True,True,1,OK,21.84000015258789,6.309999942779541
20250512,688129,2,True,True,2,True,True,1,YELLOW,4.789999961853027,5.170000076293945
20250512,688130,1,False,True,1,True,False,1,WEAK,-135.38999938964844,43.83000183105469
20250512,688131,1,True,False,1,False,True,0,OK,72.26000213623047,12.539999961853027
20250512,688132,0,False,False,1,False,True,0,WEAK,-488.4100036621094,-47.790000915527344
20250512,688133,1,True,False,2,True,True,1,YELLOW,-169.72999572753906,-500.0
20250512,688135,0,False,False,1,True,False,1,WEAK,84.05999755859375,144.5
20250512,688136,2,True,True,2,True,True,1,YELLOW,190.6499938964844,-180.55999755859375
20250512,688137,1,False,True,1,False,True,0,WEAK,0.209999993443489,14.520000457763672
20250512,688138,1,True,False,1,True,False,1,YELLOW,20.8799991607666,7.460000038146973
20250512,688139,1,False,True,1,False,True,0,YELLOW,-37.20000076293945,-28.729999542236328
20250512,688141,2,True,True,0,False,False,0,WEAK,2.7200000286102295,-129.0399932861328
20250512,688143,2,True,True,1,True,False,1,WEAK,500.0,-43.970001220703125
20250512,688146,2,True,True,1,True,False,1,WEAK,16.09000015258789,30.700000762939453
20250512,688147,1,True,False,2,True,True,1,WEAK,62.56999969482422,-72.8499984741211
20250512,688148,1,False,True,1,False,True,0,WEAK,13.520000457763672,222.9600067138672
20250512,688150,2,True,True,1,True,False,1,OK,46.5099983215332,-24.11000061035156
20250512,688151,0,False,False,1,False,True,0,YELLOW,-31.899999618530273,39.880001068115234
20250512,688152,1,False,True,0,False,False,0,WEAK,-23.579999923706055,-4.820000171661377
20250512,688153,1,False,True,0,False,False,0,WEAK,87.41000366210938,-141.60000610351562
20250512,688155,2,True,True,2,True,True,1,YELLOW,11.90999984741211,185.25
20250512,688156,0,False,False,2,True,True,1,WEAK,-255.4199981689453,500.0
20250512,688157,1,False,True,2,True,True,1,OK,-65.45999908447266,-347.6499938964844
20250512,688158,1,True,False,0,False,False,0,WEAK,19.979999542236328,80.7300033569336
20250512,688159,0,False,False,1,True,False,1,WEAK,-11.220000267028809,56.27000045776367
20250512,688160,1,False,True,2,True,True,1,OK,41.029998779296875,16.43000030517578
20250512,688161,1,True,False,2,True,True,1,OK,22.059999465942383,-16.709999084472656
20250512,688162,1,True,False,1,False,True,0,YELLOW,165.07000732421875,-25.760000228881836
20250512,688163,1,True,False,1,False,True,0,YELLOW,12.149999618530272,-500.0
20250512,688165,1,False,True,1,False,True,0,WEAK,-66.83999633789062,19.079999923706055
20250512,688166,1,False,True,2,True,True,1,WEAK,-73.41000366210938,-47.58000183105469
20250512,688167,1,False,True,0,False,False,0,WEAK,37.86000061035156,58.189998626708984
20250512,688168,1,False,True,1,True,False,1,WEAK,-56.720001220703125,124.22000122070312
20250512,688169,1,False,True,1,False,True,0,WEAK,-29.6299991607666,7.079999923706055
20250512,688170,1,False,True,1,False,True,0,WEAK,5.659999847412109,-44.08000183105469
20250512,688171,1,False,True,1,True,False,1,WEAK,12.300000190734863,48.529998779296875
20250512,688172,1,False,True,0,False,False,0,WEAK,-184.4499969482422,-45.349998474121094
20250512,688173,2,True,True,1,True,False,1,WEAK,60.9900016784668,69.75
20250512,688175,0,False,False,1,False,True,0,WEAK,21.530000686645508,95.5999984741211
20250512,688176,1,True,False,2,True,True,1,WEAK,6.690000057220459,-30.059999465942383
20250512,688177,2,True,True,2,True,True,1,WEAK,31.1200008392334,-53.5099983215332
20250512,688178,1,False,True,2,True,True,1,WEAK,-500.0,268.6099853515625
20250512,688179,2,True,True,1,False,True,0,OK,-19.780000686645508,14.3100004196167
20250512,688180,1,True,False,2,True,True,1,WEAK,28.729999542236328,40.029998779296875
20250512,688181,1,True,False,1,True,False,1,OK,-26.299999237060547,0.4699999988079071
20250512,688182,2,True,True,1,True,False,1,YELLOW,135.5,4.309999942779541
20250512,688183,2,True,True,0,False,False,0,YELLOW,500.0,122.83000183105467
20250512,688185,2,True,True,1,False,True,0,WEAK,68.27999877929688,0.2199999988079071
20250512,688186,1,True,False,2,True,True,1,YELLOW,452.9200134277344,-94.13999938964844
20250512,688187,2,True,True,2,True,True,1,YELLOW,27.65999984741211,-0.7799999713897705
20250512,688188,1,True,False,1,True,False,1,OK,21.959999084472656,20.88999938964844
20250512,688189,1,False,True,1,False,True,0,WEAK,-15.170000076293944,-62.29999923706055
20250512,688190,2,True,True,2,True,True,1,OK,-4.269999980926514,-24.6299991607666
20250512,688191,1,False,True,2,True,True,1,WEAK,25.65999984741211,24.09000015258789
20250512,688192,2,True,True,2,True,True,1,WEAK,-5.190000057220459,50.40999984741211
20250512,688193,0,False,False,2,True,True,1,OK,-143.67999267578125,198.30999755859375
20250512,688195,2,True,True,0,False,False,0,OK,14.960000038146973,18.510000228881836
20250512,688196,2,True,True,2,True,True,1,YELLOW,83.77999877929688,-49.400001525878906
20250512,688197,2,True,True,1,False,True,0,WEAK,1.8700000047683716,68.06999969482422
20250512,688198,2,True,True,2,True,True,1,OK,44.84000015258789,73.63999938964844
20250512,688199,0,False,False,2,True,True,1,WEAK,77.25,180.38999938964844
20250512,688200,2,True,True,1,True,False,1,OK,53.9900016784668,42.439998626708984
20250512,688202,1,True,False,1,False,True,0,WEAK,61.310001373291016,156.11000061035156
20250512,688203,0,False,False,1,False,True,0,YELLOW,-87.3499984741211,370.9200134277344
20250512,688205,1,False,True,0,False,False,0,YELLOW,-48.16999816894531,41.41999816894531
20250512,688206,2,True,True,1,True,False,1,YELLOW,55.0,-25.489999771118164
20250512,688207,0,False,False,0,False,False,0,WEAK,5.869999885559082,2.5899999141693115
20250512,688208,1,True,False,1,True,False,1,OK,61.810001373291016,-1.25
20250512,688209,2,True,True,1,True,False,1,YELLOW,26.649999618530273,259.8699951171875
20250512,688210,1,False,True,1,True,False,1,OK,-94.66999816894533,-500.0
20250512,688211,1,True,False,1,False,True,0,WEAK,-259.55999755859375,92.4000015258789
20250512,688212,1,False,True,2,True,True,1,WEAK,-500.0,13.5
20250512,688213,1,True,False,1,True,False,1,YELLOW,126.19000244140624,29.530000686645508
20250512,688215,2,True,True,2,True,True,1,WEAK,212.97999572753903,500.0
20250512,688216,0,False,False,0,False,False,0,WEAK,-17.260000228881836,80.5
20250512,688217,1,False,True,2,True,True,1,OK,-500.0,-500.0
20250512,688218,1,False,True,1,False,True,0,WEAK,-500.0,113.27999877929688
20250512,688219,2,True,True,2,True,True,1,YELLOW,12.350000381469728,31.15999984741211
20250512,688220,1,False,True,1,True,False,1,WEAK,-2.6600000858306885,76.83999633789062
20250512,688221,2,True,True,1,False,True,0,WEAK,20.5,500.0
20250512,688222,2,True,True,1,False,True,0,YELLOW,420.2999877929687,126.4000015258789
20250512,688223,0,False,False,1,False,True,0,WEAK,-500.0,24.239999771118164
20250512,688225,1,False,True,1,True,False,1,WEAK,-41.63999938964844,17.360000610351562
20250512,688226,1,False,True,1,False,True,0,YELLOW,-90.41999816894533,-52.650001525878906
20250512,688227,1,True,False,0,False,False,0,WEAK,26.479999542236328,1.7000000476837158
20250512,688228,0,False,False,1,True,False,1,WEAK,46.220001220703125,-500.0
20250512,688229,2,True,True,1,True,False,1,WEAK,34.2400016784668,-34.709999084472656
20250512,688230,1,True,False,0,False,False,0,OK,14.220000267028809,103.37999725341795
20250512,688231,2,True,True,2,True,True,1,YELLOW,46.599998474121094,53.0
20250512,688232,1,True,False,0,False,False,0,WEAK,-81.3499984741211,17.81999969482422
20250512,688233,2,True,True,1,True,False,1,WEAK,168.05999755859375,-9.420000076293944
20250512,688234,0,False,False,1,True,False,1,WEAK,-121.94000244140624,-500.0
20250512,688235,1,True,False,2,True,True,1,WEAK,108.36000061035156,126.38999938964844
20250512,688236,2,True,True,2,True,True,1,WEAK,311.07000732421875,11.710000038146973
20250512,688237,0,False,False,2,True,True,1,WEAK,-68.83999633789062,-61.75
20250512,688238,0,False,False,2,True,True,1,WEAK,19.030000686645508,9.359999656677246
20250512,688239,1,False,True,1,False,True,0,YELLOW,-4.650000095367432,63.439998626708984
20250512,688244,1,False,True,1,True,False,1,WEAK,-53.279998779296875,-1.950000047683716
20250512,688246,1,False,True,1,True,False,1,WEAK,-300.6700134277344,17.559999465942383
20250512,688247,1,False,True,1,False,True,0,WEAK,-36.63999938964844,-34.4900016784668
20250512,688248,2,True,True,1,False,True,0,YELLOW,0.7300000190734863,-25.209999084472656
20250512,688249,1,True,False,0,False,False,0,WEAK,27.010000228881836,-68.37999725341797
20250512,688251,2,True,True,1,True,False,1,WEAK,-89.33999633789062,-500.0
20250512,688252,1,True,False,1,True,False,1,YELLOW,11.960000038146973,-32.2599983215332
20250512,688253,0,False,False,2,True,True,1,WEAK,-49.959999084472656,-60.11000061035156
20250512,688255,0,False,False,1,False,True,0,YELLOW,-71.08999633789062,174.75
20250512,688256,2,True,True,1,True,False,1,WEAK,264.5199890136719,238.55999755859375
20250512,688257,1,True,False,2,True,True,1,OK,35.900001525878906,500.0
20250512,688258,1,True,False,1,True,False,1,OK,500.0,39.619998931884766
20250512,688259,1,False,True,1,True,False,1,YELLOW,-23.309999465942383,-78.80000305175781
20250512,688260,1,False,True,0,False,False,0,WEAK,-10.09000015258789,-2.4700000286102295
20250512,688261,2,True,True,1,True,False,1,WEAK,374.4800109863281,-500.0
20250512,688262,2,True,True,0,False,False,0,WEAK,-8.029999732971191,-56.869998931884766
20250512,688265,1,True,False,1,False,True,0,WEAK,131.85000610351562,31.829999923706055
20250512,688266,0,False,False,2,True,True,1,WEAK,-15.420000076293944,500.0
20250512,688267,2,True,True,2,True,True,1,YELLOW,55.84000015258789,-21.8799991607666
20250512,688268,0,False,False,1,True,False,1,OK,-10.039999961853027,-20.6200008392334
20250512,688269,2,True,True,2,True,True,1,YELLOW,51.959999084472656,78.04000091552734
20250512,688271,2,True,True,2,True,True,1,OK,126.94000244140624,-1.75
20250512,688272,1,False,True,1,False,True,0,WEAK,-500.0,-29.040000915527344
20250512,688273,1,True,False,2,True,True,1,OK,-9.739999771118164,-41.83000183105469
20250512,688275,1,False,True,1,False,True,0,WEAK,27.5,356.0299987792969
20250512,688276,0,False,False,1,False,True,0,WEAK,-173.39999389648438,-46.7599983215332
20250512,688277,2,True,True,2,True,True,1,WEAK,-21.969999313354492,-54.43000030517578
20250512,688278,1,True,False,1,False,True,0,OK,15.90999984741211,-12.34000015258789
20250512,688279,2,True,True,1,True,False,1,OK,-2.240000009536743,89.41999816894531
20250512,688280,1,True,False,2,True,True,1,YELLOW,91.33000183105467,-107.2300033569336
20250512,688281,1,False,True,1,False,True,0,WEAK,-27.8700008392334,23.219999313354492
20250512,688282,1,True,False,2,True,True,1,WEAK,80.16000366210938,-23.11000061035156
20250512,688283,1,False,True,1,True,False,1,WEAK,58.150001525878906,103.52999877929688
20250512,688285,1,True,False,2,True,True,1,WEAK,92.1500015258789,195.2899932861328
20250512,688286,1,True,False,1,True,False,1,YELLOW,170.32000732421875,-500.0
20250512,688288,1,True,False,1,True,False,1,OK,198.05999755859375,-151.50999450683594
20250512,688289,2,True,True,1,False,True,0,OK,3.5999999046325684,-45.119998931884766
20250512,688290,1,True,False,1,False,True,0,WEAK,-174.2100067138672,-10.800000190734863
20250512,688291,2,True,True,1,True,False,1,OK,55.970001220703125,-16.610000610351562
20250512,688292,0,False,False,0,False,False,0,WEAK,-155.92999267578125,-238.30999755859375
20250512,688293,1,False,True,1,False,True,0,WEAK,118.8000030517578,-57.470001220703125
20250512,688295,1,False,True,2,True,True,1,WEAK,165.8800048828125,149.99000549316406
20250512,688296,0,False,False,0,False,False,0,WEAK,-500.0,0.270000010728836
20250512,688297,2,True,True,2,True,True,1,YELLOW,123.38999938964844,-4.960000038146973
20250512,688298,0,False,False,1,False,True,0,WEAK,33.709999084472656,10.619999885559082
20250512,688299,1,True,False,1,True,False,1,YELLOW,-333.760009765625,-24.38999938964844
20250512,688300,2,True,True,1,False,True,0,OK,19.719999313354492,8.460000038146973
20250512,688301,1,False,True,2,True,True,1,WEAK,14.0,21.079999923706055
20250512,688302,1,True,False,2,True,True,1,WEAK,28.350000381469727,5.139999866485596
20250512,688303,0,False,False,1,False,True,0,WEAK,6.539999961853027,-42.849998474121094
20250512,688305,2,True,True,2,True,True,1,YELLOW,-15.020000457763672,2.5799999237060547
20250512,688306,1,True,False,2,True,True,1,WEAK,13.949999809265137,-6.079999923706055
20250512,688307,1,True,False,1,True,False,1,OK,9.550000190734863,40.720001220703125
20250512,688308,0,False,False,1,False,True,0,WEAK,-54.43000030517578,500.0
20250512,688309,2,True,True,2,True,True,1,WEAK,461.7300109863281,446.0
20250512,688310,1,False,True,1,False,True,0,WEAK,-500.0,-44.119998931884766
20250512,688311,1,True,False,2,True,True,1,WEAK,60.689998626708984,-33.849998474121094
20250512,688312,1,False,True,1,False,True,0,WEAK,48.47999954223633,-500.0
20250512,688313,2,True,True,1,True,False,1,YELLOW,500.0,16.309999465942383
20250512,688314,1,True,False,2,True,True,1,OK,7.800000190734863,-45.18000030517578
20250512,688315,1,True,False,1,False,True,0,OK,-19.350000381469727,4.690000057220459
20250512,688316,0,False,False,0,False,False,0,WEAK,26.15999984741211,39.02000045776367
20250512,688317,0,False,False,1,False,True,0,WEAK,-92.97000122070312,-61.630001068115234
20250512,688318,0,False,False,0,False,False,0,OK,-10.869999885559082,24.450000762939453
20250512,688319,2,True,True,2,True,True,1,WEAK,500.0,311.17999267578125
20250512,688320,1,False,True,1,False,True,0,WEAK,-29.549999237060547,67.91000366210938
20250512,688321,1,False,True,1,False,True,0,WEAK,201.1699981689453,204.30999755859375
20250512,688322,1,True,False,1,True,False,1,OK,167.52999877929688,500.0
20250512,688323,1,False,True,1,False,True,0,WEAK,-27.84000015258789,-30.1299991607666
20250512,688325,2,True,True,0,False,False,0,OK,0.9900000095367432,-46.41999816894531
20250512,688326,1,True,False,0,False,False,0,WEAK,74.08999633789062,-30.739999771118164
20250512,688327,2,True,True,0,False,False,0,WEAK,24.18000030517578,79.1500015258789
20250512,688328,2,True,True,2,True,True,1,OK,157.80999755859375,88.02999877929688
20250512,688329,1,False,True,1,False,True,0,WEAK,66.3499984741211,-59.72999954223633
20250512,688330,0,False,False,1,False,True,0,OK,-6.5,-44.34000015258789
20250512,688331,1,True,False,2,True,True,1,WEAK,50.310001373291016,86.12000274658203
20250512,688332,1,False,True,0,False,False,0,YELLOW,3.9200000762939458,-2.4200000762939453
20250512,688333,1,False,True,2,True,True,1,WEAK,500.0,122.55999755859376
20250512,688334,2,True,True,2,True,True,1,YELLOW,38.84000015258789,7.440000057220459
20250512,688335,1,False,True,2,True,True,1,WEAK,45.06999969482422,-500.0
20250512,688336,1,True,False,2,True,True,1,OK,62.38999938964844,59.290000915527344
20250512,688337,1,False,True,1,False,True,0,OK,-89.8499984741211,270.6300048828125
20250512,688338,0,False,False,1,False,True,0,OK,-25.979999542236328,-20.329999923706055
20250512,688339,1,False,True,1,False,True,0,WEAK,-16.920000076293945,56.0099983215332
20250512,688343,2,True,True,0,False,False,0,WEAK,31.86000061035156,-43.70000076293945
20250512,688345,1,True,False,2,True,True,1,YELLOW,274.07000732421875,113.56999969482422
20250512,688347,1,False,True,1,True,False,1,WEAK,-52.84000015258789,500.0
20250512,688348,1,False,True,1,False,True,0,YELLOW,-72.36000061035156,-412.0899963378906
20250512,688349,1,False,True,1,False,True,0,WEAK,-102.12000274658205,129.11000061035156
20250512,688350,1,False,True,1,False,True,0,YELLOW,73.5199966430664,500.0
20250512,688351,2,True,True,2,True,True,1,WEAK,500.0,-81.69999694824219
20250512,688352,0,False,False,1,True,False,1,WEAK,-19.43000030517578,-175.60000610351562
20250512,688353,1,False,True,1,False,True,0,WEAK,26.06999969482422,362.6400146484375
20250512,688355,1,True,False,1,False,True,0,YELLOW,-1.7100000381469729,-102.5999984741211
20250512,688356,1,False,True,2,True,True,1,WEAK,23.56999969482422,102.72000122070312
20250512,688357,0,False,False,2,True,True,1,YELLOW,31.969999313354492,-32.56999969482422
20250512,688358,1,False,True,1,False,True,0,OK,-2.690000057220459,-12.760000228881836
20250512,688359,2,True,True,1,True,False,1,YELLOW,-3.5999999046325684,21.86000061035156
20250512,688360,2,True,True,2,True,True,1,YELLOW,2.4700000286102295,2.2699999809265137
20250512,688361,1,False,True,0,False,False,0,WEAK,-11.609999656677246,-168.5500030517578
20250512,688362,1,True,False,1,True,False,1,YELLOW,-21.549999237060547,104.63999938964844
20250512,688363,0,False,False,1,False,True,0,OK,-43.20000076293945,-29.760000228881836
20250512,688365,2,True,True,0,False,False,0,WEAK,70.9800033569336,132.89999389648438
20250512,688366,0,False,False,1,False,True,0,OK,-20.75,-34.29999923706055
20250512,688367,2,True,True,1,False,True,0,WEAK,-97.08999633789062,-141.67999267578125
20250512,688368,2,True,True,1,True,False,1,WEAK,159.35000610351562,431.4500122070313
20250512,688369,1,False,True,1,True,False,1,WEAK,-93.79000091552734,-2.3399999141693115
20250512,688370,0,False,False,1,False,True,0,WEAK,-112.62999725341795,345.1300048828125
20250512,688371,2,True,True,1,True,False,1,YELLOW,-35.22999954223633,-500.0
20250512,688372,2,True,True,1,True,False,1,YELLOW,173.30999755859375,365.2200012207031
20250512,688373,1,True,False,2,True,True,1,WEAK,33.93000030517578,63.209999084472656
20250512,688375,0,False,False,2,True,True,1,YELLOW,-18.93000030517578,-102.08999633789062
20250512,688376,1,False,True,2,True,True,1,YELLOW,-18.239999771118164,26.329999923706055
20250512,688377,0,False,False,1,False,True,0,YELLOW,59.4900016784668,-14.079999923706056
20250512,688378,0,False,False,0,False,False,0,WEAK,-109.25,337.8800048828125
20250512,688379,1,True,False,2,True,True,1,YELLOW,3.680000066757202,92.43000030517578
20250512,688380,1,True,False,0,False,False,0,WEAK,36.560001373291016,111.91000366210938
20250512,688381,1,True,False,1,True,False,1,YELLOW,-151.07000732421875,-500.0
20250512,688382,2,True,True,2,True,True,1,WEAK,38.720001220703125,21.93000030517578
20250512,688383,1,False,True,1,False,True,0,OK,-88.37000274658203,69.33999633789062
20250512,688385,0,False,False,1,True,False,1,WEAK,-21.209999084472656,8.3100004196167
20250512,688386,2,True,True,2,True,True,1,OK,34.2400016784668,-28.0
20250512,688387,2,True,True,1,True,False,1,WEAK,18.799999237060547,16.270000457763672
20250512,688388,1,True,False,2,True,True,1,WEAK,106.52999877929688,500.0
20250512,688389,1,False,True,1,False,True,0,OK,-37.18000030517578,-36.43000030517578
20250512,688390,1,False,True,2,True,True,1,WEAK,96.9499969482422,255.30999755859375
20250512,688391,1,False,True,0,False,False,0,WEAK,-41.90999984741211,-137.9499969482422
20250512,688392,2,True,True,2,True,True,1,OK,500.0,86.3499984741211
20250512,688393,0,False,False,2,True,True,1,WEAK,-174.5,78.79000091552734
20250512,688395,2,True,True,2,True,True,1,OK,9.3100004196167,30.88999938964844
20250512,688396,2,True,True,1,True,False,1,WEAK,-15.979999542236328,117.16000366210938
20250512,688398,0,False,False,1,False,True,0,WEAK,-64.19999694824219,-94.12000274658205
20250512,688399,1,False,True,2,True,True,1,OK,-151.39999389648438,28.100000381469727
20250512,688400,2,True,True,1,False,True,0,OK,33.970001220703125,500.0
20250512,688401,2,True,True,1,True,False,1,OK,41.630001068115234,42.02000045776367
20250512,688403,2,True,True,1,True,False,1,YELLOW,19.040000915527344,-165.6300048828125
20250512,688408,1,False,True,1,False,True,0,YELLOW,-74.77999877929688,-149.41000366210938
20250512,688409,0,False,False,0,False,False,0,WEAK,-88.51000213623047,233.5099945068359
20250512,688410,2,True,True,2,True,True,1,WEAK,84.0999984741211,45.689998626708984
20250512,688411,0,False,False,1,,True,-1,YELLOW,80.91999816894531,152.32000732421875
20250512,688416,1,True,False,0,False,False,0,WEAK,10.890000343322754,250.4900054931641
20250512,688418,0,False,False,1,True,False,1,YELLOW,-500.0,-500.0
20250512,688419,2,True,True,1,True,False,1,OK,24.709999084472656,-34.9900016784668
20250512,688420,0,False,False,1,False,True,0,WEAK,-89.73999786376953,225.97000122070312
20250512,688425,1,False,True,1,False,True,0,OK,-1.3200000524520874,-28.540000915527344
20250512,688426,1,True,False,1,False,True,0,WEAK,14.31999969482422,28.469999313354492
20250512,688428,1,True,False,2,True,True,1,WEAK,67.43000030517578,225.7100067138672
20250512,688429,1,False,True,1,False,True,0,WEAK,48.70000076293945,40.849998474121094
20250512,688432,0,False,False,1,True,False,1,OK,-31.15999984741211,-1.6100000143051147
20250512,688433,1,False,True,2,True,True,1,WEAK,-85.55999755859375,-500.0
20250512,688435,2,True,True,0,False,False,0,WEAK,40.16999816894531,-7.289999961853027
20250512,688439,0,False,False,2,True,True,1,WEAK,-64.2300033569336,-244.8000030517578
20250512,688443,1,True,False,2,True,True,1,WEAK,32.779998779296875,-6.179999828338623
20250512,688448,1,False,True,2,True,True,1,WEAK,-53.40999984741211,-1.350000023841858
20250512,688449,1,False,True,0,,False,-1,WEAK,141.75999450683594,117.88999938964844
20250512,688450,1,False,True,2,True,True,1,WEAK,-34.75,58.720001220703125
20250512,688455,1,False,True,1,False,True,0,WEAK,-3.509999990463257,-4.860000133514404
20250512,688456,2,True,True,2,True,True,1,YELLOW,35.22999954223633,211.2400054931641
20250512,688458,2,True,True,1,True,False,1,YELLOW,94.0,-441.4800109863281
20250512,688459,0,False,False,1,False,True,0,WEAK,8.960000038146973,-500.0
20250512,688466,2,True,True,2,True,True,1,WEAK,-10.270000457763672,-93.9499969482422
20250512,688468,0,False,False,2,True,True,1,YELLOW,-67.66999816894531,-31.770000457763672
20250512,688469,1,True,False,1,True,False,1,WEAK,18.670000076293945,34.150001525878906
20250512,688472,0,False,False,1,False,True,0,YELLOW,-40.59000015258789,293.5899963378906
20250512,688475,2,True,True,0,False,False,0,OK,6.21999979019165,29.38999938964844
20250512,688478,1,False,True,1,True,False,1,WEAK,-193.6300048828125,-65.63999938964844
20250512,688479,0,False,False,1,True,False,1,OK,-82.20999908447266,3.299999952316284
20250512,688480,1,True,False,2,True,True,1,OK,-10.779999732971191,83.5199966430664
20250512,688484,1,False,True,0,False,False,0,YELLOW,-39.93000030517578,-97.63999938964844
20250512,688485,2,True,True,1,False,True,0,WEAK,35.13999938964844,32.029998779296875
20250512,688486,1,False,True,0,False,False,0,OK,38.54999923706055,52.459999084472656
20250512,688488,2,True,True,2,True,True,1,OK,77.7300033569336,15.869999885559082
20250512,688489,1,False,True,0,False,False,0,WEAK,-500.0,31.209999084472656
20250512,688498,2,True,True,1,True,False,1,WEAK,500.0,500.0
20250512,688499,1,True,False,2,True,True,1,WEAK,107.02999877929688,79.72000122070312
20250512,688500,1,True,False,0,False,False,0,WEAK,19.11000061035156,-55.11000061035156
20250512,688501,1,True,False,2,True,True,1,WEAK,309.2300109863281,-58.41999816894531
20250512,688502,2,True,True,1,True,False,1,YELLOW,109.4499969482422,-199.58999633789065
20250512,688503,2,True,True,1,False,True,0,YELLOW,-37.41999816894531,181.83999633789065
20250512,688505,2,True,True,2,True,True,1,OK,-170.60000610351562,3.2899999618530273
20250512,688506,1,False,True,2,True,True,1,WEAK,-114.23999786376952,-48.869998931884766
20250512,688507,2,True,True,1,True,False,1,WEAK,-4.070000171661377,-82.68000030517578
20250512,688508,2,True,True,1,True,False,1,OK,8.020000457763672,-45.0099983215332
20250512,688509,1,True,False,1,True,False,1,WEAK,22.31999969482422,-23.200000762939453
20250512,688510,1,False,True,2,True,True,1,YELLOW,-27.93000030517578,-23.440000534057617
20250512,688511,1,True,False,2,True,True,1,WEAK,500.0,-96.95999908447266
20250512,688512,1,True,False,1,True,False,1,WEAK,35.959999084472656,-13.359999656677246
20250512,688513,0,False,False,2,True,True,1,WEAK,3.0999999046325684,-17.809999465942383
20250512,688515,1,False,True,0,False,False,0,WEAK,14.65999984741211,29.280000686645508
20250512,688516,0,False,False,1,False,True,0,WEAK,-70.19000244140625,-68.58000183105469
20250512,688517,0,False,False,2,True,True,1,WEAK,-13.09000015258789,-13.59000015258789
20250512,688518,1,True,False,1,False,True,0,WEAK,16.770000457763672,-4.320000171661377
20250512,688519,2,True,True,1,True,False,1,YELLOW,282.1000061035156,500.0
20250512,688520,1,False,True,1,False,True,0,OK,-143.32000732421875,-500.0
20250512,688521,1,False,True,1,True,False,1,WEAK,-3.4600000381469727,-43.709999084472656
20250512,688522,2,True,True,2,True,True,1,WEAK,125.08999633789062,25.1299991607666
20250512,688523,1,True,False,1,False,True,0,WEAK,6.699999809265137,-111.1500015258789
20250512,688525,1,False,True,1,True,False,1,WEAK,-108.18000030517578,500.0
20250512,688526,2,True,True,2,True,True,1,WEAK,22.700000762939453,-24.190000534057617
20250512,688528,1,False,True,2,True,True,1,WEAK,-64.30000305175781,16.690000534057617
20250512,688529,1,False,True,1,False,True,0,WEAK,-500.0,-251.5099945068359
20250512,688530,1,False,True,0,False,False,0,WEAK,-456.5,500.0
20250512,688531,1,False,True,2,True,True,1,OK,41.540000915527344,63.16999816894531
20250512,688533,0,False,False,1,False,True,0,YELLOW,-14.329999923706056,5.21999979019165
20250512,688535,1,False,True,0,False,False,0,YELLOW,-44.279998779296875,101.25
20250512,688536,2,True,True,1,True,False,1,WEAK,149.02999877929688,500.0
20250512,688538,2,True,True,1,True,False,1,WEAK,22.81999969482422,7.309999942779541
20250512,688539,1,False,True,1,True,False,1,WEAK,-36.02000045776367,-500.0
20250512,688543,0,False,False,2,True,True,1,OK,-3.7100000381469727,29.479999542236328
20250512,688545,1,False,True,0,,False,-1,YELLOW,18.40999984741211,30.440000534057617
20250512,688548,1,False,True,1,True,False,1,WEAK,3.859999895095825,64.0999984741211
20250512,688549,0,False,False,0,False,False,0,WEAK,-24.43000030517578,148.35000610351562
20250512,688550,2,True,True,1,True,False,1,YELLOW,59.2599983215332,0.1299999952316284
20250512,688551,1,False,True,1,False,True,0,WEAK,-49.66999816894531,82.48999786376953
20250512,688552,1,True,False,2,True,True,1,WEAK,157.30999755859375,-108.3499984741211
20250512,688553,1,False,True,1,False,True,0,WEAK,-20.6200008392334,-10.289999961853027
20250512,688556,0,False,False,2,True,True,1,WEAK,-185.77000427246097,8.609999656677246
20250512,688557,2,True,True,2,True,True,1,WEAK,48.68000030517578,87.80999755859375
20250512,688558,1,True,False,2,True,True,1,YELLOW,20.719999313354492,18.649999618530273
20250512,688559,0,False,False,1,False,True,0,WEAK,-500.0,103.7300033569336
20250512,688560,1,False,True,2,True,True,1,WEAK,-350.05999755859375,29.829999923706055
20250512,688561,2,True,True,1,True,False,1,WEAK,28.469999313354492,12.06999969482422
20250512,688562,1,False,True,1,True,False,1,WEAK,-26.649999618530273,-33.59000015258789
20250512,688563,0,False,False,1,False,True,0,WEAK,-6.199999809265137,-10.609999656677246
20250512,688565,1,True,False,2,True,True,1,YELLOW,111.36000061035156,-142.8300018310547
20250512,688566,0,False,False,2,True,True,1,OK,-9.850000381469728,-14.56999969482422
20250512,688567,2,True,True,2,True,True,1,WEAK,-32.880001068115234,2.069999933242798
20250512,688568,1,False,True,1,True,False,1,OK,-53.709999084472656,-500.0
20250512,688569,0,False,False,2,True,True,1,OK,-33.369998931884766,-19.290000915527344
20250512,688570,1,False,True,1,False,True,0,YELLOW,-73.69999694824219,-78.77999877929688
20250512,688571,1,False,True,1,False,True,0,YELLOW,-28.31999969482422,11.5600004196167
20250512,688573,1,True,False,2,True,True,1,WEAK,-97.61000061035156,-30.600000381469727
20250512,688575,0,False,False,1,False,True,0,YELLOW,-51.41999816894531,-33.0099983215332
20250512,688576,1,False,True,1,False,True,0,OK,-25.579999923706055,-36.88999938964844
20250512,688577,0,False,False,2,True,True,1,YELLOW,177.5399932861328,500.0
20250512,688578,1,True,False,2,True,True,1,OK,43.619998931884766,59.86000061035156
20250512,688579,0,False,False,0,False,False,0,OK,6.139999866485596,-500.0
20250512,688580,1,True,False,2,True,True,1,YELLOW,37.349998474121094,8.270000457763672
20250512,688581,2,True,True,2,True,True,1,OK,-21.90999984741211,0.0799999982118606
20250512,688582,2,True,True,1,True,False,1,OK,84.88999938964844,-106.05999755859376
20250512,688583,0,False,False,1,,True,-1,OK,-10.15999984741211,-80.08999633789062
20250512,688584,2,True,True,1,True,False,1,WEAK,45.33000183105469,-43.09000015258789
20250512,688585,1,True,False,2,True,True,1,YELLOW,-8.479999542236328,-299.29998779296875
20250512,688586,0,False,False,2,True,True,1,WEAK,-67.08999633789062,-33.16999816894531
20250512,688588,2,True,True,1,True,False,1,WEAK,-5.590000152587891,-105.6500015258789
20250512,688589,0,False,False,1,True,False,1,OK,-73.26000213623047,-176.10000610351562
20250512,688590,2,True,True,1,True,False,1,YELLOW,-18.6200008392334,-143.0800018310547
20250512,688591,2,True,True,1,True,False,1,OK,111.16999816894533,-97.93000030517578
20250512,688592,1,False,True,1,True,False,1,WEAK,-55.0099983215332,39.63999938964844
20250512,688593,2,True,True,0,False,False,0,WEAK,93.30999755859376,-15.229999542236328
20250512,688595,2,True,True,1,True,False,1,WEAK,45.529998779296875,-63.91999816894531
20250512,688596,1,True,False,1,False,True,0,YELLOW,-93.11000061035156,-261.739990234375
20250512,688597,2,True,True,2,True,True,1,OK,-47.869998931884766,-500.0
20250512,688598,0,False,False,2,True,True,1,WEAK,-75.48999786376953,19.88999938964844
20250512,688599,0,False,False,1,False,True,0,WEAK,-303.29998779296875,-6.800000190734863
20250512,688600,2,True,True,2,True,True,1,WEAK,126.44000244140624,173.57000732421875
20250512,688601,0,False,False,0,False,False,0,OK,-80.93000030517578,-170.6999969482422
20250512,688602,2,True,True,2,True,True,1,WEAK,76.26000213623047,-157.60000610351562
20250512,688603,2,True,True,1,True,False,1,OK,6.559999942779541,67.16999816894531
20250512,688605,1,False,True,0,,False,-1,WEAK,-8.479999542236328,-39.5099983215332
20250512,688606,1,True,False,1,False,True,0,YELLOW,-4.699999809265137,-79.81999969482422
20250512,688607,0,False,False,2,True,True,1,WEAK,-212.38999938964844,-249.3699951171875
20250512,688608,2,True,True,1,True,False,1,OK,96.43000030517578,-57.34000015258789
20250512,688609,1,False,True,1,False,True,0,WEAK,-10.779999732971191,122.02999877929688
20250512,688610,2,True,True,1,False,True,0,OK,500.0,243.88999938964844
20250512,688611,2,True,True,2,True,True,1,WEAK,-109.29000091552734,-227.55999755859375
20250512,688612,1,False,True,1,False,True,0,YELLOW,46.349998474121094,24.09000015258789
20250512,688613,0,False,False,1,False,True,0,WEAK,137.11000061035156,45.5099983215332
20250512,688615,0,False,False,0,,False,-1,OK,11.09000015258789,25.399999618530273
20250512,688616,2,True,True,2,True,True,1,OK,-1.850000023841858,-3.0999999046325684
20250512,688617,1,True,False,2,True,True,1,OK,18.5,24.719999313354492
20250512,688618,1,False,True,0,False,False,0,YELLOW,-26.06999969482422,-174.6300048828125
20250512,688619,0,False,False,1,True,False,1,WEAK,9.239999771118164,56.75
20250512,688620,1,False,True,0,False,False,0,WEAK,-210.17999267578125,10.579999923706056
20250512,688621,1,False,True,2,True,True,1,WEAK,-23.88999938964844,-4.210000038146973
20250512,688623,1,False,True,2,True,True,1,OK,-33.650001525878906,-33.36000061035156
20250512,688625,2,True,True,2,True,True,1,OK,11.6899995803833,13.920000076293944
20250512,688626,1,False,True,2,True,True,1,OK,-53.540000915527344,24.510000228881836
20250512,688627,2,True,True,1,False,True,0,WEAK,-8.800000190734863,169.1699981689453
20250512,688628,1,False,True,1,False,True,0,OK,-10.25,33.58000183105469
20250512,688629,2,True,True,2,True,True,1,WEAK,377.6400146484375,322.95001220703125
20250512,688630,2,True,True,2,True,True,1,WEAK,30.450000762939453,104.33999633789062
20250512,688631,2,True,True,0,False,False,0,WEAK,-500.0,14.40999984741211
20250512,688633,1,False,True,2,True,True,1,OK,-21.8700008392334,490.739990234375
20250512,688636,2,True,True,2,True,True,1,OK,500.0,94.8000030517578
20250512,688638,1,False,True,2,True,True,1,WEAK,-49.040000915527344,4.690000057220459
20250512,688639,0,False,False,1,False,True,0,WEAK,0.800000011920929,-16.920000076293945
20250512,688648,1,False,True,2,True,True,1,WEAK,1.1799999475479126,-35.0099983215332
20250512,688651,1,True,False,0,False,False,0,WEAK,-35.2599983215332,-35.79999923706055
20250512,688652,2,True,True,1,True,False,1,WEAK,7.150000095367432,34.72999954223633
20250512,688653,1,False,True,0,False,False,0,WEAK,-18.809999465942383,108.05999755859376
20250512,688655,1,False,True,1,True,False,1,WEAK,-294.45001220703125,-12.350000381469728
20250512,688656,0,False,False,1,False,True,0,OK,-33.93000030517578,-346.29998779296875
20250512,688657,2,True,True,1,True,False,1,OK,20.729999542236328,-41.93000030517578
20250512,688658,1,False,True,1,False,True,0,WEAK,-182.9499969482422,30.15999984741211
20250512,688659,2,True,True,2,True,True,1,YELLOW,-6.690000057220459,-79.4000015258789
20250512,688660,2,True,True,1,False,True,0,WEAK,-55.65999984741211,-61.38999938964844
20250512,688661,2,True,True,1,True,False,1,WEAK,276.1000061035156,-154.77999877929688
20250512,688662,0,False,False,1,True,False,1,YELLOW,-1.5800000429153442,15.880000114440918
20250512,688663,0,False,False,2,True,True,1,WEAK,-29.790000915527344,-85.62999725341797
20250512,688665,1,True,False,2,True,True,1,YELLOW,69.87000274658203,-3.380000114440918
20250512,688667,1,True,False,2,True,True,1,WEAK,500.0,95.12999725341795
20250512,688668,1,True,False,1,True,False,1,YELLOW,134.4600067138672,55.900001525878906
20250512,688669,2,True,True,2,True,True,1,YELLOW,-105.9800033569336,-500.0
20250512,688670,1,True,False,2,True,True,1,WEAK,-48.08000183105469,-17.950000762939453
20250512,688671,1,False,True,2,True,True,1,WEAK,-145.83999633789062,-44.45000076293945
20250512,688676,1,False,True,1,False,True,0,YELLOW,19.049999237060547,1.350000023841858
20250512,688677,2,True,True,1,False,True,0,OK,49.529998779296875,1.25
20250512,688678,1,False,True,1,True,False,1,YELLOW,-53.90999984741211,304.6000061035156
20250512,688679,1,True,False,2,True,True,1,WEAK,-467.6300048828125,109.04000091552734
20250512,688680,1,False,True,2,True,True,1,WEAK,16.729999542236328,27.530000686645508
20250512,688681,2,True,True,2,True,True,1,WEAK,152.24000549316406,326.0400085449219
20250512,688682,2,True,True,2,True,True,1,OK,-94.58000183105467,134.02999877929688
20250512,688683,2,True,True,1,True,False,1,YELLOW,26.700000762939453,56.72999954223633
20250512,688685,2,True,True,2,True,True,1,OK,59.349998474121094,-96.0
20250512,688686,2,True,True,1,False,True,0,YELLOW,34.9900016784668,4.320000171661377
20250512,688687,1,True,False,2,True,True,1,OK,-9.050000190734863,-94.16999816894533
20250512,688689,1,False,True,1,True,False,1,YELLOW,22.63999938964844,500.0
20250512,688690,1,True,False,2,True,True,1,WEAK,254.66000366210935,145.8699951171875
20250512,688691,0,False,False,0,False,False,0,WEAK,-251.33999633789065,-14.399999618530272
20250512,688692,2,True,True,0,False,False,0,WEAK,90.97000122070312,57.27000045776367
20250512,688693,1,True,False,1,True,False,1,WEAK,-21.65999984741211,-36.099998474121094
20250512,688695,1,False,True,0,False,False,0,WEAK,-449.5499877929687,-71.47000122070312
20250512,688696,2,True,True,1,False,True,0,OK,195.1699981689453,-11.9399995803833
20250512,688697,1,False,True,2,True,True,1,YELLOW,-9.800000190734863,20.229999542236328
20250512,688698,2,True,True,1,False,True,0,OK,3.5299999713897705,-18.790000915527344
20250512,688699,1,False,True,0,False,False,0,WEAK,-181.58999633789065,148.17999267578125
20250512,688700,1,False,True,2,True,True,1,WEAK,38.099998474121094,165.77000427246094
20250512,688701,1,True,False,2,True,True,1,WEAK,-15.579999923706056,-500.0
20250512,688702,1,False,True,0,False,False,0,WEAK,64.55999755859375,20.030000686645508
20250512,688707,1,True,False,2,True,True,1,WEAK,-1.0399999618530271,3.0999999046325684
20250512,688708,1,False,True,1,,True,-1,WEAK,-27.559999465942383,-49.380001068115234
20250512,688709,1,False,True,1,True,False,1,OK,-23.190000534057617,-389.489990234375
20250512,688710,0,False,False,1,,True,-1,WEAK,-128.8000030517578,376.0
20250512,688711,2,True,True,0,False,False,0,WEAK,100.72000122070312,-223.55999755859375
20250512,688716,2,True,True,1,False,True,0,OK,-76.22000122070312,-276.2699890136719
20250512,688717,1,False,True,2,True,True,1,WEAK,-17.100000381469727,264.42999267578125
20250512,688718,2,True,True,2,True,True,1,OK,-13.59000015258789,124.66000366210938
20250512,688719,1,False,True,2,True,True,1,WEAK,-293.1600036621094,9.899999618530272
20250512,688720,1,True,False,1,True,False,1,YELLOW,86.80000305175781,22.38999938964844
20250512,688721,0,False,False,0,,False,-1,WEAK,-28.979999542236328,-40.54999923706055
20250512,688722,1,True,False,2,True,True,1,OK,14.0,-12.960000038146973
20250512,688726,0,False,False,1,,True,-1,OK,-9.350000381469728,-46.31999969482422
20250512,688728,1,False,True,1,True,False,1,WEAK,84.91999816894531,93.81999969482422
20250512,688733,2,True,True,1,False,True,0,WEAK,-283.3699951171875,51.040000915527344
20250512,688737,1,False,True,2,True,True,1,YELLOW,-8.40999984741211,-500.0
20250512,688739,0,False,False,1,False,True,0,WEAK,-56.77000045776367,-116.56999969482422
20250512,688750,0,False,False,1,,True,-1,OK,-68.22000122070312,29.56999969482422
20250512,688757,1,False,True,1,,True,-1,UNKNOWN,0.0,-44.369998931884766
20250512,688758,0,False,False,1,,True,-1,OK,57.2599983215332,46.369998931884766
20250512,688766,1,False,True,0,False,False,0,YELLOW,-83.69999694824219,500.0
20250512,688767,0,False,False,2,True,True,1,YELLOW,-81.4000015258789,-303.1000061035156
20250512,688768,1,True,False,2,True,True,1,WEAK,500.0,-250.1199951171875
20250512,688772,1,False,True,1,False,True,0,WEAK,47.84000015258789,-179.5500030517578
20250512,688776,1,False,True,2,True,True,1,YELLOW,-219.61000061035156,-500.0
20250512,688777,0,False,False,1,False,True,0,OK,-48.369998931884766,-40.84000015258789
20250512,688778,2,True,True,2,True,True,1,YELLOW,48.20000076293945,95.7300033569336
20250512,688779,1,False,True,1,False,True,0,WEAK,73.5,214.22000122070312
20250512,688786,1,True,False,2,True,True,1,YELLOW,10.649999618530272,13.880000114440918
20250512,688787,1,True,False,0,False,False,0,OK,150.5800018310547,500.0
20250512,688788,2,True,True,2,True,True,1,WEAK,-0.6899999976158142,-19.280000686645508
20250512,688789,2,True,True,1,False,True,0,OK,20.06999969482422,-65.05999755859375
20250512,688793,0,False,False,2,True,True,1,WEAK,-500.0,-421.4100036621094
20250512,688798,1,True,False,0,False,False,0,YELLOW,42.27000045776367,-61.09000015258789
20250512,688799,1,False,True,2,True,True,1,OK,-26.520000457763672,-26.079999923706055
20250512,688800,2,True,True,0,False,False,0,YELLOW,119.26000213623048,-23.559999465942383
20250512,688819,1,True,False,2,True,True,1,YELLOW,-2.6700000762939453,-91.9000015258789
20250512,688981,1,True,False,0,False,False,0,WEAK,44.439998626708984,5.320000171661377
20250512,689009,2,True,True,2,True,True,1,YELLOW,91.87999725341795,-60.13999938964844
20250512,920000,-1,,,1,,True,-1,UNKNOWN,,
20250512,920001,-1,,,0,,False,-1,UNKNOWN,,
20250512,920002,-1,,,1,,True,-1,UNKNOWN,,
20250512,920006,-1,,,1,,True,-1,UNKNOWN,,
20250512,920008,-1,,,1,,True,-1,UNKNOWN,,
20250512,920010,-1,,,1,,True,-1,UNKNOWN,,
20250512,920014,-1,,,1,,True,-1,UNKNOWN,,
20250512,920016,-1,,,1,,True,-1,UNKNOWN,,
20250512,920017,-1,,,1,,True,-1,UNKNOWN,,
20250512,920019,-1,,,0,,False,-1,UNKNOWN,,
20250512,920021,-1,,,0,,False,-1,UNKNOWN,,
20250512,920026,-1,,,1,,True,-1,UNKNOWN,,
20250512,920029,-1,,,1,,True,-1,UNKNOWN,,
20250512,920030,-1,,,1,,True,-1,UNKNOWN,,
20250512,920033,-1,,,1,,True,-1,UNKNOWN,,
20250512,920039,-1,,,1,,True,-1,UNKNOWN,,
20250512,920046,-1,,,1,,True,-1,UNKNOWN,,
20250512,920047,-1,,,1,,True,-1,UNKNOWN,,
20250512,920057,-1,,,0,,False,-1,UNKNOWN,,
20250512,920058,-1,,,1,,True,-1,UNKNOWN,,
20250512,920060,-1,,,0,,False,-1,UNKNOWN,,
20250512,920061,-1,,,1,,True,-1,UNKNOWN,,
20250512,920062,-1,,,1,,True,-1,UNKNOWN,,
20250512,920066,-1,,,1,,True,-1,UNKNOWN,,
20250512,920075,-1,,,1,,True,-1,UNKNOWN,,
20250512,920077,-1,,,1,,True,-1,UNKNOWN,,
20250512,920082,-1,,,1,,True,-1,UNKNOWN,,
20250512,920087,-1,,,1,,True,-1,UNKNOWN,,
20250512,920088,-1,,,0,,False,-1,UNKNOWN,,
20250512,920089,-1,,,1,,True,-1,UNKNOWN,,
20250512,920092,-1,,,0,,False,-1,UNKNOWN,,
20250512,920098,-1,,,1,,True,-1,UNKNOWN,,
20250512,920099,-1,,,1,,True,-1,UNKNOWN,,
20250512,920106,-1,,,1,,True,-1,UNKNOWN,,
20250512,920108,-1,,,1,,True,-1,UNKNOWN,,
20250512,920110,-1,,,1,,True,-1,UNKNOWN,,
20250512,920111,-1,,,1,,True,-1,UNKNOWN,,
20250512,920116,-1,,,0,,False,-1,UNKNOWN,,
20250512,920118,-1,,,1,,True,-1,UNKNOWN,,
20250512,920122,-1,,,1,,True,-1,UNKNOWN,,
20250512,920123,-1,,,1,,True,-1,UNKNOWN,,
20250512,920128,-1,,,0,,False,-1,UNKNOWN,,
20250512,920130,-1,,,0,,False,-1,UNKNOWN,,
20250512,920132,-1,,,1,,True,-1,UNKNOWN,,
20250512,920139,-1,,,0,,False,-1,UNKNOWN,,
20250512,920145,-1,,,1,,True,-1,UNKNOWN,,
20250512,920146,-1,,,1,,True,-1,UNKNOWN,,
20250512,920149,-1,,,0,,False,-1,UNKNOWN,,
20250512,920152,-1,,,1,,True,-1,UNKNOWN,,
20250512,920163,-1,,,1,,True,-1,UNKNOWN,,
20250512,920167,-1,,,1,,True,-1,UNKNOWN,,
20250512,920169,-1,,,1,,True,-1,UNKNOWN,,
20250512,920171,-1,,,0,,False,-1,UNKNOWN,,
20250512,920174,-1,,,1,,True,-1,UNKNOWN,,
20250512,920175,-1,,,1,,True,-1,UNKNOWN,,
20250512,920179,-1,,,0,,False,-1,UNKNOWN,,
20250512,920184,-1,,,0,,False,-1,UNKNOWN,,
20250512,920185,-1,,,1,,True,-1,UNKNOWN,,
20250512,920190,-1,,,0,,False,-1,UNKNOWN,,
20250512,920195,-1,,,1,,True,-1,UNKNOWN,,
20250512,920198,-1,,,0,,False,-1,UNKNOWN,,
20250512,920199,-1,,,1,,True,-1,UNKNOWN,,
20250512,920204,-1,,,1,,True,-1,UNKNOWN,,
20250512,920207,-1,,,0,,False,-1,UNKNOWN,,
20250512,920208,-1,,,0,,False,-1,UNKNOWN,,
20250512,920212,-1,,,0,,False,-1,UNKNOWN,,
20250512,920221,-1,,,1,,True,-1,UNKNOWN,,
20250512,920223,-1,,,1,,True,-1,UNKNOWN,,
20250512,920225,-1,,,1,,True,-1,UNKNOWN,,
20250512,920227,-1,,,0,,False,-1,UNKNOWN,,
20250512,920230,-1,,,1,,True,-1,UNKNOWN,,
20250512,920237,-1,,,1,,True,-1,UNKNOWN,,
20250512,920239,-1,,,1,,True,-1,UNKNOWN,,
20250512,920242,-1,,,1,,True,-1,UNKNOWN,,
20250512,920245,-1,,,1,,True,-1,UNKNOWN,,
20250512,920247,-1,,,1,,True,-1,UNKNOWN,,
20250512,920249,-1,,,0,,False,-1,UNKNOWN,,
20250512,920252,-1,,,1,,True,-1,UNKNOWN,,
20250512,920260,-1,,,1,,True,-1,UNKNOWN,,
20250512,920261,-1,,,1,,True,-1,UNKNOWN,,
20250512,920262,-1,,,1,,True,-1,UNKNOWN,,
20250512,920263,-1,,,1,,True,-1,UNKNOWN,,
20250512,920266,-1,,,1,,True,-1,UNKNOWN,,
20250512,920267,-1,,,0,,False,-1,UNKNOWN,,
20250512,920270,-1,,,1,,True,-1,UNKNOWN,,
20250512,920271,-1,,,1,,True,-1,UNKNOWN,,
20250512,920273,-1,,,1,,True,-1,UNKNOWN,,
20250512,920274,-1,,,1,,True,-1,UNKNOWN,,
20250512,920275,-1,,,1,,True,-1,UNKNOWN,,
20250512,920278,-1,,,1,,True,-1,UNKNOWN,,
20250512,920284,-1,,,1,,True,-1,UNKNOWN,,
20250512,920299,-1,,,1,,True,-1,UNKNOWN,,
20250512,920300,-1,,,1,,True,-1,UNKNOWN,,
20250512,920304,-1,,,1,,True,-1,UNKNOWN,,
20250512,920339,-1,,,1,,True,-1,UNKNOWN,,
20250512,920344,-1,,,1,,True,-1,UNKNOWN,,
20250512,920346,-1,,,0,,False,-1,UNKNOWN,,
20250512,920351,-1,,,1,,True,-1,UNKNOWN,,
20250512,920357,-1,,,0,,False,-1,UNKNOWN,,
20250512,920363,-1,,,1,,True,-1,UNKNOWN,,
20250512,920367,-1,,,1,,True,-1,UNKNOWN,,
20250512,920368,-1,,,1,,True,-1,UNKNOWN,,
20250512,920370,-1,,,1,,True,-1,UNKNOWN,,
20250512,920371,-1,,,1,,True,-1,UNKNOWN,,
20250512,920374,-1,,,0,,False,-1,UNKNOWN,,
20250512,920375,-1,,,1,,True,-1,UNKNOWN,,
20250512,920378,-1,,,1,,True,-1,UNKNOWN,,
20250512,920392,-1,,,1,,True,-1,UNKNOWN,,
20250512,920394,-1,,,1,,True,-1,UNKNOWN,,
20250512,920395,-1,,,1,,True,-1,UNKNOWN,,
20250512,920396,-1,,,1,,True,-1,UNKNOWN,,
20250512,920402,-1,,,1,,True,-1,UNKNOWN,,
20250512,920403,-1,,,1,,True,-1,UNKNOWN,,
20250512,920405,-1,,,1,,True,-1,UNKNOWN,,
20250512,920407,-1,,,1,,True,-1,UNKNOWN,,
20250512,920414,-1,,,1,,True,-1,UNKNOWN,,
20250512,920415,-1,,,0,,False,-1,UNKNOWN,,
20250512,920418,-1,,,1,,True,-1,UNKNOWN,,
20250512,920419,-1,,,1,,True,-1,UNKNOWN,,
20250512,920422,-1,,,1,,True,-1,UNKNOWN,,
20250512,920425,-1,,,1,,True,-1,UNKNOWN,,
20250512,920427,-1,,,0,,False,-1,UNKNOWN,,
20250512,920429,-1,,,1,,True,-1,UNKNOWN,,
20250512,920433,-1,,,1,,True,-1,UNKNOWN,,
20250512,920436,-1,,,1,,True,-1,UNKNOWN,,
20250512,920438,-1,,,0,,False,-1,UNKNOWN,,
20250512,920445,-1,,,1,,True,-1,UNKNOWN,,
20250512,920454,-1,,,1,,True,-1,UNKNOWN,,
20250512,920455,-1,,,1,,True,-1,UNKNOWN,,
20250512,920469,-1,,,1,,True,-1,UNKNOWN,,
20250512,920471,-1,,,1,,True,-1,UNKNOWN,,
20250512,920475,-1,,,1,,True,-1,UNKNOWN,,
20250512,920476,-1,,,1,,True,-1,UNKNOWN,,
20250512,920478,-1,,,1,,True,-1,UNKNOWN,,
20250512,920489,-1,,,1,,True,-1,UNKNOWN,,
20250512,920491,-1,,,0,,False,-1,UNKNOWN,,
20250512,920493,-1,,,0,,False,-1,UNKNOWN,,
20250512,920496,-1,,,1,,True,-1,UNKNOWN,,
20250512,920504,-1,,,1,,True,-1,UNKNOWN,,
20250512,920505,-1,,,1,,True,-1,UNKNOWN,,
20250512,920508,-1,,,1,,True,-1,UNKNOWN,,
20250512,920509,-1,,,1,,True,-1,UNKNOWN,,
20250512,920510,-1,,,1,,True,-1,UNKNOWN,,
20250512,920519,-1,,,1,,True,-1,UNKNOWN,,
20250512,920522,-1,,,1,,True,-1,UNKNOWN,,
20250512,920523,-1,,,1,,True,-1,UNKNOWN,,
20250512,920526,-1,,,0,,False,-1,UNKNOWN,,
20250512,920527,-1,,,1,,True,-1,UNKNOWN,,
20250512,920533,-1,,,1,,True,-1,UNKNOWN,,
20250512,920541,-1,,,1,,True,-1,UNKNOWN,,
20250512,920547,-1,,,1,,True,-1,UNKNOWN,,
20250512,920553,-1,,,1,,True,-1,UNKNOWN,,
20250512,920556,-1,,,1,,True,-1,UNKNOWN,,
20250512,920564,-1,,,0,,False,-1,UNKNOWN,,
20250512,920566,-1,,,1,,True,-1,UNKNOWN,,
20250512,920570,-1,,,1,,True,-1,UNKNOWN,,
20250512,920571,-1,,,1,,True,-1,UNKNOWN,,
20250512,920576,-1,,,1,,True,-1,UNKNOWN,,
20250512,920578,-1,,,1,,True,-1,UNKNOWN,,
20250512,920579,-1,,,1,,True,-1,UNKNOWN,,
20250512,920580,-1,,,0,,False,-1,UNKNOWN,,
20250512,920592,-1,,,0,,False,-1,UNKNOWN,,
20250512,920593,-1,,,1,,True,-1,UNKNOWN,,
20250512,920599,-1,,,1,,True,-1,UNKNOWN,,
20250512,920608,-1,,,1,,True,-1,UNKNOWN,,
20250512,920627,-1,,,1,,True,-1,UNKNOWN,,
20250512,920634,-1,,,1,,True,-1,UNKNOWN,,
20250512,920639,-1,,,1,,True,-1,UNKNOWN,,
20250512,920640,-1,,,0,,False,-1,UNKNOWN,,
20250512,920641,-1,,,1,,True,-1,UNKNOWN,,
20250512,920642,-1,,,1,,True,-1,UNKNOWN,,
20250512,920651,-1,,,1,,True,-1,UNKNOWN,,
20250512,920656,-1,,,1,,True,-1,UNKNOWN,,
20250512,920662,-1,,,1,,True,-1,UNKNOWN,,
20250512,920663,-1,,,1,,True,-1,UNKNOWN,,
20250512,920665,-1,,,1,,True,-1,UNKNOWN,,
20250512,920670,-1,,,1,,True,-1,UNKNOWN,,
20250512,920675,-1,,,1,,True,-1,UNKNOWN,,
20250512,920679,-1,,,1,,True,-1,UNKNOWN,,
20250512,920682,-1,,,1,,True,-1,UNKNOWN,,
20250512,920685,-1,,,1,,True,-1,UNKNOWN,,
20250512,920689,-1,,,1,,True,-1,UNKNOWN,,
20250512,920690,-1,,,1,,True,-1,UNKNOWN,,
20250512,920693,-1,,,1,,True,-1,UNKNOWN,,
20250512,920694,-1,,,1,,True,-1,UNKNOWN,,
20250512,920699,-1,,,1,,True,-1,UNKNOWN,,
20250512,920701,-1,,,0,,False,-1,UNKNOWN,,
20250512,920703,-1,,,1,,True,-1,UNKNOWN,,
20250512,920706,-1,,,1,,True,-1,UNKNOWN,,
20250512,920717,-1,,,1,,True,-1,UNKNOWN,,
20250512,920718,-1,,,1,,True,-1,UNKNOWN,,
20250512,920719,-1,,,1,,True,-1,UNKNOWN,,
20250512,920720,-1,,,1,,True,-1,UNKNOWN,,
20250512,920725,-1,,,1,,True,-1,UNKNOWN,,
20250512,920726,-1,,,1,,True,-1,UNKNOWN,,
20250512,920729,-1,,,1,,True,-1,UNKNOWN,,
20250512,920735,-1,,,1,,True,-1,UNKNOWN,,
20250512,920748,-1,,,0,,False,-1,UNKNOWN,,
20250512,920751,-1,,,1,,True,-1,UNKNOWN,,
20250512,920753,-1,,,1,,True,-1,UNKNOWN,,
20250512,920765,-1,,,1,,True,-1,UNKNOWN,,
20250512,920768,-1,,,1,,True,-1,UNKNOWN,,
20250512,920770,-1,,,1,,True,-1,UNKNOWN,,
20250512,920779,-1,,,1,,True,-1,UNKNOWN,,
20250512,920781,-1,,,1,,True,-1,UNKNOWN,,
20250512,920786,-1,,,1,,True,-1,UNKNOWN,,
20250512,920790,-1,,,0,,False,-1,UNKNOWN,,
20250512,920792,-1,,,0,,False,-1,UNKNOWN,,
20250512,920799,-1,,,0,,False,-1,UNKNOWN,,
20250512,920802,-1,,,1,,True,-1,UNKNOWN,,
20250512,920806,-1,,,0,,False,-1,UNKNOWN,,
20250512,920807,-1,,,1,,True,-1,UNKNOWN,,
20250512,920808,-1,,,0,,False,-1,UNKNOWN,,
20250512,920809,-1,,,1,,True,-1,UNKNOWN,,
20250512,920810,-1,,,1,,True,-1,UNKNOWN,,
20250512,920819,-1,,,1,,True,-1,UNKNOWN,,
20250512,920821,-1,,,0,,False,-1,UNKNOWN,,
20250512,920826,-1,,,1,,True,-1,UNKNOWN,,
20250512,920832,-1,,,1,,True,-1,UNKNOWN,,
20250512,920833,-1,,,1,,True,-1,UNKNOWN,,
20250512,920834,-1,,,1,,True,-1,UNKNOWN,,
20250512,920837,-1,,,1,,True,-1,UNKNOWN,,
20250512,920839,-1,,,1,,True,-1,UNKNOWN,,
20250512,920855,-1,,,1,,True,-1,UNKNOWN,,
20250512,920856,-1,,,1,,True,-1,UNKNOWN,,
20250512,920857,-1,,,0,,False,-1,UNKNOWN,,
20250512,920866,-1,,,1,,True,-1,UNKNOWN,,
20250512,920870,-1,,,1,,True,-1,UNKNOWN,,
20250512,920871,-1,,,1,,True,-1,UNKNOWN,,
20250512,920873,-1,,,0,,False,-1,UNKNOWN,,
20250512,920876,-1,,,0,,False,-1,UNKNOWN,,
20250512,920879,-1,,,1,,True,-1,UNKNOWN,,
20250512,920885,-1,,,1,,True,-1,UNKNOWN,,
20250512,920892,-1,,,0,,False,-1,UNKNOWN,,
20250512,920895,-1,,,1,,True,-1,UNKNOWN,,
20250512,920896,-1,,,1,,True,-1,UNKNOWN,,
20250512,920906,-1,,,1,,True,-1,UNKNOWN,,
20250512,920914,-1,,,1,,True,-1,UNKNOWN,,
20250512,920924,-1,,,0,,False,-1,UNKNOWN,,
20250512,920925,-1,,,1,,True,-1,UNKNOWN,,
20250512,920926,-1,,,1,,True,-1,UNKNOWN,,
20250512,920931,-1,,,1,,True,-1,UNKNOWN,,
20250512,920932,-1,,,0,,False,-1,UNKNOWN,,
20250512,920942,-1,,,1,,True,-1,UNKNOWN,,
20250512,920943,-1,,,1,,True,-1,UNKNOWN,,
20250512,920946,-1,,,1,,True,-1,UNKNOWN,,
20250512,920950,-1,,,1,,True,-1,UNKNOWN,,
20250512,920953,-1,,,0,,False,-1,UNKNOWN,,
20250512,920957,-1,,,1,,True,-1,UNKNOWN,,
20250512,920961,-1,,,1,,True,-1,UNKNOWN,,
20250512,920964,-1,,,1,,True,-1,UNKNOWN,,
20250512,920970,-1,,,1,,True,-1,UNKNOWN,,
20250512,920971,-1,,,1,,True,-1,UNKNOWN,,
20250512,920974,-1,,,1,,True,-1,UNKNOWN,,
20250512,920976,-1,,,0,,False,-1,UNKNOWN,,
20250512,920978,-1,,,1,,True,-1,UNKNOWN,,
20250512,920981,-1,,,0,,False,-1,UNKNOWN,,
20250512,920982,-1,,,1,,True,-1,UNKNOWN,,
20250512,920985,-1,,,1,,True,-1,UNKNOWN,,
20250512,920992,-1,,,1,,True,-1,UNKNOWN,,
