ret_252d,amt_ratio,peak_dist,code,day,fwd6,discovery,year,cat
0.35788627433816855,0.7816528797303188,-0.2176023117605962,300573,20220104,0.1439353614610057,1.0,2022,TRUE_IGNORED
0.09014871073069242,0.5973045884566238,-0.3313253012048193,601866,20220104,-0.099099099099099,0.8333333333333334,2022,TRUE_IGNORED
-0.1301470588235294,0.8116573492159636,-0.27512254901960786,300106,20220104,-0.2358410819949282,0.75,2022,TRUE_IGNORED
-0.2794904914173626,1.3023418112621077,-0.4829846109034419,300724,20220104,-0.1431766414528648,0.6666666666666666,2022,OTHER
0.20512820512820507,1.0368231258530929,-0.181422351233672,002611,20220104,-0.1471631205673759,0.6666666666666666,2022,OTHER
-0.16903274394906276,0.9339999500468604,-0.17811435330481074,600928,20220104,-0.1214414062022516,0.5,2022,TRUE_IGNORED
-0.04284497598418546,0.5025408606635128,-0.3152239242233328,002978,20220104,-0.0418914712720761,1.0,2022,TRUE_IGNORED
-0.46575618140569164,0.3672208225784263,-0.46575618140569164,300946,20220104,-0.0969454712989726,0.6666666666666666,2022,TRUE_IGNORED
1.0793650793650795,1.3000319676079526,-0.1673728813559321,002418,20220104,-0.1424936386768448,0.75,2022,HIGH_ATTN_STRONG
0.032714382810392406,2.707694160409784,-0.006165228113440224,603328,20220104,-0.2071960297766749,0.3333333333333333,2022,OTHER
0.4798676300523941,1.2358327579702584,-0.3418628454452405,601898,20220104,0.6080870917573873,0.6666666666666666,2022,OTHER
1.1087803713544089,0.30319435753454504,-0.3100747597009612,600392,20220104,0.1562162846234638,0.6666666666666666,2022,HIGH_ATTN_DROP
0.14625094369143943,0.5608875709384082,-0.20519480519480515,300129,20220104,-0.0337690631808279,0.3333333333333333,2022,TRUE_IGNORED
0.7857321056821882,0.43813200228475785,-0.39911797133406846,002136,20220104,-0.0317071791976101,0.8333333333333334,2022,OTHER
0.7247059538910037,0.6680331147166482,-0.3344972067039106,300488,20220104,-0.1149827303664187,1.0,2022,OTHER
-0.2987693759238591,0.7306224642641217,-0.30991817100701013,300554,20220104,-0.0609828300769687,0.5,2022,TRUE_IGNORED
0.18426661852574222,1.0896045443271731,-0.09827456864216055,300481,20220104,-0.0082280594854222,0.1666666666666666,2022,OTHER
0.27060638225590217,0.6334129236844992,-0.4214501510574018,000898,20220104,-0.1047941348754699,0.6666666666666666,2022,TRUE_IGNORED
0.5473684210526317,0.7494050466250857,-0.1009174311926605,600103,20220104,-0.1326530612244898,0.8333333333333334,2022,OTHER
0.30673070791169366,0.6273975354541925,-0.2791443850267381,002079,20220104,9.00813534518985e-05,0.8333333333333334,2022,TRUE_IGNORED
-0.1361443036190778,1.0762793181759276,-0.35973828954870213,002563,20220104,-0.157835253995049,0.6666666666666666,2022,OTHER
0.7692391999896437,1.354898253195567,-0.3663386633866338,688128,20220104,-0.2063113927792056,0.5,2022,OTHER
-0.20882231317842748,0.6111445412508218,-0.30253378084574456,002410,20220104,-0.1561776281473793,0.8333333333333334,2022,TRUE_IGNORED
-0.3128491620111732,0.5442258970248979,-0.3128491620111732,002239,20220104,-0.130081300813008,0.6666666666666666,2022,TRUE_IGNORED
0.0841723903835041,1.0902551309270885,-0.13980028530670474,002479,20220104,-0.1794538054002084,0.75,2022,OTHER
0.013189541800584736,0.6395686171466171,-0.19271383315733903,002745,20220104,-0.3415524705770456,1.0,2022,TRUE_IGNORED
-0.010101010101010055,2.1097077188989384,-0.09468822170900693,601399,20220104,-0.1683673469387755,0.5,2022,OTHER
-0.1287254072431393,1.112720347522983,-0.13792438484389047,600867,20220104,-0.0571096267379439,0.5,2022,OTHER
0.06565586492381303,0.7524625764860112,-0.23176516975671835,002415,20220104,-0.2974143624874882,1.0,2022,TRUE_IGNORED
-0.17899321561504344,0.6777380829152397,-0.21876320608536404,600211,20220104,-0.2468252251635539,0.8333333333333334,2022,TRUE_IGNORED
0.09831989409892405,1.1843902111272002,-0.18570982189355278,300628,20220104,-0.0553565905960034,0.5,2022,OTHER
0.25380227591623417,2.940091695237252,-0.1294820717131473,600261,20220104,-0.1754227079520786,0.5,2022,OTHER
0.02261736782719659,0.41462220340023503,-0.23848238482384831,300637,20220104,-0.1055753262158956,0.5,2022,TRUE_IGNORED
0.5403622549378209,1.2462962882537407,-0.36932649369105297,000959,20220104,-0.1810344827586206,0.8333333333333334,2022,OTHER
0.02590423098590211,0.4894832701448816,-0.37689374384823504,002064,20220104,-0.1713734866037846,1.0,2022,TRUE_IGNORED
0.5936018397797531,1.7014103874534439,-0.04856687898089174,603949,20220104,0.2581840945705227,0.6666666666666666,2022,OTHER
0.13436307649159485,1.0225879794250792,-0.30434782608695654,601608,20220104,-0.0691964285714286,0.6666666666666666,2022,OTHER
0.007251360799546358,0.8392931090695384,-0.2473867595818815,603444,20220104,-0.0531614970583164,0.6666666666666666,2022,TRUE_IGNORED
-0.030901465358958102,0.7032706856192856,-0.1422540842426273,601229,20220104,-0.0864714086471407,0.5,2022,TRUE_IGNORED
-0.244737556929004,0.9852244530551161,-0.2516035791387403,002035,20220104,-0.0625067111557264,0.5,2022,TRUE_IGNORED
-0.22714034167732433,0.7800431148028486,-0.22714034167732433,002500,20220104,-0.1356493953522891,0.5,2022,TRUE_IGNORED
0.5702250113247056,0.46927178202200576,-0.31924050632911394,603155,20220104,0.005452622090549,0.5,2022,OTHER
-0.29451829564454735,0.7425398836840615,-0.3413104495048581,603899,20220104,-0.1376124885084267,0.8333333333333334,2022,TRUE_IGNORED
-0.06331922909088084,0.787703831254402,-0.16187934093001244,000501,20220104,0.0491684360725508,0.6666666666666666,2022,TRUE_IGNORED
0.3309481216457961,1.9166656467651373,-0.052832590706556215,300404,20220104,-0.2040947454941398,1.0,2022,OTHER
0.5443592552026288,0.854939521332317,-0.21883656509695293,300319,20220104,-0.3388204237179522,0.8333333333333334,2022,OTHER
-0.27822862867879605,0.6236762934418698,-0.36174453599960277,600161,20220104,-0.1845420497105889,0.8333333333333334,2022,TRUE_IGNORED
0.24888317531535797,0.7525198874835363,-0.24799081515499433,300303,20220104,-0.2519083969465648,0.3333333333333333,2022,TRUE_IGNORED
0.4619040538108039,1.2111431275403401,-0.16666666666666674,600236,20220104,0.0069804685796754,0.6666666666666666,2022,OTHER
-0.4273895471446081,0.621623218401484,-0.4786491944146436,000661,20220104,-0.1498359866668598,1.0,2022,TRUE_IGNORED
0.59121668672852,0.7293375247904176,-0.19167024243724518,300661,20220104,-0.0934856738754721,1.0,2022,OTHER
-0.35245644574405577,0.2902320189759001,-0.35245644574405577,300549,20220104,-0.1943270773432933,0.8333333333333334,2022,TRUE_IGNORED
0.34686523780539,0.624262955598014,-0.35853658536585364,300896,20220104,0.1282938667379836,0.8333333333333334,2022,TRUE_IGNORED
-0.07042665019421268,0.4584425460056408,-0.19340232858990936,300615,20220104,-0.1159802048041961,0.25,2022,TRUE_IGNORED
0.08635599310184006,0.8999070849016089,-0.08891615766012118,300403,20220104,-0.0186958692542644,1.0,2022,TRUE_IGNORED
-0.0366988980067966,1.3564639782342434,-0.11068702290076349,300016,20220104,-0.1788849269827779,0.3333333333333333,2022,OTHER
0.03556562362677007,0.43441500808399236,-0.3068893528183715,000902,20220104,0.0486932473360004,0.8333333333333334,2022,TRUE_IGNORED
-0.12756618916068707,0.49827622067139654,-0.34546925566343045,300891,20220104,-0.2427172705854817,0.6666666666666666,2022,TRUE_IGNORED
0.9615384615384617,1.0510222644259335,-0.12571428571428567,600595,20220104,-0.1241830065359477,0.3333333333333333,2022,OTHER
0.22224924266297985,0.9528795573620249,-0.3682063796409274,688018,20220104,-0.3840955180516183,0.5,2022,TRUE_IGNORED
-0.288135593220339,1.1434859806850304,-0.3842302878598248,002623,20220104,0.1881548871469733,0.6666666666666666,2022,OTHER
0.13013698630136994,0.5268943370795149,-0.27472527472527464,002379,20220104,0.1242424242424242,0.5,2022,TRUE_IGNORED
0.3328533372350184,0.43646453036677796,-0.31324539507676297,000027,20220104,-0.18332658059708,0.3333333333333333,2022,TRUE_IGNORED
0.500952380952381,1.8468008684494333,-0.17052631578947364,300307,20220104,-0.2271573604060913,0.8333333333333334,2022,OTHER
0.091070506339759,0.4502609591608154,-0.4093894736842104,688686,20220104,-0.0832778809255939,0.5,2022,TRUE_IGNORED
-0.04137770966718879,0.8601115610181539,-0.06077180224617629,002050,20220104,0.06873225362402,0.75,2022,TRUE_IGNORED
0.7816899679010054,0.3931571782031555,-0.34191367654706195,600171,20220104,-0.0314187978013937,0.8333333333333334,2022,OTHER
-0.28819158230439046,0.31642221801872894,-0.28819158230439046,601901,20220104,-0.1643663739021329,0.5,2022,TRUE_IGNORED
0.29209882482919514,0.4368915501995092,-0.21005095048145506,600509,20220104,-0.2117647058823528,0.8333333333333334,2022,TRUE_IGNORED
0.263903045565155,0.6397747606210406,-0.2877513711151738,688508,20220104,-0.358306281014058,0.8333333333333334,2022,TRUE_IGNORED
-0.06724548698332145,0.6750600766560501,-0.2814715234893498,600926,20220104,0.1627543035993741,0.5,2022,TRUE_IGNORED
0.29433962264150937,1.3058015258519915,-0.2060185185185186,002297,20220104,-0.2235179786200193,0.8333333333333334,2022,OTHER
0.27175368139223544,1.1340457395818713,-0.14874551971326166,002053,20220104,0.3455040718588629,0.5,2022,OTHER
0.2806504723560628,0.8120067240325936,-0.1970802919708029,300073,20220104,0.034135287118429,0.8333333333333334,2022,TRUE_IGNORED
-0.09277108433734937,1.351253394212026,-0.36616161616161613,002390,20220104,-0.0293565167260031,0.75,2022,OTHER
0.20084951291519038,0.8840833628078839,-0.3892417432089115,300725,20220104,-0.2193491049642494,1.0,2022,TRUE_IGNORED
0.11339764686194509,0.6955919352989209,-0.4353963083604777,000932,20220104,0.0473707409931234,0.8333333333333334,2022,TRUE_IGNORED
-0.3739837398373983,1.4881775906542527,-0.42659574468085104,688158,20220104,-0.4690166975881261,0.1666666666666666,2022,OTHER
0.21802325581395365,1.3460744132195912,-0.1686507936507936,000659,20220104,-0.262529832935561,0.8333333333333334,2022,OTHER
-0.2898725102248352,0.4848606405507063,-0.4494472870120295,002007,20220104,-0.2069043377872411,0.5,2022,TRUE_IGNORED
0.09285895195111404,0.885897630790421,-0.2370828182941902,600426,20220104,-0.0339340800597171,1.0,2022,TRUE_IGNORED
-0.21092865432941688,0.5229283334799703,-0.3987414375963161,603882,20220104,-0.1890552099533438,1.0,2022,TRUE_IGNORED
0.43943298969072186,0.851425771064152,-0.5024498886414254,000807,20220104,-0.0895644869322648,0.6666666666666666,2022,TRUE_IGNORED
-0.11763347544336467,1.148887608966259,-0.3116581269192993,002027,20220104,-0.2211764705882353,1.0,2022,OTHER
-0.21865965944054322,0.48181300155197604,-0.4372820719912117,300558,20220104,-0.3023553226904497,0.6666666666666666,2022,TRUE_IGNORED
-0.0021299426899356044,0.5743942599271852,-0.17721796066122653,601939,20220104,0.0287648054145515,0.5,2022,TRUE_IGNORED
0.02103990931467692,0.9094941519769936,-0.13296611030771333,002828,20220104,-0.2060320135296764,0.6666666666666666,2022,TRUE_IGNORED
0.20370370370370372,0.5545564024694717,-0.2745535714285715,002716,20220104,-0.1507692307692308,0.3333333333333333,2022,TRUE_IGNORED
0.4440129449838188,1.0099319299560459,-0.2784605433376456,603987,20220104,-0.0985158911180786,1.0,2022,OTHER
0.1346231562682545,2.059152106039966,-0.2019002375296911,601996,20220104,-0.0978465230666042,0.8333333333333334,2022,OTHER
-0.31205597099978677,0.8900903037924077,-0.3265020147415618,300840,20220104,-0.2320365786846586,0.5,2022,TRUE_IGNORED
0.2720810231685351,0.8198769248678652,-0.2973529411764707,601633,20220104,-0.2192754876755371,0.8333333333333334,2022,TRUE_IGNORED
0.8479914169973619,0.3177777928966572,-0.458300761538054,000966,20220104,-0.1639566395663956,0.3333333333333333,2022,OTHER
0.4886346099129415,1.1772453426375433,-0.24238875878220134,600025,20220104,0.1326076636529116,0.75,2022,OTHER
0.6770539018446557,0.8689089474488995,-0.13603473227206941,000848,20220104,-0.1926298157453937,0.6666666666666666,2022,OTHER
0.23787044779548827,0.9096312292154782,-0.33316953316953324,300503,20220104,-0.1245394252026529,1.0,2022,TRUE_IGNORED
0.21550120297121622,1.1792262031684564,-0.08404099560761347,002287,20220104,-0.1841432225063939,1.0,2022,OTHER
-0.10640946685621877,0.8683318417955287,-0.11562174039378348,000783,20220104,-0.2248677248677247,0.6666666666666666,2022,TRUE_IGNORED
0.01992128464193943,0.6931645144513374,-0.2315064429336956,300747,20220104,-0.3648964595858384,0.8333333333333334,2022,TRUE_IGNORED
-0.0949306315590901,0.8533476458060891,-0.23472505091649687,600848,20220104,-0.0852072402585515,0.5,2022,TRUE_IGNORED
-0.22366150851811906,0.7509356637450066,-0.28237070262700936,000333,20220104,-0.1951100557451598,0.6666666666666666,2022,TRUE_IGNORED
-0.2749395773452815,0.4553302613060264,-0.2758824387531551,002194,20220104,-0.0736225036318326,0.6666666666666666,2022,TRUE_IGNORED
0.20094951340969058,1.897672920463009,-0.023017902813299185,601616,20220104,-0.1544502617801046,0.5,2022,OTHER
-0.040859714737233044,0.7405602566309072,-0.1359727910419959,603167,20220104,-0.0962005922072259,0.3333333333333333,2022,TRUE_IGNORED
0.45528028123068975,0.7969814990927319,-0.3362068965517241,601666,20220104,0.6652894657933366,0.8333333333333334,2022,TRUE_IGNORED
0.46523607621916696,1.2292146178397227,-0.16870216577104713,603456,20220104,-0.015279138099902,0.6666666666666666,2022,OTHER
-0.2766660601301387,0.5872754444933383,-0.409328912271153,300357,20220104,-0.0829121844470825,0.8333333333333334,2022,TRUE_IGNORED
-0.34665772757131164,0.7605223224275671,-0.4627471383975027,300816,20220104,-0.4131319000581057,0.3333333333333333,2022,TRUE_IGNORED
-0.6515849077758143,0.1856982650303914,-0.6515849077758143,300940,20220104,0.0522833597275917,0.3333333333333333,2022,TRUE_IGNORED
2.0815729036469848,0.6726545575965618,-0.5515009746588695,688699,20220104,-0.3720073186689332,1.0,2022,HIGH_ATTN_DROP
-0.3299111621873636,0.7533875363531896,-0.3659712543979279,300875,20220104,-0.242729680429318,0.5,2022,TRUE_IGNORED
0.1035464619670119,0.7019701617177402,-0.401213171577123,002110,20220104,-0.0067605734369349,0.6666666666666666,2022,TRUE_IGNORED
-0.36978979831360226,0.9195191615752891,-0.42474436354044587,300832,20220104,0.021153619279806,0.5,2022,TRUE_IGNORED
0.05270858310744275,0.4635432393157695,-0.34549450549450555,300563,20220104,-0.1836437411617894,0.5,2022,TRUE_IGNORED
-0.07884603544413216,0.9049614012993703,-0.11338448422847414,300867,20220104,-0.281662625613461,0.3333333333333333,2022,TRUE_IGNORED
-0.08400666140634194,0.6449333794858648,-0.29575259346251714,688001,20220104,-0.2342968315730962,0.5,2022,TRUE_IGNORED
0.24105001385153724,1.3072383191200347,-0.1594095940959409,300441,20220104,-0.3880847457457328,1.0,2022,OTHER
1.3525056947608198,1.138408341350386,-0.3843517138599106,300772,20220104,-0.041502459165911,0.6666666666666666,2022,HIGH_ATTN_DROP
-0.027838551691276137,0.8258137562279145,-0.2509003601440576,000789,20220104,-0.0519520077824172,0.5,2022,TRUE_IGNORED
-0.11076388969504036,0.6026632491006606,-0.2756710299379299,601577,20220104,0.0012706480304953,0.5,2022,TRUE_IGNORED
-0.11258982972863973,0.546855304356766,-0.15412186379928317,002237,20220104,-0.1667036168743733,0.75,2022,TRUE_IGNORED
-0.23959183673469386,0.9077910771934442,-0.23959183673469386,300238,20220104,-0.2270531400966182,0.8333333333333334,2022,TRUE_IGNORED
0.6725440806045337,2.117010300948446,-0.23414071510957324,000912,20220104,-0.1972891566265059,0.8333333333333334,2022,OTHER
0.15423074714730256,3.395530110335808,-0.19279999999999997,603701,20220104,-0.1400541142707687,0.5,2022,OTHER
0.12055837563451788,1.1842714832565004,-0.15704057279236272,302132,20220104,-0.3437146092865232,,2022,OTHER
0.30793650793650795,2.6256861809241037,-0.18213399503722083,603777,20220104,-0.1498786407766991,1.0,2022,OTHER
-0.003910979039524198,0.5763428147369928,-0.30131826741996226,300685,20220104,-0.2029263119269846,0.6666666666666666,2022,TRUE_IGNORED
0.21366906474820135,1.8052475070140865,0.0,300585,20220104,0.0610551274451691,1.0,2022,OTHER
-0.20478723404255317,0.49123938273998397,-0.2225689027561102,600988,20220104,0.051505016722408,0.5,2022,TRUE_IGNORED
0.9454545454545453,0.9651443139789635,-0.1457085828343313,000629,20220104,-0.0233644859813085,0.6666666666666666,2022,OTHER
1.6006932062688906,0.8388997948793625,-0.23712765957446813,688308,20220104,-0.0580732814028046,0.6666666666666666,2022,HIGH_ATTN_DROP
0.2789373814041747,0.8216257333462651,-0.19087635054021612,300141,20220104,-0.2959745831021745,0.5,2022,TRUE_IGNORED
-0.2904312631822842,0.7952058410298763,-0.41745282718051735,300454,20220104,-0.4635757546310408,0.8333333333333334,2022,TRUE_IGNORED
0.6241610738255032,0.810295383987333,-0.31004989308624376,002248,20220104,-0.168388429752066,0.5,2022,OTHER
-0.1005045804722815,0.8754688299274358,-0.19021489491985977,002084,20220104,-0.2180927041030668,0.8333333333333334,2022,TRUE_IGNORED
0.8374485596707817,2.0030122723559605,-0.12450980392156863,000862,20220104,-0.2015677491601343,0.5,2022,OTHER
0.9568965517241377,1.2244509342652665,-0.24207011686143587,300079,20220104,-0.4339475406020096,0.8333333333333334,2022,OTHER
0.3849737130974922,1.8550564234895481,0.0,601928,20220104,-0.1265206812652068,1.0,2022,OTHER
-0.17720192144731206,1.143505744360527,-0.17720192144731206,603039,20220104,-0.4762177650429799,1.0,2022,OTHER
-0.06279012457692812,1.9259072037128744,-0.0710112638350252,600831,20220104,-0.079113924050633,0.5,2022,OTHER
0.7703523693803163,1.0870830018171211,-0.24350986500519212,300049,20220104,-0.1619766643788608,1.0,2022,OTHER
-0.1322033898305085,0.9848321666987745,-0.2183206106870229,300180,20220104,-0.23046875,0.25,2022,TRUE_IGNORED
0.020408163265306145,1.3565051016301228,-0.06743185078909608,000593,20220104,-0.1261538461538461,0.8333333333333334,2022,OTHER
-0.38546151209823176,0.4919312255053149,-0.4622609585950255,688063,20220104,0.7356415257910709,0.6666666666666666,2022,TRUE_IGNORED
-0.041988950276243164,1.2854749001835124,-0.10894141829393633,600359,20220104,-0.0196078431372549,0.6666666666666666,2022,OTHER
1.3103354968221805,1.4352192360697613,-0.45007451564828604,603396,20220104,-0.2124461427434224,0.8333333333333334,2022,HIGH_ATTN_DROP
-0.02183406113537112,1.298665514200297,-0.1368015414258189,300067,20220104,-0.2098214285714286,0.5,2022,OTHER
0.7852736931183599,0.44013630536731424,-0.34777651083238315,000949,20220104,-0.3399540775483693,0.5,2022,OTHER
0.4889924419571925,1.032906320783017,-0.14163965110703025,002536,20220104,-0.2432311812918222,0.75,2022,OTHER
-0.3009064924615702,0.7667883540622211,-0.34901667485636156,300908,20220104,-0.3266573760085673,0.6666666666666666,2022,TRUE_IGNORED
0.23941090782386354,0.21691232554971335,-0.5116171003717472,603667,20220505,0.5559998624510554,0.5,2022,TRUE_IGNORED
-0.2782886715597248,0.39438328758953545,-0.5072115384615385,000650,20220505,0.0515559679007238,0.75,2022,TRUE_IGNORED
-0.08652751423149907,0.3942050518155535,-0.6738482384823848,300443,20220505,0.9185708350643956,0.3333333333333333,2022,TRUE_IGNORED
-0.07577272119764766,0.7563948586013394,-0.4323922734026746,600310,20220505,-0.0690345375105171,0.6666666666666666,2022,TRUE_IGNORED
-0.44164187525891563,0.3116479782034744,-0.5974150311153663,603988,20220505,0.2317515232413818,0.5,2022,TRUE_IGNORED
-0.40708008494728887,0.5452268571796233,-0.500125786163522,603039,20220505,0.3171620631389218,1.0,2022,TRUE_IGNORED
-0.2320441988950277,0.47145950208178344,-0.4,000690,20220505,0.3134588267651146,0.5,2022,TRUE_IGNORED
-0.07317073170731703,0.1658234798661834,-0.5271111111111111,300727,20220505,0.2710313472200025,0.6666666666666666,2022,TRUE_IGNORED
-0.5620048022172585,0.253916409894893,-0.6686315789473685,688686,20220505,0.249137196659551,0.5,2022,TRUE_IGNORED
-0.2864401397268974,0.8538391247167875,-0.3447069116360455,601021,20220505,0.1882510013351135,0.5,2022,TRUE_IGNORED
0.10210803689064551,1.0804959425589105,-0.3701054216867471,600129,20220505,0.9366407650926484,1.0,2022,OTHER
-0.1484262661767055,0.5924490094408339,-0.4673196082350589,300726,20220505,-0.1238090098222085,1.0,2022,TRUE_IGNORED
-0.48689640253455135,0.20354201885406525,-0.5950570580414069,002636,20220505,0.0362094045664196,0.8333333333333334,2022,TRUE_IGNORED
-0.6063454759106934,0.2433329255911912,-0.6212977617002036,688345,20220505,0.6734666367501481,0.6666666666666666,2022,TRUE_IGNORED
-0.3483663138518178,1.2011294004446127,-0.5548569632191136,001202,20220505,0.0929187995161824,0.5,2022,OTHER
-0.040414285743123446,0.41318681446278305,-0.4577213179833267,002048,20220505,0.0816228053893732,0.8333333333333334,2022,TRUE_IGNORED
-0.479228610290215,0.7996832086622363,-0.5207809731436992,002022,20220505,0.3823380254034314,1.0,2022,TRUE_IGNORED
-0.3180621379673513,1.6417239452356758,-0.41508581752484186,300972,20220505,-0.0621704410776609,0.5,2022,OTHER
-0.034354035911720815,0.515450364225265,-0.47754677754677755,002824,20220505,0.207982855836766,0.6666666666666666,2022,TRUE_IGNORED
0.35887886257941837,0.46742853380751126,-0.37658185693352875,300855,20220505,0.7046657449452891,0.8333333333333334,2022,TRUE_IGNORED
-0.1144857358639556,0.7100479707994676,-0.3933831376734258,603712,20220505,0.373508381717001,1.0,2022,TRUE_IGNORED
-0.5133462282398453,0.23600535238852854,-0.6374639769452449,301009,20220505,-0.1397791610117851,0.5,2022,TRUE_IGNORED
-0.06495446840111407,0.4609862355791396,-0.3693850049003593,600436,20220505,-0.2114635227169382,1.0,2022,TRUE_IGNORED
-0.11707632909663668,0.6805655004959728,-0.364021164021164,000997,20220505,0.1729118128553788,0.1666666666666666,2022,TRUE_IGNORED
-0.46448362720403025,0.4492273867555211,-0.5028063610851263,000913,20220505,0.9078080903104422,0.8333333333333334,2022,TRUE_IGNORED
0.02460665414921448,0.2892000096223939,-0.5105445388731509,300127,20220505,0.0470248239111379,0.8333333333333334,2022,TRUE_IGNORED
0.18422659056862867,0.5532865827844485,-0.2743589743589743,002068,20220505,0.4028268551236749,0.75,2022,TRUE_IGNORED
0.011910205630496717,1.2484816286475038,-0.0809968847352025,600908,20220505,-0.1456634049973465,0.5,2022,OTHER
-0.5366946778711483,0.13230791483606869,-0.5425884955752213,300968,20220505,0.1081420010643967,0.6666666666666666,2022,TRUE_IGNORED
-0.6716135143669087,0.1319407966833274,-0.7685288226129535,688613,20220505,-0.1115999111949302,1.0,2022,TRUE_IGNORED
-0.39126637554585153,0.19231617998168352,-0.6233450418805728,300690,20220505,0.3442604302961858,0.1666666666666666,2022,TRUE_IGNORED
-0.4216463372981869,0.6872451222325556,-0.45283131536466137,300357,20220505,0.2297833590543492,0.8333333333333334,2022,TRUE_IGNORED
0.31696591306571587,0.8620741569872908,-0.46744207101127433,600518,20220505,-0.2589641434262947,0.25,2022,TRUE_IGNORED
-0.09000959033678768,1.253122967675455,-0.3087742799732084,603566,20220505,0.3694856856171526,1.0,2022,OTHER
-0.18873722026900008,0.9136834295192241,-0.45273631840796025,688658,20220505,0.1610287511510169,0.6666666666666666,2022,TRUE_IGNORED
-0.16390330230241335,0.5046470182105485,-0.45999999999999996,600219,20220505,-0.0082990656617841,0.8333333333333334,2022,TRUE_IGNORED
-0.1412373097034203,0.38465729607680543,-0.45182841068917023,603662,20220505,0.2338836476894952,0.5,2022,TRUE_IGNORED
-0.3990063992402435,0.38213636901562054,-0.6005823829167678,603218,20220505,0.3672183593381513,0.3333333333333333,2022,TRUE_IGNORED
-0.17786561264822132,0.6909947812752992,-0.6098422156018979,300617,20220505,0.0240972527483849,0.6666666666666666,2022,TRUE_IGNORED
-0.03303684879288438,0.42003320868543115,-0.4208523592085236,000153,20220505,0.1730159692085857,0.6666666666666666,2022,TRUE_IGNORED
-0.19273244469754924,0.3885209471707885,-0.4862422243404231,002273,20220505,0.3132911392405064,0.5,2022,TRUE_IGNORED
0.002448008312741168,0.38177140720821434,-0.3983140147523708,600098,20220505,-0.0221828156581512,0.6666666666666666,2022,TRUE_IGNORED
-0.07362399763059779,0.8695899908368798,-0.45167661601007925,603305,20220505,0.7589371980676329,0.6666666666666666,2022,TRUE_IGNORED
-0.32476319350473604,0.4093734817786225,-0.3929440389294404,002571,20220505,0.3346693386773547,0.6666666666666666,2022,TRUE_IGNORED
-0.2914822434985761,0.25851318549143865,-0.3844328787998055,300979,20220505,-0.3643463851585982,0.6666666666666666,2022,TRUE_IGNORED
-0.24982650936849415,0.9016070209642506,-0.5348537005163512,300683,20220505,0.1399938328707985,0.5,2022,TRUE_IGNORED
-0.18953958532141935,0.8323156973883877,-0.44613259668508287,002939,20220505,0.0625687767943428,0.5,2022,TRUE_IGNORED
-0.44978632478632474,0.29629108328219816,-0.6584880636604775,601279,20220505,0.0229162565354934,0.6666666666666666,2022,TRUE_IGNORED
0.093993758945218,0.27163569754202005,-0.4740177439797212,601016,20220505,0.0868838795931663,1.0,2022,TRUE_IGNORED
-0.09873241406898059,0.8727299535267877,-0.4600985221674877,600222,20220505,0.0401172864816397,0.5,2022,TRUE_IGNORED
-0.5565549182095371,0.575546613744985,-0.5565549182095371,300192,20220505,0.1553030303030302,0.25,2022,TRUE_IGNORED
-0.12049770996648212,0.30461824165911083,-0.7315604616156548,300712,20220505,0.3980720817537593,0.6666666666666666,2022,TRUE_IGNORED
-0.11431606256939375,0.5257735879627572,-0.41276864728192164,300735,20220505,0.0706049599073981,0.5,2022,TRUE_IGNORED
-0.36254663005410903,0.5329252728398425,-0.39733755361512846,003030,20220505,0.2547130675126103,0.5,2022,TRUE_IGNORED
-0.17929292929292928,0.34846408202373724,-0.37379576107899815,300067,20220505,-0.0369230769230768,0.5,2022,TRUE_IGNORED
-0.5,0.3826363162607974,-0.5688935281837161,300169,20220505,0.0920096852300242,0.3333333333333333,2022,TRUE_IGNORED
-0.1671659538963215,0.4656905080781919,-0.35754189944134074,300259,20220505,0.0525518830729274,0.6666666666666666,2022,TRUE_IGNORED
-0.34376180447788696,0.6839996854260779,-0.34376180447788696,002332,20220505,0.1670516991885944,1.0,2022,TRUE_IGNORED
0.1551501327498983,0.15729127673634816,-0.6495891735137749,002518,20220505,2.638585137516601,1.0,2022,TRUE_IGNORED
-0.0946280056290334,0.5061534074399929,-0.2866894197952218,603309,20220505,0.6509055072502976,0.8333333333333334,2022,TRUE_IGNORED
-0.046151145128952575,0.5080539484889492,-0.477768456375839,600452,20220505,0.2364024715530368,0.8333333333333334,2022,TRUE_IGNORED
-0.29677793199933356,0.8239401451227137,-0.4392684610075914,601799,20220505,0.0045409825045488,0.8333333333333334,2022,TRUE_IGNORED
-0.22544299957281677,0.41472614054264023,-0.5959189405178822,002165,20220505,0.1860921200585863,0.25,2022,TRUE_IGNORED
-0.24376350176978645,0.7470323734183077,-0.4172122398959822,603587,20220505,-0.0031216340513052,1.0,2022,TRUE_IGNORED
0.16733870967741948,0.4482314153701838,-0.5576776165011459,600821,20220505,0.2331606217616579,0.3333333333333333,2022,TRUE_IGNORED
-0.24681443572909167,0.580081723485379,-0.6358823529411766,601633,20220505,0.1925604978901269,0.8333333333333334,2022,TRUE_IGNORED
-0.0037695062183273897,0.5010583639770549,-0.40134492720297643,601919,20220505,-0.1901738211640207,0.6666666666666666,2022,TRUE_IGNORED
-0.4222202691549558,0.17296840509749875,-0.50123288192009,003035,20220505,0.029013178374869,0.8333333333333334,2022,TRUE_IGNORED
-0.033318292115149695,0.2395236518060912,-0.4270578647106765,000969,20220505,0.1749644381223327,0.6666666666666666,2022,TRUE_IGNORED
-0.14424443995351288,0.38936695629135726,-0.41142005530032955,603888,20220505,0.0363723265293947,0.6666666666666666,2022,TRUE_IGNORED
-0.15977653631284916,0.2388739261331425,-0.5291170945522856,002045,20220505,0.670212765957447,0.6666666666666666,2022,TRUE_IGNORED
-0.02081267107295337,1.3711085154899714,-0.2723658051689861,000850,20220505,-0.0670883162502681,0.8333333333333334,2022,OTHER
0.030200999695925157,0.5538367791421565,-0.517318244170096,300679,20220505,0.3689548756111811,0.75,2022,TRUE_IGNORED
0.22973039385613592,0.547398463941719,-0.17995802728226662,002318,20220505,0.1342748799107147,0.8333333333333334,2022,TRUE_IGNORED
1.1928625664388761,0.44629592583606553,-0.5203454575651885,600071,20220505,-0.3365650969529086,0.8333333333333334,2022,HIGH_ATTN_DROP
-0.07324157852186897,0.34429342243536415,-0.547200223296073,002218,20220505,0.3230162719386413,1.0,2022,TRUE_IGNORED
-0.262361676734404,0.8464309295071129,-0.392272628930613,600660,20220505,0.0210284561304006,0.8333333333333334,2022,TRUE_IGNORED
0.03315570675706292,0.3632382584702801,-0.4043956043956045,300384,20220505,0.0545709216907432,0.6666666666666666,2022,TRUE_IGNORED
0.7036994240586985,0.8344679919569866,-0.3369752731454859,000546,20220505,0.2028476909283745,0.5,2022,OTHER
-0.27697996617020304,1.1534651119922956,-0.5355345911949685,002605,20220505,-0.0332230635637816,0.5,2022,OTHER
-0.4912849760045861,1.1016685930800947,-0.5284845905493127,688687,20220505,0.0226990183061486,0.8333333333333334,2022,OTHER
-0.16725456745533396,0.6482707422366271,-0.34758871701546856,002105,20220505,-0.0083305199823343,0.75,2022,TRUE_IGNORED
-0.4257854821235103,1.9367672454887348,-0.6159420289855073,601828,20220505,-0.1628493807751999,0.5,2022,OTHER
-0.4802793569732742,0.48584054956272377,-0.5982503684685969,688036,20220505,-0.2337006237341106,0.5,2022,TRUE_IGNORED
-0.14897926580748122,0.39538195384868946,-0.7399012283145499,300672,20220505,0.2233999614104806,0.6666666666666666,2022,TRUE_IGNORED
-0.3722265759334529,0.34748826784743203,-0.7790773229369721,688699,20220505,-0.0956598612773663,1.0,2022,TRUE_IGNORED
1.3009162809816126,0.8221593178155279,-0.33785269329424705,300260,20220505,1.880064396596532,0.75,2022,HIGH_ATTN_DROP
-0.0029301505129287753,0.5121485058281373,-0.5602196245129295,300620,20220505,0.4515596478738901,0.8333333333333334,2022,TRUE_IGNORED
-0.41346045899975115,0.5646993443418677,-0.5433145009416196,300685,20220505,-0.1015236348371272,0.6666666666666666,2022,TRUE_IGNORED
-0.1813495044094563,0.17167906552711248,-0.5275339185953711,300713,20220505,0.2592905405405405,0.6666666666666666,2022,TRUE_IGNORED
0.3220338983050848,0.5263317038653053,-0.3772455089820359,000629,20220505,0.5128205128205128,0.6666666666666666,2022,TRUE_IGNORED
-0.3669132547159262,0.6091290372178447,-0.3669132547159262,603699,20220505,0.1733940886353639,0.5,2022,TRUE_IGNORED
-0.662324393358876,0.6837155278524046,-0.6985864113087095,688158,20220505,0.0295007564296518,0.1666666666666666,2022,TRUE_IGNORED
-0.1985528083002448,0.9903409569666229,-0.5366229760986893,600075,20220505,-0.1105836914702836,1.0,2022,TRUE_IGNORED
0.025650953071852278,0.3188576934494481,-0.55361678800861,688689,20220505,-0.0228346456692913,0.6666666666666666,2022,TRUE_IGNORED
-0.3648375226910895,0.688811093415578,-0.525741714023102,600305,20220505,-0.030843173421191,0.6666666666666666,2022,TRUE_IGNORED
0.40532481368259665,1.1646741205461808,-0.36621004566210047,300218,20220505,-0.2488506954671845,0.8333333333333334,2022,OTHER
-0.4219807435081935,0.5335927413938982,-0.45331416968036,300773,20220505,-0.2093397745571658,0.5,2022,TRUE_IGNORED
-0.19047619047619047,0.2549771476273817,-0.5301944728761515,002442,20220505,0.2519853916371077,0.8333333333333334,2022,TRUE_IGNORED
-0.21475385764000954,0.7151240189308042,-0.45386904761904756,002732,20220505,-0.0845833448404345,0.6666666666666666,2022,TRUE_IGNORED
-0.28254955741462007,0.35349052450341023,-0.5665212649945475,300922,20220505,-0.0771857466824709,0.1666666666666666,2022,TRUE_IGNORED
0.11217183770883055,1.0316034215063794,-0.3390070921985815,300022,20220505,-0.0064377682403433,0.75,2022,OTHER
-0.52584978215022,0.3479214268942603,-0.5320966198532537,603776,20220505,0.18342343172505,0.5,2022,TRUE_IGNORED
0.15280385932961082,0.6343051476907259,-0.3540740740740741,002088,20220505,0.187773780489785,0.6666666666666666,2022,TRUE_IGNORED
-0.1992147402670984,0.6467624917585808,-0.37255639097744364,002050,20220505,0.3274117304376123,0.75,2022,TRUE_IGNORED
-0.541165698822774,1.091181872024649,-0.541165698822774,603719,20220505,0.2662123782425305,0.8333333333333334,2022,OTHER
0.153080653622786,0.32436975820945757,-0.48895717303629727,300748,20220505,0.2158863660123935,0.5,2022,TRUE_IGNORED
0.32320306500275753,0.4947398953733731,-0.44662024949231216,300710,20220505,-0.0354412976443091,0.5,2022,TRUE_IGNORED
-0.14567451108563834,0.903640176747874,-0.49131891562595187,603466,20220505,-0.0687538728980661,0.8333333333333334,2022,TRUE_IGNORED
-0.1568802611959953,0.6575151739312084,-0.5645526613816534,000635,20220505,0.0611183355006501,0.8333333333333334,2022,TRUE_IGNORED
-0.11205298699194133,0.5830150330960002,-0.544516129032258,300031,20220505,-0.0183419457786119,0.6666666666666666,2022,TRUE_IGNORED
-0.5080753548074678,0.395988608147169,-0.5080753548074678,605296,20220505,0.186917326998296,0.6666666666666666,2022,TRUE_IGNORED
-0.28470588235294114,0.4912350003315999,-0.4003944773175543,300315,20220505,-0.0230263157894736,0.6666666666666666,2022,TRUE_IGNORED
0.17141006740350506,0.8670075215909088,-0.4468354430379746,601226,20220505,0.3384839340409198,0.5,2022,TRUE_IGNORED
-0.09854075924144745,2.0945529963930847,-0.16913946587537088,600208,20220505,-0.0964285714285715,0.6666666666666666,2022,OTHER
-0.5861552702284851,0.6604479606971274,-0.6007442528842543,300226,20220505,-0.0218386996785509,0.6666666666666666,2022,TRUE_IGNORED
0.1415017937129539,0.2979177241340378,-0.3965936739659367,000920,20220505,0.140650160312624,1.0,2022,TRUE_IGNORED
-0.5418159945866019,0.4992800460198188,-0.6598697674418604,300782,20220505,-0.1789365846218518,1.0,2022,TRUE_IGNORED
-0.04907108382037417,0.5162630618185623,-0.44870492635855763,002933,20220505,0.0663288807001383,0.3333333333333333,2022,TRUE_IGNORED
-0.08897549042936737,0.301443439801539,-0.5486253590480099,300831,20220505,0.2278703420002694,0.5,2022,TRUE_IGNORED
-0.6141743304497176,1.1308569337643268,-0.6141743304497176,600201,20220505,0.0489355243095077,1.0,2022,OTHER
-0.4712124131541996,0.3288268528672688,-0.5484524153890655,300566,20220505,0.4823987958464373,0.75,2022,TRUE_IGNORED
-0.0919716597557726,0.9588793572273396,-0.27938931297709935,002043,20220505,-0.1682418926509025,0.8333333333333334,2022,TRUE_IGNORED
-0.30353561717504296,0.18252497794071879,-0.4846867066471908,000027,20220505,0.0130727333745166,0.3333333333333333,2022,TRUE_IGNORED
-0.48216136136242793,0.5582269418093047,-0.5682677862112016,300642,20220505,0.1238861585821424,1.0,2022,TRUE_IGNORED
-0.4773654773185898,0.7086854047936155,-0.540528233151184,603113,20220505,-0.0663745583913941,0.75,2022,TRUE_IGNORED
-0.33423231268215636,0.6843877895615958,-0.38903093579650583,002946,20220505,-0.0480214266393191,0.5,2022,TRUE_IGNORED
0.03069021637191005,0.602498802325135,-0.682844243792325,300508,20220505,0.3698452164040078,0.5,2022,TRUE_IGNORED
-0.11822575783240363,0.9281840843532815,-0.4943738268385166,000959,20220505,-0.2286622593015105,0.8333333333333334,2022,TRUE_IGNORED
-0.15115021827930786,0.9596041624852684,-0.2634989200863931,603167,20220505,-0.0011569067400281,0.3333333333333333,2022,TRUE_IGNORED
-0.1820918769580614,1.0213124794058672,-0.43067068575734746,300452,20220505,0.3804783338104185,0.5,2022,OTHER
-0.07831325301204806,0.9288617843830529,-0.5037071362372567,300467,20220505,0.0074696545284778,1.0,2022,TRUE_IGNORED
-0.16421496760712317,0.5585748857634477,-0.5911470728224655,688195,20220505,0.5556311927549158,0.3333333333333333,2022,TRUE_IGNORED
-0.2798250281475314,0.38091300299107284,-0.5498020585906571,688558,20220505,0.2606077941724951,1.0,2022,TRUE_IGNORED
-0.191141800729413,0.34091156021534363,-0.41728677733257025,300113,20220505,0.0173449778385135,1.0,2022,TRUE_IGNORED
0.3344346600843233,0.46274900026490057,-0.43525641025641026,002140,20220505,0.1116301169113567,0.6666666666666666,2022,TRUE_IGNORED
0.04027915617154321,0.48122278987471817,-0.5753771413960624,688356,20220505,0.0290557896304057,0.5,2022,TRUE_IGNORED
-0.22055971156469345,0.18486855223532483,-0.4741575087589559,600509,20220505,0.3234624145785878,0.8333333333333334,2022,TRUE_IGNORED
-0.22967161396214053,0.7881546792513582,-0.47272695658108455,002008,20220505,-0.0708689458689459,1.0,2022,TRUE_IGNORED
-0.1612794042985276,0.2870794837996253,-0.4965461194636326,003043,20220505,0.6939871795301367,0.75,2022,TRUE_IGNORED
0.0,0.4158209723099109,-0.3559214692843572,002428,20220505,0.0039331366764994,0.8333333333333334,2022,TRUE_IGNORED
0.2560386473429952,0.4230287289927672,-0.3001345895020189,000791,20220505,0.0015820917313049,0.1666666666666666,2022,TRUE_IGNORED
0.5750528541226214,0.5793461627556382,-0.5257797581158499,002011,20220505,0.6751677852348994,0.5,2022,OTHER
-0.041277574423881025,1.095120913642306,-0.42245720040281975,002907,20220505,1.4102175200772002,0.5,2022,OTHER
-0.3271889400921659,0.28214593158311346,-0.5054715997915581,300623,20220505,0.0110518261770256,1.0,2022,TRUE_IGNORED
-0.3076688744441515,0.9164831989034248,-0.33768115942028987,002641,20220505,-0.0075871881779243,0.3333333333333333,2022,TRUE_IGNORED
-0.25350779484650066,0.45145585820594086,-0.4422413793103448,002449,20220505,0.3262206880576654,0.6666666666666666,2022,TRUE_IGNORED
-0.660390859085014,0.6573203394953263,-0.8047237615233296,688185,20220505,0.3981304436116166,0.6666666666666666,2022,TRUE_IGNORED
-0.25379162473016836,0.20906943924312316,-0.4604081632653061,300200,20220505,0.1386863454427835,0.5,2022,TRUE_IGNORED
-0.4671241192161968,0.652465121564384,-0.4969469434808169,300676,20220505,-0.1059547003652383,0.8333333333333334,2022,TRUE_IGNORED
-0.2594310171895624,0.6059308030855893,-0.3697677972371989,603986,20220901,-0.0748118636564851,0.6666666666666666,2022,TRUE_IGNORED
-0.34617477690315324,0.5376632720622285,-0.5680815547729359,300994,20220901,0.0302027306578402,0.0,2022,TRUE_IGNORED
-0.1533026198233136,0.6425769584305814,-0.41544736030506346,300451,20220901,0.4678899082568806,0.5,2022,TRUE_IGNORED
-0.4486494436842289,0.4327270755079755,-0.45416294924738665,688139,20220901,0.0368906455862976,0.8333333333333334,2022,TRUE_IGNORED
-0.0793794512409639,1.3124486819904648,-0.532374560541024,605305,20220901,0.0793955384984408,0.1666666666666666,2022,OTHER
-0.20798308164584323,0.527422855474666,-0.23010170664821483,300012,20220901,0.0452425373134326,0.8333333333333334,2022,TRUE_IGNORED
-0.08880858898294486,0.8138761740636027,-0.32470239329851014,002705,20220901,-0.0145985401459853,0.3333333333333333,2022,TRUE_IGNORED
-0.36548979699678263,0.4176628968081079,-0.36548979699678263,300358,20220901,-0.0241745283018867,1.0,2022,TRUE_IGNORED
-0.37054579644889885,0.2607736777974717,-0.48673169721294574,000932,20220901,0.2684563758389262,0.6666666666666666,2022,TRUE_IGNORED
-0.3191545815726299,1.0722232350361751,-0.3479565029162084,688303,20220901,-0.1252047315741583,1.0,2022,OTHER
-0.3348887712025439,0.5712810409011222,-0.38554018812719415,600398,20220901,0.3797752808988763,0.6666666666666666,2022,TRUE_IGNORED
-0.015360983102918557,0.3298839003092606,-0.3715686274509803,000862,20220901,0.0592823712948518,0.6666666666666666,2022,TRUE_IGNORED
0.1034780582623287,0.2547984184760819,-0.33094382993778804,002728,20220901,1.302479338842975,0.8333333333333334,2022,TRUE_IGNORED
-0.26367659891571105,0.20594054113250349,-0.608326731547371,688767,20220901,-0.1476584022038568,0.3333333333333333,2022,TRUE_IGNORED
-0.1374714286096096,0.44576367166517694,-0.3759521294863273,600436,20220901,0.0545759302715387,0.8333333333333334,2022,TRUE_IGNORED
-0.112540192926045,1.123895215452568,-0.3151364764267991,600186,20220901,0.0,0.5,2022,OTHER
-0.24964166740730753,0.33240171748632885,-0.44319204104803944,000630,20220901,0.1937716262975779,0.6666666666666666,2022,TRUE_IGNORED
-0.31708141471478224,0.4638655539769827,-0.45555797686597876,300941,20220901,0.2312753036437247,0.5,2022,TRUE_IGNORED
0.183466960319852,0.42710638955984276,-0.4546825724223973,603351,20220901,0.1614490161001791,0.3333333333333333,2022,TRUE_IGNORED
-0.09649647187732868,0.440885917807685,-0.27352095031388335,603927,20220901,0.4398762157382845,0.6666666666666666,2022,TRUE_IGNORED
-0.1312542031590832,3.144108170882174,-0.2275674844053045,688313,20220901,0.163147792706334,0.6666666666666666,2022,OTHER
-0.005353319057815886,1.438582336284787,-0.28921193573068105,002134,20220901,0.0764262648008613,0.8333333333333334,2022,OTHER
-0.1305046177823327,0.7885991762666643,-0.20427998354625587,601958,20220901,0.743260590500642,0.6666666666666666,2022,TRUE_IGNORED
-0.2652932634130081,1.0149144681166138,-0.41939555659580996,300408,20220901,0.2007476635514018,0.5,2022,OTHER
-0.09045108152868875,1.162889648417279,-0.27916634842286536,601677,20220901,-0.2244210526315788,0.8333333333333334,2022,OTHER
-0.03975299327678783,0.6008675912679423,-0.3371459481016139,000582,20220901,0.0026075619295957,0.3333333333333333,2022,TRUE_IGNORED
-0.4656937384868034,0.7839534287957953,-0.5148253487408905,002833,20220901,0.2449826989619377,0.6666666666666666,2022,TRUE_IGNORED
-0.3012573193015131,1.0748532280993242,-0.36922736810526446,301029,20220901,0.0964769647696477,1.0,2022,OTHER
-0.3573502234509849,0.7071231768122359,-0.3573502234509849,688697,20220901,1.0965468639887246,0.6666666666666666,2022,TRUE_IGNORED
-0.2938185077217098,0.4625549262144894,-0.42092369955581177,000878,20220901,0.232991612301957,0.8333333333333334,2022,TRUE_IGNORED
0.030120481927710774,0.430327057595344,-0.34061696658097684,600540,20220901,-0.0838206627680311,0.6666666666666666,2022,TRUE_IGNORED
-0.28749584928693706,0.516236177850668,-0.4438663197881588,002048,20220901,0.1474820143884891,0.8333333333333334,2022,TRUE_IGNORED
-0.12539184952978055,0.3765935131753594,-0.2356164383561643,600664,20220901,0.1720430107526882,0.3333333333333333,2022,TRUE_IGNORED
-0.2910711817433833,0.7540332610805127,-0.38947843378809544,002389,20220901,0.3632183908045978,0.1666666666666666,2022,TRUE_IGNORED
-0.22453544456442298,0.530803200777876,-0.3613716227407998,603919,20220901,0.0493827160493827,1.0,2022,TRUE_IGNORED
-0.38753826500667754,0.5807910877714717,-0.4422982986041707,601377,20220901,0.088872051164875,0.5,2022,TRUE_IGNORED
-0.1562499999999999,0.30527829470877843,-0.37209302325581395,300267,20220901,0.1141975308641973,0.5,2022,TRUE_IGNORED
-0.3646369124607305,0.8232414973831577,-0.5474629946657943,000807,20220901,0.3950248756218903,0.6666666666666666,2022,TRUE_IGNORED
-0.14859854860012478,0.7442089423356,-0.3303969258887036,002410,20220901,0.2346177123260038,0.6666666666666666,2022,TRUE_IGNORED
-0.22362881819813496,1.2262011484904327,-0.5045937922574792,688330,20220901,-0.0730499380932728,0.5,2022,OTHER
0.09687500000000004,0.5997678309309774,-0.16229116945107402,600108,20220901,-0.0712250712250712,0.8333333333333334,2022,TRUE_IGNORED
0.2943850336307148,0.861180002765382,-0.30035772784215353,000731,20220901,-0.0790305584826133,0.8333333333333334,2022,TRUE_IGNORED
-0.18393782383419688,0.6105475860385378,-0.2725173210161663,600879,20220901,0.2333333333333334,0.8333333333333334,2022,TRUE_IGNORED
-0.06369426751592366,0.6498446374257107,-0.18105849582172695,600815,20220901,0.0408163265306122,0.1666666666666666,2022,TRUE_IGNORED
-0.296885649142258,1.826493524625227,-0.3943102706954844,002346,20220901,-0.0238095238095237,0.8333333333333334,2022,OTHER
-0.024104113689166207,1.5411907969434717,-0.4180680885972109,688667,20220901,-0.0688986784140969,0.3333333333333333,2022,OTHER
-0.24929971988795507,0.6524535146019458,-0.3074935400516796,300145,20220901,0.0410447761194028,0.6666666666666666,2022,TRUE_IGNORED
0.14592103740186735,0.7263903154385274,-0.2360526417320885,002216,20220901,-0.0108757870635375,0.5,2022,TRUE_IGNORED
-0.1760660247592848,0.7077005431606033,-0.235969387755102,603083,20220901,0.7779632721202001,0.5,2022,TRUE_IGNORED
0.09471694893826821,0.41484050463911776,-0.22524207769031945,600905,20220901,-0.0566666666666667,0.6666666666666666,2022,TRUE_IGNORED
-0.22637292023620748,1.4132979760017454,-0.3469003811830865,688116,20220901,-0.3821186440677966,0.6666666666666666,2022,OTHER
-0.260238027403527,0.32360183728916325,-0.6794700262072275,688298,20220901,-0.2002194185408666,0.0,2022,TRUE_IGNORED
-0.06193517119678127,1.7420667133030088,-0.33331832343367707,002938,20220901,-0.0048292514660228,0.5,2022,OTHER
-0.250242180943651,0.4082449023020334,-0.3948143164567587,300185,20220901,-0.0262172284644195,0.5,2022,TRUE_IGNORED
-0.029453150205858925,0.4369093234540507,-0.5878871629410021,300860,20220901,0.3802568622513218,0.5,2022,TRUE_IGNORED
-0.11706693929599266,0.9417517214521476,-0.2834713015108964,600072,20220901,-0.0014970059880239,0.6666666666666666,2022,TRUE_IGNORED
-0.35355350845630074,0.6144744594516454,-0.4420912080485897,002236,20220901,0.085499316005472,0.3333333333333333,2022,TRUE_IGNORED
-0.2234925754468643,0.2926269172685147,-0.38483641945583535,601330,20220901,-0.0190735694822888,0.3333333333333333,2022,TRUE_IGNORED
-0.275195702938113,0.3889192135742787,-0.32790874272443205,600918,20220901,-0.0395634379263301,0.6666666666666666,2022,TRUE_IGNORED
-0.07592728110742786,0.7632934508889753,-0.21384858243467741,000901,20220901,0.2892857142857143,0.6666666666666666,2022,TRUE_IGNORED
-0.27046918123275066,0.7919468902111126,-0.32280102476515804,300005,20220901,0.0100882723833544,0.5,2022,TRUE_IGNORED
-0.23875389963832439,0.7900569447517687,-0.4539356808485139,002879,20220901,0.0059642147117295,0.3333333333333333,2022,TRUE_IGNORED
-0.03548137727760026,1.0385623961204327,-0.36134871006488434,603115,20220901,-0.0703005603667855,0.6666666666666666,2022,OTHER
6.580837792101438,0.46988515254638014,-0.394273309253908,002432,20220901,-0.0885513153019637,1.0,2022,HIGH_ATTN_DROP
-0.29361988635115166,0.4005492742909012,-0.41718828770334804,300033,20220901,0.4911799761620978,0.8333333333333334,2022,TRUE_IGNORED
-0.4643289733400512,0.6062945971662331,-0.5247976213435477,300922,20220901,0.1084624553039332,0.3333333333333333,2022,TRUE_IGNORED
-0.25971186226034293,0.3785320140843941,-0.38774265482459946,000830,20220901,0.0643745427944404,0.8333333333333334,2022,TRUE_IGNORED
-0.23459517369304117,1.0926143383684124,-0.3305669862795175,605099,20220901,-0.0384313725490196,0.3333333333333333,2022,OTHER
0.04862236628849259,1.4249701504589216,-0.339795918367347,600237,20220901,0.1360123647604327,0.8333333333333334,2022,OTHER
-0.3214776811069835,0.4579827560283894,-0.38584343467786253,600392,20220901,-0.0493827160493827,0.8333333333333334,2022,TRUE_IGNORED
-0.016484692514272425,0.8550758756812039,-0.32302243856991186,603456,20220901,-0.0541324311261478,1.0,2022,TRUE_IGNORED
0.019523430650077778,0.3903154472345883,-0.2059480972821509,600831,20220901,0.1321739130434782,0.3333333333333333,2022,TRUE_IGNORED
-0.43378887717319115,0.4397512734961363,-0.4781201356270731,600739,20220901,0.0241509433962263,0.3333333333333333,2022,TRUE_IGNORED
-0.2432697269496723,0.6542857455617644,-0.360810629438876,300304,20220901,-0.0040485829959513,0.6666666666666666,2022,TRUE_IGNORED
-0.3136620322885909,0.7099890736805526,-0.41476822262165847,601117,20220901,0.0586881472957423,0.8333333333333334,2022,TRUE_IGNORED
-0.4443981065072091,0.41019555102870997,-0.5369984220893409,300891,20220901,-0.0379188712522045,0.5,2022,TRUE_IGNORED
-0.4514419186024218,0.5098466769326412,-0.46350241542747495,000951,20220901,0.6183712121212124,0.3333333333333333,2022,TRUE_IGNORED
-0.11574074074074081,0.49151817301380574,-0.3413793103448276,600871,20220901,0.12565445026178,0.6666666666666666,2022,TRUE_IGNORED
-0.5276831638135626,1.0883499192427062,-0.5520867151927179,002651,20220901,0.1676557863501482,0.5,2022,OTHER
-0.37889509873835736,1.5343494690459145,-0.37889509873835736,688323,20220901,0.0182260024301337,0.6666666666666666,2022,OTHER
-0.23537263199679215,0.9075529187591483,-0.4748217288188493,300095,20220901,0.0323559150657228,0.5,2022,TRUE_IGNORED
0.745322518078062,0.26240564253447357,-0.407304044511409,301060,20220901,-0.3457648546144121,0.6666666666666666,2022,OTHER
-0.4459795558719244,0.12357584772381248,-0.5383162965599371,301048,20220901,0.0651945320715037,0.3333333333333333,2022,TRUE_IGNORED
-0.4241353669808501,1.3453683085260355,-0.4613123986250377,003012,20220901,0.1804511278195488,0.1666666666666666,2022,OTHER
0.6096580799082503,1.442151993948394,-0.21064152272715675,600508,20220901,-0.1348571428571429,0.8333333333333334,2022,OTHER
-0.27680938552687673,0.6510834450310755,-0.292361871859632,600662,20220901,0.0715532286212916,0.8333333333333334,2022,TRUE_IGNORED
-0.5080100207715958,0.9138275651509172,-0.5210552096147733,601828,20220901,0.1730382293762575,0.6666666666666666,2022,TRUE_IGNORED
0.1444668649039702,0.5758177616687838,-0.097559734395394,601009,20220901,-0.0587121212121211,0.5,2022,TRUE_IGNORED
-0.16508055499050112,0.18288801122072476,-0.44011284275833606,001213,20220901,-0.0443037974683544,0.8333333333333334,2022,TRUE_IGNORED
-0.22182666619782,0.4730330673217237,-0.5344175220360569,600556,20220901,0.0379746835443037,0.5,2022,TRUE_IGNORED
-0.27169720662931063,0.369905637936784,-0.4565303616242584,300770,20220901,0.2210587550901688,0.5,2022,TRUE_IGNORED
-0.030391674786570788,0.9050404528635606,-0.3817885155595583,603786,20220901,0.1198961937716263,0.6666666666666666,2022,TRUE_IGNORED
0.07820113803849726,0.4907809483552972,-0.27419533636495363,600032,20220901,-0.0938461538461539,0.6666666666666666,2022,TRUE_IGNORED
-0.03178862854591569,0.22558432494856584,-0.39470587621277464,603222,20220901,0.2076843198338525,0.8333333333333334,2022,TRUE_IGNORED
0.3149113660062566,0.6735509766155123,-0.27151935297515895,300130,20220901,0.3362410785091199,0.8333333333333334,2022,TRUE_IGNORED
-0.3418537832796046,0.3939808591341772,-0.5607988394395769,600518,20220901,0.0579710144927536,0.1666666666666666,2022,TRUE_IGNORED
0.12302839116719255,1.5570597579206997,-0.4299439551641313,603169,20220901,-0.0337078651685394,0.6666666666666666,2022,OTHER
0.7029903699949316,0.6301805667334459,-0.2094117647058823,000893,20220901,-0.1556547619047619,1.0,2022,OTHER
1.468950749464668,1.340252481528399,-0.27209595959595967,600313,20220901,-0.0693842150910667,0.5,2022,HIGH_ATTN_DROP
-0.15125694315643923,0.6969682088399355,-0.19149081266821066,000750,20220901,-0.0084507042253521,0.3333333333333333,2022,TRUE_IGNORED
-0.04822319190135416,0.6743244904556365,-0.24987688076973724,600373,20220901,0.0942184154175589,0.6666666666666666,2022,TRUE_IGNORED
0.1869918699186992,0.6168689146505273,-0.2831423895253682,002578,20220901,0.0388127853881279,0.3333333333333333,2022,TRUE_IGNORED
-0.3957976591179335,0.7327277281985386,-0.4861653135802947,688166,20220901,0.2119591638308215,0.3333333333333333,2022,TRUE_IGNORED
-0.15258237281702358,0.5820750080609489,-0.30058207108559976,300092,20220901,0.7115384615384617,0.8333333333333334,2022,TRUE_IGNORED
-0.28916402576303846,0.6859787253410637,-0.5712189193369748,301040,20220901,0.1003894418000865,0.1666666666666666,2022,TRUE_IGNORED
0.015267675563773286,0.5839393770520244,-0.15501456116053036,600125,20220901,0.0950570342205323,0.3333333333333333,2022,TRUE_IGNORED
-0.27563617777929283,0.904449667183721,-0.30130913336866993,300019,20220901,0.0551224944320714,0.5,2022,TRUE_IGNORED
0.13544524946389536,0.818348361257087,-0.22786351261401017,600650,20220901,0.0609874152952565,0.5,2022,TRUE_IGNORED
-0.5204428148370205,1.688666371022654,-0.5257818212722345,002970,20220901,0.0656565656565657,0.3333333333333333,2022,OTHER
-0.3560316485873447,0.5951734130435109,-0.42855851105343845,300296,20220901,0.0448717948717949,1.0,2022,TRUE_IGNORED
-0.19086411356575572,1.5650922913560263,-0.33464004544886305,300308,20220901,0.2529658060013957,0.3333333333333333,2022,OTHER
-0.27106504999615544,0.4881165707801488,-0.358066963383711,300414,20220901,0.1561712846347607,0.5,2022,TRUE_IGNORED
-0.14989970165894417,0.7349334525517998,-0.2025409586049648,600643,20220901,0.0034246575342464,0.3333333333333333,2022,TRUE_IGNORED
-0.2598276657335059,0.3569010781699448,-0.33450380628264775,601665,20220901,-0.0046296296296296,0.5,2022,TRUE_IGNORED
-0.21167017508869168,1.0314882988119762,-0.5586898725251401,300474,20220901,0.2524207011686143,0.6666666666666666,2022,OTHER
0.7464566658331395,1.4876756913192826,-0.15477855477855473,600546,20220901,-0.0203892988565616,1.0,2022,OTHER
0.7381453312966275,0.7014452915419698,-0.22119815668202758,601199,20220901,0.1109467455621302,0.6666666666666666,2022,OTHER
-0.007462712471570931,0.5707038820787894,-0.26844948435198,600406,20220901,-0.0384474551446357,0.8333333333333334,2022,TRUE_IGNORED
0.09011632846593165,0.9232342103305474,-0.2881934035113436,688187,20220901,-0.159825468648998,0.5,2022,TRUE_IGNORED
-0.2456230413968502,0.9366796849139589,-0.5705277615676345,603897,20220901,-0.1650053279610642,0.5,2022,TRUE_IGNORED
-0.24637911168959958,1.7572696018117178,-0.39944045355379765,301082,20220901,-0.0535254760679363,0.6666666666666666,2022,OTHER
-0.07500616082519851,1.291946333537048,-0.23147014164891777,605368,20220901,0.0085403726708073,0.8333333333333334,2022,OTHER
0.30666666666666664,0.44770989306121267,-0.2476007677543186,000816,20220901,0.0127551020408163,0.3333333333333333,2022,TRUE_IGNORED
0.22822093924413522,0.8149063882901836,-0.2944554455445544,605399,20220901,0.0965478529329215,1.0,2022,TRUE_IGNORED
-0.2862247632660353,0.8303112096629578,-0.32721455035365443,688981,20220901,0.0605757196495617,0.6666666666666666,2022,TRUE_IGNORED
-0.2252006755946655,0.3806256800670509,-0.40934580650714414,300892,20220901,0.0076481835564052,0.5,2022,TRUE_IGNORED
-0.32138548790437516,0.40342461634827764,-0.47660769778343137,603025,20220901,0.2078713968957872,0.6666666666666666,2022,TRUE_IGNORED
-0.20046108444106403,0.5860367377514534,-0.338357656769934,000858,20220901,0.2679139153827341,0.8333333333333334,2022,TRUE_IGNORED
-0.27409663533608886,0.3197853524413717,-0.3999421095774788,605599,20220901,-0.0148075024679171,0.6666666666666666,2022,TRUE_IGNORED
-0.16000336439195373,0.723030574849271,-0.2807118254879448,300505,20220901,0.0654429369513167,0.8333333333333334,2022,TRUE_IGNORED
0.36425648021828105,1.367310278845981,-0.07493061979648474,600359,20220901,-0.1149999999999999,0.8333333333333334,2022,OTHER
-0.27187745736168245,0.4892624997751615,-0.36128449874947444,600211,20220901,0.498860398860399,0.6666666666666666,2022,TRUE_IGNORED
-0.07350877192982452,0.41058149964635715,-0.5901435778036477,688180,20220901,0.0077636811209997,0.3333333333333333,2022,TRUE_IGNORED
-0.12145420776827709,0.8093032885406948,-0.3636560443253102,300774,20220901,-0.1971447994561522,0.6666666666666666,2022,TRUE_IGNORED
-0.13460752687301325,0.7311600145773465,-0.23708679060331916,605080,20220901,-0.1007099224038303,0.5,2022,TRUE_IGNORED
-0.39053103472588513,1.109537868349684,-0.6069030618439619,300151,20220901,0.2545994065281898,0.1666666666666666,2022,OTHER
-0.44007208290116706,0.514169762881613,-0.4728075015758779,002064,20220901,0.0842245989304812,1.0,2022,TRUE_IGNORED
-0.27967413578562095,1.078304825015371,-0.3305986582923057,300722,20220901,0.1182163843760801,1.0,2022,OTHER
-0.2697974217311234,0.7412794826363919,-0.33617947430102135,601865,20220901,-0.1332812809918944,0.1666666666666666,2022,TRUE_IGNORED
-0.024449877750611138,0.5327682752455843,-0.49063829787234037,300220,20220901,-0.0050125313283208,0.6666666666666666,2022,TRUE_IGNORED
-0.335987322480381,1.221403589466751,-0.3426175039833228,300549,20220901,0.1041666666666667,0.5,2022,OTHER
0.06049822064056931,1.159796029085473,-0.14857142857142858,600127,20220901,-0.1230425055928411,0.6666666666666666,2022,OTHER
0.094839145146568,0.7953579738833783,-0.2912376445224214,002555,20220901,0.170264787794103,0.6666666666666666,2022,TRUE_IGNORED
0.0031903729911453294,0.24449636723994642,-0.3723729355771902,300519,20220901,0.1161000641436817,1.0,2022,TRUE_IGNORED
-0.22613245179838382,0.38303099877465113,-0.23829118407142225,688285,20220901,0.099264705882353,0.6666666666666666,2022,TRUE_IGNORED
0.42624861343587783,0.6462132174256568,-0.17097126227719173,600523,20220901,-0.2852128126371215,0.6666666666666666,2022,TRUE_IGNORED
-0.17497556207233633,0.837689524796735,-0.25704225352112675,300600,20220901,0.0604265402843602,0.1666666666666666,2022,TRUE_IGNORED
0.20615384615384613,0.4546216011885674,-0.16595744680851066,600725,20220901,-0.1403061224489795,0.5,2022,TRUE_IGNORED
-0.053487390212659025,0.968243057067886,-0.204910179487932,002222,20220901,0.1374193548387097,1.0,2022,TRUE_IGNORED
-0.27764208572781335,0.6131052084249226,-0.382477329747435,600006,20220901,-0.0097402597402597,0.5,2022,TRUE_IGNORED
0.0728365326400402,0.3353916092491432,-0.24289912597459362,603937,20230103,-0.0092857310583305,0.5,2023,TRUE_IGNORED
-0.25605726511481774,0.2767937768845045,-0.2812343664046002,300692,20230103,0.1241575350947914,0.8333333333333334,2023,TRUE_IGNORED
-0.07213756689429729,0.5159541058134672,-0.12281926029309143,603339,20230103,0.2812420702316029,0.6666666666666666,2023,TRUE_IGNORED
0.45761321309513736,0.24545793609084193,-0.4430126046049866,605366,20230103,-0.1177873046574907,0.5,2023,TRUE_IGNORED
-0.4138257575757577,0.27335794620302517,-0.4138257575757577,600516,20230103,0.0080775444264944,0.8333333333333334,2023,TRUE_IGNORED
-0.24343780284188432,0.9023305017497811,-0.2440231507700531,002930,20230103,0.2116256173111077,0.5,2023,TRUE_IGNORED
-0.2564722603499848,0.29236555824988125,-0.3950381679389312,002145,20230103,-0.0570399220165971,0.1666666666666666,2023,TRUE_IGNORED
-0.3140376461061326,0.618264961584534,-0.35695762728327707,300750,20230103,0.0689409955365467,0.6666666666666666,2023,TRUE_IGNORED
-0.2534587798458954,0.34298050432745275,-0.357988676329157,601908,20230103,-0.0949554896142433,0.5,2023,TRUE_IGNORED
-0.31592936556297957,0.7704535477503346,-0.3231017968545866,002507,20230103,-0.053335467404963,0.5,2023,TRUE_IGNORED
-0.31981676721334407,2.2146912856845953,-0.3235172459409399,603919,20230103,-0.0620037646179942,0.8333333333333334,2023,OTHER
-0.23833064929066083,0.3333896917686314,-0.32403669724770645,002971,20230103,0.3859934853420195,0.5,2023,TRUE_IGNORED
0.1727972544102787,0.4760158122817033,-0.30259171995960954,002903,20230103,0.1778611181453397,0.6666666666666666,2023,TRUE_IGNORED
-0.35163398692810466,0.3749310314174912,-0.35163398692810466,300317,20230103,0.161290322580645,0.1666666666666666,2023,TRUE_IGNORED
1.3309604675387088,1.0691408894805279,-0.16939161383605827,688700,20230103,0.0021717778720582,0.8333333333333334,2023,HIGH_ATTN_STRONG
-0.5088772375198847,1.283884201470651,-0.5088772375198847,300829,20230103,-0.0546193218846757,0.3333333333333333,2023,OTHER
0.07119373988459454,0.809968384153795,-0.12455726092089725,600750,20230103,0.4251141319864806,1.0,2023,TRUE_IGNORED
-0.232074304932946,0.4628769135309347,-0.287151480310434,600363,20230103,0.5064493976974698,0.3333333333333333,2023,TRUE_IGNORED
0.027690313327997984,0.5648498425984632,-0.18520309477756292,603200,20230103,0.2673772463240236,0.5,2023,TRUE_IGNORED
-0.10377500505489445,0.41749543022315355,-0.36489399928135113,002993,20230103,-0.0339492565726009,0.6666666666666666,2023,TRUE_IGNORED
0.1731894667567233,0.4739900404114817,-0.19884393063583805,603566,20230103,-0.15961774746346,0.0,2023,TRUE_IGNORED
-0.25946586234718594,1.190132817288232,-0.3577642019465881,601156,20230103,-0.12541337726228,0.6666666666666666,2023,OTHER
0.06672329168965474,0.4013174316250594,-0.2919438285291944,002056,20230103,-0.0387767731094428,0.6666666666666666,2023,TRUE_IGNORED
-0.20170260485269775,1.6856689914140877,-0.36610524061062655,002950,20230103,-0.15829630894332,0.6666666666666666,2023,OTHER
-0.21788212261038664,0.45769245638787676,-0.22340945743292806,300425,20230103,0.1933504767627063,0.5,2023,TRUE_IGNORED
-0.3656237349083722,0.3734757945805477,-0.3656237349083722,002957,20230103,0.3226152752711964,0.6666666666666666,2023,TRUE_IGNORED
-0.46381758961141184,0.19695720749458412,-0.46381758961141184,603048,20230103,0.0777691519214167,0.0,2023,TRUE_IGNORED
-0.47394033016037884,0.6401133851730396,-0.47394033016037884,603583,20230103,-0.1491841491841492,0.3333333333333333,2023,TRUE_IGNORED
-0.09775491004679704,1.0283379310465104,-0.37413725745539783,300712,20230103,-0.2348153564863873,0.6666666666666666,2023,OTHER
-0.13774104683195587,0.38549535402930973,-0.25298329355608595,600108,20230103,-0.0287539936102236,0.8333333333333334,2023,TRUE_IGNORED
-0.5541016352385029,0.30320916116415264,-0.5541016352385029,002326,20230103,-0.2961093058178502,0.8333333333333334,2023,TRUE_IGNORED
-0.3899320351174639,0.20283338881561028,-0.4092818867863892,300891,20230103,-0.0625160863199407,0.1666666666666666,2023,TRUE_IGNORED
-0.05380510298677876,0.5085309900655743,-0.1788446653139698,600037,20230103,0.0201098175458449,0.5,2023,TRUE_IGNORED
0.10486864963899567,0.45204841940591245,-0.30388529139685483,300547,20230103,0.1220889806042,0.5,2023,TRUE_IGNORED
-0.24473245689243406,0.13479425488885385,-0.4608228928370989,001227,20230103,-0.2368421052631579,0.5,2023,TRUE_IGNORED
-0.5002862049227246,0.35444948085416755,-0.5002862049227246,300752,20230103,-0.0423825887743414,0.6666666666666666,2023,TRUE_IGNORED
-0.5113505448442701,0.28043497693972996,-0.5113505448442701,603026,20230103,-0.354465150157936,0.6666666666666666,2023,TRUE_IGNORED
-0.15170836977850555,0.49772393000694415,-0.2177802217926208,001216,20230103,-0.0915923076486784,0.6666666666666666,2023,TRUE_IGNORED
-0.34427657617291807,1.1771354219516543,-0.42352791713215154,603055,20230103,0.0521883564628578,0.6666666666666666,2023,OTHER
-0.16844934510006904,0.6413570184164298,-0.27683445419794517,002030,20230103,-0.2656471990777629,0.6666666666666666,2023,TRUE_IGNORED
-0.2894296999371174,0.6930056087558721,-0.32827893821188037,600585,20230103,-0.0829637131369215,0.1666666666666666,2023,TRUE_IGNORED
0.2816878023176437,0.5154772527073314,-0.36514161220043573,600348,20230103,-0.1053969949849351,0.3333333333333333,2023,TRUE_IGNORED
-0.2542128976284359,0.5443153548106076,-0.25911294429316367,000783,20230103,0.0971962616822428,0.5,2023,TRUE_IGNORED
-0.16879460549519387,0.6724902181054766,-0.28825212282740476,603565,20230103,0.0854664041441528,0.8333333333333334,2023,TRUE_IGNORED
-0.31656804733727806,0.2896479598287294,-0.33601609657947684,000792,20230103,-0.1666666666666667,0.8333333333333334,2023,TRUE_IGNORED
0.09013943471784636,0.8102091956176124,-0.5058978406278852,000788,20230103,-0.1040843214756258,0.1666666666666666,2023,TRUE_IGNORED
-0.07786435204243125,0.31094402963062545,-0.28901192695470124,000830,20230103,-0.1359613837489943,0.8333333333333334,2023,TRUE_IGNORED
-0.45483159366959236,0.2062192650894609,-0.5349201030549287,002026,20230103,-0.0354097087413666,0.5,2023,TRUE_IGNORED
-0.3974719101123596,0.35141233615393613,-0.3974719101123596,300543,20230103,0.1518989307852853,0.0,2023,TRUE_IGNORED
-0.24513812145590708,0.43007869041249297,-0.2837465564738293,600621,20230103,0.0441504616367789,0.1666666666666666,2023,TRUE_IGNORED
-0.09033978663854292,0.5014413611818991,-0.22239228407181943,603393,20230103,0.2407326357745389,0.6666666666666666,2023,TRUE_IGNORED
-0.3325899941708885,0.7760288643313029,-0.3325899941708885,600885,20230103,-0.0208198339131679,0.8333333333333334,2023,TRUE_IGNORED
-0.36725208666217757,0.4373562379356152,-0.36725208666217757,300950,20230103,0.2067594849419762,0.3333333333333333,2023,TRUE_IGNORED
-0.16787342936121563,0.4184511378135395,-0.18071488878465358,600308,20230103,0.0273330122893293,0.5,2023,TRUE_IGNORED
-0.23543191309376554,0.16580675314330914,-0.3339810574400366,600854,20230103,0.216282108591733,1.0,2023,TRUE_IGNORED
0.16150240712091235,0.8126353035218848,-0.16774611398963724,300101,20230103,-0.2392996108949417,0.8333333333333334,2023,TRUE_IGNORED
-0.11148808381697206,0.5503160666875148,-0.2071263035921206,300873,20230103,-0.2472652290022693,0.5,2023,TRUE_IGNORED
-0.37816764132553604,0.18202158770547552,-0.3865384615384616,600691,20230103,-0.0156739811912225,0.6666666666666666,2023,TRUE_IGNORED
0.09183697655051182,0.2511354303187938,-0.3352475247524752,605399,20230103,-0.2918001811775021,0.8333333333333334,2023,TRUE_IGNORED
-0.3469578920602079,0.19003383132078971,-0.4094434603706196,301083,20230103,0.992809185526862,0.0,2023,TRUE_IGNORED
-0.4402027661305463,0.3850456501719597,-0.5389175257731958,688667,20230103,-0.168591705696848,0.1666666666666666,2023,TRUE_IGNORED
-0.2912151041571692,0.6355101886033269,-0.6622762175601299,688767,20230103,-0.3565946288222381,0.3333333333333333,2023,TRUE_IGNORED
-0.12947023842148508,0.6414054876559545,-0.13107638189303217,600909,20230103,0.0439510083532803,0.3333333333333333,2023,TRUE_IGNORED
-0.4402685940682407,0.516487557011492,-0.4402685940682407,300223,20230103,0.2276362031448622,0.8333333333333334,2023,TRUE_IGNORED
-0.0760906821496723,0.4564148503948724,-0.17738095238095242,600598,20230103,0.007577250502232,0.5,2023,TRUE_IGNORED
-0.17903123785443698,1.2654341932682154,-0.45859213250517594,002962,20230103,0.4417704420705135,0.25,2023,OTHER
-0.23075630462697216,0.7260828127410182,-0.24625743702743608,002958,20230103,-0.0517241379310344,0.5,2023,TRUE_IGNORED
-0.175022578557674,0.9197107822606707,-0.2224417353025615,002049,20230103,-0.3033599046412873,1.0,2023,TRUE_IGNORED
-0.3366171164896934,0.36116629807663875,-0.3412618895620473,300127,20230103,0.1703415818530378,0.3333333333333333,2023,TRUE_IGNORED
-0.4538470662434446,0.40941187118744177,-0.4538470662434446,301122,20230103,-0.0959975789383151,0.0,2023,TRUE_IGNORED
-0.16709511568123392,0.8096382382097642,-0.17135549872122757,000931,20230103,-0.1049382716049384,0.8333333333333334,2023,TRUE_IGNORED
-0.49074824992605626,0.4001686519224536,-0.510969753778263,688182,20230103,0.9825598577435736,0.5,2023,TRUE_IGNORED
-0.31987438468114526,0.6335846704792623,-0.31987438468114526,600862,20230103,0.1271561315098088,1.0,2023,TRUE_IGNORED
-0.30081300813008127,0.4701500712714844,-0.30081300813008127,002239,20230103,0.0426356589147287,0.8333333333333334,2023,TRUE_IGNORED
-0.5337125096770631,0.5977753524451259,-0.5337125096770631,603087,20230103,0.1532233883058471,0.3333333333333333,2023,TRUE_IGNORED
-0.15844498992002143,0.26598162046997126,-0.4026197862805929,300879,20230103,0.0675129832660128,0.6666666666666666,2023,TRUE_IGNORED
-0.3221946856166228,0.9140479434984646,-0.5335835736521293,688317,20230103,-0.2548744648990866,0.5,2023,TRUE_IGNORED
-0.44333453583825044,0.875721807797619,-0.4779929101346049,301047,20230103,-0.133414617111896,0.3333333333333333,2023,TRUE_IGNORED
-0.24552160168598525,0.6110186790421253,-0.3773913043478261,600961,20230103,0.1452513966480446,0.5,2023,TRUE_IGNORED
-0.2528881610198148,0.7569985603854409,-0.28666170990522044,000538,20230103,-0.0044353792776389,0.6666666666666666,2023,TRUE_IGNORED
-0.018341064574015964,0.5253606562201396,-0.17415994321306105,002839,20230103,-0.0386084365963953,0.5,2023,TRUE_IGNORED
-0.02630802626747275,0.4278544170657405,-0.29478926902460345,600295,20230103,-0.0846942242321937,0.8333333333333334,2023,TRUE_IGNORED
-0.17514622734791319,0.6700514035051547,-0.27172244396684064,002714,20230103,-0.1127740303541315,0.5,2023,TRUE_IGNORED
-0.07633448525492781,0.5397357014748115,-0.1935025741168116,600085,20230103,0.2220999339643408,1.0,2023,TRUE_IGNORED
-0.24288093244463027,0.7578934679542041,-0.24288093244463027,002773,20230103,0.198778559211507,0.6666666666666666,2023,TRUE_IGNORED
-0.1256785119753273,1.0269063608954843,-0.5252587709760769,688606,20230103,-0.1902070442646359,0.3333333333333333,2023,OTHER
-0.018920533237196224,1.0376351798216754,-0.27106553722692817,002549,20230103,-0.2917431192660551,0.8333333333333334,2023,OTHER
-0.4750101920277179,0.40570206747239096,-0.4905316298286375,300618,20230103,-0.191090251807001,0.5,2023,TRUE_IGNORED
-0.28166543002545097,0.5893613366116579,-0.3067501292944035,001213,20230103,0.0300321912085381,0.8333333333333334,2023,TRUE_IGNORED
-0.5110915974616929,0.764297809356009,-0.5110915974616929,300726,20230103,0.0263441631437646,0.6666666666666666,2023,TRUE_IGNORED
-0.19695432182711203,0.3577444684680554,-0.270306258322237,002448,20230103,0.3242787771200093,0.5,2023,TRUE_IGNORED
-0.2427880137691043,0.3453395786142067,-0.25310559006211175,300802,20230103,0.231574877517803,0.5,2023,TRUE_IGNORED
-0.2173094533338742,0.8233661256248859,-0.2470669188569894,002038,20230103,0.1839873357220767,0.8333333333333334,2023,TRUE_IGNORED
-0.21239844304094813,0.49279308164964214,-0.2407407407407408,600468,20230103,0.2707317073170732,0.3333333333333333,2023,TRUE_IGNORED
-0.10578775957156039,0.267826805363245,-0.4376723248549712,301085,20230103,1.367822704162196,0.3333333333333333,2023,TRUE_IGNORED
-0.2950998809858981,0.4634726238267011,-0.2950998809858981,600483,20230103,0.087037037037037,0.5,2023,TRUE_IGNORED
-0.34058803694569884,0.30264155292072675,-0.44839665947679885,300191,20230103,0.1302910727591657,0.8333333333333334,2023,TRUE_IGNORED
-0.15998316300353843,0.6676897518990689,-0.18029651468055108,600643,20230103,-0.0791047590609761,0.3333333333333333,2023,TRUE_IGNORED
-0.298565122299416,0.2794025919603338,-0.298565122299416,003035,20230103,0.2208695652173913,0.5,2023,TRUE_IGNORED
-0.19733058563896222,0.7888408447778915,-0.2911795961742826,002015,20230103,0.0352738474267362,0.1666666666666666,2023,TRUE_IGNORED
-0.3733759472193202,0.63946001438942,-0.3831428520616771,601236,20230103,0.0266426351736499,0.3333333333333333,2023,TRUE_IGNORED
0.06207931999331673,0.5468020244384332,-0.20774251631780327,300487,20230103,0.3102146392511866,0.6666666666666666,2023,TRUE_IGNORED
0.04285890958320571,0.5941032298936216,-0.21904024767801855,002003,20230103,-0.0395773543297628,0.8333333333333334,2023,TRUE_IGNORED
-0.4137931034482759,0.32459750700096224,-0.4239791485664639,300162,20230103,0.0633484162895927,0.5,2023,TRUE_IGNORED
0.4545107746122652,0.9045371705161102,-0.19167891256429093,301035,20230103,-0.0816345876825723,0.8333333333333334,2023,TRUE_IGNORED
-0.34521158129175944,0.3998770263246652,-0.4391096979332273,603315,20230103,-0.3174603174603175,0.5,2023,TRUE_IGNORED
0.41807803358459905,0.5472397615078645,-0.2264880952380952,001205,20230103,-0.1325961936214945,0.5,2023,TRUE_IGNORED
-0.18077292165781367,0.9586960029100449,-0.2912412681354112,688161,20230103,-0.1710547610536636,0.1666666666666666,2023,TRUE_IGNORED
-0.3426474648245098,0.9464760833386319,-0.3904119296106425,603836,20230103,-0.0493218249075215,0.5,2023,TRUE_IGNORED
-0.24465104048229236,0.48398994503052484,-0.42361064012187233,300651,20230103,0.2223323644003252,0.5,2023,TRUE_IGNORED
-0.33788157097443783,0.4939748661095096,-0.3681865753542486,002286,20230103,0.046560897264736,0.8333333333333334,2023,TRUE_IGNORED
-0.06901469768321022,0.32331556116792926,-0.2401894451962111,605169,20230103,-0.05782906472748,0.6666666666666666,2023,TRUE_IGNORED
-0.3652176088247313,0.6013236618422324,-0.41025284603649026,000910,20230103,-0.0696608065150715,0.3333333333333333,2023,TRUE_IGNORED
-0.46609028624504667,0.5469590630253951,-0.49082066443987216,688626,20230103,0.4450480415885633,0.6666666666666666,2023,TRUE_IGNORED
-0.4753984052577819,0.4298876994001386,-0.6387978633302674,301130,20230103,-0.0608964014483953,0.5,2023,TRUE_IGNORED
-0.12464969517191082,0.9718154642905472,-0.36498813687437404,603214,20230103,-0.1037578472568657,0.6666666666666666,2023,TRUE_IGNORED
-0.21319018404907975,0.2990044224754166,-0.3058186738836265,300032,20230103,0.2183235867446393,0.0,2023,TRUE_IGNORED
-0.07824683163906065,0.508596583246526,-0.25286854147739835,002649,20230103,0.3314082612473661,0.5,2023,TRUE_IGNORED
-0.06487310218037534,0.3442711950080734,-0.19501133786848068,600863,20230103,0.1690140845070422,0.8333333333333334,2023,TRUE_IGNORED
-0.1906616728729712,1.0107783329010684,-0.20756200917028744,000513,20230103,0.1951219512195121,0.8333333333333334,2023,OTHER
-0.11057696445069509,0.37885115974435263,-0.40255319148936164,002881,20230103,0.18598909425026,0.6666666666666666,2023,TRUE_IGNORED
-0.27086082393010913,0.4492518972697093,-0.2924433435417779,300394,20230103,3.027989046046889,0.6666666666666666,2023,TRUE_IGNORED
0.22454825580617577,0.8764567795045259,-0.0791814946619217,000729,20230103,0.195169082125604,1.0,2023,TRUE_IGNORED
0.5151262353397508,1.174262986996647,-0.22838798440724606,300990,20230103,-0.0978470904278332,0.3333333333333333,2023,OTHER
-0.22756005056890005,0.610668018991544,-0.2314465408805031,002167,20230103,0.2307692307692306,0.8333333333333334,2023,TRUE_IGNORED
-0.5820703453568852,1.3295556551772296,-0.5910702489449444,688739,20230103,0.0927417732186819,0.3333333333333333,2023,OTHER
-0.055546418522165686,0.7068766027490739,-0.572600128160001,688075,20230103,-0.2425874204255532,1.0,2023,TRUE_IGNORED
-0.33552487090127725,0.6463152797923551,-0.34197150608657,300285,20230103,-0.0072228137245584,0.5,2023,TRUE_IGNORED
-0.14691722751765934,0.4258934871436144,-0.3311148086522463,002842,20230103,0.0621890547263681,0.3333333333333333,2023,TRUE_IGNORED
0.012963313125707865,0.8879766348640652,-0.04948805460750849,601298,20230103,0.2333931777378814,0.6666666666666666,2023,TRUE_IGNORED
-0.09138553633197144,0.4938326930288138,-0.1624775576050328,000156,20230103,0.1407894736842105,0.6666666666666666,2023,TRUE_IGNORED
0.023874726433970705,1.2609785518240104,-0.12109375,003000,20230103,0.1301343433612725,0.6666666666666666,2023,OTHER
-0.5511739369025193,0.16270125343446826,-0.560700041098874,300985,20230103,0.3003731343283582,0.3333333333333333,2023,TRUE_IGNORED
-0.4495699765441751,0.37556412365587605,-0.5558359621451103,603717,20230103,-0.0241477272727272,0.3333333333333333,2023,TRUE_IGNORED
-0.16225416722921715,0.18746546434462674,-0.48001982793537623,603215,20230103,0.2639299961582619,0.1666666666666666,2023,TRUE_IGNORED
-0.2708884722300646,0.7243917523783701,-0.2708884722300646,688139,20230103,-0.1822124938967433,0.3333333333333333,2023,TRUE_IGNORED
-0.5283653663150192,0.7623768329355557,-0.7285253540669003,688298,20230103,-0.373145918895131,0.0,2023,TRUE_IGNORED
-0.18796038293188888,0.6146226664028799,-0.3110484933085289,605369,20230103,-0.423031055660882,0.5,2023,TRUE_IGNORED
-0.06714506747152493,1.230688752045016,-0.18361328140195288,603198,20230103,0.0747658250300344,0.8333333333333334,2023,OTHER
-0.19906600879621483,0.3522318458725653,-0.3647224302043922,603297,20230103,-0.0730063227882976,0.8333333333333334,2023,TRUE_IGNORED
-0.11301140011703426,0.7239297781253883,-0.13839209800525165,002035,20230103,0.263709238933588,0.8333333333333334,2023,TRUE_IGNORED
-0.24641808965423972,0.31790650196905823,-0.3583333333333334,605555,20230103,0.2629140984727773,0.3333333333333333,2023,TRUE_IGNORED
-0.2600472813238772,0.7420032155050116,-0.26525821596244126,600117,20230103,0.0031948881789138,0.3333333333333333,2023,TRUE_IGNORED
-0.1836577222987783,0.3515934502693172,-0.3120341288727607,600618,20230103,-0.0887096774193548,0.6666666666666666,2023,TRUE_IGNORED
-0.35732502475617944,0.29248963673547446,-0.37167044831072904,605005,20230103,0.0412886130565703,0.1666666666666666,2023,TRUE_IGNORED
-0.21639758047979407,0.47433743320769955,-0.24225646032396086,002440,20230103,-0.0478938252532737,0.3333333333333333,2023,TRUE_IGNORED
0.13150109354443074,1.2071527690605992,-0.4384377232674447,003023,20230103,-0.1105666804764353,0.6666666666666666,2023,OTHER
-0.11278019202136158,0.40973646840075584,-0.19480519480519487,000935,20230103,-0.1992409867172675,0.3333333333333333,2023,TRUE_IGNORED
-0.43165137614678895,0.2929124278647523,-0.43165137614678895,688220,20230103,0.2290556900726392,0.6666666666666666,2023,TRUE_IGNORED
-0.1883471010253821,0.31312334776938394,-0.2882382635032813,300828,20230103,0.187574803474366,0.6666666666666666,2023,TRUE_IGNORED
0.16725663716814143,0.39411835737126305,-0.3021164021164021,002664,20230504,0.3809142691944096,0.3333333333333333,2023,TRUE_IGNORED
-0.2899353647276086,0.46743377649253554,-0.6432474226804124,688667,20230504,0.2847668516938733,0.1666666666666666,2023,TRUE_IGNORED
0.18908304421440314,0.4550131185511174,-0.2322538436375532,001219,20230504,0.082969877420711,0.5,2023,TRUE_IGNORED
1.3563218390804597,0.1432104677590421,-0.5969327565867086,000957,20230504,0.0039024390243902,0.6666666666666666,2023,HIGH_ATTN_DROP
0.8612018868207312,1.4701145107189906,-0.15718963977374223,300781,20230504,-0.2342709183553767,0.1666666666666666,2023,OTHER
0.8300271325189812,0.8616300645827144,-0.12520593080724884,300705,20230504,0.0069650388318931,0.5,2023,OTHER
0.1711969354238736,0.5839266165552037,-0.18225419664268583,000655,20230504,0.0639798338421571,0.1666666666666666,2023,TRUE_IGNORED
0.05434782608695654,1.8786177436474998,-0.23137876386687795,300078,20230504,-0.0577319587628865,1.0,2023,OTHER
-0.043759246689417886,1.2997087748517402,-0.2985842985842986,301029,20230504,-0.3576149057168484,0.5,2023,OTHER
0.11991290291280143,0.8510995362162195,-0.21713786068201701,300614,20230504,-0.1520404365657369,0.3333333333333333,2023,TRUE_IGNORED
0.4510314627044292,0.6061096910698822,-0.5116347569955817,002907,20230504,0.0136785438597628,0.5,2023,TRUE_IGNORED
-0.16094445694142456,0.3610993359421189,-0.43247383201429657,002895,20230504,-0.1259974978872194,0.5,2023,TRUE_IGNORED
0.00952828346506962,0.6324753633258088,-0.20019821605550048,600742,20230504,0.1825710774788784,0.3333333333333333,2023,TRUE_IGNORED
0.03911564625850339,0.5025969057430721,-0.20338983050847448,000931,20230504,0.0114566284779049,0.8333333333333334,2023,TRUE_IGNORED
0.004322150781514544,0.3603353584704085,-0.17605004468275254,603759,20230504,-0.0748373101952276,0.6666666666666666,2023,TRUE_IGNORED
0.022848209740612857,0.4260899372046984,-0.45965417867435165,300643,20230504,0.1529047489717878,0.3333333333333333,2023,TRUE_IGNORED
0.3088687235906271,0.8666943229654948,-0.4264724040004939,688125,20230504,-0.2300303417075442,0.3333333333333333,2023,TRUE_IGNORED
0.5422508772251919,0.4735341400904872,-0.44214285714285717,600613,20230504,0.0508385330726453,0.8333333333333334,2023,OTHER
0.29820407773832747,1.296268967988969,-0.2315028901734104,603566,20230504,-0.2164647504751025,0.1666666666666666,2023,OTHER
0.08882545391587238,2.1650304834628065,-0.21130952380952372,600556,20230504,-0.2404256923257586,0.5,2023,OTHER
-0.22902662683160913,0.8183315789535374,-0.4916613213598461,603681,20230504,-0.0941386307146426,0.5,2023,TRUE_IGNORED
-0.3214737862043433,0.1785740563804869,-0.6238604684393643,301259,20230504,0.018436339156328,0.3333333333333333,2023,TRUE_IGNORED
0.38875660064314244,0.6977223658814184,-0.45452248610409307,002317,20230504,-0.1360358170051604,0.8333333333333334,2023,TRUE_IGNORED
0.16493327554940107,1.2041003512443822,-0.2628571428571429,300814,20230504,0.715771743412412,0.1666666666666666,2023,OTHER
-0.05898515641954427,0.9731983353148033,-0.31287297527706737,002705,20230504,0.0827865136316574,0.3333333333333333,2023,TRUE_IGNORED
-0.3001431105643988,0.7601152045483398,-0.4519519519519519,300529,20230504,-0.1862619087430954,0.3333333333333333,2023,TRUE_IGNORED
0.42338048796671,0.6402811843275158,-0.2885482416591524,002952,20230504,0.0229583040185024,0.3333333333333333,2023,TRUE_IGNORED
-0.39095449671705185,0.47720356208258574,-0.4820747520976354,300942,20230504,-0.0781688936873238,0.1666666666666666,2023,TRUE_IGNORED
0.10397847418037243,0.2696962261297073,-0.2751423149905122,605188,20230504,0.2826652593671257,0.6666666666666666,2023,TRUE_IGNORED
0.08398952406257965,0.3685826820661047,-0.19235668789808913,600444,20230504,0.1113705806485088,0.5,2023,TRUE_IGNORED
0.08444695644501787,1.1748466731048386,-0.06266318537859006,000750,20230504,0.0031270582612195,0.5,2023,OTHER
0.10970447554771168,0.5790839788727881,-0.17558299039780512,002695,20230504,-0.072416625855014,0.3333333333333333,2023,TRUE_IGNORED
0.312193649539555,0.6368953582576236,-0.3100260416666668,603786,20230504,0.3341805611320096,0.5,2023,TRUE_IGNORED
0.2838696106651186,0.8154156813139678,-0.14448364336112896,300860,20230504,-0.0802249297094658,0.5,2023,TRUE_IGNORED
-0.017937879596536033,0.35788845036249733,-0.3905579399141631,603217,20230504,-0.1865350013697665,0.6666666666666666,2023,TRUE_IGNORED
0.6585365853658536,1.7684986325367325,-0.20560747663551404,603496,20230504,1.4058554003133246,0.6666666666666666,2023,OTHER
0.8018905776565173,0.6305207559639058,-0.3994232155731795,002576,20230504,0.0597019803271057,0.3333333333333333,2023,OTHER
-0.30570315178087826,0.5298106871455927,-0.3209889456582401,600507,20230504,-0.0294117647058824,0.3333333333333333,2023,TRUE_IGNORED
0.06552775623447737,2.9519770530946445,-0.3484602917341977,688608,20230504,0.0451907131011608,0.5,2023,OTHER
-0.035102381947346495,0.6431068701831791,-0.3311123986095018,300873,20230504,-0.0521910746497431,0.3333333333333333,2023,TRUE_IGNORED
0.03428978963538265,0.772951087940351,-0.29378099961846615,000935,20230504,-0.1685575364667747,0.3333333333333333,2023,TRUE_IGNORED
0.10406878524854046,0.6042464929448012,-0.1653731343283582,002039,20230504,0.0409200833319598,1.0,2023,TRUE_IGNORED
-0.18788665455822384,0.6093647668664501,-0.2719105028528491,002216,20230504,-0.1049721011357246,0.3333333333333333,2023,TRUE_IGNORED
0.07929831020524403,0.2213563381532501,-0.3735952586547221,000601,20230504,-0.0657894736842105,0.6666666666666666,2023,TRUE_IGNORED
0.06186376790201642,0.7236286593906281,-0.11727073121523535,600305,20230504,-0.1329833770778652,0.5,2023,TRUE_IGNORED
-0.46099290780141855,0.36097911460580306,-0.6262295081967213,600172,20230504,-0.2324561403508771,0.75,2023,TRUE_IGNORED
-0.015780305551828744,0.7512820025657589,-0.20542635658914732,300055,20230504,-0.1585365853658537,0.5,2023,TRUE_IGNORED
-0.015385892103847665,0.7801743766699619,-0.24419778002018167,600480,20230504,0.1437811654977911,0.6666666666666666,2023,TRUE_IGNORED
0.01388888888888884,0.93601383725704,-0.2692692692692693,000915,20230504,-0.0789004906970526,0.5,2023,TRUE_IGNORED
0.28632703980017005,2.69468367109536,-0.25693069306930694,002232,20230504,0.2342169822239996,0.1666666666666666,2023,OTHER
-0.019867549668874163,0.3452336496868065,-0.215547703180212,002570,20230504,-0.0495495495495497,0.6666666666666666,2023,TRUE_IGNORED
-0.059504386241299057,0.6834649120916069,-0.6170523751522534,688778,20230504,-0.0522532418600932,0.3333333333333333,2023,TRUE_IGNORED
-0.15247288934782888,0.7951849274716823,-0.461435577351761,002549,20230504,-0.0811258278145695,0.5,2023,TRUE_IGNORED
-0.29927728541223086,0.38000745315077,-0.3703939271340556,600714,20230504,0.0535917901938425,0.5,2023,TRUE_IGNORED
0.18023825296998708,1.8417245386539163,-0.2070015220700152,300921,20230504,0.3247670440005803,0.6666666666666666,2023,OTHER
0.4262574595055415,0.38657390605278286,-0.304943913585376,603777,20230504,-0.1905653926057315,0.8333333333333334,2023,TRUE_IGNORED
-0.38560218487451003,0.5821599009050938,-0.42820043338987723,301201,20230504,0.0114717441264378,0.8333333333333334,2023,TRUE_IGNORED
-0.08485678500334237,0.13810585443436071,-0.5302688405667144,001319,20230504,0.5054583941946491,0.5,2023,TRUE_IGNORED
-0.003483551886075187,0.4684433815476756,-0.16826923076923073,601828,20230504,-0.1716099958895992,0.5,2023,TRUE_IGNORED
0.08799806557450762,0.509015952731344,-0.21852731591448937,600979,20230504,0.0661578315031714,0.5,2023,TRUE_IGNORED
-0.07860767556769899,0.30925626706786613,-0.542948461845785,300610,20230504,0.0164312972164073,0.5,2023,TRUE_IGNORED
0.1431159420289856,0.3608362869710508,-0.23422330097087385,002696,20230504,-0.0015847860538826,0.6666666666666666,2023,TRUE_IGNORED
0.719876594381883,0.9751376531202306,-0.4196389255834435,601702,20230504,0.2496282510274656,0.3333333333333333,2023,OTHER
0.9361915398288532,0.7863282773163115,-0.11792177466433162,603676,20230504,-0.2603534421877154,0.6666666666666666,2023,OTHER
0.15203202235607982,1.1803278327899718,-0.3839786041772797,688261,20230504,-0.3945228558351018,0.6666666666666666,2023,OTHER
0.41389728096676737,0.4028669160115132,-0.3667117726657646,603085,20230504,0.1773504273504274,0.3333333333333333,2023,TRUE_IGNORED
-0.4050817794356948,0.8399589175883508,-0.49320109500516085,300957,20230504,-0.3118379434120398,0.8333333333333334,2023,TRUE_IGNORED
0.23295699391267033,0.26553124427163116,-0.5229816623005479,003023,20230504,0.0150647312239449,0.6666666666666666,2023,TRUE_IGNORED
0.44726052628623414,1.8636410622071768,-0.28104575163398693,603232,20230504,-0.086013986013986,0.1666666666666666,2023,OTHER
0.9924191750278706,1.0029976837916477,-0.2311795577733804,688337,20230504,-0.277833661424958,0.8333333333333334,2023,OTHER
-0.13100417394664254,1.306335907713661,-0.2474703671581382,605338,20230504,-0.0954161227415415,0.6666666666666666,2023,OTHER
-0.12160122904205184,1.825529595672327,-0.3432405474106983,688519,20230504,0.2189958342313063,0.1666666666666666,2023,OTHER
-0.27000752936679573,0.7271146825970051,-0.4192982773570102,000799,20230504,-0.2740033231647998,0.8333333333333334,2023,TRUE_IGNORED
0.05955218024464082,0.45290332227046937,-0.3986710963455149,300587,20230504,-0.3869468486519121,0.3333333333333333,2023,TRUE_IGNORED
-0.12976594948588505,0.48955063845310415,-0.3873456790123456,605555,20230504,0.5438956670406174,0.3333333333333333,2023,TRUE_IGNORED
0.09215746930045543,0.3747412313659584,-0.282798833819242,002442,20230504,0.1260162601626016,0.1666666666666666,2023,TRUE_IGNORED
-0.10240678507877421,0.5005282125569274,-0.331791907514451,002136,20230504,-0.0155554338361648,0.5,2023,TRUE_IGNORED
0.20325904409049955,0.8493682165460338,-0.12834144163878858,601066,20230504,-0.0513073140034106,0.5,2023,TRUE_IGNORED
-0.40160315508256195,0.77500628420453,-0.6382930937675464,688733,20230504,-0.2496965323088344,0.3333333333333333,2023,TRUE_IGNORED
0.2975047984644914,1.6763902262781138,-0.07142857142857151,000676,20230504,0.25,0.3333333333333333,2023,OTHER
0.34159260806745584,0.8189535018401002,-0.25752130127200423,000657,20230504,-0.0501477145854826,0.6666666666666666,2023,TRUE_IGNORED
0.23541126773875676,0.9492067611121333,-0.11830742659758209,603017,20230504,0.0021974180413166,0.6666666666666666,2023,TRUE_IGNORED
0.1385491001631629,0.29355447867927453,-0.584709480122324,300337,20230504,0.2842415316642119,0.8333333333333334,2023,TRUE_IGNORED
0.027143919666725358,0.6633132950511827,-0.5598326359832636,300481,20230504,-0.1473186534969213,0.6666666666666666,2023,TRUE_IGNORED
-0.26366143264497843,0.6330309294961177,-0.3492857142857143,688575,20230504,0.2876421485103619,1.0,2023,TRUE_IGNORED
-0.09255843915707984,1.2593344755604223,-0.4889782157676349,603666,20230504,-0.2291296625222024,0.1666666666666666,2023,OTHER
-0.037737640456881105,0.30359526547479065,-0.30170777988614805,300992,20230504,0.1204579072159059,0.5,2023,TRUE_IGNORED
-0.08580106302201984,0.3818006070017427,-0.3213077790304397,300483,20230504,0.010797342192691,0.5,2023,TRUE_IGNORED
0.0877513734893638,0.3167030223215884,-0.29637618636755836,000985,20230504,0.0050584769766668,0.5,2023,TRUE_IGNORED
0.08673469387755106,0.37611797568974664,-0.2406417112299465,001216,20230504,0.0140336211389082,0.3333333333333333,2023,TRUE_IGNORED
0.2645804797220339,0.8245627463591177,-0.3052631578947368,002979,20230504,-0.136121349439926,0.3333333333333333,2023,TRUE_IGNORED
-0.22715404699738906,0.236699960918476,-0.32574031890660593,600448,20230504,0.0878378378378379,0.6666666666666666,2023,TRUE_IGNORED
0.015661138134187347,1.0094136520234922,-0.16096579476861173,002807,20230504,-0.0835633391129959,0.5,2023,OTHER
-0.005160360951013354,0.630266919066552,-0.501352782025644,688533,20230504,0.0422621673812191,0.3333333333333333,2023,TRUE_IGNORED
-0.2923177184019059,0.8949835213235318,-0.523321472471286,605111,20230504,-0.1271626297577853,0.6666666666666666,2023,TRUE_IGNORED
0.42486462788919965,1.1028604183272783,-0.2889650872817955,300101,20230504,-0.0653222270933802,0.3333333333333333,2023,OTHER
-0.16727801229402028,0.6442130077513324,-0.20724346076458744,002075,20230504,0.0253488929137166,0.1666666666666666,2023,TRUE_IGNORED
-0.12874435867839729,2.659756628690916,-0.3452870860278269,300571,20230504,0.0996707572583059,0.0,2023,OTHER
-0.08628394147849638,0.4314273924178048,-0.3766413268832066,300095,20230504,-0.0794268186493285,0.3333333333333333,2023,TRUE_IGNORED
0.09379714815308815,0.8187319950334019,-0.26439502832501904,300841,20230504,-0.1889824566468092,0.75,2023,TRUE_IGNORED
0.08261998455255926,0.6979586470556728,-0.174468085106383,002743,20230504,-0.0016133047277255,0.6666666666666666,2023,TRUE_IGNORED
-0.5137322370145068,0.2768075165035443,-0.619662519370644,603229,20230504,-0.1005845149506413,0.6666666666666666,2023,TRUE_IGNORED
0.20556123382007585,1.0570129971199183,-0.25641704154538236,300909,20230504,0.0338078291814945,0.6666666666666666,2023,OTHER
-0.31060891776922916,1.1668849174623608,-0.40729643990130426,603259,20230504,0.2795593952011326,0.8333333333333334,2023,OTHER
-0.016055011906861316,0.972782270372834,-0.18686868686868685,300945,20230504,0.0383031111848486,0.6666666666666666,2023,TRUE_IGNORED
-0.1244047619047618,0.4735964325762333,-0.4144108280254777,000155,20230504,-0.2087015635622027,0.5,2023,TRUE_IGNORED
0.34769624573378843,1.1283333100077688,-0.28171896316507505,000831,20230504,-0.0494062897480512,0.5,2023,OTHER
0.5249584026622298,2.366575799635136,-0.28649279875437916,688207,20230504,-0.2985856578111086,1.0,2023,OTHER
0.06578482526378648,1.521411601684473,-0.13828571428571435,300408,20230504,0.0220214436632995,0.1666666666666666,2023,OTHER
-0.1838933174795786,0.50466243473011,-0.485148514851485,605399,20230504,-0.2638130850187221,0.0,2023,TRUE_IGNORED
0.5268693214265137,0.6093259432741658,-0.3517241379310345,300217,20230504,0.0196993459971368,0.6666666666666666,2023,OTHER
-0.23342883636357936,0.31719310157205793,-0.2935855263157895,002041,20230504,-0.1216530849825378,0.6666666666666666,2023,TRUE_IGNORED
0.08025330329236313,0.34999404109123666,-0.5004255319148936,603067,20230504,-0.1082096815369926,0.3333333333333333,2023,TRUE_IGNORED
0.5309058704335043,0.9945378394982334,-0.09296198720361304,001215,20230504,-0.2029385789428776,0.3333333333333333,2023,OTHER
0.16398025260112892,0.32316362308911095,-0.393232621397141,601908,20230504,-0.2778649921507063,0.5,2023,TRUE_IGNORED
0.11520502236017638,1.2923514918544512,-0.2420382165605095,300319,20230504,0.304686753663616,0.1666666666666666,2023,OTHER
1.2157637959241892,2.972047172942196,-0.0898876404494382,688318,20230504,0.2492624767783984,0.1666666666666666,2023,HIGH_ATTN_STRONG
-0.15959868691472723,0.646671590610332,-0.4184648416532475,601799,20230504,0.3561575112544934,0.3333333333333333,2023,TRUE_IGNORED
0.2772493895061916,0.9858439565551094,-0.42780952380952375,688048,20230504,-0.1282386412274859,0.1666666666666666,2023,TRUE_IGNORED
-0.18925393500402665,0.4783324473123824,-0.36506666666666665,300966,20230504,0.1058378832423352,0.1666666666666666,2023,TRUE_IGNORED
-0.26915029922338074,0.7217855046400586,-0.4313619830257308,301177,20230504,-0.2328568307803838,0.5,2023,TRUE_IGNORED
-0.33068689997544154,0.33925759570774505,-0.4233675397161424,001317,20230504,-0.0324143254193733,0.1666666666666666,2023,TRUE_IGNORED
0.025548514399014177,0.35888003259828755,-0.2095772425607597,000517,20230504,-0.0147435207775076,0.5,2023,TRUE_IGNORED
0.5574884151327197,1.1294987470893525,-0.1941666666666667,603309,20230504,-0.2285421443330505,0.8333333333333334,2023,OTHER
1.8396226415094343,0.4305645330697434,-0.3462206776715899,002077,20230504,0.0950166112956809,0.1666666666666666,2023,HIGH_ATTN_DROP
-0.14425888894334504,0.4128428387847239,-0.4878419452887539,601001,20230504,0.2431225307635212,0.5,2023,TRUE_IGNORED
0.2383021782455994,0.5608948942955696,-0.5396567031666174,688560,20230504,-0.4078886687062419,0.3333333333333333,2023,TRUE_IGNORED
-0.35009228860877084,1.9253322981431027,-0.5435561221392582,603236,20230504,-0.0945464591318009,0.6666666666666666,2023,OTHER
0.24908992440865152,1.2200310679137358,-0.10504549214226644,300009,20230504,0.0060788597047867,0.8333333333333334,2023,OTHER
0.06787008190478394,2.4432590799688256,-0.10693779904306211,300413,20230504,-0.3209804152769617,0.3333333333333333,2023,OTHER
0.0022866392432063787,0.26637623681039746,-0.5375153751537516,002125,20230504,-0.0347552167983136,0.6666666666666666,2023,TRUE_IGNORED
0.2522553425732328,0.5916764552086358,-0.19082840236686394,002826,20230504,0.093360969710172,0.3333333333333333,2023,TRUE_IGNORED
0.4671679153154682,0.22894598807066358,-0.34069400630914826,603530,20230504,0.0067330980316788,0.1666666666666666,2023,TRUE_IGNORED
-0.03397384302380002,1.3477198642672483,-0.1838120104438642,000636,20230504,-0.0227246044320897,0.1666666666666666,2023,OTHER
0.04553249550715921,0.3034361582984655,-0.2551546391752577,605162,20230504,0.0695971527777221,0.3333333333333333,2023,TRUE_IGNORED
0.20604487555246265,1.8020308147560846,-0.05120910384068267,600831,20230504,-0.1890934458593606,0.3333333333333333,2023,OTHER
0.0005883842619560653,1.6122472250867876,-0.19775717058442954,002415,20230504,-0.0081471544681626,0.5,2023,OTHER
-0.05975391869231417,0.3037366289992014,-0.28771551724137934,300239,20230504,0.0153349156819224,0.8333333333333334,2023,TRUE_IGNORED
0.05043894846651531,0.2884287660113354,-0.44983534577387485,001266,20230504,0.1452586704753666,0.3333333333333333,2023,TRUE_IGNORED
-0.17672345949033408,0.9144888115882287,-0.18190722706080142,601838,20230504,-0.0509136881902622,0.5,2023,TRUE_IGNORED
0.14731029641575866,2.00223281391438,-0.28526645768025083,601231,20230504,0.0862094946618841,0.5,2023,OTHER
-0.19140919366993225,0.6738459265004946,-0.4580808080808082,600399,20230504,-0.1276794035414725,0.3333333333333333,2023,TRUE_IGNORED
0.20992764917309792,0.5763099952148489,-0.2348258706467662,002658,20230504,0.0970002177094826,0.8333333333333334,2023,TRUE_IGNORED
-0.00655703413264519,1.3654123486756857,-0.19040220956326603,603899,20230504,-0.1396944853198796,0.1666666666666666,2023,OTHER
-0.0878961682004551,0.9085945928606018,-0.11517367458866545,603323,20230504,-0.0794775508883202,0.5,2023,TRUE_IGNORED
0.22531547513197814,0.4080710830407742,-0.1046841731724627,603351,20230504,0.0719102260125987,0.3333333333333333,2023,TRUE_IGNORED
-0.16012556358248686,0.8550547458869983,-0.2873385626315975,300894,20230504,-0.325928757497364,0.5,2023,TRUE_IGNORED
-0.36552311623944855,0.7932165775302518,-0.6498418668262245,301071,20230504,-0.2589733427547827,0.3333333333333333,2023,TRUE_IGNORED
-0.3085847223310997,1.0378262930957693,-0.4337515652005538,603456,20230504,-0.0905677963059138,0.8333333333333334,2023,OTHER
0.047439202634301125,1.274413661027573,-0.2947238252267106,300151,20230504,0.0833802508868901,0.3333333333333333,2023,OTHER
0.10389272841239539,0.30828232897855395,-0.4172894122150962,603200,20230901,0.0598531902879728,0.6666666666666666,2023,TRUE_IGNORED
0.11467192357496203,0.9827527061582054,-0.17877661372085163,605060,20230901,-0.2983539094650206,1.0,2023,TRUE_IGNORED
-0.032342020476406885,1.1160779467003012,-0.2983234417081143,688777,20230901,-0.0567362058880872,0.5,2023,OTHER
-0.10870709569817194,0.5619310149363967,-0.37628932280164684,688200,20230901,-0.3437412293011507,0.1666666666666666,2023,TRUE_IGNORED
-0.021698586819938193,0.9463994892684512,-0.2831057818764523,600993,20230901,0.081772498857926,0.3333333333333333,2023,TRUE_IGNORED
-0.2773584905660377,1.8642989658240061,-0.4512893982808023,002928,20230901,-0.2676240208877284,0.3333333333333333,2023,OTHER
0.23330187297055094,0.5620785416863342,-0.17705310330401158,300354,20230901,0.1207278091959676,1.0,2023,TRUE_IGNORED
0.0771219047452909,0.5796950742940773,-0.2179799869657476,002421,20230901,-0.1038575667655785,0.8333333333333334,2023,TRUE_IGNORED
0.06862312002660986,2.40008779311994,-0.13296298577962673,002926,20230901,-0.0410798122065727,0.3333333333333333,2023,OTHER
-0.13976519254064346,0.6781297248479932,-0.3849435696000676,603529,20230901,0.1418135373783879,0.8333333333333334,2023,TRUE_IGNORED
-0.3799257229672506,0.7074918748171074,-0.4426713343336597,001205,20230901,-0.1968884120171674,0.6666666666666666,2023,TRUE_IGNORED
-0.17144055996704055,1.67740453814866,-0.33963812629373136,301188,20230901,0.2656967840735069,0.3333333333333333,2023,OTHER
-0.28612716763005785,0.7874539023711629,-0.37783375314861456,601155,20230901,-0.3016194331983806,0.3333333333333333,2023,TRUE_IGNORED
0.07276422545304384,2.295769335528885,-0.12846715328467162,000783,20230901,-0.0820770519262981,0.6666666666666666,2023,OTHER
0.0891364126518992,0.56082855961575,-0.25730856950377456,002820,20230901,-0.2287522603978299,0.5,2023,TRUE_IGNORED
-0.5273929171441617,1.126921728089766,-0.5273929171441617,301152,20230901,-0.1187965260545905,0.1666666666666666,2023,OTHER
0.6977822205157063,1.1312403213498161,-0.4132072886696808,301052,20230901,-0.0471632033621293,0.6666666666666666,2023,OTHER
-0.18677569969726127,0.5485918686320619,-0.2932693580702389,000731,20230901,-0.0873015873015872,0.5,2023,TRUE_IGNORED
-0.0378947368421052,0.3591876553751435,-0.15370370370370368,600698,20230901,-0.0503282275711161,0.6666666666666666,2023,TRUE_IGNORED
0.30247699736464484,0.7992167199550329,-0.1984756939294492,002991,20230901,-0.0100671140939596,0.8333333333333334,2023,TRUE_IGNORED
1.523114956262015,1.0750562844600624,-0.30211713975731513,300002,20230901,0.012037037037037,0.8333333333333334,2023,HIGH_ATTN_DROP
-0.2985402908907333,0.36244779698002394,-0.37204555201598133,600348,20230901,0.2551640340218712,0.5,2023,TRUE_IGNORED
-0.460774997641205,0.3374960119522827,-0.48961958447957565,688077,20230901,-0.3657278857596192,0.1666666666666666,2023,TRUE_IGNORED
-0.13170731707317085,0.2213037007732847,-0.3566265060240965,002520,20230901,-0.0205992509363295,0.5,2023,TRUE_IGNORED
0.012602157475987585,0.7419226753195084,-0.21048278141538546,603228,20230901,-0.026425591098748,0.6666666666666666,2023,TRUE_IGNORED
-0.23247735610021558,0.3541250650084839,-0.34472929670713104,002733,20230901,0.0407017543859649,0.5,2023,TRUE_IGNORED
1.0547281906181447,1.4198076032250944,-0.42245266005410276,002995,20230901,-0.3009367681498829,0.3333333333333333,2023,HIGH_ATTN_DROP
0.19033520237013968,0.7561875748476347,-0.25596816976127323,002332,20230901,-0.054367201426025,0.5,2023,TRUE_IGNORED
0.02023304351836286,1.64710056492459,-0.060449050086355705,601997,20230901,0.0073529411764705,0.5,2023,OTHER
0.1952961037774963,1.090645345127352,-0.14889969807226056,300487,20230901,-0.1734557595993322,1.0,2023,OTHER
-0.15907091088049374,0.5936256865121582,-0.33735797902414877,000915,20230901,-0.0179067613460944,0.5,2023,TRUE_IGNORED
-0.15449202350965574,0.4918261189848317,-0.20458135860979465,000993,20230901,-0.1330685203574976,0.3333333333333333,2023,TRUE_IGNORED
-0.10635769459298872,0.5479851108200811,-0.35588865096359745,002234,20230901,-0.3277925531914893,0.3333333333333333,2023,TRUE_IGNORED
0.09047237790232177,0.4667695932514926,-0.14500941619585694,300589,20230901,-0.1696035242290747,0.5,2023,TRUE_IGNORED
0.06225291375974362,0.4738495169685926,-0.23207032676159178,600880,20230901,-0.1486238532110091,0.5,2023,TRUE_IGNORED
0.026675786593707285,0.491869644054755,-0.27470403479101235,600771,20230901,-0.1192538307794802,0.6666666666666666,2023,TRUE_IGNORED
-0.38185735755145966,0.4924002553722646,-0.48262536897421204,688408,20230901,0.3114238658481807,0.8333333333333334,2023,TRUE_IGNORED
2.8222972972972973,1.273772006957101,-0.038088760414895506,300779,20230901,-0.3254375110482588,0.8333333333333334,2023,HIGH_ATTN_STRONG
-0.23312110440526035,0.3564792007618562,-0.3175850387102753,603213,20230901,-0.1869488536155202,0.0,2023,TRUE_IGNORED
0.2656128853064619,1.0561269698511675,-0.17843149902631728,301048,20230901,-0.2393661384487071,0.3333333333333333,2023,OTHER
0.005188991149015054,0.5606392331775997,-0.32846195469880446,300820,20230901,-0.2292033979804455,1.0,2023,TRUE_IGNORED
0.01217699632235858,0.5169484085525076,-0.3137302143477161,002864,20230901,-0.1125109874011134,0.6666666666666666,2023,TRUE_IGNORED
0.18977411457969962,0.5336953820701258,-0.2037018494721884,002033,20230901,-0.0978809283551968,1.0,2023,TRUE_IGNORED
-0.6277538216080638,0.22515894994388688,-0.6721485658982932,688560,20230901,-0.3387327298713672,0.6666666666666666,2023,TRUE_IGNORED
-0.3083195455571113,0.6678112308202476,-0.3635918283415398,603170,20230901,-0.2301020408163265,0.8333333333333334,2023,TRUE_IGNORED
-0.28908554572271383,0.42617863850406934,-0.3783319002579535,300709,20230901,0.2812355924389118,0.5,2023,TRUE_IGNORED
-0.061330174044990304,0.4589223341144398,-0.24361158432708696,001266,20230901,-0.0337837837837837,0.3333333333333333,2023,TRUE_IGNORED
0.030542997665060412,3.0508778160364622,-0.12274024738344436,002736,20230901,-0.0607375271149676,0.3333333333333333,2023,OTHER
0.008810605694956175,0.562164949376476,-0.14024390243902451,002012,20230901,-0.2659574468085106,0.6666666666666666,2023,TRUE_IGNORED
-0.01273885350318471,0.1793001276844806,-0.3246187363834423,002137,20230901,-0.1258064516129032,0.5,2023,TRUE_IGNORED
-0.1874669135937398,0.3970914348353118,-0.2125107415994122,301200,20230901,-0.0451420435306366,0.3333333333333333,2023,TRUE_IGNORED
0.006307878284052215,0.9648739427101449,-0.2886805018366366,600533,20230901,-0.2839879154078549,0.1666666666666666,2023,TRUE_IGNORED
-0.3791692613034474,0.3246847208078633,-0.41244578889758277,301069,20230901,-0.2821917808219178,0.5,2023,TRUE_IGNORED
-0.05245264691597873,0.3006648462262235,-0.262660619803477,000819,20230901,-0.2060481804202972,0.6666666666666666,2023,TRUE_IGNORED
-0.5432576346337679,0.3336779295942592,-0.5432576346337679,301060,20230901,-0.2776603241719522,0.5,2023,TRUE_IGNORED
-0.12440191387559796,1.1130867186269153,-0.19026548672566357,600653,20230901,-0.098360655737705,0.3333333333333333,2023,OTHER
0.04442845780854876,0.3524111852111799,-0.5955586122365533,300813,20230901,-0.3645714285714285,0.1666666666666666,2023,TRUE_IGNORED
0.06392694063926951,0.48269044328285127,-0.2808641975308642,002681,20230901,0.0085836909871244,0.5,2023,TRUE_IGNORED
0.30839229308301874,0.6719652788243542,-0.18793006204173712,688332,20230901,-0.0748715099319349,0.5,2023,TRUE_IGNORED
0.40944820576590657,0.5461389166453396,-0.31308995431833464,000617,20230901,-0.0823353293413174,0.5,2023,TRUE_IGNORED
-0.5937318294063377,0.3996333157433778,-0.6280131245630982,688800,20230901,-0.2914560770156439,0.6666666666666666,2023,TRUE_IGNORED
-0.248288162690937,0.4967378766280754,-0.29308905638250593,002008,20230901,-0.0935123042505593,0.3333333333333333,2023,TRUE_IGNORED
-0.00819672131147553,0.7536682512030254,-0.13776722090261284,600960,20230901,-0.0082644628099173,0.8333333333333334,2023,TRUE_IGNORED
-0.36871344093007596,0.6785292505652395,-0.40556097931709056,300373,20230901,0.1398992725237828,0.3333333333333333,2023,TRUE_IGNORED
-0.09398383717449865,0.2892229853721908,-0.3840048840048841,002901,20230901,-0.0082590023125206,0.5,2023,TRUE_IGNORED
0.08181818181818179,0.8887776748626086,-0.26543209876543206,300534,20230901,-0.1302521008403362,1.0,2023,TRUE_IGNORED
0.541716503352234,0.553642115509742,-0.3528226265872376,300882,20230901,-0.1343736454269614,0.8333333333333334,2023,OTHER
-0.10130029312784139,0.40272314101846407,-0.24078609613557223,301112,20230901,-0.2092796885139519,0.6666666666666666,2023,TRUE_IGNORED
0.427230046948357,0.2605554093309758,-0.5795297372060857,002875,20230901,0.3133223684210526,0.0,2023,TRUE_IGNORED
0.7381818181818183,0.2499240479166288,-0.5163575042158516,002150,20230901,0.0676429567642955,0.6666666666666666,2023,OTHER
0.21333333333333337,0.726877934353847,-0.09645390070921978,300591,20230901,-0.3249607535321821,0.1666666666666666,2023,TRUE_IGNORED
-0.11488697095136458,0.8260878937478016,-0.2455929567418652,600600,20230901,-0.1277934476025167,0.8333333333333334,2023,TRUE_IGNORED
0.012137559002022957,0.6174175919506532,-0.3751040799333888,688222,20230901,-0.1712191872085277,0.6666666666666666,2023,TRUE_IGNORED
0.003734095162891027,0.8186972090566721,-0.15720947526840012,603686,20230901,-0.0775681341719076,0.6666666666666666,2023,TRUE_IGNORED
-0.016150939245634377,0.6458725197639914,-0.2817143104004117,603776,20230901,-0.1683526011560694,0.1666666666666666,2023,TRUE_IGNORED
0.08444656488549618,0.5107078271718846,-0.3843111761200497,688368,20230901,-0.3163220413550375,0.0,2023,TRUE_IGNORED
-9.632700851247566e-05,0.4326189432396874,-0.4129075575478769,603658,20230901,0.4013992129427197,0.8333333333333334,2023,TRUE_IGNORED
0.29138321995464844,0.5816117278135045,-0.2589459986987638,300053,20230901,-0.028972783143108,0.3333333333333333,2023,TRUE_IGNORED
-0.18124990604440994,0.5887004061989575,-0.3569917191409382,688526,20230901,-0.1806930693069307,0.6666666666666666,2023,TRUE_IGNORED
-0.051816152441416685,0.9341497836458901,-0.12338677476784077,603071,20230901,-0.0786445012787723,0.5,2023,TRUE_IGNORED
-0.22645290581162325,0.77522615676027,-0.29519172245891667,002852,20230901,-0.2877442487831061,0.6666666666666666,2023,TRUE_IGNORED
-0.09623021673478949,0.5321732760071392,-0.25310530620457006,603237,20230901,-0.1450160771704181,0.5,2023,TRUE_IGNORED
-0.12411847672778564,0.37498899320271645,-0.18073878627968343,002571,20230901,-0.2737520128824476,0.5,2023,TRUE_IGNORED
-0.23491878289273072,0.4865226477322642,-0.24400660729786527,300829,20230901,-0.2487660414610069,0.3333333333333333,2023,TRUE_IGNORED
0.264242948105857,0.5266384711851582,-0.22968948878335893,002990,20230901,-0.1541666666666666,0.5,2023,TRUE_IGNORED
-0.26073345259391767,0.8922928229838532,-0.29328772979905937,300940,20230901,-0.0508166969147005,0.0,2023,TRUE_IGNORED
-0.3317702822108588,1.1229705436220592,-0.49466060526463407,688271,20230901,0.2773217744166745,0.5,2023,OTHER
0.1823065909375856,0.661980820811369,-0.27978826074708596,300768,20230901,-0.1999999999999999,0.8333333333333334,2023,TRUE_IGNORED
-0.2225265001388912,0.3419555181187696,-0.26943370852163495,001319,20230901,-0.101344860710855,0.5,2023,TRUE_IGNORED
-0.5550693388189758,0.64820764097669,-0.6029849484846246,301367,20230901,-0.174491392801252,0.3333333333333333,2023,TRUE_IGNORED
-0.06264501160092817,0.8191891822587347,-0.163561076604555,601515,20230901,-0.0495049504950494,0.0,2023,TRUE_IGNORED
0.04327101147969459,0.5670698151699273,-0.10935180182294624,000848,20230901,-0.0801393728222996,0.5,2023,TRUE_IGNORED
-0.11573236889692595,0.43805012904247254,-0.3702511268512556,603123,20230901,-0.1216768916155418,0.5,2023,TRUE_IGNORED
-0.2408523316786323,0.6404152824229693,-0.34029703523272026,002938,20230901,0.0126168224299065,0.6666666666666666,2023,TRUE_IGNORED
0.5786736020806242,1.1755723628820733,-0.29212827988338186,600822,20230901,-0.2158154859967052,0.5,2023,OTHER
-0.18386477364037157,0.6252760975454079,-0.28264451318616524,301212,20230901,-0.3789137380191694,0.8333333333333334,2023,TRUE_IGNORED
2.0406420765027327,0.9408157737742867,-0.4514817324872158,300624,20230901,0.1807255981129956,0.8333333333333334,2023,HIGH_ATTN_DROP
-0.24591835375983395,0.594369133956823,-0.3225999976416747,300316,20230901,-0.3383512544802868,1.0,2023,TRUE_IGNORED
-0.04597225098364055,0.857971600792984,-0.3774324324324324,688213,20230901,0.0403733449099197,0.5,2023,TRUE_IGNORED
0.2427399283172369,0.6468015484804865,-0.16804407713498626,000543,20230901,0.1754966887417219,0.5,2023,TRUE_IGNORED
0.15200375855448467,0.43888890915697654,-0.263448275862069,002519,20230901,-0.0842696629213484,0.8333333333333334,2023,TRUE_IGNORED
-0.1769789234397774,0.36966485154561585,-0.3543719374352139,300727,20230901,-0.193359375,0.3333333333333333,2023,TRUE_IGNORED
-0.07463187805444238,0.49980457564730657,-0.43890678051120946,300835,20230901,-0.1039676708302718,0.1666666666666666,2023,TRUE_IGNORED
-0.5717904422235247,0.2741833197302706,-0.6019870866007171,603185,20230901,-0.3087900785711808,0.1666666666666666,2023,TRUE_IGNORED
0.0017676145226432904,2.2617498018654114,-0.12262773722627729,002797,20230901,-0.0399334442595674,0.3333333333333333,2023,OTHER
-0.09999999999999998,0.7076766729901875,-0.15094339622641506,600010,20230901,-0.15,0.3333333333333333,2023,TRUE_IGNORED
0.1331139575976088,0.3182741722173154,-0.27287993955633416,603163,20230901,-0.1595441595441595,0.6666666666666666,2023,TRUE_IGNORED
-0.20863361849729034,0.6877691136700819,-0.41483857999764984,300423,20230901,-0.1045130641330166,0.3333333333333333,2023,TRUE_IGNORED
0.10900809464764882,1.6042839203636488,-0.11410256410256414,000987,20230901,-0.1099855282199711,0.5,2023,OTHER
-0.12512049307667117,0.5597386758202082,-0.24460327854419706,300547,20230901,0.0626702997275203,0.5,2023,TRUE_IGNORED
-0.09319169483341372,0.38649405233190426,-0.32494608195542773,688252,20230901,-0.20234291799787,0.5,2023,TRUE_IGNORED
0.13142778185618353,1.3853146136093946,-0.16279069767441867,600390,20230901,-0.0312248724761676,0.5,2023,OTHER
-0.2465609461144953,0.9828091614074184,-0.35845783530541186,601778,20230901,-0.1314432989690721,0.6666666666666666,2023,TRUE_IGNORED
-0.1534391534391535,0.3734317371722666,-0.4942044257112751,600303,20230901,-0.3604166666666667,0.5,2023,TRUE_IGNORED
-0.1400693447173117,0.6772841954785508,-0.2183742884930533,300783,20230901,0.0261612386545648,0.3333333333333333,2023,TRUE_IGNORED
0.446849294618928,0.7885874742403688,-0.2141850634100516,600211,20230901,-0.0780295760166535,0.8333333333333334,2023,TRUE_IGNORED
-0.13214804352239906,0.2929390843630677,-0.24223271287854797,600206,20230901,-0.0941850941850941,0.5,2023,TRUE_IGNORED
0.8658770514275822,1.0761561429522,-0.4425897824987354,300654,20230901,-0.1007259528130671,0.5,2023,OTHER
-0.04537065689733033,1.1801866031245036,-0.14630063149849348,000776,20230901,-0.0632411067193676,0.6666666666666666,2023,OTHER
0.052463731376859446,1.0124114316097914,-0.12990800987211126,300852,20230901,-0.2062919030428055,0.6666666666666666,2023,OTHER
-0.1319192626991661,0.9951530832397477,-0.3373635386942365,603899,20230901,-0.0748155953635405,0.3333333333333333,2023,TRUE_IGNORED
0.07145988948302184,0.5599063370263494,-0.26118454378761824,605133,20230901,-0.3038300611522367,0.6666666666666666,2023,TRUE_IGNORED
0.18088350483973126,0.35725970292160814,-0.25114704571139,002644,20230901,-0.2859813084112149,0.6666666666666666,2023,TRUE_IGNORED
-0.35396634615384615,0.3820460123110398,-0.3987695749440716,000957,20230901,-0.1795348837209301,0.6666666666666666,2023,TRUE_IGNORED
0.5589350604069381,0.588011639385351,-0.20506963330917627,603927,20230901,-0.1002015548517133,0.6666666666666666,2023,OTHER
0.07578594333464483,0.8121546159933591,-0.07151254954646946,000338,20230901,0.3721284758623486,0.5,2023,TRUE_IGNORED
0.15595964625961423,0.26564748222057505,-0.3620547702204755,300341,20230901,-0.056379821958457,0.8333333333333334,2023,TRUE_IGNORED
-0.05964372809638396,0.6324118944606822,-0.14167480713478453,301010,20230901,-0.3617339312406576,0.6666666666666666,2023,TRUE_IGNORED
0.08874804235164846,1.0304410114107752,-0.24059775840597752,688456,20230901,-0.2850114791734994,0.3333333333333333,2023,OTHER
-0.38160603980782437,0.3385292657892671,-0.44485520640788667,300179,20230901,-0.2075471698113207,1.0,2023,TRUE_IGNORED
-0.5591911195093147,0.9316795148995015,-0.6333466116730609,605117,20230901,-0.0582641014429383,1.0,2023,TRUE_IGNORED
0.3445098493694543,0.3774756280638509,-0.12561750176429076,605299,20230901,-0.3656174334140436,0.3333333333333333,2023,TRUE_IGNORED
-0.2554033040305643,0.3470936748565657,-0.40784546630215646,002915,20230901,0.0249999999999999,0.1666666666666666,2023,TRUE_IGNORED
0.07420194207872544,0.8486791632959282,-0.029422123011963452,688459,20230901,-0.1140873015873016,0.6666666666666666,2023,TRUE_IGNORED
0.37513553397807553,0.7560715154520966,-0.20787239516336498,300508,20230901,-0.2689184800259825,0.6666666666666666,2023,TRUE_IGNORED
-0.2736921101256672,0.35777500609303664,-0.3633841170576122,300696,20230901,-0.355980861244019,0.5,2023,TRUE_IGNORED
-0.23536537157941362,0.3892777028282766,-0.3244596965404314,002881,20230901,-0.1285154859380561,0.1666666666666666,2023,TRUE_IGNORED
0.14691994301036204,0.6288596949458752,-0.24959079295480724,300884,20230901,-0.1026293469041561,0.5,2023,TRUE_IGNORED
-0.046280991735537236,0.6579188094562236,-0.2128240109140519,300228,20230901,0.3691507798960138,0.3333333333333333,2023,TRUE_IGNORED
0.27674407913710763,0.5061482769291766,-0.32343234323432346,603516,20230901,0.4371951219512195,0.1666666666666666,2023,TRUE_IGNORED
-0.42523340314852465,0.8855302768031484,-0.4543253366021368,002459,20230901,-0.32,0.8333333333333334,2023,TRUE_IGNORED
-0.18987073091247486,0.9113842091156568,-0.24338261407126638,603020,20230901,-0.239154616240267,0.3333333333333333,2023,TRUE_IGNORED
0.38548539114043345,0.6567058257401838,-0.3150046598322461,300374,20230901,0.2054421768707481,0.5,2023,TRUE_IGNORED
-0.160636742034716,0.41896027215295695,-0.3383842554861879,605507,20230901,-0.2206317867719643,0.5,2023,TRUE_IGNORED
0.029067394961160842,0.5355175258707818,-0.3074801069027835,300667,20230901,-0.1198979591836734,0.5,2023,TRUE_IGNORED
0.38552787663107924,1.0137021584284158,-0.4567441860465117,300434,20230901,-0.2217465753424656,0.8333333333333334,2023,OTHER
-0.27781147314529253,0.44383164491366567,-0.47058555746047737,002885,20230901,-0.1376543209876543,0.6666666666666666,2023,TRUE_IGNORED
-0.2311869676198497,0.706394941960745,-0.39959363185550156,300026,20230901,-0.0979498861047835,0.8333333333333334,2023,TRUE_IGNORED
1.4284763805721892,1.2670768605601446,-0.16341966536786623,300688,20230901,-0.246027397260274,0.6666666666666666,2023,HIGH_ATTN_STRONG
0.07288065067865213,0.7474970389434544,-0.16800792373969808,000960,20230901,-0.0251221214235869,0.3333333333333333,2023,TRUE_IGNORED
0.6480563778346673,0.7598786864390056,-0.2482044084007844,688088,20240102,-0.2539739936200742,0.8333333333333334,2024,OTHER
-0.16571341905013082,0.4806119452248781,-0.24671225670699637,300452,20240102,-0.2126273179477644,1.0,2024,TRUE_IGNORED
-0.4037846365892581,0.5786338586720013,-0.47809102478805554,300777,20240102,-0.2836432056084611,0.3333333333333333,2024,TRUE_IGNORED
-0.041998865499687454,0.619278133446648,-0.26870142404556296,688035,20240102,-0.3929239066332726,0.5,2024,TRUE_IGNORED
-0.3332341185552298,0.3204369184108977,-0.493298324854353,301060,20240102,-0.3751902587519026,0.3333333333333333,2024,TRUE_IGNORED
0.3581082790255554,0.535850643489,-0.20268362270690699,300493,20240102,-0.0694935217903416,0.3333333333333333,2024,TRUE_IGNORED
0.8260978177101461,0.6578218251646496,-0.3405988023952097,688160,20240102,-0.2843413950135042,0.3333333333333333,2024,OTHER
0.20927696004020624,0.7306341050212498,-0.17809588231250606,002283,20240102,-0.2304001786669322,0.6666666666666666,2024,TRUE_IGNORED
-0.10809876170897648,0.6265417095260514,-0.17961570593149545,603102,20240102,-0.2153042260798348,0.8333333333333334,2024,TRUE_IGNORED
-0.2011309446836338,0.5702595604010228,-0.3578817053623883,605337,20240102,-0.2596280328839415,0.3333333333333333,2024,TRUE_IGNORED
-0.0847457627118644,1.217151606187388,-0.20799999999999996,300483,20240102,-0.3762626262626263,0.3333333333333333,2024,OTHER
-0.31077335976112075,0.9770796843626258,-0.39398668414417337,300618,20240102,-0.0290481200384953,0.5,2024,TRUE_IGNORED
-0.2255080811188287,0.922366502569991,-0.30750877203058713,600036,20240102,0.2458303118201594,0.3333333333333333,2024,TRUE_IGNORED
-0.1336886339553588,0.4859151357873086,-0.2276671845124698,002909,20240102,-0.4678663239074551,0.5,2024,TRUE_IGNORED
0.05707001853873961,0.4650065870422944,-0.18224299065420557,000750,20240102,-0.1521248837379519,0.3333333333333333,2024,TRUE_IGNORED
-0.5503926514120225,0.5337013838678127,-0.5622338664985376,300957,20240102,-0.2534494377147952,0.5,2024,TRUE_IGNORED
-0.12652135521890473,0.5488876984659202,-0.2369405466968848,002801,20240102,-0.1033360759337231,0.6666666666666666,2024,TRUE_IGNORED
-0.24355381165919276,0.39282733805855796,-0.24355381165919276,301075,20240102,-0.3973078735512549,0.5,2024,TRUE_IGNORED
0.049389253096554286,0.6518330791893555,-0.45618631732168846,301165,20240102,-0.180524791971819,0.6666666666666666,2024,TRUE_IGNORED
0.5714412237338278,0.9792003049812492,-0.41240290448745875,002517,20240102,-0.1016641411228816,0.8333333333333334,2024,OTHER
-0.11220356531053277,0.6878181320327931,-0.19171558288948265,000963,20240102,-0.2949033514259308,0.8333333333333334,2024,TRUE_IGNORED
0.15110967475860626,0.4352966669733462,-0.32099999999999995,301234,20240102,-0.3430365226855889,0.3333333333333333,2024,TRUE_IGNORED
0.7177030658650647,0.4551591249605454,-0.38977255834696,301255,20240102,-0.2337637789973322,0.1666666666666666,2024,OTHER
-0.11943770614114813,0.4794295053261542,-0.30555024143623677,300398,20240102,-0.1584093872229466,0.1666666666666666,2024,TRUE_IGNORED
-0.0963208258717364,0.7370355574833356,-0.26017474205982805,000951,20240102,0.1346371628765135,0.3333333333333333,2024,TRUE_IGNORED
-0.18427017559443282,0.8271089253913996,-0.2803402132697834,600885,20240102,0.0178168584930482,0.8333333333333334,2024,TRUE_IGNORED
-0.19913382865105456,1.1156779026375827,-0.3243344726293971,000568,20240102,-0.1727888008329958,0.6666666666666666,2024,OTHER
-0.3271604938271605,0.2954932838340748,-0.44197952218430037,000629,20240102,-0.2171253822629969,0.1666666666666666,2024,TRUE_IGNORED
0.0936570847180167,1.1992183095596618,-0.0955665024630542,600480,20240102,0.1002178649237472,0.8333333333333334,2024,OTHER
-0.2701383238405207,0.2839714422511575,-0.32199546485260766,000957,20240102,0.1873519770020624,0.6666666666666666,2024,TRUE_IGNORED
-0.12734423122381522,1.189647827130562,-0.21712363130366963,603693,20240102,0.0719708963916374,1.0,2024,OTHER
0.06531951545703563,0.2890194698471972,-0.30471741131662167,300500,20240102,-0.2032876880766345,0.5,2024,TRUE_IGNORED
0.49480435202200646,0.8562759414006436,-0.40915208613728127,300548,20240102,-0.2518303039637464,0.5,2024,TRUE_IGNORED
0.07038954795703112,0.5705404652128349,-0.41213460687249626,688111,20240102,-0.321961695280465,0.6666666666666666,2024,TRUE_IGNORED
-0.0074874923331536,1.3160055691737824,-0.37153088630259623,600814,20240102,-0.1298603119884199,0.8333333333333334,2024,OTHER
0.31575185909797665,0.8502819820639849,-0.3357429718875502,002997,20240102,-0.0022293519564127,0.8333333333333334,2024,TRUE_IGNORED
0.2534113060428851,0.42478006105286026,-0.30934479054779807,300307,20240102,-0.0762052877138413,0.8333333333333334,2024,TRUE_IGNORED
-0.19030321568776098,0.6334373910411099,-0.34846378439609815,001215,20240102,-0.4235340262491641,0.6666666666666666,2024,TRUE_IGNORED
-0.11272445175135914,1.013648561455254,-0.17107934121620638,003023,20240102,-0.2000585003756457,0.6666666666666666,2024,OTHER
0.22302301449366269,0.7299073438276068,-0.03218116805721105,603328,20240102,-0.0287047139756172,0.8333333333333334,2024,TRUE_IGNORED
1.1555715750352076,0.6721206197748949,-0.49874547597784413,601858,20240102,-0.1979338842975205,0.5,2024,HIGH_ATTN_DROP
-0.039685510409174896,0.7926032767433224,-0.14801999231064988,600862,20240102,-0.1291004667823765,0.5,2024,TRUE_IGNORED
-0.6687059526396487,0.5959583216824089,-0.6792470807137083,688063,20240102,-0.459432954747261,0.5,2024,TRUE_IGNORED
0.01862535591197112,0.5536654196843304,-0.23461538461538467,000987,20240102,-0.1410010913110857,0.1666666666666666,2024,TRUE_IGNORED
0.18535125310024614,0.8348121551959615,-0.36681236859708377,600329,20240102,-0.0335570469798658,0.6666666666666666,2024,TRUE_IGNORED
0.10121494579910317,0.8175543010828586,-0.03260590500641847,600660,20240102,0.3006057404080189,0.8333333333333334,2024,TRUE_IGNORED
-0.0870526383560668,0.8269198460720061,-0.14245577639778317,300267,20240102,-0.3416149068322981,0.6666666666666666,2024,TRUE_IGNORED
-0.16778359097118944,0.8859264494677125,-0.3608655755893224,603305,20240102,-0.4498424081596236,0.5,2024,TRUE_IGNORED
-0.23992288137357776,0.5368744640049631,-0.4224634905858671,600325,20240102,0.0287769784172662,0.5,2024,TRUE_IGNORED
-0.3056097085044852,0.6518756159093556,-0.41427127709528544,002304,20240102,-0.1987393675052214,0.6666666666666666,2024,TRUE_IGNORED
-0.5325092686994415,0.8157614311706891,-0.572827849312443,688261,20240102,-0.3881256133464181,0.1666666666666666,2024,TRUE_IGNORED
0.3020419051798835,0.6355719425131274,-0.08549715009499692,603699,20240102,0.208448753462604,0.8333333333333334,2024,TRUE_IGNORED
-0.24254084888107108,0.4569913912321086,-0.35358198098227533,603229,20240102,-0.2302431610942249,0.5,2024,TRUE_IGNORED
-0.06367294509736032,0.9722356833261522,-0.1640565980054176,002048,20240102,0.0497345090837217,0.5,2024,TRUE_IGNORED
-0.2216320651909145,0.4514197508037165,-0.35100541247465533,605366,20240102,-0.296875,0.0,2024,TRUE_IGNORED
0.7309241229047776,1.1081353535551774,-0.5191398570528319,300533,20240102,-0.4784333811269504,1.0,2024,OTHER
0.4326994544437206,0.5975702482083668,-0.21017123145122418,301186,20240102,-0.169926060386192,1.0,2024,TRUE_IGNORED
0.06041794542365575,0.7358981650086367,-0.12453123153919066,300435,20240102,-0.1800918569988318,0.5,2024,TRUE_IGNORED
-0.2577565632458234,0.8785392118044547,-0.34526315789473694,300055,20240102,-0.3360128617363344,0.3333333333333333,2024,TRUE_IGNORED
-0.14103675656642212,1.1619147705020334,-0.15254237288135597,002179,20240102,0.0007345148682218,0.6666666666666666,2024,OTHER
-0.3451171258725486,1.11320774297582,-0.37143629575473935,300332,20240102,-0.3027275795271378,0.8333333333333334,2024,OTHER
-0.4414711774789082,0.284828469640571,-0.4443261110512744,001338,20240102,-0.1707860561552792,0.5,2024,TRUE_IGNORED
-0.24333572120368285,0.6794028916788205,-0.2650749173507504,601009,20240102,0.4593384966855578,0.5,2024,TRUE_IGNORED
-0.2762674504041145,1.2216212088120186,-0.32068965517241377,000722,20240102,-0.0235152310087577,0.1666666666666666,2024,OTHER
0.039519188461588195,0.4905025224789806,-0.09689557855127007,301190,20240102,-0.2671874999999999,0.3333333333333333,2024,TRUE_IGNORED
0.07973138025635995,0.9589916615061078,-0.09438775510204078,002662,20240102,-0.1110910959775922,0.8333333333333334,2024,TRUE_IGNORED
-0.08805711026737462,0.3985039135648597,-0.17339935930652395,601231,20240102,0.0814419191519075,0.6666666666666666,2024,TRUE_IGNORED
0.024169184290030232,0.7776137683137945,-0.11948051948051952,600664,20240102,-0.2123893805309734,0.8333333333333334,2024,TRUE_IGNORED
0.007689318087588104,0.4399056608494694,-0.1141192808021203,002923,20240102,-0.2258427240140873,0.5,2024,TRUE_IGNORED
-0.34156122952782364,0.48771728975685397,-0.46024720355315263,300696,20240102,-0.0431165438618906,0.5,2024,TRUE_IGNORED
-0.1619540910793691,0.873423309527892,-0.23174217274282283,603989,20240102,-0.3458400023773624,0.5,2024,TRUE_IGNORED
0.12072949222903451,0.7419284638354634,-0.12607449856733532,300420,20240102,-0.272415827194479,0.5,2024,TRUE_IGNORED
0.49224302552641075,0.558827929164425,-0.13503402109182272,002833,20240102,0.0744347493059023,0.5,2024,TRUE_IGNORED
-0.2573778336746021,0.5012664789069606,-0.3459440501176011,301211,20240102,-0.2900935548478235,1.0,2024,TRUE_IGNORED
0.24642150492951576,0.5806186236326558,-0.33018880388247196,301366,20240102,0.0425998005755328,0.3333333333333333,2024,TRUE_IGNORED
0.19372442019099578,0.6485526121126943,-0.21875,002284,20240102,-0.210206775558568,0.6666666666666666,2024,TRUE_IGNORED
0.006154563457948958,1.5850057823681811,-0.2239263803680982,002697,20240102,-0.0539587404504503,0.8333333333333334,2024,OTHER
-0.021909233176838683,1.7916822893405648,-0.10071942446043158,002107,20240102,-0.3249116919001672,0.8333333333333334,2024,OTHER
0.9252846010926796,0.6289332280780399,-0.20398009950248763,300130,20240102,-0.2717426152775952,0.8333333333333334,2024,OTHER
0.0014418726730049958,0.7744740499694289,-0.1494163581463258,002483,20240102,-0.0921532138659766,0.5,2024,TRUE_IGNORED
-0.2823782049787168,0.33300949234709765,-0.47592502440063345,603917,20240102,-0.3771041345410121,0.3333333333333333,2024,TRUE_IGNORED
0.2676911270675757,1.3564151433551799,-0.23906732204329362,301330,20240102,-0.2949118728415068,0.5,2024,OTHER
-0.03448275862068961,0.6652384788216064,-0.15436241610738255,600512,20240102,-0.2220122160125831,0.3333333333333333,2024,TRUE_IGNORED
0.3613808652794488,1.141693071245355,-0.3538373429289574,601801,20240102,0.0033783655600894,0.5,2024,OTHER
0.04025687153737545,1.6166491679799635,-0.3391335227272727,603949,20240102,-0.3710668439662288,0.5,2024,OTHER
-0.01330971436767514,0.7638945242706082,-0.18297009630005057,600741,20240102,-0.0024813895781637,0.5,2024,TRUE_IGNORED
-0.0921238799036802,0.364181810389927,-0.2780937817179796,300831,20240102,-0.0704918032786885,0.1666666666666666,2024,TRUE_IGNORED
-0.0751422278606454,0.6960518740042746,-0.316067505019215,688798,20240102,-0.1655939703364692,0.5,2024,TRUE_IGNORED
0.5373188262686821,0.28205551811488955,-0.4285883748517201,301398,20240102,-0.1492165000579688,0.1666666666666666,2024,OTHER
-0.47078171497807797,0.6510757739643179,-0.4952928776527775,300357,20240102,-0.291958041958042,0.3333333333333333,2024,TRUE_IGNORED
-0.13091612593019852,0.5399119701622624,-0.19980203668596153,600352,20240102,0.0577838431021808,0.1666666666666666,2024,TRUE_IGNORED
-0.17622080679405527,0.8136718283257068,-0.1899791231732777,300013,20240102,-0.5798969072164948,0.6666666666666666,2024,TRUE_IGNORED
-0.28028468854070976,0.6774889580615013,-0.36084983534585413,300026,20240102,-0.2640178071197472,0.8333333333333334,2024,TRUE_IGNORED
-0.0029721260322660426,1.0378269674994338,-0.14468167157082723,600395,20240102,-0.028391167192429,0.1666666666666666,2024,OTHER
-0.1256724751792334,0.7861168882017683,-0.2725217406538152,603259,20240102,-0.437887640072101,0.5,2024,TRUE_IGNORED
-0.03475711098427514,0.8733655552871554,-0.09176470588235297,601665,20240102,0.3160621761658031,0.5,2024,TRUE_IGNORED
0.5844969052970999,0.8737547330696592,-0.34103620841919347,301191,20240102,-0.2032210708781099,0.3333333333333333,2024,OTHER
0.07484970052195394,0.814487391915153,-0.08299948690029291,688739,20240102,-0.2302941527138173,0.1666666666666666,2024,TRUE_IGNORED
-0.17730003005840722,0.44635045172018023,-0.2993489266980941,301175,20240102,-0.096702032968313,0.5,2024,TRUE_IGNORED
-0.35408595444711033,0.4408329694089392,-0.550827264435305,000913,20240102,0.3059047062262494,0.6666666666666666,2024,TRUE_IGNORED
-0.18435831893775834,0.7442203390628929,-0.28751423046995184,688299,20240102,-0.0929623791437249,0.1666666666666666,2024,TRUE_IGNORED
-0.09409167661220963,0.5967064315227782,-0.197151471829079,603387,20240102,-0.2812555139386469,0.3333333333333333,2024,TRUE_IGNORED
-0.20227681714404933,0.47880438116177243,-0.3750819672131148,300614,20240102,-0.5299055613850996,0.3333333333333333,2024,TRUE_IGNORED
0.18325163052516036,0.7733502850156837,-0.1734374999999999,000932,20240102,-0.0899547476797297,0.5,2024,TRUE_IGNORED
-0.16275929936655542,2.448264932196582,-0.16566436772406223,002799,20240102,-0.5058333333333334,0.5,2024,OTHER
0.25918383677761025,0.2670290980282089,-0.3825969413508439,603933,20240102,-0.1754945170497074,0.5,2024,TRUE_IGNORED
-0.12388362359150817,0.4182540642995654,-0.41229062387228455,603222,20240102,-0.2917705735660848,0.3333333333333333,2024,TRUE_IGNORED
-0.2862554285976803,0.5225173237916834,-0.29734990380082515,001227,20240102,-0.0769230769230768,0.5,2024,TRUE_IGNORED
-0.09608301849786594,0.8431388125241183,-0.18841862413518062,600219,20240102,0.3478317918341436,0.5,2024,TRUE_IGNORED
-0.11754739240071677,0.49461429682165986,-0.24913194444444442,603299,20240102,0.2010847717765942,0.8333333333333334,2024,TRUE_IGNORED
-0.15347334410339253,0.6466320239310115,-0.23279648609077608,600516,20240102,-0.1622137404580151,0.5,2024,TRUE_IGNORED
0.04633972669151287,0.7170602009422596,-0.1563380281690141,300296,20240102,-0.2493082938757203,0.3333333333333333,2024,TRUE_IGNORED
-0.2456752322270298,0.8840115835856531,-0.3254761196521685,605183,20240102,0.1070141161372022,0.6666666666666666,2024,TRUE_IGNORED
-0.1837699078021371,0.24297572519178348,-0.34099295383162476,600230,20240102,-0.2205842327327382,0.6666666666666666,2024,TRUE_IGNORED
-0.016914258659597503,1.2075030693009685,-0.1771539206195547,688007,20240102,-0.3733333333333334,0.5,2024,OTHER
0.048343461934653664,0.478627342638047,-0.17606756038573323,600787,20240102,-0.0254482664434092,0.3333333333333333,2024,TRUE_IGNORED
0.07354412879580319,0.4666774245417281,-0.373196103144701,601326,20240102,0.1176470588235294,0.8333333333333334,2024,TRUE_IGNORED
-0.2122727592075967,0.3192668245422354,-0.326794990678398,301212,20240102,-0.2190280367440251,0.3333333333333333,2024,TRUE_IGNORED
-0.3134007001825383,0.47850081685529317,-0.3646212518563098,300772,20240102,-0.0910798122065728,0.5,2024,TRUE_IGNORED
-0.4677093824236379,0.5733777503355598,-0.5616945289377607,000799,20240102,-0.3892721385330142,0.3333333333333333,2024,TRUE_IGNORED
0.18995990073665392,0.5741678427788355,-0.19280795715378718,002790,20240102,-0.113470108141411,0.8333333333333334,2024,TRUE_IGNORED
0.11984646325361115,0.5182568076987887,-0.2735926081853267,688019,20240102,0.0278888184232803,0.8333333333333334,2024,TRUE_IGNORED
-0.034871179222114135,0.7703717859216989,-0.22961393285285803,002978,20240102,-0.0988857994440111,0.1666666666666666,2024,TRUE_IGNORED
-0.041567131884232555,0.8535091121070754,-0.27918914666199246,603369,20240102,0.001757847473033,0.8333333333333334,2024,TRUE_IGNORED
0.21893491124260356,1.224678272107545,-0.2957264957264958,600780,20240102,-0.2754854368932039,0.5,2024,OTHER
-0.1430127142454194,0.6762239636150887,-0.17319591424683856,601128,20240102,0.4007275992094932,0.5,2024,TRUE_IGNORED
-0.2779314742964608,0.7737572525247216,-0.46485493980081705,603110,20240102,-0.5396890343698855,0.6666666666666666,2024,TRUE_IGNORED
-0.5515547806615495,0.48955392119717545,-0.6134533328656606,688707,20240102,-0.5163398692810457,0.1666666666666666,2024,TRUE_IGNORED
-0.14529770594704738,0.550153471543778,-0.25872298691056916,600585,20240102,0.0863330549593499,0.3333333333333333,2024,TRUE_IGNORED
0.20823360459550022,0.4260224058797723,-0.24408505540581027,301072,20240102,-0.161648177496038,0.6666666666666666,2024,TRUE_IGNORED
0.04071262923025931,0.949570820948338,-0.21315384389072645,000651,20240102,0.2144864189822042,0.6666666666666666,2024,TRUE_IGNORED
-0.09451029853801296,0.5193479248723174,-0.27749960113111416,000636,20240102,-0.0756363636363636,0.3333333333333333,2024,TRUE_IGNORED
-0.1731013201454088,0.4929313645332941,-0.47195276254744833,002959,20240102,-0.0075584986281788,0.8333333333333334,2024,TRUE_IGNORED
-0.28958633995615923,0.5839724821140359,-0.36812120116116576,300776,20240102,-0.2153075929343106,0.8333333333333334,2024,TRUE_IGNORED
-0.009415791170173549,0.5027852382659085,-0.2943548387096774,600162,20240102,-0.1358762660619802,0.6666666666666666,2024,TRUE_IGNORED
-0.3453353011736444,0.5320429948891636,-0.4066785996409259,688337,20240102,-0.4219122369815843,0.8333333333333334,2024,TRUE_IGNORED
0.018087855297157507,0.4303176411352615,-0.23271665043816947,002104,20240102,-0.3286802030456852,0.5,2024,TRUE_IGNORED
-0.04200884396715099,0.298045915803659,-0.44994559303590864,001223,20240102,-0.3952053121686447,0.1666666666666666,2024,TRUE_IGNORED
0.5402283357948368,0.93553105001598,-0.12354359899276401,688169,20240102,0.3961720073532062,0.5,2024,OTHER
-0.2792605283190699,0.3911129443304319,-0.3645652693512711,001311,20240102,-0.3431125350094806,0.5,2024,TRUE_IGNORED
0.06203384001235013,0.5408853552629784,-0.12091503267973858,300664,20240102,-0.154275092936803,0.3333333333333333,2024,TRUE_IGNORED
-0.11975541452227156,0.5567692044693436,-0.2889639851458021,600031,20240102,0.2109995249532648,0.5,2024,TRUE_IGNORED
-0.06729295091311971,0.7587723843434792,-0.11623128373557967,600874,20240102,0.0232558139534881,0.5,2024,TRUE_IGNORED
-0.17160300670791195,0.6472429890286531,-0.3902957583784754,002690,20240102,-0.1232350443965941,0.8333333333333334,2024,TRUE_IGNORED
0.30201342281879207,0.3209975021244336,-0.3609411764705882,300238,20240102,-0.3269513991163475,0.8333333333333334,2024,TRUE_IGNORED
0.19589863112002592,1.1377108665107265,-0.0985324947589099,603088,20240102,-0.0675718477221195,0.8333333333333334,2024,OTHER
-0.17609254498714655,0.6715041432949296,-0.18343949044585994,000089,20240102,0.0332554968081582,0.5,2024,TRUE_IGNORED
0.07180792843654582,0.33559756098973564,-0.3552455601256489,000837,20240102,-0.3196644920782852,0.3333333333333333,2024,TRUE_IGNORED
0.06751099945188077,1.9486259079718806,-0.28864342855436664,601921,20240102,0.0635278213648102,0.6666666666666666,2024,OTHER
-0.3254156769596199,0.6088478641375071,-0.3918629550321199,601975,20240102,0.2922535211267605,0.8333333333333334,2024,TRUE_IGNORED
-0.051146384479717866,1.292612657476275,-0.22141823444283648,002520,20240506,-0.053903345724907,0.6666666666666666,2024,OTHER
-0.042625187652879926,1.433865502704381,-0.1271125143346974,600803,20240506,0.0675207997767046,0.3333333333333333,2024,OTHER
-0.29389992610233473,0.5710903948333417,-0.3208252111760883,300676,20240506,0.0707559427145514,0.1666666666666666,2024,TRUE_IGNORED
-0.24955776617915315,0.5297596146707695,-0.48990872862835844,301221,20240506,0.173161903579057,0.8333333333333334,2024,TRUE_IGNORED
0.10401370336299376,0.9664248491561906,-0.1502723217975056,002937,20240506,-0.2537267767922265,0.3333333333333333,2024,TRUE_IGNORED
-0.26407867889951886,0.7053292212926043,-0.3036544733761133,300692,20240506,-0.0062665226119542,0.3333333333333333,2024,TRUE_IGNORED
-0.3887249235671053,1.1413710355939526,-0.4257718978963716,603877,20240506,-0.1545246914396442,0.6666666666666666,2024,OTHER
-0.47894122655607885,0.516537444982152,-0.5266362252663622,001322,20240506,-0.0364569553796538,0.5,2024,TRUE_IGNORED
0.13045605101098467,0.4479755674238126,-0.3920092646207296,600272,20240506,0.2431671017447929,0.1666666666666666,2024,TRUE_IGNORED
-0.19683563291555572,0.9885004790028772,-0.28085010578330516,002286,20240506,0.0270270270270269,0.3333333333333333,2024,TRUE_IGNORED
-0.025859446303620248,0.6249412832331382,-0.2852678571428571,002975,20240506,-0.1424109931292942,0.6666666666666666,2024,TRUE_IGNORED
-0.2385896416319555,0.5363692733843781,-0.30115678807166946,003035,20240506,-0.0737668240699855,0.5,2024,TRUE_IGNORED
-0.24736150571971716,1.1304806498555764,-0.266112266112266,601619,20240506,-0.038313521047276,0.6666666666666666,2024,OTHER
0.0005752588413361348,1.2023000616375712,-0.22906292440018106,002886,20240506,-0.123970523390602,0.3333333333333333,2024,OTHER
-0.2750989182999478,0.4473983698064489,-0.4388618302999231,301112,20240506,0.0738028288301144,0.5,2024,TRUE_IGNORED
-0.28458774170159984,0.43194745411348207,-0.5107181136120043,301312,20240506,0.1454347392737438,0.3333333333333333,2024,TRUE_IGNORED
-0.12894467795362008,0.573515933403113,-0.518855985826373,001234,20240506,0.043593414242586,0.5,2024,TRUE_IGNORED
-0.19730231693704814,0.9264085901923227,-0.22268536482035306,603281,20240506,-0.0146545586104869,0.1666666666666666,2024,TRUE_IGNORED
-0.18115219024010343,0.9413486683946766,-0.2785977859778598,002484,20240506,-0.0335924941320271,0.5,2024,TRUE_IGNORED
-0.26346702391458265,0.8913877317180009,-0.3277232351566153,300389,20240506,-0.1972384472079045,0.6666666666666666,2024,TRUE_IGNORED
-0.4272297809062404,0.38760328437678687,-0.4272297809062404,300766,20240506,0.1901944209636517,0.5,2024,TRUE_IGNORED
-0.2429776527019465,0.8781202501298105,-0.27114592608978105,600390,20240506,0.6470613513767913,0.5,2024,TRUE_IGNORED
-0.03109656301145669,0.2177860596310367,-0.3522975929978118,000802,20240506,0.1081081081081081,0.3333333333333333,2024,TRUE_IGNORED
-0.21486854034451486,0.36723010233914677,-0.4487587523870147,300588,20240506,0.5496535796766744,0.5,2024,TRUE_IGNORED
-0.3715762273901809,0.342416021680194,-0.485182049110923,688158,20240506,0.1373355263157893,0.5,2024,TRUE_IGNORED
-0.06489368670291218,1.0165094215551984,-0.4515497553017944,300457,20240506,0.3737972041781301,0.6666666666666666,2024,OTHER
0.24893432123631865,0.41557091983267364,-0.42085989420859893,301289,20240506,0.0171673359803563,0.8333333333333334,2024,TRUE_IGNORED
0.03739216300873349,1.1157733044047022,-0.12288085674397375,002879,20240506,-0.0378416257883671,0.8333333333333334,2024,OTHER
0.4359605911330051,0.5153838989715834,-0.4854368932038835,300169,20240506,0.5574614065180103,0.6666666666666666,2024,TRUE_IGNORED
-0.31025103115804575,0.7842240467283371,-0.3130466238836397,688552,20240506,-0.0398328096816774,0.0,2024,TRUE_IGNORED
-0.3512208492424699,0.6391093573198491,-0.45238095238095244,301103,20240506,-0.1539100862331031,0.8333333333333334,2024,TRUE_IGNORED
-0.14492190589475284,0.6275124873262836,-0.18555327632386742,601066,20240506,0.1192439862269263,0.5,2024,TRUE_IGNORED
-0.3151227051502403,1.647341470873751,-0.4962588028169014,603259,20240506,0.1453026137098918,0.3333333333333333,2024,OTHER
-0.39630386653121197,0.5492808875171459,-0.436729100045683,603212,20240506,0.0130085864663167,0.6666666666666666,2024,TRUE_IGNORED
-0.3226680054414234,0.5856520788379437,-0.4086313658011552,002487,20240506,0.0808731239430804,0.5,2024,TRUE_IGNORED
-0.32168968318440294,0.971318613034584,-0.42532690984170685,300340,20240506,0.3329341317365271,0.1666666666666666,2024,TRUE_IGNORED
-0.030012004801920678,1.310580744070654,-0.4569892473118279,002846,20240506,-0.072912820184667,0.5,2024,OTHER
-0.05788726869815908,2.3530803262175066,-0.1909845788849348,002753,20240506,-0.0474279584392675,0.6666666666666666,2024,OTHER
-0.173338535969925,1.094528475635602,-0.25896762904636916,000963,20240506,0.000839189363049,0.8333333333333334,2024,OTHER
-0.18055103943228956,0.8660185568358716,-0.37284482758620685,000811,20240506,-0.1146027231042988,0.5,2024,TRUE_IGNORED
0.2382018689615346,0.3990148537709483,-0.3218487394957983,603211,20240506,-0.1119836197993063,0.3333333333333333,2024,TRUE_IGNORED
-0.35152374202693126,0.46685251060329586,-0.4983552631578947,603105,20240506,-0.0040916306908971,0.8333333333333334,2024,TRUE_IGNORED
-0.15878378378378366,1.7534286930485854,-0.3044692737430167,600448,20240506,0.0481927710843372,0.5,2024,OTHER
-0.17647058823529416,0.4680070443533773,-0.41029641185647425,000572,20240506,0.2724867724867725,0.5,2024,TRUE_IGNORED
-0.23130841121495327,0.9965510249006426,-0.24193548387096775,000761,20240506,0.1124620060790273,0.1666666666666666,2024,TRUE_IGNORED
-0.18845649322256242,0.47287166538088815,-0.5901965113711636,002229,20240506,-0.2650862068965516,0.8333333333333334,2024,TRUE_IGNORED
-0.016786826874594873,0.9391351946373289,-0.33043837882547566,603215,20240506,-0.0505950505942998,0.5,2024,TRUE_IGNORED
-0.34746959151558154,0.6265729003264263,-0.44941311768274617,688223,20240506,0.2153872362513422,0.3333333333333333,2024,TRUE_IGNORED
-0.31825631115074615,1.2025238395072189,-0.31825631115074615,002628,20240506,1.8780487804878048,0.6666666666666666,2024,OTHER
0.019355923032281064,0.6109401462057854,-0.2979391227774093,601059,20240506,-0.0405250558913192,0.6666666666666666,2024,TRUE_IGNORED
0.07972072809944364,1.2239095679002243,-0.032432432432432545,601398,20240506,0.2055269596206606,0.5,2024,OTHER
-0.11532625189681334,0.975927094948864,-0.2933333333333332,600509,20240506,0.2695278577577753,0.5,2024,TRUE_IGNORED
-0.22339304531085347,0.6100424187062774,-0.43264049268668203,300805,20240506,0.0802056047090657,0.6666666666666666,2024,TRUE_IGNORED
-0.39220913325269857,1.4371013735205946,-0.4180853780746133,688276,20240506,-0.3773071870042812,0.6666666666666666,2024,OTHER
0.002712033050041418,0.7660174367128566,-0.3112211221122112,300898,20240506,0.0562429073286732,0.3333333333333333,2024,TRUE_IGNORED
-0.3473512634259859,0.8405804728680895,-0.3473512634259859,603176,20240506,0.0307531694360549,0.6666666666666666,2024,TRUE_IGNORED
-0.2407407407407408,1.2529983085581353,-0.2890173410404624,600691,20240506,-0.0528455284552845,0.3333333333333333,2024,OTHER
-0.44087492280202056,0.3791260771146392,-0.6115007012622721,301270,20240506,0.2068321057181064,0.1666666666666666,2024,TRUE_IGNORED
-0.3617456206426023,1.0223773243417853,-0.41707317073170724,300395,20240506,0.4310710327561262,0.3333333333333333,2024,OTHER
-0.2034331040434033,0.7840829208104959,-0.4007272727272727,300774,20240506,0.0754561530203548,0.8333333333333334,2024,TRUE_IGNORED
-0.3284187458869269,0.5697526600768444,-0.34838467506326143,300869,20240506,-0.0607855187126394,0.3333333333333333,2024,TRUE_IGNORED
-0.32480818414322254,0.7532746381905234,-0.33333333333333326,000862,20240506,0.0208333333333332,0.5,2024,TRUE_IGNORED
-0.41701587990444733,0.3650947880346055,-0.5140856809468245,688699,20240506,0.2295025728987993,0.0,2024,TRUE_IGNORED
-0.6139581598083217,0.8540957491996881,-0.7117834394904459,300769,20240506,0.011049723756906,0.1666666666666666,2024,TRUE_IGNORED
-0.5861300293855314,0.7517113300561815,-0.6190283400809717,688536,20240506,0.1120085015940488,0.3333333333333333,2024,TRUE_IGNORED
0.04195011337868482,0.9110480938135069,-0.46413994169096207,600822,20240506,0.0097932535364526,0.5,2024,TRUE_IGNORED
-0.004955558143275085,0.6878623661079953,-0.18888096935138987,002953,20240506,-0.0482582135149529,0.3333333333333333,2024,TRUE_IGNORED
-0.15398745171994854,1.1849742479158052,-0.22809074062039103,300831,20240506,0.4260104725202978,0.1666666666666666,2024,OTHER
0.08051529790660217,0.8080910239211155,-0.428936170212766,603660,20240506,0.0044709388971684,0.5,2024,TRUE_IGNORED
-0.6436263160185934,0.49916987443898175,-0.6509276305196758,688063,20240506,-0.1933945034270734,0.3333333333333333,2024,TRUE_IGNORED
-0.06615450245136167,1.1370677728403238,-0.19813652785700708,001283,20240506,0.0541424750623384,0.1666666666666666,2024,OTHER
-0.20765116825351249,0.43811693140048863,-0.4139637163276526,300531,20240506,0.3964603963776762,0.3333333333333333,2024,TRUE_IGNORED
-0.5835697191117393,1.2243739249603824,-0.5835697191117393,603098,20240506,0.2073082815175273,0.5,2024,OTHER
-0.3717623158963942,0.5178771661844448,-0.44441949247698176,688303,20240506,0.2801326085345672,0.1666666666666666,2024,TRUE_IGNORED
-0.4012115563839702,1.3836072940317339,-0.42324955116696583,002985,20240506,-0.0815380941291396,0.1666666666666666,2024,OTHER
-0.09885931558935346,0.7167429068354632,-0.42089187538179595,002861,20240506,0.2322035386315999,0.8333333333333334,2024,TRUE_IGNORED
-0.5866336633663367,0.5088572472417593,-0.6542443064182195,002309,20240506,0.1377245508982036,0.3333333333333333,2024,TRUE_IGNORED
-0.2881355561260819,0.7736239948402918,-0.45401785714285714,300786,20240506,0.256745707277187,0.3333333333333333,2024,TRUE_IGNORED
-0.25620315384961334,0.49842613848545775,-0.49112081513828243,301165,20240506,0.4540237647524292,0.3333333333333333,2024,TRUE_IGNORED
-0.36279951647819997,0.8452380074767237,-0.387218045112782,601828,20240506,-0.0552147239263802,0.5,2024,TRUE_IGNORED
-0.058130978660779986,1.7208612898344655,-0.17499194328069612,001308,20240506,-0.1982623743117635,0.3333333333333333,2024,OTHER
-0.4022479174633462,0.42327984705120786,-0.5093742185754294,600556,20240506,-0.0248861218100916,0.5,2024,TRUE_IGNORED
0.09534429531170563,0.8372640945821483,-0.2693844924060752,300611,20240506,0.1226491970439089,0.5,2024,TRUE_IGNORED
-0.48856841364755543,0.3417608099797576,-0.5271544715447154,300031,20240506,0.2500942492308378,1.0,2024,TRUE_IGNORED
-0.0021136215416865944,1.3827740484340454,-0.2318598832360299,603696,20240506,-0.1577733659295048,0.5,2024,OTHER
-0.28219178082191776,0.5252692785379045,-0.407909604519774,002137,20240506,0.1087786259541985,0.1666666666666666,2024,TRUE_IGNORED
0.09160601747740604,0.6108448094974153,-0.3303738317757009,300840,20240506,-0.2272867687010896,0.8333333333333334,2024,TRUE_IGNORED
-0.39395081803990495,2.5690088845141896,-0.4101456360789216,301177,20240506,-0.0969085124403702,0.3333333333333333,2024,OTHER
-0.025300759033359488,1.6152739169194468,-0.03609078753114514,601866,20240506,0.0774577053294136,0.3333333333333333,2024,OTHER
-0.2414499204076873,0.8660526933016778,-0.2935620490056863,000661,20240506,-0.1201691331923889,0.1666666666666666,2024,TRUE_IGNORED
-0.2169020146254983,0.21407422112134017,-0.3811635135697474,001328,20240506,0.2468280589354077,0.6666666666666666,2024,TRUE_IGNORED
-0.44087441357986545,0.5720648962135966,-0.44087441357986545,002644,20240506,-0.0474266168794869,0.5,2024,TRUE_IGNORED
-0.2891474112238698,0.6810535446078897,-0.3628048780487805,002012,20240506,0.1883149074520143,0.1666666666666666,2024,TRUE_IGNORED
-0.08571428571428574,1.9338325829104657,-0.14769975786924938,600603,20240506,0.2286931818181818,0.6666666666666666,2024,OTHER
0.0,3.2350019747253653,-0.18999999999999995,600595,20240506,-0.0925925925925925,0.5,2024,OTHER
-0.30933646187114905,0.9357049037635223,-0.42367793848787794,600032,20240506,0.0650380132904591,0.5,2024,TRUE_IGNORED
-0.18858031224241756,1.2354895968643416,-0.27402473834443386,605208,20240506,-0.1111929129283054,0.6666666666666666,2024,OTHER
0.031631067805169666,0.6904079200292753,-0.2382573179033356,001238,20240506,0.1973098734140772,0.5,2024,TRUE_IGNORED
-0.2122030237580993,0.520253588621726,-0.30191387559808613,300773,20240506,0.4719431011057777,0.6666666666666666,2024,TRUE_IGNORED
-0.21295892793138793,0.6637188169481221,-0.42845528455284554,300903,20240506,0.1593172119487909,0.5,2024,TRUE_IGNORED
-0.16646115906288528,0.7496614521779867,-0.4182444061962134,300106,20240506,0.4008875739644972,0.1666666666666666,2024,TRUE_IGNORED
-0.10967261441433007,0.6123026541338924,-0.15753108879137212,300741,20240506,-0.1080411212555848,0.5,2024,TRUE_IGNORED
0.2796052631578947,0.35178289497599113,-0.32931034482758614,002535,20240506,-0.051413881748072,0.6666666666666666,2024,TRUE_IGNORED
0.008537761707101632,0.7510804440737846,-0.2777777777777778,603066,20240506,-0.0110524326118495,0.6666666666666666,2024,TRUE_IGNORED
0.001923663676754117,0.6791325373927998,-0.27072192513368987,603093,20240506,0.1138946668062554,0.3333333333333333,2024,TRUE_IGNORED
-0.4173636438684325,0.8786784976221506,-0.5124315212810787,300726,20240506,0.3692285752380644,0.1666666666666666,2024,TRUE_IGNORED
0.20890383112236743,0.8938858104761997,-0.47116773939314327,605588,20240506,0.2440012214718616,0.5,2024,TRUE_IGNORED
0.2586078399698415,0.9076893033484504,-0.3553516819571866,003015,20240506,0.378958072308603,0.5,2024,TRUE_IGNORED
-0.15529514010102974,0.6323950624732945,-0.3494949494949495,002099,20240506,-0.1009316770186335,0.3333333333333333,2024,TRUE_IGNORED
-0.34481344813448134,0.7996979942317313,-0.42969307637401855,600199,20240506,-0.1952440550688361,0.5,2024,TRUE_IGNORED
-0.29275542423772416,0.38304207323500805,-0.3811609962080086,300943,20240506,0.1418724758474223,0.6666666666666666,2024,TRUE_IGNORED
-0.06277799732712652,0.7955373028494775,-0.2387589928057554,603073,20240506,-0.1315250142063025,0.3333333333333333,2024,TRUE_IGNORED
-0.11286765885681094,1.3054065336709084,-0.19414893617021278,000531,20240506,-0.0739245863783693,0.5,2024,OTHER
-0.3240987455041975,0.6045240557827665,-0.537363741509343,688205,20240506,0.7475312192420329,0.5,2024,TRUE_IGNORED
-0.01152363403589074,0.598291832527636,-0.3474676089517079,300507,20240506,0.1907684939733127,0.5,2024,TRUE_IGNORED
-0.08219178082191769,1.504074589080624,-0.44321329639889195,600156,20240506,0.1641791044776119,0.6666666666666666,2024,OTHER
-0.22157434402332365,2.675060705163743,-0.3794820717131474,000893,20240506,0.0160513643659709,0.3333333333333333,2024,OTHER
-0.19800059537975245,1.1539538316987699,-0.2879105520614954,002860,20240506,-0.1397338833289734,0.3333333333333333,2024,OTHER
-0.36668034515102976,0.7195997853315027,-0.4190241902419024,603938,20240506,-0.1684026182562724,0.1666666666666666,2024,TRUE_IGNORED
-0.5447734768098451,0.4587174382612823,-0.6021256139246143,688258,20240506,0.0614913178322942,0.5,2024,TRUE_IGNORED
-0.6784730421094057,0.3420577030641994,-0.7002384883507613,688435,20240506,-0.0177478580171358,0.8333333333333334,2024,TRUE_IGNORED
-0.17622505582446435,1.582389872890125,-0.3112874779541447,300402,20240506,-0.010470673263934,0.3333333333333333,2024,OTHER
-0.400561534861956,1.9148623422662885,-0.44950580146110874,688567,20240506,-0.0905542544886807,0.3333333333333333,2024,OTHER
-0.29868915235357696,0.4176133418536406,-0.5093041065993416,301001,20240506,0.2479990443783424,0.3333333333333333,2024,TRUE_IGNORED
-0.15406976744186052,1.3317071342706048,-0.15406976744186052,600688,20240506,0.020618556701031,0.6666666666666666,2024,OTHER
-0.1608200455580865,0.4315023530090724,-0.42830540037243947,301226,20240506,0.4067558531229065,0.3333333333333333,2024,TRUE_IGNORED
-0.291471686798098,0.7134497748577877,-0.3649430651484039,300990,20240506,0.0111687292956565,0.3333333333333333,2024,TRUE_IGNORED
-0.18190373827753203,1.1201171746878449,-0.20345489443378106,600075,20240506,0.0771084337349397,0.1666666666666666,2024,OTHER
-0.35826969779326434,0.6242377136794219,-0.3788952244049453,688396,20240506,0.3238908245865428,0.0,2024,TRUE_IGNORED
-0.1303907449641627,0.9351566888427293,-0.23495702005730656,300420,20240506,0.0943910596599388,0.3333333333333333,2024,TRUE_IGNORED
0.10398791484510972,2.475541075193212,-0.09591836734693882,600505,20240506,0.311701313831249,0.3333333333333333,2024,OTHER
0.6602973353618611,0.5580964320015266,-0.41418604651162794,002952,20240506,0.0281596062032463,0.5,2024,OTHER
-0.011520564508337605,1.2939537538999517,-0.2006543075245366,600980,20240506,0.1954267707534953,0.6666666666666666,2024,OTHER
-0.1402394599123472,0.9576990177903743,-0.334325933946941,300835,20240506,0.4813904369005388,0.5,2024,TRUE_IGNORED
-0.18435754189944142,0.9891652610969417,-0.22751322751322745,300247,20240506,0.3972602739726028,0.3333333333333333,2024,TRUE_IGNORED
-0.2697279127430732,0.8757021807293321,-0.2944582423912162,002218,20240506,0.044584119141243,0.3333333333333333,2024,TRUE_IGNORED
-0.22261059154109075,0.6988281082014213,-0.30571198712791625,300873,20240506,0.0816309022460533,0.3333333333333333,2024,TRUE_IGNORED
-0.17315175097276259,1.273723208680171,-0.18426103646833014,600507,20240506,0.0533763447074691,0.5,2024,OTHER
-0.1229429681152413,1.0580931296147826,-0.16849015317286653,002825,20240506,0.0008120779090576,0.5,2024,OTHER
0.09506398537477145,1.735817249676474,-0.32163080407701017,605179,20240506,-0.1400984089974789,0.8333333333333334,2024,OTHER
-0.2016460905349794,0.517271327201503,-0.4271653543307087,300270,20240506,0.2457044673539519,0.1666666666666666,2024,TRUE_IGNORED
-0.31257376892874444,1.059608497419616,-0.5066921606118546,301136,20240506,0.3300677897300839,0.6666666666666666,2024,OTHER
-0.019866191073840245,1.04508540721416,-0.3030181086519115,001219,20240506,0.0339389773961189,0.6666666666666666,2024,OTHER
-0.08801053385929203,1.7217752688677066,-0.1528268551236749,002637,20240506,-0.0590233793710081,0.6666666666666666,2024,OTHER
-0.1753757792368006,0.6762759105097154,-0.21667987986430326,300059,20240506,0.7358490566037736,0.3333333333333333,2024,TRUE_IGNORED
-0.08775345865361084,0.7563188633799486,-0.3389423076923076,603230,20240506,-0.1024400150367493,1.0,2024,TRUE_IGNORED
-0.08542181340256483,0.7498099704456811,-0.24836390411819975,603618,20240506,0.0214197460090523,0.3333333333333333,2024,TRUE_IGNORED
-0.17839647078705057,1.6884375140988654,-0.325287356321839,301161,20240506,0.1331429907422026,0.8333333333333334,2024,OTHER
-0.280437756497948,0.9050521851819989,-0.38979118329466367,300365,20240506,0.1426966995342677,0.6666666666666666,2024,TRUE_IGNORED
-0.14366502063302333,1.888172032551116,-0.23030303030303034,002730,20240506,0.018207109071344,0.3333333333333333,2024,OTHER
-0.2865533230293664,0.5161001869233612,-0.46213003961780474,002992,20240902,0.3695840554592722,0.5,2024,TRUE_IGNORED
-0.3518664328267539,0.8156282730138454,-0.36477746006128065,688586,20240902,0.217557251908397,0.5,2024,TRUE_IGNORED
0.01731671849436922,0.6199565149832106,-0.31141982776126687,603200,20240902,1.2667766776677665,0.3333333333333333,2024,TRUE_IGNORED
0.12261571480115463,0.7838242060173651,-0.2357762777242045,000975,20240902,0.0132492113564668,0.6666666666666666,2024,TRUE_IGNORED
-0.015294502912196806,0.69280390435757,-0.25233207906732347,603367,20240902,0.0873963006095575,0.8333333333333334,2024,TRUE_IGNORED
-0.475712556919898,0.2196634349781821,-0.475712556919898,300678,20240902,0.7555663117134559,0.3333333333333333,2024,TRUE_IGNORED
-0.31556311992135444,0.3701245676714554,-0.3410384380384256,605580,20240902,0.3644238487793729,0.6666666666666666,2024,TRUE_IGNORED
-0.4941862914177402,0.663204407963523,-0.5091857094646606,600195,20240902,0.083617747440273,0.5,2024,TRUE_IGNORED
0.2424960569426855,0.5908320122508387,-0.19551049963794354,003019,20240902,0.4473447344734473,0.6666666666666666,2024,TRUE_IGNORED
-0.3379113420308212,0.5700032162073909,-0.34203793338935484,300196,20240902,0.2068230277185501,0.1666666666666666,2024,TRUE_IGNORED
-0.593187512672438,0.6735611096649377,-0.6022613971481456,002541,20240902,0.6585365853658534,0.5,2024,TRUE_IGNORED
-0.3848390991309747,0.4686854500597096,-0.45231228094566034,600215,20240902,0.5311355311355312,0.8333333333333334,2024,TRUE_IGNORED
-0.08897110006537146,0.5861212447021379,-0.18568665377176008,603565,20240902,0.0522565320665082,0.1666666666666666,2024,TRUE_IGNORED
-0.3468973479514611,0.5491247989236159,-0.3468973479514611,600496,20240902,0.2592592592592593,0.5,2024,TRUE_IGNORED
-0.22799972928523848,0.309066455261396,-0.37,002687,20240902,0.17989417989418,0.6666666666666666,2024,TRUE_IGNORED
-0.1678700361010831,0.49410736544937206,-0.41939546599496225,002264,20240902,0.3015184381778741,0.6666666666666666,2024,TRUE_IGNORED
-0.3007845366860217,0.8608875086884344,-0.3418163423176205,002847,20240902,0.4280940347408613,0.6666666666666666,2024,TRUE_IGNORED
-0.28091878929423253,1.115491183548457,-0.28091878929423253,600170,20240902,0.2676767676767677,0.8333333333333334,2024,OTHER
-0.10965279707054842,0.8438058693954348,-0.15205028292433187,601963,20240902,0.2983860452007307,0.5,2024,TRUE_IGNORED
-0.301727641280645,1.0461506896359107,-0.3139351999995148,600095,20240902,0.1433447098976108,0.8333333333333334,2024,OTHER
-0.3264429163359256,0.39037260559870113,-0.35410439821124706,603877,20240902,0.18878812860676,0.8333333333333334,2024,TRUE_IGNORED
-0.4485042071440386,0.24267655168149077,-0.590777266933268,002803,20240902,0.3175797559104247,0.5,2024,TRUE_IGNORED
-0.06647125033063506,0.716294271592722,-0.1869265728686177,601866,20240902,0.0439342571962189,0.3333333333333333,2024,TRUE_IGNORED
-0.2492555724023915,0.7510863735399326,-0.278083835868143,002415,20240902,0.1662208635842568,0.8333333333333334,2024,TRUE_IGNORED
-0.09706493363495983,0.2503328357623126,-0.23573637275364645,603319,20240902,1.363757495003331,0.6666666666666666,2024,TRUE_IGNORED
-0.17090065012341304,0.6210222524865702,-0.2661743473460735,002917,20240902,0.9177750906892383,0.6666666666666666,2024,TRUE_IGNORED
-0.40842655008474094,0.4907912034163714,-0.42013786404372666,300223,20240902,0.8427141268075637,0.5,2024,TRUE_IGNORED
0.06837382704067707,1.4013670522810693,-0.4090134652952204,600101,20240902,0.2636746143057504,0.5,2024,OTHER
-0.600638104814262,0.4332289206417491,-0.600638104814262,002254,20240902,0.2816020025031289,0.1666666666666666,2024,TRUE_IGNORED
-0.3430430682780695,1.0105276378740462,-0.3430430682780695,300092,20240902,0.2850924918389552,0.5,2024,OTHER
-0.30980286522352507,0.5624671461099638,-0.37542627920560867,300636,20240902,0.032171581769437,0.5,2024,TRUE_IGNORED
-0.2727272727272727,0.2090552228559882,-0.39240506329113933,000802,20240902,0.0333333333333334,0.3333333333333333,2024,TRUE_IGNORED
-0.47218412782617103,0.7618327848809213,-0.5753323246371869,600129,20240902,0.0225494707777265,0.6666666666666666,2024,TRUE_IGNORED
-0.4604336053238053,0.6848496745067255,-0.4623997504371491,300012,20240902,0.23046875,0.5,2024,TRUE_IGNORED
-0.3420721742921783,0.49011509929208935,-0.37717757914845773,301368,20240902,1.3350846468184474,0.1666666666666666,2024,TRUE_IGNORED
-0.31996292172228724,0.3662395092024548,-0.32628884803184743,000539,20240902,0.0323325635103926,0.8333333333333334,2024,TRUE_IGNORED
-0.18552508679752167,0.29043977726509174,-0.24984861249334167,601061,20240902,0.0421511627906976,0.3333333333333333,2024,TRUE_IGNORED
-0.0851487937261568,0.1928010857137996,-0.319906383418724,300729,20240902,0.1583514099783078,0.6666666666666666,2024,TRUE_IGNORED
-0.2031607551043627,0.9487094740559738,-0.4085498957753948,002901,20240902,0.4084033613445377,0.5,2024,TRUE_IGNORED
0.181797832835225,0.8413978926707282,-0.18550198590286426,300529,20240902,0.0588235294117647,0.8333333333333334,2024,TRUE_IGNORED
-0.44554814073769855,0.7698868428475386,-0.44554814073769855,601886,20240902,0.2349361051269352,0.8333333333333334,2024,TRUE_IGNORED
-0.14704452663614398,0.3062392658833487,-0.15243367666888508,601788,20240902,0.2104668013619119,0.3333333333333333,2024,TRUE_IGNORED
-0.6140280535010223,0.219482818815426,-0.6140280535010223,301558,20240902,0.1914008321775311,0.5,2024,TRUE_IGNORED
-0.6645425248348096,0.1504995312219298,-0.6799894797188983,603270,20240902,0.4974258014415242,0.8333333333333334,2024,TRUE_IGNORED
-0.27912293385048326,0.7526764593402225,-0.4516974519963146,600557,20240902,0.1009389671361502,0.6666666666666666,2024,TRUE_IGNORED
0.38338514505743326,0.7136128878248476,-0.36266231375628266,000737,20240902,0.0782396088019559,0.5,2024,TRUE_IGNORED
-0.5031906584014081,0.41332812632187443,-0.5097019210698038,605168,20240902,0.2165322580645161,0.5,2024,TRUE_IGNORED
-0.37113028947664883,0.3089846428838134,-0.4712743818728832,688195,20240902,1.1541265751593492,0.3333333333333333,2024,TRUE_IGNORED
-0.08557605659598333,0.4849994416572042,-0.2818996636143537,000878,20240902,0.1480191685008112,0.6666666666666666,2024,TRUE_IGNORED
-0.6129764449346011,0.8534847029824597,-0.6154846986939362,301246,20240902,0.2292724196277495,0.1666666666666666,2024,TRUE_IGNORED
-0.4962570016582759,0.39589048572263125,-0.5020840192555642,002049,20240902,0.3327582488678025,0.1666666666666666,2024,TRUE_IGNORED
-0.3291129416761519,0.4675930392291633,-0.42250887231525136,603068,20240902,0.8950246036085292,0.5,2024,TRUE_IGNORED
0.388690673586473,0.9617018058978131,-0.19020840091101054,002779,20240902,2.9715043074884027,0.5,2024,TRUE_IGNORED
-0.3946731212077125,0.45926625049252157,-0.4020620878032991,002182,20240902,0.3632336655592469,0.5,2024,TRUE_IGNORED
-0.30538743177908756,0.6605148091107259,-0.31734418389477836,002484,20240902,0.57784911717496,0.5,2024,TRUE_IGNORED
-0.6111771969151671,0.18065849924245644,-0.6111771969151671,001376,20240902,-0.1344981946111594,0.8333333333333334,2024,TRUE_IGNORED
-0.11631446669792056,1.003574650439839,-0.2727913012918004,603195,20240902,0.1624452782989367,0.8333333333333334,2024,OTHER
0.02238804606921274,0.8878389292566636,-0.24620206149340151,300761,20240902,-0.050182958703607,0.6666666666666666,2024,TRUE_IGNORED
-0.2065395095367848,0.8048155137249452,-0.2065395095367848,000792,20240902,0.1565934065934064,0.0,2024,TRUE_IGNORED
-0.4587611776951872,0.48633630232346275,-0.49714170845483285,301162,20240902,0.5414398064125834,0.6666666666666666,2024,TRUE_IGNORED
-0.4095283341876459,0.3563609990037462,-0.4095283341876459,301058,20240902,0.5939470365699873,0.6666666666666666,2024,TRUE_IGNORED
-0.12943843100374397,0.3888921215175006,-0.27052085877244136,000800,20240902,0.0612516644474034,0.5,2024,TRUE_IGNORED
-0.5385276137227135,0.5922620467768412,-0.5472476289780774,301370,20240902,0.2355555555555553,0.5,2024,TRUE_IGNORED
-0.46717865328501795,0.8837259268916287,-0.4706725637552802,300894,20240902,0.3778591033851786,0.6666666666666666,2024,TRUE_IGNORED
0.250058076297061,0.6448328434708424,-0.4048555836160693,300394,20240902,0.2135332957255895,1.0,2024,TRUE_IGNORED
-0.4892692038628813,0.18657788935223388,-0.4892692038628813,688569,20240902,0.088841882601798,0.5,2024,TRUE_IGNORED
-0.49076443948105697,0.4598794528810509,-0.5996426789742213,688383,20240902,0.0772462077012836,0.1666666666666666,2024,TRUE_IGNORED
-0.0760944201025654,0.6109895523346305,-0.30992237550870627,300991,20240902,0.3756030323914543,0.6666666666666666,2024,TRUE_IGNORED
-0.22811805105446747,0.6938479747297862,-0.22811805105446747,600519,20240902,0.0826321090888209,0.8333333333333334,2024,TRUE_IGNORED
-0.18576020191465836,0.37050632556570806,-0.36613668241949515,300570,20240902,1.980300859598854,0.8333333333333334,2024,TRUE_IGNORED
-0.5575569619477879,0.5299051222451111,-0.5843323044386093,688147,20240902,0.4012287334593571,1.0,2024,TRUE_IGNORED
-0.4416507578660278,1.2643755127796212,-0.4833430145993113,002154,20240902,0.2692034090696884,1.0,2024,OTHER
-0.3333864997049977,0.46315748535746365,-0.34329370671575143,001337,20240902,-0.0006969293831642,0.5,2024,TRUE_IGNORED
0.0005038609038015007,0.3901953906991534,-0.46996167071204775,688687,20240902,0.1749241658240647,0.6666666666666666,2024,TRUE_IGNORED
-0.19143792527685488,0.3748689362424031,-0.436389561347883,300776,20240902,0.5891283055827619,1.0,2024,TRUE_IGNORED
0.012823406784128855,0.4730255288512345,-0.2558441558441559,300304,20240902,0.4344995918037957,0.6666666666666666,2024,TRUE_IGNORED
-0.15644208294617645,0.49813714425459976,-0.35382515735792797,603505,20240902,0.1120494643207643,0.3333333333333333,2024,TRUE_IGNORED
-0.32188900366377504,0.5178130108117249,-0.35879005019935706,300314,20240902,0.2040609137055837,0.6666666666666666,2024,TRUE_IGNORED
-0.22684933366393034,1.3751227671154878,-0.43751491308929413,600060,20240902,0.4730423620025674,0.3333333333333333,2024,OTHER
-0.5758205598005989,0.4831485741619283,-0.5812906346449054,001322,20240902,0.1732954545454545,0.3333333333333333,2024,TRUE_IGNORED
-0.4716406865780809,0.3355533667475138,-0.5028276603167086,603938,20240902,0.1052631578947367,0.1666666666666666,2024,TRUE_IGNORED
0.005300571348299643,0.5698177201715715,-0.27952182967345773,600295,20240902,0.0535917901938427,0.3333333333333333,2024,TRUE_IGNORED
-0.15133531157270042,0.40923689984722417,-0.3222748815165877,600744,20240902,0.0804195804195804,0.5,2024,TRUE_IGNORED
-0.2048546272719225,0.7461052790468915,-0.24549539076691307,000958,20240902,0.8776119402985074,0.6666666666666666,2024,TRUE_IGNORED
-0.444144967296219,0.4853435324861699,-0.444144967296219,002852,20240902,0.3409990815130193,0.3333333333333333,2024,TRUE_IGNORED
-0.07892655802009951,0.2885499421294653,-0.30162164799212876,605005,20240902,0.0631443298969072,1.0,2024,TRUE_IGNORED
-0.2138590203106333,0.2489307449681878,-0.37511870845204187,300200,20240902,0.2933130699088146,0.1666666666666666,2024,TRUE_IGNORED
-0.22528860202231105,0.15467102859491585,-0.38133036285952027,603836,20240902,0.0859444941808413,0.3333333333333333,2024,TRUE_IGNORED
-0.40195321662891936,0.39305448869992754,-0.5584604580984084,688007,20240902,0.3002936857562408,0.6666666666666666,2024,TRUE_IGNORED
-0.47153171680156825,0.5881767773744249,-0.47783969365672196,301069,20240902,0.4065893160779958,0.3333333333333333,2024,TRUE_IGNORED
-0.6094158010965884,0.5673511254524636,-0.6094158010965884,002153,20240902,0.5009596928982725,0.8333333333333334,2024,TRUE_IGNORED
-0.5661625937094343,0.3896766769522657,-0.5735739827335649,603719,20240902,0.3167256712905697,0.3333333333333333,2024,TRUE_IGNORED
-0.33690121040222376,0.4222265910059385,-0.3702670835630142,300019,20240902,0.6478873239436622,0.6666666666666666,2024,TRUE_IGNORED
-0.5402089449937629,0.3643089776104475,-0.6020352179242132,300700,20240902,0.4337349397590362,0.5,2024,TRUE_IGNORED
-0.018652089688124263,0.36408141265295973,-0.3552319842654592,002281,20240902,0.8787327021121629,0.3333333333333333,2024,TRUE_IGNORED
-0.4724934150782727,0.4679415335131001,-0.4772822318408303,603105,20240902,0.1508152173913044,0.5,2024,TRUE_IGNORED
-0.741193228275958,1.0745300059158027,-0.741193228275958,301487,20240902,0.4913793103448276,0.6666666666666666,2024,OTHER
-0.34640655569384093,0.8449147948141386,-0.3501225007341161,603885,20240902,0.2769031493243803,0.6666666666666666,2024,TRUE_IGNORED
0.08123206581845799,0.7344481969490191,-0.19167592824052915,301498,20240902,0.8594380398060029,0.6666666666666666,2024,TRUE_IGNORED
-0.5461318633086802,0.5180556837768775,-0.5796503843303451,688390,20240902,-0.0662068965517241,0.6666666666666666,2024,TRUE_IGNORED
0.009463218856814892,0.7192302506903383,-0.246203037569944,001286,20240902,-0.0648114045282058,0.6666666666666666,2024,TRUE_IGNORED
-0.4370109996937297,0.4625332570397338,-0.4370109996937297,688006,20240902,0.3456103330315394,0.8333333333333334,2024,TRUE_IGNORED
-0.2715754049128658,0.4628496735865301,-0.3515757939686782,603300,20240902,1.1543624161073829,0.1666666666666666,2024,TRUE_IGNORED
0.06615642220454743,0.18887332380218816,-0.6619802304458169,603266,20240902,0.1172035640849897,0.3333333333333333,2024,TRUE_IGNORED
-0.24528301886792458,0.4175136364205983,-0.5914893617021277,603660,20240902,0.7708333333333335,0.5,2024,TRUE_IGNORED
-0.2628654227263958,0.4602049489242267,-0.2829181494661922,000690,20240902,0.0421836228287841,0.75,2024,TRUE_IGNORED
-0.40074942306322503,0.26422627325896353,-0.5105462651014546,300548,20240902,1.4832648267762774,0.5,2024,TRUE_IGNORED
-0.20397240572046538,0.7792308367898576,-0.20397240572046538,600585,20240902,0.1174496644295302,0.3333333333333333,2024,TRUE_IGNORED
-0.29601518026565465,0.5083942141965562,-0.3451015004413063,600996,20240902,0.3099730458221026,0.3333333333333333,2024,TRUE_IGNORED
-0.017467248908296984,0.2759287876111253,-0.398717263495457,002590,20240902,0.1333333333333333,0.3333333333333333,2024,TRUE_IGNORED
-0.4795016866799673,0.4973363308506036,-0.4795016866799673,601888,20240902,0.0369930425929068,0.6666666666666666,2024,TRUE_IGNORED
-0.20998772001637334,0.6233701330638235,-0.34241908006814314,688519,20240902,0.5315881197695722,0.3333333333333333,2024,TRUE_IGNORED
-0.5233317725286677,0.2801914646236703,-0.5233317725286677,301299,20240902,0.8370721665904572,0.5,2024,TRUE_IGNORED
-0.08947939979110398,1.184348403761059,-0.20354082779346294,600511,20240902,0.0512373649355175,0.3333333333333333,2024,OTHER
0.010334885144097417,0.37322512028349714,-0.34426733081176975,300017,20240902,0.8833819241982506,0.6666666666666666,2024,TRUE_IGNORED
-0.17101387436118454,0.5253950808573346,-0.17101387436118454,000783,20240902,0.3162217659137576,0.3333333333333333,2024,TRUE_IGNORED
-0.4718647426054122,0.15222733883969092,-0.6227534297993403,688716,20240902,1.258293838862559,0.1666666666666666,2024,TRUE_IGNORED
-0.3714208036271269,0.6165438550817458,-0.3810428949864777,688375,20240902,0.4466854743679254,0.6666666666666666,2024,TRUE_IGNORED
-0.39207048458149785,0.18423662724977086,-0.4152542372881356,600569,20240902,0.3913043478260869,0.5,2024,TRUE_IGNORED
-0.09463722397476337,0.33914378417727065,-0.33870967741935476,002564,20240902,0.3797909407665505,0.5,2024,TRUE_IGNORED
-0.021573352181149974,0.5912681813429216,-0.3669004043525088,300644,20240902,0.3550765740215542,0.6666666666666666,2024,TRUE_IGNORED
-0.21782274886397368,0.7896602807109145,-0.26383317540138695,002498,20240902,0.158249158249158,0.6666666666666666,2024,TRUE_IGNORED
-0.3358334486971356,0.40422410617955684,-0.3466917574377819,002090,20240902,0.362825662927525,0.6666666666666666,2024,TRUE_IGNORED
-0.1802962009014809,0.7055850204253368,-0.35380710659898473,300374,20240902,0.3872741555380989,0.6666666666666666,2024,TRUE_IGNORED
0.3142950867896286,1.007198203092428,-0.14291108633424654,600886,20240902,-0.1136363636363636,0.8333333333333334,2024,OTHER
-0.3468890615743372,0.38579882863766984,-0.3468890615743372,600977,20240902,0.1010455099197746,0.6666666666666666,2024,TRUE_IGNORED
-0.15670407617648707,0.43369250038395596,-0.17244915829850838,688248,20240902,0.2708164489563252,0.8333333333333334,2024,TRUE_IGNORED
-0.21380719910176482,0.4106959029460998,-0.29987054337467967,002487,20240902,0.0704154002026342,0.6666666666666666,2024,TRUE_IGNORED
-0.5004092622077512,0.18954240683130905,-0.5004092622077512,603291,20240902,0.5027858741010214,0.6666666666666666,2024,TRUE_IGNORED
-0.3315508021390374,0.7232366071144419,-0.3811881188118812,600653,20240902,0.6800000000000002,0.3333333333333333,2024,TRUE_IGNORED
-0.24543524400373407,0.6118846254503502,-0.28755724193230336,002950,20240902,0.2130257801899593,0.3333333333333333,2024,TRUE_IGNORED
-0.35497866931121125,0.6606965619667139,-0.35516450086715734,300855,20240902,-0.0094677271211235,0.6666666666666666,2024,TRUE_IGNORED
-0.39446520067068125,0.9301098037230268,-0.4213201059342132,600966,20240902,0.1840796019900497,0.5,2024,TRUE_IGNORED
-0.6329729591304447,0.6005299689224006,-0.6345293575304312,002410,20240902,0.406150583244963,0.6666666666666666,2024,TRUE_IGNORED
0.14691288679300718,1.1640375892902974,-0.24610210944665245,603228,20240902,0.3240064882400648,0.6666666666666666,2024,OTHER
-0.3087467496898556,0.5528989553573415,-0.37177032293457746,002896,20240902,2.636293436293436,0.5,2024,TRUE_IGNORED
-0.2351182937080485,0.2939883811126403,-0.5068009555024389,605228,20240902,0.2537688442211054,0.5,2024,TRUE_IGNORED
-0.2387640449438202,0.48786752489525614,-0.35552913198573133,300270,20240902,0.4538745387453875,0.3333333333333333,2024,TRUE_IGNORED
-0.41542816702052365,0.5615537695622338,-0.4954184483811851,603520,20240902,0.0256090464422449,0.6666666666666666,2024,TRUE_IGNORED
-0.21387530042524017,0.529286319806248,-0.346783045500497,603727,20240902,0.3175217812197484,0.6666666666666666,2024,TRUE_IGNORED
0.10792968201722286,0.47903606510439983,-0.2121162426869243,002533,20240902,0.3145592810843765,0.8333333333333334,2024,TRUE_IGNORED
-0.28306894679875516,2.005730432560378,-0.40551740568971095,300656,20240902,0.303679297089511,0.3333333333333333,2024,OTHER
-0.3963350002771572,0.5062831471251168,-0.6576394486387478,301421,20240902,0.6503055082395066,0.6666666666666666,2024,TRUE_IGNORED
-0.18118453982663163,0.6150120192858275,-0.3567622036313419,002225,20240902,0.8349206349206348,0.3333333333333333,2024,TRUE_IGNORED
-0.4343591784910745,0.4153837925219125,-0.43604891955607494,601116,20240902,0.5861601085481682,0.5,2024,TRUE_IGNORED
-0.22318202249938546,0.6827413150055605,-0.22318202249938546,688777,20240902,0.4003083247687562,0.6666666666666666,2024,TRUE_IGNORED
0.12200047884010945,0.4077081832104943,-0.5134151887221463,300905,20240902,0.3121495327102801,0.5,2024,TRUE_IGNORED
-0.4939903832692497,0.38923685961429316,-0.6283442647058639,688498,20240902,0.5890224328286089,0.1666666666666666,2024,TRUE_IGNORED
-0.018888187118178967,0.6199470931552515,-0.3402038115334347,688300,20240902,0.4074248120300752,0.8333333333333334,2024,TRUE_IGNORED
-0.24936858628573766,0.4477757839164288,-0.2728258179643084,001227,20240902,0.062589048187049,0.5,2024,TRUE_IGNORED
-0.1237691938668114,1.506446404583235,-0.22955523672883782,688432,20250102,0.0411664713805395,0.5,2025,OTHER
-0.17236457821195872,0.7698617345251136,-0.2114119929834971,301092,20250102,0.4640015376759245,0.5,2025,TRUE_IGNORED
-0.14828390574264472,1.0915532713639442,-0.28395061728395055,300725,20250102,0.1860876145668131,0.5,2025,OTHER
-0.13389171817590817,0.725770384893544,-0.26956412375477523,603279,20250102,-0.1167831093142599,0.8333333333333334,2025,TRUE_IGNORED
-0.30705394322692403,1.439388388572155,-0.30705394322692403,603989,20250102,0.0692825532542524,0.1666666666666666,2025,OTHER
-0.2459563543003852,1.2645343030323695,-0.4249069904053261,688159,20250102,1.345250255362615,0.8333333333333334,2025,OTHER
-0.02132821184117828,0.7326392448257032,-0.27455098220395036,301508,20250102,0.0338125913990503,0.0,2025,TRUE_IGNORED
0.25565493477985224,1.6717585936025656,-0.19999999999999996,300319,20250102,-0.0552808370852445,0.5,2025,OTHER
-0.3776173665726438,1.163764066799342,-0.3776173665726438,688728,20250102,0.1970746728252501,0.5,2025,OTHER
-0.46998705935242857,0.9980826100592839,-0.4746614266810416,301591,20250102,0.0795648422316306,0.6666666666666666,2025,TRUE_IGNORED
-0.17230542097460944,0.9125508554744809,-0.33976470588235297,301577,20250102,0.0541705627008908,0.3333333333333333,2025,TRUE_IGNORED
-0.026762529580846683,1.0063883426817322,-0.3159784560143626,688819,20250102,0.0371720738192959,0.3333333333333333,2025,OTHER
-0.2371151291952811,0.8276528717259265,-0.2405344338951031,001289,20250102,0.0950166112956811,0.5,2025,TRUE_IGNORED
-0.21086865568292668,1.8222206325336732,-0.22337469917448094,002492,20250102,0.2303670528833636,0.8333333333333334,2025,OTHER
-0.4527677781329851,0.6591902188287017,-0.6670129411598246,300573,20250102,0.0892984963022323,0.6666666666666666,2025,TRUE_IGNORED
-0.15143603133159267,0.8909561936712618,-0.21497584541062797,600721,20250102,0.1307692307692307,0.8333333333333334,2025,TRUE_IGNORED
-0.38966480446927376,1.1069529667572273,-0.3905160390516039,000633,20250102,0.549199084668192,0.3333333333333333,2025,OTHER
-0.13393874140859574,1.0736208810037937,-0.20375426621160408,301041,20250102,0.0874410630090012,0.6666666666666666,2025,OTHER
-0.05495132810793457,0.7480800489992702,-0.2743376269400212,603066,20250102,0.1323729471975052,0.3333333333333333,2025,TRUE_IGNORED
0.3469154488753101,1.732131946421936,-0.12323305545487495,600007,20250102,-0.1077837489678895,0.6666666666666666,2025,OTHER
-0.2032002785929743,1.063317574377184,-0.23795534665099893,300519,20250102,0.1964188920210472,0.3333333333333333,2025,OTHER
-0.02774810762709623,1.2287969959372955,-0.20612061206120613,300031,20250102,0.4115646258503402,0.8333333333333334,2025,OTHER
-0.20688939861650868,1.193227157592399,-0.2537931034482759,300226,20250102,0.0374306839186691,0.5,2025,OTHER
-0.004564320106283826,1.446495776964231,-0.11576080577695103,301191,20250102,-0.0169876170078689,0.5,2025,OTHER
-0.20499322916465956,1.1726414709181732,-0.20499322916465956,301298,20250102,0.2637990508333672,0.5,2025,OTHER
0.15549703462883824,0.9783541204287779,-0.2817824377457405,600023,20250102,-0.0255474452554744,0.6666666666666666,2025,TRUE_IGNORED
0.6904665686379001,1.1407513735963586,-0.1345150501672241,300750,20250102,-0.0039209237186713,0.6666666666666666,2025,OTHER
0.2546506547513989,0.9680492728372034,-0.13089005235602102,601333,20250102,-0.1295180722891565,0.6666666666666666,2025,TRUE_IGNORED
0.12720852728839072,0.9675744436816212,-0.23630858584797387,601156,20250102,-0.1846661549267434,0.5,2025,TRUE_IGNORED
-0.15223266283691983,1.6415786610647825,-0.2272508425613866,300549,20250102,0.1378100029248492,0.3333333333333333,2025,OTHER
0.23926815720725703,1.148591849995289,-0.18513853904282118,000783,20250102,0.0953304636665672,0.3333333333333333,2025,OTHER
0.024354981153926536,1.42866125635563,-0.11499999999999999,600308,20250102,-0.0253988538191887,0.3333333333333333,2025,OTHER
-0.16243033432616205,0.7043122226600337,-0.20114122681883018,300092,20250102,0.3000003076743205,0.3333333333333333,2025,TRUE_IGNORED
0.07344266056815507,1.1034579053883962,-0.07765451664025358,600874,20250102,0.029209621993127,0.5,2025,OTHER
0.2411237655480296,0.6331541009361373,-0.37710593122547886,300735,20250102,-0.0649086358804822,0.5,2025,TRUE_IGNORED
-0.005372525112213977,1.8112740910259595,-0.2649793388429752,601038,20250102,-0.0594889929437523,0.5,2025,OTHER
-0.04044686392294594,1.4059102934171446,-0.2643581081081082,603058,20250102,0.0280194489544254,0.8333333333333334,2025,OTHER
-0.17356367839252151,1.1179614528221102,-0.24702468475763073,000589,20250102,-0.0631364562118126,0.6666666666666666,2025,OTHER
0.2389664025456928,0.881169909003066,-0.24862529457973293,300709,20250102,0.0193939828433469,0.6666666666666666,2025,TRUE_IGNORED
-0.24372294372294367,0.36150362519348966,-0.3996563573883162,301500,20250102,0.2507155123068116,0.6666666666666666,2025,TRUE_IGNORED
-0.28474496958352835,0.8383358825397589,-0.46179577464788735,300049,20250102,0.0572456656853124,0.6666666666666666,2025,TRUE_IGNORED
-0.06687288989227802,0.698829429179228,-0.188895979578813,300806,20250102,0.2997726441784576,0.1666666666666666,2025,TRUE_IGNORED
-0.15870153291253386,0.6688976556843514,-0.3609589041095891,001236,20250102,0.5412647374062167,0.3333333333333333,2025,TRUE_IGNORED
0.22369544681957243,0.8619999522400098,-0.1327014218009478,002035,20250102,-0.1039511975805078,0.8333333333333334,2025,TRUE_IGNORED
-0.3379290034270529,0.754055772881108,-0.34899145552168953,603439,20250102,-0.0463357925124577,0.3333333333333333,2025,TRUE_IGNORED
-0.10108408771683519,1.0351425376720564,-0.18878320111031466,300187,20250102,0.0519752227565686,0.5,2025,OTHER
-0.4471289640114956,0.5168518782913788,-0.44761252468437185,300606,20250102,0.1623600040887434,0.8333333333333334,2025,TRUE_IGNORED
-0.341420637566771,2.066128427493268,-0.3424553262744431,001324,20250102,0.2070934159219388,0.1666666666666666,2025,OTHER
-0.06038012004121296,0.927440125390387,-0.1836407377706496,300771,20250102,0.2616560020769209,0.5,2025,TRUE_IGNORED
0.11061750274332982,4.556801816963427,-0.21659799882283703,300921,20250102,0.1498868818285446,0.5,2025,OTHER
0.09295275174255213,1.2393199351660096,-0.2015590200445434,600061,20250102,0.0418410041841004,0.3333333333333333,2025,OTHER
-0.3638301932980599,0.9139818504296626,-0.3638301932980599,301207,20250102,0.0069188358007468,0.5,2025,TRUE_IGNORED
-0.20509149607859056,1.2980956544895281,-0.22022727272727272,301314,20250102,0.1787071427914681,0.0,2025,OTHER
-0.3180146745175675,1.726020476504968,-0.3180146745175675,600335,20250102,0.0571895424836601,0.3333333333333333,2025,OTHER
0.19962765386079928,0.8922980797460297,-0.4089171974522293,300320,20250102,0.0623854138518826,0.5,2025,TRUE_IGNORED
-0.23193092214288458,0.532452003847725,-0.33757611129051757,001337,20250102,0.1821390524028383,0.5,2025,TRUE_IGNORED
0.019338693849424438,0.8980210793678461,-0.19042316258351888,002452,20250102,-0.0286932857766634,0.5,2025,TRUE_IGNORED
0.7827263696374269,1.2079412028089864,-0.12714543812104795,002463,20250102,0.1598062306516885,0.6666666666666666,2025,OTHER
-0.2960017872180982,0.9376694189584677,-0.2960017872180982,301502,20250102,-0.0263790590245521,0.0,2025,TRUE_IGNORED
-0.4299230405016471,1.427497233476771,-0.4299230405016471,301360,20250102,-0.060158292910332,0.3333333333333333,2025,OTHER
-0.3781110927970991,1.032747660670362,-0.3781110927970991,688048,20250102,0.5255764643519747,0.5,2025,OTHER
-0.06191240751104121,1.0292676098760203,-0.18436293436293438,000819,20250102,-0.0863905325443786,0.6666666666666666,2025,OTHER
0.04768885593636063,0.7897249882666678,-0.11994136101345709,603111,20250102,0.1111111111111109,1.0,2025,TRUE_IGNORED
-0.4477537047439536,1.257767514616437,-0.4786838131073662,301566,20250102,0.1501570603916597,0.3333333333333333,2025,OTHER
-0.28769004301520573,1.1027714883231117,-0.39053438184985234,300233,20250102,0.5135725768621475,0.6666666666666666,2025,OTHER
0.06563644015510728,1.090930535008481,-0.1844043135465414,002705,20250102,0.0206656291078448,0.5,2025,OTHER
-0.06995884773662564,1.9865801865104364,-0.19285714285714284,688538,20250102,0.0398230088495576,0.3333333333333333,2025,OTHER
-0.15587109269187793,1.0796762141230134,-0.21308187541224943,603599,20250102,-0.0572760156215415,0.1666666666666666,2025,OTHER
-0.1893076887216708,1.5501066546920292,-0.1893076887216708,688589,20250102,-0.034047589853183,0.3333333333333333,2025,OTHER
0.1647853644577817,0.7096831542090868,-0.2877211800078314,300690,20250102,0.1248745222933276,0.6666666666666666,2025,TRUE_IGNORED
-0.06787190215525074,1.5071496347516866,-0.1670702179176755,301042,20250102,0.2273255813953487,0.8333333333333334,2025,OTHER
0.4124695615925451,1.5260695254188272,-0.3665743305632502,600650,20250102,0.1268221574344024,0.5,2025,OTHER
0.048975064821849434,1.1661246226855204,-0.24981683315350245,601717,20250102,0.2967893500391543,0.6666666666666666,2025,OTHER
-0.2119291535611516,0.5864901215151241,-0.2956232724180067,603075,20250102,0.1312188944035346,0.6666666666666666,2025,TRUE_IGNORED
0.35728510173454975,1.2958627066622375,-0.20852680455888573,300628,20250102,-0.0380369099815514,1.0,2025,OTHER
-0.12839456457425724,0.9157037792344153,-0.12839456457425724,301158,20250102,0.2788714586385659,0.8333333333333334,2025,TRUE_IGNORED
0.02865160354091545,1.5960354167271056,-0.34455719557195563,688299,20250102,0.3659394792399717,0.5,2025,OTHER
-0.003933284165401174,0.9397272376792862,-0.22643422948589786,300398,20250102,0.3168316831683166,0.5,2025,TRUE_IGNORED
-0.24388571414353655,1.475988204119503,-0.24388571414353655,603105,20250102,-0.0161712343142155,0.5,2025,OTHER
-0.03716495720375945,1.0474438230154357,-0.09009009009009017,001213,20250102,0.0198386505317198,0.8333333333333334,2025,OTHER
-0.28607755880483154,0.7642558465698241,-0.28607755880483154,301013,20250102,0.5253067718769693,0.5,2025,TRUE_IGNORED
-0.1767559224836266,0.8764461412072581,-0.18997718711183398,003009,20250102,0.2976414731971917,0.3333333333333333,2025,TRUE_IGNORED
0.005532960572760093,4.00753546475362,-0.11411483253588506,300470,20250102,0.0031723333043582,0.6666666666666666,2025,OTHER
-0.05943524480004281,1.117136020654159,-0.11544011544011545,002448,20250102,0.3917724743878947,0.8333333333333334,2025,OTHER
0.0821653500945092,0.7240406039763287,-0.2765787370103917,001286,20250102,0.0062689572902847,0.3333333333333333,2025,TRUE_IGNORED
-0.10076038203623716,1.473890526469135,-0.32070175438596493,300661,20250102,0.2308001184111552,0.5,2025,OTHER
-0.0927885882530376,0.7934715803649667,-0.23417867672404713,300294,20250102,-0.1200761536813698,0.3333333333333333,2025,TRUE_IGNORED
0.13609520181163792,1.0504871955520818,-0.10550003074111891,603558,20250102,-0.1318755529579584,0.5,2025,OTHER
-0.018517875190054323,0.760108006971859,-0.26055327295872044,002166,20250102,0.1190743797653461,0.3333333333333333,2025,TRUE_IGNORED
0.13673742136571554,1.2325724680317758,-0.08263069139966284,601528,20250102,0.1159613905393763,0.5,2025,OTHER
-0.1855568281956974,0.6796856592187575,-0.2969336722031233,300172,20250102,0.1477306578832273,0.5,2025,TRUE_IGNORED
-0.3078939702883775,0.5554661597704933,-0.37209302325581395,603051,20250102,0.1868686868686868,0.5,2025,TRUE_IGNORED
0.15997732722397195,1.645239840101421,-0.1852300242130751,300303,20250102,-0.0556879985583208,0.5,2025,OTHER
0.3170229779012941,0.8060190427024855,-0.2374405076679006,300529,20250102,-0.2278835699126579,1.0,2025,TRUE_IGNORED
-0.02114121036705363,0.774842178295936,-0.2459703021815861,301039,20250102,-0.0475580926709308,0.5,2025,TRUE_IGNORED
0.048551032817134354,0.48559462934529846,-0.1808785529715763,600531,20250102,0.250788643533123,0.5,2025,TRUE_IGNORED
-0.1367413296906651,0.9931892665994307,-0.20425138632162665,688102,20250102,0.5968213468647607,0.6666666666666666,2025,TRUE_IGNORED
-0.361909882901991,1.79595788211019,-0.41942786528829057,001376,20250102,-0.1371858111362075,0.6666666666666666,2025,OTHER
-0.3080100639734752,0.9359695160757845,-0.3205128205128205,300357,20250102,0.1267846199820494,0.8333333333333334,2025,TRUE_IGNORED
-0.11394233428952483,1.4311155736031926,-0.20817270624518114,300611,20250102,1.245518059402951,0.5,2025,OTHER
0.2900666967972936,1.3974069748400948,-0.1925133689839572,002736,20250102,0.1195178735163104,0.6666666666666666,2025,OTHER
-0.0918712669502072,1.2319298067539393,-0.2752091589608102,300151,20250102,-0.2471672999225072,0.6666666666666666,2025,OTHER
0.27810885975367494,2.0758000263289094,-0.29683060109289616,300892,20250102,0.0752276204201858,0.5,2025,OTHER
-0.30952060668988546,1.278949163140073,-0.30952060668988546,688035,20250102,0.1333507282269252,0.5,2025,OTHER
-0.11641911511696268,0.6877047276495386,-0.2476187755825363,300729,20250102,-0.0505423201168454,0.3333333333333333,2025,TRUE_IGNORED
-0.1603313508984432,1.3250514738635744,-0.23167718912983803,688146,20250102,0.0746695248302964,0.3333333333333333,2025,OTHER
0.08450704225352101,0.7909616552598155,-0.23573200992555843,601975,20250102,-0.0551948051948051,0.5,2025,TRUE_IGNORED
-0.19465977605512486,0.9375608137733596,-0.23297785069729282,600250,20250102,0.2491978609625669,0.3333333333333333,2025,TRUE_IGNORED
-0.14516001401939227,1.6770301347733365,-0.14780600461893767,600495,20250102,0.3685636856368561,0.5,2025,OTHER
-0.011984061031550253,1.2352074253174306,-0.2244556113902847,688385,20250102,0.3612311015118787,0.1666666666666666,2025,OTHER
-0.11765089890374592,1.1999142540940688,-0.2895791583166333,300019,20250102,0.3821605343930168,0.6666666666666666,2025,OTHER
-0.08216261646171108,1.0680008422121676,-0.2489325852999651,300487,20250102,0.0618446394179328,0.5,2025,OTHER
-0.12517783694381313,1.2943386690197711,-0.2686298076923077,300012,20250102,-0.0356279606112863,0.5,2025,OTHER
0.04819085512651111,1.0660964768256826,-0.23040731455660357,601696,20250102,-0.0018779342723005,0.5,2025,OTHER
-0.2573675067636939,1.173967105120823,-0.261381736456863,300434,20250102,0.2230173694098705,0.0,2025,OTHER
-0.13055223894236834,2.327012853857212,-0.13817957166392103,301328,20250102,0.0107520789672372,0.6666666666666666,2025,OTHER
-0.058022103007379755,1.1190298039860789,-0.19288908270998584,600229,20250102,0.0172166427546629,0.5,2025,OTHER
0.01579727730376468,1.158766079440511,-0.19746473843956436,600276,20250102,0.1712883828512679,1.0,2025,OTHER
-0.6250730167241878,0.9899606608491761,-0.6406121877466132,688639,20250102,0.0155189136760427,0.1666666666666666,2025,TRUE_IGNORED
-0.05444633175965741,1.1521268816847907,-0.1526545658264188,002088,20250102,-0.0905664113878085,0.1666666666666666,2025,OTHER
-0.10158338483243701,1.112696582961918,-0.19357313085411465,603444,20250102,0.5488105611982983,0.6666666666666666,2025,OTHER
0.014401464544513187,1.276709849624457,-0.09608540925266906,002274,20250102,0.0055541953105131,0.6666666666666666,2025,OTHER
0.026665700662791725,1.056519208144277,-0.2750307705359706,300677,20250102,0.0063690897981489,0.5,2025,OTHER
-0.32424465733235075,0.9885804313597025,-0.32424465733235075,600771,20250102,0.1068702290076335,0.8333333333333334,2025,TRUE_IGNORED
-0.2896474276334877,0.6247784884122415,-0.3130180399804974,301529,20250102,0.1610843949631932,0.5,2025,TRUE_IGNORED
0.1872159448276991,1.0884278000323406,-0.3966775736219482,300274,20250102,-0.0285884444751732,0.8333333333333334,2025,OTHER
-0.0959795569724945,1.034092247747443,-0.20666481025028927,300693,20250102,0.1545112972796813,0.6666666666666666,2025,OTHER
-0.4470735341468126,0.5968967539244447,-0.4527394472990153,001387,20250102,0.0104985075905423,0.6666666666666666,2025,TRUE_IGNORED
0.03130838435754013,0.6817875758127439,-0.20911528150134062,002947,20250102,0.0527906660417223,0.6666666666666666,2025,TRUE_IGNORED
-0.1687386381506354,0.8202671799182092,-0.24015790484628485,300009,20250102,0.095446403971362,0.6666666666666666,2025,TRUE_IGNORED
-0.17678928724171628,1.6667294477433245,-0.24776119402985075,002800,20250102,0.3858440086666905,0.6666666666666666,2025,OTHER
-0.26388888888888884,1.441382824009591,-0.27521367521367524,300587,20250102,0.7358490566037736,0.1666666666666666,2025,OTHER
-0.10848565646304487,1.0990399354979703,-0.22999221438258566,600436,20250102,-0.0450110016263273,0.5,2025,OTHER
-0.34111903403275157,0.6511133732635519,-0.343526904672499,301393,20250102,0.3808165426416499,0.3333333333333333,2025,TRUE_IGNORED
0.15605904533315407,1.0786109606698315,-0.16960241570206336,605183,20250102,0.08,0.8333333333333334,2025,OTHER
-0.39699666278312107,1.666107233837423,-0.39699666278312107,001278,20250102,0.0933926302414229,0.3333333333333333,2025,OTHER
-0.27897791324303767,2.1316624317376736,-0.27897791324303767,300855,20250102,0.1075009707682084,0.5,2025,OTHER
0.28140400825222134,0.9137671266163249,-0.21237009267203688,601101,20250102,-0.1016109045848823,0.6666666666666666,2025,TRUE_IGNORED
0.15589353612167312,0.8524424183159784,-0.24189526184538646,600661,20250102,-0.1069078947368421,0.6666666666666666,2025,TRUE_IGNORED
-0.052319324837125536,0.5761772121946499,-0.22902796271637815,300643,20250102,0.87123187420202,0.5,2025,TRUE_IGNORED
-0.11802100323653086,1.4710860263870549,-0.19924326596798903,688111,20250102,0.0348383709592741,1.0,2025,OTHER
0.08319818053312256,3.9704601008390705,-0.1033145275035261,300792,20250102,-0.0239560450563907,0.5,2025,OTHER
-0.1578251416962756,1.7636957334298207,-0.2526530612244898,300595,20250102,-0.1499345341106035,0.6666666666666666,2025,OTHER
0.026302540960534637,1.1712664291814308,-0.09047062102396397,000895,20250102,-0.0242139419804732,0.3333333333333333,2025,OTHER
-0.22310231292309957,1.1883888758687868,-0.273989898989899,688601,20250102,0.0004966150439738,0.6666666666666666,2025,OTHER
0.30067562783738655,1.1392582963960598,-0.08080808080808077,601128,20250102,0.1706024895480815,0.5,2025,OTHER
-0.10460526315789476,0.6080771784759806,-0.39497666148032906,605296,20250102,0.1370315944158706,0.3333333333333333,2025,TRUE_IGNORED
-0.012140794054333548,1.2527019507383275,-0.24293785310734461,300395,20250102,0.4248277787240131,0.5,2025,OTHER
-0.44444546842893984,0.3335166105327351,-0.5987027851717464,688717,20250102,0.1327083333333334,0.5,2025,TRUE_IGNORED
-0.09476967704026795,0.9750551322101111,-0.29229177444386967,300531,20250102,0.577485380116959,0.6666666666666666,2025,TRUE_IGNORED
0.04623330533162395,0.33543545758413035,-0.40297944559683196,001229,20250506,0.1604186198100035,0.1666666666666666,2025,TRUE_IGNORED
-0.05612552806276405,0.41500375994880334,-0.34313313733725315,300374,20250506,0.060102301790281,0.8333333333333334,2025,TRUE_IGNORED
0.13959754081710285,1.0595434455998867,-0.08152610441767072,002895,20250506,0.6057944243239333,0.5,2025,OTHER
-0.09037071191454948,0.6876094092985023,-0.2805890778831782,001286,20250506,0.1630786002004776,0.3333333333333333,2025,TRUE_IGNORED
0.14389868656478577,0.495185229345802,-0.25313414124529887,603160,20250506,0.2268049191487613,0.8333333333333334,2025,TRUE_IGNORED
0.1666804929050889,1.1696182594413846,-0.0576099065715604,601658,20250506,0.12890625,0.5,2025,OTHER
0.263681592039801,1.5608102107854056,-0.20872274143302172,002495,20250506,0.0866281452906072,0.6666666666666666,2025,OTHER
-0.17473838697351607,0.5366838392181006,-0.24183282705697007,000650,20250506,0.1966202748129251,0.5,2025,TRUE_IGNORED
-0.019427410211845464,0.757417733727115,-0.2380352644836271,600428,20250506,0.2330777940341595,0.5,2025,TRUE_IGNORED
0.26541757163900437,0.728425890873322,-0.28121664887940245,600216,20250506,0.1120052079204672,0.6666666666666666,2025,TRUE_IGNORED
0.020941726797693017,0.925953240318244,-0.054597701149425304,601006,20250506,-0.0936331923710551,0.1666666666666666,2025,TRUE_IGNORED
0.23104720902855358,0.5513294601357187,-0.3158533624666181,300852,20250506,0.4144766097964023,0.3333333333333333,2025,TRUE_IGNORED
-0.07638527035775788,0.8103313502424792,-0.17673235855054048,002151,20250506,0.1888030888030889,0.3333333333333333,2025,TRUE_IGNORED
0.04996283687515124,0.8698612527710405,-0.42986512524084775,300827,20250506,0.6016224355069144,0.6666666666666666,2025,TRUE_IGNORED
-0.1652819012372525,0.986197167235276,-0.20158730158730154,600929,20250506,0.1593870386688194,0.1666666666666666,2025,TRUE_IGNORED
-0.01188506700412384,1.17904902360975,-0.08896400824711226,000895,20250506,0.0784329495623932,0.5,2025,OTHER
0.35835894433819027,0.5607800417629648,-0.1619718309859155,002676,20250506,0.4697960943291901,0.6666666666666666,2025,TRUE_IGNORED
-0.06930693069306926,1.231274520364695,-0.1632047477744808,002412,20250506,0.147163120567376,0.3333333333333333,2025,OTHER
0.01799485861182526,1.5682962289893165,-0.2127236580516899,002535,20250506,0.0277777777777779,0.6666666666666666,2025,OTHER
-0.14678522982140574,0.9263379933513057,-0.29729575011175613,601225,20250506,0.3059495711481015,0.3333333333333333,2025,TRUE_IGNORED
-0.24938258851099193,0.6220905460715631,-0.25608452968500095,002038,20250506,0.1746948037714712,0.3333333333333333,2025,TRUE_IGNORED
-0.018576331331660922,0.9074677219838864,-0.10852713178294571,600928,20250506,0.1607086467673411,0.5,2025,TRUE_IGNORED
-0.2132212274999925,0.8298070492642511,-0.31997710360618203,603719,20250506,0.0654672161759788,0.5,2025,TRUE_IGNORED
-0.3134479255337649,0.7586339842389974,-0.41845979614949036,300142,20250506,0.1822681452437835,0.3333333333333333,2025,TRUE_IGNORED
1.880247407248433,0.8139220317593404,-0.29378531073446335,600171,20250506,-0.0559345926858019,0.6666666666666666,2025,HIGH_ATTN_DROP
0.11956941523964648,1.4925264692805102,-0.17636684303350958,600558,20250506,0.3433204200308382,0.6666666666666666,2025,OTHER
0.3707253820218337,1.0945931491311967,-0.2716171617161717,002241,20250506,0.5031349506617335,0.5,2025,OTHER
0.19174066307875726,0.5700866392968532,-0.2675544794188862,300303,20250506,0.1399573076849374,0.6666666666666666,2025,TRUE_IGNORED
0.41921434327877694,0.49849367340388434,-0.2434435575826681,300921,20250506,0.2747030484285224,0.6666666666666666,2025,TRUE_IGNORED
-0.16657831252932853,0.6384350065358717,-0.3711512209919611,300820,20250506,0.3045699912396433,0.6666666666666666,2025,TRUE_IGNORED
0.00531808928908406,0.6382146898293275,-0.20981789390340466,301328,20250506,0.1684597506779486,0.8333333333333334,2025,TRUE_IGNORED
-0.13667099531817017,0.5336714991546089,-0.15993265993265993,300172,20250506,0.1394496123093291,0.5,2025,TRUE_IGNORED
-0.00803524374084641,0.9636812009669007,-0.17923627684964205,688484,20250506,0.2982444395164805,0.3333333333333333,2025,TRUE_IGNORED
0.20419847328244267,0.7498652236641943,-0.2450346972960038,003005,20250506,-0.0245737682243772,0.6666666666666666,2025,TRUE_IGNORED
0.2589419990227324,0.9726684172356483,-0.16404647983595344,300306,20250506,0.0909470209326686,0.5,2025,TRUE_IGNORED
0.1956598884078704,0.6210938243049667,-0.3119067443796836,688720,20250506,0.3886737657308809,0.5,2025,TRUE_IGNORED
-0.11943827309035437,0.6220254698200425,-0.19176136363636365,605399,20250506,0.1753551399722028,0.1666666666666666,2025,TRUE_IGNORED
-0.09096142772125859,0.4586404411117472,-0.23076923076923073,000612,20250506,0.5056336565015167,0.8333333333333334,2025,TRUE_IGNORED
0.2316664418820984,0.9168678663554597,-0.39700374531835203,301010,20250506,0.5413885048747573,0.3333333333333333,2025,TRUE_IGNORED
-0.13964461582209076,1.2275544555235487,-0.15093536889529158,600582,20250506,0.0367504486952605,0.6666666666666666,2025,OTHER
-0.17103719431804254,0.9925626409820292,-0.2485532407407407,600378,20250506,0.2139822675661375,0.5,2025,TRUE_IGNORED
0.25280763982428067,0.8105653314388798,-0.2987738631072482,301050,20250506,0.0154212696853945,0.1666666666666666,2025,TRUE_IGNORED
-0.3970121506650549,1.2899731831465682,-0.411082940963419,300705,20250506,0.0443722117923388,0.3333333333333333,2025,OTHER
0.0014742604238850987,1.4644145120041894,-0.2148499210110585,002159,20250506,0.0430342793236351,0.3333333333333333,2025,OTHER
-0.14929442697745965,0.6314131523062803,-0.2542819499341238,301071,20250506,0.3946769265481524,0.1666666666666666,2025,TRUE_IGNORED
-0.1473863544564843,0.7475259936603537,-0.22529290481605146,000878,20250506,0.4960207225075608,0.6666666666666666,2025,TRUE_IGNORED
-0.18537732891272007,1.338252985728765,-0.26480716253443526,605108,20250506,-0.1148041699011409,0.5,2025,OTHER
0.02326131663973774,0.7241588984196157,-0.22889182058047497,000811,20250506,0.6034033323793628,0.5,2025,TRUE_IGNORED
0.003507583614284382,0.758956410057181,-0.21612903225806457,688777,20250506,0.0921713342704142,0.5,2025,TRUE_IGNORED
0.10064234071117051,2.347003670392679,-0.20539152759948653,603999,20250506,0.1245835426159505,0.5,2025,OTHER
-0.05597418112237029,0.7606082009700859,-0.15375541279673033,002223,20250506,0.030437483661025,0.5,2025,TRUE_IGNORED
-0.23512336719883897,0.3697174733580492,-0.3263740945888368,002771,20250506,0.0240398623452959,0.5,2025,TRUE_IGNORED
-0.36721586575400844,0.6275617837209195,-0.5066613662491989,300751,20250506,0.5009361839860125,0.6666666666666666,2025,TRUE_IGNORED
-0.19030946193559173,0.7549530698256628,-0.2839322161110608,601022,20250506,0.3856937325620488,0.3333333333333333,2025,TRUE_IGNORED
0.25032834108673474,0.7583815202916986,-0.179705654531371,300880,20250506,-0.1057045483051365,0.5,2025,TRUE_IGNORED
0.3918138553503787,0.522698310502416,-0.36927135232271213,302132,20250506,0.4408859834584129,,2025,TRUE_IGNORED
-0.0326292087838721,1.471545505722658,-0.2321494344721985,000529,20250506,0.0199002945472051,0.5,2025,OTHER
-0.02617801047120405,0.798634273791885,-0.19130434782608685,600871,20250506,0.2311827956989247,0.6666666666666666,2025,TRUE_IGNORED
1.9181286549707601,1.407280211961922,-0.2715328467153285,300380,20250506,-0.056240631096705,0.6666666666666666,2025,HIGH_ATTN_DROP
0.1569800315962817,0.8062474893408158,-0.21568627450980382,002012,20250506,0.2312499999999999,0.5,2025,TRUE_IGNORED
0.05321604679874947,1.0415758132828274,-0.1654545454545454,000603,20250506,0.6957631407631435,1.0,2025,OTHER
-0.038935810496661616,0.7394781716348114,-0.22578859988931932,000739,20250506,0.1472423135139635,0.5,2025,TRUE_IGNORED
0.2542248345130125,0.7587420330759873,-0.3389592123769338,002949,20250506,0.0890669918784397,0.5,2025,TRUE_IGNORED
0.7274556559254082,0.6439752542204632,-0.26751592356687903,300806,20250506,0.5599609072553646,0.3333333333333333,2025,OTHER
0.18690524462826885,0.9862902064131289,-0.3423874195854181,300179,20250506,0.5015802217402268,0.5,2025,TRUE_IGNORED
0.2243508616072456,0.9710000487214796,-0.16715246636771297,688017,20250506,0.0743799745790865,0.5,2025,TRUE_IGNORED
0.2416974169741699,0.3149526898790073,-0.3751160631383472,300162,20250506,0.1812778603268945,0.5,2025,TRUE_IGNORED
-0.14028871367937157,0.8660957012168319,-0.18660865688579442,603195,20250506,-0.1242176622724584,0.6666666666666666,2025,TRUE_IGNORED
-0.18073421003097934,0.8108066920514135,-0.3029858770038246,300357,20250506,0.7641175930994064,0.8333333333333334,2025,TRUE_IGNORED
-0.4771677783478707,0.5145011998442637,-0.4771677783478707,301565,20250506,0.2006869479882238,0.1666666666666666,2025,TRUE_IGNORED
-0.03957504864789185,1.6904015330168292,-0.27706531464360273,002444,20250506,0.3117097797257124,0.5,2025,OTHER
-0.11853253169310918,0.7294072559582777,-0.23542600896860988,300026,20250506,0.1382612805270293,0.3333333333333333,2025,TRUE_IGNORED
0.42059103151006605,0.695277776619647,-0.20712166172106816,001319,20250506,0.0425160974823197,0.5,2025,TRUE_IGNORED
-0.005564019451843372,0.8403827661054737,-0.2192575406032482,688289,20250506,0.1173877328134493,0.8333333333333334,2025,TRUE_IGNORED
0.5738963531669865,0.3674894754282979,-0.39214232765011126,603106,20250506,0.255528485958933,0.3333333333333333,2025,OTHER
0.20381231671554256,0.325660437945318,-0.312970711297071,000676,20250506,0.140073081607795,0.1666666666666666,2025,TRUE_IGNORED
0.05182723241837994,0.4705018835946908,-0.31666666666666665,300590,20250506,0.0053306519330544,0.5,2025,TRUE_IGNORED
-0.22561492790500415,0.8946531375209158,-0.3271923360353721,600706,20250506,0.1347207009857611,0.3333333333333333,2025,TRUE_IGNORED
-0.2599548185327517,1.056879080323026,-0.26563291455423954,603599,20250506,0.1182512655150902,0.1666666666666666,2025,OTHER
-0.12155878313099056,0.6108461689926933,-0.2331356560415122,300631,20250506,0.5084742509434463,0.5,2025,TRUE_IGNORED
0.2803347280334727,0.8778332968833523,-0.12571428571428567,600808,20250506,0.3366013071895424,0.3333333333333333,2025,TRUE_IGNORED
-0.24156118143459915,0.5736772521542519,-0.44734819369715606,603779,20250506,-0.0014155776785536,0.6666666666666666,2025,TRUE_IGNORED
0.16287425149700607,0.465897966517867,-0.2753731343283582,300340,20250506,0.4799176107106073,0.5,2025,TRUE_IGNORED
-0.10590632734927219,0.9856612225490754,-0.26776095616747864,601222,20250506,0.0648648648648648,0.6666666666666666,2025,TRUE_IGNORED
0.5339578454332554,0.46456104296202266,-0.34170854271356776,000702,20250506,0.1145038167938932,0.8333333333333334,2025,OTHER
-0.12370006041099346,0.9799653097426828,-0.13428571428571434,600004,20250506,0.1004223383992826,0.5,2025,TRUE_IGNORED
-0.06651484499940863,1.9238231717390664,-0.15544412607449853,603281,20250506,0.1417589761365754,0.5,2025,OTHER
-0.027995135881031197,0.7231330870047448,-0.22626014584907017,601677,20250506,0.2790312226194844,0.8333333333333334,2025,TRUE_IGNORED
-0.10828312669907325,0.7882781985013788,-0.285527312609427,000737,20250506,0.6612691273094342,0.5,2025,TRUE_IGNORED
0.083555203984917,1.0570465379821885,-0.16610004856726568,000951,20250506,0.0886545911780551,0.3333333333333333,2025,OTHER
0.4548382716615955,0.506827602856735,-0.2807017543859649,300609,20250506,0.6847745750184777,0.6666666666666666,2025,TRUE_IGNORED
0.058309037900874605,0.8302617900572498,-0.15384615384615374,002662,20250506,0.0929967090037677,0.3333333333333333,2025,TRUE_IGNORED
-0.05171906046138686,0.6210727187882892,-0.2134831460674157,300962,20250506,0.1637743956636559,0.5,2025,TRUE_IGNORED
0.04950800337036787,0.9336694821813946,-0.3290148448043184,688409,20250506,0.458390033708973,0.3333333333333333,2025,TRUE_IGNORED
-0.03421708445870453,0.7123402193584856,-0.15540540540540537,002275,20250506,0.1285789336300657,0.6666666666666666,2025,TRUE_IGNORED
1.4020618556701034,0.41102009010827956,-0.42610837438423643,300333,20250506,0.0600858369098711,0.6666666666666666,2025,HIGH_ATTN_DROP
-0.19136235744621755,0.646183322709333,-0.21382451418382253,603168,20250506,0.0967302452316076,0.3333333333333333,2025,TRUE_IGNORED
0.236455102128601,0.7755568019147663,-0.19506172839506164,301192,20250506,0.934594179749234,0.6666666666666666,2025,TRUE_IGNORED
0.2246389670436073,1.7310060904153166,-0.4872280037842952,002820,20250506,0.2333673585631259,0.5,2025,OTHER
-0.01585238296342495,0.92948260803393,-0.23153982478102175,600236,20250506,0.242561145892318,0.3333333333333333,2025,TRUE_IGNORED
0.04642924024976347,0.4045682057494577,-0.3373253493013971,002351,20250506,-0.0143068083774072,0.5,2025,TRUE_IGNORED
0.02478839177750891,0.7060351131826413,-0.3658810325476993,300101,20250506,0.3702885900872512,0.3333333333333333,2025,TRUE_IGNORED
-0.2594751540909306,0.46982564238090363,-0.31701215153681206,301539,20250506,0.0333410792875277,0.5,2025,TRUE_IGNORED
-0.15884096076718712,0.2725301629722172,-0.26927860696517414,603327,20250506,0.0477132923543459,0.5,2025,TRUE_IGNORED
-0.3318985936986595,1.3358524808321603,-0.34495303766546836,002557,20250506,-0.0086590741434183,0.3333333333333333,2025,OTHER
0.5037695724847204,1.0461939777475153,-0.21194581967321913,688692,20250506,0.1488955563651295,0.1666666666666666,2025,OTHER
0.010831381733021006,0.5134725823974094,-0.24590521948023591,301568,20250506,0.3599523149772652,0.6666666666666666,2025,TRUE_IGNORED
0.08270532368267536,0.746355089296325,-0.13558243157224703,300447,20250506,0.1004246337039551,0.3333333333333333,2025,TRUE_IGNORED
0.3876404494382024,0.3285057286538203,-0.33333333333333326,300098,20250506,0.1680161943319835,0.5,2025,TRUE_IGNORED
-0.3376893295069039,0.7283590536170499,-0.3775056601377206,603619,20250506,0.3664365146179853,0.5,2025,TRUE_IGNORED
-0.26228571428571434,0.4686576841275341,-0.4129149613460664,300905,20250506,0.3321022952383166,0.3333333333333333,2025,TRUE_IGNORED
-0.17163653446726146,2.0965380790827806,-0.27535301668806167,603317,20250506,0.1542498378896115,0.8333333333333334,2025,OTHER
-0.19984039586437297,0.8103119227003026,-0.2700026759432701,600845,20250506,-0.1254612297962563,0.5,2025,TRUE_IGNORED
-0.06606248161962691,1.0577322602086812,-0.17679460774581135,600211,20250506,0.310528994870124,0.5,2025,OTHER
0.25119030190165614,1.1524759055090479,-0.15823170731707314,001282,20250506,0.242786476002071,0.3333333333333333,2025,OTHER
0.005582494932794502,1.1859729412558515,-0.24657863145258108,002353,20250506,0.6518027933233872,0.8333333333333334,2025,OTHER
0.1872187638129219,0.6292639109391608,-0.36061724253606176,688172,20250506,0.270199370409234,0.0,2025,TRUE_IGNORED
0.1635999603919862,1.000880357349023,-0.1830357142857142,300079,20250506,0.0418972217803281,0.6666666666666666,2025,OTHER
0.7604774211283609,1.1701285372481474,-0.27936297279362976,300547,20250506,0.1439792789080076,0.6666666666666666,2025,OTHER
1.3223673957559008,0.650866483845455,-0.3689179375453885,002730,20250506,-0.0435436569779255,0.8333333333333334,2025,HIGH_ATTN_DROP
0.1357318070318887,0.9916378393614073,-0.3204500978473581,300786,20250506,0.2217422606191503,0.5,2025,TRUE_IGNORED
0.16455696202531644,1.0446051548918363,-0.2219873150105709,600664,20250506,0.0,0.6666666666666666,2025,OTHER
-0.07569389370617774,0.851582403741347,-0.1335978835978836,000919,20250506,0.1214793564307066,0.6666666666666666,2025,TRUE_IGNORED
0.08095952023988007,0.6232563384401493,-0.2551652892561983,300369,20250506,0.1567267683772537,0.6666666666666666,2025,TRUE_IGNORED
-0.04545162677858028,1.235770427673283,-0.1174603174603176,600821,20250506,0.0294067952653089,0.3333333333333333,2025,OTHER
-0.12,0.5000950956572792,-0.2560386473429951,603778,20250506,0.616883116883117,0.1666666666666666,2025,TRUE_IGNORED
-0.20080891874322415,0.46668791697351786,-0.20080891874322415,603107,20250506,0.0171057140592814,0.6666666666666666,2025,TRUE_IGNORED
-0.14849630990369633,1.1301782160500247,-0.1957746478873239,601702,20250506,0.0546662648870026,0.6666666666666666,2025,OTHER
0.1754874651810585,0.42862723609127845,-0.31715210355987056,600676,20250506,0.5308056872037916,0.6666666666666666,2025,TRUE_IGNORED
0.01945345502963569,0.7594055884109608,-0.2158273381294964,600103,20250506,0.7465802133371457,0.3333333333333333,2025,TRUE_IGNORED
0.1225806451612903,0.737009434843991,-0.3203125,002663,20250506,0.4137931034482758,0.6666666666666666,2025,TRUE_IGNORED
-0.11473881511771278,0.5572371977246767,-0.17123287671232879,002116,20250506,0.1285851295340609,0.3333333333333333,2025,TRUE_IGNORED
0.10995897436830449,0.9280168645028725,-0.09676503334251174,688334,20250506,0.2481679924573687,0.8333333333333334,2025,TRUE_IGNORED
-0.12272668298516354,0.8410921290319401,-0.14779781259237368,002415,20250506,0.1726930587610902,0.8333333333333334,2025,TRUE_IGNORED
-0.2799077682244734,0.6942080233803926,-0.33235022574056117,601233,20250506,0.3329794849466709,0.8333333333333334,2025,TRUE_IGNORED
-0.023088518513220024,0.6991079677534505,-0.22575574529695497,601108,20250506,0.1711997074414284,0.5,2025,TRUE_IGNORED
0.0655593389968172,0.8184666012532763,-0.15033349594378387,300755,20250506,0.146227803344672,0.5,2025,TRUE_IGNORED
0.712854757929883,0.5596758679105494,-0.26504297994269344,300222,20250506,0.2134502923976609,0.5,2025,OTHER
0.02092693817083413,1.0799250857563347,-0.1894383906119027,603299,20250506,0.1551724272887189,0.6666666666666666,2025,OTHER
-0.0641907498085641,1.0241476542192196,-0.21962616822429903,300354,20250506,0.2744546974490631,0.8333333333333334,2025,OTHER
-0.03601719140817783,0.47325375333709885,-0.3226047433830731,601878,20250506,0.0912427395967168,0.3333333333333333,2025,TRUE_IGNORED
0.16556291390728473,1.1481581586327696,-0.1272727272727272,002795,20250506,0.0359848484848484,0.1666666666666666,2025,OTHER
-0.08387406213264825,0.7870359735784311,-0.16569037656903762,601958,20250506,0.5491709546440651,0.3333333333333333,2025,TRUE_IGNORED
-0.30126027531418964,0.4874276433956908,-0.4051948051948052,002521,20250506,0.0377632878936393,0.6666666666666666,2025,TRUE_IGNORED
0.07303785897411363,0.9891962712623168,-0.09004739336492884,601997,20250506,0.1169927979511413,0.5,2025,TRUE_IGNORED
-0.2062810044314234,0.9845205702107913,-0.25540765391014986,002937,20250506,0.0663688379358211,0.6666666666666666,2025,TRUE_IGNORED
-0.09213451682752127,0.5713471181897215,-0.19850904068305297,301262,20250506,0.1018544514408195,0.5,2025,TRUE_IGNORED
0.6145723336853219,1.236058750656037,-0.19926682377585758,688418,20250506,-0.0019620667102681,0.6666666666666666,2025,OTHER
0.5816618911174782,0.5706417326699217,-0.3444180522565321,300278,20250506,0.0253623188405798,0.5,2025,OTHER
0.192502849944028,1.2423251383023908,-0.13309982486865157,002062,20250506,1.274346236177947,0.3333333333333333,2025,OTHER
0.6978829658619132,1.6185304707884496,0.0,002690,20250901,-0.0034550839091807,0.6666666666666666,2025,OTHER
0.21828534507359088,1.4714477194091382,-0.15396851036556192,301111,20250901,0.4770588235294117,0.8333333333333334,2025,OTHER
0.30890614261366145,1.5050226029658018,-0.1756930221268027,688439,20250901,-0.0077349924331595,0.1666666666666666,2025,OTHER
-0.026017734546718407,1.3967866652340648,-0.26104630611523505,001277,20250901,-0.056924180817986,0.1666666666666666,2025,OTHER
0.2079394307517064,2.0905687829060238,-0.07798165137614688,002166,20250901,0.0721393034825872,0.6666666666666666,2025,OTHER
0.19201887544009488,1.0771451435234245,-0.17786988567422046,300219,20250901,0.1223857800097285,0.5,2025,OTHER
0.5350944162797666,1.9315276642659185,-0.10857664233576658,600218,20250901,0.1617195496417605,0.3333333333333333,2025,OTHER
0.18285945649197743,0.7025320871773856,-0.376014981201205,300563,20250901,-0.1555178393162511,0.6666666666666666,2025,TRUE_IGNORED
1.5052209512471229,1.353562670886811,-0.13245448838669183,603697,20250901,-0.0167161570121214,0.8333333333333334,2025,HIGH_ATTN_STRONG
0.0923914965028636,1.9896846214171342,-0.1564186508676122,603505,20250901,0.0199087949747309,0.3333333333333333,2025,OTHER
1.3203669009003338,1.5992093198957542,-0.026512736978595575,688213,20250901,-0.1377240061857545,0.6666666666666666,2025,HIGH_ATTN_STRONG
0.2810046401828632,1.2222881511765686,-0.07061362935553506,002864,20250901,0.1707583838860058,0.5,2025,OTHER
0.020037004904202682,1.3835022713623422,-0.2691958422255898,301004,20250901,-0.09274456673226,0.5,2025,OTHER
0.33777777777777773,1.1296662337863803,-0.1615598885793872,601106,20250901,0.0033222591362127,0.6666666666666666,2025,OTHER
-0.044569158462740566,1.4562717928116091,-0.17773160407317534,600062,20250901,-0.0421104556328607,0.6666666666666666,2025,OTHER
0.045611262020875065,0.6529472751296502,-0.11748632352447219,600033,20250901,0.1060171919770773,0.5,2025,TRUE_IGNORED
0.19294536910294546,0.8891675966713303,-0.1806144109702975,301508,20250901,-0.0901545506582712,0.3333333333333333,2025,TRUE_IGNORED
0.643938213306815,1.2568511002972866,-0.032239805771067664,002152,20250901,-0.1676686706746826,0.3333333333333333,2025,OTHER
0.7949875601621654,1.380989050693478,-0.21368484607787042,002843,20250901,-0.2115621156211562,0.5,2025,OTHER
0.24249480082966057,0.8465366220457243,-0.1240871585047828,603899,20250901,-0.0832793259883343,0.5,2025,TRUE_IGNORED
0.7051507307527012,1.0974256727903609,-0.1075337209864532,002990,20250901,-0.0091923834537097,0.5,2025,OTHER
-0.22887867137740592,0.9354501404723465,-0.3485834263621408,600971,20250901,-0.0044247787610618,0.1666666666666666,2025,TRUE_IGNORED
0.556634976314528,1.1265523779815514,0.0,300988,20250901,-0.0333062550771731,0.3333333333333333,2025,OTHER
-0.12138661459116762,0.8316823041377108,-0.21901032408103782,001965,20250901,-0.0676190476190476,0.6666666666666666,2025,TRUE_IGNORED
0.30950523530343643,0.4818010693376888,-0.26644961074503526,001217,20250901,0.2150170648464164,0.3333333333333333,2025,TRUE_IGNORED
0.3701453803759729,1.0282534473743656,-0.22842321105097618,300654,20250901,0.0198487712665407,0.8333333333333334,2025,OTHER
0.6804667715112582,0.8967116637225032,-0.09546539379474939,000600,20250901,0.0765171503957782,0.6666666666666666,2025,OTHER
0.4425892976204393,1.654654148894821,-0.05874860669847781,688188,20250901,-0.1531932498936452,0.8333333333333334,2025,OTHER
0.7103594080338265,1.1716317781762704,-0.04599056603773588,600237,20250901,0.0741656365883807,0.6666666666666666,2025,OTHER
0.5346299205089771,0.9567236152988238,-0.27382058085994077,300179,20250901,0.613065326633166,0.5,2025,OTHER
0.16935953103938362,1.4136793020898546,-0.18844642585201088,603288,20250901,-0.0924915379617892,0.5,2025,OTHER
0.7479139641552937,1.2595171874506095,-0.23623253761876972,301255,20250901,-0.1204044117647058,0.3333333333333333,2025,OTHER
0.3016452280329349,1.6285538250214622,-0.16409027473309978,603855,20250901,-0.0708393983503153,0.5,2025,OTHER
0.9359720089052752,2.7350297373405312,-0.04467584816929793,300702,20250901,-0.1142756680731363,0.6666666666666666,2025,OTHER
1.0131147540983605,0.9430688075220797,-0.27078384798099764,300278,20250901,-0.0700325732899022,0.5,2025,HIGH_ATTN_DROP
0.9636363636363638,1.294287852571052,-0.04761904761904756,002383,20250901,-0.0962962962962963,0.5,2025,OTHER
0.4910714285714284,1.1579929609227737,-0.1629072681704261,600396,20250901,-0.0808383233532934,0.3333333333333333,2025,OTHER
1.8650461022632019,1.6556210735010304,-0.06866485013623991,002290,20250901,0.240491515506144,0.8333333333333334,2025,HIGH_ATTN_STRONG
-0.11160792161337574,0.6473306252017971,-0.3034198476286696,601038,20250901,-0.0273876722966528,0.5,2025,TRUE_IGNORED
0.8561928169894415,1.486370922798275,0.0,003043,20250901,-0.0789980732177264,0.5,2025,OTHER
1.6503496503496504,0.8441949682299449,-0.29092609915809164,002427,20250901,-0.1464379947229551,0.8333333333333334,2025,HIGH_ATTN_DROP
0.6814197851720891,0.4717368715091358,-0.36687279694137387,300694,20250901,-0.0709433962264151,0.6666666666666666,2025,OTHER
1.2033530448859233,1.4609353182842646,-0.1739572783757175,301335,20250901,-0.1815285064909532,0.3333333333333333,2025,HIGH_ATTN_STRONG
1.12797015085963,0.974965551933961,-0.21062084354097854,301596,20250901,-0.1896221399600243,0.1666666666666666,2025,HIGH_ATTN_DROP
0.06235291041979951,1.506421142767011,-0.22960176670877774,002771,20250901,-0.0547869396790261,0.5,2025,OTHER
0.7652255998790052,1.1444418094369886,-0.0006901311249136732,000969,20250901,0.2520718232044197,0.5,2025,OTHER
2.698846067595393,1.0038579363279498,-0.23646279703934558,300963,20250901,-0.0510204081632652,0.3333333333333333,2025,HIGH_ATTN_DROP
0.7674418604651161,0.6587211198876488,-0.17291414752116074,000859,20250901,0.2266081871345029,0.5,2025,OTHER
0.31826564879744934,1.611557825383168,-0.17293524581816078,688639,20250901,-0.1502845318158303,0.3333333333333333,2025,OTHER
0.5754060324825987,1.468203438994591,-0.06473829201101922,000633,20250901,0.2444771723122236,0.5,2025,OTHER
0.15475759299098213,0.8983788172077508,-0.17801411291112623,601136,20250901,-0.0229615745079663,0.5,2025,TRUE_IGNORED
2.0762463343108504,1.3507482867640006,-0.2873641304347826,600126,20250901,-0.1429933269780743,0.5,2025,HIGH_ATTN_DROP
0.6830985915492958,0.7103816818591032,-0.20509977827050996,002474,20250901,0.5592747559274756,0.6666666666666666,2025,OTHER
0.13320463320463327,1.2663887670913672,-0.12125748502994005,600780,20250901,-0.0051107325383304,0.5,2025,OTHER
0.07115656712223828,0.8465115235698544,-0.1006197303681513,601098,20250901,-0.1387902703592948,0.5,2025,TRUE_IGNORED
0.7313158664522761,1.6507388852827412,-0.13553855320541153,688249,20250901,0.2294094013660104,0.3333333333333333,2025,OTHER
0.8709339177316417,1.4591381801720844,-0.0002958579881656709,603699,20250901,0.4893971145059728,0.8333333333333334,2025,OTHER
0.29166666666666674,0.9699651018364435,-0.22499999999999998,600293,20250901,0.032258064516129,0.1666666666666666,2025,TRUE_IGNORED
0.19199466661934572,0.5870146378609417,-0.08721129132752792,000755,20250901,0.11088295687885,1.0,2025,TRUE_IGNORED
-0.17484758702942382,1.024315185940421,-0.3304091075074833,600373,20250901,0.0332355816226783,0.1666666666666666,2025,OTHER
0.5598923932962487,0.8630394659952042,-0.23198847262247846,000601,20250901,-0.0375234521575985,0.6666666666666666,2025,OTHER
0.2035623158690818,0.6034351447229416,-0.18047512537769383,002962,20250901,-0.0384130982367758,0.3333333333333333,2025,TRUE_IGNORED
0.4609286084039219,1.2436785307714304,-0.027680825653528696,601319,20250901,-0.0594285714285715,0.3333333333333333,2025,OTHER
0.31778000338760304,1.163354880143175,-0.047756960796144776,300470,20250901,-0.0830183977671283,0.8333333333333334,2025,OTHER
0.005151983513652869,0.9323733477962631,-0.3370710159700985,002855,20250901,0.0061506919528444,0.5,2025,TRUE_IGNORED
0.7306483394442393,1.1930144054310983,-0.21357683827944873,002522,20250901,0.0038167938931297,0.6666666666666666,2025,OTHER
0.3958386861598566,0.8741640046787996,-0.1674635446185705,300831,20250901,-0.1136762425269526,1.0,2025,TRUE_IGNORED
0.1307001217675947,1.1829724274703457,-0.10370370370370374,601009,20250901,0.1182727088396295,0.5,2025,OTHER
0.10385569617458601,1.4404288590428693,-0.06668009401286501,002608,20250901,0.014304291287386,0.5,2025,OTHER
0.3528319729262892,0.855406024505328,-0.07266371156068518,001338,20250901,-0.0174708818635606,0.6666666666666666,2025,TRUE_IGNORED
0.8565153733528552,1.1256028445633612,-0.1443994601889338,000837,20250901,-0.0212933753943218,0.6666666666666666,2025,OTHER
0.7485714285714287,1.1357934117163024,-0.18832891246684347,002377,20250901,0.0326797385620916,0.8333333333333334,2025,OTHER
0.4237804878048781,2.302236617746743,-0.2587301587301587,300510,20250901,-0.0792291220556745,0.1666666666666666,2025,OTHER
0.842857965561592,1.8304549881102608,-0.09314586994727592,603912,20250901,-0.181201550387597,0.3333333333333333,2025,OTHER
1.3646958036400632,1.60050028232727,-0.2537596538399981,688010,20250901,-0.1309090909090908,0.8333333333333334,2025,HIGH_ATTN_DROP
0.5111057791311309,0.9423413231726567,-0.08590604026845639,300092,20250901,0.2158590308370043,0.3333333333333333,2025,OTHER
1.3265155702966647,2.1417666499453283,-0.06826064497085105,688696,20250901,-0.1257722160620941,0.6666666666666666,2025,HIGH_ATTN_STRONG
0.33439490445859876,0.8940318808121192,-0.08913043478260851,002707,20250901,-0.1503579952267303,0.6666666666666666,2025,TRUE_IGNORED
0.18898596851409533,0.9781663167993501,-0.19744408945686898,003000,20250901,-0.0565960415354411,0.6666666666666666,2025,TRUE_IGNORED
0.44735171302759347,1.6996363540452755,-0.11085990730038786,600563,20250901,-0.129,0.3333333333333333,2025,OTHER
0.5690760417983922,1.5998349899837447,-0.042809940294025184,300232,20250901,-0.093711467324291,0.6666666666666666,2025,OTHER
0.7086887054740301,1.2349820262325704,-0.05838391230597817,002568,20250901,-0.1427541456380676,0.5,2025,OTHER
0.5308771942527699,2.2049406771375106,-0.17057356608478802,300519,20250901,-0.0120264582080575,0.3333333333333333,2025,OTHER
0.21795046017708786,1.4240636510768383,-0.15239577954682104,601628,20250901,0.0724030051436162,0.5,2025,OTHER
0.1821565819612201,1.1221613851225385,-0.08586126757046253,603051,20250901,-0.0047258979206049,0.5,2025,OTHER
0.3928946140106879,0.7929492616775707,-0.09596928982725528,603727,20250901,0.1104033970276008,0.5,2025,TRUE_IGNORED
0.2921101366877865,1.3863072186818635,-0.10604192355117137,002440,20250901,0.0358620689655171,0.8333333333333334,2025,OTHER
0.09843313551710775,1.2059744331146491,-0.18558745875370175,000786,20250901,-0.0365435858393605,0.5,2025,OTHER
0.5640289047643958,1.1178442716710575,-0.11781127861529872,300758,20250901,-0.1468354430379747,0.5,2025,OTHER
0.24703087885985742,0.9595936042386868,-0.2093373493975903,000516,20250901,-0.0780952380952381,0.6666666666666666,2025,TRUE_IGNORED
0.08865248226950362,1.52830504940867,-0.10495626822157444,002099,20250901,0.0146579804560262,0.6666666666666666,2025,OTHER
0.44278025168892565,1.6485678923616263,-0.05081300813008116,601236,20250901,-0.0741808615959869,0.3333333333333333,2025,OTHER
0.24505615746241927,0.7910066283495788,-0.08278388278388282,000719,20250901,-0.0135782747603834,0.8333333333333334,2025,TRUE_IGNORED
0.42252328535139716,1.191652268838341,-0.11578947368421044,300238,20250901,-0.0922619047619047,0.8333333333333334,2025,OTHER
0.1746447404429834,0.8032925108906336,-0.018203883495145567,601811,20250901,-0.1218387996013931,0.6666666666666666,2025,TRUE_IGNORED
4.945190586529908,0.9931610123911058,-0.1992974671843224,301209,20250901,0.2232740706534286,0.5,2025,HIGH_ATTN_STRONG
0.46961697578024775,1.0470315933362058,-0.20123456515170968,002927,20250901,0.1285245901639344,0.6666666666666666,2025,OTHER
0.18027563087490983,0.7304357911214967,-0.3095712368882797,301116,20250901,0.0709903593339176,0.3333333333333333,2025,TRUE_IGNORED
0.11124695726691014,0.8544397887572868,-0.1899321246091682,000875,20250901,0.0887447554144433,0.8333333333333334,2025,TRUE_IGNORED
0.765967579718744,1.4649979400924111,-0.12844113902975096,300005,20250901,0.2579617834394903,0.8333333333333334,2025,OTHER
0.2695214105793451,1.1320451202802313,-0.16139767054908483,603335,20250901,0.246031746031746,0.6666666666666666,2025,OTHER
0.541524459613197,0.9983668506241294,-0.10501981505944513,301307,20250901,0.4612546125461254,0.5,2025,OTHER
0.4053040599125637,0.8672320934410067,-0.043890865954922975,002772,20250901,0.6290322580645162,0.5,2025,TRUE_IGNORED
0.9694569729684488,1.6455691478716747,-0.0436282967710131,300777,20250901,-0.1889175257731958,0.5,2025,OTHER
0.4467661691542286,2.628922493629875,-0.10797546012269943,600877,20250901,0.0625859697386519,0.6666666666666666,2025,OTHER
0.3728813559322035,0.5701689526458855,-0.39249999999999996,002285,20250901,0.251028806584362,0.6666666666666666,2025,TRUE_IGNORED
0.39846327965103057,0.5880232537759179,-0.21482543492552764,002919,20250901,0.4660804020100502,0.0,2025,TRUE_IGNORED
0.39366004312298886,2.4983708410392573,-0.12087356283181783,600906,20250901,-0.1007535302646747,0.6666666666666666,2025,OTHER
0.9798495785514052,1.2335256288467793,0.0,002155,20250901,-0.0127528583992964,0.6666666666666666,2025,OTHER
0.2767794678809006,1.091067314626242,-0.10333839979979165,002461,20250901,-0.1283471837488459,0.6666666666666666,2025,OTHER
0.1029350900752426,1.533058190934689,-0.1422805755822627,000651,20250901,-0.0135233035498671,0.5,2025,OTHER
0.5116745108294074,1.1682474331560075,-0.11661973696018824,300446,20250901,0.1462472406181014,0.5,2025,OTHER
0.47958362985280156,1.834764670067539,-0.1811362338405238,301291,20250901,-0.0543702122284426,0.5,2025,OTHER
0.30588653281324696,0.8574633377004282,-0.1155800954665519,600573,20250901,0.0024650780608053,1.0,2025,TRUE_IGNORED
1.0971202710333143,1.2867311710556804,-0.11613517372679683,688052,20250901,-0.1778675282714055,0.6666666666666666,2025,HIGH_ATTN_STRONG
0.5332103321033212,0.713156611755158,-0.18529411764705872,300270,20250901,0.6185318892900118,0.3333333333333333,2025,OTHER
0.9791395045632332,1.6393133582528627,-0.13749999999999996,688416,20250901,0.1857707509881423,0.3333333333333333,2025,OTHER
0.7696747421430621,0.9325954100346128,-0.3528662420382165,605136,20250901,0.0777559055118108,0.5,2025,OTHER
1.3555555555555556,1.2797009582746082,-0.13203684749232336,300022,20250901,-0.0165094339622642,0.5,2025,HIGH_ATTN_STRONG
0.32418483829402667,1.0439312059231673,-0.12375692373424008,603933,20250901,0.5345454545454547,0.3333333333333333,2025,OTHER
0.45839286284188474,1.0553020245466271,-0.12239347234814135,000680,20250901,0.0838071739679446,0.5,2025,OTHER
0.8310936247413407,0.7776713797909881,-0.28321292296450074,603110,20250901,-0.0316985645933013,0.3333333333333333,2025,OTHER
0.3119254860428331,0.7827953899800932,-0.14748812813172785,603070,20250901,-0.0539180445722501,0.5,2025,TRUE_IGNORED
1.0973266137739959,1.1165659257081504,-0.3003472222222223,688776,20250901,0.0769230769230768,0.3333333333333333,2025,HIGH_ATTN_DROP
0.33486441279975465,1.148931883573032,-0.11563981042654037,000705,20250901,0.0428724544480172,0.6666666666666666,2025,OTHER
0.24576701499842613,2.078155665603617,-0.032068062827225186,000902,20250901,0.0473292765382016,0.8333333333333334,2025,OTHER
0.5595856086426425,1.2270504284268313,-0.19709543568464727,301270,20250901,-0.0023255813953488,0.8333333333333334,2025,OTHER
0.3106796116504853,1.0190652209034659,-0.16000000000000003,301558,20250901,-0.0275132275132274,0.5,2025,OTHER
0.202247191011236,1.1215489531496412,-0.1874703369719981,001239,20250901,-0.054322429906542,0.5,2025,OTHER
1.377036707235137,2.052865888042147,0.0,301031,20250901,-0.0790519348098122,1.0,2025,HIGH_ATTN_STRONG
0.3267881443597114,1.331931612756183,-0.08333333333333337,003025,20250901,0.0070472163495418,1.0,2025,OTHER
0.6439955833722228,1.8100935107994347,-0.08041775456919054,603112,20250901,0.0290386829291982,0.8333333333333334,2025,OTHER
0.3478018451507996,1.6321533559897676,-0.041511559109289276,603375,20250901,-0.1206663665015758,0.0,2025,OTHER
0.6745098039215687,0.8270150552712117,-0.11776859504132242,300369,20250901,-0.0316159250585479,0.6666666666666666,2025,OTHER
0.36749245762065663,0.957937235094194,-0.09196492257135114,600833,20250901,-0.0610006854009596,0.3333333333333333,2025,TRUE_IGNORED
0.8012513366148986,0.6618011923661888,-0.15268239305654308,002495,20250901,0.1291512915129151,0.8333333333333334,2025,OTHER
0.6780804723317462,2.0369538668401126,-0.07917525773195877,301229,20250901,-0.0810399674505883,0.3333333333333333,2025,OTHER
0.6360655737704919,0.9697020937201127,-0.15993265993265993,300256,20250901,-0.0941883767535071,0.1666666666666666,2025,OTHER
0.3490032556079752,1.5792939873712828,-0.06912442396313356,002566,20250901,0.0185643564356434,0.5,2025,OTHER
0.88909658926925,1.6988086429879639,-0.0420862702258723,300720,20250901,0.1200779727095517,0.8333333333333334,2025,OTHER
0.5278840117621646,1.4882461105321707,-0.11852845475259732,300235,20250901,0.3561983471074379,0.6666666666666666,2025,OTHER
0.20735806537778112,0.7716528532467103,-0.14788382693529667,601096,20250901,-0.0546211579255813,0.5,2025,TRUE_IGNORED
0.6757246376811596,0.5585532921617908,-0.3716032608695653,603803,20250901,0.2356756756756757,0.5,2025,OTHER
1.3333333333333335,0.6417295894820733,-0.31338028169014076,300061,20250901,-0.1860805860805862,0.5,2025,HIGH_ATTN_DROP
0.8074042519855671,0.8615671388730816,-0.18778376824352294,300231,20250901,-0.161042944785276,0.5,2025,OTHER
0.02096434568216532,0.9550743448784649,-0.295080245618662,301567,20250901,0.2973414179104476,0.1666666666666666,2025,TRUE_IGNORED
-0.15226748922744338,0.8819571786339265,-0.20308646732680624,600674,20250901,-0.0027303754266212,0.6666666666666666,2025,TRUE_IGNORED
0.26861049870416576,1.3554563986504522,-0.09349289167399188,002728,20250901,0.517467248908297,0.6666666666666666,2025,OTHER
0.9649726396986364,1.56282968527077,0.0,688123,20250901,0.4720586601488723,0.8333333333333334,2025,OTHER
0.38964797149344466,1.4390809725253846,-0.09510759867005858,600369,20250901,-0.0805621638106894,0.5,2025,OTHER
