code,day,E,upgraded,stayed_l1,fell
000019,20220104,E1,True,False,False
000021,20220104,E1,True,False,False
000025,20220104,E2,False,True,False
000063,20220104,E0,True,False,False
000153,20220104,E0,False,True,False
000333,20220104,E0,False,True,False
000338,20220104,E0,False,True,False
000402,20220104,E0,True,False,False
000425,20220104,E0,True,False,False
000501,20220104,E1,True,False,False
000510,20220104,E0,True,False,False
000550,20220104,E0,True,False,False
000581,20220104,E0,True,False,False
000612,20220104,E0,False,True,False
000625,20220104,E0,True,False,False
000630,20220104,E0,True,False,False
000635,20220104,E0,True,False,False
000636,20220104,E1,False,True,False
000651,20220104,E0,True,False,False
000659,20220104,E0,True,False,False
000661,20220104,E0,True,False,False
000680,20220104,E1,True,False,False
000731,20220104,E0,True,False,False
000739,20220104,E0,False,True,False
000751,20220104,E0,True,False,False
000783,20220104,E1,False,True,False
000789,20220104,E0,True,False,False
000799,20220104,E0,True,False,False
000800,20220104,E0,True,False,False
000807,20220104,E0,True,False,False
000825,20220104,E1,False,True,False
000830,20220104,E0,True,False,False
000837,20220104,E0,True,False,False
000848,20220104,E0,True,False,False
000858,20220104,E1,False,True,False
000869,20220104,E0,True,False,False
000898,20220104,E0,True,False,False
000902,20220104,E1,True,False,False
000912,20220104,E0,True,False,False
000913,20220104,E0,True,False,False
000915,20220104,E1,True,False,False
000932,20220104,E0,True,False,False
000949,20220104,E0,False,True,False
000951,20220104,E1,False,True,False
000959,20220104,E0,False,True,False
000962,20220104,E1,True,False,False
000968,20220104,E0,True,False,False
000980,20220104,E0,False,True,False
001201,20220104,E2,True,False,False
001205,20220104,E2,False,True,False
001213,20220104,E2,False,True,False
001215,20220104,E2,False,True,False
001216,20220104,E2,False,True,False
001217,20220104,E2,False,True,False
001219,20220104,E2,False,True,False
001317,20220104,E2,False,True,False
002007,20220104,E1,False,True,False
002027,20220104,E0,True,False,False
002034,20220104,E0,True,False,False
002035,20220104,E0,True,False,False
002039,20220104,E0,True,False,False
002064,20220104,E0,False,True,False
002067,20220104,E0,True,False,False
002079,20220104,E0,True,False,False
002097,20220104,E1,True,False,False
002110,20220104,E0,True,False,False
002114,20220104,E1,True,False,False
002119,20220104,E0,True,False,False
002125,20220104,E0,True,False,False
002136,20220104,E0,True,False,False
002145,20220104,E0,False,True,False
002151,20220104,E0,True,False,False
002155,20220104,E0,False,True,False
002167,20220104,E0,True,False,False
002184,20220104,E0,False,True,False
002194,20220104,E0,True,False,False
002201,20220104,E0,False,True,False
002217,20220104,E0,True,False,False
002233,20220104,E0,True,False,False
002237,20220104,E0,True,False,False
002239,20220104,E0,False,True,False
002248,20220104,E0,True,False,False
002267,20220104,E0,True,False,False
002281,20220104,E0,True,False,False
002283,20220104,E0,False,True,False
002285,20220104,E0,False,True,False
002287,20220104,E0,True,False,False
002294,20220104,E0,True,False,False
002297,20220104,E1,True,False,False
002304,20220104,E0,True,False,False
002326,20220104,E0,False,True,False
002329,20220104,E0,True,False,False
002346,20220104,E0,False,True,False
002351,20220104,E0,False,True,False
002369,20220104,E0,False,True,False
002371,20220104,E0,True,False,False
002378,20220104,E0,True,False,False
002379,20220104,E0,True,False,False
002390,20220104,E0,True,False,False
002410,20220104,E1,True,False,False
002414,20220104,E0,False,True,False
002415,20220104,E0,True,False,False
002418,20220104,E1,False,True,False
002422,20220104,E1,True,False,False
002429,20220104,E0,False,True,False
002442,20220104,E0,False,True,False
002448,20220104,E0,True,False,False
002454,20220104,E1,True,False,False
002455,20220104,E0,False,True,False
002479,20220104,E0,True,False,False
002481,20220104,E0,True,False,False
002497,20220104,E0,True,False,False
002508,20220104,E0,True,False,False
002510,20220104,E1,True,False,False
002518,20220104,E0,False,True,False
002521,20220104,E0,True,False,False
002522,20220104,E0,False,True,False
002536,20220104,E0,False,True,False
002558,20220104,E0,True,False,False
002568,20220104,E0,False,True,False
002570,20220104,E1,True,False,False
002571,20220104,E1,False,True,False
002606,20220104,E0,False,True,False
002611,20220104,E0,True,False,False
002623,20220104,E0,False,True,False
002627,20220104,E0,True,False,False
002636,20220104,E0,False,True,False
002651,20220104,E0,False,True,False
002658,20220104,E0,False,True,False
002690,20220104,E0,False,True,False
002698,20220104,E1,True,False,False
002732,20220104,E0,False,True,False
002745,20220104,E0,False,True,False
002753,20220104,E1,True,False,False
002799,20220104,E1,True,False,False
002821,20220104,E1,False,True,False
002828,20220104,E1,True,False,False
002833,20220104,E0,True,False,False
002842,20220104,E0,True,False,False
002845,20220104,E0,False,True,False
002858,20220104,E1,False,True,False
002895,20220104,E0,True,False,False
002901,20220104,E0,False,True,False
002978,20220104,E0,False,True,False
002979,20220104,E0,False,True,False
003015,20220104,E0,True,False,False
003016,20220104,E0,False,True,False
003026,20220104,E1,False,True,False
003035,20220104,E1,False,True,False
003043,20220104,E2,True,False,False
300002,20220104,E0,False,True,False
300006,20220104,E0,False,True,False
300040,20220104,E0,False,True,False
300046,20220104,E0,False,True,False
300049,20220104,E1,True,False,False
300062,20220104,E0,True,False,False
300067,20220104,E1,True,False,False
300106,20220104,E0,False,True,False
300133,20220104,E0,False,True,False
300141,20220104,E0,True,False,False
300145,20220104,E1,True,False,False
300160,20220104,E1,True,False,False
300172,20220104,E0,True,False,False
300179,20220104,E0,True,False,False
300193,20220104,E0,False,True,False
300200,20220104,E1,True,False,False
300221,20220104,E0,False,True,False
300223,20220104,E1,False,True,False
300226,20220104,E0,False,True,False
300233,20220104,E0,True,False,False
300239,20220104,E0,True,False,False
300241,20220104,E0,True,False,False
300252,20220104,E0,True,False,False
300258,20220104,E0,False,True,False
300275,20220104,E1,True,False,False
300283,20220104,E1,True,False,False
300285,20220104,E0,True,False,False
300296,20220104,E0,False,True,False
300307,20220104,E1,False,True,False
300319,20220104,E1,False,True,False
300334,20220104,E0,True,False,False
300345,20220104,E0,True,False,False
300346,20220104,E0,True,False,False
300347,20220104,E0,True,False,False
300350,20220104,E0,True,False,False
300357,20220104,E0,True,False,False
300382,20220104,E0,False,True,False
300401,20220104,E0,True,False,False
300402,20220104,E0,True,False,False
300403,20220104,E1,False,True,False
300404,20220104,E1,True,False,False
300405,20220104,E0,False,True,False
300427,20220104,E0,True,False,False
300429,20220104,E1,True,False,False
300450,20220104,E1,False,True,False
300453,20220104,E0,True,False,False
300454,20220104,E0,False,True,False
300458,20220104,E0,False,True,False
300482,20220104,E0,True,False,False
300483,20220104,E0,True,False,False
300488,20220104,E0,True,False,False
300503,20220104,E0,True,False,False
300505,20220104,E0,True,False,False
300508,20220104,E0,False,True,False
300529,20220104,E0,True,False,False
300548,20220104,E1,True,False,False
300549,20220104,E0,True,False,False
300554,20220104,E0,True,False,False
300558,20220104,E0,False,True,False
300563,20220104,E0,True,False,False
300576,20220104,E0,True,False,False
300585,20220104,E0,True,False,False
300587,20220104,E1,False,True,False
300595,20220104,E0,True,False,False
300601,20220104,E0,False,True,False
300614,20220104,E2,False,True,False
300621,20220104,E0,True,False,False
300623,20220104,E0,True,False,False
300626,20220104,E0,True,False,False
300628,20220104,E0,True,False,False
300639,20220104,E0,True,False,False
300642,20220104,E0,False,True,False
300643,20220104,E1,True,False,False
300661,20220104,E0,True,False,False
300671,20220104,E0,True,False,False
300676,20220104,E0,False,True,False
300677,20220104,E1,False,True,False
300685,20220104,E0,False,True,False
300693,20220104,E1,False,True,False
300706,20220104,E1,True,False,False
300708,20220104,E0,False,True,False
300710,20220104,E1,False,True,False
300719,20220104,E0,True,False,False
300720,20220104,E0,True,False,False
300724,20220104,E0,True,False,False
300725,20220104,E0,False,True,False
300727,20220104,E1,False,True,False
300747,20220104,E1,False,True,False
300758,20220104,E1,False,True,False
300760,20220104,E1,True,False,False
300762,20220104,E1,False,True,False
300772,20220104,E0,False,True,False
300780,20220104,E0,True,False,False
300782,20220104,E0,True,False,False
300814,20220104,E2,False,True,False
300821,20220104,E0,False,True,False
300825,20220104,E0,False,True,False
300829,20220104,E1,False,True,False
300832,20220104,E0,True,False,False
300854,20220104,E2,False,True,False
300861,20220104,E1,True,False,False
300875,20220104,E0,True,False,False
300880,20220104,E0,True,False,False
300891,20220104,E0,False,True,False
300894,20220104,E0,False,True,False
300896,20220104,E1,True,False,False
300898,20220104,E1,False,True,False
300906,20220104,E0,True,False,False
300908,20220104,E0,False,True,False
300909,20220104,E0,True,False,False
300931,20220104,E0,True,False,False
300942,20220104,E1,False,True,False
300946,20220104,E0,True,False,False
300950,20220104,E1,False,True,False
300955,20220104,E2,False,True,False
300958,20220104,E2,False,True,False
300962,20220104,E2,False,True,False
300964,20220104,E2,False,True,False
300965,20220104,E2,False,True,False
300966,20220104,E2,True,False,False
300967,20220104,E2,False,True,False
300968,20220104,E2,True,False,False
300969,20220104,E2,False,True,False
300970,20220104,E2,False,True,False
300972,20220104,E2,True,False,False
300973,20220104,E2,False,True,False
300978,20220104,E2,False,True,False
300979,20220104,E2,True,False,False
300992,20220104,E2,True,False,False
300997,20220104,E2,False,True,False
300998,20220104,E2,True,False,False
301001,20220104,E2,False,True,False
301006,20220104,E2,False,True,False
301007,20220104,E2,True,False,False
301009,20220104,E2,True,False,False
301011,20220104,E2,False,True,False
301018,20220104,E2,False,True,False
301020,20220104,E2,False,True,False
301021,20220104,E2,False,True,False
301022,20220104,E2,True,False,False
301028,20220104,E2,False,True,False
301029,20220104,E2,False,True,False
301031,20220104,E2,False,True,False
301035,20220104,E2,False,True,False
301039,20220104,E2,False,True,False
301040,20220104,E2,False,True,False
301041,20220104,E2,False,True,False
301047,20220104,E2,False,True,False
301049,20220104,E2,False,True,False
301050,20220104,E2,False,True,False
301052,20220104,E2,False,True,False
301053,20220104,E2,False,True,False
301055,20220104,E2,False,True,False
301056,20220104,E2,False,True,False
301057,20220104,E2,False,True,False
301058,20220104,E2,False,True,False
301060,20220104,E2,False,True,False
301062,20220104,E2,False,True,False
301065,20220104,E2,False,True,False
301066,20220104,E2,False,True,False
301068,20220104,E2,False,True,False
301069,20220104,E2,False,True,False
301071,20220104,E2,False,True,False
301072,20220104,E2,False,True,False
301075,20220104,E2,False,True,False
301079,20220104,E2,False,True,False
301080,20220104,E2,False,True,False
301082,20220104,E2,False,True,False
301083,20220104,E2,False,True,False
301085,20220104,E2,False,True,False
301087,20220104,E2,False,True,False
301089,20220104,E2,False,True,False
301090,20220104,E2,False,True,False
301091,20220104,E2,False,True,False
301092,20220104,E2,False,True,False
301093,20220104,E2,False,True,False
301108,20220104,E2,False,True,False
301118,20220104,E2,False,True,False
301119,20220104,E2,False,True,False
301128,20220104,E2,False,True,False
301129,20220104,E2,False,True,False
301133,20220104,E2,False,True,False
301149,20220104,E2,False,True,False
301155,20220104,E2,False,True,False
301169,20220104,E2,False,True,False
301178,20220104,E2,False,True,False
301180,20220104,E2,False,True,False
301185,20220104,E2,False,True,False
301188,20220104,E2,False,True,False
600025,20220104,E0,True,False,False
600031,20220104,E0,True,False,False
600032,20220104,E2,True,False,False
600036,20220104,E0,False,True,False
600050,20220104,E0,True,False,False
600061,20220104,E0,True,False,False
600075,20220104,E0,True,False,False
600081,20220104,E1,True,False,False
600094,20220104,E0,False,True,False
600103,20220104,E0,True,False,False
600108,20220104,E1,True,False,False
600118,20220104,E0,False,True,False
600150,20220104,E0,True,False,False
600161,20220104,E0,False,True,False
600166,20220104,E0,False,True,False
600171,20220104,E0,True,False,False
600183,20220104,E1,True,False,False
600185,20220104,E0,False,True,False
600189,20220104,E0,False,True,False
600208,20220104,E1,False,True,False
600215,20220104,E0,True,False,False
600216,20220104,E1,True,False,False
600230,20220104,E0,True,False,False
600236,20220104,E1,True,False,False
600251,20220104,E0,True,False,False
600276,20220104,E0,False,True,False
600295,20220104,E0,True,False,False
600307,20220104,E1,True,False,False
600308,20220104,E0,True,False,False
600316,20220104,E1,False,True,False
600352,20220104,E0,True,False,False
600359,20220104,E0,True,False,False
600363,20220104,E1,True,False,False
600373,20220104,E1,True,False,False
600398,20220104,E0,True,False,False
600425,20220104,E1,True,False,False
600426,20220104,E0,True,False,False
600428,20220104,E0,True,False,False
600468,20220104,E1,True,False,False
600470,20220104,E0,True,False,False
600509,20220104,E0,False,True,False
600512,20220104,E0,True,False,False
600517,20220104,E0,False,True,False
600540,20220104,E0,False,True,False
600546,20220104,E0,True,False,False
600548,20220104,E0,True,False,False
600582,20220104,E0,True,False,False
600583,20220104,E0,True,False,False
600586,20220104,E0,False,True,False
600598,20220104,E0,True,False,False
600609,20220104,E0,True,False,False
600618,20220104,E0,True,False,False
600635,20220104,E1,True,False,False
600644,20220104,E1,True,False,False
600653,20220104,E0,True,False,False
600660,20220104,E1,False,True,False
600691,20220104,E0,True,False,False
600717,20220104,E1,True,False,False
600740,20220104,E0,False,True,False
600746,20220104,E0,True,False,False
600749,20220104,E0,True,False,False
600760,20220104,E0,True,False,False
600779,20220104,E0,False,True,False
600780,20220104,E0,True,False,False
600782,20220104,E0,True,False,False
600792,20220104,E1,False,True,False
600793,20220104,E0,True,False,False
600798,20220104,E0,True,False,False
600802,20220104,E0,True,False,False
600808,20220104,E0,True,False,False
600809,20220104,E1,True,False,False
600816,20220104,E0,True,False,False
600819,20220104,E1,True,False,False
600825,20220104,E1,True,False,False
600827,20220104,E0,True,False,False
600831,20220104,E1,True,False,False
600841,20220104,E0,True,False,False
600845,20220104,E0,True,False,False
600846,20220104,E1,True,False,False
600863,20220104,E1,True,False,False
600867,20220104,E1,True,False,False
600888,20220104,E1,True,False,False
600903,20220104,E0,False,True,False
600905,20220104,E2,True,False,False
600908,20220104,E0,False,True,False
600916,20220104,E1,False,True,False
600926,20220104,E0,True,False,False
600928,20220104,E0,False,True,False
600935,20220104,E2,False,True,False
600955,20220104,E2,False,True,False
600956,20220104,E0,False,True,False
600959,20220104,E0,True,False,False
600961,20220104,E1,False,True,False
600966,20220104,E0,False,True,False
600988,20220104,E0,True,False,False
600997,20220104,E0,False,True,False
601002,20220104,E0,True,False,False
601003,20220104,E1,False,True,False
601016,20220104,E1,False,True,False
601066,20220104,E0,True,False,False
601100,20220104,E0,False,True,False
601139,20220104,E0,False,True,False
601156,20220104,E2,True,False,False
601162,20220104,E0,True,False,False
601163,20220104,E0,True,False,False
601229,20220104,E0,False,True,False
601279,20220104,E2,True,False,False
601298,20220104,E1,True,False,False
601318,20220104,E1,True,False,False
601319,20220104,E0,True,False,False
601330,20220104,E1,False,True,False
601336,20220104,E0,False,True,False
601555,20220104,E1,True,False,False
601568,20220104,E0,True,False,False
601577,20220104,E0,False,True,False
601579,20220104,E0,True,False,False
601595,20220104,E0,True,False,False
601598,20220104,E0,True,False,False
601601,20220104,E0,False,True,False
601608,20220104,E0,True,False,False
601616,20220104,E1,True,False,False
601619,20220104,E0,True,False,False
601628,20220104,E1,True,False,False
601633,20220104,E0,False,True,False
601665,20220104,E2,True,False,False
601666,20220104,E0,True,False,False
601696,20220104,E0,True,False,False
601698,20220104,E0,False,True,False
601699,20220104,E1,True,False,False
601717,20220104,E0,True,False,False
601728,20220104,E2,False,True,False
601825,20220104,E2,False,True,False
601828,20220104,E0,False,True,False
601838,20220104,E1,True,False,False
601866,20220104,E0,True,False,False
601888,20220104,E0,True,False,False
601898,20220104,E0,True,False,False
601901,20220104,E0,True,False,False
601908,20220104,E0,False,True,False
601921,20220104,E2,False,True,False
601928,20220104,E0,True,False,False
601929,20220104,E1,False,True,False
601939,20220104,E1,True,False,False
601956,20220104,E0,True,False,False
601969,20220104,E0,False,True,False
601995,20220104,E0,True,False,False
601996,20220104,E0,True,False,False
603002,20220104,E0,True,False,False
603013,20220104,E1,True,False,False
603020,20220104,E1,False,True,False
603025,20220104,E0,True,False,False
603026,20220104,E0,False,True,False
603039,20220104,E1,False,True,False
603048,20220104,E2,False,True,False
603067,20220104,E0,True,False,False
603080,20220104,E0,False,True,False
603087,20220104,E0,False,True,False
603113,20220104,E1,False,True,False
603155,20220104,E0,True,False,False
603156,20220104,E0,True,False,False
603166,20220104,E1,True,False,False
603168,20220104,E0,True,False,False
603195,20220104,E1,True,False,False
603213,20220104,E2,False,True,False
603214,20220104,E1,False,True,False
603219,20220104,E2,False,True,False
603225,20220104,E0,False,True,False
603259,20220104,E0,True,False,False
603288,20220104,E0,True,False,False
603308,20220104,E0,False,True,False
603345,20220104,E0,True,False,False
603379,20220104,E0,True,False,False
603392,20220104,E1,True,False,False
603393,20220104,E0,True,False,False
603396,20220104,E1,False,True,False
603416,20220104,E1,False,True,False
603444,20220104,E0,True,False,False
603456,20220104,E1,True,False,False
603486,20220104,E0,True,False,False
603489,20220104,E0,True,False,False
603511,20220104,E2,False,True,False
603529,20220104,E2,True,False,False
603538,20220104,E0,True,False,False
603587,20220104,E0,False,True,False
603613,20220104,E0,False,True,False
603655,20220104,E0,False,True,False
603658,20220104,E1,True,False,False
603662,20220104,E1,False,True,False
603699,20220104,E1,False,True,False
603701,20220104,E0,True,False,False
603727,20220104,E0,False,True,False
603759,20220104,E2,True,False,False
603777,20220104,E0,False,True,False
603787,20220104,E0,True,False,False
603836,20220104,E2,False,True,False
603877,20220104,E0,False,True,False
603899,20220104,E0,True,False,False
603915,20220104,E0,False,True,False
603938,20220104,E0,True,False,False
603948,20220104,E0,True,False,False
603949,20220104,E1,True,False,False
603969,20220104,E0,True,False,False
603987,20220104,E1,False,True,False
603988,20220104,E0,True,False,False
605006,20220104,E0,True,False,False
605011,20220104,E2,False,True,False
605020,20220104,E2,False,True,False
605028,20220104,E2,False,True,False
605056,20220104,E2,False,True,False
605080,20220104,E2,True,False,False
605086,20220104,E2,False,True,False
605089,20220104,E2,True,False,False
605090,20220104,E2,True,False,False
605117,20220104,E2,True,False,False
605162,20220104,E2,False,True,False
605167,20220104,E2,False,True,False
605179,20220104,E1,False,True,False
605208,20220104,E1,False,True,False
605228,20220104,E0,True,False,False
605296,20220104,E2,False,True,False
605300,20220104,E2,False,True,False
605305,20220104,E2,False,True,False
605319,20220104,E2,False,True,False
605339,20220104,E2,False,True,False
605365,20220104,E2,False,True,False
605368,20220104,E0,True,False,False
605499,20220104,E2,False,True,False
605507,20220104,E2,False,True,False
605555,20220104,E2,False,True,False
605566,20220104,E2,False,True,False
605567,20220104,E2,False,True,False
605577,20220104,E2,False,True,False
605580,20220104,E2,False,True,False
605598,20220104,E2,False,True,False
605599,20220104,E2,False,True,False
688009,20220104,E0,True,False,False
688012,20220104,E0,True,False,False
688016,20220104,E0,True,False,False
688018,20220104,E0,False,True,False
688029,20220104,E0,False,True,False
688049,20220104,E2,False,True,False
688050,20220104,E0,True,False,False
688055,20220104,E1,True,False,False
688063,20220104,E0,True,False,False
688068,20220104,E1,True,False,False
688075,20220104,E2,False,True,False
688079,20220104,E0,False,True,False
688082,20220104,E2,False,True,False
688083,20220104,E0,True,False,False
688087,20220104,E2,False,True,False
688103,20220104,E2,False,True,False
688107,20220104,E2,False,True,False
688111,20220104,E0,True,False,False
688112,20220104,E2,False,True,False
688121,20220104,E2,False,True,False
688136,20220104,E0,True,False,False
688139,20220104,E0,True,False,False
688148,20220104,E2,False,True,False
688161,20220104,E2,False,True,False
688162,20220104,E2,False,True,False
688182,20220104,E2,False,True,False
688185,20220104,E0,False,True,False
688187,20220104,E2,False,True,False
688188,20220104,E0,True,False,False
688190,20220104,E2,False,True,False
688200,20220104,E0,True,False,False
688202,20220104,E0,True,False,False
688211,20220104,E2,False,True,False
688212,20220104,E2,False,True,False
688216,20220104,E2,False,True,False
688222,20220104,E0,False,True,False
688230,20220104,E2,False,True,False
688232,20220104,E2,False,True,False
688269,20220104,E2,True,False,False
688272,20220104,E2,False,True,False
688276,20220104,E2,False,True,False
688280,20220104,E2,False,True,False
688285,20220104,E2,False,True,False
688303,20220104,E2,False,True,False
688308,20220104,E0,False,True,False
688321,20220104,E0,False,True,False
688323,20220104,E2,False,True,False
688329,20220104,E2,False,True,False
688345,20220104,E2,False,True,False
688363,20220104,E0,True,False,False
688366,20220104,E0,False,True,False
688368,20220104,E0,False,True,False
688383,20220104,E2,True,False,False
688385,20220104,E2,False,True,False
688396,20220104,E0,True,False,False
688468,20220104,E2,False,True,False
688499,20220104,E2,False,True,False
688508,20220104,E0,True,False,False
688526,20220104,E0,False,True,False
688533,20220104,E2,True,False,False
688538,20220104,E2,True,False,False
688553,20220104,E2,False,True,False
688558,20220104,E0,True,False,False
688575,20220104,E2,True,False,False
688601,20220104,E2,True,False,False
688606,20220104,E2,True,False,False
688613,20220104,E2,False,True,False
688617,20220104,E0,False,True,False
688621,20220104,E2,True,False,False
688626,20220104,E2,False,True,False
688661,20220104,E2,False,True,False
688677,20220104,E0,True,False,False
688683,20220104,E2,True,False,False
688686,20220104,E0,False,True,False
688690,20220104,E2,True,False,False
688697,20220104,E2,False,True,False
688699,20220104,E0,False,True,False
688700,20220104,E2,True,False,False
688707,20220104,E2,False,True,False
688711,20220104,E2,False,True,False
688722,20220104,E2,False,True,False
688728,20220104,E2,False,True,False
688739,20220104,E2,False,True,False
688767,20220104,E2,False,True,False
688776,20220104,E2,False,True,False
688778,20220104,E2,False,True,False
688779,20220104,E2,False,True,False
688789,20220104,E2,False,True,False
688798,20220104,E2,False,True,False
688800,20220104,E2,False,True,False
688981,20220104,E0,True,False,False
689009,20220104,E0,False,True,False
000025,20220505,E2,False,True,False
000026,20220505,E1,True,False,False
000030,20220505,E1,False,True,False
000049,20220505,E0,True,False,False
000153,20220505,E0,True,False,False
000333,20220505,E0,False,True,False
000338,20220505,E0,False,True,False
000408,20220505,E1,True,False,False
000420,20220505,E0,True,False,False
000423,20220505,E1,True,False,False
000520,20220505,E0,True,False,False
000534,20220505,E0,False,False,True
000552,20220505,E0,False,True,False
000557,20220505,E0,True,False,False
000592,20220505,E0,False,False,True
000612,20220505,E1,False,False,True
000629,20220505,E1,True,False,False
000636,20220505,E0,False,True,False
000650,20220505,E1,False,True,False
000655,20220505,E0,False,False,True
000657,20220505,E0,False,True,False
000717,20220505,E0,True,False,False
000739,20220505,E0,False,True,False
000783,20220505,E1,True,False,False
000811,20220505,E1,True,False,False
000812,20220505,E0,True,False,False
000825,20220505,E1,False,True,False
000858,20220505,E1,False,True,False
000862,20220505,E1,False,True,False
000875,20220505,E0,False,True,False
000920,20220505,E0,True,False,False
000930,20220505,E1,False,True,False
000935,20220505,E1,False,True,False
000951,20220505,E1,False,False,True
000959,20220505,E1,True,False,False
000969,20220505,E0,True,False,False
001205,20220505,E0,True,False,False
001213,20220505,E2,False,True,False
001215,20220505,E2,False,False,True
001216,20220505,E2,True,False,False
001217,20220505,E2,True,False,False
001219,20220505,E2,True,False,False
001227,20220505,E2,False,True,False
001234,20220505,E2,False,True,False
001266,20220505,E2,False,True,False
001289,20220505,E2,False,True,False
001296,20220505,E2,False,True,False
001308,20220505,E2,False,True,False
001313,20220505,E2,False,True,False
001317,20220505,E2,False,False,True
002007,20220505,E0,True,False,False
002008,20220505,E0,False,True,False
002011,20220505,E0,True,False,False
002015,20220505,E0,False,False,True
002026,20220505,E0,True,False,False
002036,20220505,E0,True,False,False
002043,20220505,E1,False,True,False
002045,20220505,E1,True,False,False
002048,20220505,E0,False,True,False
002050,20220505,E1,True,False,False
002064,20220505,E1,False,True,False
002075,20220505,E0,True,False,False
002088,20220505,E0,True,False,False
002101,20220505,E0,True,False,False
002140,20220505,E0,True,False,False
002141,20220505,E0,True,False,False
002142,20220505,E0,False,True,False
002145,20220505,E0,True,False,False
002155,20220505,E1,True,False,False
002158,20220505,E0,True,False,False
002184,20220505,E1,True,False,False
002191,20220505,E0,True,False,False
002201,20220505,E0,False,True,False
002218,20220505,E0,False,False,True
002221,20220505,E0,True,False,False
002223,20220505,E1,False,False,True
002239,20220505,E0,True,False,False
002254,20220505,E0,True,False,False
002263,20220505,E0,False,False,True
002273,20220505,E1,True,False,False
002274,20220505,E1,False,True,False
002283,20220505,E0,False,True,False
002284,20220505,E0,False,True,False
002285,20220505,E0,True,False,False
002286,20220505,E1,True,False,False
002315,20220505,E1,True,False,False
002326,20220505,E0,False,True,False
002332,20220505,E1,True,False,False
002334,20220505,E1,True,False,False
002346,20220505,E0,False,True,False
002351,20220505,E1,False,False,True
002357,20220505,E1,False,False,True
002369,20220505,E0,False,False,True
002372,20220505,E1,True,False,False
002414,20220505,E0,False,False,True
002416,20220505,E0,True,False,False
002429,20220505,E0,False,False,True
002442,20220505,E1,False,False,True
002444,20220505,E0,False,False,True
002452,20220505,E1,True,False,False
002453,20220505,E0,False,True,False
002455,20220505,E0,False,True,False
002469,20220505,E1,True,False,False
002483,20220505,E0,True,False,False
002487,20220505,E0,False,False,True
002493,20220505,E0,False,True,False
002511,20220505,E0,False,False,True
002516,20220505,E0,True,False,False
002518,20220505,E0,True,False,False
002534,20220505,E0,False,False,True
002536,20220505,E0,False,False,True
002568,20220505,E0,False,False,True
002571,20220505,E0,True,False,False
002576,20220505,E1,True,False,False
002585,20220505,E0,True,False,False
002605,20220505,E0,False,False,True
002606,20220505,E1,True,False,False
002632,20220505,E1,True,False,False
002651,20220505,E0,False,True,False
002655,20220505,E0,False,True,False
002658,20220505,E1,True,False,False
002690,20220505,E0,True,False,False
002695,20220505,E1,False,False,True
002706,20220505,E1,False,True,False
002745,20220505,E1,True,False,False
002815,20220505,E1,True,False,False
002821,20220505,E1,False,True,False
002824,20220505,E0,False,True,False
002845,20220505,E0,True,False,False
002860,20220505,E0,True,False,False
002873,20220505,E0,True,False,False
002876,20220505,E0,True,False,False
002886,20220505,E0,False,False,True
002901,20220505,E0,False,False,True
002906,20220505,E0,True,False,False
002907,20220505,E0,False,False,True
002928,20220505,E0,False,False,True
002930,20220505,E0,True,False,False
002939,20220505,E0,True,False,False
002946,20220505,E1,True,False,False
002957,20220505,E0,True,False,False
002958,20220505,E0,False,True,False
002978,20220505,E0,True,False,False
002979,20220505,E0,True,False,False
003002,20220505,E0,True,False,False
003012,20220505,E0,False,False,True
003016,20220505,E1,True,False,False
003026,20220505,E1,False,False,True
003030,20220505,E0,False,False,True
003035,20220505,E1,False,True,False
300006,20220505,E0,True,False,False
300009,20220505,E1,True,False,False
300031,20220505,E0,False,False,True
300033,20220505,E1,False,True,False
300040,20220505,E0,False,True,False
300046,20220505,E1,False,True,False
300052,20220505,E0,True,False,False
300079,20220505,E0,True,False,False
300095,20220505,E0,False,True,False
300099,20220505,E1,False,True,False
300109,20220505,E0,True,False,False
300113,20220505,E0,False,False,True
300127,20220505,E0,False,False,True
300133,20220505,E1,True,False,False
300151,20220505,E0,False,False,True
300187,20220505,E0,True,False,False
300193,20220505,E0,False,True,False
300206,20220505,E1,False,False,True
300215,20220505,E0,True,False,False
300218,20220505,E0,False,True,False
300219,20220505,E0,True,False,False
300223,20220505,E0,False,True,False
300224,20220505,E1,True,False,False
300226,20220505,E1,False,True,False
300258,20220505,E0,True,False,False
300260,20220505,E1,True,False,False
300261,20220505,E0,False,True,False
300286,20220505,E0,True,False,False
300296,20220505,E1,True,False,False
300304,20220505,E1,True,False,False
300305,20220505,E0,False,True,False
300307,20220505,E0,True,False,False
300315,20220505,E1,False,True,False
300319,20220505,E0,True,False,False
300320,20220505,E0,True,False,False
300341,20220505,E0,True,False,False
300358,20220505,E0,True,False,False
300381,20220505,E0,True,False,False
300382,20220505,E0,True,False,False
300384,20220505,E0,True,False,False
300394,20220505,E0,True,False,False
300400,20220505,E0,False,True,False
300403,20220505,E0,True,False,False
300405,20220505,E0,True,False,False
300435,20220505,E0,True,False,False
300439,20220505,E0,True,False,False
300441,20220505,E0,True,False,False
300450,20220505,E0,False,True,False
300452,20220505,E1,True,False,False
300454,20220505,E0,False,False,True
300458,20220505,E0,True,False,False
300467,20220505,E0,True,False,False
300474,20220505,E1,False,True,False
300480,20220505,E0,False,True,False
300487,20220505,E0,True,False,False
300496,20220505,E0,True,False,False
300508,20220505,E0,True,False,False
300531,20220505,E0,False,False,True
300558,20220505,E1,False,False,True
300566,20220505,E0,False,False,True
300578,20220505,E0,False,False,True
300587,20220505,E0,True,False,False
300601,20220505,E1,False,True,False
300610,20220505,E0,True,False,False
300614,20220505,E0,False,True,False
300617,20220505,E0,False,True,False
300620,20220505,E0,True,False,False
300624,20220505,E1,False,True,False
300638,20220505,E0,False,True,False
300642,20220505,E0,False,False,True
300651,20220505,E1,False,True,False
300656,20220505,E1,True,False,False
300660,20220505,E1,True,False,False
300672,20220505,E0,True,False,False
300676,20220505,E0,False,False,True
300677,20220505,E0,False,False,True
300679,20220505,E0,True,False,False
300680,20220505,E1,True,False,False
300683,20220505,E0,True,False,False
300685,20220505,E0,False,True,False
300688,20220505,E0,False,False,True
300693,20220505,E0,True,False,False
300707,20220505,E0,False,False,True
300708,20220505,E0,False,False,True
300710,20220505,E1,False,False,True
300712,20220505,E0,True,False,False
300725,20220505,E0,False,True,False
300726,20220505,E0,False,True,False
300727,20220505,E0,True,False,False
300741,20220505,E1,False,False,True
300747,20220505,E0,False,False,True
300748,20220505,E0,True,False,False
300755,20220505,E0,False,True,False
300758,20220505,E0,True,False,False
300762,20220505,E0,True,False,False
300770,20220505,E1,False,True,False
300772,20220505,E0,True,False,False
300773,20220505,E0,False,True,False
300783,20220505,E0,True,False,False
300802,20220505,E0,True,False,False
300814,20220505,E2,False,False,True
300821,20220505,E1,False,True,False
300825,20220505,E1,False,True,False
300829,20220505,E0,False,False,True
300831,20220505,E1,True,False,False
300834,20220505,E2,False,True,False
300835,20220505,E0,True,False,False
300852,20220505,E0,True,False,False
300855,20220505,E0,True,False,False
300869,20220505,E0,False,False,True
300873,20220505,E0,True,False,False
300891,20220505,E0,True,False,False
300894,20220505,E1,False,True,False
300898,20220505,E0,False,True,False
300902,20220505,E0,False,False,True
300930,20220505,E0,False,False,True
300942,20220505,E0,False,False,True
300950,20220505,E0,False,False,True
300955,20220505,E0,False,False,True
300958,20220505,E1,False,True,False
300962,20220505,E0,True,False,False
300969,20220505,E0,True,False,False
300970,20220505,E0,False,False,True
300973,20220505,E0,False,False,True
300978,20220505,E0,False,False,True
300997,20220505,E0,False,False,True
301001,20220505,E0,False,False,True
301011,20220505,E0,True,False,False
301018,20220505,E2,True,False,False
301020,20220505,E2,False,False,True
301021,20220505,E2,True,False,False
301028,20220505,E2,False,True,False
301029,20220505,E2,False,True,False
301031,20220505,E2,False,False,True
301035,20220505,E2,True,False,False
301039,20220505,E2,False,False,True
301040,20220505,E2,False,False,True
301041,20220505,E2,False,False,True
301047,20220505,E2,False,False,True
301049,20220505,E2,False,False,True
301050,20220505,E2,False,False,True
301052,20220505,E2,False,True,False
301055,20220505,E2,False,True,False
301057,20220505,E2,False,True,False
301058,20220505,E2,False,True,False
301060,20220505,E2,False,True,False
301065,20220505,E2,False,False,True
301069,20220505,E2,False,False,True
301071,20220505,E2,True,False,False
301072,20220505,E2,False,False,True
301075,20220505,E2,False,False,True
301079,20220505,E2,False,False,True
301080,20220505,E2,True,False,False
301082,20220505,E2,True,False,False
301083,20220505,E2,False,False,True
301087,20220505,E2,False,False,True
301089,20220505,E2,False,True,False
301090,20220505,E2,True,False,False
301092,20220505,E2,False,False,True
301096,20220505,E2,False,True,False
301100,20220505,E2,False,False,True
301101,20220505,E2,False,True,False
301102,20220505,E2,False,True,False
301103,20220505,E2,False,True,False
301108,20220505,E2,False,True,False
301110,20220505,E2,False,True,False
301111,20220505,E2,False,True,False
301113,20220505,E2,False,False,True
301118,20220505,E2,False,True,False
301119,20220505,E2,False,True,False
301122,20220505,E2,False,True,False
301123,20220505,E2,False,True,False
301130,20220505,E2,False,True,False
301136,20220505,E2,False,True,False
301138,20220505,E2,False,True,False
301149,20220505,E2,False,True,False
301155,20220505,E2,False,False,True
301158,20220505,E2,False,True,False
301166,20220505,E2,False,True,False
301167,20220505,E2,False,True,False
301169,20220505,E2,False,True,False
301177,20220505,E2,False,True,False
301179,20220505,E2,False,True,False
301180,20220505,E2,False,True,False
301181,20220505,E2,False,True,False
301182,20220505,E2,False,False,True
301185,20220505,E2,False,True,False
301186,20220505,E2,False,True,False
301188,20220505,E2,False,True,False
301189,20220505,E2,False,False,True
301190,20220505,E2,False,True,False
301193,20220505,E2,False,False,True
301196,20220505,E2,False,True,False
301201,20220505,E2,False,True,False
301207,20220505,E2,False,True,False
301211,20220505,E2,False,False,True
301215,20220505,E2,False,True,False
301216,20220505,E2,False,True,False
301217,20220505,E2,False,True,False
301218,20220505,E2,False,True,False
301219,20220505,E2,False,True,False
301221,20220505,E2,False,False,True
301222,20220505,E2,False,True,False
301226,20220505,E2,False,True,False
301228,20220505,E2,False,False,True
301229,20220505,E2,False,False,True
301235,20220505,E2,False,True,False
301237,20220505,E2,False,False,True
301256,20220505,E2,False,True,False
301258,20220505,E2,False,True,False
301263,20220505,E2,False,False,True
600010,20220505,E0,True,False,False
600016,20220505,E1,True,False,False
600021,20220505,E0,False,True,False
600036,20220505,E0,False,True,False
600094,20220505,E0,True,False,False
600098,20220505,E0,False,True,False
600116,20220505,E1,True,False,False
600118,20220505,E1,True,False,False
600129,20220505,E0,True,False,False
600161,20220505,E0,True,False,False
600166,20220505,E0,False,True,False
600185,20220505,E1,False,False,True
600189,20220505,E1,True,False,False
600201,20220505,E0,False,False,True
600208,20220505,E1,True,False,False
600219,20220505,E0,False,True,False
600267,20220505,E0,False,True,False
600276,20220505,E0,False,False,True
600299,20220505,E1,True,False,False
600305,20220505,E0,True,False,False
600329,20220505,E0,True,False,False
600330,20220505,E0,True,False,False
600348,20220505,E0,True,False,False
600399,20220505,E0,True,False,False
600408,20220505,E1,False,False,True
600452,20220505,E0,True,False,False
600516,20220505,E0,True,False,False
600517,20220505,E0,True,False,False
600529,20220505,E0,True,False,False
600540,20220505,E1,False,True,False
600586,20220505,E0,True,False,False
600587,20220505,E0,True,False,False
600660,20220505,E1,False,True,False
600702,20220505,E0,True,False,False
600740,20220505,E0,True,False,False
600741,20220505,E0,False,True,False
600779,20220505,E0,False,True,False
600848,20220505,E0,True,False,False
600876,20220505,E0,False,False,True
600908,20220505,E1,True,False,False
600916,20220505,E0,True,False,False
600927,20220505,E2,False,True,False
600928,20220505,E0,True,False,False
600935,20220505,E2,False,True,False
600941,20220505,E2,False,True,False
600955,20220505,E2,False,True,False
600956,20220505,E0,False,True,False
600961,20220505,E0,False,True,False
600966,20220505,E0,False,False,True
600976,20220505,E0,False,True,False
600997,20220505,E0,True,False,False
601011,20220505,E0,True,False,False
601016,20220505,E0,True,False,False
601100,20220505,E0,False,True,False
601108,20220505,E0,True,False,False
601126,20220505,E1,True,False,False
601139,20220505,E1,False,False,True
601198,20220505,E0,False,True,False
601229,20220505,E0,False,True,False
601233,20220505,E0,False,True,False
601330,20220505,E0,False,False,True
601336,20220505,E1,True,False,False
601377,20220505,E0,False,True,False
601577,20220505,E0,False,True,False
601601,20220505,E1,True,False,False
601633,20220505,E0,False,True,False
601658,20220505,E1,False,True,False
601688,20220505,E0,False,True,False
601698,20220505,E1,True,False,False
601728,20220505,E2,False,True,False
601778,20220505,E0,False,True,False
601825,20220505,E2,False,True,False
601828,20220505,E0,True,False,False
601878,20220505,E0,True,False,False
601919,20220505,E1,False,True,False
601921,20220505,E2,True,False,False
601969,20220505,E0,False,True,False
603020,20220505,E1,True,False,False
603026,20220505,E0,False,True,False
603048,20220505,E2,False,False,True
603051,20220505,E2,False,True,False
603055,20220505,E0,False,True,False
603063,20220505,E1,False,False,True
603070,20220505,E2,False,True,False
603071,20220505,E2,False,True,False
603080,20220505,E0,True,False,False
603087,20220505,E0,False,False,True
603100,20220505,E1,True,False,False
603102,20220505,E2,False,True,False
603105,20220505,E0,True,False,False
603113,20220505,E0,False,True,False
603132,20220505,E2,False,True,False
603178,20220505,E1,False,True,False
603186,20220505,E0,False,False,True
603197,20220505,E0,True,False,False
603213,20220505,E2,False,True,False
603214,20220505,E0,True,False,False
603215,20220505,E2,False,False,True
603216,20220505,E2,False,True,False
603219,20220505,E2,False,True,False
603225,20220505,E0,False,True,False
603228,20220505,E0,False,True,False
603230,20220505,E2,False,True,False
603297,20220505,E0,True,False,False
603305,20220505,E0,False,False,True
603308,20220505,E0,True,False,False
603338,20220505,E0,False,False,True
603416,20220505,E0,False,False,True
603466,20220505,E0,False,False,True
603501,20220505,E0,False,True,False
603533,20220505,E0,False,False,True
603568,20220505,E0,True,False,False
603589,20220505,E0,False,True,False
603613,20220505,E0,True,False,False
603655,20220505,E1,False,False,True
603662,20220505,E1,True,False,False
603666,20220505,E0,False,False,True
603667,20220505,E1,True,False,False
603693,20220505,E0,True,False,False
603719,20220505,E0,True,False,False
603722,20220505,E0,False,True,False
603728,20220505,E0,True,False,False
603738,20220505,E0,False,False,True
603776,20220505,E1,False,False,True
603777,20220505,E1,True,False,False
603786,20220505,E0,False,True,False
603801,20220505,E1,True,False,False
603836,20220505,E0,True,False,False
603877,20220505,E0,False,True,False
603881,20220505,E0,False,False,True
603893,20220505,E0,False,True,False
603915,20220505,E0,False,True,False
603917,20220505,E0,True,False,False
603920,20220505,E0,False,False,True
603976,20220505,E0,True,False,False
603982,20220505,E0,False,False,True
603987,20220505,E1,True,False,False
605005,20220505,E0,False,False,True
605007,20220505,E0,False,False,True
605009,20220505,E0,False,False,True
605011,20220505,E1,False,True,False
605020,20220505,E2,True,False,False
605028,20220505,E2,False,True,False
605056,20220505,E2,True,False,False
605099,20220505,E1,False,False,True
605162,20220505,E2,False,False,True
605166,20220505,E1,True,False,False
605167,20220505,E2,True,False,False
605179,20220505,E0,True,False,False
605186,20220505,E0,True,False,False
605296,20220505,E0,False,False,True
605300,20220505,E0,False,False,True
605305,20220505,E0,False,False,True
605319,20220505,E0,False,False,True
605339,20220505,E0,False,False,True
605365,20220505,E2,False,False,True
605369,20220505,E0,True,False,False
605376,20220505,E0,True,False,False
605499,20220505,E0,True,False,False
605507,20220505,E2,True,False,False
605555,20220505,E2,True,False,False
605566,20220505,E2,False,False,True
605567,20220505,E2,False,False,True
605577,20220505,E2,False,True,False
605580,20220505,E2,False,True,False
605598,20220505,E2,False,True,False
605599,20220505,E2,False,True,False
688007,20220505,E0,True,False,False
688017,20220505,E0,True,False,False
688018,20220505,E0,False,True,False
688032,20220505,E2,False,True,False
688036,20220505,E0,False,True,False
688065,20220505,E0,False,False,True
688075,20220505,E2,False,True,False
688079,20220505,E1,False,True,False
688088,20220505,E0,False,False,True
688100,20220505,E1,False,True,False
688103,20220505,E2,False,False,True
688110,20220505,E2,False,True,False
688112,20220505,E2,False,True,False
688127,20220505,E0,False,False,True
688128,20220505,E0,False,True,False
688148,20220505,E2,False,True,False
688150,20220505,E2,False,True,False
688151,20220505,E2,False,False,True
688161,20220505,E0,True,False,False
688162,20220505,E2,False,True,False
688163,20220505,E2,False,True,False
688166,20220505,E0,False,False,True
688167,20220505,E2,False,True,False
688169,20220505,E0,False,True,False
688173,20220505,E2,False,True,False
688182,20220505,E2,False,True,False
688185,20220505,E0,False,True,False
688187,20220505,E2,False,True,False
688190,20220505,E2,False,True,False
688206,20220505,E2,False,True,False
688212,20220505,E2,False,True,False
688223,20220505,E2,False,True,False
688225,20220505,E2,False,False,True
688230,20220505,E2,False,True,False
688232,20220505,E2,False,False,True
688234,20220505,E2,False,True,False
688238,20220505,E2,False,True,False
688248,20220505,E2,False,True,False
688259,20220505,E2,False,False,True
688261,20220505,E2,False,True,False
688267,20220505,E2,False,True,False
688276,20220505,E0,True,False,False
688283,20220505,E2,False,True,False
688285,20220505,E2,False,True,False
688299,20220505,E0,True,False,False
688303,20220505,E2,False,True,False
688321,20220505,E0,True,False,False
688323,20220505,E0,True,False,False
688329,20220505,E1,True,False,False
688345,20220505,E0,False,False,True
688356,20220505,E0,True,False,False
688366,20220505,E0,False,True,False
688368,20220505,E0,False,True,False
688385,20220505,E2,True,False,False
688389,20220505,E0,True,False,False
688499,20220505,E0,True,False,False
688526,20220505,E0,False,False,True
688578,20220505,E0,False,True,False
688586,20220505,E0,False,True,False
688613,20220505,E0,False,True,False
688626,20220505,E0,False,True,False
688658,20220505,E0,False,False,True
688661,20220505,E0,False,False,True
688665,20220505,E0,False,True,False
688686,20220505,E0,False,False,True
688687,20220505,E0,False,True,False
688696,20220505,E0,False,True,False
688697,20220505,E2,False,True,False
688699,20220505,E0,False,False,True
688707,20220505,E2,False,True,False
688722,20220505,E2,True,False,False
688728,20220505,E2,False,False,True
688739,20220505,E2,False,False,True
688767,20220505,E2,False,False,True
688776,20220505,E2,True,False,False
688778,20220505,E2,True,False,False
688798,20220505,E2,False,True,False
688800,20220505,E2,True,False,False
689009,20220505,E0,False,True,False
000001,20220901,E0,True,False,False
000063,20220901,E1,True,False,False
000155,20220901,E0,False,True,False
000333,20220901,E1,True,False,False
000425,20220901,E1,True,False,False
000507,20220901,E0,True,False,False
000513,20220901,E0,True,False,False
000517,20220901,E0,True,False,False
000538,20220901,E1,False,True,False
000552,20220901,E0,True,False,False
000559,20220901,E1,True,False,False
000597,20220901,E1,True,False,False
000601,20220901,E0,False,True,False
000626,20220901,E0,True,False,False
000630,20220901,E0,True,False,False
000636,20220901,E1,False,False,True
000650,20220901,E1,True,False,False
000657,20220901,E0,True,False,False
000722,20220901,E0,True,False,False
000733,20220901,E0,False,True,False
000737,20220901,E0,True,False,False
000739,20220901,E0,True,False,False
000756,20220901,E0,False,False,True
000776,20220901,E0,True,False,False
000786,20220901,E0,True,False,False
000792,20220901,E0,False,True,False
000799,20220901,E0,False,True,False
000807,20220901,E0,True,False,False
000822,20220901,E0,True,False,False
000825,20220901,E1,False,False,True
000830,20220901,E0,False,True,False
000831,20220901,E0,True,False,False
000848,20220901,E0,False,True,False
000858,20220901,E1,False,True,False
000862,20220901,E0,False,False,True
000875,20220901,E0,True,False,False
000878,20220901,E1,True,False,False
000883,20220901,E1,False,True,False
000893,20220901,E1,False,True,False
000902,20220901,E0,False,True,False
000912,20220901,E0,False,True,False
000915,20220901,E0,True,False,False
000922,20220901,E1,False,False,True
000923,20220901,E0,False,False,True
000930,20220901,E0,True,False,False
000932,20220901,E1,True,False,False
000935,20220901,E0,False,False,True
000960,20220901,E0,True,False,False
000962,20220901,E1,True,False,False
000968,20220901,E0,True,False,False
000993,20220901,E0,True,False,False
001213,20220901,E0,False,True,False
001227,20220901,E2,False,True,False
001230,20220901,E2,False,True,False
001234,20220901,E2,False,True,False
001258,20220901,E2,False,True,False
001266,20220901,E2,False,False,True
001268,20220901,E2,False,True,False
001289,20220901,E2,True,False,False
001296,20220901,E2,False,True,False
001308,20220901,E2,False,True,False
001319,20220901,E2,False,True,False
001323,20220901,E2,False,True,False
002027,20220901,E0,False,False,True
002032,20220901,E0,True,False,False
002038,20220901,E1,False,True,False
002043,20220901,E1,True,False,False
002048,20220901,E0,True,False,False
002056,20220901,E0,False,True,False
002066,20220901,E0,True,False,False
002091,20220901,E0,False,True,False
002105,20220901,E1,True,False,False
002116,20220901,E0,True,False,False
002138,20220901,E0,True,False,False
002142,20220901,E0,True,False,False
002167,20220901,E1,True,False,False
002174,20220901,E0,False,False,True
002192,20220901,E0,False,True,False
002201,20220901,E0,False,True,False
002216,20220901,E0,True,False,False
002232,20220901,E1,False,False,True
002241,20220901,E0,False,True,False
002245,20220901,E0,False,False,True
002270,20220901,E1,True,False,False
002274,20220901,E0,False,True,False
002283,20220901,E0,False,True,False
002284,20220901,E0,True,False,False
002317,20220901,E0,True,False,False
002326,20220901,E1,False,True,False
002346,20220901,E1,False,False,True
002349,20220901,E0,True,False,False
002353,20220901,E0,False,True,False
002410,20220901,E0,True,False,False
002415,20220901,E0,False,False,True
002420,20220901,E1,False,False,True
002432,20220901,E0,True,False,False
002443,20220901,E0,False,False,True
002453,20220901,E0,True,False,False
002455,20220901,E1,True,False,False
002459,20220901,E0,False,True,False
002463,20220901,E0,True,False,False
002492,20220901,E0,True,False,False
002493,20220901,E0,False,True,False
002497,20220901,E0,False,True,False
002507,20220901,E0,False,True,False
002533,20220901,E1,False,True,False
002541,20220901,E0,False,True,False
002545,20220901,E0,True,False,False
002555,20220901,E0,False,True,False
002557,20220901,E0,False,True,False
002558,20220901,E1,False,True,False
002584,20220901,E0,True,False,False
002644,20220901,E1,False,True,False
002646,20220901,E0,False,True,False
002651,20220901,E0,True,False,False
002655,20220901,E1,True,False,False
002677,20220901,E0,False,False,True
002706,20220901,E0,True,False,False
002725,20220901,E0,False,True,False
002728,20220901,E0,True,False,False
002757,20220901,E0,True,False,False
002758,20220901,E0,True,False,False
002801,20220901,E1,False,True,False
002821,20220901,E0,True,False,False
002832,20220901,E0,True,False,False
002850,20220901,E0,True,False,False
002867,20220901,E0,False,False,True
002895,20220901,E0,True,False,False
002945,20220901,E0,False,False,True
002958,20220901,E0,False,True,False
003035,20220901,E1,True,False,False
300012,20220901,E1,False,True,False
300033,20220901,E1,True,False,False
300040,20220901,E1,False,True,False
300046,20220901,E0,True,False,False
300059,20220901,E0,True,False,False
300062,20220901,E1,True,False,False
300073,20220901,E0,False,True,False
300095,20220901,E0,False,False,True
300118,20220901,E1,False,True,False
300124,20220901,E0,True,False,False
300130,20220901,E0,False,True,False
300142,20220901,E1,True,False,False
300145,20220901,E1,True,False,False
300146,20220901,E0,True,False,False
300160,20220901,E1,True,False,False
300164,20220901,E0,False,True,False
300171,20220901,E0,False,True,False
300185,20220901,E0,False,True,False
300191,20220901,E1,False,True,False
300193,20220901,E0,False,False,True
300196,20220901,E0,True,False,False
300218,20220901,E0,False,False,True
300223,20220901,E0,False,True,False
300226,20220901,E0,True,False,False
300233,20220901,E0,False,True,False
300285,20220901,E0,False,True,False
300305,20220901,E0,False,False,True
300306,20220901,E0,True,False,False
300315,20220901,E0,True,False,False
300327,20220901,E0,True,False,False
300373,20220901,E0,True,False,False
300398,20220901,E1,True,False,False
300400,20220901,E1,True,False,False
300408,20220901,E0,False,False,True
300414,20220901,E1,False,False,True
300437,20220901,E1,True,False,False
300450,20220901,E0,False,True,False
300482,20220901,E0,True,False,False
300488,20220901,E0,True,False,False
300502,20220901,E0,True,False,False
300505,20220901,E1,True,False,False
300519,20220901,E1,False,True,False
300534,20220901,E0,True,False,False
300559,20220901,E0,True,False,False
300573,20220901,E0,True,False,False
300603,20220901,E0,True,False,False
300614,20220901,E0,False,False,True
300618,20220901,E0,False,True,False
300624,20220901,E1,True,False,False
300628,20220901,E0,False,True,False
300636,20220901,E0,True,False,False
300638,20220901,E0,False,True,False
300651,20220901,E0,True,False,False
300661,20220901,E0,True,False,False
300685,20220901,E0,True,False,False
300702,20220901,E0,True,False,False
300709,20220901,E0,False,True,False
300725,20220901,E1,False,False,True
300726,20220901,E0,False,True,False
300750,20220901,E0,True,False,False
300755,20220901,E0,False,False,True
300767,20220901,E1,True,False,False
300770,20220901,E0,True,False,False
300773,20220901,E0,False,False,True
300774,20220901,E0,False,True,False
300775,20220901,E0,True,False,False
300780,20220901,E1,True,False,False
300781,20220901,E1,True,False,False
300821,20220901,E1,False,True,False
300860,20220901,E0,True,False,False
300861,20220901,E0,False,True,False
300879,20220901,E0,False,True,False
300894,20220901,E0,False,False,True
300895,20220901,E1,True,False,False
300898,20220901,E1,True,False,False
300911,20220901,E0,True,False,False
300927,20220901,E0,True,False,False
300937,20220901,E1,True,False,False
300940,20220901,E0,True,False,False
300957,20220901,E0,False,True,False
300966,20220901,E0,False,False,True
300979,20220901,E0,True,False,False
300985,20220901,E0,False,False,True
301028,20220901,E0,False,True,False
301029,20220901,E0,False,False,True
301032,20220901,E0,True,False,False
301052,20220901,E0,False,True,False
301055,20220901,E0,True,False,False
301057,20220901,E0,False,False,True
301088,20220901,E1,False,False,True
301089,20220901,E0,False,True,False
301096,20220901,E2,True,False,False
301097,20220901,E2,False,True,False
301101,20220901,E2,True,False,False
301102,20220901,E2,False,True,False
301103,20220901,E2,False,True,False
301111,20220901,E2,False,True,False
301118,20220901,E2,False,True,False
301120,20220901,E2,False,True,False
301122,20220901,E2,False,False,True
301123,20220901,E2,False,False,True
301130,20220901,E2,False,True,False
301135,20220901,E2,False,False,True
301149,20220901,E2,False,True,False
301160,20220901,E2,False,True,False
301162,20220901,E2,False,True,False
301167,20220901,E2,False,True,False
301175,20220901,E2,False,True,False
301177,20220901,E2,True,False,False
301180,20220901,E2,False,True,False
301181,20220901,E2,True,False,False
301183,20220901,E2,False,True,False
301186,20220901,E2,True,False,False
301188,20220901,E2,False,False,True
301190,20220901,E2,False,False,True
301191,20220901,E2,False,True,False
301200,20220901,E2,False,False,True
301201,20220901,E2,False,True,False
301212,20220901,E2,False,True,False
301215,20220901,E2,True,False,False
301216,20220901,E2,False,True,False
301217,20220901,E2,True,False,False
301222,20220901,E2,True,False,False
301226,20220901,E2,False,True,False
301233,20220901,E2,False,True,False
301234,20220901,E2,False,True,False
301238,20220901,E2,False,True,False
301239,20220901,E2,False,True,False
301256,20220901,E2,False,True,False
301258,20220901,E2,False,True,False
301269,20220901,E2,False,True,False
301289,20220901,E2,False,True,False
301298,20220901,E2,False,True,False
301312,20220901,E2,False,True,False
301333,20220901,E2,False,True,False
600000,20220901,E1,True,False,False
600006,20220901,E0,False,False,True
600021,20220901,E0,False,False,True
600036,20220901,E0,True,False,False
600075,20220901,E0,False,True,False
600098,20220901,E0,True,False,False
600101,20220901,E0,True,False,False
600108,20220901,E0,False,True,False
600123,20220901,E0,True,False,False
600126,20220901,E1,True,False,False
600163,20220901,E0,False,True,False
600166,20220901,E0,True,False,False
600178,20220901,E1,True,False,False
600183,20220901,E1,True,False,False
600186,20220901,E0,False,False,True
600197,20220901,E0,False,False,True
600211,20220901,E1,True,False,False
600219,20220901,E1,True,False,False
600237,20220901,E1,True,False,False
600251,20220901,E0,False,True,False
600267,20220901,E0,False,True,False
600283,20220901,E0,True,False,False
600301,20220901,E0,True,False,False
600308,20220901,E0,False,True,False
600313,20220901,E0,True,False,False
600352,20220901,E0,True,False,False
600371,20220901,E1,True,False,False
600373,20220901,E0,True,False,False
600378,20220901,E1,True,False,False
600380,20220901,E0,True,False,False
600392,20220901,E0,False,True,False
600403,20220901,E0,True,False,False
600444,20220901,E1,True,False,False
600448,20220901,E0,False,True,False
600456,20220901,E0,False,True,False
600470,20220901,E0,False,True,False
600480,20220901,E1,True,False,False
600482,20220901,E0,True,False,False
600483,20220901,E0,True,False,False
600486,20220901,E0,True,False,False
600508,20220901,E0,True,False,False
600523,20220901,E0,True,False,False
600546,20220901,E1,False,True,False
600556,20220901,E0,True,False,False
600563,20220901,E1,False,True,False
600566,20220901,E0,True,False,False
600618,20220901,E0,True,False,False
600648,20220901,E0,True,False,False
600660,20220901,E0,True,False,False
600691,20220901,E0,False,True,False
600714,20220901,E0,False,True,False
600722,20220901,E0,True,False,False
600741,20220901,E0,True,False,False
600746,20220901,E0,False,False,True
600779,20220901,E0,True,False,False
600782,20220901,E0,True,False,False
600787,20220901,E0,False,True,False
600808,20220901,E0,False,False,True
600835,20220901,E0,True,False,False
600839,20220901,E1,True,False,False
600845,20220901,E0,True,False,False
600862,20220901,E0,False,True,False
600863,20220901,E1,False,True,False
600867,20220901,E1,True,False,False
600885,20220901,E0,False,True,False
600905,20220901,E0,True,False,False
600906,20220901,E0,True,False,False
600918,20220901,E1,False,True,False
600935,20220901,E2,False,True,False
600938,20220901,E2,False,True,False
600941,20220901,E2,False,True,False
600955,20220901,E0,False,False,True
600956,20220901,E0,False,False,True
600961,20220901,E0,True,False,False
600976,20220901,E1,True,False,False
600980,20220901,E0,True,False,False
600982,20220901,E0,False,True,False
600999,20220901,E1,True,False,False
601000,20220901,E1,True,False,False
601012,20220901,E0,False,True,False
601038,20220901,E0,True,False,False
601089,20220901,E2,False,True,False
601100,20220901,E0,False,False,True
601156,20220901,E0,False,True,False
601179,20220901,E0,True,False,False
601199,20220901,E0,False,False,True
601222,20220901,E0,True,False,False
601229,20220901,E1,True,False,False
601298,20220901,E1,True,False,False
601368,20220901,E0,True,False,False
601515,20220901,E0,False,False,True
601528,20220901,E0,False,True,False
601579,20220901,E0,False,False,True
601633,20220901,E0,True,False,False
601658,20220901,E0,True,False,False
601665,20220901,E0,True,False,False
601666,20220901,E0,False,True,False
601677,20220901,E1,True,False,False
601688,20220901,E0,True,False,False
601696,20220901,E0,False,True,False
601728,20220901,E1,True,False,False
601778,20220901,E1,True,False,False
601825,20220901,E0,True,False,False
601838,20220901,E1,False,True,False
601866,20220901,E1,False,True,False
601919,20220901,E0,True,False,False
601969,20220901,E0,False,False,True
601985,20220901,E0,True,False,False
603025,20220901,E0,True,False,False
603026,20220901,E0,False,True,False
603055,20220901,E0,False,True,False
603066,20220901,E1,True,False,False
603070,20220901,E2,True,False,False
603071,20220901,E2,True,False,False
603083,20220901,E1,True,False,False
603093,20220901,E0,True,False,False
603098,20220901,E0,False,True,False
603102,20220901,E2,True,False,False
603115,20220901,E0,False,True,False
603127,20220901,E1,False,True,False
603132,20220901,E2,True,False,False
603156,20220901,E0,True,False,False
603169,20220901,E0,False,True,False
603170,20220901,E2,False,True,False
603178,20220901,E1,True,False,False
603198,20220901,E0,True,False,False
603211,20220901,E2,False,True,False
603213,20220901,E2,True,False,False
603216,20220901,E2,False,False,True
603219,20220901,E2,False,True,False
603222,20220901,E0,False,True,False
603228,20220901,E0,True,False,False
603229,20220901,E0,False,True,False
603230,20220901,E2,True,False,False
603235,20220901,E2,False,True,False
603259,20220901,E0,True,False,False
603266,20220901,E1,False,True,False
603267,20220901,E0,False,True,False
603279,20220901,E1,True,False,False
603300,20220901,E0,False,True,False
603315,20220901,E0,False,True,False
603357,20220901,E1,True,False,False
603369,20220901,E1,False,True,False
603387,20220901,E0,True,False,False
603444,20220901,E0,True,False,False
603456,20220901,E0,True,False,False
603486,20220901,E0,True,False,False
603538,20220901,E0,True,False,False
603589,20220901,E0,True,False,False
603648,20220901,E0,True,False,False
603722,20220901,E0,False,True,False
603759,20220901,E0,True,False,False
603866,20220901,E0,True,False,False
603882,20220901,E0,True,False,False
603897,20220901,E0,False,False,True
603899,20220901,E0,False,False,True
603908,20220901,E1,False,True,False
603915,20220901,E0,True,False,False
603919,20220901,E0,False,True,False
603938,20220901,E0,False,True,False
603948,20220901,E0,True,False,False
603979,20220901,E0,True,False,False
603986,20220901,E0,True,False,False
603989,20220901,E1,False,False,True
605006,20220901,E0,False,True,False
605011,20220901,E0,False,False,True
605018,20220901,E0,False,False,True
605028,20220901,E1,False,False,True
605089,20220901,E1,False,False,True
605111,20220901,E0,False,True,False
605196,20220901,E0,True,False,False
605299,20220901,E0,True,False,False
605366,20220901,E0,False,True,False
605399,20220901,E0,False,True,False
605577,20220901,E0,True,False,False
605598,20220901,E0,False,False,True
688012,20220901,E1,False,True,False
688016,20220901,E0,True,False,False
688027,20220901,E0,True,False,False
688032,20220901,E2,False,True,False
688036,20220901,E0,True,False,False
688046,20220901,E2,False,True,False
688072,20220901,E2,False,True,False
688075,20220901,E2,False,True,False
688091,20220901,E0,False,True,False
688099,20220901,E0,True,False,False
688100,20220901,E0,True,False,False
688110,20220901,E2,False,False,True
688111,20220901,E0,True,False,False
688112,20220901,E2,True,False,False
688123,20220901,E0,True,False,False
688125,20220901,E2,False,True,False
688128,20220901,E0,True,False,False
688135,20220901,E1,False,False,True
688139,20220901,E0,False,False,True
688148,20220901,E0,False,False,True
688150,20220901,E2,False,True,False
688162,20220901,E2,False,False,True
688167,20220901,E2,False,True,False
688169,20220901,E0,False,False,True
688182,20220901,E2,False,True,False
688187,20220901,E1,True,False,False
688188,20220901,E1,True,False,False
688190,20220901,E2,True,False,False
688200,20220901,E0,True,False,False
688206,20220901,E2,False,True,False
688220,20220901,E2,False,True,False
688223,20220901,E2,False,True,False
688233,20220901,E0,False,True,False
688234,20220901,E2,False,False,True
688253,20220901,E2,False,True,False
688261,20220901,E2,False,True,False
688295,20220901,E2,False,True,False
688297,20220901,E2,False,True,False
688303,20220901,E0,True,False,False
688305,20220901,E0,True,False,False
688313,20220901,E0,True,False,False
688322,20220901,E2,False,True,False
688337,20220901,E2,False,True,False
688348,20220901,E2,False,True,False
688349,20220901,E2,False,True,False
688353,20220901,E2,False,True,False
688363,20220901,E1,False,True,False
688366,20220901,E0,True,False,False
688396,20220901,E0,True,False,False
688399,20220901,E0,False,True,False
688425,20220901,E0,True,False,False
688536,20220901,E0,True,False,False
688538,20220901,E0,True,False,False
688575,20220901,E1,True,False,False
688578,20220901,E0,False,True,False
688601,20220901,E0,False,True,False
688609,20220901,E0,False,True,False
688613,20220901,E0,False,True,False
688626,20220901,E0,False,True,False
688665,20220901,E0,False,False,True
688687,20220901,E0,True,False,False
688689,20220901,E0,False,True,False
688697,20220901,E1,True,False,False
688707,20220901,E0,False,True,False
688733,20220901,E0,False,True,False
688798,20220901,E0,True,False,False
688981,20220901,E0,True,False,False
689009,20220901,E0,False,True,False
000155,20230103,E0,False,True,False
000408,20230103,E0,True,False,False
000409,20230103,E1,True,False,False
000501,20230103,E1,True,False,False
000520,20230103,E0,False,False,True
000521,20230103,E1,True,False,False
000538,20230103,E1,True,False,False
000568,20230103,E0,True,False,False
000596,20230103,E0,True,False,False
000601,20230103,E0,False,True,False
000631,20230103,E0,True,False,False
000661,20230103,E0,False,True,False
000676,20230103,E0,False,False,True
000719,20230103,E1,True,False,False
000728,20230103,E0,False,False,True
000731,20230103,E0,True,False,False
000733,20230103,E1,False,True,False
000762,20230103,E0,False,True,False
000783,20230103,E0,False,True,False
000792,20230103,E1,False,True,False
000795,20230103,E0,True,False,False
000799,20230103,E1,False,True,False
000801,20230103,E0,True,False,False
000810,20230103,E0,True,False,False
000830,20230103,E1,False,False,True
000848,20230103,E0,False,False,True
000852,20230103,E0,True,False,False
000858,20230103,E0,False,True,False
000869,20230103,E0,True,False,False
000883,20230103,E0,True,False,False
000893,20230103,E0,False,True,False
000895,20230103,E0,True,False,False
000902,20230103,E0,True,False,False
000912,20230103,E1,True,False,False
000913,20230103,E0,False,True,False
000931,20230103,E0,False,True,False
000957,20230103,E0,False,True,False
000995,20230103,E0,True,False,False
000997,20230103,E0,True,False,False
001205,20230103,E0,False,True,False
001213,20230103,E1,True,False,False
001216,20230103,E1,False,False,True
001222,20230103,E2,False,True,False
001227,20230103,E0,False,True,False
001234,20230103,E0,False,True,False
001236,20230103,E2,False,True,False
001238,20230103,E2,False,True,False
001258,20230103,E2,False,True,False
001259,20230103,E2,False,True,False
001268,20230103,E2,False,True,False
001269,20230103,E2,False,True,False
001283,20230103,E2,False,True,False
001299,20230103,E2,False,True,False
001300,20230103,E2,False,True,False
001308,20230103,E2,True,False,False
001319,20230103,E2,False,True,False
001323,20230103,E2,True,False,False
001332,20230103,E2,False,False,True
001338,20230103,E2,False,True,False
002003,20230103,E0,False,True,False
002006,20230103,E1,False,True,False
002011,20230103,E0,False,True,False
002026,20230103,E0,False,True,False
002030,20230103,E0,True,False,False
002035,20230103,E1,True,False,False
002036,20230103,E0,False,True,False
002038,20230103,E0,True,False,False
002046,20230103,E0,False,True,False
002049,20230103,E0,False,True,False
002050,20230103,E0,True,False,False
002056,20230103,E0,True,False,False
002057,20230103,E0,False,True,False
002062,20230103,E1,False,False,True
002091,20230103,E0,True,False,False
002125,20230103,E0,False,True,False
002148,20230103,E1,False,True,False
002166,20230103,E1,False,True,False
002179,20230103,E1,True,False,False
002192,20230103,E0,False,True,False
002195,20230103,E0,False,True,False
002201,20230103,E1,False,True,False
002241,20230103,E0,False,True,False
002267,20230103,E0,True,False,False
002274,20230103,E0,True,False,False
002275,20230103,E1,True,False,False
002283,20230103,E1,True,False,False
002286,20230103,E0,False,False,True
002326,20230103,E1,False,True,False
002328,20230103,E1,True,False,False
002334,20230103,E1,True,False,False
002337,20230103,E0,True,False,False
002353,20230103,E0,False,True,False
002365,20230103,E0,False,False,True
002366,20230103,E1,True,False,False
002390,20230103,E0,True,False,False
002448,20230103,E0,True,False,False
002459,20230103,E0,True,False,False
002479,20230103,E1,False,False,True
002483,20230103,E0,True,False,False
002484,20230103,E0,False,True,False
002486,20230103,E1,False,True,False
002493,20230103,E0,True,False,False
002497,20230103,E0,False,True,False
002507,20230103,E0,True,False,False
002517,20230103,E0,True,False,False
002533,20230103,E1,True,False,False
002541,20230103,E0,False,True,False
002549,20230103,E0,False,True,False
002555,20230103,E0,True,False,False
002557,20230103,E1,False,False,True
002558,20230103,E0,True,False,False
002570,20230103,E0,False,True,False
002585,20230103,E0,False,False,True
002624,20230103,E0,True,False,False
002635,20230103,E1,True,False,False
002644,20230103,E1,True,False,False
002646,20230103,E0,False,True,False
002649,20230103,E0,True,False,False
002661,20230103,E0,True,False,False
002685,20230103,E0,False,True,False
002698,20230103,E0,True,False,False
002705,20230103,E1,False,False,True
002714,20230103,E0,True,False,False
002725,20230103,E0,True,False,False
002738,20230103,E0,True,False,False
002748,20230103,E0,True,False,False
002756,20230103,E0,False,True,False
002773,20230103,E0,True,False,False
002795,20230103,E0,True,False,False
002799,20230103,E1,False,True,False
002801,20230103,E1,True,False,False
002807,20230103,E0,False,True,False
002815,20230103,E1,False,False,True
002825,20230103,E0,False,False,True
002835,20230103,E0,False,True,False
002878,20230103,E0,False,True,False
002881,20230103,E0,False,True,False
002896,20230103,E0,False,True,False
002903,20230103,E0,True,False,False
002906,20230103,E0,False,True,False
002916,20230103,E0,True,False,False
002920,20230103,E0,False,True,False
002930,20230103,E0,True,False,False
002950,20230103,E1,False,True,False
002958,20230103,E1,True,False,False
002993,20230103,E0,False,True,False
002996,20230103,E1,False,True,False
003000,20230103,E0,True,False,False
003019,20230103,E1,True,False,False
003023,20230103,E0,False,True,False
003031,20230103,E1,True,False,False
300009,20230103,E1,True,False,False
300012,20230103,E1,False,False,True
300040,20230103,E1,False,True,False
300073,20230103,E0,False,False,True
300101,20230103,E0,False,False,True
300109,20230103,E0,True,False,False
300118,20230103,E1,False,True,False
300121,20230103,E1,False,True,False
300130,20230103,E1,True,False,False
300164,20230103,E1,True,False,False
300171,20230103,E0,False,True,False
300179,20230103,E0,False,True,False
300185,20230103,E1,True,False,False
300191,20230103,E0,True,False,False
300217,20230103,E0,False,True,False
300223,20230103,E0,True,False,False
300233,20230103,E0,False,False,True
300239,20230103,E0,False,True,False
300249,20230103,E1,False,False,True
300260,20230103,E0,True,False,False
300285,20230103,E0,True,False,False
300289,20230103,E0,False,False,True
300303,20230103,E1,True,False,False
300316,20230103,E0,True,False,False
300332,20230103,E1,True,False,False
300335,20230103,E0,True,False,False
300337,20230103,E0,False,True,False
300346,20230103,E1,True,False,False
300384,20230103,E0,True,False,False
300394,20230103,E0,True,False,False
300395,20230103,E0,True,False,False
300401,20230103,E0,False,True,False
300429,20230103,E0,False,False,True
300439,20230103,E1,False,False,True
300441,20230103,E0,False,True,False
300450,20230103,E0,False,True,False
300453,20230103,E0,True,False,False
300481,20230103,E0,False,True,False
300483,20230103,E0,False,True,False
300487,20230103,E1,True,False,False
300497,20230103,E0,True,False,False
300507,20230103,E0,False,True,False
300519,20230103,E1,False,False,True
300529,20230103,E0,False,False,True
300547,20230103,E0,False,True,False
300563,20230103,E0,False,True,False
300565,20230103,E0,False,True,False
300570,20230103,E0,True,False,False
300595,20230103,E0,False,True,False
300613,20230103,E0,True,False,False
300618,20230103,E0,False,False,True
300628,20230103,E0,True,False,False
300638,20230103,E1,True,False,False
300639,20230103,E0,False,True,False
300653,20230103,E0,False,False,True
300660,20230103,E1,True,False,False
300679,20230103,E0,False,True,False
300681,20230103,E0,False,True,False
300683,20230103,E0,False,True,False
300691,20230103,E0,False,True,False
300709,20230103,E1,True,False,False
300726,20230103,E1,False,True,False
300727,20230103,E0,False,False,True
300735,20230103,E0,True,False,False
300739,20230103,E1,False,False,True
300751,20230103,E0,False,True,False
300752,20230103,E0,False,True,False
300760,20230103,E1,True,False,False
300761,20230103,E0,True,False,False
300763,20230103,E0,False,False,True
300771,20230103,E0,False,True,False
300774,20230103,E0,False,True,False
300801,20230103,E0,False,True,False
300820,20230103,E0,True,False,False
300821,20230103,E0,False,False,True
300828,20230103,E0,False,True,False
300841,20230103,E0,False,True,False
300861,20230103,E0,False,True,False
300873,20230103,E0,False,False,True
300879,20230103,E1,False,True,False
300902,20230103,E0,False,False,True
300928,20230103,E0,False,True,False
300939,20230103,E0,False,False,True
300957,20230103,E0,False,True,False
300962,20230103,E0,False,True,False
300992,20230103,E0,True,False,False
301004,20230103,E0,False,True,False
301018,20230103,E0,False,False,True
301021,20230103,E0,False,True,False
301028,20230103,E1,True,False,False
301035,20230103,E0,True,False,False
301052,20230103,E0,True,False,False
301071,20230103,E0,False,False,True
301072,20230103,E0,True,False,False
301073,20230103,E0,False,True,False
301089,20230103,E1,True,False,False
301097,20230103,E2,False,False,True
301103,20230103,E2,True,False,False
301111,20230103,E0,True,False,False
301118,20230103,E0,False,False,True
301120,20230103,E2,True,False,False
301130,20230103,E0,False,True,False
301149,20230103,E0,True,False,False
301161,20230103,E2,False,True,False
301162,20230103,E2,False,True,False
301165,20230103,E2,False,True,False
301167,20230103,E0,True,False,False
301171,20230103,E2,False,True,False
301175,20230103,E2,False,True,False
301180,20230103,E0,False,True,False
301183,20230103,E2,True,False,False
301191,20230103,E2,True,False,False
301192,20230103,E2,False,False,True
301201,20230103,E0,False,True,False
301205,20230103,E2,False,True,False
301212,20230103,E2,True,False,False
301216,20230103,E2,True,False,False
301227,20230103,E2,False,False,True
301233,20230103,E2,False,True,False
301234,20230103,E2,False,False,True
301238,20230103,E2,False,False,True
301239,20230103,E2,True,False,False
301256,20230103,E2,True,False,False
301258,20230103,E2,False,True,False
301263,20230103,E2,False,False,True
301267,20230103,E2,False,True,False
301269,20230103,E2,False,True,False
301270,20230103,E2,False,True,False
301273,20230103,E2,False,True,False
301277,20230103,E2,False,True,False
301282,20230103,E2,False,False,True
301289,20230103,E2,True,False,False
301290,20230103,E2,False,True,False
301298,20230103,E2,True,False,False
301299,20230103,E2,False,True,False
301312,20230103,E2,False,True,False
301327,20230103,E2,False,True,False
301328,20230103,E2,False,False,True
301331,20230103,E2,False,True,False
301333,20230103,E2,False,True,False
301339,20230103,E2,False,True,False
301361,20230103,E2,False,True,False
301363,20230103,E2,False,True,False
301369,20230103,E2,False,True,False
301377,20230103,E2,False,True,False
301380,20230103,E2,False,True,False
301388,20230103,E2,False,False,True
301389,20230103,E2,False,False,True
301391,20230103,E2,False,True,False
600022,20230103,E1,False,False,True
600025,20230103,E0,True,False,False
600037,20230103,E1,False,True,False
600075,20230103,E1,True,False,False
600085,20230103,E0,True,False,False
600103,20230103,E0,False,False,True
600108,20230103,E1,True,False,False
600116,20230103,E0,False,False,True
600120,20230103,E0,True,False,False
600158,20230103,E0,True,False,False
600163,20230103,E0,True,False,False
600172,20230103,E0,False,True,False
600179,20230103,E0,False,True,False
600230,20230103,E0,False,True,False
600236,20230103,E1,True,False,False
600251,20230103,E0,True,False,False
600267,20230103,E1,True,False,False
600308,20230103,E0,True,False,False
600325,20230103,E0,False,False,True
600367,20230103,E0,False,False,True
600392,20230103,E0,False,True,False
600395,20230103,E0,True,False,False
600399,20230103,E0,False,False,True
600428,20230103,E0,True,False,False
600448,20230103,E0,False,True,False
600456,20230103,E1,False,True,False
600470,20230103,E1,True,False,False
600516,20230103,E0,True,False,False
600517,20230103,E1,True,False,False
600519,20230103,E0,True,False,False
600522,20230103,E0,False,False,True
600529,20230103,E0,False,False,True
600546,20230103,E0,True,False,False
600558,20230103,E1,True,False,False
600563,20230103,E1,False,True,False
600598,20230103,E1,True,False,False
600600,20230103,E0,False,False,True
600645,20230103,E0,True,False,False
600691,20230103,E0,True,False,False
600710,20230103,E0,True,False,False
600714,20230103,E0,False,True,False
600750,20230103,E1,True,False,False
600757,20230103,E0,True,False,False
600787,20230103,E1,True,False,False
600803,20230103,E0,False,False,True
600805,20230103,E2,False,False,True
600809,20230103,E0,False,True,False
600816,20230103,E0,False,True,False
600854,20230103,E0,True,False,False
600862,20230103,E0,True,False,False
600863,20230103,E0,True,False,False
600874,20230103,E1,False,True,False
600885,20230103,E1,True,False,False
600900,20230103,E0,True,False,False
600908,20230103,E0,True,False,False
600918,20230103,E0,True,False,False
600919,20230103,E1,True,False,False
600926,20230103,E0,False,True,False
600935,20230103,E0,False,False,True
600938,20230103,E2,True,False,False
600941,20230103,E1,False,False,True
600982,20230103,E0,True,False,False
600988,20230103,E0,False,True,False
601001,20230103,E0,False,True,False
601006,20230103,E0,True,False,False
601012,20230103,E0,False,True,False
601016,20230103,E1,True,False,False
601066,20230103,E1,False,True,False
601089,20230103,E2,True,False,False
601128,20230103,E0,True,False,False
601156,20230103,E0,False,True,False
601211,20230103,E0,True,False,False
601225,20230103,E1,True,False,False
601339,20230103,E0,True,False,False
601528,20230103,E0,True,False,False
601666,20230103,E0,False,False,True
601689,20230103,E0,False,True,False
601696,20230103,E0,False,True,False
601702,20230103,E0,False,False,True
601717,20230103,E0,True,False,False
601828,20230103,E1,False,True,False
601838,20230103,E0,False,True,False
601860,20230103,E0,True,False,False
601866,20230103,E0,True,False,False
601898,20230103,E1,True,False,False
601908,20230103,E0,False,True,False
601916,20230103,E1,True,False,False
601928,20230103,E0,True,False,False
601991,20230103,E0,True,False,False
603002,20230103,E0,True,False,False
603005,20230103,E1,True,False,False
603015,20230103,E0,True,False,False
603026,20230103,E1,False,True,False
603045,20230103,E1,True,False,False
603055,20230103,E0,False,False,True
603057,20230103,E2,False,True,False
603067,20230103,E0,False,False,True
603078,20230103,E1,True,False,False
603080,20230103,E0,False,True,False
603086,20230103,E0,False,True,False
603088,20230103,E0,False,True,False
603098,20230103,E1,False,True,False
603109,20230103,E0,True,False,False
603115,20230103,E0,True,False,False
603127,20230103,E1,False,True,False
603129,20230103,E0,True,False,False
603130,20230103,E2,False,True,False
603151,20230103,E2,False,True,False
603163,20230103,E2,False,True,False
603169,20230103,E1,True,False,False
603170,20230103,E2,False,True,False
603182,20230103,E2,False,True,False
603185,20230103,E0,False,False,True
603195,20230103,E0,True,False,False
603200,20230103,E0,False,True,False
603211,20230103,E2,False,True,False
603214,20230103,E0,False,True,False
603219,20230103,E0,True,False,False
603222,20230103,E0,True,False,False
603229,20230103,E0,False,True,False
603235,20230103,E2,False,True,False
603236,20230103,E0,False,True,False
603237,20230103,E2,False,True,False
603255,20230103,E2,False,True,False
603266,20230103,E0,True,False,False
603267,20230103,E0,False,True,False
603280,20230103,E2,False,True,False
603288,20230103,E0,False,False,True
603297,20230103,E0,False,True,False
603300,20230103,E0,False,False,True
603309,20230103,E0,False,True,False
603317,20230103,E0,False,True,False
603323,20230103,E0,False,True,False
603329,20230103,E0,False,True,False
603339,20230103,E1,True,False,False
603345,20230103,E0,True,False,False
603369,20230103,E1,True,False,False
603393,20230103,E1,True,False,False
603527,20230103,E1,False,False,True
603529,20230103,E0,True,False,False
603565,20230103,E1,True,False,False
603568,20230103,E0,False,True,False
603605,20230103,E0,True,False,False
603613,20230103,E0,False,True,False
603619,20230103,E0,True,False,False
603633,20230103,E1,False,True,False
603667,20230103,E0,False,True,False
603722,20230103,E0,True,False,False
603757,20230103,E0,True,False,False
603787,20230103,E0,True,False,False
603803,20230103,E0,False,True,False
603816,20230103,E1,False,True,False
603836,20230103,E1,False,False,True
603856,20230103,E0,True,False,False
603868,20230103,E0,True,False,False
603888,20230103,E0,True,False,False
603908,20230103,E0,False,True,False
603919,20230103,E0,True,False,False
603938,20230103,E1,False,True,False
603978,20230103,E0,True,False,False
603987,20230103,E0,False,False,True
603990,20230103,E0,False,True,False
605006,20230103,E0,False,False,True
605111,20230103,E0,False,True,False
605117,20230103,E0,False,True,False
605169,20230103,E0,False,False,True
605186,20230103,E0,True,False,False
605366,20230103,E0,True,False,False
605399,20230103,E1,False,False,True
605507,20230103,E1,False,True,False
688001,20230103,E1,True,False,False
688006,20230103,E0,True,False,False
688012,20230103,E0,True,False,False
688017,20230103,E0,False,True,False
688019,20230103,E0,True,False,False
688032,20230103,E0,False,True,False
688037,20230103,E0,True,False,False
688046,20230103,E2,False,True,False
688061,20230103,E2,False,True,False
688063,20230103,E0,False,True,False
688072,20230103,E2,True,False,False
688073,20230103,E2,False,True,False
688075,20230103,E0,False,True,False
688085,20230103,E0,True,False,False
688091,20230103,E0,True,False,False
688114,20230103,E2,False,True,False
688125,20230103,E2,False,False,True
688132,20230103,E2,False,True,False
688138,20230103,E0,True,False,False
688150,20230103,E2,False,False,True
688152,20230103,E2,False,True,False
688167,20230103,E0,True,False,False
688182,20230103,E1,True,False,False
688195,20230103,E0,False,False,True
688196,20230103,E0,False,True,False
688206,20230103,E0,False,True,False
688207,20230103,E2,False,True,False
688223,20230103,E0,True,False,False
688233,20230103,E1,False,True,False
688247,20230103,E2,False,False,True
688252,20230103,E2,False,True,False
688253,20230103,E2,False,True,False
688261,20230103,E0,False,True,False
688273,20230103,E2,False,True,False
688291,20230103,E2,False,True,False
688293,20230103,E2,False,True,False
688295,20230103,E2,False,True,False
688297,20230103,E2,True,False,False
688317,20230103,E0,False,False,True
688321,20230103,E0,False,True,False
688322,20230103,E2,False,True,False
688337,20230103,E2,False,True,False
688348,20230103,E2,False,True,False
688349,20230103,E2,True,False,False
688353,20230103,E2,False,False,True
688356,20230103,E0,False,True,False
688362,20230103,E2,False,True,False
688363,20230103,E0,False,True,False
688372,20230103,E2,False,True,False
688381,20230103,E2,False,True,False
688385,20230103,E0,False,True,False
688391,20230103,E2,False,True,False
688399,20230103,E0,False,True,False
688401,20230103,E2,False,True,False
688403,20230103,E2,False,True,False
688426,20230103,E2,False,True,False
688428,20230103,E2,False,True,False
688432,20230103,E2,False,False,True
688459,20230103,E2,False,True,False
688480,20230103,E2,False,True,False
688499,20230103,E0,False,True,False
688578,20230103,E0,True,False,False
688601,20230103,E0,True,False,False
688609,20230103,E1,True,False,False
688613,20230103,E0,True,False,False
688626,20230103,E0,True,False,False
688661,20230103,E0,True,False,False
688668,20230103,E0,False,True,False
688689,20230103,E1,True,False,False
688690,20230103,E0,False,True,False
688700,20230103,E0,False,True,False
688707,20230103,E0,False,True,False
688733,20230103,E0,False,False,True
688778,20230103,E0,False,False,True
688800,20230103,E0,False,True,False
689009,20230103,E0,True,False,False
000001,20230504,E0,False,True,False
000045,20230504,E1,False,True,False
000155,20230504,E0,False,True,False
000156,20230504,E1,True,False,False
000415,20230504,E0,True,False,False
000419,20230504,E0,True,False,False
000517,20230504,E0,True,False,False
000552,20230504,E1,True,False,False
000590,20230504,E1,True,False,False
000591,20230504,E1,False,True,False
000597,20230504,E1,True,False,False
000625,20230504,E0,True,False,False
000629,20230504,E0,False,True,False
000657,20230504,E0,True,False,False
000661,20230504,E0,False,True,False
000733,20230504,E0,True,False,False
000739,20230504,E0,True,False,False
000755,20230504,E0,False,True,False
000776,20230504,E0,False,True,False
000783,20230504,E1,False,True,False
000792,20230504,E0,False,True,False
000799,20230504,E0,False,False,True
000812,20230504,E0,True,False,False
000819,20230504,E0,True,False,False
000831,20230504,E0,False,False,True
000858,20230504,E0,True,False,False
000893,20230504,E1,True,False,False
000913,20230504,E0,False,True,False
000915,20230504,E0,False,True,False
000957,20230504,E0,False,True,False
000958,20230504,E0,False,True,False
000963,20230504,E0,True,False,False
000970,20230504,E0,False,True,False
000993,20230504,E0,False,False,True
001205,20230504,E0,False,True,False
001219,20230504,E1,True,False,False
001222,20230504,E2,False,True,False
001227,20230504,E0,True,False,False
001234,20230504,E1,True,False,False
001236,20230504,E2,False,True,False
001238,20230504,E2,False,False,True
001256,20230504,E2,False,True,False
001258,20230504,E2,False,False,True
001259,20230504,E2,False,False,True
001260,20230504,E2,False,False,True
001268,20230504,E0,True,False,False
001269,20230504,E2,False,True,False
001278,20230504,E2,False,True,False
001299,20230504,E2,True,False,False
001300,20230504,E2,False,True,False
001311,20230504,E2,False,True,False
001314,20230504,E2,False,False,True
001319,20230504,E0,True,False,False
001338,20230504,E2,False,True,False
001366,20230504,E2,False,False,True
002003,20230504,E0,True,False,False
002006,20230504,E0,False,True,False
002011,20230504,E0,False,True,False
002017,20230504,E1,False,True,False
002026,20230504,E0,True,False,False
002041,20230504,E0,True,False,False
002046,20230504,E1,True,False,False
002048,20230504,E1,True,False,False
002049,20230504,E0,True,False,False
002053,20230504,E0,True,False,False
002057,20230504,E0,False,True,False
002073,20230504,E0,True,False,False
002088,20230504,E1,False,True,False
002093,20230504,E1,False,True,False
002125,20230504,E0,True,False,False
002136,20230504,E0,False,False,True
002138,20230504,E0,False,False,True
002142,20230504,E0,True,False,False
002148,20230504,E0,True,False,False
002150,20230504,E0,False,True,False
002166,20230504,E1,True,False,False
002173,20230504,E1,False,True,False
002184,20230504,E0,True,False,False
002190,20230504,E0,False,True,False
002194,20230504,E0,False,False,True
002195,20230504,E1,True,False,False
002201,20230504,E0,False,True,False
002238,20230504,E0,True,False,False
002239,20230504,E1,False,True,False
002242,20230504,E0,False,True,False
002277,20230504,E0,False,False,True
002285,20230504,E0,True,False,False
002290,20230504,E0,False,False,True
002296,20230504,E0,False,True,False
002304,20230504,E0,True,False,False
002349,20230504,E0,True,False,False
002353,20230504,E0,True,False,False
002374,20230504,E0,False,False,True
002383,20230504,E1,False,False,True
002410,20230504,E0,False,True,False
002421,20230504,E0,True,False,False
002437,20230504,E0,False,False,True
002484,20230504,E0,True,False,False
002486,20230504,E0,True,False,False
002492,20230504,E0,True,False,False
002497,20230504,E0,False,False,True
002518,20230504,E1,False,True,False
002541,20230504,E0,True,False,False
002570,20230504,E0,True,False,False
002571,20230504,E0,True,False,False
002593,20230504,E0,True,False,False
002613,20230504,E0,True,False,False
002646,20230504,E0,True,False,False
002651,20230504,E1,True,False,False
002658,20230504,E0,False,True,False
002685,20230504,E1,False,True,False
002696,20230504,E0,True,False,False
002706,20230504,E0,False,False,True
002743,20230504,E0,True,False,False
002756,20230504,E0,False,True,False
002758,20230504,E0,False,True,False
002782,20230504,E0,False,True,False
002799,20230504,E0,True,False,False
002800,20230504,E0,True,False,False
002807,20230504,E0,False,True,False
002817,20230504,E1,True,False,False
002821,20230504,E0,True,False,False
002835,20230504,E0,True,False,False
002839,20230504,E0,True,False,False
002843,20230504,E0,False,True,False
002866,20230504,E0,False,True,False
002873,20230504,E1,False,True,False
002881,20230504,E0,False,False,True
002885,20230504,E0,False,True,False
002895,20230504,E0,False,True,False
002896,20230504,E0,True,False,False
002906,20230504,E0,True,False,False
002907,20230504,E0,True,False,False
002910,20230504,E0,False,False,True
002911,20230504,E1,True,False,False
002917,20230504,E0,False,True,False
002920,20230504,E0,True,False,False
002937,20230504,E0,False,True,False
002940,20230504,E0,True,False,False
002950,20230504,E1,True,False,False
002953,20230504,E1,True,False,False
002957,20230504,E0,False,True,False
002961,20230504,E0,False,False,True
002966,20230504,E1,False,True,False
002992,20230504,E0,True,False,False
002993,20230504,E0,True,False,False
002996,20230504,E1,False,False,True
002997,20230504,E0,True,False,False
003023,20230504,E0,True,False,False
003028,20230504,E0,False,True,False
300026,20230504,E0,False,True,False
300040,20230504,E0,True,False,False
300052,20230504,E0,True,False,False
300055,20230504,E0,False,True,False
300059,20230504,E0,True,False,False
300078,20230504,E1,False,False,True
300112,20230504,E0,False,False,True
300118,20230504,E0,False,True,False
300121,20230504,E0,True,False,False
300124,20230504,E0,True,False,False
300135,20230504,E0,False,True,False
300142,20230504,E0,False,True,False
300171,20230504,E0,False,False,True
300174,20230504,E0,True,False,False
300179,20230504,E0,False,True,False
300217,20230504,E0,True,False,False
300239,20230504,E0,True,False,False
300258,20230504,E0,True,False,False
300286,20230504,E1,False,True,False
300327,20230504,E0,False,False,True
300329,20230504,E0,True,False,False
300337,20230504,E0,False,True,False
300347,20230504,E0,True,False,False
300357,20230504,E0,True,False,False
300373,20230504,E0,False,False,True
300400,20230504,E1,True,False,False
300401,20230504,E0,True,False,False
300402,20230504,E0,True,False,False
300441,20230504,E0,True,False,False
300450,20230504,E1,True,False,False
300481,20230504,E0,False,True,False
300483,20230504,E0,True,False,False
300496,20230504,E0,False,True,False
300546,20230504,E0,True,False,False
300547,20230504,E1,False,True,False
300563,20230504,E0,True,False,False
300595,20230504,E0,True,False,False
300610,20230504,E0,False,False,True
300632,20230504,E1,True,False,False
300636,20230504,E0,False,True,False
300639,20230504,E0,True,False,False
300662,20230504,E0,True,False,False
300679,20230504,E0,True,False,False
300681,20230504,E0,False,False,True
300683,20230504,E1,True,False,False
300691,20230504,E0,True,False,False
300696,20230504,E0,False,True,False
300712,20230504,E0,False,True,False
300718,20230504,E0,False,False,True
300725,20230504,E0,False,True,False
300726,20230504,E0,False,True,False
300748,20230504,E1,True,False,False
300751,20230504,E0,False,False,True
300752,20230504,E0,False,True,False
300771,20230504,E0,True,False,False
300774,20230504,E0,True,False,False
300776,20230504,E0,False,True,False
300782,20230504,E0,True,False,False
300801,20230504,E0,False,False,True
300809,20230504,E1,False,False,True
300813,20230504,E0,False,False,True
300828,20230504,E1,True,False,False
300831,20230504,E0,False,True,False
300832,20230504,E0,True,False,False
300835,20230504,E0,False,False,True
300841,20230504,E0,False,True,False
300861,20230504,E0,True,False,False
300879,20230504,E1,False,False,True
300894,20230504,E0,False,True,False
300896,20230504,E1,True,False,False
300898,20230504,E1,False,False,True
300900,20230504,E0,True,False,False
300911,20230504,E0,False,False,True
300917,20230504,E0,True,False,False
300957,20230504,E0,True,False,False
300962,20230504,E1,True,False,False
300969,20230504,E0,True,False,False
300979,20230504,E0,False,False,True
300994,20230504,E1,False,True,False
301004,20230504,E0,True,False,False
301021,20230504,E0,True,False,False
301027,20230504,E0,True,False,False
301029,20230504,E0,False,True,False
301031,20230504,E0,True,False,False
301050,20230504,E0,False,True,False
301060,20230504,E1,False,True,False
301069,20230504,E0,False,True,False
301073,20230504,E0,True,False,False
301095,20230504,E2,False,True,False
301096,20230504,E1,True,False,False
301130,20230504,E1,True,False,False
301152,20230504,E2,False,False,True
301161,20230504,E2,True,False,False
301162,20230504,E0,True,False,False
301175,20230504,E2,False,True,False
301177,20230504,E0,False,False,True
301180,20230504,E0,True,False,False
301201,20230504,E0,False,False,True
301205,20230504,E2,False,True,False
301233,20230504,E0,True,False,False
301246,20230504,E2,False,False,True
301258,20230504,E1,False,False,True
301265,20230504,E2,False,False,True
301267,20230504,E2,True,False,False
301269,20230504,E2,False,True,False
301270,20230504,E2,False,True,False
301277,20230504,E2,False,False,True
301290,20230504,E2,False,True,False
301297,20230504,E2,False,True,False
301299,20230504,E2,True,False,False
301303,20230504,E2,False,True,False
301312,20230504,E2,False,True,False
301314,20230504,E2,False,True,False
301317,20230504,E2,False,False,True
301322,20230504,E2,False,True,False
301327,20230504,E2,False,False,True
301330,20230504,E2,False,True,False
301331,20230504,E2,True,False,False
301333,20230504,E2,True,False,False
301345,20230504,E2,False,True,False
301361,20230504,E2,False,False,True
301363,20230504,E2,False,True,False
301369,20230504,E2,False,True,False
301373,20230504,E2,False,True,False
301377,20230504,E2,False,True,False
301378,20230504,E2,False,False,True
301380,20230504,E2,True,False,False
301386,20230504,E2,False,False,True
301391,20230504,E2,False,False,True
600032,20230504,E0,False,True,False
600036,20230504,E0,True,False,False
600050,20230504,E1,True,False,False
600123,20230504,E0,True,False,False
600130,20230504,E0,True,False,False
600152,20230504,E0,False,True,False
600230,20230504,E1,True,False,False
600295,20230504,E0,False,False,True
600313,20230504,E0,True,False,False
600448,20230504,E1,False,False,True
600456,20230504,E0,False,False,True
600483,20230504,E1,True,False,False
600486,20230504,E1,True,False,False
600556,20230504,E0,True,False,False
600563,20230504,E0,False,True,False
600586,20230504,E0,False,False,True
600613,20230504,E0,True,False,False
600714,20230504,E0,False,False,True
600738,20230504,E0,False,False,True
600779,20230504,E0,True,False,False
600794,20230504,E0,True,False,False
600809,20230504,E0,True,False,False
600816,20230504,E1,False,True,False
600821,20230504,E0,True,False,False
600874,20230504,E1,True,False,False
600875,20230504,E1,True,False,False
600905,20230504,E1,True,False,False
600906,20230504,E0,True,False,False
600917,20230504,E0,False,False,True
600925,20230504,E2,False,True,False
600926,20230504,E1,False,True,False
600988,20230504,E1,False,True,False
600999,20230504,E1,True,False,False
601001,20230504,E0,True,False,False
601009,20230504,E0,False,True,False
601012,20230504,E0,True,False,False
601022,20230504,E2,False,True,False
601059,20230504,E2,False,True,False
601066,20230504,E0,True,False,False
601101,20230504,E1,False,False,True
601121,20230504,E2,False,False,True
601136,20230504,E2,False,False,True
601156,20230504,E1,False,False,True
601187,20230504,E1,True,False,False
601222,20230504,E0,True,False,False
601231,20230504,E0,True,False,False
601579,20230504,E0,True,False,False
601633,20230504,E1,True,False,False
601677,20230504,E0,False,False,True
601689,20230504,E0,True,False,False
601696,20230504,E0,True,False,False
601778,20230504,E0,False,True,False
601828,20230504,E1,False,False,True
601838,20230504,E0,True,False,False
601878,20230504,E1,True,False,False
601888,20230504,E0,False,False,True
601908,20230504,E0,False,False,True
601921,20230504,E1,True,False,False
601958,20230504,E0,True,False,False
603017,20230504,E1,True,False,False
603025,20230504,E0,True,False,False
603057,20230504,E2,False,True,False
603061,20230504,E2,False,False,True
603065,20230504,E2,False,False,True
603073,20230504,E2,False,True,False
603080,20230504,E1,True,False,False
603088,20230504,E0,True,False,False
603098,20230504,E0,True,False,False
603105,20230504,E0,True,False,False
603127,20230504,E0,False,True,False
603151,20230504,E2,False,False,True
603153,20230504,E2,False,True,False
603163,20230504,E2,False,True,False
603170,20230504,E2,False,True,False
603182,20230504,E2,False,True,False
603190,20230504,E2,False,True,False
603200,20230504,E0,False,True,False
603211,20230504,E2,False,True,False
603214,20230504,E1,True,False,False
603217,20230504,E1,False,False,True
603229,20230504,E0,False,True,False
603235,20230504,E2,False,False,True
603236,20230504,E0,False,True,False
603237,20230504,E2,False,True,False
603255,20230504,E2,False,False,True
603259,20230504,E0,True,False,False
603267,20230504,E0,False,False,True
603280,20230504,E2,False,False,True
603281,20230504,E2,False,True,False
603282,20230504,E2,False,True,False
603291,20230504,E2,False,True,False
603297,20230504,E0,True,False,False
603307,20230504,E2,False,True,False
603309,20230504,E0,False,True,False
603317,20230504,E0,False,True,False
603323,20230504,E0,False,True,False
603338,20230504,E1,True,False,False
603392,20230504,E0,False,False,True
603396,20230504,E0,False,True,False
603456,20230504,E0,True,False,False
603486,20230504,E0,False,True,False
603496,20230504,E0,True,False,False
603528,20230504,E0,True,False,False
603538,20230504,E0,False,True,False
603568,20230504,E1,True,False,False
603583,20230504,E0,True,False,False
603613,20230504,E0,True,False,False
603658,20230504,E0,False,True,False
603667,20230504,E0,True,False,False
603738,20230504,E0,False,False,True
603777,20230504,E0,False,True,False
603786,20230504,E0,True,False,False
603803,20230504,E0,False,True,False
603816,20230504,E1,True,False,False
603866,20230504,E0,False,True,False
603890,20230504,E0,True,False,False
603908,20230504,E0,False,True,False
603915,20230504,E1,True,False,False
603938,20230504,E0,False,False,True
605111,20230504,E0,False,False,True
605117,20230504,E0,False,True,False
605133,20230504,E0,False,True,False
605179,20230504,E1,True,False,False
605188,20230504,E0,True,False,False
605218,20230504,E1,True,False,False
605338,20230504,E0,False,True,False
605507,20230504,E0,True,False,False
605567,20230504,E1,False,True,False
688007,20230504,E0,True,False,False
688017,20230504,E0,False,False,True
688020,20230504,E0,False,True,False
688032,20230504,E0,False,True,False
688050,20230504,E1,False,True,False
688061,20230504,E2,True,False,False
688063,20230504,E1,False,True,False
688068,20230504,E0,False,False,True
688073,20230504,E2,True,False,False
688075,20230504,E0,False,False,True
688114,20230504,E2,False,False,True
688123,20230504,E0,True,False,False
688132,20230504,E2,True,False,False
688143,20230504,E2,False,False,True
688147,20230504,E2,False,False,True
688161,20230504,E0,False,False,True
688172,20230504,E2,False,True,False
688188,20230504,E0,True,False,False
688190,20230504,E0,True,False,False
688196,20230504,E0,True,False,False
688205,20230504,E2,False,False,True
688206,20230504,E0,False,True,False
688207,20230504,E1,False,True,False
688233,20230504,E1,False,False,True
688252,20230504,E2,False,True,False
688253,20230504,E2,False,True,False
688261,20230504,E0,False,True,False
688273,20230504,E2,False,False,True
688291,20230504,E2,True,False,False
688295,20230504,E1,False,True,False
688307,20230504,E2,False,True,False
688321,20230504,E0,True,False,False
688337,20230504,E0,False,True,False
688356,20230504,E0,False,True,False
688362,20230504,E2,False,True,False
688363,20230504,E0,True,False,False
688372,20230504,E2,False,False,True
688381,20230504,E2,False,False,True
688385,20230504,E0,True,False,False
688390,20230504,E0,False,True,False
688401,20230504,E2,True,False,False
688403,20230504,E2,False,True,False
688410,20230504,E2,False,True,False
688426,20230504,E2,False,False,True
688459,20230504,E2,True,False,False
688475,20230504,E2,False,False,True
688480,20230504,E2,False,True,False
688486,20230504,E2,False,True,False
688498,20230504,E2,False,True,False
688499,20230504,E0,False,False,True
688502,20230504,E2,False,True,False
688508,20230504,E1,False,True,False
688522,20230504,E2,False,True,False
688536,20230504,E0,False,False,True
688575,20230504,E1,True,False,False
688621,20230504,E0,True,False,False
688668,20230504,E0,True,False,False
688677,20230504,E0,False,True,False
688690,20230504,E0,False,False,True
688696,20230504,E0,False,True,False
688697,20230504,E0,False,True,False
688700,20230504,E0,False,True,False
688707,20230504,E0,False,False,True
688728,20230504,E0,True,False,False
688798,20230504,E0,True,False,False
688800,20230504,E0,False,True,False
000001,20230901,E0,False,True,False
000021,20230901,E0,False,True,False
000026,20230901,E0,False,True,False
000155,20230901,E0,True,False,False
000338,20230901,E1,True,False,False
000404,20230901,E0,True,False,False
000501,20230901,E1,False,True,False
000521,20230901,E0,False,True,False
000524,20230901,E0,True,False,False
000534,20230901,E0,True,False,False
000539,20230901,E1,False,True,False
000559,20230901,E1,True,False,False
000567,20230901,E0,False,True,False
000591,20230901,E0,False,False,True
000617,20230901,E0,False,True,False
000629,20230901,E0,False,False,True
000661,20230901,E1,False,False,True
000729,20230901,E0,False,True,False
000731,20230901,E1,False,False,True
000737,20230901,E0,False,False,True
000751,20230901,E1,True,False,False
000755,20230901,E1,False,True,False
000776,20230901,E1,True,False,False
000810,20230901,E0,False,False,True
000862,20230901,E0,False,True,False
000868,20230901,E0,True,False,False
000913,20230901,E0,False,True,False
000915,20230901,E0,False,False,True
000957,20230901,E1,False,True,False
000966,20230901,E0,False,True,False
000989,20230901,E0,False,True,False
001205,20230901,E0,False,True,False
001256,20230901,E2,True,False,False
001269,20230901,E0,True,False,False
001278,20230901,E2,True,False,False
001282,20230901,E2,False,True,False
001286,20230901,E2,False,True,False
001300,20230901,E0,True,False,False
001308,20230901,E0,True,False,False
001311,20230901,E2,False,True,False
001322,20230901,E0,False,True,False
001328,20230901,E2,False,True,False
001336,20230901,E1,True,False,False
001337,20230901,E2,True,False,False
001338,20230901,E2,False,True,False
002006,20230901,E0,False,True,False
002012,20230901,E0,False,False,True
002015,20230901,E0,True,False,False
002017,20230901,E1,True,False,False
002020,20230901,E0,True,False,False
002045,20230901,E0,True,False,False
002060,20230901,E1,False,True,False
002088,20230901,E0,False,False,True
002090,20230901,E1,False,True,False
002091,20230901,E1,False,False,True
002093,20230901,E0,True,False,False
002133,20230901,E1,False,False,True
002197,20230901,E1,True,False,False
002201,20230901,E0,False,True,False
002216,20230901,E1,True,False,False
002218,20230901,E1,True,False,False
002239,20230901,E0,True,False,False
002242,20230901,E0,False,True,False
002248,20230901,E0,False,True,False
002262,20230901,E0,True,False,False
002273,20230901,E1,False,False,True
002275,20230901,E0,False,True,False
002296,20230901,E1,True,False,False
002301,20230901,E0,True,False,False
002315,20230901,E0,True,False,False
002332,20230901,E0,True,False,False
002334,20230901,E0,False,True,False
002372,20230901,E1,False,True,False
002396,20230901,E0,True,False,False
002398,20230901,E0,False,False,True
002416,20230901,E1,True,False,False
002459,20230901,E0,False,True,False
002478,20230901,E0,False,True,False
002507,20230901,E0,True,False,False
002518,20230901,E0,False,True,False
002519,20230901,E0,True,False,False
002546,20230901,E1,True,False,False
002557,20230901,E0,True,False,False
002558,20230901,E0,False,True,False
002563,20230901,E1,False,True,False
002577,20230901,E1,True,False,False
002603,20230901,E0,True,False,False
002605,20230901,E0,False,True,False
002624,20230901,E0,False,False,True
002638,20230901,E0,False,False,True
002658,20230901,E0,False,False,True
002690,20230901,E0,False,True,False
002697,20230901,E0,False,True,False
002733,20230901,E0,True,False,False
002738,20230901,E0,True,False,False
002746,20230901,E1,False,True,False
002758,20230901,E0,False,True,False
002772,20230901,E0,False,True,False
002773,20230901,E0,True,False,False
002780,20230901,E0,True,False,False
002782,20230901,E0,True,False,False
002803,20230901,E0,True,False,False
002843,20230901,E0,False,False,True
002847,20230901,E1,True,False,False
002864,20230901,E0,False,True,False
002866,20230901,E0,True,False,False
002873,20230901,E0,True,False,False
002885,20230901,E0,False,True,False
002895,20230901,E0,True,False,False
002913,20230901,E0,False,True,False
002916,20230901,E0,True,False,False
002917,20230901,E0,True,False,False
002937,20230901,E0,True,False,False
002938,20230901,E0,True,False,False
002946,20230901,E0,False,True,False
002947,20230901,E1,True,False,False
002957,20230901,E0,True,False,False
002959,20230901,E0,False,True,False
002965,20230901,E0,True,False,False
002966,20230901,E0,True,False,False
002971,20230901,E0,True,False,False
002979,20230901,E1,True,False,False
002983,20230901,E0,True,False,False
002990,20230901,E0,True,False,False
002991,20230901,E0,True,False,False
003000,20230901,E0,True,False,False
003002,20230901,E0,False,True,False
003006,20230901,E0,True,False,False
003028,20230901,E1,True,False,False
003031,20230901,E0,False,True,False
003033,20230901,E0,True,False,False
003040,20230901,E1,True,False,False
300002,20230901,E1,False,True,False
300011,20230901,E0,True,False,False
300017,20230901,E0,True,False,False
300026,20230901,E0,False,True,False
300031,20230901,E0,True,False,False
300055,20230901,E0,False,False,True
300109,20230901,E0,False,True,False
300118,20230901,E0,False,True,False
300135,20230901,E0,False,False,True
300142,20230901,E0,True,False,False
300146,20230901,E0,False,True,False
300153,20230901,E1,True,False,False
300179,20230901,E0,True,False,False
300192,20230901,E0,True,False,False
300206,20230901,E0,False,True,False
300223,20230901,E0,False,True,False
300238,20230901,E0,True,False,False
300260,20230901,E0,False,False,True
300275,20230901,E1,False,True,False
300286,20230901,E0,False,True,False
300294,20230901,E0,True,False,False
300306,20230901,E0,False,False,True
300314,20230901,E0,True,False,False
300316,20230901,E0,False,True,False
300332,20230901,E0,False,True,False
300337,20230901,E0,True,False,False
300341,20230901,E0,True,False,False
300351,20230901,E0,True,False,False
300360,20230901,E1,False,True,False
300376,20230901,E0,True,False,False
300389,20230901,E0,True,False,False
300434,20230901,E0,False,True,False
300443,20230901,E0,False,True,False
300447,20230901,E1,True,False,False
300452,20230901,E0,False,True,False
300470,20230901,E0,False,True,False
300481,20230901,E0,False,False,True
300494,20230901,E0,True,False,False
300496,20230901,E0,True,False,False
300500,20230901,E0,False,True,False
300502,20230901,E0,False,False,True
300508,20230901,E0,False,True,False
300516,20230901,E0,False,False,True
300529,20230901,E0,True,False,False
300533,20230901,E0,True,False,False
300539,20230901,E1,True,False,False
300545,20230901,E1,True,False,False
300547,20230901,E0,True,False,False
300589,20230901,E0,True,False,False
300613,20230901,E0,False,True,False
300620,20230901,E0,False,True,False
300624,20230901,E0,False,True,False
300633,20230901,E0,True,False,False
300634,20230901,E0,True,False,False
300636,20230901,E0,False,False,True
300638,20230901,E0,True,False,False
300653,20230901,E1,False,True,False
300654,20230901,E0,True,False,False
300667,20230901,E0,False,False,True
300680,20230901,E1,True,False,False
300692,20230901,E0,False,False,True
300693,20230901,E0,True,False,False
300696,20230901,E0,False,True,False
300697,20230901,E0,True,False,False
300705,20230901,E0,True,False,False
300709,20230901,E0,True,False,False
300725,20230901,E0,False,True,False
300726,20230901,E0,False,False,True
300729,20230901,E1,False,False,True
300738,20230901,E1,True,False,False
300745,20230901,E0,False,True,False
300763,20230901,E0,False,False,True
300768,20230901,E0,False,True,False
300775,20230901,E1,False,True,False
300776,20230901,E0,False,True,False
300777,20230901,E0,False,False,True
300786,20230901,E0,True,False,False
300788,20230901,E0,True,False,False
300793,20230901,E0,True,False,False
300802,20230901,E0,True,False,False
300831,20230901,E0,False,False,True
300841,20230901,E0,True,False,False
300847,20230901,E0,False,False,True
300860,20230901,E0,True,False,False
300867,20230901,E1,True,False,False
300880,20230901,E1,True,False,False
300881,20230901,E0,False,True,False
300882,20230901,E0,True,False,False
300884,20230901,E0,True,False,False
300894,20230901,E0,False,True,False
300901,20230901,E0,True,False,False
300910,20230901,E0,True,False,False
300950,20230901,E0,False,True,False
300964,20230901,E0,False,False,True
300970,20230901,E0,False,True,False
300972,20230901,E0,True,False,False
300973,20230901,E1,False,True,False
300978,20230901,E0,True,False,False
300997,20230901,E1,True,False,False
301011,20230901,E0,True,False,False
301029,20230901,E0,False,True,False
301039,20230901,E0,False,True,False
301050,20230901,E0,True,False,False
301052,20230901,E0,True,False,False
301060,20230901,E0,False,False,True
301066,20230901,E0,False,True,False
301083,20230901,E1,True,False,False
301087,20230901,E0,True,False,False
301089,20230901,E0,True,False,False
301101,20230901,E0,True,False,False
301103,20230901,E0,False,True,False
301112,20230901,E0,False,True,False
301116,20230901,E0,False,True,False
301120,20230901,E0,True,False,False
301175,20230901,E1,False,True,False
301202,20230901,E2,False,False,True
301203,20230901,E2,False,False,True
301205,20230901,E0,False,False,True
301207,20230901,E1,False,True,False
301211,20230901,E0,False,True,False
301212,20230901,E1,False,False,True
301215,20230901,E0,True,False,False
301225,20230901,E2,False,True,False
301239,20230901,E1,False,True,False
301262,20230901,E2,False,True,False
301268,20230901,E0,True,False,False
301269,20230901,E1,True,False,False
301270,20230901,E0,True,False,False
301272,20230901,E2,False,True,False
301278,20230901,E1,True,False,False
301291,20230901,E2,False,True,False
301293,20230901,E2,False,True,False
301295,20230901,E2,False,False,True
301297,20230901,E2,True,False,False
301305,20230901,E2,False,True,False
301307,20230901,E2,False,True,False
301312,20230901,E0,False,False,True
301314,20230901,E2,False,False,True
301320,20230901,E2,False,True,False
301323,20230901,E2,False,True,False
301325,20230901,E2,False,True,False
301330,20230901,E0,False,True,False
301332,20230901,E2,False,False,True
301345,20230901,E2,False,True,False
301353,20230901,E2,False,True,False
301355,20230901,E2,False,False,True
301363,20230901,E0,True,False,False
301369,20230901,E0,False,True,False
301370,20230901,E2,False,True,False
301377,20230901,E2,True,False,False
301381,20230901,E2,False,True,False
301383,20230901,E2,False,True,False
301387,20230901,E2,False,True,False
301399,20230901,E2,False,True,False
301419,20230901,E2,False,True,False
301448,20230901,E2,False,True,False
301486,20230901,E2,False,True,False
301488,20230901,E2,False,False,True
301503,20230901,E2,False,True,False
301509,20230901,E2,False,True,False
301512,20230901,E2,False,True,False
301518,20230901,E2,False,True,False
600000,20230901,E0,True,False,False
600007,20230901,E1,True,False,False
600009,20230901,E0,False,True,False
600021,20230901,E0,False,True,False
600032,20230901,E0,False,True,False
600060,20230901,E1,False,True,False
600066,20230901,E0,True,False,False
600120,20230901,E0,True,False,False
600125,20230901,E1,True,False,False
600201,20230901,E0,True,False,False
600223,20230901,E0,False,False,True
600267,20230901,E1,False,True,False
600325,20230901,E0,False,True,False
600329,20230901,E0,False,True,False
600348,20230901,E0,True,False,False
600371,20230901,E0,True,False,False
600373,20230901,E1,True,False,False
600378,20230901,E0,False,True,False
600400,20230901,E1,False,False,True
600415,20230901,E0,False,True,False
600420,20230901,E1,False,True,False
600425,20230901,E0,False,True,False
600428,20230901,E0,True,False,False
600511,20230901,E1,False,True,False
600516,20230901,E0,False,True,False
600557,20230901,E0,True,False,False
600559,20230901,E0,True,False,False
600563,20230901,E0,False,True,False
600572,20230901,E0,False,True,False
600573,20230901,E0,True,False,False
600578,20230901,E0,False,True,False
600583,20230901,E0,True,False,False
600587,20230901,E0,True,False,False
600600,20230901,E1,False,True,False
600603,20230901,E0,True,False,False
600686,20230901,E0,True,False,False
600698,20230901,E1,False,False,True
600731,20230901,E0,True,False,False
600732,20230901,E0,False,True,False
600750,20230901,E0,True,False,False
600771,20230901,E0,False,True,False
600795,20230901,E1,True,False,False
600803,20230901,E1,True,False,False
600814,20230901,E0,False,True,False
600833,20230901,E0,True,False,False
600839,20230901,E0,True,False,False
600863,20230901,E0,True,False,False
600925,20230901,E2,False,True,False
600926,20230901,E0,False,True,False
600928,20230901,E1,False,True,False
600968,20230901,E1,False,True,False
600971,20230901,E0,True,False,False
600988,20230901,E1,False,True,False
601000,20230901,E1,False,True,False
601009,20230901,E0,False,True,False
601011,20230901,E1,False,True,False
601016,20230901,E1,False,True,False
601022,20230901,E2,True,False,False
601059,20230901,E2,True,False,False
601061,20230901,E2,False,True,False
601065,20230901,E2,False,True,False
601117,20230901,E1,False,True,False
601163,20230901,E0,False,True,False
601198,20230901,E1,True,False,False
601211,20230901,E1,True,False,False
601298,20230901,E0,True,False,False
601318,20230901,E1,False,True,False
601319,20230901,E0,False,True,False
601326,20230901,E0,False,True,False
601398,20230901,E0,True,False,False
601601,20230901,E0,False,True,False
601608,20230901,E1,True,False,False
601619,20230901,E1,False,True,False
601628,20230901,E0,False,True,False
601658,20230901,E0,False,True,False
601699,20230901,E0,True,False,False
601801,20230901,E0,False,True,False
601858,20230901,E1,False,True,False
601881,20230901,E1,True,False,False
601916,20230901,E0,True,False,False
601939,20230901,E0,True,False,False
601949,20230901,E0,False,True,False
601963,20230901,E1,False,True,False
601988,20230901,E0,True,False,False
601997,20230901,E1,True,False,False
603027,20230901,E0,True,False,False
603057,20230901,E1,True,False,False
603068,20230901,E1,True,False,False
603070,20230901,E1,False,True,False
603071,20230901,E0,False,False,True
603073,20230901,E2,False,False,True
603076,20230901,E0,False,True,False
603083,20230901,E0,False,True,False
603097,20230901,E0,True,False,False
603100,20230901,E0,False,True,False
603109,20230901,E0,True,False,False
603110,20230901,E0,False,True,False
603119,20230901,E2,False,True,False
603125,20230901,E2,False,True,False
603129,20230901,E0,False,True,False
603136,20230901,E0,False,True,False
603163,20230901,E0,True,False,False
603170,20230901,E0,False,True,False
603173,20230901,E2,False,True,False
603182,20230901,E1,False,False,True
603211,20230901,E0,True,False,False
603219,20230901,E1,False,False,True
603222,20230901,E0,False,False,True
603228,20230901,E0,True,False,False
603229,20230901,E1,False,True,False
603236,20230901,E0,True,False,False
603258,20230901,E0,False,True,False
603281,20230901,E2,False,True,False
603291,20230901,E2,False,True,False
603305,20230901,E0,False,True,False
603307,20230901,E2,False,True,False
603308,20230901,E0,True,False,False
603317,20230901,E0,True,False,False
603323,20230901,E1,True,False,False
603339,20230901,E0,False,True,False
603345,20230901,E0,False,True,False
603387,20230901,E1,False,False,True
603444,20230901,E1,False,True,False
603486,20230901,E0,False,True,False
603529,20230901,E0,False,True,False
603658,20230901,E0,True,False,False
603663,20230901,E1,True,False,False
603683,20230901,E1,True,False,False
603686,20230901,E1,True,False,False
603688,20230901,E0,False,True,False
603693,20230901,E1,False,True,False
603719,20230901,E0,True,False,False
603757,20230901,E0,True,False,False
603777,20230901,E0,True,False,False
603803,20230901,E1,True,False,False
603866,20230901,E0,True,False,False
603867,20230901,E0,True,False,False
603933,20230901,E0,False,True,False
603960,20230901,E1,False,True,False
603983,20230901,E0,True,False,False
605011,20230901,E0,True,False,False
605116,20230901,E1,True,False,False
605117,20230901,E0,True,False,False
605133,20230901,E0,False,True,False
605183,20230901,E0,False,True,False
605337,20230901,E0,False,False,True
605567,20230901,E1,True,False,False
605588,20230901,E0,False,True,False
688018,20230901,E0,False,True,False
688019,20230901,E0,False,True,False
688050,20230901,E0,False,True,False
688063,20230901,E0,False,True,False
688088,20230901,E0,True,False,False
688091,20230901,E0,True,False,False
688100,20230901,E0,True,False,False
688111,20230901,E0,False,True,False
688116,20230901,E0,False,False,True
688120,20230901,E0,False,True,False
688138,20230901,E1,True,False,False
688139,20230901,E0,True,False,False
688141,20230901,E2,False,True,False
688146,20230901,E2,False,False,True
688150,20230901,E0,False,False,True
688158,20230901,E0,True,False,False
688166,20230901,E1,True,False,False
688172,20230901,E2,False,False,True
688206,20230901,E0,False,True,False
688213,20230901,E0,True,False,False
688252,20230901,E0,True,False,False
688253,20230901,E0,True,False,False
688258,20230901,E0,False,True,False
688261,20230901,E0,False,False,True
688276,20230901,E0,False,True,False
688278,20230901,E0,True,False,False
688295,20230901,E0,False,False,True
688305,20230901,E0,True,False,False
688307,20230901,E2,True,False,False
688315,20230901,E0,True,False,False
688334,20230901,E2,False,True,False
688337,20230901,E0,False,True,False
688352,20230901,E2,False,True,False
688356,20230901,E1,False,True,False
688361,20230901,E2,False,True,False
688362,20230901,E2,False,False,True
688389,20230901,E1,True,False,False
688390,20230901,E0,True,False,False
688392,20230901,E0,False,False,True
688400,20230901,E0,True,False,False
688403,20230901,E0,False,False,True
688410,20230901,E2,False,True,False
688425,20230901,E0,False,True,False
688432,20230901,E2,False,False,True
688439,20230901,E1,False,False,True
688469,20230901,E2,False,True,False
688480,20230901,E2,True,False,False
688484,20230901,E2,False,True,False
688486,20230901,E2,False,False,True
688508,20230901,E1,False,True,False
688517,20230901,E0,True,False,False
688518,20230901,E1,False,True,False
688526,20230901,E0,True,False,False
688533,20230901,E0,False,True,False
688552,20230901,E2,False,False,True
688560,20230901,E1,False,True,False
688581,20230901,E2,False,True,False
688582,20230901,E2,False,True,False
688593,20230901,E2,False,False,True
688602,20230901,E2,False,True,False
688608,20230901,E1,True,False,False
688612,20230901,E2,False,True,False
688620,20230901,E2,False,True,False
688627,20230901,E2,False,True,False
688629,20230901,E2,False,True,False
688639,20230901,E0,True,False,False
688658,20230901,E0,True,False,False
688677,20230901,E1,False,True,False
688686,20230901,E0,True,False,False
688687,20230901,E0,False,False,True
688696,20230901,E0,False,False,True
688697,20230901,E0,False,True,False
688700,20230901,E0,True,False,False
688722,20230901,E0,True,False,False
000001,20240102,E0,True,False,False
000021,20240102,E0,True,False,False
000026,20240102,E1,True,False,False
000063,20240102,E0,False,False,True
000156,20240102,E1,True,False,False
000415,20240102,E0,True,False,False
000425,20240102,E0,True,False,False
000501,20240102,E1,True,False,False
000507,20240102,E1,False,True,False
000513,20240102,E1,True,False,False
000517,20240102,E1,False,False,True
000521,20240102,E0,True,False,False
000537,20240102,E0,False,True,False
000538,20240102,E0,True,False,False
000539,20240102,E0,True,False,False
000552,20240102,E0,False,False,True
000567,20240102,E0,True,False,False
000568,20240102,E0,True,False,False
000581,20240102,E0,False,False,True
000589,20240102,E0,True,False,False
000596,20240102,E0,True,False,False
000617,20240102,E0,False,False,True
000651,20240102,E0,True,False,False
000716,20240102,E1,False,True,False
000729,20240102,E0,True,False,False
000733,20240102,E0,False,False,True
000739,20240102,E0,True,False,False
000755,20240102,E1,False,False,True
000786,20240102,E0,True,False,False
000807,20240102,E0,True,False,False
000812,20240102,E1,False,True,False
000858,20240102,E1,True,False,False
000862,20240102,E1,False,True,False
000869,20240102,E0,True,False,False
000875,20240102,E0,True,False,False
000878,20240102,E0,True,False,False
000913,20240102,E0,False,False,True
000932,20240102,E0,True,False,False
000957,20240102,E0,True,False,False
000966,20240102,E1,True,False,False
000989,20240102,E0,False,False,True
001205,20240102,E0,True,False,False
001213,20240102,E1,True,False,False
001215,20240102,E1,False,True,False
001227,20240102,E0,False,True,False
001268,20240102,E0,False,False,True
001282,20240102,E2,True,False,False
001286,20240102,E2,True,False,False
001311,20240102,E1,False,True,False
001322,20240102,E0,False,True,False
001328,20240102,E2,True,False,False
001338,20240102,E0,False,False,True
001376,20240102,E2,False,True,False
002006,20240102,E0,False,False,True
002025,20240102,E0,False,False,True
002027,20240102,E0,True,False,False
002033,20240102,E0,True,False,False
002038,20240102,E0,False,False,True
002043,20240102,E1,True,False,False
002049,20240102,E0,False,False,True
002056,20240102,E0,True,False,False
002060,20240102,E0,False,True,False
002073,20240102,E0,True,False,False
002090,20240102,E1,True,False,False
002096,20240102,E0,True,False,False
002104,20240102,E1,False,True,False
002116,20240102,E0,True,False,False
002120,20240102,E0,True,False,False
002138,20240102,E0,True,False,False
002142,20240102,E0,True,False,False
002154,20240102,E0,True,False,False
002158,20240102,E0,True,False,False
002179,20240102,E1,True,False,False
002201,20240102,E0,True,False,False
002236,20240102,E0,True,False,False
002237,20240102,E0,False,False,True
002242,20240102,E0,False,False,True
002249,20240102,E1,True,False,False
002275,20240102,E0,True,False,False
002283,20240102,E0,True,False,False
002284,20240102,E0,True,False,False
002287,20240102,E0,True,False,False
002304,20240102,E0,True,False,False
002307,20240102,E0,False,True,False
002317,20240102,E0,False,False,True
002328,20240102,E0,False,True,False
002334,20240102,E0,False,True,False
002353,20240102,E0,True,False,False
002367,20240102,E0,True,False,False
002371,20240102,E1,True,False,False
002372,20240102,E0,True,False,False
002380,20240102,E0,True,False,False
002404,20240102,E1,False,False,True
002418,20240102,E1,False,True,False
002423,20240102,E0,True,False,False
002446,20240102,E1,True,False,False
002448,20240102,E0,True,False,False
002478,20240102,E0,False,False,True
002483,20240102,E0,True,False,False
002484,20240102,E0,True,False,False
002500,20240102,E1,True,False,False
002508,20240102,E0,True,False,False
002517,20240102,E0,True,False,False
002518,20240102,E1,False,True,False
002535,20240102,E0,False,True,False
002541,20240102,E0,True,False,False
002558,20240102,E0,True,False,False
002563,20240102,E1,True,False,False
002568,20240102,E0,False,True,False
002595,20240102,E0,True,False,False
002605,20240102,E0,True,False,False
002616,20240102,E1,False,True,False
002668,20240102,E0,True,False,False
002677,20240102,E1,True,False,False
002681,20240102,E1,False,False,True
002690,20240102,E1,True,False,False
002697,20240102,E1,True,False,False
002706,20240102,E0,True,False,False
002746,20240102,E0,True,False,False
002758,20240102,E0,False,False,True
002772,20240102,E0,False,False,True
002790,20240102,E0,True,False,False
002815,20240102,E0,True,False,False
002821,20240102,E0,False,True,False
002828,20240102,E0,False,False,True
002833,20240102,E1,True,False,False
002839,20240102,E0,False,True,False
002850,20240102,E0,True,False,False
002864,20240102,E1,False,False,True
002896,20240102,E0,True,False,False
002907,20240102,E0,True,False,False
002911,20240102,E1,True,False,False
002913,20240102,E0,False,False,True
002920,20240102,E0,True,False,False
002923,20240102,E1,False,False,True
002946,20240102,E0,True,False,False
002950,20240102,E1,False,False,True
002959,20240102,E0,True,False,False
002984,20240102,E0,True,False,False
002997,20240102,E0,True,False,False
003002,20240102,E1,False,True,False
003012,20240102,E0,False,True,False
003016,20240102,E0,False,True,False
003031,20240102,E0,False,True,False
003035,20240102,E0,False,True,False
300002,20240102,E0,True,False,False
300005,20240102,E0,True,False,False
300008,20240102,E0,True,False,False
300012,20240102,E0,True,False,False
300026,20240102,E0,True,False,False
300059,20240102,E0,False,False,True
300073,20240102,E0,True,False,False
300109,20240102,E0,True,False,False
300124,20240102,E1,True,False,False
300130,20240102,E1,True,False,False
300146,20240102,E1,True,False,False
300200,20240102,E0,False,False,True
300206,20240102,E0,False,False,True
300217,20240102,E1,False,True,False
300223,20240102,E0,True,False,False
300236,20240102,E0,True,False,False
300258,20240102,E0,False,False,True
300267,20240102,E1,False,True,False
300275,20240102,E0,True,False,False
300285,20240102,E0,True,False,False
300286,20240102,E1,True,False,False
300307,20240102,E0,True,False,False
300316,20240102,E0,False,True,False
300332,20240102,E0,False,True,False
300347,20240102,E0,True,False,False
300360,20240102,E0,True,False,False
300395,20240102,E0,False,False,True
300400,20240102,E1,False,True,False
300408,20240102,E0,False,False,True
300413,20240102,E0,True,False,False
300414,20240102,E0,False,True,False
300434,20240102,E1,True,False,False
300443,20240102,E0,False,True,False
300452,20240102,E0,True,False,False
300457,20240102,E0,False,True,False
300470,20240102,E0,True,False,False
300487,20240102,E0,False,True,False
300488,20240102,E1,True,False,False
300500,20240102,E0,False,True,False
300532,20240102,E0,True,False,False
300548,20240102,E0,False,True,False
300549,20240102,E0,False,False,True
300570,20240102,E0,True,False,False
300576,20240102,E0,True,False,False
300595,20240102,E0,True,False,False
300613,20240102,E0,False,True,False
300618,20240102,E1,True,False,False
300620,20240102,E1,True,False,False
300624,20240102,E0,True,False,False
300643,20240102,E1,True,False,False
300653,20240102,E0,True,False,False
300662,20240102,E1,False,True,False
300666,20240102,E0,True,False,False
300685,20240102,E0,True,False,False
300696,20240102,E0,False,True,False
300725,20240102,E0,False,False,True
300741,20240102,E1,True,False,False
300745,20240102,E0,False,False,True
300747,20240102,E0,True,False,False
300750,20240102,E0,True,False,False
300766,20240102,E1,True,False,False
300768,20240102,E1,True,False,False
300771,20240102,E1,True,False,False
300772,20240102,E1,True,False,False
300773,20240102,E0,True,False,False
300774,20240102,E0,False,True,False
300776,20240102,E0,False,True,False
300779,20240102,E1,False,False,True
300780,20240102,E0,False,False,True
300866,20240102,E0,True,False,False
300869,20240102,E1,False,False,True
300881,20240102,E0,True,False,False
300894,20240102,E0,True,False,False
300896,20240102,E0,True,False,False
300921,20240102,E1,False,True,False
300926,20240102,E0,True,False,False
300950,20240102,E0,True,False,False
300957,20240102,E0,False,True,False
300962,20240102,E0,True,False,False
300970,20240102,E0,False,False,True
300973,20240102,E0,False,True,False
301007,20240102,E0,False,True,False
301029,20240102,E0,False,False,True
301039,20240102,E0,True,False,False
301066,20240102,E0,False,True,False
301073,20240102,E0,True,False,False
301092,20240102,E0,True,False,False
301096,20240102,E1,True,False,False
301103,20240102,E0,False,True,False
301110,20240102,E0,False,False,True
301112,20240102,E1,False,True,False
301116,20240102,E0,True,False,False
301119,20240102,E1,False,True,False
301130,20240102,E0,True,False,False
301137,20240102,E0,False,True,False
301138,20240102,E1,True,False,False
301158,20240102,E0,False,True,False
301163,20240102,E0,True,False,False
301165,20240102,E0,False,False,True
301170,20240102,E2,False,True,False
301175,20240102,E0,True,False,False
301177,20240102,E0,False,False,True
301185,20240102,E0,True,False,False
301186,20240102,E1,True,False,False
301207,20240102,E0,False,True,False
301211,20240102,E1,False,True,False
301225,20240102,E2,False,False,True
301239,20240102,E0,False,True,False
301251,20240102,E2,False,False,True
301257,20240102,E0,False,True,False
301258,20240102,E0,False,False,True
301262,20240102,E2,True,False,False
301267,20240102,E0,False,True,False
301272,20240102,E2,False,False,True
301287,20240102,E2,False,False,True
301291,20240102,E2,True,False,False
301293,20240102,E2,True,False,False
301305,20240102,E2,True,False,False
301307,20240102,E2,False,False,True
301320,20240102,E2,False,True,False
301323,20240102,E2,False,True,False
301325,20240102,E2,False,False,True
301330,20240102,E1,True,False,False
301331,20240102,E1,True,False,False
301333,20240102,E0,False,True,False
301339,20240102,E1,True,False,False
301345,20240102,E2,True,False,False
301362,20240102,E2,False,True,False
301367,20240102,E1,False,False,True
301369,20240102,E0,False,False,True
301370,20240102,E2,False,True,False
301376,20240102,E2,True,False,False
301381,20240102,E2,False,False,True
301383,20240102,E2,False,True,False
301387,20240102,E2,False,True,False
301399,20240102,E2,True,False,False
301418,20240102,E2,False,False,True
301419,20240102,E0,False,False,True
301421,20240102,E2,False,True,False
301429,20240102,E2,False,False,True
301448,20240102,E2,False,False,True
301486,20240102,E2,False,True,False
301487,20240102,E2,False,True,False
301498,20240102,E2,False,True,False
301503,20240102,E2,False,True,False
301507,20240102,E2,False,False,True
301508,20240102,E2,False,True,False
301509,20240102,E2,False,False,True
301512,20240102,E2,False,False,True
301518,20240102,E2,False,True,False
301525,20240102,E2,False,False,True
301529,20240102,E2,False,False,True
301533,20240102,E2,False,True,False
301548,20240102,E2,False,False,True
301550,20240102,E2,False,False,True
301558,20240102,E2,False,True,False
301559,20240102,E2,False,True,False
301568,20240102,E2,False,False,True
600004,20240102,E0,True,False,False
600009,20240102,E0,True,False,False
600021,20240102,E1,True,False,False
600029,20240102,E0,False,True,False
600031,20240102,E0,True,False,False
600032,20240102,E0,False,True,False
600055,20240102,E0,True,False,False
600060,20240102,E1,True,False,False
600098,20240102,E0,True,False,False
600162,20240102,E0,False,False,True
600166,20240102,E0,False,False,True
600199,20240102,E0,True,False,False
600219,20240102,E0,False,False,True
600230,20240102,E1,False,False,True
600251,20240102,E0,False,False,True
600267,20240102,E0,False,True,False
600285,20240102,E1,True,False,False
600313,20240102,E1,True,False,False
600325,20240102,E0,True,False,False
600329,20240102,E0,True,False,False
600351,20240102,E0,True,False,False
600378,20240102,E0,False,False,True
600415,20240102,E0,False,False,True
600436,20240102,E0,True,False,False
600480,20240102,E1,True,False,False
600496,20240102,E0,True,False,False
600508,20240102,E0,False,False,True
600511,20240102,E0,False,False,True
600516,20240102,E1,True,False,False
600529,20240102,E0,True,False,False
600531,20240102,E0,False,False,True
600540,20240102,E0,True,False,False
600546,20240102,E0,False,False,True
600556,20240102,E1,False,True,False
600563,20240102,E0,True,False,False
600572,20240102,E0,False,False,True
600578,20240102,E1,True,False,False
600598,20240102,E1,True,False,False
600600,20240102,E0,True,False,False
600601,20240102,E0,True,False,False
600690,20240102,E0,True,False,False
600702,20240102,E0,False,False,True
600729,20240102,E0,True,False,False
600741,20240102,E0,True,False,False
600771,20240102,E0,True,False,False
600780,20240102,E0,False,True,False
600821,20240102,E0,True,False,False
600822,20240102,E0,False,True,False
600827,20240102,E0,True,False,False
600861,20240102,E0,True,False,False
600862,20240102,E1,False,False,True
600871,20240102,E0,True,False,False
600885,20240102,E0,True,False,False
600888,20240102,E0,True,False,False
600903,20240102,E0,False,True,False
600905,20240102,E0,True,False,False
600906,20240102,E1,False,True,False
600925,20240102,E2,True,False,False
600926,20240102,E1,True,False,False
600928,20240102,E1,False,True,False
600968,20240102,E1,True,False,False
600988,20240102,E1,True,False,False
601000,20240102,E0,True,False,False
601009,20240102,E1,True,False,False
601016,20240102,E0,True,False,False
601061,20240102,E2,False,False,True
601065,20240102,E2,False,True,False
601086,20240102,E1,True,False,False
601100,20240102,E0,True,False,False
601116,20240102,E0,False,True,False
601117,20240102,E0,True,False,False
601126,20240102,E0,True,False,False
601128,20240102,E0,True,False,False
601163,20240102,E1,True,False,False
601199,20240102,E0,False,False,True
601319,20240102,E0,True,False,False
601326,20240102,E0,True,False,False
601336,20240102,E0,True,False,False
601377,20240102,E0,True,False,False
601528,20240102,E0,False,True,False
601577,20240102,E0,True,False,False
601601,20240102,E0,True,False,False
601619,20240102,E0,True,False,False
601628,20240102,E0,True,False,False
601658,20240102,E0,False,True,False
601801,20240102,E1,True,False,False
601816,20240102,E1,True,False,False
601882,20240102,E0,True,False,False
601900,20240102,E0,True,False,False
601928,20240102,E0,True,False,False
601933,20240102,E0,True,False,False
601958,20240102,E0,False,False,True
601963,20240102,E0,False,True,False
601966,20240102,E0,True,False,False
601975,20240102,E0,True,False,False
603070,20240102,E1,False,True,False
603075,20240102,E2,False,True,False
603076,20240102,E0,True,False,False
603083,20240102,E0,False,True,False
603088,20240102,E0,True,False,False
603100,20240102,E0,True,False,False
603105,20240102,E0,False,True,False
603107,20240102,E2,False,True,False
603119,20240102,E2,False,True,False
603125,20240102,E2,False,False,True
603129,20240102,E0,False,False,True
603136,20240102,E0,False,False,True
603156,20240102,E0,True,False,False
603161,20240102,E1,True,False,False
603169,20240102,E1,False,True,False
603170,20240102,E0,False,True,False
603173,20240102,E0,True,False,False
603193,20240102,E2,False,True,False
603195,20240102,E0,True,False,False
603197,20240102,E0,False,True,False
603198,20240102,E1,True,False,False
603199,20240102,E0,True,False,False
603215,20240102,E0,False,True,False
603229,20240102,E0,False,False,True
603258,20240102,E0,False,False,True
603259,20240102,E0,False,False,True
603270,20240102,E2,False,True,False
603275,20240102,E2,False,False,True
603279,20240102,E0,True,False,False
603281,20240102,E0,False,False,True
603291,20240102,E2,True,False,False
603299,20240102,E0,True,False,False
603305,20240102,E0,False,False,True
603307,20240102,E0,True,False,False
603339,20240102,E1,False,True,False
603345,20240102,E0,True,False,False
603369,20240102,E0,True,False,False
603444,20240102,E0,True,False,False
603456,20240102,E0,False,False,True
603486,20240102,E0,True,False,False
603505,20240102,E0,False,False,True
603529,20240102,E0,True,False,False
603568,20240102,E0,True,False,False
603589,20240102,E0,True,False,False
603613,20240102,E0,True,False,False
603619,20240102,E0,True,False,False
603688,20240102,E0,True,False,False
603693,20240102,E0,True,False,False
603699,20240102,E0,True,False,False
603728,20240102,E1,True,False,False
603766,20240102,E0,True,False,False
603767,20240102,E0,True,False,False
603786,20240102,E1,True,False,False
603801,20240102,E0,True,False,False
603833,20240102,E0,False,False,True
603855,20240102,E0,True,False,False
603859,20240102,E0,True,False,False
603868,20240102,E0,True,False,False
603885,20240102,E0,False,True,False
603915,20240102,E1,True,False,False
603933,20240102,E0,False,False,True
603948,20240102,E1,False,False,True
603949,20240102,E0,False,True,False
603960,20240102,E1,False,False,True
603987,20240102,E0,False,True,False
603989,20240102,E1,False,False,True
605108,20240102,E1,False,True,False
605133,20240102,E0,False,False,True
605167,20240102,E1,False,False,True
605183,20240102,E0,True,False,False
605196,20240102,E1,True,False,False
605300,20240102,E0,False,False,True
605588,20240102,E0,False,True,False
688006,20240102,E0,True,False,False
688007,20240102,E1,True,False,False
688018,20240102,E1,True,False,False
688019,20240102,E0,True,False,False
688035,20240102,E1,False,True,False
688036,20240102,E0,True,False,False
688050,20240102,E1,False,True,False
688063,20240102,E0,False,False,True
688103,20240102,E0,False,False,True
688111,20240102,E0,True,False,False
688117,20240102,E1,True,False,False
688120,20240102,E0,True,False,False
688147,20240102,E0,True,False,False
688182,20240102,E0,True,False,False
688190,20240102,E1,False,False,True
688206,20240102,E0,False,True,False
688208,20240102,E0,True,False,False
688223,20240102,E0,False,False,True
688258,20240102,E0,False,True,False
688259,20240102,E0,False,True,False
688276,20240102,E0,False,True,False
688297,20240102,E0,False,False,True
688334,20240102,E2,True,False,False
688337,20240102,E0,False,True,False
688347,20240102,E2,False,False,True
688352,20240102,E2,False,False,True
688356,20240102,E0,False,False,True
688361,20240102,E2,False,True,False
688366,20240102,E1,True,False,False
688401,20240102,E1,True,False,False
688425,20240102,E1,False,False,True
688469,20240102,E2,False,True,False
688472,20240102,E2,False,True,False
688484,20240102,E2,True,False,False
688508,20240102,E0,False,True,False
688518,20240102,E0,False,False,True
688533,20240102,E0,False,True,False
688548,20240102,E2,False,True,False
688549,20240102,E2,False,True,False
688556,20240102,E0,False,True,False
688560,20240102,E0,False,False,True
688569,20240102,E0,False,False,True
688581,20240102,E2,False,True,False
688582,20240102,E2,True,False,False
688589,20240102,E1,False,True,False
688591,20240102,E2,False,True,False
688602,20240102,E2,False,False,True
688612,20240102,E2,False,True,False
688620,20240102,E2,False,False,True
688629,20240102,E2,False,False,True
688652,20240102,E2,False,True,False
688653,20240102,E2,False,False,True
688662,20240102,E0,False,True,False
688677,20240102,E0,False,True,False
688697,20240102,E0,False,False,True
688719,20240102,E2,False,True,False
688819,20240102,E0,True,False,False
000017,20240506,E0,True,False,False
000058,20240506,E0,True,False,False
000155,20240506,E1,False,True,False
000421,20240506,E2,False,True,False
000428,20240506,E0,True,False,False
000507,20240506,E1,True,False,False
000516,20240506,E0,False,True,False
000531,20240506,E0,False,True,False
000533,20240506,E0,True,False,False
000537,20240506,E0,False,True,False
000541,20240506,E1,True,False,False
000546,20240506,E0,True,False,False
000548,20240506,E0,True,False,False
000554,20240506,E0,True,False,False
000570,20240506,E0,True,False,False
000572,20240506,E0,True,False,False
000591,20240506,E1,True,False,False
000593,20240506,E0,True,False,False
000601,20240506,E0,True,False,False
000633,20240506,E0,False,False,True
000655,20240506,E0,True,False,False
000676,20240506,E0,True,False,False
000678,20240506,E0,True,False,False
000705,20240506,E1,True,False,False
000710,20240506,E0,True,False,False
000712,20240506,E0,True,False,False
000715,20240506,E0,True,False,False
000716,20240506,E0,True,False,False
000721,20240506,E0,False,True,False
000776,20240506,E1,True,False,False
000790,20240506,E0,True,False,False
000811,20240506,E0,False,True,False
000812,20240506,E0,True,False,False
000819,20240506,E0,True,False,False
000852,20240506,E0,True,False,False
000862,20240506,E0,False,True,False
000868,20240506,E1,True,False,False
000920,20240506,E1,True,False,False
000931,20240506,E0,True,False,False
000935,20240506,E0,False,True,False
000955,20240506,E0,True,False,False
000968,20240506,E1,False,True,False
000973,20240506,E0,True,False,False
000995,20240506,E0,True,False,False
001209,20240506,E0,True,False,False
001215,20240506,E0,False,True,False
001216,20240506,E1,True,False,False
001219,20240506,E0,True,False,False
001227,20240506,E0,False,True,False
001234,20240506,E0,False,False,True
001236,20240506,E0,False,True,False
001238,20240506,E1,True,False,False
001269,20240506,E0,False,True,False
001278,20240506,E0,True,False,False
001299,20240506,E0,True,False,False
001317,20240506,E0,False,False,True
001318,20240506,E1,True,False,False
001319,20240506,E0,True,False,False
001322,20240506,E0,False,False,True
001359,20240506,E2,False,True,False
001368,20240506,E0,True,False,False
001373,20240506,E0,True,False,False
001376,20240506,E2,False,True,False
001387,20240506,E2,False,True,False
002011,20240506,E1,True,False,False
002015,20240506,E0,False,True,False
002040,20240506,E0,True,False,False
002050,20240506,E0,False,True,False
002060,20240506,E0,False,True,False
002066,20240506,E0,True,False,False
002104,20240506,E0,True,False,False
002115,20240506,E0,False,True,False
002134,20240506,E0,True,False,False
002148,20240506,E0,True,False,False
002150,20240506,E0,True,False,False
002153,20240506,E0,False,True,False
002165,20240506,E0,True,False,False
002172,20240506,E0,True,False,False
002188,20240506,E0,True,False,False
002197,20240506,E0,True,False,False
002209,20240506,E1,True,False,False
002229,20240506,E0,False,True,False
002241,20240506,E1,True,False,False
002262,20240506,E1,True,False,False
002272,20240506,E1,True,False,False
002300,20240506,E0,True,False,False
002301,20240506,E1,True,False,False
002307,20240506,E1,True,False,False
002328,20240506,E1,True,False,False
002329,20240506,E0,True,False,False
002334,20240506,E1,True,False,False
002337,20240506,E0,False,False,True
002347,20240506,E0,True,False,False
002348,20240506,E0,False,True,False
002351,20240506,E1,False,True,False
002355,20240506,E1,True,False,False
002357,20240506,E0,True,False,False
002363,20240506,E1,True,False,False
002364,20240506,E1,True,False,False
002369,20240506,E0,False,False,True
002396,20240506,E1,True,False,False
002403,20240506,E0,True,False,False
002410,20240506,E0,True,False,False
002418,20240506,E0,True,False,False
002426,20240506,E0,True,False,False
002451,20240506,E0,True,False,False
002462,20240506,E1,True,False,False
002479,20240506,E0,True,False,False
002480,20240506,E0,True,False,False
002490,20240506,E0,True,False,False
002492,20240506,E0,True,False,False
002494,20240506,E0,True,False,False
002518,20240506,E0,False,True,False
002535,20240506,E0,True,False,False
002551,20240506,E0,True,False,False
002555,20240506,E0,True,False,False
002561,20240506,E0,True,False,False
002566,20240506,E0,False,False,True
002568,20240506,E1,False,True,False
002570,20240506,E0,True,False,False
002571,20240506,E0,True,False,False
002574,20240506,E1,True,False,False
002577,20240506,E1,False,False,True
002578,20240506,E0,False,False,True
002582,20240506,E1,True,False,False
002591,20240506,E0,False,False,True
002596,20240506,E0,True,False,False
002606,20240506,E0,True,False,False
002616,20240506,E0,True,False,False
002628,20240506,E0,True,False,False
002637,20240506,E0,True,False,False
002641,20240506,E1,True,False,False
002644,20240506,E1,False,False,True
002657,20240506,E0,True,False,False
002663,20240506,E1,True,False,False
002676,20240506,E1,False,True,False
002679,20240506,E0,True,False,False
002686,20240506,E0,True,False,False
002695,20240506,E0,True,False,False
002733,20240506,E1,True,False,False
002753,20240506,E0,True,False,False
002766,20240506,E1,True,False,False
002767,20240506,E0,True,False,False
002786,20240506,E0,False,True,False
002796,20240506,E0,True,False,False
002820,20240506,E0,True,False,False
002821,20240506,E0,False,True,False
002824,20240506,E0,False,False,True
002825,20240506,E1,True,False,False
002839,20240506,E0,False,True,False
002846,20240506,E1,True,False,False
002849,20240506,E0,False,True,False
002852,20240506,E0,False,False,True
002861,20240506,E0,True,False,False
002875,20240506,E0,True,False,False
002877,20240506,E1,True,False,False
002900,20240506,E0,True,False,False
002903,20240506,E0,True,False,False
002905,20240506,E0,True,False,False
002912,20240506,E0,False,True,False
002919,20240506,E0,True,False,False
002926,20240506,E0,True,False,False
002933,20240506,E0,True,False,False
002936,20240506,E0,False,True,False
002945,20240506,E0,False,True,False
002952,20240506,E0,False,False,True
002955,20240506,E1,True,False,False
002961,20240506,E0,False,True,False
002983,20240506,E0,True,False,False
002988,20240506,E0,True,False,False
002990,20240506,E1,True,False,False
003002,20240506,E0,True,False,False
003007,20240506,E0,False,False,True
003012,20240506,E0,False,True,False
003015,20240506,E0,True,False,False
003016,20240506,E0,True,False,False
003023,20240506,E0,True,False,False
003027,20240506,E0,False,False,True
003031,20240506,E0,False,True,False
003035,20240506,E1,False,True,False
300011,20240506,E0,True,False,False
300016,20240506,E0,False,False,True
300018,20240506,E1,True,False,False
300019,20240506,E0,False,True,False
300031,20240506,E0,True,False,False
300040,20240506,E0,False,False,True
300050,20240506,E0,True,False,False
300065,20240506,E0,True,False,False
300085,20240506,E0,True,False,False
300092,20240506,E1,False,True,False
300099,20240506,E1,True,False,False
300101,20240506,E1,False,False,True
300132,20240506,E0,True,False,False
300153,20240506,E1,True,False,False
300162,20240506,E0,False,True,False
300169,20240506,E0,True,False,False
300189,20240506,E0,True,False,False
300217,20240506,E0,True,False,False
300232,20240506,E0,True,False,False
300238,20240506,E0,True,False,False
300241,20240506,E0,True,False,False
300250,20240506,E1,True,False,False
300265,20240506,E0,True,False,False
300267,20240506,E0,True,False,False
300279,20240506,E0,True,False,False
300287,20240506,E0,False,False,True
300314,20240506,E0,True,False,False
300316,20240506,E0,False,True,False
300323,20240506,E0,False,False,True
300332,20240506,E0,False,True,False
300334,20240506,E0,True,False,False
300335,20240506,E0,True,False,False
300337,20240506,E1,True,False,False
300341,20240506,E1,True,False,False
300342,20240506,E1,False,True,False
300365,20240506,E1,True,False,False
300368,20240506,E0,False,False,True
300380,20240506,E0,True,False,False
300389,20240506,E0,False,True,False
300400,20240506,E0,True,False,False
300414,20240506,E0,False,False,True
300426,20240506,E0,False,False,True
300443,20240506,E0,True,False,False
300451,20240506,E0,False,True,False
300454,20240506,E0,False,True,False
300457,20240506,E1,False,True,False
300465,20240506,E1,True,False,False
300487,20240506,E1,False,True,False
300490,20240506,E0,True,False,False
300491,20240506,E1,True,False,False
300496,20240506,E0,False,True,False
300500,20240506,E0,False,False,True
300504,20240506,E0,False,False,True
300507,20240506,E1,True,False,False
300519,20240506,E0,False,False,True
300534,20240506,E0,True,False,False
300538,20240506,E0,True,False,False
300539,20240506,E0,True,False,False
300543,20240506,E0,False,False,True
300545,20240506,E1,True,False,False
300546,20240506,E0,True,False,False
300548,20240506,E0,False,True,False
300559,20240506,E1,False,True,False
300562,20240506,E0,True,False,False
300588,20240506,E0,False,False,True
300600,20240506,E0,True,False,False
300601,20240506,E0,False,True,False
300606,20240506,E0,True,False,False
300609,20240506,E0,True,False,False
300611,20240506,E0,True,False,False
300613,20240506,E1,True,False,False
300663,20240506,E0,True,False,False
300670,20240506,E0,False,True,False
300683,20240506,E0,True,False,False
300691,20240506,E0,False,False,True
300694,20240506,E0,False,True,False
300696,20240506,E0,False,True,False
300700,20240506,E0,False,True,False
300706,20240506,E0,False,True,False
300707,20240506,E0,False,True,False
300713,20240506,E0,True,False,False
300722,20240506,E0,False,True,False
300729,20240506,E1,False,True,False
300731,20240506,E1,True,False,False
300748,20240506,E0,False,False,True
300751,20240506,E1,False,True,False
300752,20240506,E0,True,False,False
300774,20240506,E0,True,False,False
300776,20240506,E0,False,True,False
300792,20240506,E1,False,False,True
300793,20240506,E0,True,False,False
300805,20240506,E0,True,False,False
300809,20240506,E1,True,False,False
300814,20240506,E0,False,True,False
300832,20240506,E1,False,True,False
300835,20240506,E1,True,False,False
300840,20240506,E0,True,False,False
300853,20240506,E0,False,False,True
300861,20240506,E0,False,False,True
300867,20240506,E0,True,False,False
300875,20240506,E1,False,False,True
300884,20240506,E0,True,False,False
300903,20240506,E0,False,True,False
300912,20240506,E0,True,False,False
300921,20240506,E0,True,False,False
300922,20240506,E0,True,False,False
300942,20240506,E0,False,False,True
300943,20240506,E0,True,False,False
300957,20240506,E0,False,True,False
300966,20240506,E0,False,True,False
300968,20240506,E0,False,False,True
300972,20240506,E0,True,False,False
300973,20240506,E1,False,True,False
300978,20240506,E0,True,False,False
300985,20240506,E0,True,False,False
300992,20240506,E1,True,False,False
301007,20240506,E1,True,False,False
301010,20240506,E0,True,False,False
301011,20240506,E0,True,False,False
301021,20240506,E0,True,False,False
301027,20240506,E0,True,False,False
301031,20240506,E0,False,True,False
301038,20240506,E0,True,False,False
301048,20240506,E0,False,True,False
301066,20240506,E1,True,False,False
301075,20240506,E0,True,False,False
301083,20240506,E1,True,False,False
301089,20240506,E0,False,False,True
301101,20240506,E0,True,False,False
301103,20240506,E1,False,True,False
301112,20240506,E0,True,False,False
301119,20240506,E0,False,False,True
301120,20240506,E1,False,False,True
301131,20240506,E1,False,True,False
301133,20240506,E1,True,False,False
301136,20240506,E0,True,False,False
301137,20240506,E0,True,False,False
301149,20240506,E1,True,False,False
301151,20240506,E0,True,False,False
301152,20240506,E0,True,False,False
301158,20240506,E1,True,False,False
301161,20240506,E0,True,False,False
301170,20240506,E0,False,True,False
301171,20240506,E1,False,False,True
301201,20240506,E0,True,False,False
301203,20240506,E1,False,True,False
301207,20240506,E0,True,False,False
301211,20240506,E0,True,False,False
301215,20240506,E0,False,False,True
301218,20240506,E0,True,False,False
301221,20240506,E0,True,False,False
301239,20240506,E0,False,True,False
301257,20240506,E0,False,True,False
301267,20240506,E0,False,True,False
301268,20240506,E0,False,False,True
301269,20240506,E1,False,True,False
301278,20240506,E0,True,False,False
301289,20240506,E0,True,False,False
301298,20240506,E1,True,False,False
301313,20240506,E0,False,True,False
301315,20240506,E0,False,True,False
301316,20240506,E0,True,False,False
301320,20240506,E0,False,False,True
301323,20240506,E1,True,False,False
301333,20240506,E1,True,False,False
301355,20240506,E1,True,False,False
301361,20240506,E0,False,True,False
301362,20240506,E2,True,False,False
301363,20240506,E0,True,False,False
301370,20240506,E2,False,True,False
301371,20240506,E2,True,False,False
301380,20240506,E0,True,False,False
301383,20240506,E0,True,False,False
301387,20240506,E1,False,True,False
301413,20240506,E2,False,True,False
301421,20240506,E2,False,True,False
301459,20240506,E2,False,True,False
301486,20240506,E2,False,True,False
301487,20240506,E2,False,True,False
301489,20240506,E2,True,False,False
301498,20240506,E2,True,False,False
301503,20240506,E2,True,False,False
301508,20240506,E2,False,False,True
301510,20240506,E2,False,False,True
301517,20240506,E2,False,True,False
301518,20240506,E2,False,True,False
301528,20240506,E2,False,True,False
301533,20240506,E2,True,False,False
301538,20240506,E2,False,True,False
301558,20240506,E2,False,True,False
301559,20240506,E2,False,False,True
301566,20240506,E2,False,True,False
301567,20240506,E2,False,True,False
301588,20240506,E2,False,True,False
301589,20240506,E2,False,True,False
600016,20240506,E0,False,True,False
600029,20240506,E1,True,False,False
600032,20240506,E1,False,False,True
600061,20240506,E1,True,False,False
600081,20240506,E1,True,False,False
600085,20240506,E0,False,True,False
600095,20240506,E0,False,True,False
600128,20240506,E0,True,False,False
600148,20240506,E0,True,False,False
600149,20240506,E0,True,False,False
600156,20240506,E0,True,False,False
600172,20240506,E0,False,True,False
600195,20240506,E1,False,True,False
600202,20240506,E0,True,False,False
600206,20240506,E1,True,False,False
600237,20240506,E1,True,False,False
600250,20240506,E1,False,True,False
600267,20240506,E0,False,False,True
600280,20240506,E0,True,False,False
600318,20240506,E0,False,True,False
600333,20240506,E0,True,False,False
600336,20240506,E0,True,False,False
600348,20240506,E1,False,False,True
600366,20240506,E0,True,False,False
600371,20240506,E0,True,False,False
600375,20240506,E0,True,False,False
600390,20240506,E0,True,False,False
600399,20240506,E0,False,True,False
600405,20240506,E0,True,False,False
600448,20240506,E0,True,False,False
600475,20240506,E0,True,False,False
600507,20240506,E1,False,False,True
600513,20240506,E1,True,False,False
600556,20240506,E0,True,False,False
600569,20240506,E0,True,False,False
600576,20240506,E0,True,False,False
600595,20240506,E1,False,False,True
600603,20240506,E0,True,False,False
600616,20240506,E1,True,False,False
600630,20240506,E0,False,True,False
600635,20240506,E1,True,False,False
600648,20240506,E0,True,False,False
600679,20240506,E0,True,False,False
600688,20240506,E1,True,False,False
600689,20240506,E2,False,True,False
600692,20240506,E0,True,False,False
600698,20240506,E0,True,False,False
600706,20240506,E0,False,True,False
600712,20240506,E0,True,False,False
600721,20240506,E0,True,False,False
600722,20240506,E1,True,False,False
600744,20240506,E0,False,True,False
600764,20240506,E1,True,False,False
600769,20240506,E0,True,False,False
600779,20240506,E1,False,True,False
600780,20240506,E0,False,True,False
600819,20240506,E0,True,False,False
600822,20240506,E0,True,False,False
600825,20240506,E1,True,False,False
600829,20240506,E0,True,False,False
600834,20240506,E0,True,False,False
600838,20240506,E0,True,False,False
600864,20240506,E0,True,False,False
600880,20240506,E1,False,True,False
600903,20240506,E1,True,False,False
600906,20240506,E0,False,True,False
600908,20240506,E0,True,False,False
600928,20240506,E0,False,True,False
600936,20240506,E0,True,False,False
600960,20240506,E0,True,False,False
600962,20240506,E0,True,False,False
600980,20240506,E1,True,False,False
600984,20240506,E0,False,True,False
600992,20240506,E1,True,False,False
601003,20240506,E1,True,False,False
601059,20240506,E0,False,True,False
601065,20240506,E1,True,False,False
601096,20240506,E2,False,True,False
601116,20240506,E0,False,True,False
601218,20240506,E0,False,False,True
601528,20240506,E0,False,True,False
601555,20240506,E1,True,False,False
601658,20240506,E0,True,False,False
601696,20240506,E1,False,True,False
601798,20240506,E0,True,False,False
601818,20240506,E0,True,False,False
601825,20240506,E1,True,False,False
601828,20240506,E1,False,True,False
601860,20240506,E0,True,False,False
601886,20240506,E1,False,True,False
601890,20240506,E1,True,False,False
601939,20240506,E1,True,False,False
601963,20240506,E0,False,True,False
601997,20240506,E1,False,True,False
603029,20240506,E0,True,False,False
603036,20240506,E1,False,True,False
603048,20240506,E0,True,False,False
603057,20240506,E1,True,False,False
603063,20240506,E0,False,True,False
603066,20240506,E0,True,False,False
603068,20240506,E0,False,True,False
603070,20240506,E0,False,False,True
603075,20240506,E2,True,False,False
603080,20240506,E0,True,False,False
603082,20240506,E2,False,False,True
603083,20240506,E0,False,True,False
603098,20240506,E0,False,True,False
603099,20240506,E0,True,False,False
603105,20240506,E0,False,True,False
603107,20240506,E2,True,False,False
603109,20240506,E1,False,True,False
603119,20240506,E2,False,True,False
603153,20240506,E1,True,False,False
603166,20240506,E1,True,False,False
603167,20240506,E0,False,True,False
603169,20240506,E1,True,False,False
603170,20240506,E0,False,True,False
603171,20240506,E0,True,False,False
603176,20240506,E0,True,False,False
603178,20240506,E0,False,True,False
603183,20240506,E0,True,False,False
603193,20240506,E2,True,False,False
603197,20240506,E0,False,True,False
603212,20240506,E0,False,True,False
603215,20240506,E0,True,False,False
603230,20240506,E1,False,True,False
603231,20240506,E2,False,True,False
603236,20240506,E1,True,False,False
603270,20240506,E2,False,True,False
603286,20240506,E0,True,False,False
603297,20240506,E1,False,True,False
603312,20240506,E2,False,True,False
603324,20240506,E0,True,False,False
603325,20240506,E2,False,True,False
603339,20240506,E1,True,False,False
603344,20240506,E2,False,False,True
603373,20240506,E2,False,True,False
603386,20240506,E0,False,False,True
603390,20240506,E0,True,False,False
603396,20240506,E0,False,True,False
603399,20240506,E0,True,False,False
603439,20240506,E0,False,True,False
603466,20240506,E1,False,False,True
603536,20240506,E0,True,False,False
603538,20240506,E0,True,False,False
603577,20240506,E1,False,False,True
603598,20240506,E1,False,True,False
603616,20240506,E0,True,False,False
603626,20240506,E1,True,False,False
603628,20240506,E0,True,False,False
603656,20240506,E0,True,False,False
603666,20240506,E0,True,False,False
603683,20240506,E1,True,False,False
603701,20240506,E0,True,False,False
603726,20240506,E1,True,False,False
603768,20240506,E0,False,False,True
603776,20240506,E0,True,False,False
603777,20240506,E0,True,False,False
603798,20240506,E0,True,False,False
603803,20240506,E1,True,False,False
603826,20240506,E0,True,False,False
603866,20240506,E1,False,False,True
603877,20240506,E0,False,True,False
603885,20240506,E1,False,True,False
603896,20240506,E1,False,True,False
603987,20240506,E1,False,False,True
605020,20240506,E0,False,True,False
605028,20240506,E0,False,False,True
605090,20240506,E1,True,False,False
605108,20240506,E1,False,True,False
605123,20240506,E0,False,True,False
605136,20240506,E0,True,False,False
605151,20240506,E0,True,False,False
605162,20240506,E0,False,True,False
605168,20240506,E1,False,True,False
605179,20240506,E0,True,False,False
605208,20240506,E0,False,False,True
605319,20240506,E0,False,True,False
605366,20240506,E0,False,True,False
605567,20240506,E0,True,False,False
605577,20240506,E0,False,True,False
605580,20240506,E0,False,True,False
605588,20240506,E0,True,False,False
688001,20240506,E0,False,False,True
688025,20240506,E0,False,True,False
688029,20240506,E0,True,False,False
688035,20240506,E0,False,True,False
688037,20240506,E0,False,True,False
688050,20240506,E1,True,False,False
688091,20240506,E0,True,False,False
688158,20240506,E1,True,False,False
688205,20240506,E1,True,False,False
688206,20240506,E0,True,False,False
688228,20240506,E0,False,False,True
688258,20240506,E0,True,False,False
688259,20240506,E0,True,False,False
688271,20240506,E1,False,True,False
688276,20240506,E0,False,True,False
688292,20240506,E0,False,True,False
688316,20240506,E1,False,True,False
688348,20240506,E0,False,False,True
688361,20240506,E0,True,False,False
688390,20240506,E0,False,True,False
688400,20240506,E1,True,False,False
688469,20240506,E0,False,True,False
688472,20240506,E0,True,False,False
688478,20240506,E0,False,True,False
688508,20240506,E0,True,False,False
688533,20240506,E0,False,True,False
688548,20240506,E2,False,True,False
688549,20240506,E2,False,True,False
688556,20240506,E1,False,True,False
688563,20240506,E2,True,False,False
688584,20240506,E2,False,False,True
688589,20240506,E1,False,False,True
688591,20240506,E2,False,False,True
688612,20240506,E2,False,True,False
688626,20240506,E0,False,True,False
688652,20240506,E2,False,False,True
688662,20240506,E0,True,False,False
688677,20240506,E0,False,True,False
688686,20240506,E0,False,True,False
688709,20240506,E2,False,True,False
688739,20240506,E1,True,False,False
000027,20240902,E0,False,True,False
000155,20240902,E0,False,True,False
000338,20240902,E0,False,True,False
000423,20240902,E0,True,False,False
000425,20240902,E0,True,False,False
000531,20240902,E1,True,False,False
000537,20240902,E0,False,True,False
000539,20240902,E0,False,True,False
000550,20240902,E1,False,True,False
000568,20240902,E0,False,True,False
000589,20240902,E0,False,True,False
000596,20240902,E0,False,True,False
000600,20240902,E0,True,False,False
000612,20240902,E0,True,False,False
000625,20240902,E1,False,False,True
000680,20240902,E0,True,False,False
000690,20240902,E0,False,True,False
000737,20240902,E0,False,True,False
000786,20240902,E0,False,True,False
000791,20240902,E0,False,True,False
000807,20240902,E0,True,False,False
000830,20240902,E1,False,True,False
000862,20240902,E0,True,False,False
000875,20240902,E1,False,True,False
000899,20240902,E0,True,False,False
000923,20240902,E0,False,True,False
000932,20240902,E0,False,True,False
000966,20240902,E1,True,False,False
000968,20240902,E0,True,False,False
000997,20240902,E0,True,False,False
001205,20240902,E0,True,False,False
001236,20240902,E1,False,False,True
001269,20240902,E0,True,False,False
001282,20240902,E0,True,False,False
001283,20240902,E0,False,False,True
001286,20240902,E1,False,False,True
001289,20240902,E0,False,True,False
001306,20240902,E2,True,False,False
001338,20240902,E1,True,False,False
001359,20240902,E2,False,False,True
001376,20240902,E0,False,True,False
001387,20240902,E2,False,True,False
002015,20240902,E0,False,True,False
002027,20240902,E0,True,False,False
002028,20240902,E1,True,False,False
002033,20240902,E1,False,True,False
002035,20240902,E1,True,False,False
002043,20240902,E0,True,False,False
002050,20240902,E0,False,False,True
002053,20240902,E1,False,True,False
002057,20240902,E0,True,False,False
002060,20240902,E1,False,True,False
002073,20240902,E1,True,False,False
002106,20240902,E0,True,False,False
002142,20240902,E0,False,True,False
002153,20240902,E0,False,True,False
002154,20240902,E0,True,False,False
002182,20240902,E0,True,False,False
002223,20240902,E0,True,False,False
002255,20240902,E0,True,False,False
002264,20240902,E0,True,False,False
002270,20240902,E0,True,False,False
002296,20240902,E0,True,False,False
002315,20240902,E0,True,False,False
002318,20240902,E0,True,False,False
002327,20240902,E0,False,True,False
002333,20240902,E1,False,True,False
002351,20240902,E0,True,False,False
002353,20240902,E0,True,False,False
002367,20240902,E0,True,False,False
002372,20240902,E0,False,True,False
002380,20240902,E1,False,True,False
002415,20240902,E0,False,True,False
002469,20240902,E0,True,False,False
002484,20240902,E0,True,False,False
002487,20240902,E1,False,True,False
002508,20240902,E0,True,False,False
002517,20240902,E0,True,False,False
002518,20240902,E0,True,False,False
002521,20240902,E0,False,True,False
002526,20240902,E0,True,False,False
002536,20240902,E0,True,False,False
002541,20240902,E0,True,False,False
002552,20240902,E0,True,False,False
002557,20240902,E0,False,True,False
002563,20240902,E0,True,False,False
002568,20240902,E1,False,False,True
002646,20240902,E1,False,True,False
002664,20240902,E1,True,False,False
002690,20240902,E0,False,True,False
002697,20240902,E0,False,True,False
002698,20240902,E1,False,False,True
002703,20240902,E0,False,True,False
002706,20240902,E0,True,False,False
002716,20240902,E0,True,False,False
002737,20240902,E0,False,False,True
002758,20240902,E1,True,False,False
002773,20240902,E0,True,False,False
002779,20240902,E0,True,False,False
002801,20240902,E1,True,False,False
002803,20240902,E0,False,False,True
002815,20240902,E1,True,False,False
002818,20240902,E0,True,False,False
002821,20240902,E1,False,False,True
002832,20240902,E0,False,True,False
002833,20240902,E0,False,True,False
002835,20240902,E1,True,False,False
002839,20240902,E0,False,True,False
002847,20240902,E0,True,False,False
002849,20240902,E0,True,False,False
002850,20240902,E0,False,False,True
002867,20240902,E0,True,False,False
002901,20240902,E1,True,False,False
002912,20240902,E1,True,False,False
002913,20240902,E1,False,True,False
002917,20240902,E0,True,False,False
002920,20240902,E1,False,True,False
002928,20240902,E0,True,False,False
002936,20240902,E0,False,True,False
002945,20240902,E0,True,False,False
002959,20240902,E0,True,False,False
002970,20240902,E0,True,False,False
002971,20240902,E0,True,False,False
002978,20240902,E1,False,True,False
002984,20240902,E0,False,True,False
002991,20240902,E0,True,False,False
002992,20240902,E0,True,False,False
003012,20240902,E0,True,False,False
003019,20240902,E1,False,True,False
003021,20240902,E0,True,False,False
003031,20240902,E0,False,False,True
003035,20240902,E1,False,True,False
300009,20240902,E1,False,True,False
300012,20240902,E1,False,True,False
300017,20240902,E0,True,False,False
300019,20240902,E0,True,False,False
300033,20240902,E1,True,False,False
300049,20240902,E0,False,True,False
300092,20240902,E1,False,False,True
300109,20240902,E0,True,False,False
300124,20240902,E0,False,False,True
300130,20240902,E1,False,False,True
300145,20240902,E0,True,False,False
300146,20240902,E0,False,True,False
300151,20240902,E1,False,True,False
300174,20240902,E1,False,True,False
300187,20240902,E0,False,True,False
300220,20240902,E1,True,False,False
300223,20240902,E0,False,True,False
300233,20240902,E0,False,True,False
300236,20240902,E1,False,True,False
300251,20240902,E0,True,False,False
300286,20240902,E0,False,True,False
300304,20240902,E1,True,False,False
300308,20240902,E0,False,True,False
300316,20240902,E0,False,True,False
300320,20240902,E0,False,True,False
300327,20240902,E0,False,True,False
300332,20240902,E1,False,False,True
300347,20240902,E1,False,True,False
300357,20240902,E0,False,True,False
300394,20240902,E0,False,True,False
300413,20240902,E0,False,True,False
300435,20240902,E0,True,False,False
300445,20240902,E0,False,True,False
300446,20240902,E1,False,True,False
300470,20240902,E0,True,False,False
300487,20240902,E0,False,True,False
300496,20240902,E0,True,False,False
300514,20240902,E1,False,True,False
300547,20240902,E0,True,False,False
300558,20240902,E1,True,False,False
300559,20240902,E0,True,False,False
300573,20240902,E0,False,True,False
300576,20240902,E0,False,True,False
300580,20240902,E0,True,False,False
300595,20240902,E0,False,True,False
300618,20240902,E1,False,False,True
300620,20240902,E0,True,False,False
300628,20240902,E1,False,True,False
300633,20240902,E0,False,True,False
300638,20240902,E0,True,False,False
300643,20240902,E0,False,True,False
300644,20240902,E0,True,False,False
300653,20240902,E1,False,True,False
300670,20240902,E1,False,True,False
300679,20240902,E0,True,False,False
300693,20240902,E0,False,True,False
300694,20240902,E1,True,False,False
300696,20240902,E1,False,True,False
300697,20240902,E1,False,False,True
300702,20240902,E0,True,False,False
300705,20240902,E0,False,True,False
300706,20240902,E1,False,True,False
300707,20240902,E0,True,False,False
300722,20240902,E0,True,False,False
300724,20240902,E0,False,True,False
300729,20240902,E1,False,False,True
300738,20240902,E0,True,False,False
300739,20240902,E0,False,False,True
300747,20240902,E0,False,True,False
300751,20240902,E0,False,True,False
300760,20240902,E0,False,True,False
300773,20240902,E1,False,True,False
300783,20240902,E0,True,False,False
300784,20240902,E2,False,True,False
300814,20240902,E0,False,True,False
300825,20240902,E0,True,False,False
300832,20240902,E1,False,True,False
300843,20240902,E0,True,False,False
300852,20240902,E0,False,True,False
300855,20240902,E1,False,True,False
300856,20240902,E0,False,True,False
300866,20240902,E0,True,False,False
300882,20240902,E0,True,False,False
300896,20240902,E0,False,True,False
300903,20240902,E1,False,False,True
300905,20240902,E0,False,True,False
300913,20240902,E0,True,False,False
300917,20240902,E0,False,False,True
300918,20240902,E0,True,False,False
300950,20240902,E0,False,True,False
300956,20240902,E0,True,False,False
300957,20240902,E1,False,True,False
300966,20240902,E1,False,False,True
300969,20240902,E0,False,True,False
300973,20240902,E0,True,False,False
300990,20240902,E0,True,False,False
300998,20240902,E0,False,True,False
301031,20240902,E0,True,False,False
301042,20240902,E0,True,False,False
301047,20240902,E1,False,False,True
301048,20240902,E0,False,True,False
301073,20240902,E0,False,False,True
301103,20240902,E1,False,True,False
301131,20240902,E1,False,True,False
301170,20240902,E1,False,True,False
301188,20240902,E0,True,False,False
301202,20240902,E1,True,False,False
301230,20240902,E1,True,False,False
301239,20240902,E0,False,False,True
301252,20240902,E0,True,False,False
301267,20240902,E0,False,True,False
301269,20240902,E1,True,False,False
301293,20240902,E0,True,False,False
301297,20240902,E0,True,False,False
301299,20240902,E1,False,True,False
301328,20240902,E0,True,False,False
301345,20240902,E0,True,False,False
301361,20240902,E0,True,False,False
301370,20240902,E0,False,True,False
301376,20240902,E0,False,True,False
301381,20240902,E0,False,True,False
301387,20240902,E0,False,True,False
301392,20240902,E2,False,True,False
301398,20240902,E0,False,True,False
301413,20240902,E2,True,False,False
301421,20240902,E0,False,True,False
301459,20240902,E2,False,True,False
301486,20240902,E0,True,False,False
301487,20240902,E0,False,True,False
301509,20240902,E0,False,False,True
301528,20240902,E1,False,True,False
301538,20240902,E2,False,True,False
301539,20240902,E2,False,True,False
301552,20240902,E2,False,True,False
301555,20240902,E1,False,True,False
301566,20240902,E2,False,False,True
301567,20240902,E2,False,False,True
301577,20240902,E2,False,False,True
301578,20240902,E2,False,False,True
301587,20240902,E2,False,False,True
301588,20240902,E2,False,True,False
301589,20240902,E2,False,True,False
301591,20240902,E2,False,True,False
301606,20240902,E2,False,True,False
600004,20240902,E1,False,True,False
600011,20240902,E0,False,True,False
600015,20240902,E0,True,False,False
600021,20240902,E0,True,False,False
600027,20240902,E0,True,False,False
600054,20240902,E1,False,True,False
600066,20240902,E0,True,False,False
600085,20240902,E0,False,False,True
600095,20240902,E1,False,True,False
600106,20240902,E0,True,False,False
600183,20240902,E0,True,False,False
600197,20240902,E0,False,True,False
600201,20240902,E0,False,True,False
600215,20240902,E0,False,False,True
600250,20240902,E1,False,False,True
600251,20240902,E0,False,False,True
600301,20240902,E0,True,False,False
600318,20240902,E0,True,False,False
600325,20240902,E0,False,True,False
600329,20240902,E0,False,False,True
600353,20240902,E0,True,False,False
600367,20240902,E1,True,False,False
600380,20240902,E0,True,False,False
600398,20240902,E0,True,False,False
600428,20240902,E0,True,False,False
600480,20240902,E0,True,False,False
600517,20240902,E0,True,False,False
600559,20240902,E1,False,True,False
600566,20240902,E0,True,False,False
600583,20240902,E0,True,False,False
600600,20240902,E0,True,False,False
600612,20240902,E0,False,True,False
600618,20240902,E1,True,False,False
600630,20240902,E0,True,False,False
600640,20240902,E1,True,False,False
600667,20240902,E1,True,False,False
600690,20240902,E0,False,True,False
600724,20240902,E0,True,False,False
600729,20240902,E0,False,True,False
600744,20240902,E0,False,True,False
600750,20240902,E0,True,False,False
600770,20240902,E2,False,True,False
600771,20240902,E0,False,True,False
600779,20240902,E0,True,False,False
600780,20240902,E0,False,True,False
600787,20240902,E1,True,False,False
600809,20240902,E0,False,True,False
600816,20240902,E0,True,False,False
600845,20240902,E0,False,False,True
600875,20240902,E0,True,False,False
600880,20240902,E0,True,False,False
600901,20240902,E0,True,False,False
600906,20240902,E0,False,True,False
600916,20240902,E0,False,True,False
600961,20240902,E0,False,True,False
600966,20240902,E0,True,False,False
600970,20240902,E0,False,True,False
600976,20240902,E0,False,False,True
600977,20240902,E0,True,False,False
600987,20240902,E1,False,True,False
600993,20240902,E0,True,False,False
601001,20240902,E1,False,True,False
601019,20240902,E1,False,True,False
601021,20240902,E0,False,True,False
601059,20240902,E0,False,True,False
601066,20240902,E0,True,False,False
601096,20240902,E2,False,True,False
601116,20240902,E0,True,False,False
601128,20240902,E0,True,False,False
601156,20240902,E0,True,False,False
601163,20240902,E1,True,False,False
601187,20240902,E0,True,False,False
601233,20240902,E0,False,True,False
601279,20240902,E0,False,True,False
601500,20240902,E0,True,False,False
601528,20240902,E0,True,False,False
601595,20240902,E0,True,False,False
601598,20240902,E0,True,False,False
601608,20240902,E0,True,False,False
601633,20240902,E1,False,True,False
601689,20240902,E0,True,False,False
601696,20240902,E0,False,True,False
601702,20240902,E0,True,False,False
601717,20240902,E0,False,True,False
601888,20240902,E0,False,False,True
601966,20240902,E0,False,True,False
601969,20240902,E0,True,False,False
601975,20240902,E0,False,True,False
601995,20240902,E0,False,True,False
601997,20240902,E0,False,True,False
603009,20240902,E0,True,False,False
603013,20240902,E1,True,False,False
603017,20240902,E0,False,True,False
603025,20240902,E0,True,False,False
603036,20240902,E1,True,False,False
603076,20240902,E1,False,True,False
603083,20240902,E0,True,False,False
603085,20240902,E0,True,False,False
603087,20240902,E0,True,False,False
603088,20240902,E0,True,False,False
603098,20240902,E1,True,False,False
603105,20240902,E0,True,False,False
603109,20240902,E1,True,False,False
603119,20240902,E0,True,False,False
603156,20240902,E0,True,False,False
603161,20240902,E0,True,False,False
603163,20240902,E1,True,False,False
603167,20240902,E0,True,False,False
603170,20240902,E1,False,False,True
603173,20240902,E0,True,False,False
603195,20240902,E0,False,True,False
603197,20240902,E0,False,True,False
603198,20240902,E0,False,True,False
603212,20240902,E1,False,True,False
603214,20240902,E1,True,False,False
603225,20240902,E0,False,True,False
603231,20240902,E2,False,False,True
603279,20240902,E0,False,True,False
603291,20240902,E0,True,False,False
603297,20240902,E0,True,False,False
603298,20240902,E0,False,True,False
603308,20240902,E0,True,False,False
603312,20240902,E2,True,False,False
603317,20240902,E0,True,False,False
603323,20240902,E1,False,True,False
603325,20240902,E2,True,False,False
603338,20240902,E0,True,False,False
603367,20240902,E1,True,False,False
603369,20240902,E0,False,True,False
603373,20240902,E2,False,True,False
603439,20240902,E0,False,False,True
603486,20240902,E0,False,True,False
603496,20240902,E0,True,False,False
603501,20240902,E0,False,True,False
603516,20240902,E0,True,False,False
603520,20240902,E0,True,False,False
603529,20240902,E0,True,False,False
603530,20240902,E0,True,False,False
603558,20240902,E1,True,False,False
603566,20240902,E0,False,True,False
603568,20240902,E0,False,True,False
603600,20240902,E1,True,False,False
603619,20240902,E0,False,True,False
603629,20240902,E0,True,False,False
603633,20240902,E0,False,False,True
603658,20240902,E0,True,False,False
603693,20240902,E0,False,True,False
603727,20240902,E0,True,False,False
603728,20240902,E0,True,False,False
603739,20240902,E0,False,True,False
603767,20240902,E0,True,False,False
603786,20240902,E0,True,False,False
603801,20240902,E0,True,False,False
603806,20240902,E1,False,False,True
603816,20240902,E0,False,True,False
603855,20240902,E0,True,False,False
603859,20240902,E0,True,False,False
603868,20240902,E0,True,False,False
603871,20240902,E1,False,True,False
603885,20240902,E0,True,False,False
603890,20240902,E1,True,False,False
603896,20240902,E0,False,True,False
603899,20240902,E0,False,True,False
603915,20240902,E0,True,False,False
603929,20240902,E1,True,False,False
603931,20240902,E0,True,False,False
603950,20240902,E0,False,False,True
603969,20240902,E1,True,False,False
603979,20240902,E0,False,True,False
603983,20240902,E0,True,False,False
603986,20240902,E0,True,False,False
605011,20240902,E0,False,True,False
605020,20240902,E0,True,False,False
605098,20240902,E0,False,True,False
605108,20240902,E0,True,False,False
605123,20240902,E0,False,False,True
605162,20240902,E0,True,False,False
605196,20240902,E0,True,False,False
605198,20240902,E0,True,False,False
605228,20240902,E0,True,False,False
605258,20240902,E0,True,False,False
605305,20240902,E0,True,False,False
605319,20240902,E0,True,False,False
605555,20240902,E0,True,False,False
605580,20240902,E1,True,False,False
605599,20240902,E0,False,True,False
688006,20240902,E0,False,False,True
688007,20240902,E0,False,True,False
688016,20240902,E0,True,False,False
688019,20240902,E0,False,True,False
688025,20240902,E1,True,False,False
688035,20240902,E0,False,True,False
688036,20240902,E1,False,True,False
688037,20240902,E1,False,True,False
688088,20240902,E0,True,False,False
688102,20240902,E0,True,False,False
688108,20240902,E0,False,True,False
688111,20240902,E0,False,True,False
688122,20240902,E1,False,True,False
688138,20240902,E0,False,True,False
688139,20240902,E0,True,False,False
688150,20240902,E0,True,False,False
688159,20240902,E0,False,True,False
688166,20240902,E0,False,True,False
688169,20240902,E0,False,True,False
688188,20240902,E0,False,True,False
688190,20240902,E0,True,False,False
688200,20240902,E0,False,True,False
688222,20240902,E0,True,False,False
688276,20240902,E0,False,True,False
688279,20240902,E1,True,False,False
688292,20240902,E1,False,False,True
688316,20240902,E0,False,True,False
688352,20240902,E0,False,True,False
688375,20240902,E0,True,False,False
688389,20240902,E0,False,True,False
688401,20240902,E0,False,True,False
688469,20240902,E0,False,False,True
688475,20240902,E0,False,True,False
688478,20240902,E1,False,True,False
688484,20240902,E1,False,True,False
688520,20240902,E0,False,True,False
688533,20240902,E0,True,False,False
688536,20240902,E0,False,True,False
688548,20240902,E0,True,False,False
688549,20240902,E0,True,False,False
688578,20240902,E0,True,False,False
688601,20240902,E1,False,True,False
688612,20240902,E0,False,True,False
688628,20240902,E0,False,True,False
688663,20240902,E0,False,True,False
688677,20240902,E0,True,False,False
688686,20240902,E0,True,False,False
688687,20240902,E0,False,True,False
688690,20240902,E1,False,True,False
688691,20240902,E2,False,False,True
688776,20240902,E0,False,True,False
688778,20240902,E0,True,False,False
688787,20240902,E0,True,False,False
688789,20240902,E0,False,True,False
688798,20240902,E0,True,False,False
000001,20250102,E0,False,True,False
000026,20250102,E0,True,False,False
000027,20250102,E0,True,False,False
000058,20250102,E0,True,False,False
000089,20250102,E1,False,True,False
000155,20250102,E0,False,False,True
000338,20250102,E0,True,False,False
000521,20250102,E0,False,True,False
000537,20250102,E1,True,False,False
000550,20250102,E0,False,True,False
000568,20250102,E0,True,False,False
000582,20250102,E0,True,False,False
000589,20250102,E0,False,False,True
000596,20250102,E0,False,True,False
000651,20250102,E0,False,False,True
000682,20250102,E0,True,False,False
000690,20250102,E0,False,True,False
000737,20250102,E0,True,False,False
000750,20250102,E0,True,False,False
000786,20250102,E1,False,True,False
000791,20250102,E1,True,False,False
000800,20250102,E0,False,True,False
000830,20250102,E1,False,True,False
000858,20250102,E0,False,True,False
000869,20250102,E0,True,False,False
000875,20250102,E1,True,False,False
000913,20250102,E0,False,True,False
000915,20250102,E0,True,False,False
000923,20250102,E0,False,True,False
000932,20250102,E0,True,False,False
000975,20250102,E0,False,False,True
001213,20250102,E0,True,False,False
001216,20250102,E0,True,False,False
001234,20250102,E0,False,False,True
001277,20250102,E2,False,True,False
001289,20250102,E1,True,False,False
001318,20250102,E1,True,False,False
001326,20250102,E0,False,True,False
001337,20250102,E0,True,False,False
001368,20250102,E1,True,False,False
001376,20250102,E0,False,True,False
001387,20250102,E0,False,True,False
001389,20250102,E2,False,True,False
002011,20250102,E0,False,False,True
002015,20250102,E0,False,True,False
002032,20250102,E1,True,False,False
002033,20250102,E1,False,False,True
002048,20250102,E0,True,False,False
002053,20250102,E0,False,False,True
002060,20250102,E0,False,True,False
002083,20250102,E0,False,True,False
002096,20250102,E1,False,False,True
002099,20250102,E0,True,False,False
002104,20250102,E0,False,False,True
002142,20250102,E0,False,True,False
002145,20250102,E1,False,True,False
002153,20250102,E0,True,False,False
002158,20250102,E0,False,True,False
002179,20250102,E0,False,False,True
002233,20250102,E0,False,False,True
002242,20250102,E0,False,True,False
002254,20250102,E1,True,False,False
002284,20250102,E0,True,False,False
002304,20250102,E0,False,True,False
002332,20250102,E0,False,False,True
002372,20250102,E0,True,False,False
002380,20250102,E1,True,False,False
002404,20250102,E1,True,False,False
002415,20250102,E1,False,True,False
002452,20250102,E1,False,True,False
002455,20250102,E0,False,True,False
002463,20250102,E1,False,True,False
002487,20250102,E1,True,False,False
002492,20250102,E0,False,False,True
002493,20250102,E0,True,False,False
002507,20250102,E1,False,True,False
002521,20250102,E0,False,True,False
002535,20250102,E1,False,True,False
002555,20250102,E0,True,False,False
002557,20250102,E0,False,False,True
002590,20250102,E0,False,True,False
002646,20250102,E1,False,False,True
002653,20250102,E1,True,False,False
002690,20250102,E0,True,False,False
002697,20250102,E1,True,False,False
002703,20250102,E0,True,False,False
002722,20250102,E0,False,True,False
002800,20250102,E0,True,False,False
002807,20250102,E1,True,False,False
002832,20250102,E0,False,True,False
002833,20250102,E1,False,True,False
002913,20250102,E0,True,False,False
002920,20250102,E0,False,True,False
002936,20250102,E0,False,True,False
002937,20250102,E0,True,False,False
002939,20250102,E0,True,False,False
002947,20250102,E1,False,False,True
002955,20250102,E0,False,False,True
002978,20250102,E1,True,False,False
002984,20250102,E0,False,True,False
003019,20250102,E1,True,False,False
003025,20250102,E0,True,False,False
003026,20250102,E0,True,False,False
003035,20250102,E0,True,False,False
003043,20250102,E0,True,False,False
300002,20250102,E0,False,True,False
300009,20250102,E0,True,False,False
300012,20250102,E0,False,True,False
300031,20250102,E0,True,False,False
300049,20250102,E0,False,True,False
300065,20250102,E0,True,False,False
300095,20250102,E0,True,False,False
300146,20250102,E0,False,True,False
300151,20250102,E0,False,True,False
300160,20250102,E0,False,False,True
300164,20250102,E0,False,False,True
300165,20250102,E0,False,False,True
300172,20250102,E0,True,False,False
300180,20250102,E0,True,False,False
300193,20250102,E0,False,True,False
300217,20250102,E0,False,False,True
300218,20250102,E0,False,True,False
300221,20250102,E0,True,False,False
300223,20250102,E0,True,False,False
300226,20250102,E0,False,False,True
300228,20250102,E0,False,True,False
300232,20250102,E0,True,False,False
300235,20250102,E1,False,True,False
300238,20250102,E0,True,False,False
300258,20250102,E0,False,False,True
300260,20250102,E1,True,False,False
300274,20250102,E0,False,True,False
300279,20250102,E0,True,False,False
300286,20250102,E1,True,False,False
300292,20250102,E1,False,True,False
300308,20250102,E0,False,True,False
300314,20250102,E0,True,False,False
300316,20250102,E0,False,False,True
300320,20250102,E1,False,False,True
300322,20250102,E0,True,False,False
300327,20250102,E0,False,True,False
300346,20250102,E1,True,False,False
300347,20250102,E0,False,False,True
300357,20250102,E0,True,False,False
300373,20250102,E0,False,False,True
300375,20250102,E0,False,False,True
300394,20250102,E0,False,True,False
300395,20250102,E0,True,False,False
300398,20250102,E1,True,False,False
300400,20250102,E1,False,True,False
300445,20250102,E0,False,True,False
300446,20250102,E1,False,False,True
300487,20250102,E0,False,True,False
300502,20250102,E0,False,True,False
300514,20250102,E1,False,False,True
300529,20250102,E0,False,True,False
300531,20250102,E0,True,False,False
300545,20250102,E1,False,True,False
300571,20250102,E0,False,False,True
300573,20250102,E0,True,False,False
300590,20250102,E0,False,True,False
300595,20250102,E0,False,True,False
300611,20250102,E1,False,False,True
300612,20250102,E0,False,True,False
300628,20250102,E0,False,True,False
300631,20250102,E0,False,True,False
300632,20250102,E0,True,False,False
300633,20250102,E0,True,False,False
300643,20250102,E0,False,False,True
300653,20250102,E0,False,True,False
300654,20250102,E0,False,True,False
300656,20250102,E1,True,False,False
300661,20250102,E0,True,False,False
300662,20250102,E0,True,False,False
300677,20250102,E0,False,True,False
300693,20250102,E1,True,False,False
300696,20250102,E0,True,False,False
300705,20250102,E0,False,False,True
300706,20250102,E1,False,False,True
300709,20250102,E0,False,False,True
300713,20250102,E0,True,False,False
300724,20250102,E0,False,True,False
300725,20250102,E0,True,False,False
300735,20250102,E0,False,True,False
300747,20250102,E0,False,True,False
300751,20250102,E0,False,True,False
300752,20250102,E0,True,False,False
300758,20250102,E0,False,False,True
300760,20250102,E0,False,True,False
300770,20250102,E1,True,False,False
300771,20250102,E0,False,True,False
300773,20250102,E1,True,False,False
300781,20250102,E0,False,False,True
300784,20250102,E2,True,False,False
300792,20250102,E0,False,True,False
300814,20250102,E0,False,True,False
300832,20250102,E0,False,True,False
300841,20250102,E0,False,True,False
300852,20250102,E0,False,False,True
300855,20250102,E0,False,False,True
300863,20250102,E0,False,True,False
300867,20250102,E0,True,False,False
300873,20250102,E0,False,False,True
300879,20250102,E0,True,False,False
300880,20250102,E1,False,True,False
300892,20250102,E0,True,False,False
300896,20250102,E0,False,True,False
300905,20250102,E0,False,False,True
300922,20250102,E1,False,False,True
300936,20250102,E0,False,False,True
300943,20250102,E0,False,False,True
300947,20250102,E0,False,True,False
300950,20250102,E1,False,True,False
300957,20250102,E0,False,True,False
300964,20250102,E0,True,False,False
300969,20250102,E0,False,True,False
300978,20250102,E0,False,False,True
300982,20250102,E0,False,True,False
300988,20250102,E0,True,False,False
300998,20250102,E0,True,False,False
301013,20250102,E0,True,False,False
301020,20250102,E0,True,False,False
301025,20250102,E0,False,True,False
301028,20250102,E1,True,False,False
301036,20250102,E0,False,True,False
301039,20250102,E0,False,False,True
301048,20250102,E0,False,False,True
301083,20250102,E0,True,False,False
301087,20250102,E1,True,False,False
301090,20250102,E0,True,False,False
301092,20250102,E0,True,False,False
301128,20250102,E1,True,False,False
301132,20250102,E0,True,False,False
301138,20250102,E0,True,False,False
301149,20250102,E0,True,False,False
301158,20250102,E1,True,False,False
301170,20250102,E0,True,False,False
301175,20250102,E1,True,False,False
301192,20250102,E0,False,True,False
301201,20250102,E1,False,False,True
301207,20250102,E0,False,True,False
301215,20250102,E0,False,True,False
301218,20250102,E0,False,False,True
301221,20250102,E0,True,False,False
301226,20250102,E1,False,False,True
301260,20250102,E0,True,False,False
301262,20250102,E0,False,True,False
301267,20250102,E0,False,False,True
301282,20250102,E0,False,True,False
301287,20250102,E0,True,False,False
301292,20250102,E0,False,False,True
301298,20250102,E1,True,False,False
301299,20250102,E0,False,True,False
301312,20250102,E0,False,True,False
301318,20250102,E0,False,True,False
301327,20250102,E0,False,True,False
301330,20250102,E0,True,False,False
301332,20250102,E0,True,False,False
301348,20250102,E0,False,False,True
301370,20250102,E0,False,True,False
301376,20250102,E0,False,True,False
301379,20250102,E1,False,False,True
301386,20250102,E1,True,False,False
301387,20250102,E1,True,False,False
301398,20250102,E1,True,False,False
301419,20250102,E1,True,False,False
301421,20250102,E1,False,False,True
301448,20250102,E0,False,False,True
301459,20250102,E0,True,False,False
301487,20250102,E0,False,False,True
301489,20250102,E0,True,False,False
301500,20250102,E0,True,False,False
301522,20250102,E2,False,False,True
301528,20250102,E0,False,False,True
301538,20250102,E2,False,True,False
301539,20250102,E2,True,False,False
301548,20250102,E0,True,False,False
301552,20250102,E2,False,True,False
301555,20250102,E0,False,False,True
301556,20250102,E2,False,False,True
301568,20250102,E1,False,True,False
301589,20250102,E0,False,True,False
301591,20250102,E1,True,False,False
301600,20250102,E2,False,True,False
301606,20250102,E2,False,True,False
301607,20250102,E2,False,True,False
301608,20250102,E2,False,False,True
301611,20250102,E2,False,True,False
301618,20250102,E2,False,True,False
301626,20250102,E2,False,True,False
301628,20250102,E2,False,True,False
301631,20250102,E2,False,False,True
600004,20250102,E0,False,True,False
600009,20250102,E0,False,True,False
600011,20250102,E0,True,False,False
600025,20250102,E0,True,False,False
600054,20250102,E0,False,False,True
600060,20250102,E1,True,False,False
600062,20250102,E0,False,True,False
600095,20250102,E0,True,False,False
600150,20250102,E0,False,True,False
600161,20250102,E1,False,True,False
600189,20250102,E0,False,True,False
600197,20250102,E1,False,True,False
600201,20250102,E0,False,False,True
600211,20250102,E1,True,False,False
600229,20250102,E1,False,False,True
600262,20250102,E1,True,False,False
600276,20250102,E1,True,False,False
600305,20250102,E1,True,False,False
600325,20250102,E0,False,False,True
600426,20250102,E0,False,True,False
600436,20250102,E0,True,False,False
600469,20250102,E1,False,True,False
600475,20250102,E0,False,True,False
600519,20250102,E0,True,False,False
600531,20250102,E0,True,False,False
600559,20250102,E0,False,True,False
600587,20250102,E1,False,True,False
600612,20250102,E0,False,True,False
600645,20250102,E1,True,False,False
600661,20250102,E0,False,True,False
600690,20250102,E0,False,True,False
600710,20250102,E0,False,True,False
600721,20250102,E1,True,False,False
600729,20250102,E1,True,False,False
600738,20250102,E1,True,False,False
600744,20250102,E0,True,False,False
600751,20250102,E1,True,False,False
600771,20250102,E0,True,False,False
600780,20250102,E0,True,False,False
600795,20250102,E0,True,False,False
600809,20250102,E0,True,False,False
600817,20250102,E1,False,True,False
600888,20250102,E1,False,False,True
600905,20250102,E0,True,False,False
600906,20250102,E0,True,False,False
600908,20250102,E0,False,True,False
600916,20250102,E0,False,False,True
600961,20250102,E1,False,False,True
600968,20250102,E1,True,False,False
600970,20250102,E0,False,True,False
600975,20250102,E1,False,False,True
600987,20250102,E0,True,False,False
600988,20250102,E0,True,False,False
601001,20250102,E0,False,False,True
601019,20250102,E1,False,True,False
601021,20250102,E0,True,False,False
601038,20250102,E0,False,True,False
601059,20250102,E0,False,False,True
601065,20250102,E0,False,True,False
601096,20250102,E0,True,False,False
601099,20250102,E0,False,True,False
601100,20250102,E0,True,False,False
601101,20250102,E0,True,False,False
601126,20250102,E0,True,False,False
601233,20250102,E0,False,True,False
601377,20250102,E1,False,False,True
601601,20250102,E0,False,True,False
601633,20250102,E0,False,True,False
601677,20250102,E0,False,True,False
601696,20250102,E0,False,True,False
601717,20250102,E1,True,False,False
601799,20250102,E0,False,False,True
601858,20250102,E1,False,True,False
601860,20250102,E0,False,True,False
601958,20250102,E0,False,False,True
601966,20250102,E0,False,False,True
601975,20250102,E0,False,True,False
601995,20250102,E0,True,False,False
601997,20250102,E0,False,True,False
603027,20250102,E0,False,True,False
603051,20250102,E0,True,False,False
603055,20250102,E0,False,True,False
603075,20250102,E1,True,False,False
603091,20250102,E2,False,True,False
603107,20250102,E1,False,True,False
603132,20250102,E1,False,True,False
603195,20250102,E0,True,False,False
603197,20250102,E1,True,False,False
603198,20250102,E0,False,False,True
603199,20250102,E0,True,False,False
603212,20250102,E0,False,False,True
603225,20250102,E0,False,True,False
603228,20250102,E1,False,True,False
603279,20250102,E0,False,False,True
603288,20250102,E0,True,False,False
603298,20250102,E0,False,False,True
603369,20250102,E0,True,False,False
603373,20250102,E1,False,True,False
603393,20250102,E0,False,True,False
603444,20250102,E0,True,False,False
603456,20250102,E0,True,False,False
603486,20250102,E1,True,False,False
603501,20250102,E0,True,False,False
603556,20250102,E0,False,True,False
603566,20250102,E0,True,False,False
603568,20250102,E1,False,True,False
603589,20250102,E0,False,True,False
603619,20250102,E0,False,True,False
603628,20250102,E0,False,True,False
603693,20250102,E1,True,False,False
603739,20250102,E1,True,False,False
603757,20250102,E1,False,False,True
603778,20250102,E0,False,False,True
603816,20250102,E1,False,True,False
603871,20250102,E0,False,True,False
603899,20250102,E0,True,False,False
603919,20250102,E0,True,False,False
603979,20250102,E0,False,False,True
605011,20250102,E0,True,False,False
605098,20250102,E0,True,False,False
605111,20250102,E0,True,False,False
605116,20250102,E1,False,False,True
605117,20250102,E0,True,False,False
605183,20250102,E0,False,True,False
605188,20250102,E0,True,False,False
605599,20250102,E1,True,False,False
688007,20250102,E0,True,False,False
688008,20250102,E0,True,False,False
688009,20250102,E0,False,True,False
688019,20250102,E0,True,False,False
688029,20250102,E0,False,False,True
688035,20250102,E0,True,False,False
688036,20250102,E0,False,False,True
688037,20250102,E0,True,False,False
688050,20250102,E1,False,False,True
688063,20250102,E0,True,False,False
688065,20250102,E0,True,False,False
688082,20250102,E0,True,False,False
688089,20250102,E0,True,False,False
688099,20250102,E0,False,True,False
688100,20250102,E0,True,False,False
688108,20250102,E1,False,True,False
688111,20250102,E1,False,True,False
688120,20250102,E0,True,False,False
688122,20250102,E0,True,False,False
688123,20250102,E0,True,False,False
688128,20250102,E1,True,False,False
688138,20250102,E0,True,False,False
688158,20250102,E0,True,False,False
688159,20250102,E0,False,False,True
688166,20250102,E0,True,False,False
688169,20250102,E0,False,True,False
688187,20250102,E0,False,True,False
688188,20250102,E0,False,True,False
688200,20250102,E0,True,False,False
688253,20250102,E0,False,False,True
688299,20250102,E0,True,False,False
688334,20250102,E0,True,False,False
688351,20250102,E0,True,False,False
688352,20250102,E0,True,False,False
688363,20250102,E0,False,True,False
688401,20250102,E0,True,False,False
688432,20250102,E0,True,False,False
688472,20250102,E0,False,False,True
688475,20250102,E0,True,False,False
688478,20250102,E0,False,False,True
688484,20250102,E0,False,False,True
688508,20250102,E0,True,False,False
688520,20250102,E0,True,False,False
688525,20250102,E0,True,False,False
688536,20250102,E0,True,False,False
688567,20250102,E0,True,False,False
688601,20250102,E0,False,True,False
688609,20250102,E0,True,False,False
688612,20250102,E0,False,True,False
688615,20250102,E2,False,True,False
688663,20250102,E1,False,False,True
688685,20250102,E0,True,False,False
688687,20250102,E0,True,False,False
688689,20250102,E0,True,False,False
688690,20250102,E0,True,False,False
688717,20250102,E0,True,False,False
688721,20250102,E2,False,False,True
688726,20250102,E2,False,True,False
688728,20250102,E0,True,False,False
688750,20250102,E2,False,True,False
688776,20250102,E0,False,False,True
688789,20250102,E0,False,True,False
689009,20250102,E0,True,False,False
000001,20250506,E0,True,False,False
000020,20250506,E1,False,True,False
000068,20250506,E0,True,False,False
000089,20250506,E0,True,False,False
000166,20250506,E1,False,True,False
000423,20250506,E0,False,True,False
000513,20250506,E0,True,False,False
000521,20250506,E0,False,True,False
000530,20250506,E0,False,True,False
000545,20250506,E1,True,False,False
000548,20250506,E0,False,False,True
000550,20250506,E0,False,True,False
000593,20250506,E1,True,False,False
000596,20250506,E1,True,False,False
000603,20250506,E1,False,True,False
000612,20250506,E0,False,True,False
000619,20250506,E1,False,True,False
000623,20250506,E0,True,False,False
000636,20250506,E0,False,True,False
000650,20250506,E0,True,False,False
000661,20250506,E0,False,True,False
000680,20250506,E0,False,True,False
000690,20250506,E1,True,False,False
000702,20250506,E0,True,False,False
000739,20250506,E0,False,False,True
000777,20250506,E1,False,True,False
000786,20250506,E0,False,True,False
000795,20250506,E0,True,False,False
000800,20250506,E0,False,True,False
000807,20250506,E0,True,False,False
000811,20250506,E0,True,False,False
000819,20250506,E0,True,False,False
000830,20250506,E0,True,False,False
000858,20250506,E1,True,False,False
000860,20250506,E0,True,False,False
000863,20250506,E0,False,True,False
000878,20250506,E0,True,False,False
000883,20250506,E0,False,False,True
000895,20250506,E0,True,False,False
000913,20250506,E0,False,True,False
000922,20250506,E0,False,True,False
000923,20250506,E0,False,False,True
000930,20250506,E1,True,False,False
000957,20250506,E0,False,True,False
000969,20250506,E1,True,False,False
001226,20250506,E0,True,False,False
001227,20250506,E0,True,False,False
001277,20250506,E2,False,False,True
001283,20250506,E0,True,False,False
001319,20250506,E0,True,False,False
001324,20250506,E1,False,True,False
001376,20250506,E0,False,True,False
001387,20250506,E0,False,True,False
001389,20250506,E0,True,False,False
001395,20250506,E2,False,True,False
002003,20250506,E0,False,True,False
002008,20250506,E0,True,False,False
002012,20250506,E0,False,True,False
002015,20250506,E0,True,False,False
002028,20250506,E0,True,False,False
002035,20250506,E0,False,True,False
002043,20250506,E0,False,True,False
002045,20250506,E0,False,True,False
002060,20250506,E1,True,False,False
002064,20250506,E0,True,False,False
002073,20250506,E0,False,True,False
002079,20250506,E0,False,False,True
002083,20250506,E0,True,False,False
002106,20250506,E0,False,True,False
002108,20250506,E1,False,True,False
002112,20250506,E0,False,True,False
002138,20250506,E1,True,False,False
002142,20250506,E0,True,False,False
002145,20250506,E0,True,False,False
002150,20250506,E0,True,False,False
002154,20250506,E0,False,True,False
002158,20250506,E0,False,False,True
002166,20250506,E0,False,True,False
002190,20250506,E1,True,False,False
002221,20250506,E0,False,True,False
002223,20250506,E0,False,True,False
002239,20250506,E0,False,True,False
002241,20250506,E0,True,False,False
002256,20250506,E0,True,False,False
002262,20250506,E1,True,False,False
002270,20250506,E0,True,False,False
002273,20250506,E0,True,False,False
002285,20250506,E0,True,False,False
002304,20250506,E0,True,False,False
002315,20250506,E0,True,False,False
002318,20250506,E1,False,True,False
002331,20250506,E1,False,True,False
002349,20250506,E0,False,True,False
002351,20250506,E0,False,True,False
002353,20250506,E0,True,False,False
002355,20250506,E0,False,True,False
002362,20250506,E0,False,True,False
002390,20250506,E0,False,True,False
002398,20250506,E0,True,False,False
002405,20250506,E0,False,True,False
002415,20250506,E1,False,True,False
002416,20250506,E0,True,False,False
002429,20250506,E0,False,False,True
002432,20250506,E0,False,True,False
002437,20250506,E1,False,False,True
002440,20250506,E1,False,True,False
002444,20250506,E0,True,False,False
002452,20250506,E0,False,True,False
002455,20250506,E0,False,True,False
002463,20250506,E0,True,False,False
002467,20250506,E1,False,True,False
002481,20250506,E1,True,False,False
002484,20250506,E0,True,False,False
002497,20250506,E0,True,False,False
002500,20250506,E0,True,False,False
002507,20250506,E0,True,False,False
002508,20250506,E0,False,True,False
002511,20250506,E0,True,False,False
002521,20250506,E1,True,False,False
002534,20250506,E0,True,False,False
002535,20250506,E1,False,False,True
002540,20250506,E1,False,True,False
002563,20250506,E0,True,False,False
002578,20250506,E1,False,True,False
002590,20250506,E1,False,True,False
002651,20250506,E1,True,False,False
002660,20250506,E0,False,True,False
002666,20250506,E0,False,True,False
002668,20250506,E0,False,True,False
002670,20250506,E0,True,False,False
002676,20250506,E0,True,False,False
002698,20250506,E0,False,True,False
002702,20250506,E1,False,True,False
002722,20250506,E0,True,False,False
002729,20250506,E0,False,True,False
002730,20250506,E0,False,True,False
002733,20250506,E0,True,False,False
002746,20250506,E1,True,False,False
002758,20250506,E1,False,True,False
002766,20250506,E0,False,True,False
002771,20250506,E0,False,True,False
002786,20250506,E1,False,True,False
002820,20250506,E0,True,False,False
002823,20250506,E0,True,False,False
002826,20250506,E1,False,False,True
002832,20250506,E0,True,False,False
002833,20250506,E0,False,True,False
002835,20250506,E0,False,True,False
002855,20250506,E1,False,True,False
002862,20250506,E0,False,True,False
002876,20250506,E1,False,True,False
002878,20250506,E0,False,True,False
002892,20250506,E1,False,True,False
002895,20250506,E1,True,False,False
002911,20250506,E0,True,False,False
002916,20250506,E0,True,False,False
002917,20250506,E0,False,True,False
002920,20250506,E1,True,False,False
002931,20250506,E1,False,True,False
002936,20250506,E0,True,False,False
002938,20250506,E0,True,False,False
002945,20250506,E0,True,False,False
002957,20250506,E0,True,False,False
002971,20250506,E1,True,False,False
002984,20250506,E0,True,False,False
002991,20250506,E0,False,True,False
002993,20250506,E1,True,False,False
003005,20250506,E0,False,True,False
003007,20250506,E1,False,False,True
003009,20250506,E0,True,False,False
003015,20250506,E1,True,False,False
003036,20250506,E0,False,False,True
003040,20250506,E0,False,False,True
003042,20250506,E0,False,True,False
003816,20250506,E0,True,False,False
300002,20250506,E0,True,False,False
300006,20250506,E0,False,False,True
300012,20250506,E0,True,False,False
300033,20250506,E0,True,False,False
300034,20250506,E0,False,True,False
300039,20250506,E1,False,True,False
300045,20250506,E0,False,False,True
300049,20250506,E0,True,False,False
300052,20250506,E0,True,False,False
300059,20250506,E0,True,False,False
300061,20250506,E1,True,False,False
300063,20250506,E0,True,False,False
300085,20250506,E0,True,False,False
300121,20250506,E1,True,False,False
300135,20250506,E1,True,False,False
300146,20250506,E1,True,False,False
300149,20250506,E1,True,False,False
300150,20250506,E0,True,False,False
300151,20250506,E0,True,False,False
300161,20250506,E0,False,True,False
300162,20250506,E1,False,True,False
300176,20250506,E0,True,False,False
300179,20250506,E0,False,True,False
300192,20250506,E0,True,False,False
300193,20250506,E1,False,True,False
300210,20250506,E1,False,True,False
300218,20250506,E0,True,False,False
300222,20250506,E0,True,False,False
300228,20250506,E1,False,True,False
300230,20250506,E1,True,False,False
300235,20250506,E1,False,True,False
300239,20250506,E0,False,True,False
300252,20250506,E0,True,False,False
300274,20250506,E0,True,False,False
300275,20250506,E0,True,False,False
300278,20250506,E0,True,False,False
300284,20250506,E0,False,True,False
300292,20250506,E1,False,True,False
300303,20250506,E0,False,True,False
300304,20250506,E0,True,False,False
300307,20250506,E0,False,True,False
300315,20250506,E0,True,False,False
300319,20250506,E0,True,False,False
300323,20250506,E1,True,False,False
300327,20250506,E1,True,False,False
300333,20250506,E0,True,False,False
300341,20250506,E0,True,False,False
300342,20250506,E0,True,False,False
300349,20250506,E0,False,True,False
300360,20250506,E1,False,True,False
300370,20250506,E0,False,True,False
300374,20250506,E0,True,False,False
300380,20250506,E0,True,False,False
300399,20250506,E0,True,False,False
300400,20250506,E0,True,False,False
300408,20250506,E0,True,False,False
300441,20250506,E0,False,True,False
300457,20250506,E0,True,False,False
300470,20250506,E1,False,True,False
300482,20250506,E0,False,True,False
300487,20250506,E0,True,False,False
300489,20250506,E0,False,True,False
300529,20250506,E0,False,True,False
300542,20250506,E0,False,True,False
300545,20250506,E0,True,False,False
300554,20250506,E0,True,False,False
300558,20250506,E0,True,False,False
300563,20250506,E0,True,False,False
300570,20250506,E0,True,False,False
300579,20250506,E0,False,False,True
300590,20250506,E0,True,False,False
300595,20250506,E0,True,False,False
300612,20250506,E0,False,True,False
300613,20250506,E0,False,True,False
300618,20250506,E0,True,False,False
300622,20250506,E0,True,False,False
300623,20250506,E0,True,False,False
300628,20250506,E0,False,True,False
300631,20250506,E0,True,False,False
300634,20250506,E0,False,False,True
300641,20250506,E0,False,False,True
300647,20250506,E0,True,False,False
300654,20250506,E0,False,True,False
300677,20250506,E0,True,False,False
300679,20250506,E0,False,True,False
300684,20250506,E1,True,False,False
300691,20250506,E0,False,True,False
300694,20250506,E0,False,True,False
300697,20250506,E0,True,False,False
300699,20250506,E0,False,True,False
300707,20250506,E0,True,False,False
300708,20250506,E0,False,True,False
300711,20250506,E0,True,False,False
300724,20250506,E0,True,False,False
300735,20250506,E0,True,False,False
300739,20250506,E0,True,False,False
300747,20250506,E0,True,False,False
300750,20250506,E0,True,False,False
300751,20250506,E0,True,False,False
300760,20250506,E0,False,False,True
300761,20250506,E0,True,False,False
300768,20250506,E0,False,True,False
300771,20250506,E1,False,True,False
300772,20250506,E0,True,False,False
300783,20250506,E0,False,True,False
300785,20250506,E0,True,False,False
300788,20250506,E0,True,False,False
300792,20250506,E0,True,False,False
300793,20250506,E0,False,True,False
300811,20250506,E0,True,False,False
300814,20250506,E0,True,False,False
300820,20250506,E0,False,True,False
300821,20250506,E0,True,False,False
300826,20250506,E0,False,True,False
300827,20250506,E0,True,False,False
300830,20250506,E0,True,False,False
300831,20250506,E0,False,True,False
300832,20250506,E0,False,False,True
300840,20250506,E0,False,True,False
300841,20250506,E1,True,False,False
300843,20250506,E0,True,False,False
300847,20250506,E0,True,False,False
300863,20250506,E1,True,False,False
300866,20250506,E0,True,False,False
300872,20250506,E1,True,False,False
300880,20250506,E1,False,False,True
300891,20250506,E1,False,True,False
300896,20250506,E0,True,False,False
300913,20250506,E0,True,False,False
300916,20250506,E1,True,False,False
300925,20250506,E0,True,False,False
300941,20250506,E0,False,True,False
300947,20250506,E1,False,True,False
300950,20250506,E0,True,False,False
300957,20250506,E1,True,False,False
300959,20250506,E1,False,True,False
300962,20250506,E0,False,False,True
300968,20250506,E0,False,True,False
300969,20250506,E0,True,False,False
300976,20250506,E0,True,False,False
300979,20250506,E0,False,False,True
300982,20250506,E0,False,False,True
300992,20250506,E0,True,False,False
301001,20250506,E0,False,True,False
301004,20250506,E0,False,True,False
301011,20250506,E0,True,False,False
301025,20250506,E1,False,True,False
301027,20250506,E0,False,True,False
301036,20250506,E0,False,True,False
301049,20250506,E1,False,True,False
301085,20250506,E0,False,True,False
301110,20250506,E0,True,False,False
301111,20250506,E0,False,True,False
301116,20250506,E0,False,False,True
301123,20250506,E0,True,False,False
301133,20250506,E1,False,False,True
301136,20250506,E1,False,True,False
301157,20250506,E0,True,False,False
301173,20250506,E2,False,True,False
301186,20250506,E0,False,True,False
301192,20250506,E0,False,False,True
301200,20250506,E1,True,False,False
301205,20250506,E0,True,False,False
301213,20250506,E0,True,False,False
301215,20250506,E1,True,False,False
301252,20250506,E0,False,False,True
301259,20250506,E0,False,True,False
301262,20250506,E1,True,False,False
301275,20250506,E2,False,False,True
301282,20250506,E1,True,False,False
301291,20250506,E0,False,True,False
301293,20250506,E0,True,False,False
301299,20250506,E0,True,False,False
301311,20250506,E0,False,False,True
301312,20250506,E0,True,False,False
301315,20250506,E0,True,False,False
301318,20250506,E0,False,True,False
301323,20250506,E0,True,False,False
301326,20250506,E0,True,False,False
301327,20250506,E0,True,False,False
301328,20250506,E0,True,False,False
301329,20250506,E0,False,True,False
301333,20250506,E0,False,True,False
301360,20250506,E0,True,False,False
301363,20250506,E0,True,False,False
301370,20250506,E1,True,False,False
301371,20250506,E0,True,False,False
301376,20250506,E0,False,True,False
301383,20250506,E0,False,True,False
301388,20250506,E1,True,False,False
301439,20250506,E0,False,True,False
301458,20250506,E2,False,True,False
301479,20250506,E2,False,False,True
301501,20250506,E2,False,True,False
301505,20250506,E1,True,False,False
301516,20250506,E0,True,False,False
301535,20250506,E2,False,True,False
301536,20250506,E0,False,True,False
301538,20250506,E0,False,False,True
301551,20250506,E2,False,True,False
301552,20250506,E2,False,False,True
301568,20250506,E0,True,False,False
301589,20250506,E0,True,False,False
301598,20250506,E2,False,True,False
301600,20250506,E2,True,False,False
301601,20250506,E2,False,True,False
301606,20250506,E2,True,False,False
301607,20250506,E2,False,False,True
301611,20250506,E2,False,True,False
301617,20250506,E2,False,True,False
301618,20250506,E2,False,True,False
301622,20250506,E2,False,True,False
301626,20250506,E2,True,False,False
301628,20250506,E2,False,False,True
600004,20250506,E1,True,False,False
600007,20250506,E0,False,True,False
600009,20250506,E1,True,False,False
600022,20250506,E0,True,False,False
600033,20250506,E0,False,True,False
600062,20250506,E1,False,True,False
600066,20250506,E0,False,False,True
600071,20250506,E0,False,True,False
600085,20250506,E1,False,True,False
600125,20250506,E1,True,False,False
600150,20250506,E0,True,False,False
600161,20250506,E0,False,True,False
600163,20250506,E1,False,True,False
600183,20250506,E0,True,False,False
600189,20250506,E0,False,True,False
600197,20250506,E0,True,False,False
600216,20250506,E0,True,False,False
600219,20250506,E0,False,True,False
600222,20250506,E0,True,False,False
600257,20250506,E0,True,False,False
600299,20250506,E0,True,False,False
600312,20250506,E0,False,True,False
600333,20250506,E0,True,False,False
600335,20250506,E1,False,True,False
600338,20250506,E0,True,False,False
600352,20250506,E1,False,True,False
600366,20250506,E1,True,False,False
600369,20250506,E1,False,True,False
600378,20250506,E0,True,False,False
600380,20250506,E1,True,False,False
600390,20250506,E0,False,False,True
600398,20250506,E1,False,True,False
600406,20250506,E1,False,True,False
600420,20250506,E0,False,True,False
600426,20250506,E0,False,False,True
600428,20250506,E0,True,False,False
600458,20250506,E0,True,False,False
600469,20250506,E0,True,False,False
600475,20250506,E1,True,False,False
600482,20250506,E0,False,True,False
600511,20250506,E0,False,True,False
600513,20250506,E0,False,False,True
600528,20250506,E0,True,False,False
600529,20250506,E0,False,True,False
600556,20250506,E0,False,False,True
600557,20250506,E0,True,False,False
600559,20250506,E0,True,False,False
600587,20250506,E0,False,False,True
600601,20250506,E0,True,False,False
600603,20250506,E0,True,False,False
600609,20250506,E0,False,True,False
600612,20250506,E0,False,True,False
600618,20250506,E0,True,False,False
600628,20250506,E0,True,False,False
600630,20250506,E0,True,False,False
600635,20250506,E1,True,False,False
600653,20250506,E0,False,True,False
600660,20250506,E0,True,False,False
600661,20250506,E0,False,True,False
600664,20250506,E1,False,True,False
600676,20250506,E0,True,False,False
600685,20250506,E1,True,False,False
600686,20250506,E0,False,True,False
600690,20250506,E0,True,False,False
600691,20250506,E0,False,True,False
600710,20250506,E1,True,False,False
600714,20250506,E1,True,False,False
600722,20250506,E0,True,False,False
600778,20250506,E0,True,False,False
600779,20250506,E0,True,False,False
600803,20250506,E0,True,False,False
600816,20250506,E0,False,True,False
600817,20250506,E0,False,True,False
600819,20250506,E1,False,True,False
600824,20250506,E0,False,True,False
600827,20250506,E1,True,False,False
600833,20250506,E0,False,False,True
600845,20250506,E0,False,True,False
600862,20250506,E0,False,True,False
600863,20250506,E0,True,False,False
600864,20250506,E0,True,False,False
600885,20250506,E1,False,True,False
600908,20250506,E0,True,False,False
600958,20250506,E1,True,False,False
600966,20250506,E0,True,False,False
600970,20250506,E0,True,False,False
600990,20250506,E0,True,False,False
601000,20250506,E0,False,True,False
601009,20250506,E0,True,False,False
601019,20250506,E0,False,True,False
601038,20250506,E0,False,True,False
601065,20250506,E0,False,False,True
601099,20250506,E0,True,False,False
601106,20250506,E0,True,False,False
601121,20250506,E0,False,False,True
601127,20250506,E1,False,True,False
601128,20250506,E1,True,False,False
601133,20250506,E1,True,False,False
601139,20250506,E0,True,False,False
601156,20250506,E0,True,False,False
601163,20250506,E0,False,False,True
601179,20250506,E0,False,True,False
601198,20250506,E1,False,False,True
601222,20250506,E0,True,False,False
601231,20250506,E0,True,False,False
601233,20250506,E1,True,False,False
601298,20250506,E0,False,True,False
601326,20250506,E1,True,False,False
601339,20250506,E1,True,False,False
601360,20250506,E0,False,True,False
601456,20250506,E0,True,False,False
601500,20250506,E0,False,True,False
601528,20250506,E0,False,True,False
601577,20250506,E1,True,False,False
601598,20250506,E0,True,False,False
601601,20250506,E0,True,False,False
601628,20250506,E0,False,True,False
601633,20250506,E0,True,False,False
601658,20250506,E0,True,False,False
601677,20250506,E1,False,True,False
601689,20250506,E0,True,False,False
601696,20250506,E1,True,False,False
601698,20250506,E0,True,False,False
601702,20250506,E0,False,True,False
601766,20250506,E0,False,True,False
601778,20250506,E0,True,False,False
601818,20250506,E1,False,True,False
601858,20250506,E0,False,True,False
601860,20250506,E0,True,False,False
601933,20250506,E0,False,True,False
601975,20250506,E0,False,False,True
601985,20250506,E0,False,True,False
601997,20250506,E1,True,False,False
603004,20250506,E0,False,True,False
603009,20250506,E0,False,True,False
603018,20250506,E0,False,True,False
603019,20250506,E0,True,False,False
603025,20250506,E0,True,False,False
603027,20250506,E0,True,False,False
603036,20250506,E0,True,False,False
603055,20250506,E0,True,False,False
603063,20250506,E1,True,False,False
603068,20250506,E0,True,False,False
603070,20250506,E1,False,True,False
603072,20250506,E2,False,True,False
603083,20250506,E0,True,False,False
603091,20250506,E2,True,False,False
603099,20250506,E0,False,False,True
603100,20250506,E0,False,True,False
603105,20250506,E0,True,False,False
603107,20250506,E1,False,True,False
603111,20250506,E0,True,False,False
603122,20250506,E0,False,True,False
603129,20250506,E0,True,False,False
603131,20250506,E0,True,False,False
603138,20250506,E0,True,False,False
603153,20250506,E0,True,False,False
603160,20250506,E0,False,True,False
603194,20250506,E2,False,False,True
603205,20250506,E2,False,True,False
603211,20250506,E0,True,False,False
603219,20250506,E1,False,False,True
603225,20250506,E0,True,False,False
603228,20250506,E0,True,False,False
603229,20250506,E0,True,False,False
603236,20250506,E0,True,False,False
603297,20250506,E1,True,False,False
603299,20250506,E0,True,False,False
603308,20250506,E0,True,False,False
603317,20250506,E0,True,False,False
603327,20250506,E1,False,True,False
603328,20250506,E0,True,False,False
603337,20250506,E1,True,False,False
603338,20250506,E0,True,False,False
603373,20250506,E1,True,False,False
603393,20250506,E0,False,True,False
603499,20250506,E0,True,False,False
603505,20250506,E0,False,False,True
603528,20250506,E1,True,False,False
603530,20250506,E0,True,False,False
603556,20250506,E0,False,True,False
603567,20250506,E1,True,False,False
603568,20250506,E0,False,True,False
603589,20250506,E1,False,True,False
603606,20250506,E1,False,True,False
603613,20250506,E0,True,False,False
603617,20250506,E0,True,False,False
603619,20250506,E0,True,False,False
603628,20250506,E0,False,True,False
603636,20250506,E1,False,True,False
603655,20250506,E1,True,False,False
603656,20250506,E0,False,True,False
603658,20250506,E0,False,True,False
603662,20250506,E0,True,False,False
603667,20250506,E0,False,True,False
603699,20250506,E0,False,True,False
603703,20250506,E1,False,True,False
603717,20250506,E0,True,False,False
603719,20250506,E0,True,False,False
603726,20250506,E0,True,False,False
603738,20250506,E0,False,True,False
603777,20250506,E0,False,True,False
603779,20250506,E0,False,True,False
603786,20250506,E0,True,False,False
603803,20250506,E1,False,True,False
603806,20250506,E0,True,False,False
603816,20250506,E0,True,False,False
603859,20250506,E0,True,False,False
603863,20250506,E0,True,False,False
603871,20250506,E0,True,False,False
603885,20250506,E0,False,True,False
603890,20250506,E1,True,False,False
603920,20250506,E0,True,False,False
603929,20250506,E1,True,False,False
603987,20250506,E1,True,False,False
605018,20250506,E0,False,False,True
605086,20250506,E0,False,True,False
605090,20250506,E0,True,False,False
605108,20250506,E0,False,True,False
605167,20250506,E0,False,True,False
605168,20250506,E0,False,False,True
605183,20250506,E0,True,False,False
605258,20250506,E0,False,True,False
605305,20250506,E0,True,False,False
605555,20250506,E0,True,False,False
605577,20250506,E0,True,False,False
605580,20250506,E0,True,False,False
688009,20250506,E0,True,False,False
688016,20250506,E0,False,False,True
688018,20250506,E0,True,False,False
688025,20250506,E1,True,False,False
688088,20250506,E0,True,False,False
688099,20250506,E0,True,False,False
688111,20250506,E0,True,False,False
688127,20250506,E0,True,False,False
688139,20250506,E1,True,False,False
688169,20250506,E0,False,False,True
688183,20250506,E0,True,False,False
688187,20250506,E0,True,False,False
688188,20250506,E1,False,True,False
688195,20250506,E0,True,False,False
688205,20250506,E0,True,False,False
688278,20250506,E0,True,False,False
688289,20250506,E1,False,True,False
688297,20250506,E1,True,False,False
688300,20250506,E0,True,False,False
688318,20250506,E0,True,False,False
688325,20250506,E0,True,False,False
688332,20250506,E0,True,False,False
688337,20250506,E1,True,False,False
688348,20250506,E0,True,False,False
688349,20250506,E0,True,False,False
688363,20250506,E0,True,False,False
688380,20250506,E0,True,False,False
688408,20250506,E0,False,False,True
688411,20250506,E2,False,False,True
688425,20250506,E0,True,False,False
688545,20250506,E2,False,True,False
688575,20250506,E0,False,True,False
688583,20250506,E2,False,True,False
688601,20250506,E0,True,False,False
688612,20250506,E0,True,False,False
688615,20250506,E2,False,True,False
688676,20250506,E0,True,False,False
688698,20250506,E1,True,False,False
688708,20250506,E2,False,True,False
688726,20250506,E2,False,False,True
688750,20250506,E2,False,True,False
688757,20250506,E2,False,False,True
688758,20250506,E2,False,True,False
688766,20250506,E0,True,False,False
688777,20250506,E0,True,False,False
688787,20250506,E0,True,False,False
688789,20250506,E0,False,True,False
688800,20250506,E0,True,False,False
