code,day,state,rps_t0,rps_t1,state_t1,fwd6,fwd6_excess,R1_price,R2_state,R3_excess,year,ind,gate,cycle,health,regime
000059,20220505,L5-A,46.666666666666664,88.88888888888889,L3,0.1597769640686366,0.102696359997491,True,True,True,2022,石油石化,YELLOW,STABLE,WARNING,OVERREACTION
000408,20220505,L5-B,34.78260869565217,53.96825396825397,L2,0.1659849022214568,0.0730885630149165,True,True,True,2022,有色金属,YELLOW,STABLE,WARNING,OVERREACTION
000420,20220505,L5-B,26.01626016260163,57.23684210526315,L2,0.3775811209439528,0.2827277412817673,True,True,True,2022,基础化工,GREEN,TURNING_UP,WARNING,NORMAL_DISCOUNT
000423,20220505,L5-A,35.02824858757062,80.47619047619048,L3,0.2617111626029835,0.1748447957449659,True,True,True,2022,医药生物,GREEN,STABLE,HEALTHY,OVERREACTION
000534,20220505,L5-B,9.6045197740113,89.04761904761904,L0,0.7590302360209848,0.6721638691629673,True,False,True,2022,医药生物,GREEN,STABLE,HEALTHY,OVERREACTION
000657,20220505,L5-A,8.695652173913043,14.285714285714285,L1,0.5262154440400415,0.4333191048335012,False,False,True,2022,有色金属,YELLOW,STABLE,WARNING,OVERREACTION
000717,20220505,L5-A,21.428571428571427,69.23076923076923,L2,-0.199398498092271,-0.0996690088592351,True,True,False,2022,钢铁,YELLOW,STABLE,WARNING,OVERREACTION
000811,20220505,L5-B,33.07086614173229,86.95652173913044,L3,0.314394297544851,0.0459590140745778,True,True,False,2022,机械设备,YELLOW,STABLE,WARNING,OVERREACTION
000920,20220505,L5-A,27.64227642276423,63.1578947368421,L2,0.140650160312624,0.0457967806504385,True,True,False,2022,基础化工,GREEN,TURNING_UP,WARNING,NORMAL_DISCOUNT
000969,20220505,L5-A,28.26086956521739,57.14285714285714,L2,0.1749644381223327,0.0820680989157924,True,True,True,2022,有色金属,YELLOW,STABLE,WARNING,OVERREACTION
000989,20220505,L5-A,60.451977401129945,60.95238095238096,L2,0.0159781143434387,-0.0708882525145788,True,True,False,2022,医药生物,GREEN,STABLE,HEALTHY,OVERREACTION
002006,20220505,L5-A,81.88976377952756,82.6086956521739,L3,0.4439227960354721,0.1754875125651989,True,True,True,2022,机械设备,YELLOW,STABLE,WARNING,OVERREACTION
002008,20220505,L5-A,10.236220472440944,19.565217391304348,L1,-0.0708689458689459,-0.339304229339219,False,False,False,2022,机械设备,YELLOW,STABLE,WARNING,OVERREACTION
002011,20220505,L5-A,3.571428571428571,95.34883720930232,L3,0.6751677852348994,0.6796104532745567,True,True,True,2022,家用电器,GREEN,TURNING_UP,HEALTHY,NORMAL_DISCOUNT
002026,20220505,L5-A,2.3622047244094486,57.608695652173914,L2,0.2003322255247475,-0.0681030579455256,True,True,False,2022,机械设备,YELLOW,STABLE,WARNING,OVERREACTION
002043,20220505,L5-A,34.78260869565217,33.33333333333333,L1,-0.1682418926509025,-0.101491325759215,False,False,False,2022,建筑材料,YELLOW,STABLE,WARNING,OVERREACTION
002068,20220505,L5-A,43.90243902439025,78.94736842105263,L3,0.4028268551236749,0.3079734754614894,True,True,True,2022,基础化工,GREEN,TURNING_UP,WARNING,NORMAL_DISCOUNT
002073,20220505,L5-A,52.75590551181102,84.23913043478261,L3,0.3278350515463917,0.0593997680761185,True,True,True,2022,机械设备,YELLOW,STABLE,WARNING,OVERREACTION
002088,20220505,L5-B,21.73913043478261,95.83333333333334,L3,0.187773780489785,0.2545243473814725,True,True,True,2022,建筑材料,YELLOW,STABLE,WARNING,OVERREACTION
002141,20220505,L5-A,8.823529411764707,45.714285714285715,L2,0.1837270341207348,0.1812528103461125,False,True,True,2022,农林牧渔,YELLOW,STABLE,WARNING,OVERREACTION
002158,20220505,L5-A,27.559055118110237,88.58695652173914,L3,0.8652875903381361,0.596852306867863,True,True,True,2022,机械设备,YELLOW,STABLE,WARNING,OVERREACTION
002263,20220505,L5-A,25.203252032520325,34.868421052631575,L0,0.1284046692607003,0.0335512895985147,False,False,False,2022,基础化工,GREEN,TURNING_UP,WARNING,NORMAL_DISCOUNT
002332,20220505,L5-A,36.15819209039548,73.33333333333333,L3,0.1670516991885944,0.0801853323305768,True,True,True,2022,医药生物,GREEN,STABLE,HEALTHY,OVERREACTION
002334,20220505,L5-A,31.496062992125985,96.19565217391305,L3,0.8919491525423728,0.6235138690720997,True,True,True,2022,机械设备,YELLOW,STABLE,WARNING,OVERREACTION
002372,20220505,L5-B,30.434782608695656,79.16666666666666,L3,-0.0249625504884245,0.041788016403263,True,True,False,2022,建筑材料,YELLOW,STABLE,WARNING,OVERREACTION
002416,20220505,L5-A,15.625,93.93939393939394,L3,0.3875338753387534,0.4014168378738104,True,True,True,2022,商贸零售,YELLOW,STABLE,WARNING,OVERREACTION
002483,20220505,L5-A,26.77165354330709,41.30434782608695,L2,0.1308631366242294,-0.1375721468460437,False,True,False,2022,机械设备,YELLOW,STABLE,WARNING,OVERREACTION
002549,20220505,L5-A,68.29268292682927,84.86842105263158,L3,0.3154911692655799,0.2206377896033944,True,True,True,2022,基础化工,GREEN,TURNING_UP,WARNING,NORMAL_DISCOUNT
002637,20220505,L5-A,56.09756097560976,13.157894736842104,L1,-0.2615475591784406,-0.356400938840626,False,False,False,2022,基础化工,GREEN,TURNING_UP,WARNING,NORMAL_DISCOUNT
002756,20220505,L5-A,73.91304347826086,50.79365079365079,L0,0.2206249435091176,0.1277286043025773,True,False,True,2022,有色金属,YELLOW,STABLE,WARNING,OVERREACTION
002760,20220505,L5-B,62.20472440944882,24.456521739130434,L0,0.0651709401709401,-0.203264343299333,False,False,False,2022,机械设备,YELLOW,STABLE,WARNING,OVERREACTION
002824,20220505,L5-A,4.3478260869565215,12.698412698412698,L1,0.207982855836766,0.1150865166302257,False,False,True,2022,有色金属,YELLOW,STABLE,WARNING,OVERREACTION
002860,20220505,L5-B,10.714285714285714,86.04651162790698,L3,0.3846825274501477,0.3891251954898049,True,True,True,2022,家用电器,GREEN,TURNING_UP,HEALTHY,NORMAL_DISCOUNT
002886,20220505,L5-A,2.4390243902439024,84.21052631578947,L0,0.2256337535190595,0.130780373856874,True,False,True,2022,基础化工,GREEN,TURNING_UP,WARNING,NORMAL_DISCOUNT
002915,20220505,L5-A,40.65040650406504,57.89473684210527,L2,0.2805412593349576,0.1856878796727721,True,True,True,2022,基础化工,GREEN,TURNING_UP,WARNING,NORMAL_DISCOUNT
002971,20220505,L5-B,60.97560975609756,23.026315789473685,L0,0.0396945747750414,-0.0551588048871441,False,False,False,2022,基础化工,GREEN,TURNING_UP,WARNING,NORMAL_DISCOUNT
300005,20220505,L5-A,46.666666666666664,44.44444444444444,L2,0.0585831062670298,0.1346229792898366,False,True,True,2022,纺织服饰,YELLOW,STABLE,WARNING,OVERREACTION
300026,20220505,L5-B,58.75706214689266,52.38095238095239,L2,0.1991913939324543,0.1123250270744367,True,True,True,2022,医药生物,GREEN,STABLE,HEALTHY,OVERREACTION
300048,20220505,L5-A,40.15748031496063,1.6304347826086956,L1,0.0355731225296442,-0.2328621609406289,False,False,False,2022,机械设备,YELLOW,STABLE,WARNING,OVERREACTION
300092,20220505,L5-B,70.07874015748031,49.45652173913043,L2,0.2859265652746363,0.0174912818043631,False,True,False,2022,机械设备,YELLOW,STABLE,WARNING,OVERREACTION
300095,20220505,L5-A,18.11023622047244,4.3478260869565215,L1,0.1011190195264684,-0.1673162639438047,False,False,False,2022,机械设备,YELLOW,STABLE,WARNING,OVERREACTION
300099,20220505,L5-A,36.22047244094488,26.6304347826087,L1,0.063934426229508,-0.2045008572407651,False,False,False,2022,机械设备,YELLOW,STABLE,WARNING,OVERREACTION
300109,20220505,L5-A,19.51219512195122,99.3421052631579,L3,1.0046566695826766,0.9098032899204912,True,True,True,2022,基础化工,GREEN,TURNING_UP,WARNING,NORMAL_DISCOUNT
300112,20220505,L5-A,55.90551181102362,57.04225352112676,L2,0.250136522538918,-0.0182987609313551,True,True,False,2022,机械设备,YELLOW,STABLE,WARNING,OVERREACTION
300127,20220505,L5-A,10.869565217391305,41.269841269841265,L0,0.0470248239111379,-0.0458715152954023,False,False,False,2022,有色金属,YELLOW,STABLE,WARNING,OVERREACTION
300151,20220505,L5-A,3.149606299212598,42.934782608695656,L0,0.2457853754300425,-0.0226499080402306,False,False,False,2022,机械设备,YELLOW,STABLE,WARNING,OVERREACTION
300171,20220505,L5-A,61.016949152542374,6.190476190476191,L1,-0.2389660474798475,-0.325832414337865,False,False,False,2022,医药生物,GREEN,STABLE,HEALTHY,OVERREACTION
300194,20220505,L5-A,37.85310734463277,43.21608040201005,L0,0.0427350427350425,-0.044131324122975,False,False,False,2022,医药生物,GREEN,STABLE,HEALTHY,OVERREACTION
300224,20220505,L5-A,36.95652173913043,61.904761904761905,L2,0.1215753424657535,0.0286790032592132,True,True,False,2022,有色金属,YELLOW,STABLE,WARNING,OVERREACTION
300247,20220505,L5-A,53.57142857142857,65.11627906976744,L2,0.0868167202572347,0.0912593882968919,True,True,True,2022,家用电器,GREEN,TURNING_UP,HEALTHY,NORMAL_DISCOUNT
300260,20220505,L5-A,38.582677165354326,98.36956521739133,L3,1.880064396596532,1.6116291131262588,True,True,True,2022,机械设备,YELLOW,STABLE,WARNING,OVERREACTION
300305,20220505,L5-A,13.008130081300814,18.421052631578945,L1,0.1336412902348243,0.0387879105726387,False,False,False,2022,基础化工,GREEN,TURNING_UP,WARNING,NORMAL_DISCOUNT
300320,20220505,L5-B,16.260162601626014,46.71052631578947,L2,0.2710428262191358,0.1761894465569503,False,True,True,2022,基础化工,GREEN,TURNING_UP,WARNING,NORMAL_DISCOUNT
300351,20220505,L5-A,48.818897637795274,73.91304347826086,L3,0.4019933554817276,0.1335580720114544,True,True,True,2022,机械设备,YELLOW,STABLE,WARNING,OVERREACTION
300358,20220505,L5-A,23.728813559322035,44.285714285714285,L2,0.0884927723481323,0.0016264054901147,False,True,False,2022,医药生物,GREEN,STABLE,HEALTHY,OVERREACTION
300452,20220505,L5-B,38.983050847457626,87.61904761904762,L3,0.3804783338104185,0.293611966952401,True,True,True,2022,医药生物,GREEN,STABLE,HEALTHY,OVERREACTION
300470,20220505,L5-A,66.14173228346458,40.76086956521739,L2,0.2920415762714818,0.0236062928012086,False,True,False,2022,机械设备,YELLOW,STABLE,WARNING,OVERREACTION
300487,20220505,L5-A,13.821138211382117,92.76315789473684,L3,0.7911179254909035,0.696264545828718,True,True,True,2022,基础化工,GREEN,TURNING_UP,WARNING,NORMAL_DISCOUNT
300519,20220505,L5-A,53.10734463276836,35.23809523809524,L1,0.0409811915744215,-0.045885175283596,False,False,False,2022,医药生物,GREEN,STABLE,HEALTHY,OVERREACTION
300610,20220505,L5-B,15.447154471544716,53.289473684210535,L2,0.0889182016018104,-0.0059351780603751,True,True,False,2022,基础化工,GREEN,TURNING_UP,WARNING,NORMAL_DISCOUNT
300683,20220505,L5-B,1.694915254237288,90.47619047619048,L3,0.1399938328707985,0.0531274660127809,True,True,True,2022,医药生物,GREEN,STABLE,HEALTHY,OVERREACTION
300688,20220505,L5-A,29.411764705882355,9.523809523809524,L0,0.0340277777777777,-0.1295393466370863,False,False,False,2022,社会服务,YELLOW,STABLE,WARNING,OVERREACTION
300748,20220505,L5-B,21.73913043478261,76.19047619047619,L3,0.2158863660123935,0.1229900268058532,True,True,True,2022,有色金属,YELLOW,STABLE,WARNING,OVERREACTION
300755,20220505,L5-A,21.875,27.27272727272727,L1,-0.359324280820777,-0.3454413182857199,False,False,False,2022,商贸零售,YELLOW,STABLE,WARNING,OVERREACTION
300835,20220505,L5-A,6.521739130434782,68.25396825396825,L2,0.2214255588359341,0.1285292196293938,True,True,True,2022,有色金属,YELLOW,STABLE,WARNING,OVERREACTION
300855,20220505,L5-A,13.043478260869565,77.77777777777779,L3,0.7046657449452891,0.6117694057387488,True,True,True,2022,有色金属,YELLOW,STABLE,WARNING,OVERREACTION
300859,20220505,L5-B,52.94117647058824,58.82352941176471,L0,0.387363241318253,0.2237961169033889,True,False,True,2022,社会服务,YELLOW,STABLE,WARNING,OVERREACTION
600010,20220505,L5-A,17.857142857142858,76.92307692307693,L3,-0.013646108536908,0.0860833806961278,True,True,True,2022,钢铁,YELLOW,STABLE,WARNING,OVERREACTION
600085,20220505,L5-A,44.06779661016949,64.76190476190476,L2,0.1810425839973781,0.0941762171393605,True,True,True,2022,医药生物,GREEN,STABLE,HEALTHY,OVERREACTION
600114,20220505,L5-B,17.322834645669293,75.54347826086956,L3,0.52813373302522,0.2596984495549469,True,True,True,2022,机械设备,YELLOW,STABLE,WARNING,OVERREACTION
600129,20220505,L5-A,27.68361581920904,92.38095238095238,L3,0.9366407650926484,0.8497743982346309,True,True,True,2022,医药生物,GREEN,STABLE,HEALTHY,OVERREACTION
600285,20220505,L5-A,46.32768361581921,80.0,L3,0.2773243378723498,0.1904579710143322,True,True,True,2022,医药生物,GREEN,STABLE,HEALTHY,OVERREACTION
600329,20220505,L5-B,21.468926553672315,67.14285714285714,L2,0.4449872660940188,0.3581208992360012,True,True,True,2022,医药生物,GREEN,STABLE,HEALTHY,OVERREACTION
600348,20220505,L5-A,10.526315789473683,100.0,L3,0.6989129123377158,0.6756819073503747,True,True,True,2022,煤炭,YELLOW,STABLE,WARNING,OVERREACTION
600351,20220505,L5-A,57.06214689265536,59.04761904761905,L2,0.0061009433873251,-0.0807654234706924,True,True,False,2022,医药生物,GREEN,STABLE,HEALTHY,OVERREACTION
600378,20220505,L5-A,66.66666666666666,36.18421052631579,L1,0.2700249413761726,0.1751715617139871,False,False,True,2022,基础化工,GREEN,TURNING_UP,WARNING,NORMAL_DISCOUNT
600399,20220505,L5-A,3.571428571428571,96.15384615384616,L3,0.3496608892238131,0.4493903784568489,True,True,True,2022,钢铁,YELLOW,STABLE,WARNING,OVERREACTION
600403,20220505,L5-A,57.89473684210527,23.809523809523807,L1,-0.0520573558189966,-0.0752883608063377,False,False,False,2022,煤炭,YELLOW,STABLE,WARNING,OVERREACTION
600516,20220505,L5-A,14.285714285714285,84.61538461538461,L3,-0.096774193548387,0.0029552956846488,True,True,False,2022,钢铁,YELLOW,STABLE,WARNING,OVERREACTION
600529,20220505,L5-B,3.389830508474576,74.28571428571429,L3,0.370600031731324,0.2837336648733065,True,True,True,2022,医药生物,GREEN,STABLE,HEALTHY,OVERREACTION
600559,20220505,L5-A,64.0625,63.888888888888886,L2,0.0235926507612365,0.0411075415083155,True,True,False,2022,食品饮料,GREEN,STABLE,HEALTHY,OVERREACTION
600566,20220505,L5-A,64.40677966101694,19.52380952380953,L1,0.4009398530905281,0.3140734862325106,False,False,True,2022,医药生物,GREEN,STABLE,HEALTHY,OVERREACTION
600587,20220505,L5-A,25.42372881355932,76.19047619047619,L3,0.4852647675626029,0.3983984007045854,True,True,True,2022,医药生物,GREEN,STABLE,HEALTHY,OVERREACTION
600594,20220505,L5-A,39.548022598870055,55.27638190954774,L0,0.0881226053639847,0.0012562385059671,True,False,False,2022,医药生物,GREEN,STABLE,HEALTHY,OVERREACTION
600876,20220505,L5-A,4.3478260869565215,54.166666666666664,L0,0.1040748898678414,0.1708254567595289,True,False,True,2022,建筑材料,YELLOW,STABLE,WARNING,OVERREACTION
600976,20220505,L5-A,2.2598870056497176,32.38095238095238,L1,0.4343515892197884,0.3474852223617709,False,False,True,2022,医药生物,GREEN,STABLE,HEALTHY,OVERREACTION
601011,20220505,L5-A,5.263157894736842,61.904761904761905,L2,-0.093994778067885,-0.1172257830552261,True,True,False,2022,煤炭,YELLOW,STABLE,WARNING,OVERREACTION
601677,20220505,L5-A,63.04347826086957,39.68253968253968,L1,-0.4323846622087239,-0.5252810014152641,False,False,False,2022,有色金属,YELLOW,STABLE,WARNING,OVERREACTION
603088,20220505,L5-B,67.71653543307087,87.5,L3,0.4700782414561237,0.2016429579858505,True,True,True,2022,机械设备,YELLOW,STABLE,WARNING,OVERREACTION
603115,20220505,L5-A,47.82608695652174,26.984126984126984,L1,-0.1914879992684753,-0.2843843384750155,False,False,False,2022,有色金属,YELLOW,STABLE,WARNING,OVERREACTION
603198,20220505,L5-A,43.75,1.3888888888888888,L1,-0.1611026242419885,-0.1435877334949094,False,False,False,2022,食品饮料,GREEN,STABLE,HEALTHY,OVERREACTION
603309,20220505,L5-B,48.58757062146893,96.1904761904762,L3,0.6509055072502976,0.5640391403922801,True,True,True,2022,医药生物,GREEN,STABLE,HEALTHY,OVERREACTION
603336,20220505,L5-B,41.17647058823529,60.0,L2,-0.0015974440894568,-0.004071667864079,True,True,False,2022,农林牧渔,YELLOW,STABLE,WARNING,OVERREACTION
603369,20220505,L5-A,50.0,36.11111111111111,L1,-0.1225538010313357,-0.1050389102842566,False,False,False,2022,食品饮料,GREEN,STABLE,HEALTHY,OVERREACTION
603439,20220505,L5-B,51.9774011299435,45.23809523809524,L2,0.0252032520325202,-0.0616631148254973,False,True,False,2022,医药生物,GREEN,STABLE,HEALTHY,OVERREACTION
603520,20220505,L5-A,51.41242937853108,1.4285714285714286,L1,-0.4360451498362853,-0.5229115166943028,False,False,False,2022,医药生物,GREEN,STABLE,HEALTHY,OVERREACTION
603566,20220505,L5-A,44.11764705882353,91.42857142857144,L0,0.3694856856171526,0.3670114618425303,True,False,True,2022,农林牧渔,YELLOW,STABLE,WARNING,OVERREACTION
603589,20220505,L5-A,17.1875,20.833333333333336,L1,-0.1588799704451484,-0.1413650796980693,False,False,False,2022,食品饮料,GREEN,STABLE,HEALTHY,OVERREACTION
603666,20220505,L5-A,20.47244094488189,5.434782608695652,L0,-0.2765335234284558,-0.5449688068987288,False,False,False,2022,机械设备,YELLOW,STABLE,WARNING,OVERREACTION
603698,20220505,L5-B,51.181102362204726,32.608695652173914,L0,0.1067207650159718,-0.1617145184543013,False,False,False,2022,机械设备,YELLOW,STABLE,WARNING,OVERREACTION
603719,20220505,L5-A,6.25,91.66666666666666,L3,0.2662123782425305,0.2837272689896096,True,True,True,2022,食品饮料,GREEN,STABLE,HEALTHY,OVERREACTION
603722,20220505,L5-A,18.69918699186992,19.73684210526316,L1,0.076333668192565,-0.0185197114696205,False,False,False,2022,基础化工,GREEN,TURNING_UP,WARNING,NORMAL_DISCOUNT
605166,20220505,L5-A,39.02439024390244,41.44736842105263,L2,0.1616983334163155,0.06684495375413,False,True,True,2022,基础化工,GREEN,TURNING_UP,WARNING,NORMAL_DISCOUNT
605183,20220505,L5-B,72.35772357723577,69.07894736842105,L0,0.1534459598852253,0.0585925802230398,True,False,True,2022,基础化工,GREEN,TURNING_UP,WARNING,NORMAL_DISCOUNT
605337,20220505,L5-B,45.3125,18.055555555555554,L0,-0.2094669549824709,-0.1919520642353918,False,False,False,2022,食品饮料,GREEN,STABLE,HEALTHY,OVERREACTION
605369,20220505,L5-B,28.24858757062147,91.42857142857144,L3,0.0094550779659832,-0.0774112888920343,True,True,False,2022,医药生物,GREEN,STABLE,HEALTHY,OVERREACTION
688017,20220505,L5-B,6.299212598425196,96.7391304347826,L3,0.9941212835711526,0.7256860001008795,True,True,True,2022,机械设备,YELLOW,STABLE,WARNING,OVERREACTION
688065,20220505,L5-B,3.2520325203252036,42.10526315789473,L0,0.0038974504041449,-0.0909559292580406,False,False,False,2022,基础化工,GREEN,TURNING_UP,WARNING,NORMAL_DISCOUNT
688166,20220505,L5-B,4.519774011299435,27.142857142857142,L0,0.0300409853644509,-0.0568253814935666,False,False,False,2022,医药生物,GREEN,STABLE,HEALTHY,OVERREACTION
688298,20220505,L5-A,41.80790960451977,3.8095238095238098,L0,-0.3410507742345956,-0.4279171410926131,False,False,False,2022,医药生物,GREEN,STABLE,HEALTHY,OVERREACTION
688356,20220505,L5-B,14.124293785310735,84.76190476190476,L3,0.0290557896304057,-0.0578105772276118,True,True,False,2022,医药生物,GREEN,STABLE,HEALTHY,OVERREACTION
688357,20220505,L5-A,4.878048780487805,97.79411764705884,L3,-0.0222866406751804,-0.1171400203373659,True,True,False,2022,基础化工,GREEN,TURNING_UP,WARNING,NORMAL_DISCOUNT
688399,20220505,L5-B,76.27118644067797,29.52380952380953,L1,-0.1952360005755404,-0.2821023674335579,False,False,False,2022,医药生物,GREEN,STABLE,HEALTHY,OVERREACTION
688658,20220505,L5-A,11.299435028248588,30.47619047619048,L0,0.1610287511510169,0.0741623842929993,False,False,True,2022,医药生物,GREEN,STABLE,HEALTHY,OVERREACTION
688665,20220505,L5-A,29.92125984251969,16.304347826086957,L1,-0.1978626647081922,-0.4662979481784653,False,False,False,2022,机械设备,YELLOW,STABLE,WARNING,OVERREACTION
688696,20220505,L5-A,28.57142857142857,11.627906976744184,L1,-0.30715314475096,-0.3027104767113027,False,False,False,2022,家用电器,GREEN,TURNING_UP,HEALTHY,NORMAL_DISCOUNT
000404,20220901,L5-A,67.44186046511628,86.04651162790698,L3,0.0787119856887299,0.0241915249062245,True,True,False,2022,家用电器,GREEN,STABLE,HEALTHY,OVERREACTION
000408,20220901,L5-A,53.96825396825397,20.0,L1,-0.0610790634543604,-0.1414841565526228,False,False,False,2022,有色金属,YELLOW,STABLE,WARNING,OVERREACTION
000603,20220901,L5-B,34.92063492063492,92.72727272727272,L3,0.2532110091743118,0.1728059160760493,True,True,True,2022,有色金属,YELLOW,STABLE,WARNING,OVERREACTION
000630,20220901,L5-B,7.936507936507936,87.27272727272727,L3,0.1937716262975779,0.1133665331993154,True,True,True,2022,有色金属,YELLOW,STABLE,WARNING,OVERREACTION
000657,20220901,L5-A,14.285714285714285,98.1818181818182,L3,0.2068242521901773,0.1264191590919148,True,True,True,2022,有色金属,YELLOW,STABLE,WARNING,OVERREACTION
000731,20220901,L5-A,46.05263157894737,18.38235294117647,L1,-0.0790305584826133,-0.1000008485602252,False,False,False,2022,基础化工,YELLOW,STABLE,WARNING,OVERREACTION
000792,20220901,L5-B,10.526315789473683,33.82352941176471,L1,-0.0791127541589649,-0.1000830442365768,False,False,False,2022,基础化工,YELLOW,STABLE,WARNING,OVERREACTION
000895,20220901,L5-B,45.83333333333333,25.0,L1,0.0351828490373313,-0.125633377857369,False,False,False,2022,食品饮料,GREEN,STABLE,HEALTHY,OVERREACTION
000902,20220901,L5-A,21.710526315789476,11.76470588235294,L1,-0.1774406332453826,-0.1984109233229945,False,False,False,2022,基础化工,YELLOW,STABLE,WARNING,OVERREACTION
000968,20220901,L5-A,5.555555555555555,41.66666666666667,L2,-0.0999999999999998,-0.1476641262650743,False,True,False,2022,石油石化,YELLOW,STABLE,WARNING,OVERREACTION
002041,20220901,L5-A,42.857142857142854,41.37931034482759,L2,-0.0803858520900321,-0.0560211748458583,False,True,False,2022,农林牧渔,YELLOW,STABLE,WARNING,OVERREACTION
002192,20220901,L5-A,6.349206349206349,10.909090909090908,L1,-0.1635146443514644,-0.2439197374497268,False,False,False,2022,有色金属,YELLOW,STABLE,WARNING,OVERREACTION
002216,20220901,L5-A,16.666666666666664,50.0,L2,-0.0108757870635375,-0.1716920139582378,True,True,False,2022,食品饮料,GREEN,STABLE,HEALTHY,OVERREACTION
002304,20220901,L5-A,48.61111111111111,12.162162162162163,L1,0.0855370347161297,-0.0752791921785706,False,False,False,2022,食品饮料,GREEN,STABLE,HEALTHY,OVERREACTION
002349,20220901,L5-A,4.285714285714286,56.28140703517588,L2,0.0265780730897009,-0.1011775328061521,True,True,False,2022,医药生物,GREEN,STABLE,HEALTHY,OVERREACTION
002365,20220901,L5-B,54.761904761904766,26.633165829145728,L1,0.0494791666666667,-0.0782764392291863,False,False,False,2022,医药生物,GREEN,STABLE,HEALTHY,OVERREACTION
002497,20220901,L5-A,15.789473684210526,22.058823529411764,L1,-0.1285612535612537,-0.1495315436388656,False,False,False,2022,基础化工,YELLOW,STABLE,WARNING,OVERREACTION
002507,20220901,L5-B,22.22222222222222,4.166666666666666,L1,-0.1451239669421488,-0.3059401938368491,False,False,False,2022,食品饮料,GREEN,STABLE,HEALTHY,OVERREACTION
002545,20220901,L5-B,6.578947368421052,55.14705882352941,L2,-0.0254777070063694,-0.0464479970839813,True,True,False,2022,基础化工,YELLOW,STABLE,WARNING,OVERREACTION
002557,20220901,L5-A,4.166666666666666,31.944444444444443,L1,-0.0105172783859197,-0.17133350528062,False,False,False,2022,食品饮料,GREEN,STABLE,HEALTHY,OVERREACTION
002603,20220901,L5-B,45.714285714285715,92.964824120603,L3,0.3839567372690402,0.2562011313731871,True,True,True,2022,医药生物,GREEN,STABLE,HEALTHY,OVERREACTION
002613,20220901,L5-A,8.333333333333332,28.57142857142857,L1,0.0511811023622046,-0.0132523062153422,False,False,False,2022,建筑材料,YELLOW,STABLE,WARNING,OVERREACTION
002644,20220901,L5-A,39.523809523809526,35.678391959798994,L1,0.2087912087912089,0.0810356028953558,False,False,True,2022,医药生物,GREEN,STABLE,HEALTHY,OVERREACTION
002758,20220901,L5-A,11.842105263157894,99.26470588235294,L3,0.2006446414182112,0.1796743513405992,True,True,True,2022,基础化工,YELLOW,STABLE,WARNING,OVERREACTION
002824,20220901,L5-B,12.698412698412698,10.16949152542373,L0,-0.0367936925098555,-0.1171987856081179,False,False,False,2022,有色金属,YELLOW,STABLE,WARNING,OVERREACTION
002832,20220901,L5-A,8.333333333333332,70.83333333333334,L3,0.4299287410926367,0.33339313812428,True,True,True,2022,纺织服饰,YELLOW,STABLE,WARNING,OVERREACTION
002864,20220901,L5-B,13.80952380952381,84.92462311557789,L3,0.141169521559362,0.0134139156635089,True,True,False,2022,医药生物,GREEN,STABLE,HEALTHY,OVERREACTION
002895,20220901,L5-A,0.6578947368421052,74.26470588235294,L3,0.1849366144668156,0.1639663243892037,True,True,True,2022,基础化工,YELLOW,STABLE,WARNING,OVERREACTION
002915,20220901,L5-A,57.89473684210527,92.64705882352942,L3,0.1849648458626285,0.1639945557850166,True,True,True,2022,基础化工,YELLOW,STABLE,WARNING,OVERREACTION
300005,20220901,L5-B,44.44444444444444,66.66666666666666,L2,0.0100882723833544,-0.0864473305850022,True,True,False,2022,纺织服饰,YELLOW,STABLE,WARNING,OVERREACTION
300124,20220901,L5-A,12.5,83.80281690140845,L3,0.2984448715708543,0.2112327084858873,True,True,True,2022,机械设备,YELLOW,STABLE,WARNING,OVERREACTION
300160,20220901,L5-A,39.53488372093023,41.86046511627907,L2,0.06640625,0.0118857892174946,False,True,False,2022,家用电器,GREEN,STABLE,HEALTHY,OVERREACTION
300164,20220901,L5-B,27.77777777777778,33.33333333333333,L1,-0.0584415584415585,-0.106105684706633,False,False,False,2022,石油石化,YELLOW,STABLE,WARNING,OVERREACTION
300171,20220901,L5-A,6.190476190476191,8.040201005025125,L1,0.0583613916947249,-0.0693942142011281,False,False,False,2022,医药生物,GREEN,STABLE,HEALTHY,OVERREACTION
300196,20220901,L5-A,20.833333333333336,73.68421052631578,L3,0.0633397312859884,-0.0010936772915584,True,True,False,2022,建筑材料,YELLOW,STABLE,WARNING,OVERREACTION
300224,20220901,L5-B,61.904761904761905,58.18181818181818,L2,0.0066225165562914,-0.073782576541971,True,True,False,2022,有色金属,YELLOW,STABLE,WARNING,OVERREACTION
300233,20220901,L5-B,27.61904761904762,7.035175879396985,L1,-0.1698762035763411,-0.2976318094721941,False,False,False,2022,医药生物,GREEN,STABLE,HEALTHY,OVERREACTION
300404,20220901,L5-A,48.095238095238095,52.76381909547738,L0,0.3313539192399051,0.203598313344052,True,False,True,2022,医药生物,GREEN,STABLE,HEALTHY,OVERREACTION
300439,20220901,L5-B,74.76190476190476,38.19095477386934,L1,0.042776432606941,-0.084979173288912,False,False,False,2022,医药生物,GREEN,STABLE,HEALTHY,OVERREACTION
300470,20220901,L5-A,40.76086956521739,68.30985915492957,L2,0.1384412153236458,0.0512290522386788,True,True,True,2022,机械设备,YELLOW,STABLE,WARNING,OVERREACTION
300482,20220901,L5-B,7.142857142857142,53.266331658291456,L2,0.0093768905021172,-0.1183787153937358,True,True,False,2022,医药生物,GREEN,STABLE,HEALTHY,OVERREACTION
300505,20220901,L5-A,39.473684210526315,59.55882352941176,L2,0.0654429369513167,0.0444726468737047,True,True,False,2022,基础化工,YELLOW,STABLE,WARNING,OVERREACTION
300519,20220901,L5-A,35.23809523809524,38.69346733668342,L1,0.1161000641436817,-0.0116555417521713,False,False,False,2022,医药生物,GREEN,STABLE,HEALTHY,OVERREACTION
300586,20220901,L5-B,96.71052631578948,66.91176470588235,L2,0.0209944751381214,2.4185060509475387e-05,True,True,False,2022,基础化工,YELLOW,STABLE,WARNING,OVERREACTION
300610,20220901,L5-B,53.289473684210535,7.352941176470589,L0,-0.1711924439197166,-0.1921627339973285,False,False,False,2022,基础化工,YELLOW,STABLE,WARNING,OVERREACTION
300636,20220901,L5-A,5.714285714285714,78.89447236180904,L3,0.1563876651982378,0.0286320593023847,True,True,False,2022,医药生物,GREEN,STABLE,HEALTHY,OVERREACTION
300683,20220901,L5-B,90.47619047619048,21.105527638190953,L1,-0.0012787723785165,-0.1290343782743696,False,False,False,2022,医药生物,GREEN,STABLE,HEALTHY,OVERREACTION
300755,20220901,L5-A,27.27272727272727,13.636363636363637,L0,0.0440944881889764,-0.0509226679434399,False,False,False,2022,商贸零售,YELLOW,STABLE,WARNING,OVERREACTION
300780,20220901,L5-A,32.065217391304344,47.183098591549296,L2,0.1024590163934426,0.0152468533084756,False,True,False,2022,机械设备,YELLOW,STABLE,WARNING,OVERREACTION
300861,20220901,L5-A,10.326086956521738,8.450704225352112,L1,-0.2148975221780361,-0.3021096852630031,False,False,False,2022,机械设备,YELLOW,STABLE,WARNING,OVERREACTION
300879,20220901,L5-A,11.41304347826087,31.690140845070424,L1,-0.1112181030332208,-0.1984302661181878,False,False,False,2022,机械设备,YELLOW,STABLE,WARNING,OVERREACTION
300902,20220901,L5-B,27.173913043478255,14.084507042253522,L1,-0.0434662998624484,-0.1306784629474154,False,False,False,2022,机械设备,YELLOW,STABLE,WARNING,OVERREACTION
300911,20220901,L5-B,18.6046511627907,81.3953488372093,L3,-0.0480326125487415,-0.1025530733312468,True,True,False,2022,家用电器,GREEN,STABLE,HEALTHY,OVERREACTION
300957,20220901,L5-B,9.090909090909092,9.090909090909092,L1,-0.2507336159113138,-0.3938501404019678,False,False,False,2022,美容护理,YELLOW,STABLE,WARNING,OVERREACTION
600108,20220901,L5-A,28.57142857142857,34.48275862068966,L1,-0.0712250712250712,-0.0468603939808974,False,False,False,2022,农林牧渔,YELLOW,STABLE,WARNING,OVERREACTION
600123,20220901,L5-A,28.57142857142857,50.0,L2,-0.0603448275862068,0.0133667433729966,True,True,False,2022,煤炭,YELLOW,STABLE,WARNING,OVERREACTION
600251,20220901,L5-B,17.142857142857142,17.24137931034483,L1,-0.0799180327868851,-0.0555533555427113,False,False,False,2022,农林牧渔,YELLOW,STABLE,WARNING,OVERREACTION
600295,20220901,L5-A,53.84615384615385,40.0,L2,-0.0565610859728505,-0.0888404855587583,False,True,False,2022,钢铁,GREEN,TURNING_UP,WARNING,NORMAL_DISCOUNT
600367,20220901,L5-A,48.68421052631579,9.558823529411764,L1,-0.1746341463414634,-0.1956044364190753,False,False,False,2022,基础化工,YELLOW,STABLE,WARNING,OVERREACTION
600371,20220901,L5-B,31.428571428571427,93.10344827586206,L3,-0.0267148014440434,-0.0023501241998696,True,True,False,2022,农林牧渔,YELLOW,STABLE,WARNING,OVERREACTION
600378,20220901,L5-A,36.18421052631579,77.20588235294117,L3,0.2426509887760555,0.2216806986984436,True,True,True,2022,基础化工,YELLOW,STABLE,WARNING,OVERREACTION
600380,20220901,L5-A,22.857142857142858,44.72361809045226,L2,0.1906934306569341,0.062937824761081,False,True,True,2022,医药生物,GREEN,STABLE,HEALTHY,OVERREACTION
600392,20220901,L5-A,25.396825396825395,25.454545454545453,L1,-0.0493827160493827,-0.1297878091476451,False,False,False,2022,有色金属,YELLOW,STABLE,WARNING,OVERREACTION
600403,20220901,L5-B,23.809523809523807,88.88888888888889,L3,-0.0343511450381679,0.0393604259210355,True,True,False,2022,煤炭,YELLOW,STABLE,WARNING,OVERREACTION
600426,20220901,L5-A,40.131578947368425,85.29411764705883,L3,0.2797494780793319,0.25877918800172,True,True,True,2022,基础化工,YELLOW,STABLE,WARNING,OVERREACTION
600470,20220901,L5-A,9.86842105263158,33.088235294117645,L1,-0.0435393258426967,-0.0645096159203086,False,False,False,2022,基础化工,YELLOW,STABLE,WARNING,OVERREACTION
600486,20220901,L5-A,5.921052631578947,63.97058823529411,L2,-0.0725694444444443,-0.0935397345220562,True,True,False,2022,基础化工,YELLOW,STABLE,WARNING,OVERREACTION
600508,20220901,L5-A,9.523809523809524,72.22222222222221,L3,-0.1348571428571429,-0.0611455718979394,True,True,False,2022,煤炭,YELLOW,STABLE,WARNING,OVERREACTION
600546,20220901,L5-A,38.095238095238095,27.77777777777778,L1,-0.0203892988565616,0.0533222721026418,False,False,True,2022,煤炭,YELLOW,STABLE,WARNING,OVERREACTION
600566,20220901,L5-A,19.52380952380953,77.38693467336684,L3,0.2976034858387799,0.1698478799429268,True,True,True,2022,医药生物,GREEN,STABLE,HEALTHY,OVERREACTION
600598,20220901,L5-B,37.142857142857146,37.93103448275862,L1,-0.0396505376344085,-0.0152858603902347,False,False,False,2022,农林牧渔,YELLOW,STABLE,WARNING,OVERREACTION
600618,20220901,L5-A,12.5,48.52941176470589,L2,-0.0441839495040576,-0.0651542395816695,False,True,False,2022,基础化工,YELLOW,STABLE,WARNING,OVERREACTION
600833,20220901,L5-A,78.0952380952381,80.40201005025126,L3,0.2227772227772226,0.0950216168813695,True,True,True,2022,医药生物,GREEN,STABLE,HEALTHY,OVERREACTION
600888,20220901,L5-A,52.38095238095239,69.0909090909091,L2,0.0256124721603565,-0.0547926209379059,True,True,False,2022,有色金属,YELLOW,STABLE,WARNING,OVERREACTION
600976,20220901,L5-B,32.38095238095238,85.92964824120602,L3,0.5490654205607479,0.4213098146648948,True,True,True,2022,医药生物,GREEN,STABLE,HEALTHY,OVERREACTION
601088,20220901,L5-A,47.61904761904761,66.66666666666666,L2,-0.0980392156862745,-0.024327644727071,True,True,False,2022,煤炭,YELLOW,STABLE,WARNING,OVERREACTION
601116,20220901,L5-A,60.60606060606061,86.36363636363636,L3,0.0801644398766701,-0.0148527162557462,True,True,False,2022,商贸零售,YELLOW,STABLE,WARNING,OVERREACTION
601599,20220901,L5-B,50.0,45.83333333333333,L2,-0.0859598853868195,-0.1824954883551761,False,True,False,2022,纺织服饰,YELLOW,STABLE,WARNING,OVERREACTION
601666,20220901,L5-A,4.761904761904762,22.22222222222222,L1,-0.1094674556213017,-0.0357558846620982,False,False,False,2022,煤炭,YELLOW,STABLE,WARNING,OVERREACTION
601677,20220901,L5-A,39.68253968253968,49.09090909090909,L2,-0.2244210526315788,-0.3048261457298412,False,True,False,2022,有色金属,YELLOW,STABLE,WARNING,OVERREACTION
601717,20220901,L5-A,54.34782608695651,7.746478873239436,L1,0.0611798980335032,-0.0260322650514637,False,False,False,2022,机械设备,YELLOW,STABLE,WARNING,OVERREACTION
601898,20220901,L5-A,52.38095238095239,33.33333333333333,L1,-0.1423001949317738,-0.0685886239725703,False,False,False,2022,煤炭,YELLOW,STABLE,WARNING,OVERREACTION
603067,20220901,L5-A,93.42105263157896,5.88235294117647,L1,-0.0770642201834862,-0.0980345102610981,False,False,False,2022,基础化工,YELLOW,STABLE,WARNING,OVERREACTION
603115,20220901,L5-A,26.984126984126984,29.09090909090909,L1,-0.0703005603667855,-0.1507056534650479,False,False,False,2022,有色金属,YELLOW,STABLE,WARNING,OVERREACTION
603169,20220901,L5-A,29.347826086956523,36.61971830985916,L1,-0.0337078651685394,-0.1209200282535064,False,False,False,2022,机械设备,YELLOW,STABLE,WARNING,OVERREACTION
603198,20220901,L5-A,1.3888888888888888,45.83333333333333,L2,0.3470690655832851,0.1862528386885847,False,True,True,2022,食品饮料,GREEN,STABLE,HEALTHY,OVERREACTION
603217,20220901,L5-A,59.86842105263158,84.55882352941177,L3,0.0665393186883158,0.0455690286107038,True,True,False,2022,基础化工,YELLOW,STABLE,WARNING,OVERREACTION
603229,20220901,L5-A,15.23809523809524,15.07537688442211,L1,-0.0683387858960378,-0.1960943917918908,False,False,False,2022,医药生物,GREEN,STABLE,HEALTHY,OVERREACTION
603259,20220901,L5-A,16.666666666666664,66.33165829145729,L2,-0.0447863247863247,-0.1725419306821777,True,True,False,2022,医药生物,GREEN,STABLE,HEALTHY,OVERREACTION
603279,20220901,L5-A,39.130434782608695,71.12676056338029,L3,0.0837950138504155,-0.0034171492345514,True,True,False,2022,机械设备,YELLOW,STABLE,WARNING,OVERREACTION
603299,20220901,L5-A,51.973684210526315,50.0,L2,-0.0627650551314673,-0.0837353452090792,True,True,False,2022,基础化工,YELLOW,STABLE,WARNING,OVERREACTION
603369,20220901,L5-A,36.11111111111111,38.88888888888889,L1,0.4412827461607949,0.2804665192660945,False,False,True,2022,食品饮料,GREEN,STABLE,HEALTHY,OVERREACTION
603456,20220901,L5-A,14.761904761904765,49.74874371859296,L2,-0.0541324311261478,-0.1818880370220008,False,True,False,2022,医药生物,GREEN,STABLE,HEALTHY,OVERREACTION
603538,20220901,L5-A,18.571428571428573,50.753768844221106,L2,0.0018691588785046,-0.1258864470173484,True,True,False,2022,医药生物,GREEN,STABLE,HEALTHY,OVERREACTION
603589,20220901,L5-A,20.833333333333336,68.05555555555556,L2,0.3597999999999999,0.1989837731052995,True,True,True,2022,食品饮料,GREEN,STABLE,HEALTHY,OVERREACTION
603599,20220901,L5-A,42.76315789473684,86.76470588235294,L3,0.2221882246531179,0.201217934575506,True,True,True,2022,基础化工,YELLOW,STABLE,WARNING,OVERREACTION
603639,20220901,L5-A,60.526315789473685,87.5,L3,0.1031714171015656,0.0822011270239536,True,True,True,2022,基础化工,YELLOW,STABLE,WARNING,OVERREACTION
603896,20220901,L5-A,42.38095238095238,73.86934673366834,L3,0.3402871850447033,0.2125315791488502,True,True,True,2022,医药生物,GREEN,STABLE,HEALTHY,OVERREACTION
603919,20220901,L5-A,2.7777777777777777,29.166666666666668,L1,0.0493827160493827,-0.1114335108453176,False,False,False,2022,食品饮料,GREEN,STABLE,HEALTHY,OVERREACTION
603938,20220901,L5-A,22.36842105263158,30.14705882352941,L1,-0.1540074557315935,-0.1749777458092054,False,False,False,2022,基础化工,YELLOW,STABLE,WARNING,OVERREACTION
603948,20220901,L5-A,21.052631578947366,51.47058823529411,L2,-0.0362838915470494,-0.0572541816246613,True,True,False,2022,基础化工,YELLOW,STABLE,WARNING,OVERREACTION
603979,20220901,L5-A,22.22222222222222,94.54545454545456,L3,0.6736292428198432,0.5932241497215807,True,True,True,2022,有色金属,YELLOW,STABLE,WARNING,OVERREACTION
605006,20220901,L5-A,29.166666666666668,15.789473684210526,L1,-0.0233297985153764,-0.0877632070929232,False,False,False,2022,建筑材料,YELLOW,STABLE,WARNING,OVERREACTION
605116,20220901,L5-A,64.28571428571429,40.20100502512563,L2,0.2116353641777371,0.083879758281884,False,True,True,2022,医药生物,GREEN,STABLE,HEALTHY,OVERREACTION
605366,20220901,L5-A,7.894736842105263,12.5,L1,-0.0849812934259754,-0.1059515835035873,False,False,False,2022,基础化工,YELLOW,STABLE,WARNING,OVERREACTION
605399,20220901,L5-A,17.763157894736842,32.35294117647059,L1,0.0965478529329215,0.0755775628553095,False,False,True,2022,基础化工,YELLOW,STABLE,WARNING,OVERREACTION
688166,20220901,L5-B,27.142857142857142,81.4070351758794,L0,0.2119591638308215,0.0842035579349684,True,False,True,2022,医药生物,GREEN,STABLE,HEALTHY,OVERREACTION
688363,20220901,L5-A,36.36363636363637,27.27272727272727,L1,-0.09938553872535,-0.242502063216004,False,False,False,2022,美容护理,YELLOW,STABLE,WARNING,OVERREACTION
688399,20220901,L5-B,29.52380952380953,3.5175879396984926,L1,-0.1975308641975308,-0.3252864700933838,False,False,False,2022,医药生物,GREEN,STABLE,HEALTHY,OVERREACTION
688575,20220901,L5-A,37.142857142857146,61.30653266331658,L2,0.0476907630522087,-0.0800648428436443,True,True,False,2022,医药生物,GREEN,STABLE,HEALTHY,OVERREACTION
688621,20220901,L5-B,47.14285714285714,86.4321608040201,L3,0.101034126163392,-0.026721479732461,True,True,False,2022,医药生物,GREEN,STABLE,HEALTHY,OVERREACTION
688665,20220901,L5-B,16.304347826086957,27.464788732394368,L0,-0.0899006622516556,-0.1771128253366226,False,False,False,2022,机械设备,YELLOW,STABLE,WARNING,OVERREACTION
688696,20220901,L5-B,11.627906976744184,15.909090909090908,L1,-0.2166635670448204,-0.2711840278273257,False,False,False,2022,家用电器,GREEN,STABLE,HEALTHY,OVERREACTION
000408,20230103,L5-A,20.0,52.54237288135594,L2,-0.097102507277508,-0.0706167478280702,True,True,False,2023,有色金属,GREEN,TURNING_UP,WARNING,NORMAL_DISCOUNT
000568,20230103,L5-A,6.944444444444445,48.64864864864865,L2,-0.0084599290457563,0.0513735871485342,False,True,True,2023,食品饮料,GREEN,STABLE,HEALTHY,OVERREACTION
000629,20230103,L5-A,50.0,10.526315789473683,L1,-0.1748971193415639,-0.1597214227210986,False,False,False,2023,钢铁,GREEN,TURNING_UP,WARNING,NORMAL_DISCOUNT
000731,20230103,L5-A,18.38235294117647,82.96296296296296,L3,0.0124069478908188,0.0836929768056313,True,True,True,2023,基础化工,GREEN,TURNING_UP,WARNING,NORMAL_DISCOUNT
000762,20230103,L5-A,27.27272727272727,13.559322033898304,L1,-0.2474330077635863,-0.2209472483141485,False,False,False,2023,有色金属,GREEN,TURNING_UP,WARNING,NORMAL_DISCOUNT
000792,20230103,L5-A,33.82352941176471,27.40740740740741,L1,-0.1666666666666667,-0.0953806377518541,False,False,False,2023,基础化工,GREEN,TURNING_UP,WARNING,NORMAL_DISCOUNT
000810,20230103,L5-A,18.6046511627907,68.18181818181817,L2,0.1176259435757254,-0.0496550127790775,True,True,False,2023,家用电器,GREEN,STABLE,HEALTHY,OVERREACTION
000895,20230103,L5-B,25.0,68.91891891891892,L2,-0.0013842515634121,0.0584492646308784,True,True,True,2023,食品饮料,GREEN,STABLE,HEALTHY,OVERREACTION
000902,20230103,L5-A,11.76470588235294,61.48148148148148,L2,-0.0960768379704852,-0.0247908090556726,True,True,False,2023,基础化工,GREEN,TURNING_UP,WARNING,NORMAL_DISCOUNT
000915,20230103,L5-B,57.78894472361809,12.206572769953052,L1,-0.164147600610329,-0.1413144620249755,False,False,False,2023,医药生物,GREEN,TURNING_UP,HEALTHY,NORMAL_DISCOUNT
000968,20230103,L5-A,41.66666666666667,42.857142857142854,L2,-0.1287015945330295,-0.1255922728182588,False,True,False,2023,石油石化,GREEN,TURNING_UP,WARNING,NORMAL_DISCOUNT
000969,20230103,L5-A,60.0,84.7457627118644,L3,0.1966026746971574,0.2230884341465951,True,True,True,2023,有色金属,GREEN,TURNING_UP,WARNING,NORMAL_DISCOUNT
002003,20230103,L5-A,12.5,16.666666666666664,L1,-0.0395773543297628,-0.1114450698895114,False,False,False,2023,纺织服饰,GREEN,TURNING_UP,WARNING,NORMAL_DISCOUNT
002006,20230103,L5-A,38.732394366197184,1.948051948051948,L1,-0.1480483229882407,-0.2849210873258799,False,False,False,2023,机械设备,GREEN,TURNING_UP,WARNING,NORMAL_DISCOUNT
002011,20230103,L5-B,27.906976744186046,29.545454545454547,L1,0.0558490566037737,-0.1114318997510292,False,False,False,2023,家用电器,GREEN,STABLE,HEALTHY,OVERREACTION
002030,20230103,L5-B,10.050251256281408,47.417840375586856,L2,-0.2656471990777629,-0.2428140604924094,False,True,False,2023,医药生物,GREEN,TURNING_UP,HEALTHY,NORMAL_DISCOUNT
002050,20230103,L5-B,13.953488372093023,45.45454545454545,L2,0.4140873937943192,0.2468064374395162,False,True,True,2023,家用电器,GREEN,STABLE,HEALTHY,OVERREACTION
002057,20230103,L5-A,11.76470588235294,5.0,L1,-0.0005930451288879,-0.0391056993917895,False,False,False,2023,社会服务,GREEN,TURNING_UP,WARNING,NORMAL_DISCOUNT
002073,20230103,L5-B,53.52112676056338,24.67532467532467,L1,0.0084029325391039,-0.1284698317985353,False,False,False,2023,机械设备,GREEN,TURNING_UP,WARNING,NORMAL_DISCOUNT
002166,20230103,L5-A,35.294117647058826,38.51851851851852,L1,-0.1477733690473577,-0.0764873401325451,False,False,False,2023,基础化工,GREEN,TURNING_UP,WARNING,NORMAL_DISCOUNT
002182,20230103,L5-B,56.36363636363636,86.4406779661017,L3,0.0314075089476399,0.0578932683970776,True,True,True,2023,有色金属,GREEN,TURNING_UP,WARNING,NORMAL_DISCOUNT
002192,20230103,L5-A,10.909090909090908,1.694915254237288,L1,-0.3220290865685092,-0.2955433271190715,False,False,False,2023,有色金属,GREEN,TURNING_UP,WARNING,NORMAL_DISCOUNT
002216,20230103,L5-A,50.0,45.94594594594595,L0,-0.0729950789161709,-0.0131615627218803,False,False,False,2023,食品饮料,GREEN,STABLE,HEALTHY,OVERREACTION
002318,20230103,L5-A,55.00000000000001,63.1578947368421,L2,0.040298551504726,0.0554742481251912,True,True,True,2023,钢铁,GREEN,TURNING_UP,WARNING,NORMAL_DISCOUNT
002329,20230103,L5-A,55.55555555555556,1.351351351351351,L1,-0.1315104166666666,-0.071676900472376,False,False,False,2023,食品饮料,GREEN,STABLE,HEALTHY,OVERREACTION
002334,20230103,L5-B,33.098591549295776,62.33766233766234,L2,0.5278321833961186,0.3909594190584793,True,True,True,2023,机械设备,GREEN,TURNING_UP,WARNING,NORMAL_DISCOUNT
002337,20230103,L5-B,9.859154929577464,50.64935064935064,L2,0.3241525423728812,0.1872797780352419,True,True,True,2023,机械设备,GREEN,TURNING_UP,WARNING,NORMAL_DISCOUNT
002349,20230103,L5-A,56.28140703517588,25.821596244131456,L1,-0.2708108980659673,-0.2479777594806138,False,False,False,2023,医药生物,GREEN,TURNING_UP,HEALTHY,NORMAL_DISCOUNT
002404,20230103,L5-A,54.166666666666664,40.0,L2,0.0662269884780093,-0.0056407270817393,False,True,False,2023,纺织服饰,GREEN,TURNING_UP,WARNING,NORMAL_DISCOUNT
002444,20230103,L5-B,37.32394366197183,30.519480519480517,L1,0.1854348930534304,0.0485621287157911,False,False,False,2023,机械设备,GREEN,TURNING_UP,WARNING,NORMAL_DISCOUNT
002483,20230103,L5-A,20.422535211267608,48.701298701298704,L2,0.0947320851463457,-0.0421406791912935,False,True,False,2023,机械设备,GREEN,TURNING_UP,WARNING,NORMAL_DISCOUNT
002497,20230103,L5-A,22.058823529411764,8.88888888888889,L1,-0.2228720140158731,-0.1515859851010605,False,False,False,2023,基础化工,GREEN,TURNING_UP,WARNING,NORMAL_DISCOUNT
002507,20230103,L5-B,4.166666666666666,50.0,L2,-0.053335467404963,0.0064980487893275,True,True,False,2023,食品饮料,GREEN,STABLE,HEALTHY,OVERREACTION
002526,20230103,L5-B,45.774647887323944,50.0,L2,0.1061946902654866,-0.0306780740721526,True,True,False,2023,机械设备,GREEN,TURNING_UP,WARNING,NORMAL_DISCOUNT
002545,20230103,L5-B,55.14705882352941,48.888888888888886,L2,-0.1245839427452687,-0.0532979138304561,False,True,False,2023,基础化工,GREEN,TURNING_UP,WARNING,NORMAL_DISCOUNT
002549,20230103,L5-A,0.7352941176470588,5.185185185185185,L1,-0.2917431192660551,-0.2204570903512425,False,False,False,2023,基础化工,GREEN,TURNING_UP,WARNING,NORMAL_DISCOUNT
002557,20230103,L5-A,31.944444444444443,43.24324324324324,L0,-0.1047950234547413,-0.0449615072604507,False,False,False,2023,食品饮料,GREEN,STABLE,HEALTHY,OVERREACTION
002585,20230103,L5-B,6.61764705882353,2.9629629629629632,L0,-0.0011149073449057,0.0701711215699068,False,False,True,2023,基础化工,GREEN,TURNING_UP,WARNING,NORMAL_DISCOUNT
002644,20230103,L5-A,35.678391959798994,94.3661971830986,L3,0.280880421876265,0.3037135604616184,True,True,True,2023,医药生物,GREEN,TURNING_UP,HEALTHY,NORMAL_DISCOUNT
002661,20230103,L5-A,20.833333333333336,60.810810810810814,L2,-0.0253252964269814,0.0345082197673091,True,True,False,2023,食品饮料,GREEN,STABLE,HEALTHY,OVERREACTION
002738,20230103,L5-A,1.818181818181818,55.932203389830505,L2,0.0138801175174236,0.0403658769668613,True,True,False,2023,有色金属,GREEN,TURNING_UP,WARNING,NORMAL_DISCOUNT
002748,20230103,L5-A,22.794117647058822,57.03703703703704,L2,-0.0956097560975609,-0.0243237271827483,True,True,False,2023,基础化工,GREEN,TURNING_UP,WARNING,NORMAL_DISCOUNT
002756,20230103,L5-A,3.636363636363636,23.728813559322035,L1,-0.0795600307949788,-0.053074271345541,False,False,False,2023,有色金属,GREEN,TURNING_UP,WARNING,NORMAL_DISCOUNT
002847,20230103,L5-B,59.72222222222222,81.08108108108108,L3,0.2404557560729621,0.3002892722672526,True,True,True,2023,食品饮料,GREEN,STABLE,HEALTHY,OVERREACTION
002895,20230103,L5-B,74.26470588235294,11.851851851851851,L1,-0.1999989139669935,-0.1287128850521809,False,False,False,2023,基础化工,GREEN,TURNING_UP,WARNING,NORMAL_DISCOUNT
002957,20230103,L5-B,47.88732394366197,19.480519480519483,L1,0.3226152752711964,0.1857425109335571,False,False,True,2023,机械设备,GREEN,TURNING_UP,WARNING,NORMAL_DISCOUNT
002996,20230103,L5-A,30.909090909090907,30.508474576271187,L1,-0.0698622130216615,-0.0433764535722237,False,False,False,2023,有色金属,GREEN,TURNING_UP,WARNING,NORMAL_DISCOUNT
300095,20230103,L5-B,33.80281690140845,22.07792207792208,L0,0.0205626067544375,-0.1163101575832017,False,False,False,2023,机械设备,GREEN,TURNING_UP,WARNING,NORMAL_DISCOUNT
300109,20230103,L5-B,8.088235294117647,86.66666666666667,L3,-0.0019808118707485,0.069305217044064,True,True,True,2023,基础化工,GREEN,TURNING_UP,WARNING,NORMAL_DISCOUNT
300112,20230103,L5-A,57.04225352112676,27.27272727272727,L1,0.1611818845617298,0.0243091202240905,False,False,False,2023,机械设备,GREEN,TURNING_UP,WARNING,NORMAL_DISCOUNT
300121,20230103,L5-A,36.02941176470589,19.25925925925926,L1,-0.064652647254046,0.0066333816607665,False,False,False,2023,基础化工,GREEN,TURNING_UP,WARNING,NORMAL_DISCOUNT
300160,20230103,L5-A,41.86046511627907,59.09090909090909,L2,0.0451007262699727,-0.1221802300848302,True,True,False,2023,家用电器,GREEN,STABLE,HEALTHY,OVERREACTION
300164,20230103,L5-B,33.33333333333333,85.71428571428571,L3,0.1064356435643563,0.109544965279127,True,True,True,2023,石油石化,GREEN,TURNING_UP,WARNING,NORMAL_DISCOUNT
300171,20230103,L5-A,8.040201005025125,22.535211267605636,L1,-0.1003483895417044,-0.0775152509563509,False,False,False,2023,医药生物,GREEN,TURNING_UP,HEALTHY,NORMAL_DISCOUNT
300179,20230103,L5-A,26.76056338028169,3.2467532467532463,L1,-0.1875486381322956,-0.3244214024699348,False,False,False,2023,机械设备,GREEN,TURNING_UP,WARNING,NORMAL_DISCOUNT
300217,20230103,L5-A,25.581395348837212,6.8181818181818175,L1,0.0294185906696828,-0.1378623656851201,False,False,False,2023,家用电器,GREEN,STABLE,HEALTHY,OVERREACTION
300224,20230103,L5-B,58.18181818181818,61.016949152542374,L2,0.0093349528457,0.0358207122951377,True,True,False,2023,有色金属,GREEN,TURNING_UP,WARNING,NORMAL_DISCOUNT
300233,20230103,L5-B,7.035175879396985,18.30985915492958,L0,-0.2123363846905467,-0.1895032461051932,False,False,False,2023,医药生物,GREEN,TURNING_UP,HEALTHY,NORMAL_DISCOUNT
300239,20230103,L5-A,23.618090452261303,24.88262910798122,L1,-0.1865505790426359,-0.1637174404572824,False,False,False,2023,医药生物,GREEN,TURNING_UP,HEALTHY,NORMAL_DISCOUNT
300260,20230103,L5-A,1.4084507042253522,64.93506493506493,L2,0.0064028938079385,-0.1304698705297007,True,True,False,2023,机械设备,GREEN,TURNING_UP,WARNING,NORMAL_DISCOUNT
300289,20230103,L5-B,27.1356783919598,36.61971830985916,L0,-0.0442930153321975,-0.021459876746844,False,False,False,2023,医药生物,GREEN,TURNING_UP,HEALTHY,NORMAL_DISCOUNT
300320,20230103,L5-B,52.94117647058824,7.4074074074074066,L0,-0.2484445845387602,-0.1771585556239476,False,False,False,2023,基础化工,GREEN,TURNING_UP,WARNING,NORMAL_DISCOUNT
300337,20230103,L5-A,5.454545454545454,8.47457627118644,L1,-0.1716049382716048,-0.1451191788221671,False,False,False,2023,有色金属,GREEN,TURNING_UP,WARNING,NORMAL_DISCOUNT
300341,20230103,L5-A,58.79396984924623,85.44600938967136,L3,0.3252212389380531,0.3480543775234065,True,True,True,2023,医药生物,GREEN,TURNING_UP,HEALTHY,NORMAL_DISCOUNT
300401,20230103,L5-A,5.025125628140704,13.145539906103288,L1,-0.1916622542003603,-0.1688291156150068,False,False,False,2023,医药生物,GREEN,TURNING_UP,HEALTHY,NORMAL_DISCOUNT
300439,20230103,L5-A,38.19095477386934,39.906103286384976,L0,-0.0450910195749839,-0.0222578809896304,False,False,False,2023,医药生物,GREEN,TURNING_UP,HEALTHY,NORMAL_DISCOUNT
300482,20230103,L5-B,53.266331658291456,32.863849765258216,L0,-0.1416267183690275,-0.118793579783674,False,False,False,2023,医药生物,GREEN,TURNING_UP,HEALTHY,NORMAL_DISCOUNT
300487,20230103,L5-B,36.76470588235294,94.07407407407408,L3,0.3102146392511866,0.3815006681659991,True,True,True,2023,基础化工,GREEN,TURNING_UP,WARNING,NORMAL_DISCOUNT
300519,20230103,L5-A,38.69346733668342,53.52112676056338,L0,0.010035937564415,0.0328690761497684,True,False,False,2023,医药生物,GREEN,TURNING_UP,HEALTHY,NORMAL_DISCOUNT
300586,20230103,L5-B,66.91176470588235,8.148148148148149,L0,-0.091192556776141,-0.0199065278613284,False,False,False,2023,基础化工,GREEN,TURNING_UP,WARNING,NORMAL_DISCOUNT
300653,20230103,L5-B,2.0100502512562812,40.845070422535215,L0,-0.1937253719537801,-0.1708922333684266,False,False,False,2023,医药生物,GREEN,TURNING_UP,HEALTHY,NORMAL_DISCOUNT
300683,20230103,L5-B,21.105527638190953,33.33333333333333,L1,0.058710033076075,0.0815431716614284,False,False,True,2023,医药生物,GREEN,TURNING_UP,HEALTHY,NORMAL_DISCOUNT
300727,20230103,L5-A,16.176470588235293,96.29629629629628,L0,0.0496595915098116,0.1209456204246241,True,False,True,2023,基础化工,GREEN,TURNING_UP,WARNING,NORMAL_DISCOUNT
300761,20230103,L5-B,13.79310344827586,76.66666666666667,L3,0.0199679693653309,0.0496327187149008,True,True,False,2023,农林牧渔,GREEN,TURNING_UP,WARNING,NORMAL_DISCOUNT
300780,20230103,L5-A,47.183098591549296,91.78743961352656,L3,0.2107258109491459,0.0738530466115066,True,True,True,2023,机械设备,GREEN,TURNING_UP,WARNING,NORMAL_DISCOUNT
300801,20230103,L5-A,23.52941176470588,21.48148148148148,L1,-0.2291137428503644,-0.1578277139355518,False,False,False,2023,基础化工,GREEN,TURNING_UP,WARNING,NORMAL_DISCOUNT
300802,20230103,L5-B,49.29577464788733,59.09090909090909,L2,0.231574877517803,0.0947021131801637,True,True,True,2023,机械设备,GREEN,TURNING_UP,WARNING,NORMAL_DISCOUNT
300806,20230103,L5-A,66.17647058823529,42.22222222222222,L2,0.0919300583308606,0.1632160872456731,False,True,True,2023,基础化工,GREEN,TURNING_UP,WARNING,NORMAL_DISCOUNT
300861,20230103,L5-A,8.450704225352112,22.727272727272727,L1,-0.128103277060576,-0.2649760413982152,False,False,False,2023,机械设备,GREEN,TURNING_UP,WARNING,NORMAL_DISCOUNT
300879,20230103,L5-A,31.690140845070424,38.961038961038966,L1,0.0675129832660128,-0.0693597810716264,False,False,False,2023,机械设备,GREEN,TURNING_UP,WARNING,NORMAL_DISCOUNT
300902,20230103,L5-B,14.084507042253522,46.75324675324675,L0,0.2204873009866161,0.0836145366489768,False,False,True,2023,机械设备,GREEN,TURNING_UP,WARNING,NORMAL_DISCOUNT
300911,20230103,L5-A,81.3953488372093,13.636363636363637,L1,-0.180689161967267,-0.3479701183220699,False,False,False,2023,家用电器,GREEN,STABLE,HEALTHY,OVERREACTION
300950,20230103,L5-B,39.436619718309856,59.74025974025974,L2,0.2067594849419762,0.0698867206043369,True,True,True,2023,机械设备,GREEN,TURNING_UP,WARNING,NORMAL_DISCOUNT
300957,20230103,L5-B,9.090909090909092,18.181818181818183,L1,-0.3672014255622781,-0.2794610460125128,False,False,False,2023,美容护理,YELLOW,STABLE,WARNING,OVERREACTION
300962,20230103,L5-A,23.52941176470588,35.0,L1,0.1923411215036909,0.1538284672407892,False,False,True,2023,社会服务,GREEN,TURNING_UP,WARNING,NORMAL_DISCOUNT
301018,20230103,L5-B,5.633802816901409,85.06493506493507,L0,-0.0636541729110776,-0.2005269372487168,True,False,False,2023,机械设备,GREEN,TURNING_UP,WARNING,NORMAL_DISCOUNT
301035,20230103,L5-A,5.147058823529411,84.44444444444444,L3,-0.0816345876825723,-0.0103485587677597,True,True,False,2023,基础化工,GREEN,TURNING_UP,WARNING,NORMAL_DISCOUNT
301071,20230103,L5-A,3.6764705882352944,0.7407407407407408,L0,-0.3369759614237352,-0.2656899325089226,False,False,False,2023,基础化工,GREEN,TURNING_UP,WARNING,NORMAL_DISCOUNT
600085,20230103,L5-A,20.100502512562816,88.73239436619718,L3,0.2220999339643408,0.2449330725496942,True,True,True,2023,医药生物,GREEN,TURNING_UP,HEALTHY,NORMAL_DISCOUNT
600108,20230103,L5-A,34.48275862068966,73.33333333333333,L3,-0.0287539936102236,0.0009107557393463,True,True,False,2023,农林牧渔,GREEN,TURNING_UP,WARNING,NORMAL_DISCOUNT
600230,20230103,L5-B,4.411764705882353,34.81481481481482,L1,-0.1270029673590504,-0.0557169384442378,False,False,False,2023,基础化工,GREEN,TURNING_UP,WARNING,NORMAL_DISCOUNT
600251,20230103,L5-B,17.24137931034483,83.33333333333334,L3,0.0671540702712962,0.0968188196208661,True,True,True,2023,农林牧渔,GREEN,TURNING_UP,WARNING,NORMAL_DISCOUNT
600367,20230103,L5-B,9.558823529411764,4.444444444444445,L0,-0.0019929586011255,0.069293070313687,False,False,True,2023,基础化工,GREEN,TURNING_UP,WARNING,NORMAL_DISCOUNT
600392,20230103,L5-A,25.454545454545453,33.89830508474576,L1,-0.1083505866114561,-0.0818648271620184,False,False,False,2023,有色金属,GREEN,TURNING_UP,WARNING,NORMAL_DISCOUNT
600395,20230103,L5-A,16.666666666666664,44.44444444444444,L2,0.0443786982248521,0.0351830201841762,False,True,False,2023,煤炭,GREEN,TURNING_UP,WARNING,NORMAL_DISCOUNT
600399,20230103,L5-B,10.0,5.263157894736842,L0,-0.2731512325116589,-0.2579755358911936,False,False,False,2023,钢铁,GREEN,TURNING_UP,WARNING,NORMAL_DISCOUNT
600425,20230103,L5-B,57.89473684210527,95.23809523809524,L3,0.2254775504395467,0.2135912811810961,True,True,True,2023,建筑材料,GREEN,TURNING_UP,WARNING,NORMAL_DISCOUNT
600470,20230103,L5-A,33.088235294117645,46.666666666666664,L2,-0.1340872374798061,-0.0628012085649935,False,True,False,2023,基础化工,GREEN,TURNING_UP,WARNING,NORMAL_DISCOUNT
600508,20230103,L5-A,72.22222222222221,55.55555555555556,L2,0.0171467764060357,0.0079510983653598,True,True,False,2023,煤炭,GREEN,TURNING_UP,WARNING,NORMAL_DISCOUNT
600519,20230103,L5-A,1.3888888888888888,51.35135135135135,L2,0.0118826979339541,0.0717162141282446,True,True,True,2023,食品饮料,GREEN,STABLE,HEALTHY,OVERREACTION
600546,20230103,L5-B,27.77777777777778,100.0,L3,0.1672526128504112,0.1580569348097353,True,True,True,2023,煤炭,GREEN,TURNING_UP,WARNING,NORMAL_DISCOUNT
600559,20230103,L5-A,54.166666666666664,87.83783783783784,L3,-0.053004546174846,0.0068289700194445,True,True,False,2023,食品饮料,GREEN,STABLE,HEALTHY,OVERREACTION
600582,20230103,L5-A,66.90140845070422,69.48051948051948,L2,0.1277892194412337,-0.0090835448964055,True,True,False,2023,机械设备,GREEN,TURNING_UP,WARNING,NORMAL_DISCOUNT
600598,20230103,L5-B,37.93103448275862,66.66666666666666,L2,0.007577250502232,0.0372419998518019,True,True,False,2023,农林牧渔,GREEN,TURNING_UP,WARNING,NORMAL_DISCOUNT
600600,20230103,L5-B,11.11111111111111,91.8918918918919,L0,0.0040886184273081,0.0639221346215986,True,False,True,2023,食品饮料,GREEN,STABLE,HEALTHY,OVERREACTION
600784,20230103,L5-A,42.64705882352941,90.37037037037037,L3,0.1594202898550725,0.230706318769885,True,True,True,2023,基础化工,GREEN,TURNING_UP,WARNING,NORMAL_DISCOUNT
600873,20230103,L5-A,55.88235294117647,65.92592592592592,L2,-0.0839595154593616,-0.012673486544549,True,True,False,2023,基础化工,GREEN,TURNING_UP,WARNING,NORMAL_DISCOUNT
600929,20230103,L5-A,43.38235294117647,80.0,L3,0.0268311194949339,0.0981171484097464,True,True,True,2023,基础化工,GREEN,TURNING_UP,WARNING,NORMAL_DISCOUNT
601001,20230103,L5-B,5.555555555555555,11.11111111111111,L1,-0.2019867549668873,-0.2111824330075632,False,False,False,2023,煤炭,GREEN,TURNING_UP,WARNING,NORMAL_DISCOUNT
601088,20230103,L5-A,66.66666666666666,83.33333333333334,L3,0.1124598357729382,0.1032641577322623,True,True,True,2023,煤炭,GREEN,TURNING_UP,WARNING,NORMAL_DISCOUNT
601225,20230103,L5-A,38.88888888888889,66.66666666666666,L2,-0.006423982869379,-0.0156196609100548,True,True,False,2023,煤炭,GREEN,TURNING_UP,WARNING,NORMAL_DISCOUNT
601666,20230103,L5-A,22.22222222222222,5.555555555555555,L0,-0.2103070052650425,-0.2195026833057184,False,False,False,2023,煤炭,GREEN,TURNING_UP,WARNING,NORMAL_DISCOUNT
601677,20230103,L5-A,49.09090909090909,5.084745762711865,L1,-0.1902289469930551,-0.1637431875436173,False,False,False,2023,有色金属,GREEN,TURNING_UP,WARNING,NORMAL_DISCOUNT
601702,20230103,L5-B,12.727272727272728,49.15254237288136,L0,-0.0275750468978239,-0.0010892874483861,False,False,False,2023,有色金属,GREEN,TURNING_UP,WARNING,NORMAL_DISCOUNT
601717,20230103,L5-A,7.746478873239436,77.92207792207793,L3,0.1374396509117073,0.000566886574068,True,True,False,2023,机械设备,GREEN,TURNING_UP,WARNING,NORMAL_DISCOUNT
603067,20230103,L5-B,5.88235294117647,14.814814814814811,L0,-0.0660045717439392,0.0052814571708733,False,False,False,2023,基础化工,GREEN,TURNING_UP,WARNING,NORMAL_DISCOUNT
603086,20230103,L5-A,27.941176470588236,30.37037037037037,L1,-0.2568884956662595,-0.1856024667514469,False,False,False,2023,基础化工,GREEN,TURNING_UP,WARNING,NORMAL_DISCOUNT
603088,20230103,L5-A,15.492957746478872,25.32467532467532,L1,0.1569623966184437,0.0200896322808044,False,False,False,2023,机械设备,GREEN,TURNING_UP,WARNING,NORMAL_DISCOUNT
603115,20230103,L5-A,29.09090909090909,40.67796610169492,L2,-0.0292106898694841,-0.0027249304200463,False,True,False,2023,有色金属,GREEN,TURNING_UP,WARNING,NORMAL_DISCOUNT
603169,20230103,L5-A,36.61971830985916,79.87012987012987,L3,0.2009345794392523,0.064061815101613,True,True,True,2023,机械设备,GREEN,TURNING_UP,WARNING,NORMAL_DISCOUNT
603214,20230103,L5-A,9.090909090909092,32.0,L1,-0.1037578472568657,-0.2673639311487653,False,False,False,2023,商贸零售,GREEN,TURNING_UP,WARNING,NORMAL_DISCOUNT
603217,20230103,L5-A,84.55882352941177,31.851851851851855,L1,-0.1839699882912507,-0.1126839593764381,False,False,False,2023,基础化工,GREEN,TURNING_UP,WARNING,NORMAL_DISCOUNT
603229,20230103,L5-B,15.07537688442211,14.084507042253522,L1,-0.1341513292433537,-0.1113181906580002,False,False,False,2023,医药生物,GREEN,TURNING_UP,HEALTHY,NORMAL_DISCOUNT
603299,20230103,L5-A,50.0,57.77777777777777,L0,0.0222167778202102,0.0935028067350227,True,False,True,2023,基础化工,GREEN,TURNING_UP,WARNING,NORMAL_DISCOUNT
603309,20230103,L5-A,22.110552763819097,18.779342723004692,L1,-0.2361969170586086,-0.2133637784732551,False,False,False,2023,医药生物,GREEN,TURNING_UP,HEALTHY,NORMAL_DISCOUNT
603317,20230103,L5-A,22.22222222222222,27.027027027027028,L1,-0.2340806169722862,-0.1742471007779956,False,False,False,2023,食品饮料,GREEN,STABLE,HEALTHY,OVERREACTION
603339,20230103,L5-A,38.732394366197184,82.46753246753246,L3,0.2812420702316029,0.1443693058939636,True,True,True,2023,机械设备,GREEN,TURNING_UP,WARNING,NORMAL_DISCOUNT
603527,20230103,L5-A,36.36363636363637,16.94915254237288,L0,-0.1396491228070175,-0.1131633633575797,False,False,False,2023,有色金属,GREEN,TURNING_UP,WARNING,NORMAL_DISCOUNT
603538,20230103,L5-A,50.753768844221106,14.553990610328638,L1,-0.2895281397656916,-0.2666950011803381,False,False,False,2023,医药生物,GREEN,TURNING_UP,HEALTHY,NORMAL_DISCOUNT
603605,20230103,L5-A,18.181818181818183,81.81818181818183,L3,-0.0381250258671069,0.0496153536826583,True,True,False,2023,美容护理,YELLOW,STABLE,WARNING,OVERREACTION
603613,20230103,L5-A,4.545454545454546,4.0,L1,-0.386828022462595,-0.5504341063544946,False,False,False,2023,商贸零售,GREEN,TURNING_UP,WARNING,NORMAL_DISCOUNT
603619,20230103,L5-A,8.333333333333332,64.28571428571429,L2,-0.038195788675759,-0.0350864669609882,True,True,False,2023,石油石化,GREEN,TURNING_UP,WARNING,NORMAL_DISCOUNT
603663,20230103,L5-B,45.588235294117645,71.11111111111111,L0,0.1458015267175572,0.2170875556323697,True,False,True,2023,基础化工,GREEN,TURNING_UP,WARNING,NORMAL_DISCOUNT
603667,20230103,L5-B,28.87323943661972,8.441558441558442,L1,0.0777912394797049,-0.0590815248579343,False,False,False,2023,机械设备,GREEN,TURNING_UP,WARNING,NORMAL_DISCOUNT
603681,20230103,L5-A,63.23529411764706,2.2222222222222223,L1,-0.3410073289267478,-0.2697213000119352,False,False,False,2023,基础化工,GREEN,TURNING_UP,WARNING,NORMAL_DISCOUNT
603757,20230103,L5-A,3.5211267605633805,91.55844155844156,L3,0.4560272529116203,0.319154488573981,True,True,True,2023,机械设备,GREEN,TURNING_UP,WARNING,NORMAL_DISCOUNT
603868,20230103,L5-A,11.627906976744184,79.54545454545455,L3,-0.0302817770080047,-0.1975627333628076,True,True,False,2023,家用电器,GREEN,STABLE,HEALTHY,OVERREACTION
603908,20230103,L5-A,4.166666666666666,23.333333333333332,L1,-0.2185667752442995,-0.2904344908040481,False,False,False,2023,纺织服饰,GREEN,TURNING_UP,WARNING,NORMAL_DISCOUNT
603938,20230103,L5-A,30.14705882352941,22.22222222222222,L1,-0.2159194163235406,-0.144633387408728,False,False,False,2023,基础化工,GREEN,TURNING_UP,WARNING,NORMAL_DISCOUNT
605006,20230103,L5-B,15.789473684210526,33.33333333333333,L0,-0.0492451288016021,-0.0611313980600527,False,False,False,2023,建筑材料,GREEN,TURNING_UP,WARNING,NORMAL_DISCOUNT
605116,20230103,L5-A,40.20100502512563,53.051643192488264,L2,-0.0299985571613682,-0.0071654185760147,True,True,False,2023,医药生物,GREEN,TURNING_UP,HEALTHY,NORMAL_DISCOUNT
605166,20230103,L5-B,20.588235294117645,40.0,L0,-0.2104354025368562,-0.1391493736220436,False,False,False,2023,基础化工,GREEN,TURNING_UP,WARNING,NORMAL_DISCOUNT
605366,20230103,L5-B,12.5,45.18518518518518,L2,-0.1177873046574907,-0.0465012757426781,False,True,False,2023,基础化工,GREEN,TURNING_UP,WARNING,NORMAL_DISCOUNT
605399,20230103,L5-A,32.35294117647059,3.7037037037037033,L0,-0.2918001811775021,-0.2205141522626895,False,False,False,2023,基础化工,GREEN,TURNING_UP,WARNING,NORMAL_DISCOUNT
605507,20230103,L5-A,34.17085427135678,10.328638497652582,L1,-0.1929864905831773,-0.1701533519978238,False,False,False,2023,医药生物,GREEN,TURNING_UP,HEALTHY,NORMAL_DISCOUNT
688017,20230103,L5-A,2.112676056338028,29.87012987012987,L1,0.443538777672275,0.3066660133346358,False,False,True,2023,机械设备,GREEN,TURNING_UP,WARNING,NORMAL_DISCOUNT
688329,20230103,L5-B,42.25352112676056,29.22077922077922,L1,-0.1622374831658615,-0.2991102475035007,False,False,False,2023,机械设备,GREEN,TURNING_UP,WARNING,NORMAL_DISCOUNT
688356,20230103,L5-B,8.542713567839195,0.9389671361502347,L1,-0.3261438525412118,-0.3033107139558583,False,False,False,2023,医药生物,GREEN,TURNING_UP,HEALTHY,NORMAL_DISCOUNT
688399,20230103,L5-B,3.5175879396984926,1.4084507042253522,L1,-0.35636447948064,-0.3335313408952865,False,False,False,2023,医药生物,GREEN,TURNING_UP,HEALTHY,NORMAL_DISCOUNT
688575,20230103,L5-A,61.30653266331658,30.046948356807512,L1,-0.0228822579403304,-4.911935497694739e-05,False,False,False,2023,医药生物,GREEN,TURNING_UP,HEALTHY,NORMAL_DISCOUNT
688686,20230103,L5-B,6.338028169014084,54.54545454545454,L2,0.147070362563199,0.0101975982255597,True,True,False,2023,机械设备,GREEN,TURNING_UP,WARNING,NORMAL_DISCOUNT
688690,20230103,L5-A,1.507537688442211,1.8779342723004695,L1,-0.241536188235255,-0.2187030496499015,False,False,False,2023,医药生物,GREEN,TURNING_UP,HEALTHY,NORMAL_DISCOUNT
688722,20230103,L5-A,61.76470588235294,55.55555555555556,L2,-0.0378947368421054,0.0333912920727071,True,True,False,2023,基础化工,GREEN,TURNING_UP,WARNING,NORMAL_DISCOUNT
000153,20230504,L5-B,52.58215962441315,54.385964912280706,L2,-0.0035157768575491,0.0747696337095929,True,True,True,2023,医药生物,GREEN,STABLE,HEALTHY,OVERREACTION
000419,20230504,L5-B,28.000000000000004,76.08695652173914,L3,0.0190518651536903,0.0986932287962537,True,True,True,2023,商贸零售,YELLOW,STABLE,WARNING,OVERREACTION
000597,20230504,L5-A,38.497652582159624,67.10526315789474,L2,-0.0630960512875867,0.0151893592795553,True,True,False,2023,医药生物,GREEN,STABLE,HEALTHY,OVERREACTION
000657,20230504,L5-A,22.033898305084744,43.75,L2,-0.0501477145854826,0.0056540832583434,False,True,False,2023,有色金属,YELLOW,STABLE,WARNING,OVERREACTION
000716,20230504,L5-B,16.216216216216218,51.24999999999999,L0,-0.131761442441054,-0.0567469633317439,True,False,False,2023,食品饮料,GREEN,STABLE,HEALTHY,OVERREACTION
000756,20230504,L5-B,45.07042253521127,63.31658291457286,L2,-0.1846637538870703,-0.1063783433199282,True,True,False,2023,医药生物,GREEN,STABLE,HEALTHY,OVERREACTION
000831,20230504,L5-B,20.33898305084746,15.625,L0,-0.0494062897480512,0.0063955080957748,False,False,False,2023,有色金属,YELLOW,STABLE,WARNING,OVERREACTION
000963,20230504,L5-A,23.004694835680752,60.08771929824561,L2,0.0148749854001621,0.0931603959673041,True,True,True,2023,医药生物,GREEN,STABLE,HEALTHY,OVERREACTION
001219,20230504,L5-B,35.13513513513514,57.49999999999999,L2,0.082969877420711,0.157984356530021,True,True,True,2023,食品饮料,GREEN,STABLE,HEALTHY,OVERREACTION
002003,20230504,L5-A,16.666666666666664,84.0909090909091,L3,0.1557981329789735,0.1838613655099617,True,True,True,2023,纺织服饰,YELLOW,STABLE,WARNING,OVERREACTION
002006,20230504,L5-A,1.948051948051948,4.830917874396135,L1,-0.2054924334938488,-0.1790311013918335,False,False,False,2023,机械设备,YELLOW,STABLE,WARNING,OVERREACTION
002011,20230504,L5-A,29.545454545454547,20.40816326530612,L1,-0.1596696490020646,-0.1608871052696733,False,False,False,2023,家用电器,GREEN,STABLE,HEALTHY,OVERREACTION
002050,20230504,L5-B,45.45454545454545,93.87755102040816,L3,0.1385248048897527,0.1373073486221439,True,True,True,2023,家用电器,GREEN,STABLE,HEALTHY,OVERREACTION
002057,20230504,L5-A,5.0,30.76923076923077,L1,-0.0954524264112929,-0.0192143492263845,False,False,False,2023,社会服务,YELLOW,STABLE,WARNING,OVERREACTION
002088,20230504,L5-A,38.095238095238095,9.375,L1,-0.1963072371961425,-0.1222340165205261,False,False,False,2023,建筑材料,YELLOW,STABLE,WARNING,OVERREACTION
002158,20230504,L5-A,43.506493506493506,83.57487922705315,L3,-0.0067014792053358,0.0197598528966794,True,True,False,2023,机械设备,YELLOW,STABLE,WARNING,OVERREACTION
002216,20230504,L5-B,45.94594594594595,38.75,L1,-0.1049721011357246,-0.0299576220264145,False,False,False,2023,食品饮料,GREEN,STABLE,HEALTHY,OVERREACTION
002317,20230504,L5-A,34.74178403755869,9.547738693467336,L1,-0.1360358170051604,-0.0577504064380183,False,False,False,2023,医药生物,GREEN,STABLE,HEALTHY,OVERREACTION
002318,20230504,L5-A,63.1578947368421,87.5,L3,0.3092447916666667,0.3153269548940989,True,True,True,2023,钢铁,GREEN,TURNING_UP,WARNING,NORMAL_DISCOUNT
002334,20230504,L5-B,62.33766233766234,6.763285024154589,L1,-0.2806300886959458,-0.2541687565939305,False,False,False,2023,机械设备,YELLOW,STABLE,WARNING,OVERREACTION
002337,20230504,L5-B,50.64935064935064,68.59903381642512,L2,0.174081237911025,0.2005425700130402,True,True,True,2023,机械设备,YELLOW,STABLE,WARNING,OVERREACTION
002349,20230504,L5-A,25.821596244131456,71.05263157894737,L3,-0.1527632646750155,-0.0744778541078734,True,True,False,2023,医药生物,GREEN,STABLE,HEALTHY,OVERREACTION
002404,20230504,L5-A,40.0,45.45454545454545,L2,-0.034375,-0.0063117674690117,False,True,False,2023,纺织服饰,YELLOW,STABLE,WARNING,OVERREACTION
002497,20230504,L5-B,8.88888888888889,11.363636363636363,L0,-0.2382474219973339,-0.1710402203270824,False,False,False,2023,基础化工,GREEN,TURNING_UP,WARNING,NORMAL_DISCOUNT
002507,20230504,L5-A,50.0,20.0,L1,-0.2041777468383575,-0.1291632677290474,False,False,False,2023,食品饮料,GREEN,STABLE,HEALTHY,OVERREACTION
002545,20230504,L5-B,48.888888888888886,50.0,L2,-0.0695118633778586,-0.0023046617076071,True,True,False,2023,基础化工,GREEN,TURNING_UP,WARNING,NORMAL_DISCOUNT
002570,20230504,L5-B,20.27027027027027,71.25,L3,-0.0495495495495497,0.0254649295597603,True,True,False,2023,食品饮料,GREEN,STABLE,HEALTHY,OVERREACTION
002603,20230504,L5-A,66.66666666666666,25.877192982456144,L1,-0.3139384429199312,-0.2356530323527892,False,False,False,2023,医药生物,GREEN,STABLE,HEALTHY,OVERREACTION
002685,20230504,L5-B,37.01298701298701,21.73913043478261,L1,-0.0425531914893616,-0.0160918593873463,False,False,False,2023,机械设备,YELLOW,STABLE,WARNING,OVERREACTION
002728,20230504,L5-A,77.93427230046949,62.71929824561403,L2,0.0209936261217578,0.0992790366888998,True,True,True,2023,医药生物,GREEN,STABLE,HEALTHY,OVERREACTION
002756,20230504,L5-A,23.728813559322035,3.125,L1,-0.2001920117453028,-0.1443902139014767,False,False,False,2023,有色金属,YELLOW,STABLE,WARNING,OVERREACTION
002758,20230504,L5-A,28.88888888888889,28.030303030303028,L1,-0.1202994546769946,-0.0530922530067431,False,False,False,2023,基础化工,GREEN,TURNING_UP,WARNING,NORMAL_DISCOUNT
002843,20230504,L5-A,3.896103896103896,9.178743961352655,L1,0.4876998769987701,0.5141612091007853,False,False,True,2023,机械设备,YELLOW,STABLE,WARNING,OVERREACTION
002895,20230504,L5-B,11.851851851851851,4.545454545454546,L1,-0.1259974978872194,-0.0587902962169679,False,False,False,2023,基础化工,GREEN,TURNING_UP,WARNING,NORMAL_DISCOUNT
002896,20230504,L5-A,14.935064935064934,97.58454106280192,L3,0.6063649837434479,0.6328263158454632,True,True,True,2023,机械设备,YELLOW,STABLE,WARNING,OVERREACTION
002907,20230504,L5-B,9.859154929577464,92.98245614035088,L3,0.0136785438597628,0.0919639544269048,True,True,True,2023,医药生物,GREEN,STABLE,HEALTHY,OVERREACTION
002910,20230504,L5-B,29.72972972972973,50.0,L0,-0.0601131730317661,0.0149013060775439,True,False,False,2023,食品饮料,GREEN,STABLE,HEALTHY,OVERREACTION
002917,20230504,L5-B,17.037037037037038,17.424242424242426,L1,-0.064790351043427,0.0024168506268244,False,False,False,2023,基础化工,GREEN,TURNING_UP,WARNING,NORMAL_DISCOUNT
002957,20230504,L5-A,19.480519480519483,26.08695652173913,L1,0.062509447122721,0.0889707792247362,False,False,True,2023,机械设备,YELLOW,STABLE,WARNING,OVERREACTION
002979,20230504,L5-B,4.545454545454546,39.130434782608695,L1,-0.136121349439926,-0.1096600173379107,False,False,False,2023,机械设备,YELLOW,STABLE,WARNING,OVERREACTION
002996,20230504,L5-A,30.508474576271187,35.9375,L0,-0.0379102205459906,0.0178915772978354,False,False,False,2023,有色金属,YELLOW,STABLE,WARNING,OVERREACTION
300135,20230504,L5-A,14.285714285714285,26.666666666666668,L1,0.4750957854406132,0.4106864738762006,False,False,True,2023,石油石化,YELLOW,STABLE,WARNING,OVERREACTION
300179,20230504,L5-A,3.2467532467532463,23.18840579710145,L1,-0.0939112487100103,-0.067449916607995,False,False,False,2023,机械设备,YELLOW,STABLE,WARNING,OVERREACTION
300217,20230504,L5-A,6.8181818181818175,40.81632653061224,L2,0.0196993459971368,0.018481889729528,False,True,False,2023,家用电器,GREEN,STABLE,HEALTHY,OVERREACTION
300239,20230504,L5-A,24.88262910798122,69.73684210526315,L2,0.0153349156819224,0.0936203262490644,True,True,True,2023,医药生物,GREEN,STABLE,HEALTHY,OVERREACTION
300247,20230504,L5-B,52.27272727272727,42.857142857142854,L2,0.011049723756906,0.0098322674892972,False,True,False,2023,家用电器,GREEN,STABLE,HEALTHY,OVERREACTION
300260,20230504,L5-A,64.93506493506493,27.536231884057973,L1,-0.107799960641559,-0.0813386285395437,False,False,False,2023,机械设备,YELLOW,STABLE,WARNING,OVERREACTION
300337,20230504,L5-A,8.47457627118644,20.3125,L1,0.2842415316642119,0.340043329508038,False,False,True,2023,有色金属,YELLOW,STABLE,WARNING,OVERREACTION
300402,20230504,L5-A,26.623376623376625,42.028985507246375,L2,-0.0873876023672018,-0.0609262702651865,False,True,False,2023,机械设备,YELLOW,STABLE,WARNING,OVERREACTION
300452,20230504,L5-A,49.29577464788733,14.473684210526317,L1,-0.1617036686984591,-0.083418258131317,False,False,False,2023,医药生物,GREEN,STABLE,HEALTHY,OVERREACTION
300636,20230504,L5-B,23.474178403755868,29.82456140350877,L1,-0.1570566643824972,-0.0787712538153552,False,False,False,2023,医药生物,GREEN,STABLE,HEALTHY,OVERREACTION
300662,20230504,L5-B,10.0,51.28205128205128,L2,-0.2088533711390553,-0.132615293954147,True,True,False,2023,社会服务,YELLOW,STABLE,WARNING,OVERREACTION
300748,20230504,L5-B,38.983050847457626,53.125,L2,-0.0179489972222237,0.0378528006216023,True,True,False,2023,有色金属,YELLOW,STABLE,WARNING,OVERREACTION
300809,20230504,L5-B,32.467532467532465,60.38647342995169,L0,0.2151665857635907,0.2416279178656059,True,False,True,2023,机械设备,YELLOW,STABLE,WARNING,OVERREACTION
300813,20230504,L5-B,18.83116883116883,25.120772946859905,L0,-0.1373878719259723,-0.110926539823957,False,False,False,2023,机械设备,YELLOW,STABLE,WARNING,OVERREACTION
300832,20230504,L5-A,27.230046948356808,86.8421052631579,L3,0.2528020198769467,0.3310874304440887,True,True,True,2023,医药生物,GREEN,STABLE,HEALTHY,OVERREACTION
300869,20230504,L5-A,42.72300469483568,41.22807017543859,L2,-0.1463084085827031,-0.0680229980155611,False,True,False,2023,医药生物,GREEN,STABLE,HEALTHY,OVERREACTION
300878,20230504,L5-B,51.173708920187785,73.86934673366834,L3,-0.00939158840343,0.068893822163712,True,True,True,2023,医药生物,GREEN,STABLE,HEALTHY,OVERREACTION
300898,20230504,L5-B,39.189189189189186,93.75,L0,0.0954464570450073,0.1704609361543173,True,False,True,2023,食品饮料,GREEN,STABLE,HEALTHY,OVERREACTION
300910,20230504,L5-B,41.48148148148148,8.333333333333332,L1,-0.1997550252139243,-0.1325478235436728,False,False,False,2023,基础化工,GREEN,TURNING_UP,WARNING,NORMAL_DISCOUNT
300945,20230504,L5-A,43.333333333333336,50.0,L2,0.0383031111848486,0.0663663437158368,True,True,True,2023,纺织服饰,YELLOW,STABLE,WARNING,OVERREACTION
300950,20230504,L5-A,59.74025974025974,26.570048309178745,L1,-0.1027594483168905,-0.0762981162148752,False,False,False,2023,机械设备,YELLOW,STABLE,WARNING,OVERREACTION
300957,20230504,L5-A,18.181818181818183,100.0,L3,-0.3118379434120398,-0.1604176062475827,True,True,False,2023,美容护理,YELLOW,STABLE,WARNING,OVERREACTION
301029,20230504,L5-A,17.532467532467532,14.975845410628018,L1,-0.3576149057168484,-0.3311535736148331,False,False,False,2023,机械设备,YELLOW,STABLE,WARNING,OVERREACTION
301073,20230504,L5-B,25.0,48.717948717948715,L2,-0.3129203932375848,-0.2366823160526765,False,True,False,2023,社会服务,YELLOW,STABLE,WARNING,OVERREACTION
600230,20230504,L5-B,34.81481481481482,58.333333333333336,L2,-0.0887088438155178,-0.0215016421452663,True,True,False,2023,基础化工,GREEN,TURNING_UP,WARNING,NORMAL_DISCOUNT
600378,20230504,L5-A,45.92592592592592,28.78787878787879,L1,-0.1762491078002822,-0.1090419061300307,False,False,False,2023,基础化工,GREEN,TURNING_UP,WARNING,NORMAL_DISCOUNT
600399,20230504,L5-B,5.263157894736842,79.16666666666666,L0,-0.1276794035414725,-0.1215972403140402,True,False,False,2023,钢铁,GREEN,TURNING_UP,WARNING,NORMAL_DISCOUNT
600400,20230504,L5-B,13.333333333333334,36.36363636363637,L1,-0.159567514520368,-0.1315042819893797,False,False,False,2023,纺织服饰,YELLOW,STABLE,WARNING,OVERREACTION
600508,20230504,L5-B,55.55555555555556,33.33333333333333,L0,-0.0555996762940359,-0.0636510348781232,False,False,False,2023,煤炭,YELLOW,STABLE,WARNING,OVERREACTION
600586,20230504,L5-B,9.523809523809524,28.125,L0,-0.14741908614254,-0.0733458654669236,False,False,False,2023,建筑材料,YELLOW,STABLE,WARNING,OVERREACTION
600613,20230504,L5-A,27.699530516431924,96.9298245614035,L3,0.0508385330726453,0.1291239436397873,True,True,True,2023,医药生物,GREEN,STABLE,HEALTHY,OVERREACTION
600738,20230504,L5-B,12.0,86.95652173913044,L0,-0.0355871886120995,0.0440541750304639,True,False,False,2023,商贸零售,YELLOW,STABLE,WARNING,OVERREACTION
600779,20230504,L5-A,5.405405405405405,87.5,L3,-0.0084913354173652,0.0665231436919448,True,True,True,2023,食品饮料,GREEN,STABLE,HEALTHY,OVERREACTION
600988,20230504,L5-B,32.20338983050847,32.8125,L1,-0.1441176470588234,-0.0883158492149973,False,False,False,2023,有色金属,YELLOW,STABLE,WARNING,OVERREACTION
601702,20230504,L5-B,49.15254237288136,98.4375,L3,0.2496282510274656,0.3054300488712917,True,True,True,2023,有色金属,YELLOW,STABLE,WARNING,OVERREACTION
601888,20230504,L5-B,8.0,34.78260869565217,L0,-0.3835885166296823,-0.3039471529871188,False,False,False,2023,商贸零售,YELLOW,STABLE,WARNING,OVERREACTION
601958,20230504,L5-B,11.864406779661016,50.0,L2,-0.0882419895447308,-0.0324401917009047,True,True,False,2023,有色金属,YELLOW,STABLE,WARNING,OVERREACTION
603025,20230504,L5-A,13.636363636363637,94.68599033816425,L3,0.00314298215126,0.0296043142532752,True,True,False,2023,机械设备,YELLOW,STABLE,WARNING,OVERREACTION
603067,20230504,L5-B,14.814814814814811,20.454545454545457,L0,-0.1082096815369926,-0.0410024798667411,False,False,False,2023,基础化工,GREEN,TURNING_UP,WARNING,NORMAL_DISCOUNT
603088,20230504,L5-A,25.32467532467532,91.30434782608695,L3,0.0380186614960056,0.0644799935980208,True,True,True,2023,机械设备,YELLOW,STABLE,WARNING,OVERREACTION
603115,20230504,L5-A,40.67796610169492,37.5,L0,0.0325277094378264,0.0883295072816525,False,False,True,2023,有色金属,YELLOW,STABLE,WARNING,OVERREACTION
603198,20230504,L5-A,55.4054054054054,100.0,L3,0.2471208982674251,0.3221353773767351,True,True,True,2023,食品饮料,GREEN,STABLE,HEALTHY,OVERREACTION
603214,20230504,L5-A,32.0,41.30434782608695,L2,-0.1125975600847227,-0.0329561964421592,False,True,False,2023,商贸零售,YELLOW,STABLE,WARNING,OVERREACTION
603217,20230504,L5-A,31.851851851851855,12.12121212121212,L0,-0.1865350013697665,-0.119327799699515,False,False,False,2023,基础化工,GREEN,TURNING_UP,WARNING,NORMAL_DISCOUNT
603229,20230504,L5-A,14.084507042253522,31.57894736842105,L1,-0.1005845149506413,-0.0222991043834992,False,False,False,2023,医药生物,GREEN,STABLE,HEALTHY,OVERREACTION
603259,20230504,L5-A,2.3474178403755865,97.80701754385966,L3,0.2795593952011326,0.3578448057682746,True,True,True,2023,医药生物,GREEN,STABLE,HEALTHY,OVERREACTION
603279,20230504,L5-B,49.35064935064935,55.55555555555556,L2,-0.1676588504722264,-0.1411975183702111,True,True,False,2023,机械设备,YELLOW,STABLE,WARNING,OVERREACTION
603309,20230504,L5-A,18.779342723004692,3.508771929824561,L1,-0.2285421443330505,-0.1502567337659084,False,False,False,2023,医药生物,GREEN,STABLE,HEALTHY,OVERREACTION
603317,20230504,L5-A,27.027027027027028,21.25,L1,-0.1392773892773893,-0.0642629101680792,False,False,False,2023,食品饮料,GREEN,STABLE,HEALTHY,OVERREACTION
603456,20230504,L5-A,3.286384976525822,72.36842105263158,L3,-0.0905677963059138,-0.0122823857387717,True,True,False,2023,医药生物,GREEN,STABLE,HEALTHY,OVERREACTION
603486,20230504,L5-B,4.545454545454546,6.122448979591836,L1,-0.3864869438950474,-0.3877044001626561,False,False,False,2023,家用电器,GREEN,STABLE,HEALTHY,OVERREACTION
603538,20230504,L5-A,14.553990610328638,33.771929824561404,L1,-0.0070922006313053,0.0711932099358367,False,False,True,2023,医药生物,GREEN,STABLE,HEALTHY,OVERREACTION
603613,20230504,L5-A,4.0,52.17391304347826,L2,-0.0395011720682723,0.0401401915742911,True,True,False,2023,商贸零售,YELLOW,STABLE,WARNING,OVERREACTION
603619,20230504,L5-A,64.28571428571429,93.33333333333331,L3,0.1591250660835363,0.0947157545191237,True,True,True,2023,石油石化,YELLOW,STABLE,WARNING,OVERREACTION
603667,20230504,L5-B,8.441558441558442,98.06763285024157,L3,0.4353964216106125,0.4618577537126277,True,True,True,2023,机械设备,YELLOW,STABLE,WARNING,OVERREACTION
603688,20230504,L5-A,62.96296296296296,16.666666666666664,L1,-0.1857020315624469,-0.1184948298921954,False,False,False,2023,基础化工,GREEN,TURNING_UP,WARNING,NORMAL_DISCOUNT
603810,20230504,L5-B,20.74074074074074,33.33333333333333,L0,-0.0791303242110086,-0.0119231225407571,False,False,False,2023,基础化工,GREEN,TURNING_UP,WARNING,NORMAL_DISCOUNT
603908,20230504,L5-A,23.333333333333332,31.818181818181817,L1,-0.2077583180924335,-0.1796950855614452,False,False,False,2023,纺织服饰,YELLOW,STABLE,WARNING,OVERREACTION
603938,20230504,L5-A,22.22222222222222,32.57575757575758,L0,-0.2072588566577516,-0.1400516549875001,False,False,False,2023,基础化工,GREEN,TURNING_UP,WARNING,NORMAL_DISCOUNT
603969,20230504,L5-B,37.66233766233766,72.46376811594203,L3,0.1414412039147095,0.1679025360167247,True,True,True,2023,机械设备,YELLOW,STABLE,WARNING,OVERREACTION
605188,20230504,L5-A,20.0,95.65217391304348,L3,0.2826652593671257,0.3623066230096892,True,True,True,2023,商贸零售,YELLOW,STABLE,WARNING,OVERREACTION
605338,20230504,L5-A,22.972972972972975,35.0,L1,-0.0954161227415415,-0.0204016436322314,False,False,False,2023,食品饮料,GREEN,STABLE,HEALTHY,OVERREACTION
605366,20230504,L5-B,45.18518518518518,5.303030303030303,L0,-0.1037844772639215,-0.03657727559367,False,False,False,2023,基础化工,GREEN,TURNING_UP,WARNING,NORMAL_DISCOUNT
605507,20230504,L5-A,10.328638497652582,49.56140350877193,L2,-0.1191742773636584,-0.0408888667965163,False,True,False,2023,医药生物,GREEN,STABLE,HEALTHY,OVERREACTION
605567,20230504,L5-B,36.48648648648648,37.5,L1,-0.0596271186089092,0.0153873605004008,False,False,False,2023,食品饮料,GREEN,STABLE,HEALTHY,OVERREACTION
688016,20230504,L5-B,7.981220657276995,90.35087719298248,L3,0.1333480244841205,0.2116334350512625,True,True,True,2023,医药生物,GREEN,STABLE,HEALTHY,OVERREACTION
688017,20230504,L5-A,29.87012987012987,14.009661835748794,L0,0.0430051204970769,0.0694664525990921,False,False,True,2023,机械设备,YELLOW,STABLE,WARNING,OVERREACTION
688190,20230504,L5-A,27.11864406779661,95.3125,L3,-0.1446919991992008,-0.0888902013553747,True,True,False,2023,有色金属,YELLOW,STABLE,WARNING,OVERREACTION
688363,20230504,L5-A,9.090909090909092,85.71428571428571,L3,-0.2064271228714174,-0.0550067857069603,True,True,False,2023,美容护理,YELLOW,STABLE,WARNING,OVERREACTION
688575,20230504,L5-A,30.046948356807512,56.57894736842105,L2,0.2876421485103619,0.3659275590775039,True,True,True,2023,医药生物,GREEN,STABLE,HEALTHY,OVERREACTION
688677,20230504,L5-A,11.267605633802818,38.59649122807017,L1,-0.1235596509181712,-0.0452742403510291,False,False,False,2023,医药生物,GREEN,STABLE,HEALTHY,OVERREACTION
688700,20230504,L5-B,0.6493506493506493,4.3478260869565215,L1,-0.0587035164132156,-0.0322421843112003,False,False,False,2023,机械设备,YELLOW,STABLE,WARNING,OVERREACTION
688722,20230504,L5-A,55.55555555555556,24.24242424242424,L1,-0.2085364887677345,-0.141329287097483,False,False,False,2023,基础化工,GREEN,TURNING_UP,WARNING,NORMAL_DISCOUNT
000026,20230901,L5-B,27.27272727272727,33.33333333333333,L1,-0.170249355116079,-0.0551884781696925,False,False,False,2023,纺织服饰,YELLOW,STABLE,WARNING,OVERREACTION
000420,20230901,L5-B,25.75757575757576,91.0958904109589,L3,-0.1503067484662575,0.019721147110124,True,True,False,2023,基础化工,GREEN,TURNING_UP,WARNING,NORMAL_DISCOUNT
000425,20230901,L5-B,54.589371980676326,12.195121951219512,L1,-0.0436817472698907,0.0769563166234951,False,False,True,2023,机械设备,YELLOW,STABLE,WARNING,OVERREACTION
000516,20230901,L5-B,32.89473684210527,8.755760368663594,L1,-0.1592356687898088,-0.0665426477650212,False,False,False,2023,医药生物,GREEN,STABLE,HEALTHY,OVERREACTION
000521,20230901,L5-B,10.20408163265306,27.659574468085108,L1,0.4318181818181819,0.5023447045574796,False,False,True,2023,家用电器,GREEN,STABLE,HEALTHY,OVERREACTION
000534,20230901,L5-B,18.859649122807017,56.28140703517588,L2,-0.1513554216867471,-0.0586624006619595,True,True,False,2023,医药生物,GREEN,STABLE,HEALTHY,OVERREACTION
000715,20230901,L5-A,47.82608695652174,67.56756756756756,L2,-0.2199017199017199,-0.0608727569155319,True,True,False,2023,商贸零售,YELLOW,STABLE,WARNING,OVERREACTION
000716,20230901,L5-B,51.24999999999999,33.33333333333333,L1,-0.3084370677731672,-0.1249687662924748,False,False,False,2023,食品饮料,GREEN,STABLE,HEALTHY,OVERREACTION
000729,20230901,L5-A,12.5,24.24242424242424,L1,-0.1653846153846154,0.0180836860960769,False,False,False,2023,食品饮料,GREEN,STABLE,HEALTHY,OVERREACTION
000739,20230901,L5-A,64.91228070175438,9.045226130653267,L1,-0.2012542759407068,-0.1085612549159192,False,False,False,2023,医药生物,GREEN,STABLE,HEALTHY,OVERREACTION
000915,20230901,L5-B,28.07017543859649,17.08542713567839,L0,-0.0179067613460944,0.0747862596786931,False,False,True,2023,医药生物,GREEN,STABLE,HEALTHY,OVERREACTION
000989,20230901,L5-B,21.929824561403507,12.060301507537687,L1,-0.1853881278538813,-0.0926951068290937,False,False,False,2023,医药生物,GREEN,STABLE,HEALTHY,OVERREACTION
001212,20230901,L5-B,18.75,72.0,L3,0.1764940239043826,0.3400987475584894,True,True,True,2023,建筑材料,YELLOW,STABLE,WARNING,OVERREACTION
001219,20230901,L5-A,57.49999999999999,100.0,L3,-0.1096418732782369,0.0738264282024555,True,True,True,2023,食品饮料,GREEN,STABLE,HEALTHY,OVERREACTION
002006,20230901,L5-B,4.830917874396135,21.341463414634145,L1,-0.2873432155074117,-0.1667051516140258,False,False,False,2023,机械设备,YELLOW,STABLE,WARNING,OVERREACTION
002008,20230901,L5-B,17.874396135265698,22.5609756097561,L0,-0.0935123042505593,0.0271257596428265,False,False,False,2023,机械设备,YELLOW,STABLE,WARNING,OVERREACTION
002020,20230901,L5-B,15.789473684210526,65.32663316582915,L2,-0.0270270270270269,0.0656659939977606,True,True,True,2023,医药生物,GREEN,STABLE,HEALTHY,OVERREACTION
002033,20230901,L5-A,43.58974358974359,24.0,L1,-0.0978809283551968,0.0972892869530425,False,False,True,2023,社会服务,YELLOW,STABLE,WARNING,OVERREACTION
002038,20230901,L5-A,52.19298245614035,4.522613065326634,L1,0.0200445434298441,0.1127375644546316,False,False,True,2023,医药生物,GREEN,STABLE,HEALTHY,OVERREACTION
002066,20230901,L5-B,46.875,76.19047619047619,L3,-0.2321428571428571,-0.0685381334887502,True,True,False,2023,建筑材料,YELLOW,STABLE,WARNING,OVERREACTION
002093,20230901,L5-A,25.64102564102564,80.0,L3,-0.0041551246537395,0.1910150906544998,True,True,True,2023,社会服务,YELLOW,STABLE,WARNING,OVERREACTION
002173,20230901,L5-B,1.7543859649122806,74.65437788018433,L3,0.0920245398773005,0.184717560902088,True,True,True,2023,医药生物,GREEN,STABLE,HEALTHY,OVERREACTION
002204,20230901,L5-A,36.231884057971016,77.98165137614679,L3,-0.0806794055201699,0.0399586583732159,True,True,False,2023,机械设备,YELLOW,STABLE,WARNING,OVERREACTION
002234,20230901,L5-B,5.88235294117647,50.0,L2,-0.3277925531914893,-0.0892849678122871,True,True,False,2023,农林牧渔,YELLOW,STABLE,WARNING,OVERREACTION
002275,20230901,L5-B,28.50877192982456,12.562814070351758,L1,-0.0857827164675613,0.0069103045572262,False,False,False,2023,医药生物,GREEN,STABLE,HEALTHY,OVERREACTION
002315,20230901,L5-A,6.521739130434782,70.27027027027027,L3,0.0972307692307692,0.2562597322169571,True,True,True,2023,商贸零售,YELLOW,STABLE,WARNING,OVERREACTION
002332,20230901,L5-B,10.087719298245611,84.42211055276381,L3,-0.054367201426025,0.0383258195987625,True,True,False,2023,医药生物,GREEN,STABLE,HEALTHY,OVERREACTION
002334,20230901,L5-A,6.763285024154589,17.682926829268293,L1,-0.194059405940594,-0.0734213420472081,False,False,False,2023,机械设备,YELLOW,STABLE,WARNING,OVERREACTION
002372,20230901,L5-B,34.375,9.523809523809524,L1,-0.2335124572545187,-0.0699077336004118,False,False,False,2023,建筑材料,YELLOW,STABLE,WARNING,OVERREACTION
002422,20230901,L5-A,41.66666666666667,55.27638190954774,L2,0.0296101949025489,0.1223032159273364,True,True,True,2023,医药生物,GREEN,STABLE,HEALTHY,OVERREACTION
002543,20230901,L5-B,67.3469387755102,63.82978723404256,L2,0.0858164481525625,0.1563429708918602,True,True,True,2023,家用电器,GREEN,STABLE,HEALTHY,OVERREACTION
002561,20230901,L5-A,63.04347826086957,89.1891891891892,L3,-0.1121495327102802,0.0468794302759077,True,True,False,2023,商贸零售,YELLOW,STABLE,WARNING,OVERREACTION
002563,20230901,L5-B,38.63636363636363,30.555555555555557,L1,-0.1114701130856219,0.0035907638607645,False,False,False,2023,纺织服饰,YELLOW,STABLE,WARNING,OVERREACTION
002568,20230901,L5-A,42.5,18.181818181818183,L1,-0.380049720323182,-0.1965814188424896,False,False,False,2023,食品饮料,GREEN,STABLE,HEALTHY,OVERREACTION
002596,20230901,L5-B,25.0,8.0,L1,-0.2269503546099289,-0.063345630955822,False,False,False,2023,建筑材料,YELLOW,STABLE,WARNING,OVERREACTION
002603,20230901,L5-A,25.877192982456144,49.74874371859296,L2,-0.0646701388888888,0.0280228821358987,False,True,False,2023,医药生物,GREEN,STABLE,HEALTHY,OVERREACTION
002638,20230901,L5-B,12.244897959183673,42.5531914893617,L0,-0.2465753424657533,-0.1760488197264555,False,False,False,2023,家用电器,GREEN,STABLE,HEALTHY,OVERREACTION
002644,20230901,L5-A,40.78947368421053,31.797235023041477,L1,-0.2859813084112149,-0.1932882873864273,False,False,False,2023,医药生物,GREEN,STABLE,HEALTHY,OVERREACTION
002653,20230901,L5-B,36.84210526315789,56.78391959798995,L2,0.1965044874822863,0.2891975085070739,True,True,True,2023,医药生物,GREEN,STABLE,HEALTHY,OVERREACTION
002685,20230901,L5-B,21.73913043478261,27.06422018348624,L0,-0.0401146131805157,0.0805234507128701,False,False,True,2023,机械设备,YELLOW,STABLE,WARNING,OVERREACTION
002690,20230901,L5-A,24.637681159420293,33.53658536585366,L1,-0.1846999154691462,-0.0640618515757603,False,False,False,2023,机械设备,YELLOW,STABLE,WARNING,OVERREACTION
002697,20230901,L5-A,4.3478260869565215,37.83783783783784,L1,-0.1205273069679848,0.0385016560182031,False,False,False,2023,商贸零售,YELLOW,STABLE,WARNING,OVERREACTION
002728,20230901,L5-A,62.71929824561403,91.4572864321608,L3,-0.0347222222222223,0.0579707988025652,True,True,True,2023,医药生物,GREEN,STABLE,HEALTHY,OVERREACTION
002737,20230901,L5-A,55.70175438596491,72.8643216080402,L3,0.152819629789066,0.2455126508138535,True,True,True,2023,医药生物,GREEN,STABLE,HEALTHY,OVERREACTION
002738,20230901,L5-B,1.5625,59.57446808510638,L2,0.0048348106365834,0.139936791556978,True,True,True,2023,有色金属,YELLOW,STABLE,WARNING,OVERREACTION
002746,20230901,L5-A,32.35294117647059,14.285714285714285,L1,-0.2238442822384428,0.0146633031407593,False,False,False,2023,农林牧渔,YELLOW,STABLE,WARNING,OVERREACTION
002756,20230901,L5-B,3.125,20.0,L0,0.1144987134892931,0.2496006944096878,False,False,True,2023,有色金属,YELLOW,STABLE,WARNING,OVERREACTION
002773,20230901,L5-B,9.210526315789473,92.46231155778896,L3,0.1384514435695538,0.2311444645943413,True,True,True,2023,医药生物,GREEN,STABLE,HEALTHY,OVERREACTION
002803,20230901,L5-A,21.73913043478261,86.48648648648648,L3,-0.0876614721725748,0.0713674908136131,True,True,True,2023,商贸零售,YELLOW,STABLE,WARNING,OVERREACTION
002843,20230901,L5-B,9.178743961352655,99.39024390243902,L0,0.2231308411214951,0.3437689050148809,True,False,True,2023,机械设备,YELLOW,STABLE,WARNING,OVERREACTION
002864,20230901,L5-A,13.596491228070176,39.69849246231155,L1,-0.1125109874011134,-0.0198179663763258,False,False,False,2023,医药生物,GREEN,STABLE,HEALTHY,OVERREACTION
002895,20230901,L5-A,4.545454545454546,73.33333333333333,L3,-0.0034110289937464,0.1666168665826351,True,True,True,2023,基础化工,GREEN,TURNING_UP,WARNING,NORMAL_DISCOUNT
002917,20230901,L5-A,17.424242424242426,70.47619047619048,L3,-0.2036290322580644,-0.0336011366816828,True,True,False,2023,基础化工,GREEN,TURNING_UP,WARNING,NORMAL_DISCOUNT
002959,20230901,L5-A,2.0408163265306123,23.404255319148938,L1,-0.0875165125495377,-0.0169899898102399,False,False,False,2023,家用电器,GREEN,STABLE,HEALTHY,OVERREACTION
002991,20230901,L5-A,23.75,84.84848484848484,L3,-0.0100671140939596,0.1734011873867328,True,True,True,2023,食品饮料,GREEN,STABLE,HEALTHY,OVERREACTION
003000,20230901,L5-A,2.5,95.45454545454544,L3,0.3084112149532712,0.4918795164339635,True,True,True,2023,食品饮料,GREEN,STABLE,HEALTHY,OVERREACTION
003002,20230901,L5-A,23.484848484848484,31.428571428571427,L1,-0.2220812182741116,-0.05205332269773,False,False,False,2023,基础化工,GREEN,TURNING_UP,WARNING,NORMAL_DISCOUNT
003006,20230901,L5-A,14.285714285714285,88.88888888888889,L3,0.1486486486486486,0.3232791713892043,True,True,True,2023,美容护理,YELLOW,STABLE,WARNING,OVERREACTION
003028,20230901,L5-B,30.612244897959183,87.2340425531915,L3,-0.0409688224684359,0.0295577002708618,True,True,False,2023,家用电器,GREEN,STABLE,HEALTHY,OVERREACTION
300026,20230901,L5-A,7.456140350877193,24.623115577889447,L1,-0.0979498861047835,-0.0052568650799959,False,False,False,2023,医药生物,GREEN,STABLE,HEALTHY,OVERREACTION
300039,20230901,L5-A,51.75438596491229,41.20603015075377,L2,-0.0552238805970148,0.0374691404277727,False,True,False,2023,医药生物,GREEN,STABLE,HEALTHY,OVERREACTION
300092,20230901,L5-A,17.391304347826086,33.48623853211009,L1,-0.1731843575418995,-0.0525462936485136,False,False,False,2023,机械设备,YELLOW,STABLE,WARNING,OVERREACTION
300109,20230901,L5-A,7.575757575757576,10.476190476190476,L1,-0.1527846229669787,0.0172432726094028,False,False,False,2023,基础化工,GREEN,TURNING_UP,WARNING,NORMAL_DISCOUNT
300146,20230901,L5-A,15.0,34.84848484848485,L1,-0.1341589267285862,0.0493093747521062,False,False,False,2023,食品饮料,GREEN,STABLE,HEALTHY,OVERREACTION
300164,20230901,L5-A,53.333333333333336,53.84615384615385,L2,-0.1666666666666666,-0.0907909595729361,True,True,False,2023,石油石化,YELLOW,STABLE,WARNING,OVERREACTION
300179,20230901,L5-A,23.18840579710145,46.34146341463415,L2,-0.2075471698113207,-0.0869091059179348,False,True,False,2023,机械设备,YELLOW,STABLE,WARNING,OVERREACTION
300192,20230901,L5-B,5.128205128205128,84.0,L3,-0.0473887814313345,0.1477814338769048,True,True,True,2023,社会服务,YELLOW,STABLE,WARNING,OVERREACTION
300206,20230901,L5-A,7.017543859649122,27.1356783919598,L1,-0.0808080808080806,0.0118849402167069,False,False,False,2023,医药生物,GREEN,STABLE,HEALTHY,OVERREACTION
300260,20230901,L5-A,27.536231884057973,5.487804878048781,L0,-0.097884433217556,0.0227536306758298,False,False,False,2023,机械设备,YELLOW,STABLE,WARNING,OVERREACTION
300314,20230901,L5-A,7.894736842105263,58.79396984924623,L2,-0.2390594382756368,-0.1463664172508492,True,True,False,2023,医药生物,GREEN,STABLE,HEALTHY,OVERREACTION
300320,20230901,L5-B,59.84848484848485,79.04761904761905,L3,-0.1602739726027398,0.0097539229736417,True,True,False,2023,基础化工,GREEN,TURNING_UP,WARNING,NORMAL_DISCOUNT
300337,20230901,L5-A,20.3125,97.87234042553192,L3,0.0506535947712418,0.1857555756916364,True,True,True,2023,有色金属,YELLOW,STABLE,WARNING,OVERREACTION
300347,20230901,L5-A,42.10526315789473,5.025125628140704,L1,-0.3112905683376504,-0.2185975473128628,False,False,False,2023,医药生物,GREEN,STABLE,HEALTHY,OVERREACTION
300354,20230901,L5-A,19.32367149758454,69.72477064220183,L2,0.1207278091959676,0.2413658730893534,True,True,True,2023,机械设备,YELLOW,STABLE,WARNING,OVERREACTION
300452,20230901,L5-A,14.473684210526317,29.14572864321608,L1,-0.121191135734072,-0.0284981147092844,False,False,False,2023,医药生物,GREEN,STABLE,HEALTHY,OVERREACTION
300470,20230901,L5-A,11.594202898550725,28.04878048780488,L1,-0.1384969918888022,-0.0178589279954163,False,False,False,2023,机械设备,YELLOW,STABLE,WARNING,OVERREACTION
300487,20230901,L5-A,43.93939393939394,13.333333333333334,L1,-0.1734557595993322,-0.0034278640229506,False,False,False,2023,基础化工,GREEN,TURNING_UP,WARNING,NORMAL_DISCOUNT
300511,20230901,L5-B,8.823529411764707,10.0,L0,-0.4076335877862596,-0.1691260024070574,False,False,False,2023,农林牧渔,YELLOW,STABLE,WARNING,OVERREACTION
300534,20230901,L5-A,48.24561403508772,51.75879396984925,L2,-0.1302521008403362,-0.0375590798155486,True,True,False,2023,医药生物,GREEN,STABLE,HEALTHY,OVERREACTION
300539,20230901,L5-B,36.36363636363637,67.61904761904762,L2,-0.2596638655462184,-0.0896359699698368,True,True,False,2023,基础化工,GREEN,TURNING_UP,WARNING,NORMAL_DISCOUNT
300633,20230901,L5-A,10.964912280701752,43.21608040201005,L2,-0.1368770764119601,-0.0441840553871725,False,True,False,2023,医药生物,GREEN,STABLE,HEALTHY,OVERREACTION
300636,20230901,L5-B,29.82456140350877,20.100502512562816,L0,-0.2921658986175115,-0.1994728775927239,False,False,False,2023,医药生物,GREEN,STABLE,HEALTHY,OVERREACTION
300653,20230901,L5-B,39.91228070175439,19.09547738693467,L1,-0.2239293886891141,-0.1312363676643265,False,False,False,2023,医药生物,GREEN,STABLE,HEALTHY,OVERREACTION
300662,20230901,L5-A,51.28205128205128,32.0,L1,-0.3046776232616941,-0.1095074079534547,False,False,False,2023,社会服务,YELLOW,STABLE,WARNING,OVERREACTION
300697,20230901,L5-A,17.1875,91.48936170212764,L3,-0.1521539871677359,-0.0170520062473412,True,True,False,2023,有色金属,YELLOW,STABLE,WARNING,OVERREACTION
300802,20230901,L5-B,8.212560386473431,53.04878048780488,L2,-0.109165808444902,0.0114722554484838,True,True,False,2023,机械设备,YELLOW,STABLE,WARNING,OVERREACTION
300848,20230901,L5-B,26.515151515151516,89.72602739726028,L0,-0.2745463006049324,-0.1045184050285508,True,False,False,2023,基础化工,GREEN,TURNING_UP,WARNING,NORMAL_DISCOUNT
300855,20230901,L5-A,59.375,45.0,L2,-0.3312464428002276,-0.1961444618798329,False,True,False,2023,有色金属,YELLOW,STABLE,WARNING,OVERREACTION
300869,20230901,L5-A,41.22807017543859,36.68341708542713,L1,-0.1715225563909774,-0.0788295353661898,False,False,False,2023,医药生物,GREEN,STABLE,HEALTHY,OVERREACTION
300881,20230901,L5-A,4.166666666666666,10.526315789473683,L1,-0.3819510645058785,-0.2617191660999258,False,False,False,2023,钢铁,YELLOW,STABLE,WARNING,OVERREACTION
300910,20230901,L5-A,8.333333333333332,61.904761904761905,L2,-0.1806754221388367,-0.0106475265624551,True,True,False,2023,基础化工,GREEN,TURNING_UP,WARNING,NORMAL_DISCOUNT
300950,20230901,L5-A,26.570048309178745,20.73170731707317,L1,-0.2187670485542826,-0.0981289846608967,False,False,False,2023,机械设备,YELLOW,STABLE,WARNING,OVERREACTION
300970,20230901,L5-B,17.647058823529413,17.857142857142858,L1,-0.4063537221431959,-0.1678461367639937,False,False,False,2023,农林牧渔,YELLOW,STABLE,WARNING,OVERREACTION
300973,20230901,L5-B,33.75,1.5151515151515151,L1,-0.4900472576256622,-0.3065789561449697,False,False,False,2023,食品饮料,GREEN,STABLE,HEALTHY,OVERREACTION
300988,20230901,L5-A,44.927536231884055,57.3170731707317,L2,-0.2217940184718632,-0.1011559545784773,True,True,False,2023,机械设备,YELLOW,STABLE,WARNING,OVERREACTION
300990,20230901,L5-B,10.144927536231885,26.146788990825687,L0,-0.058852022281424,0.0617860416119618,False,False,True,2023,机械设备,YELLOW,STABLE,WARNING,OVERREACTION
300997,20230901,L5-A,32.5,87.87878787878788,L3,-0.0477864074050351,0.1356818940756573,True,True,True,2023,食品饮料,GREEN,STABLE,HEALTHY,OVERREACTION
301018,20230901,L5-A,0.4830917874396135,70.64220183486239,L3,-0.0551497443389336,0.0654883195544522,True,True,True,2023,机械设备,YELLOW,STABLE,WARNING,OVERREACTION
301029,20230901,L5-B,14.975845410628018,1.2195121951219512,L1,-0.2135211267605633,-0.0928830628671774,False,False,False,2023,机械设备,YELLOW,STABLE,WARNING,OVERREACTION
301073,20230901,L5-B,48.717948717948715,8.0,L1,-0.4777017783857729,-0.2825315630775335,False,False,False,2023,社会服务,YELLOW,STABLE,WARNING,OVERREACTION
301087,20230901,L5-A,11.842105263157894,45.22613065326633,L2,-0.1257579752175061,-0.0330649541927185,False,True,False,2023,医药生物,GREEN,STABLE,HEALTHY,OVERREACTION
301089,20230901,L5-A,6.578947368421052,54.2713567839196,L2,-0.2281867145421904,-0.1354936935174028,True,True,False,2023,医药生物,GREEN,STABLE,HEALTHY,OVERREACTION
301103,20230901,L5-A,9.649122807017545,7.035175879396985,L1,-0.2662146226415094,-0.1735216016167218,False,False,False,2023,医药生物,GREEN,STABLE,HEALTHY,OVERREACTION
301116,20230901,L5-A,29.411764705882355,21.428571428571427,L1,-0.3710937499999999,-0.1325861646207977,False,False,False,2023,农林牧渔,YELLOW,STABLE,WARNING,OVERREACTION
301211,20230901,L5-B,17.543859649122805,31.65829145728643,L1,-0.2131647776809067,-0.1204717566561191,False,False,False,2023,医药生物,GREEN,STABLE,HEALTHY,OVERREACTION
301239,20230901,L5-A,39.473684210526315,1.0050251256281406,L1,-0.3762822356437542,-0.2835892146189666,False,False,False,2023,医药生物,GREEN,STABLE,HEALTHY,OVERREACTION
301257,20230901,L5-B,64.03508771929825,29.64824120603015,L1,-0.1742708974558298,-0.0815778764310422,False,False,False,2023,医药生物,GREEN,STABLE,HEALTHY,OVERREACTION
600129,20230901,L5-A,1.3157894736842104,52.07373271889401,L2,-0.0833939393939393,0.0092990816308482,True,True,False,2023,医药生物,GREEN,STABLE,HEALTHY,OVERREACTION
600201,20230901,L5-A,20.588235294117645,96.42857142857144,L3,-0.0794491525423729,0.1590584328368292,True,True,True,2023,农林牧渔,YELLOW,STABLE,WARNING,OVERREACTION
600211,20230901,L5-A,48.68421052631579,42.71356783919598,L2,-0.0780295760166535,0.014663445008134,False,True,False,2023,医药生物,GREEN,STABLE,HEALTHY,OVERREACTION
600267,20230901,L5-B,39.03508771929825,8.542713567839195,L1,-0.2431409649952696,-0.150447943970482,False,False,False,2023,医药生物,GREEN,STABLE,HEALTHY,OVERREACTION
600276,20230901,L5-A,43.42105263157895,61.30653266331658,L2,0.0238381892607753,0.1165312102855628,True,True,True,2023,医药生物,GREEN,STABLE,HEALTHY,OVERREACTION
600329,20230901,L5-B,2.631578947368421,24.120603015075375,L1,-0.1515408538309303,-0.0588478328061427,False,False,False,2023,医药生物,GREEN,STABLE,HEALTHY,OVERREACTION
600378,20230901,L5-A,28.78787878787879,22.857142857142858,L1,-0.0222900763358779,0.1477378192405036,False,False,True,2023,基础化工,GREEN,TURNING_UP,WARNING,NORMAL_DISCOUNT
600420,20230901,L5-B,36.40350877192983,34.67336683417086,L1,-0.0837537840565085,0.008939236968279,False,False,False,2023,医药生物,GREEN,STABLE,HEALTHY,OVERREACTION
600557,20230901,L5-A,0.4385964912280701,50.753768844221106,L2,-0.0071982281284606,0.0854947928963269,True,True,True,2023,医药生物,GREEN,STABLE,HEALTHY,OVERREACTION
600559,20230901,L5-A,28.749999999999996,63.63636363636363,L2,-0.2094481605351171,-0.0259798590544247,True,True,False,2023,食品饮料,GREEN,STABLE,HEALTHY,OVERREACTION
600566,20230901,L5-A,44.29824561403509,89.9497487437186,L3,0.415267175572519,0.5079601965973066,True,True,True,2023,医药生物,GREEN,STABLE,HEALTHY,OVERREACTION
600582,20230901,L5-A,50.24154589371981,54.87804878048781,L2,0.2607879924953096,0.3814260563886954,True,True,True,2023,机械设备,YELLOW,STABLE,WARNING,OVERREACTION
600583,20230901,L5-A,20.0,61.53846153846154,L2,0.0909090909090908,0.1667847980028212,True,True,True,2023,石油石化,YELLOW,STABLE,WARNING,OVERREACTION
600587,20230901,L5-A,3.070175438596491,60.80402010050251,L2,-0.119698771304003,-0.0270057502792154,True,True,False,2023,医药生物,GREEN,STABLE,HEALTHY,OVERREACTION
600600,20230901,L5-A,30.0,19.696969696969695,L1,-0.1277934476025167,0.0556748538781756,False,False,True,2023,食品饮料,GREEN,STABLE,HEALTHY,OVERREACTION
600750,20230901,L5-A,14.035087719298245,82.41206030150754,L3,0.3380750168356956,0.4307680378604831,True,True,True,2023,医药生物,GREEN,STABLE,HEALTHY,OVERREACTION
600784,20230901,L5-A,47.72727272727273,40.0,L2,-0.1863354037267081,-0.0163075081503265,False,True,False,2023,基础化工,GREEN,TURNING_UP,WARNING,NORMAL_DISCOUNT
600839,20230901,L5-A,22.448979591836736,93.61702127659576,L3,0.3190954773869345,0.3896220001262322,True,True,True,2023,家用电器,GREEN,STABLE,HEALTHY,OVERREACTION
600916,20230901,L5-A,18.181818181818183,85.71428571428571,L3,-0.0771300448430494,0.037930832103337,True,True,False,2023,纺织服饰,YELLOW,STABLE,WARNING,OVERREACTION
600968,20230901,L5-A,33.33333333333333,30.76923076923077,L1,0.0576923076923077,0.1335680147860381,False,False,True,2023,石油石化,YELLOW,STABLE,WARNING,OVERREACTION
600976,20230901,L5-A,43.859649122807014,50.25125628140703,L2,-0.143708913010243,-0.0510158919854554,True,True,False,2023,医药生物,GREEN,STABLE,HEALTHY,OVERREACTION
600988,20230901,L5-B,32.8125,38.297872340425535,L1,-0.1233509234828496,0.011751057437545,False,False,False,2023,有色金属,YELLOW,STABLE,WARNING,OVERREACTION
601882,20230901,L5-A,56.52173913043478,17.073170731707318,L1,-0.0507008769013653,0.0699371869920205,False,False,True,2023,机械设备,YELLOW,STABLE,WARNING,OVERREACTION
601888,20230901,L5-B,34.78260869565217,5.405405405405405,L0,-0.2075903063557385,-0.0485613433695505,False,False,False,2023,商贸零售,YELLOW,STABLE,WARNING,OVERREACTION
603027,20230901,L5-A,11.25,50.0,L2,-0.1163310961968678,0.0671372052838246,True,True,True,2023,食品饮料,GREEN,STABLE,HEALTHY,OVERREACTION
603076,20230901,L5-A,10.628019323671497,2.4390243902439024,L1,-0.3390724798667036,-0.2184344159733177,False,False,False,2023,机械设备,YELLOW,STABLE,WARNING,OVERREACTION
603100,20230901,L5-A,11.11111111111111,10.365853658536585,L1,-0.1341463414634146,-0.0135082775700287,False,False,False,2023,机械设备,YELLOW,STABLE,WARNING,OVERREACTION
603110,20230901,L5-A,29.545454545454547,14.285714285714285,L1,-0.2366071428571429,-0.0665792472807613,False,False,False,2023,基础化工,GREEN,TURNING_UP,WARNING,NORMAL_DISCOUNT
603136,20230901,L5-B,10.256410256410255,20.0,L1,-0.2501061571125266,-0.0549359418042872,False,False,False,2023,社会服务,YELLOW,STABLE,WARNING,OVERREACTION
603214,20230901,L5-B,41.30434782608695,62.16216216216216,L2,-0.2466585662211421,-0.0876296032349541,True,True,False,2023,商贸零售,YELLOW,STABLE,WARNING,OVERREACTION
603222,20230901,L5-A,20.175438596491222,2.512562814070352,L0,-0.3354363827549946,-0.242743361730207,False,False,False,2023,医药生物,GREEN,STABLE,HEALTHY,OVERREACTION
603279,20230901,L5-A,55.55555555555556,7.926829268292683,L1,-0.239192745100775,-0.1185546812073891,False,False,False,2023,机械设备,YELLOW,STABLE,WARNING,OVERREACTION
603308,20230901,L5-A,13.043478260869565,62.19512195121951,L2,-0.1807909604519773,-0.0601528965585914,True,True,False,2023,机械设备,YELLOW,STABLE,WARNING,OVERREACTION
603317,20230901,L5-A,21.25,71.21212121212122,L3,-0.0842105263157894,0.099257775164903,True,True,True,2023,食品饮料,GREEN,STABLE,HEALTHY,OVERREACTION
603345,20230901,L5-A,10.0,15.151515151515152,L1,-0.3280625891831872,-0.1445942877024948,False,False,False,2023,食品饮料,GREEN,STABLE,HEALTHY,OVERREACTION
603439,20230901,L5-A,40.35087719298245,79.39698492462311,L3,0.0338321405335069,0.1265251615582944,True,True,True,2023,医药生物,GREEN,STABLE,HEALTHY,OVERREACTION
603605,20230901,L5-A,50.0,55.55555555555556,L2,-0.0820386376170976,0.0925918851234581,True,True,True,2023,美容护理,YELLOW,STABLE,WARNING,OVERREACTION
603613,20230901,L5-A,52.17391304347826,2.702702702702702,L1,-0.3922971114167812,-0.2332681484305932,False,False,False,2023,商贸零售,YELLOW,STABLE,WARNING,OVERREACTION
603658,20230901,L5-A,25.0,95.47738693467338,L3,0.4013992129427197,0.4940922339675072,True,True,True,2023,医药生物,GREEN,STABLE,HEALTHY,OVERREACTION
603688,20230901,L5-A,16.666666666666664,2.857142857142857,L1,-0.1616678678017737,0.0083600277746078,False,False,False,2023,基础化工,GREEN,TURNING_UP,WARNING,NORMAL_DISCOUNT
603699,20230901,L5-A,64.25120772946859,25.0,L1,0.0657894736842104,0.1864275375775962,False,False,True,2023,机械设备,YELLOW,STABLE,WARNING,OVERREACTION
603719,20230901,L5-B,3.75,60.60606060606061,L2,-0.2984361424847958,-0.1149678410041033,True,True,False,2023,食品饮料,GREEN,STABLE,HEALTHY,OVERREACTION
603757,20230901,L5-A,27.053140096618357,50.609756097560975,L2,-0.1100024093003545,0.0106356545930313,True,True,False,2023,机械设备,YELLOW,STABLE,WARNING,OVERREACTION
603811,20230901,L5-B,45.614035087719294,14.57286432160804,L1,-0.311377245508982,-0.2186842244841944,False,False,False,2023,医药生物,GREEN,STABLE,HEALTHY,OVERREACTION
603855,20230901,L5-B,9.66183574879227,26.82926829268293,L1,-0.1628838451268358,-0.0422457812334499,False,False,False,2023,机械设备,YELLOW,STABLE,WARNING,OVERREACTION
603868,20230901,L5-A,51.02040816326531,2.127659574468085,L1,-0.310395101326724,-0.2398685785874262,False,False,False,2023,家用电器,GREEN,STABLE,HEALTHY,OVERREACTION
603896,20230901,L5-B,50.43859649122807,33.6405529953917,L1,-0.3288461538461538,-0.2361531328213662,False,False,False,2023,医药生物,GREEN,STABLE,HEALTHY,OVERREACTION
603983,20230901,L5-B,7.142857142857142,77.77777777777779,L3,0.167097966728281,0.3417284894688368,True,True,True,2023,美容护理,YELLOW,STABLE,WARNING,OVERREACTION
605009,20230901,L5-A,28.57142857142857,91.66666666666666,L3,-0.1049632047193792,0.0696673180211766,True,True,True,2023,美容护理,YELLOW,STABLE,WARNING,OVERREACTION
605089,20230901,L5-A,45.0,46.96969696969697,L2,-0.3093577098869376,-0.1258894084062452,False,True,False,2023,食品饮料,GREEN,STABLE,HEALTHY,OVERREACTION
605108,20230901,L5-B,56.41025641025641,36.0,L1,-0.1445427728613568,0.0506274424468825,False,False,True,2023,社会服务,YELLOW,STABLE,WARNING,OVERREACTION
605116,20230901,L5-B,32.01754385964912,91.95979899497488,L3,0.0476631189264231,0.1403561399512106,True,True,True,2023,医药生物,GREEN,STABLE,HEALTHY,OVERREACTION
605300,20230901,L5-B,56.25,13.636363636363637,L1,-0.3213393303348326,-0.1378710288541401,False,False,False,2023,食品饮料,GREEN,STABLE,HEALTHY,OVERREACTION
605337,20230901,L5-B,27.500000000000004,30.303030303030305,L0,-0.3232860520094562,-0.1398177505287638,False,False,False,2023,食品饮料,GREEN,STABLE,HEALTHY,OVERREACTION
688050,20230901,L5-A,17.105263157894736,38.19095477386934,L1,0.0088377723970942,0.1015307934218817,False,False,True,2023,医药生物,GREEN,STABLE,HEALTHY,OVERREACTION
688091,20230901,L5-A,21.052631578947366,82.91457286432161,L3,-0.1928182437031994,-0.1001252226784118,True,True,False,2023,医药生物,GREEN,STABLE,HEALTHY,OVERREACTION
688128,20230901,L5-A,16.425120772946862,55.04587155963303,L2,-0.1054852320675105,0.0151528318258753,True,True,False,2023,机械设备,YELLOW,STABLE,WARNING,OVERREACTION
688276,20230901,L5-B,21.49122807017544,7.537688442211055,L1,0.0231060606060606,0.1157990816308481,False,False,True,2023,医药生物,GREEN,STABLE,HEALTHY,OVERREACTION
688278,20230901,L5-A,12.719298245614036,97.48743718592964,L3,0.7607655502392345,0.8534585712640221,True,True,True,2023,医药生物,GREEN,STABLE,HEALTHY,OVERREACTION
688305,20230901,L5-A,18.84057971014493,48.78048780487805,L2,0.0050314465408805,0.1256695104342663,False,True,True,2023,机械设备,YELLOW,STABLE,WARNING,OVERREACTION
688315,20230901,L5-A,3.9473684210526314,71.85929648241206,L3,-0.2905558065973791,-0.1978627855725915,True,True,False,2023,医药生物,GREEN,STABLE,HEALTHY,OVERREACTION
688389,20230901,L5-A,38.15789473684211,77.38693467336684,L3,-0.0897999023914105,0.002893118633377,True,True,False,2023,医药生物,GREEN,STABLE,HEALTHY,OVERREACTION
688425,20230901,L5-A,13.526570048309178,36.58536585365854,L1,-0.0866666666666667,0.0339713972267191,False,False,False,2023,机械设备,YELLOW,STABLE,WARNING,OVERREACTION
688518,20230901,L5-A,37.68115942028986,13.414634146341465,L1,-0.356911883589329,-0.2362738196959432,False,False,False,2023,机械设备,YELLOW,STABLE,WARNING,OVERREACTION
688569,20230901,L5-A,42.99516908212561,6.097560975609756,L1,-0.304527885146328,-0.1838898212529421,False,False,False,2023,机械设备,YELLOW,STABLE,WARNING,OVERREACTION
688639,20230901,L5-A,6.0606060606060606,96.1904761904762,L3,0.1273938384679434,0.2974217340443249,True,True,True,2023,基础化工,GREEN,TURNING_UP,WARNING,NORMAL_DISCOUNT
688658,20230901,L5-A,0.8771929824561403,89.44723618090453,L3,0.0258671369782481,0.1185601580030356,True,True,True,2023,医药生物,GREEN,STABLE,HEALTHY,OVERREACTION
688677,20230901,L5-A,38.59649122807017,28.643216080402013,L1,0.0310679611650486,0.1237609821898361,False,False,True,2023,医药生物,GREEN,STABLE,HEALTHY,OVERREACTION
688686,20230901,L5-B,2.898550724637681,49.390243902439025,L2,-0.268976323119777,-0.1483382592263911,False,True,False,2023,机械设备,YELLOW,STABLE,WARNING,OVERREACTION
688687,20230901,L5-A,6.140350877192982,98.99497487437183,L0,0.2591508052708637,0.3518438262956512,True,False,True,2023,医药生物,GREEN,STABLE,HEALTHY,OVERREACTION
688697,20230901,L5-A,21.256038647342994,9.75609756097561,L1,-0.0110132158590307,0.1096248480343551,False,False,True,2023,机械设备,YELLOW,STABLE,WARNING,OVERREACTION
688700,20230901,L5-A,4.3478260869565215,88.41463414634147,L3,-0.3767178658043654,-0.2560798019109795,True,True,False,2023,机械设备,YELLOW,STABLE,WARNING,OVERREACTION
688722,20230901,L5-A,24.24242424242424,81.9047619047619,L3,-0.2097812097812097,-0.0397533142048281,True,True,False,2023,基础化工,GREEN,TURNING_UP,WARNING,NORMAL_DISCOUNT
000026,20240102,L5-B,33.33333333333333,54.761904761904766,L2,-0.1643064919774371,0.058775855364687,True,True,True,2024,纺织服饰,GREEN,TURNING_UP,WARNING,NORMAL_DISCOUNT
000404,20240102,L5-B,48.93617021276596,70.37037037037037,L0,-0.0437651915301513,0.0580408035624863,True,False,True,2024,家用电器,GREEN,TURNING_UP,HEALTHY,NORMAL_DISCOUNT
000425,20240102,L5-B,12.195121951219512,89.90825688073394,L3,0.2780748663101604,0.4756249902071289,True,True,True,2024,机械设备,GREEN,TURNING_UP,WARNING,NORMAL_DISCOUNT
000534,20240102,L5-B,56.28140703517588,46.54377880184332,L2,-0.2379125095932464,-0.0377535858355553,False,True,False,2024,医药生物,GREEN,TURNING_UP,HEALTHY,NORMAL_DISCOUNT
000538,20240102,L5-A,22.61306532663317,85.71428571428571,L3,0.1041169974962186,0.3042759212539096,True,True,True,2024,医药生物,GREEN,TURNING_UP,HEALTHY,NORMAL_DISCOUNT
000568,20240102,L5-A,9.090909090909092,89.74358974358975,L3,-0.1727888008329958,0.0306047000725611,True,True,False,2024,食品饮料,GREEN,TURNING_UP,HEALTHY,NORMAL_DISCOUNT
000596,20240102,L5-B,22.727272727272727,93.5897435897436,L3,-0.0555092810425854,0.1478842198629715,True,True,True,2024,食品饮料,GREEN,TURNING_UP,HEALTHY,NORMAL_DISCOUNT
000651,20240102,L5-A,19.148936170212767,87.03703703703704,L3,0.2144864189822042,0.3162924140748418,True,True,True,2024,家用电器,GREEN,TURNING_UP,HEALTHY,NORMAL_DISCOUNT
000715,20240102,L5-A,67.56756756756756,15.217391304347828,L1,-0.3479157022800418,-0.1385406324269587,False,False,False,2024,商贸零售,GREEN,TURNING_UP,WARNING,NORMAL_DISCOUNT
000716,20240102,L5-B,33.33333333333333,19.230769230769234,L1,-0.4026186579378069,-0.1992251570322499,False,False,False,2024,食品饮料,GREEN,TURNING_UP,HEALTHY,NORMAL_DISCOUNT
000729,20240102,L5-A,24.24242424242424,91.02564102564102,L3,0.0196531791907512,0.2230466800963081,True,True,True,2024,食品饮料,GREEN,TURNING_UP,HEALTHY,NORMAL_DISCOUNT
000739,20240102,L5-A,9.045226130653267,57.6036866359447,L2,-0.0977429509803566,0.1024159727773344,True,True,True,2024,医药生物,GREEN,TURNING_UP,HEALTHY,NORMAL_DISCOUNT
000756,20240102,L5-A,63.31658291457286,22.58064516129032,L0,-0.2776957163958642,-0.0775367926381731,False,False,False,2024,医药生物,GREEN,TURNING_UP,HEALTHY,NORMAL_DISCOUNT
000786,20240102,L5-A,4.761904761904762,96.0,L3,0.2746906191131815,0.4023529122959848,True,True,True,2024,建筑材料,GREEN,TURNING_UP,WARNING,NORMAL_DISCOUNT
000819,20240102,L5-B,69.23076923076923,27.77777777777778,L1,-0.0213914641668435,-0.0042325170293642,False,False,False,2024,石油石化,GREEN,TURNING_UP,WARNING,NORMAL_DISCOUNT
000915,20240102,L5-B,17.08542713567839,91.2442396313364,L0,0.0906367807864556,0.2907957045441466,True,False,True,2024,医药生物,GREEN,TURNING_UP,HEALTHY,NORMAL_DISCOUNT
000932,20240102,L5-B,21.052631578947366,40.0,L2,-0.0899547476797297,0.0035344613558649,False,True,False,2024,钢铁,GREEN,TURNING_UP,WARNING,NORMAL_DISCOUNT
000963,20240102,L5-A,48.743718592964825,48.38709677419355,L2,-0.2949033514259308,-0.0947444276682397,False,True,False,2024,医药生物,GREEN,TURNING_UP,HEALTHY,NORMAL_DISCOUNT
001215,20240102,L5-A,39.39393939393939,15.384615384615383,L1,-0.4235340262491641,-0.2201405253436071,False,False,False,2024,食品饮料,GREEN,TURNING_UP,HEALTHY,NORMAL_DISCOUNT
002033,20240102,L5-A,24.0,83.33333333333334,L3,0.1305005501665554,0.2794595128198133,True,True,True,2024,社会服务,GREEN,TURNING_UP,WARNING,NORMAL_DISCOUNT
002041,20240102,L5-B,42.857142857142854,42.5,L0,-0.362228113514655,-0.1403694078248872,False,False,False,2024,农林牧渔,GREEN,TURNING_UP,WARNING,NORMAL_DISCOUNT
002043,20240102,L5-B,38.095238095238095,92.0,L3,0.251985403516207,0.3796476966990104,True,True,True,2024,建筑材料,GREEN,TURNING_UP,WARNING,NORMAL_DISCOUNT
002050,20240102,L5-B,57.446808510638306,27.77777777777778,L1,-0.3357590349234451,-0.2339530398308074,False,False,False,2024,家用电器,GREEN,TURNING_UP,HEALTHY,NORMAL_DISCOUNT
002073,20240102,L5-B,29.8780487804878,99.08256880733946,L3,0.191463465747439,0.3890135896444076,True,True,True,2024,机械设备,GREEN,TURNING_UP,WARNING,NORMAL_DISCOUNT
002154,20240102,L5-A,8.333333333333332,47.61904761904761,L2,0.0027556835998432,0.2258380309419673,False,True,True,2024,纺织服饰,GREEN,TURNING_UP,WARNING,NORMAL_DISCOUNT
002158,20240102,L5-A,21.951219512195124,51.37614678899083,L2,-0.2227675397409677,-0.0252174158439991,True,True,False,2024,机械设备,GREEN,TURNING_UP,WARNING,NORMAL_DISCOUNT
002216,20240102,L5-A,42.42424242424242,56.41025641025641,L0,-0.1387964612456085,0.0645970396599484,True,False,True,2024,食品饮料,GREEN,TURNING_UP,HEALTHY,NORMAL_DISCOUNT
002237,20240102,L5-B,10.638297872340424,78.33333333333333,L0,0.0803318440257028,0.0916505006551177,True,False,True,2024,有色金属,GREEN,TURNING_UP,WARNING,NORMAL_DISCOUNT
002275,20240102,L5-A,12.562814070351758,65.89861751152074,L2,-0.1138325019941626,0.0863264217635284,True,True,True,2024,医药生物,GREEN,TURNING_UP,HEALTHY,NORMAL_DISCOUNT
002304,20240102,L5-B,16.666666666666664,53.84615384615385,L2,-0.1987393675052214,0.0046541334003355,True,True,False,2024,食品饮料,GREEN,TURNING_UP,HEALTHY,NORMAL_DISCOUNT
002317,20240102,L5-B,9.547738693467336,72.35023041474655,L0,-0.2679836711177243,-0.0678247473600332,True,False,False,2024,医药生物,GREEN,TURNING_UP,HEALTHY,NORMAL_DISCOUNT
002334,20240102,L5-A,17.682926829268293,32.11009174311927,L1,-0.3069592634294319,-0.1094091395324633,False,False,False,2024,机械设备,GREEN,TURNING_UP,WARNING,NORMAL_DISCOUNT
002372,20240102,L5-B,9.523809523809524,100.0,L3,0.1724881918675471,0.3001504850503504,True,True,True,2024,建筑材料,GREEN,TURNING_UP,WARNING,NORMAL_DISCOUNT
002478,20240102,L5-A,5.263157894736842,64.0,L0,-0.0390859853490451,0.0544032236865495,True,False,True,2024,钢铁,GREEN,TURNING_UP,WARNING,NORMAL_DISCOUNT
002483,20240102,L5-B,14.02439024390244,82.56880733944955,L3,-0.0921532138659766,0.1053969100309919,True,True,True,2024,机械设备,GREEN,TURNING_UP,WARNING,NORMAL_DISCOUNT
002508,20240102,L5-A,4.25531914893617,59.25925925925925,L2,0.0919175077904734,0.193723502883111,True,True,True,2024,家用电器,GREEN,TURNING_UP,HEALTHY,NORMAL_DISCOUNT
002535,20240102,L5-A,8.536585365853659,23.394495412844037,L1,-0.4509018036072144,-0.2533516797102458,False,False,False,2024,机械设备,GREEN,TURNING_UP,WARNING,NORMAL_DISCOUNT
002563,20240102,L5-B,30.555555555555557,83.33333333333334,L3,0.0470967009002867,0.2701790482424108,True,True,True,2024,纺织服饰,GREEN,TURNING_UP,WARNING,NORMAL_DISCOUNT
002568,20240102,L5-A,18.181818181818183,32.05128205128205,L1,-0.282836760386068,-0.079443259480511,False,False,False,2024,食品饮料,GREEN,TURNING_UP,HEALTHY,NORMAL_DISCOUNT
002595,20240102,L5-A,9.146341463414634,97.70642201834865,L3,0.3068373189626139,0.5043874428595825,True,True,True,2024,机械设备,GREEN,TURNING_UP,WARNING,NORMAL_DISCOUNT
002653,20240102,L5-A,56.78391959798995,95.85253456221196,L3,0.3057400477971344,0.5058989715548254,True,True,True,2024,医药生物,GREEN,TURNING_UP,HEALTHY,NORMAL_DISCOUNT
002690,20240102,L5-A,33.53658536585366,59.174311926605505,L2,-0.1232350443965941,0.0743150795003744,True,True,True,2024,机械设备,GREEN,TURNING_UP,WARNING,NORMAL_DISCOUNT
002697,20240102,L5-A,37.83783783783784,84.78260869565217,L3,-0.0539587404504503,0.1554163294026327,True,True,True,2024,商贸零售,GREEN,TURNING_UP,WARNING,NORMAL_DISCOUNT
002746,20240102,L5-A,14.285714285714285,60.0,L2,-0.1565241902787071,0.0653345154110607,True,True,True,2024,农林牧渔,GREEN,TURNING_UP,WARNING,NORMAL_DISCOUNT
002832,20240102,L5-A,41.66666666666667,64.28571428571429,L2,-0.2430512662137122,-0.019968918871588,True,True,False,2024,纺织服饰,GREEN,TURNING_UP,WARNING,NORMAL_DISCOUNT
002833,20240102,L5-B,32.31707317073171,90.82568807339447,L3,0.0744347493059023,0.2719848732028709,True,True,True,2024,机械设备,GREEN,TURNING_UP,WARNING,NORMAL_DISCOUNT
002847,20240102,L5-A,51.51515151515152,74.35897435897436,L3,-0.1225484319521946,0.0808450689533623,True,True,True,2024,食品饮料,GREEN,TURNING_UP,HEALTHY,NORMAL_DISCOUNT
002867,20240102,L5-B,11.11111111111111,57.14285714285714,L2,-0.1145695364238409,0.1085128109182832,True,True,True,2024,纺织服饰,GREEN,TURNING_UP,WARNING,NORMAL_DISCOUNT
002896,20240102,L5-A,28.65853658536585,71.55963302752293,L3,-0.2189249720044793,-0.0213748481075107,True,True,False,2024,机械设备,GREEN,TURNING_UP,WARNING,NORMAL_DISCOUNT
002946,20240102,L5-A,6.0606060606060606,47.43589743589743,L2,-0.2345786272806255,-0.0311851263750685,False,True,False,2024,食品饮料,GREEN,TURNING_UP,HEALTHY,NORMAL_DISCOUNT
002959,20240102,L5-A,23.404255319148938,74.07407407407408,L3,-0.0075584986281788,0.0942474964644588,True,True,True,2024,家用电器,GREEN,TURNING_UP,HEALTHY,NORMAL_DISCOUNT
003002,20240102,L5-A,31.428571428571427,29.45205479452055,L1,-0.2475104468271296,-0.0923823324186896,False,False,False,2024,基础化工,GREEN,TURNING_UP,WARNING,NORMAL_DISCOUNT
003023,20240102,L5-A,46.808510638297875,24.074074074074073,L1,-0.2000585003756457,-0.098252505283008,False,False,False,2024,家用电器,GREEN,TURNING_UP,HEALTHY,NORMAL_DISCOUNT
300005,20240102,L5-A,5.555555555555555,61.904761904761905,L2,-0.2324159021406727,-0.0093335547985485,True,True,False,2024,纺织服饰,GREEN,TURNING_UP,WARNING,NORMAL_DISCOUNT
300012,20240102,L5-A,12.0,52.77777777777778,L2,-0.2890722109592696,-0.1401132483060117,True,True,False,2024,社会服务,GREEN,TURNING_UP,WARNING,NORMAL_DISCOUNT
300026,20240102,L5-A,24.623115577889447,47.465437788018434,L2,-0.2640178071197472,-0.0638588833620561,False,True,False,2024,医药生物,GREEN,TURNING_UP,HEALTHY,NORMAL_DISCOUNT
300109,20240102,L5-A,10.476190476190476,93.83561643835615,L3,0.0152074671900059,0.1703355815984458,True,True,True,2024,基础化工,GREEN,TURNING_UP,WARNING,NORMAL_DISCOUNT
300124,20240102,L5-A,38.41463414634146,63.30275229357798,L2,-0.1921696770307299,0.0053804468662386,True,True,False,2024,机械设备,GREEN,TURNING_UP,WARNING,NORMAL_DISCOUNT
300146,20240102,L5-A,34.84848484848485,66.66666666666666,L2,-0.1371397897643386,0.0662537111412183,True,True,True,2024,食品饮料,GREEN,TURNING_UP,HEALTHY,NORMAL_DISCOUNT
300164,20240102,L5-A,53.84615384615385,50.0,L2,-0.2717842323651452,-0.254625285227666,True,True,False,2024,石油石化,GREEN,TURNING_UP,WARNING,NORMAL_DISCOUNT
300174,20240102,L5-B,65.71428571428571,69.17808219178082,L0,-0.1559842004987756,-0.0008560860903356,True,False,False,2024,基础化工,GREEN,TURNING_UP,WARNING,NORMAL_DISCOUNT
300206,20240102,L5-A,27.1356783919598,68.66359447004609,L0,-0.1414620840980599,0.0586968396596311,True,False,True,2024,医药生物,GREEN,TURNING_UP,HEALTHY,NORMAL_DISCOUNT
300307,20240102,L5-A,23.78048780487805,63.76146788990825,L2,-0.0762052877138413,0.1213448361831272,True,True,True,2024,机械设备,GREEN,TURNING_UP,WARNING,NORMAL_DISCOUNT
300314,20240102,L5-B,58.79396984924623,19.81566820276498,L1,-0.2941508760524298,-0.0939919522947387,False,False,False,2024,医药生物,GREEN,TURNING_UP,HEALTHY,NORMAL_DISCOUNT
300347,20240102,L5-A,5.025125628140704,89.86175115207374,L3,-0.0863824971708788,0.1137764265868122,True,True,True,2024,医药生物,GREEN,TURNING_UP,HEALTHY,NORMAL_DISCOUNT
300349,20240102,L5-A,42.073170731707314,84.86238532110092,L3,-0.0125831291112461,0.1849669947857224,True,True,True,2024,机械设备,GREEN,TURNING_UP,WARNING,NORMAL_DISCOUNT
300452,20240102,L5-A,29.14572864321608,56.22119815668203,L2,-0.2126273179477644,-0.0124683941900733,True,True,False,2024,医药生物,GREEN,TURNING_UP,HEALTHY,NORMAL_DISCOUNT
300470,20240102,L5-A,28.04878048780488,50.0,L2,-0.1077363087352414,0.0898138151617271,True,True,True,2024,机械设备,GREEN,TURNING_UP,WARNING,NORMAL_DISCOUNT
300487,20240102,L5-A,13.333333333333334,36.3013698630137,L1,-0.2032818532818533,-0.0481537388734133,False,False,False,2024,基础化工,GREEN,TURNING_UP,WARNING,NORMAL_DISCOUNT
300633,20240102,L5-A,43.21608040201005,64.97695852534562,L0,-0.172437240606331,0.02772168315136,True,False,False,2024,医药生物,GREEN,TURNING_UP,HEALTHY,NORMAL_DISCOUNT
300636,20240102,L5-B,20.100502512562816,86.63594470046083,L0,-0.0353958929833149,0.1647630307743761,True,False,True,2024,医药生物,GREEN,TURNING_UP,HEALTHY,NORMAL_DISCOUNT
300700,20240102,L5-A,40.85365853658536,3.211009174311927,L1,-0.3446973446133876,-0.147147220716419,False,False,False,2024,机械设备,GREEN,TURNING_UP,WARNING,NORMAL_DISCOUNT
300755,20240102,L5-B,24.324324324324326,78.26086956521739,L0,-0.2258235748193132,-0.0164485049662301,True,False,False,2024,商贸零售,GREEN,TURNING_UP,WARNING,NORMAL_DISCOUNT
300809,20240102,L5-B,43.292682926829265,37.15596330275229,L1,-0.3443329910374026,-0.146782867140434,False,False,False,2024,机械设备,GREEN,TURNING_UP,WARNING,NORMAL_DISCOUNT
300881,20240102,L5-A,10.526315789473683,72.0,L3,0.0287159725831389,0.1222051816187335,True,True,True,2024,钢铁,GREEN,TURNING_UP,WARNING,NORMAL_DISCOUNT
300896,20240102,L5-A,22.22222222222222,50.0,L2,-0.1445229427157877,-0.0713423282414097,True,True,False,2024,美容护理,GREEN,TURNING_UP,WARNING,NORMAL_DISCOUNT
300910,20240102,L5-B,61.904761904761905,81.5068493150685,L3,0.0201526558170699,0.1752807702255098,True,True,True,2024,基础化工,GREEN,TURNING_UP,WARNING,NORMAL_DISCOUNT
300950,20240102,L5-A,20.73170731707317,73.85321100917432,L3,-0.0414293306122633,0.1561207932847052,True,True,True,2024,机械设备,GREEN,TURNING_UP,WARNING,NORMAL_DISCOUNT
300957,20240102,L5-B,11.11111111111111,16.666666666666664,L1,-0.2534494377147952,-0.1802688232404173,False,False,False,2024,美容护理,GREEN,TURNING_UP,WARNING,NORMAL_DISCOUNT
300962,20240102,L5-A,16.0,63.888888888888886,L2,-0.0898892506518839,0.0590697120013739,True,True,True,2024,社会服务,GREEN,TURNING_UP,WARNING,NORMAL_DISCOUNT
300970,20240102,L5-B,17.857142857142858,30.0,L0,-0.3149515237689215,-0.0930928180791536,False,False,False,2024,农林牧渔,GREEN,TURNING_UP,WARNING,NORMAL_DISCOUNT
300973,20240102,L5-B,1.5151515151515151,30.76923076923077,L1,-0.4090920667454906,-0.2056985658399336,False,False,False,2024,食品饮料,GREEN,TURNING_UP,HEALTHY,NORMAL_DISCOUNT
301029,20240102,L5-B,1.2195121951219512,76.14678899082568,L0,-0.2292019255580698,-0.0316518016611012,True,False,False,2024,机械设备,GREEN,TURNING_UP,WARNING,NORMAL_DISCOUNT
301048,20240102,L5-B,15.853658536585366,14.678899082568808,L1,-0.1827651515151516,0.0147849723818169,False,False,False,2024,机械设备,GREEN,TURNING_UP,WARNING,NORMAL_DISCOUNT
301066,20240102,L5-A,25.0,33.33333333333333,L1,-0.3668017875954228,-0.1437194402532987,False,False,False,2024,纺织服饰,GREEN,TURNING_UP,WARNING,NORMAL_DISCOUNT
301073,20240102,L5-A,8.0,80.55555555555556,L3,-0.1744444809474176,-0.0254855182941597,True,True,False,2024,社会服务,GREEN,TURNING_UP,WARNING,NORMAL_DISCOUNT
301087,20240102,L5-A,45.22613065326633,83.87096774193549,L0,-0.0740626971400029,0.1260962266176881,True,False,True,2024,医药生物,GREEN,TURNING_UP,HEALTHY,NORMAL_DISCOUNT
301103,20240102,L5-A,7.035175879396985,33.17972350230415,L1,-0.2744436952124073,-0.0742847714547162,False,False,False,2024,医药生物,GREEN,TURNING_UP,HEALTHY,NORMAL_DISCOUNT
301116,20240102,L5-A,21.428571428571427,40.0,L2,-0.294162826420891,-0.0723041207311231,False,True,False,2024,农林牧渔,GREEN,TURNING_UP,WARNING,NORMAL_DISCOUNT
301137,20240102,L5-A,25.609756097560975,9.174311926605505,L1,-0.1981200900749279,-0.0005699661779593,False,False,False,2024,机械设备,GREEN,TURNING_UP,WARNING,NORMAL_DISCOUNT
301158,20240102,L5-A,1.829268292682927,35.321100917431195,L1,-0.2164395235587298,-0.0188893996617612,False,False,False,2024,机械设备,GREEN,TURNING_UP,WARNING,NORMAL_DISCOUNT
301211,20240102,L5-A,31.65829145728643,28.110599078341014,L1,-0.2900935548478235,-0.0899346310901324,False,False,False,2024,医药生物,GREEN,TURNING_UP,HEALTHY,NORMAL_DISCOUNT
301234,20240102,L5-B,22.110552763819097,9.216589861751151,L0,-0.3430365226855889,-0.1428775989278978,False,False,False,2024,医药生物,GREEN,TURNING_UP,HEALTHY,NORMAL_DISCOUNT
301239,20240102,L5-A,1.0050251256281406,1.3824884792626728,L1,-0.5701185964054285,-0.3699596726477374,False,False,False,2024,医药生物,GREEN,TURNING_UP,HEALTHY,NORMAL_DISCOUNT
301257,20240102,L5-B,29.64824120603015,18.433179723502302,L1,-0.3905914116750314,-0.1904324879173403,False,False,False,2024,医药生物,GREEN,TURNING_UP,HEALTHY,NORMAL_DISCOUNT
301331,20240102,L5-B,34.17085427135678,66.82027649769586,L2,-0.1870250903983084,0.0131338333593826,True,True,False,2024,医药生物,GREEN,TURNING_UP,HEALTHY,NORMAL_DISCOUNT
301333,20240102,L5-A,18.090452261306535,30.414746543778804,L1,-0.4567528963656563,-0.2565939726079652,False,False,False,2024,医药生物,GREEN,TURNING_UP,HEALTHY,NORMAL_DISCOUNT
600055,20240102,L5-B,23.11557788944724,45.16129032258064,L2,-0.2924528454449027,-0.0922939216872116,False,True,False,2024,医药生物,GREEN,TURNING_UP,HEALTHY,NORMAL_DISCOUNT
600060,20240102,L5-A,31.91489361702128,88.88888888888889,L3,0.2014354066985646,0.3032414017912022,True,True,True,2024,家用电器,GREEN,TURNING_UP,HEALTHY,NORMAL_DISCOUNT
600085,20240102,L5-A,46.733668341708544,11.059907834101384,L1,-0.2716910583861751,-0.071532134628484,False,False,False,2024,医药生物,GREEN,TURNING_UP,HEALTHY,NORMAL_DISCOUNT
600211,20240102,L5-A,42.71356783919598,78.3410138248848,L3,-0.1029301823255216,0.0972287414321694,True,True,True,2024,医药生物,GREEN,TURNING_UP,HEALTHY,NORMAL_DISCOUNT
600230,20240102,L5-A,35.23809523809524,12.32876712328767,L0,-0.2205842327327382,-0.0654561183242982,False,False,False,2024,基础化工,GREEN,TURNING_UP,WARNING,NORMAL_DISCOUNT
600251,20240102,L5-B,28.57142857142857,72.5,L0,-0.1003849101782509,0.1214737955115169,True,False,True,2024,农林牧渔,GREEN,TURNING_UP,WARNING,NORMAL_DISCOUNT
600329,20240102,L5-A,24.120603015075375,84.33179723502305,L3,-0.0335570469798658,0.1666018767778252,True,True,True,2024,医药生物,GREEN,TURNING_UP,HEALTHY,NORMAL_DISCOUNT
600351,20240102,L5-A,3.5175879396984926,60.82949308755761,L2,-0.1561251593399095,0.0440337644177815,True,True,False,2024,医药生物,GREEN,TURNING_UP,HEALTHY,NORMAL_DISCOUNT
600371,20240102,L5-B,53.57142857142857,17.5,L1,-0.3273056610552075,-0.1054469553654396,False,False,False,2024,农林牧渔,GREEN,TURNING_UP,WARNING,NORMAL_DISCOUNT
600398,20240102,L5-B,47.22222222222222,97.61904761904762,L3,0.3152719097858174,0.5383542571279415,True,True,True,2024,纺织服饰,GREEN,TURNING_UP,WARNING,NORMAL_DISCOUNT
600415,20240102,L5-B,8.108108108108109,91.30434782608695,L0,0.0671128515714263,0.2764879214245093,True,False,True,2024,商贸零售,GREEN,TURNING_UP,WARNING,NORMAL_DISCOUNT
600511,20240102,L5-A,10.050251256281408,78.80184331797236,L0,0.1170327719673216,0.3171916957250126,True,False,True,2024,医药生物,GREEN,TURNING_UP,HEALTHY,NORMAL_DISCOUNT
600529,20240102,L5-A,21.105527638190953,77.41935483870968,L3,-0.0085007727975271,0.1916581509601639,True,True,True,2024,医药生物,GREEN,TURNING_UP,HEALTHY,NORMAL_DISCOUNT
600531,20240102,L5-A,17.02127659574468,61.66666666666667,L0,0.0741935483870968,0.0855122050165117,True,False,True,2024,有色金属,GREEN,TURNING_UP,WARNING,NORMAL_DISCOUNT
600540,20240102,L5-B,3.571428571428571,47.5,L2,-0.2947154471544715,-0.0728567414647037,False,True,False,2024,农林牧渔,GREEN,TURNING_UP,WARNING,NORMAL_DISCOUNT
600582,20240102,L5-A,54.87804878048781,93.11926605504588,L3,0.3161748565827982,0.5137249804797668,True,True,True,2024,机械设备,GREEN,TURNING_UP,WARNING,NORMAL_DISCOUNT
600583,20240102,L5-A,61.53846153846154,72.22222222222221,L3,0.0287644053428197,0.0459233524802989,True,True,False,2024,石油石化,GREEN,TURNING_UP,WARNING,NORMAL_DISCOUNT
600600,20240102,L5-A,19.696969696969695,76.92307692307693,L3,-0.0177901320361361,0.1856033688694208,True,True,True,2024,食品饮料,GREEN,TURNING_UP,HEALTHY,NORMAL_DISCOUNT
600690,20240102,L5-A,21.27659574468085,94.44444444444444,L3,0.3655603655603656,0.4673663606530032,True,True,True,2024,家用电器,GREEN,TURNING_UP,HEALTHY,NORMAL_DISCOUNT
600729,20240102,L5-A,18.91891891891892,54.34782608695651,L2,-0.1006399595438201,0.1087351103092629,True,True,True,2024,商贸零售,GREEN,TURNING_UP,WARNING,NORMAL_DISCOUNT
600861,20240102,L5-B,4.0,75.0,L3,-0.0960300429184549,0.0529289197348029,True,True,True,2024,社会服务,GREEN,TURNING_UP,WARNING,NORMAL_DISCOUNT
600968,20240102,L5-A,30.76923076923077,100.0,L3,0.5192355611666917,0.5363945083041709,True,True,True,2024,石油石化,GREEN,TURNING_UP,WARNING,NORMAL_DISCOUNT
600976,20240102,L5-A,50.25125628140703,62.21198156682027,L2,-0.213775576386307,-0.0136166526286159,True,True,False,2024,医药生物,GREEN,TURNING_UP,HEALTHY,NORMAL_DISCOUNT
600988,20240102,L5-B,38.297872340425535,98.33333333333331,L3,0.1907634269906619,0.2020820836200768,True,True,True,2024,有色金属,GREEN,TURNING_UP,WARNING,NORMAL_DISCOUNT
601086,20240102,L5-A,35.13513513513514,60.86956521739131,L2,-0.2713938620444496,-0.0620187921913665,True,True,False,2024,商贸零售,GREEN,TURNING_UP,WARNING,NORMAL_DISCOUNT
601100,20240102,L5-B,11.585365853658535,42.201834862385326,L2,-0.1309879229392677,0.0665622009577008,False,True,True,2024,机械设备,GREEN,TURNING_UP,WARNING,NORMAL_DISCOUNT
601116,20240102,L5-B,29.72972972972973,21.73913043478261,L1,-0.2690869017414506,-0.0597118318883675,False,False,False,2024,商贸零售,GREEN,TURNING_UP,WARNING,NORMAL_DISCOUNT
601677,20240102,L5-B,8.51063829787234,68.33333333333333,L0,0.0654985694116603,0.0768172260410752,True,False,True,2024,有色金属,GREEN,TURNING_UP,WARNING,NORMAL_DISCOUNT
601882,20240102,L5-A,17.073170731707318,87.61467889908256,L3,-0.1284999905928791,0.0690501333040894,True,True,True,2024,机械设备,GREEN,TURNING_UP,WARNING,NORMAL_DISCOUNT
601888,20240102,L5-B,5.405405405405405,45.65217391304348,L2,-0.2060626499279253,0.0033124199251577,False,True,False,2024,商贸零售,GREEN,TURNING_UP,WARNING,NORMAL_DISCOUNT
601958,20240102,L5-A,4.25531914893617,66.66666666666666,L0,0.1636935991605457,0.1750122557899606,True,False,True,2024,有色金属,GREEN,TURNING_UP,WARNING,NORMAL_DISCOUNT
603027,20240102,L5-A,50.0,67.94871794871796,L2,-0.1188138825272632,0.0845796183782937,True,True,True,2024,食品饮料,GREEN,TURNING_UP,HEALTHY,NORMAL_DISCOUNT
603067,20240102,L5-B,51.42857142857142,89.04109589041096,L3,0.1658520800672844,0.3209801944757243,True,True,True,2024,基础化工,GREEN,TURNING_UP,WARNING,NORMAL_DISCOUNT
603100,20240102,L5-A,10.365853658536585,71.10091743119266,L3,-0.1471547662196447,0.0503953576773238,True,True,True,2024,机械设备,GREEN,TURNING_UP,WARNING,NORMAL_DISCOUNT
603136,20240102,L5-B,20.0,50.0,L0,-0.1198260758477427,0.0291328868055151,True,False,False,2024,社会服务,GREEN,TURNING_UP,WARNING,NORMAL_DISCOUNT
603156,20240102,L5-A,25.75757575757576,88.46153846153845,L3,0.0990216069180254,0.3024151078235823,True,True,True,2024,食品饮料,GREEN,TURNING_UP,HEALTHY,NORMAL_DISCOUNT
603169,20240102,L5-A,37.19512195121951,38.99082568807339,L1,-0.2784,-0.0808498761030314,False,False,False,2024,机械设备,GREEN,TURNING_UP,WARNING,NORMAL_DISCOUNT
603198,20240102,L5-A,37.878787878787875,92.3076923076923,L3,-0.0621922803610701,0.1412012205444868,True,True,True,2024,食品饮料,GREEN,TURNING_UP,HEALTHY,NORMAL_DISCOUNT
603199,20240102,L5-A,28.000000000000004,88.88888888888889,L3,0.2077467354199154,0.3567056980731733,True,True,True,2024,社会服务,GREEN,TURNING_UP,WARNING,NORMAL_DISCOUNT
603215,20240102,L5-A,14.893617021276595,12.962962962962962,L1,-0.2378617461448805,-0.1360557510522428,False,False,False,2024,家用电器,GREEN,TURNING_UP,HEALTHY,NORMAL_DISCOUNT
603279,20240102,L5-A,7.926829268292683,92.20183486238533,L3,0.0675067338452162,0.2650568577421848,True,True,True,2024,机械设备,GREEN,TURNING_UP,WARNING,NORMAL_DISCOUNT
603298,20240102,L5-A,43.90243902439025,86.23853211009175,L3,0.1161384004424741,0.3136885243394426,True,True,True,2024,机械设备,GREEN,TURNING_UP,WARNING,NORMAL_DISCOUNT
603338,20240102,L5-A,42.68292682926829,88.9908256880734,L3,0.2098241562953005,0.407374280192269,True,True,True,2024,机械设备,GREEN,TURNING_UP,WARNING,NORMAL_DISCOUNT
603345,20240102,L5-A,15.151515151515152,83.33333333333334,L3,-0.2697269422363131,-0.0663334413307562,True,True,False,2024,食品饮料,GREEN,TURNING_UP,HEALTHY,NORMAL_DISCOUNT
603369,20240102,L5-A,12.12121212121212,98.71794871794872,L3,0.001757847473033,0.2051513483785899,True,True,True,2024,食品饮料,GREEN,TURNING_UP,HEALTHY,NORMAL_DISCOUNT
603505,20240102,L5-A,19.047619047619047,90.41095890410958,L0,0.0477954798073361,0.202923594215776,True,False,True,2024,基础化工,GREEN,TURNING_UP,WARNING,NORMAL_DISCOUNT
603589,20240102,L5-A,28.78787878787879,61.53846153846154,L2,-0.1114628080488358,0.0919306928567211,True,True,True,2024,食品饮料,GREEN,TURNING_UP,HEALTHY,NORMAL_DISCOUNT
603605,20240102,L5-A,55.55555555555556,75.0,L3,0.0885426801371325,0.1617232946115104,True,True,True,2024,美容护理,GREEN,TURNING_UP,WARNING,NORMAL_DISCOUNT
603613,20240102,L5-A,2.702702702702702,97.82608695652172,L3,-0.1253321523472098,0.0840429175058732,True,True,True,2024,商贸零售,GREEN,TURNING_UP,WARNING,NORMAL_DISCOUNT
603699,20240102,L5-A,25.0,94.03669724770644,L3,0.208448753462604,0.4059988773595726,True,True,True,2024,机械设备,GREEN,TURNING_UP,WARNING,NORMAL_DISCOUNT
603757,20240102,L5-A,50.609756097560975,45.41284403669725,L0,-0.1795307638724133,0.0180193600245552,False,False,False,2024,机械设备,GREEN,TURNING_UP,WARNING,NORMAL_DISCOUNT
603868,20240102,L5-A,2.127659574468085,40.74074074074074,L2,-0.1551666300082225,-0.0533606349155848,False,True,False,2024,家用电器,GREEN,TURNING_UP,HEALTHY,NORMAL_DISCOUNT
603979,20240102,L5-A,55.319148936170215,95.0,L3,0.3058064516129031,0.317125108242318,True,True,True,2024,有色金属,GREEN,TURNING_UP,WARNING,NORMAL_DISCOUNT
605089,20240102,L5-A,46.96969696969697,26.923076923076923,L1,-0.3933486594523944,-0.1899551585468374,False,False,False,2024,食品饮料,GREEN,TURNING_UP,HEALTHY,NORMAL_DISCOUNT
605098,20240102,L5-A,52.0,100.0,L3,0.1294909141005062,0.2784498767537641,True,True,True,2024,社会服务,GREEN,TURNING_UP,WARNING,NORMAL_DISCOUNT
605108,20240102,L5-B,36.0,36.11111111111111,L1,-0.2912972085385878,-0.1423382458853299,False,False,False,2024,社会服务,GREEN,TURNING_UP,WARNING,NORMAL_DISCOUNT
605188,20240102,L5-A,43.24324324324324,47.82608695652174,L2,-0.1890598864048714,0.0203151834482116,False,True,False,2024,商贸零售,GREEN,TURNING_UP,WARNING,NORMAL_DISCOUNT
605300,20240102,L5-B,13.636363636363637,48.717948717948715,L0,-0.2799608063620964,-0.0765673054565395,False,False,False,2024,食品饮料,GREEN,TURNING_UP,HEALTHY,NORMAL_DISCOUNT
605337,20240102,L5-B,30.303030303030305,52.56410256410257,L0,-0.2596280328839415,-0.0562345319783845,True,False,False,2024,食品饮料,GREEN,TURNING_UP,HEALTHY,NORMAL_DISCOUNT
605599,20240102,L5-A,61.111111111111114,80.95238095238095,L3,-0.0941116686205513,0.1289706787215728,True,True,True,2024,纺织服饰,GREEN,TURNING_UP,WARNING,NORMAL_DISCOUNT
688050,20240102,L5-A,38.19095477386934,31.336405529953915,L1,-0.2229995107354297,-0.0228405869777386,False,False,False,2024,医药生物,GREEN,TURNING_UP,HEALTHY,NORMAL_DISCOUNT
688169,20240102,L5-B,40.42553191489361,98.14814814814817,L3,0.3961720073532062,0.4979780024458438,True,True,True,2024,家用电器,GREEN,TURNING_UP,HEALTHY,NORMAL_DISCOUNT
688276,20240102,L5-B,7.537688442211055,4.147465437788019,L1,-0.4231586922608462,-0.2229997685031551,False,False,False,2024,医药生物,GREEN,TURNING_UP,HEALTHY,NORMAL_DISCOUNT
688305,20240102,L5-A,48.78048780487805,57.798165137614674,L2,-0.1605445966171236,0.0370055272798449,True,True,False,2024,机械设备,GREEN,TURNING_UP,WARNING,NORMAL_DISCOUNT
688366,20240102,L5-A,38.69346733668342,53.45622119815668,L2,-0.1817984615004357,0.0183604622572553,True,True,False,2024,医药生物,GREEN,TURNING_UP,HEALTHY,NORMAL_DISCOUNT
688518,20240102,L5-A,13.414634146341465,13.761467889908255,L0,-0.1413926342160923,0.0561574896808762,False,False,True,2024,机械设备,GREEN,TURNING_UP,WARNING,NORMAL_DISCOUNT
688569,20240102,L5-A,6.097560975609756,5.5045871559633035,L0,-0.2432735680939693,-0.0457234441970007,False,False,False,2024,机械设备,GREEN,TURNING_UP,WARNING,NORMAL_DISCOUNT
688617,20240102,L5-A,64.321608040201,97.23502304147466,L3,0.176856468118604,0.377015391876295,True,True,True,2024,医药生物,GREEN,TURNING_UP,HEALTHY,NORMAL_DISCOUNT
688628,20240102,L5-B,24.390243902439025,96.3302752293578,L3,-0.1459803027160964,0.0515698211808721,True,True,True,2024,机械设备,GREEN,TURNING_UP,WARNING,NORMAL_DISCOUNT
688677,20240102,L5-A,28.643216080402013,17.050691244239633,L1,-0.2334065629478759,-0.0332476391901848,False,False,False,2024,医药生物,GREEN,TURNING_UP,HEALTHY,NORMAL_DISCOUNT
688697,20240102,L5-A,9.75609756097561,79.81651376146789,L0,-0.1458950335234213,0.0516550903735472,True,False,True,2024,机械设备,GREEN,TURNING_UP,WARNING,NORMAL_DISCOUNT
000428,20240506,L5-A,13.88888888888889,85.71428571428571,L3,0.0740740740740739,0.0451594094086757,True,True,False,2024,社会服务,YELLOW,STABLE,WARNING,OVERREACTION
000516,20240506,L5-B,8.755760368663594,21.818181818181817,L1,-0.12,-0.0939275472342781,False,False,False,2024,医药生物,GREEN,STABLE,HEALTHY,OVERREACTION
000534,20240506,L5-A,46.54377880184332,49.09090909090909,L2,-0.0383435615638128,-0.0122711087980909,False,True,False,2024,医药生物,GREEN,STABLE,HEALTHY,OVERREACTION
000541,20240506,L5-A,31.48148148148148,56.896551724137936,L2,-0.0462927661568873,-0.054849208928468,True,True,False,2024,家用电器,GREEN,STABLE,HEALTHY,OVERREACTION
000655,20240506,L5-B,20.0,88.0,L3,0.0231332855171306,-0.0105915601904987,True,True,False,2024,钢铁,YELLOW,STABLE,WARNING,OVERREACTION
000721,20240506,L5-A,22.22222222222222,28.57142857142857,L1,0.0619883040935671,0.0330736394281689,False,False,False,2024,社会服务,YELLOW,STABLE,WARNING,OVERREACTION
000762,20240506,L5-B,10.0,82.25806451612904,L0,0.0973898893242135,0.0117446599016002,True,False,False,2024,有色金属,YELLOW,STABLE,WARNING,OVERREACTION
000811,20240506,L5-A,27.52293577981651,5.394190871369295,L1,-0.1146027231042988,-0.1450484203373311,False,False,False,2024,机械设备,YELLOW,STABLE,WARNING,OVERREACTION
000819,20240506,L5-A,27.77777777777778,50.0,L2,0.0770746359440437,0.0881775895749942,True,True,True,2024,石油石化,YELLOW,STABLE,WARNING,OVERREACTION
000920,20240506,L5-A,30.136986301369863,77.63157894736842,L3,0.0045575898683127,0.0307572514383148,True,True,False,2024,基础化工,YELLOW,STABLE,WARNING,OVERREACTION
000931,20240506,L5-A,9.67741935483871,94.0909090909091,L3,0.1193693693693691,0.1454418221350909,True,True,True,2024,医药生物,GREEN,STABLE,HEALTHY,OVERREACTION
000955,20240506,L5-B,14.285714285714285,51.21951219512195,L2,-0.0449438202247191,-0.0181356755001234,True,True,False,2024,纺织服饰,YELLOW,STABLE,WARNING,OVERREACTION
000989,20240506,L5-B,16.589861751152075,64.54545454545455,L2,-0.0585376148581742,-0.0324651620924523,True,True,False,2024,医药生物,GREEN,STABLE,HEALTHY,OVERREACTION
001215,20240506,L5-A,15.384615384615383,6.578947368421052,L1,-0.1768264783460509,-0.1225940045502736,False,False,False,2024,食品饮料,GREEN,STABLE,HEALTHY,OVERREACTION
001219,20240506,L5-A,16.666666666666664,84.21052631578947,L3,0.0339389773961189,0.0881714511918961,True,True,True,2024,食品饮料,GREEN,STABLE,HEALTHY,OVERREACTION
001234,20240506,L5-A,26.190476190476193,65.85365853658537,L0,0.043593414242586,0.0704015589671816,True,False,True,2024,纺织服饰,YELLOW,STABLE,WARNING,OVERREACTION
002011,20240506,L5-B,33.33333333333333,53.44827586206896,L2,-0.1223832528180354,-0.1309396955896161,True,True,False,2024,家用电器,GREEN,STABLE,HEALTHY,OVERREACTION
002026,20240506,L5-B,50.917431192660544,65.97510373443983,L0,0.0036084869829395,-0.0268372102500928,True,False,False,2024,机械设备,YELLOW,STABLE,WARNING,OVERREACTION
002050,20240506,L5-A,27.77777777777778,6.896551724137931,L1,-0.0322206166628958,-0.0407770594344765,False,False,False,2024,家用电器,GREEN,STABLE,HEALTHY,OVERREACTION
002093,20240506,L5-B,69.44444444444444,57.14285714285714,L2,0.1245999768348218,0.0956853121694236,True,True,True,2024,社会服务,YELLOW,STABLE,WARNING,OVERREACTION
002114,20240506,L5-B,3.3333333333333335,98.38709677419357,L3,0.115830115830116,0.0301848864075027,True,True,False,2024,有色金属,YELLOW,STABLE,WARNING,OVERREACTION
002150,20240506,L5-B,4.587155963302752,53.11203319502075,L2,0.0982918473475147,0.0678461501144823,True,True,True,2024,机械设备,YELLOW,STABLE,WARNING,OVERREACTION
002154,20240506,L5-A,47.61904761904761,2.4390243902439024,L1,-0.3037797196465401,-0.2769715749219444,False,False,False,2024,纺织服饰,YELLOW,STABLE,WARNING,OVERREACTION
002165,20240506,L5-A,24.65753424657534,85.52631578947368,L3,0.0327275256092662,0.0589271871792683,True,True,True,2024,基础化工,YELLOW,STABLE,WARNING,OVERREACTION
002242,20240506,L5-B,37.03703703703704,32.758620689655174,L0,-0.1695444932529738,-0.1781009360245546,False,False,False,2024,家用电器,GREEN,STABLE,HEALTHY,OVERREACTION
002262,20240506,L5-A,39.1705069124424,88.63636363636364,L3,0.0548481677502212,0.080920620515943,True,True,True,2024,医药生物,GREEN,STABLE,HEALTHY,OVERREACTION
002277,20240506,L5-B,4.3478260869565215,71.42857142857143,L3,0.0921373346833633,-0.0653167715731452,True,True,False,2024,商贸零售,YELLOW,STABLE,WARNING,OVERREACTION
002429,20240506,L5-A,46.2962962962963,50.0,L2,-0.0479707921698587,-0.0565272349414394,True,True,False,2024,家用电器,GREEN,STABLE,HEALTHY,OVERREACTION
002494,20240506,L5-B,11.904761904761903,73.17073170731707,L3,-0.0103092783505154,0.0164988663740802,True,True,False,2024,纺织服饰,YELLOW,STABLE,WARNING,OVERREACTION
002508,20240506,L5-A,59.25925925925925,12.06896551724138,L1,0.0151785558901516,0.0066221131185708,False,False,False,2024,家用电器,GREEN,STABLE,HEALTHY,OVERREACTION
002515,20240506,L5-B,25.64102564102564,98.68421052631578,L0,0.0203063931809375,0.0745388669767147,True,False,True,2024,食品饮料,GREEN,STABLE,HEALTHY,OVERREACTION
002535,20240506,L5-A,23.394495412844037,88.79668049792531,L3,-0.051413881748072,-0.0818595789811043,True,True,False,2024,机械设备,YELLOW,STABLE,WARNING,OVERREACTION
002568,20240506,L5-A,32.05128205128205,30.26315789473684,L1,0.074537037037037,0.1287695108328142,False,False,True,2024,食品饮料,GREEN,STABLE,HEALTHY,OVERREACTION
002570,20240506,L5-A,20.51282051282051,82.89473684210526,L3,0.6151419558359623,0.6693744296317395,True,True,True,2024,食品饮料,GREEN,STABLE,HEALTHY,OVERREACTION
002591,20240506,L5-B,4.794520547945205,94.07894736842104,L0,0.0909090909090908,0.1171087524790929,True,False,True,2024,基础化工,YELLOW,STABLE,WARNING,OVERREACTION
002596,20240506,L5-B,8.0,78.57142857142857,L3,0.4761904761904763,0.3187073926236327,True,True,True,2024,建筑材料,YELLOW,STABLE,WARNING,OVERREACTION
002613,20240506,L5-A,52.0,53.57142857142857,L2,-0.0053713324589189,-0.1628544160257625,True,True,False,2024,建筑材料,YELLOW,STABLE,WARNING,OVERREACTION
002632,20240506,L5-B,57.534246575342465,94.73684210526316,L0,0.1156616478687411,0.1418613094387432,True,False,True,2024,基础化工,YELLOW,STABLE,WARNING,OVERREACTION
002676,20240506,L5-A,38.88888888888889,13.79310344827586,L1,0.433696499234258,0.4251400564626772,False,False,True,2024,家用电器,GREEN,STABLE,HEALTHY,OVERREACTION
002686,20240506,L5-B,8.715596330275229,67.63485477178423,L2,0.1962137802217265,0.1657680829886941,True,True,True,2024,机械设备,YELLOW,STABLE,WARNING,OVERREACTION
002702,20240506,L5-B,11.538461538461538,63.1578947368421,L0,-0.1199933838441569,-0.0657609100483796,True,False,False,2024,食品饮料,GREEN,STABLE,HEALTHY,OVERREACTION
002824,20240506,L5-B,25.0,96.7741935483871,L0,0.0312239183243407,-0.0544213110982725,True,False,False,2024,有色金属,YELLOW,STABLE,WARNING,OVERREACTION
002825,20240506,L5-A,30.82191780821918,82.23684210526315,L3,0.0008120779090576,0.0270117394790597,True,True,False,2024,基础化工,YELLOW,STABLE,WARNING,OVERREACTION
002826,20240506,L5-B,13.36405529953917,81.36363636363636,L3,0.0056006700016282,0.03167312276735,True,True,False,2024,医药生物,GREEN,STABLE,HEALTHY,OVERREACTION
002867,20240506,L5-B,57.14285714285714,12.195121951219512,L1,-0.2647940796045775,-0.2379859348799818,False,False,False,2024,纺织服饰,YELLOW,STABLE,WARNING,OVERREACTION
002877,20240506,L5-A,31.19266055045872,49.79253112033195,L2,-0.1281858846393061,-0.1586315818723384,False,True,False,2024,机械设备,YELLOW,STABLE,WARNING,OVERREACTION
002917,20240506,L5-A,55.47945205479452,27.631578947368425,L1,-0.0194613331251179,0.0067383284448842,False,False,False,2024,基础化工,YELLOW,STABLE,WARNING,OVERREACTION
002946,20240506,L5-A,47.43589743589743,67.10526315789474,L2,0.1522165261921859,0.2064489999879631,True,True,True,2024,食品饮料,GREEN,STABLE,HEALTHY,OVERREACTION
002988,20240506,L5-A,23.333333333333332,50.0,L2,-0.0194177666803656,-0.1050629961029788,True,True,False,2024,有色金属,YELLOW,STABLE,WARNING,OVERREACTION
003023,20240506,L5-A,24.074074074074073,84.48275862068965,L3,-0.0043921112439155,-0.0129485540154962,True,True,False,2024,家用电器,GREEN,STABLE,HEALTHY,OVERREACTION
300005,20240506,L5-A,61.904761904761905,82.92682926829268,L3,0.4007696022897316,0.4275777470143272,True,True,True,2024,纺织服饰,YELLOW,STABLE,WARNING,OVERREACTION
300011,20240506,L5-A,16.055045871559635,96.6804979253112,L3,0.2716666666666667,0.2412209694336343,True,True,True,2024,机械设备,YELLOW,STABLE,WARNING,OVERREACTION
300012,20240506,L5-B,52.77777777777778,34.285714285714285,L1,0.0587555304021836,0.0298408657367854,False,False,False,2024,社会服务,YELLOW,STABLE,WARNING,OVERREACTION
300016,20240506,L5-B,6.451612903225806,89.0909090909091,L0,0.406679764243615,0.4327522170093368,True,False,True,2024,医药生物,GREEN,STABLE,HEALTHY,OVERREACTION
300160,20240506,L5-B,50.0,51.72413793103448,L2,0.0111151646417693,0.0025587218701885,True,True,False,2024,家用电器,GREEN,STABLE,HEALTHY,OVERREACTION
300169,20240506,L5-A,2.73972602739726,98.68421052631578,L3,0.5574614065180103,0.5836610680880125,True,True,True,2024,基础化工,YELLOW,STABLE,WARNING,OVERREACTION
300174,20240506,L5-B,69.17808219178082,36.84210526315789,L1,-0.1089882129424433,-0.0827885513724411,False,False,False,2024,基础化工,YELLOW,STABLE,WARNING,OVERREACTION
300180,20240506,L5-B,63.6986301369863,96.05263157894736,L3,0.9128329297820824,0.9390325913520846,True,True,True,2024,基础化工,YELLOW,STABLE,WARNING,OVERREACTION
300189,20240506,L5-A,22.5,100.0,L3,0.2806324110671938,0.2838131965957145,True,True,True,2024,农林牧渔,YELLOW,STABLE,WARNING,OVERREACTION
300247,20240506,L5-B,3.7037037037037033,79.3103448275862,L0,0.3972602739726028,0.388703831201022,True,False,True,2024,家用电器,GREEN,STABLE,HEALTHY,OVERREACTION
300279,20240506,L5-B,11.11111111111111,98.27586206896552,L3,0.2454361054766733,0.2368796627050925,True,True,True,2024,家用电器,GREEN,STABLE,HEALTHY,OVERREACTION
300307,20240506,L5-A,63.76146788990825,57.67634854771784,L2,0.218108437775387,0.1876627405423546,True,True,True,2024,机械设备,YELLOW,STABLE,WARNING,OVERREACTION
300337,20240506,L5-A,36.666666666666664,100.0,L3,1.2130010763407917,1.1273558469181784,True,True,True,2024,有色金属,YELLOW,STABLE,WARNING,OVERREACTION
300341,20240506,L5-B,34.56221198156682,65.9090909090909,L2,1.3592695222809557,1.3853419750466776,True,True,True,2024,医药生物,GREEN,STABLE,HEALTHY,OVERREACTION
300351,20240506,L5-A,61.00917431192661,64.31535269709543,L2,-0.0536212641661251,-0.0840669613991574,True,True,False,2024,机械设备,YELLOW,STABLE,WARNING,OVERREACTION
300402,20240506,L5-B,20.642201834862387,37.75933609958506,L0,-0.010470673263934,-0.0409163704969663,False,False,False,2024,机械设备,YELLOW,STABLE,WARNING,OVERREACTION
300403,20240506,L5-B,57.407407407407405,44.827586206896555,L2,0.0620157870907616,0.0534593443191808,False,True,True,2024,家用电器,GREEN,STABLE,HEALTHY,OVERREACTION
300439,20240506,L5-B,43.77880184331797,85.0,L3,0.0292849591897959,0.0553574119555177,True,True,True,2024,医药生物,GREEN,STABLE,HEALTHY,OVERREACTION
300470,20240506,L5-A,50.0,29.87551867219917,L1,0.0353224841247856,0.0048767868917532,False,False,False,2024,机械设备,YELLOW,STABLE,WARNING,OVERREACTION
300482,20240506,L5-B,46.08294930875576,7.727272727272727,L0,-0.1647615868087726,-0.1386891340430507,False,False,False,2024,医药生物,GREEN,STABLE,HEALTHY,OVERREACTION
300519,20240506,L5-B,20.737327188940093,83.18181818181817,L0,0.1508887348893524,0.1769611876550742,True,False,True,2024,医药生物,GREEN,STABLE,HEALTHY,OVERREACTION
300538,20240506,L5-A,28.767123287671232,93.42105263157896,L3,0.1448286762004729,0.171028337770475,True,True,True,2024,基础化工,YELLOW,STABLE,WARNING,OVERREACTION
300543,20240506,L5-A,7.4074074074074066,94.82758620689656,L0,0.1791835003194763,0.1706270575478955,True,False,True,2024,家用电器,GREEN,STABLE,HEALTHY,OVERREACTION
300562,20240506,L5-B,26.72811059907834,100.0,L3,0.2872316440178255,0.3133040967835473,True,True,True,2024,医药生物,GREEN,STABLE,HEALTHY,OVERREACTION
300606,20240506,L5-A,16.972477064220186,99.1701244813278,L3,0.0695490798111706,0.0391033825781382,True,True,False,2024,机械设备,YELLOW,STABLE,WARNING,OVERREACTION
300662,20240506,L5-A,38.88888888888889,5.88235294117647,L1,-0.0649461132545655,-0.0938607779199636,False,False,False,2024,社会服务,YELLOW,STABLE,WARNING,OVERREACTION
300718,20240506,L5-B,40.36697247706422,73.44398340248964,L3,0.1223221333521422,0.0918764361191098,True,True,True,2024,机械设备,YELLOW,STABLE,WARNING,OVERREACTION
300727,20240506,L5-B,58.9041095890411,68.42105263157895,L0,0.0633501121484807,0.0895497737184828,True,False,True,2024,基础化工,YELLOW,STABLE,WARNING,OVERREACTION
300731,20240506,L5-A,32.19178082191781,89.47368421052632,L3,0.3138719768429192,0.3400716384129213,True,True,True,2024,基础化工,YELLOW,STABLE,WARNING,OVERREACTION
300809,20240506,L5-A,37.15596330275229,49.37759336099585,L2,-0.0829811347899224,-0.1134268320229547,False,True,False,2024,机械设备,YELLOW,STABLE,WARNING,OVERREACTION
300832,20240506,L5-A,35.944700460829495,37.72727272727273,L1,-0.0705616287520044,-0.0444891759862825,False,False,False,2024,医药生物,GREEN,STABLE,HEALTHY,OVERREACTION
300840,20240506,L5-A,21.428571428571427,63.41463414634146,L2,-0.2272867687010896,-0.2004786239764939,True,True,False,2024,纺织服饰,YELLOW,STABLE,WARNING,OVERREACTION
300841,20240506,L5-A,55.29953917050692,48.63636363636364,L2,-0.0847074798165973,-0.0586350270508754,False,True,False,2024,医药生物,GREEN,STABLE,HEALTHY,OVERREACTION
300902,20240506,L5-B,62.38532110091744,21.57676348547718,L1,-0.1500358301953092,-0.1804815274283415,False,False,False,2024,机械设备,YELLOW,STABLE,WARNING,OVERREACTION
300918,20240506,L5-B,52.38095238095239,7.317073170731707,L1,0.035241534320402,0.0620496790449976,False,False,True,2024,纺织服饰,YELLOW,STABLE,WARNING,OVERREACTION
300942,20240506,L5-B,3.225806451612903,93.63636363636364,L0,0.0418250950570342,0.067897547822756,True,False,True,2024,医药生物,GREEN,STABLE,HEALTHY,OVERREACTION
300943,20240506,L5-A,19.26605504587156,83.40248962655602,L3,0.1418724758474223,0.1114267786143899,True,True,True,2024,机械设备,YELLOW,STABLE,WARNING,OVERREACTION
300957,20240506,L5-A,16.666666666666664,30.76923076923077,L1,-0.1328449922689539,-0.1015586593232915,False,False,False,2024,美容护理,YELLOW,STABLE,WARNING,OVERREACTION
300966,20240506,L5-A,21.19815668202765,38.63636363636363,L1,0.0524206851116866,0.0784931378774084,False,False,True,2024,医药生物,GREEN,STABLE,HEALTHY,OVERREACTION
300972,20240506,L5-B,8.695652173913043,97.95918367346938,L3,1.3882433356117567,1.2307892293552485,True,True,True,2024,商贸零售,YELLOW,STABLE,WARNING,OVERREACTION
300973,20240506,L5-B,30.76923076923077,15.789473684210526,L1,-0.0090050557432194,0.0452274180525578,False,False,False,2024,食品饮料,GREEN,STABLE,HEALTHY,OVERREACTION
300990,20240506,L5-B,26.146788990825687,24.896265560165975,L1,0.0111687292956565,-0.0192769679373758,False,False,False,2024,机械设备,YELLOW,STABLE,WARNING,OVERREACTION
300992,20240506,L5-A,31.65137614678899,83.81742738589212,L3,0.0970313723870401,0.0665856751540077,True,True,True,2024,机械设备,YELLOW,STABLE,WARNING,OVERREACTION
301028,20240506,L5-A,41.284403669724774,77.59336099585063,L3,0.1821230810933976,0.1516773838603652,True,True,True,2024,机械设备,YELLOW,STABLE,WARNING,OVERREACTION
301066,20240506,L5-A,33.33333333333333,80.48780487804879,L3,-0.0717634866358188,-0.0449553419112231,True,True,False,2024,纺织服饰,YELLOW,STABLE,WARNING,OVERREACTION
301128,20240506,L5-A,72.47706422018348,97.9253112033195,L3,0.3037153262891574,0.273269629056125,True,True,True,2024,机械设备,YELLOW,STABLE,WARNING,OVERREACTION
301131,20240506,L5-A,33.56164383561644,34.21052631578947,L1,-0.1463910210347331,-0.1201913594647309,False,False,False,2024,基础化工,YELLOW,STABLE,WARNING,OVERREACTION
301149,20240506,L5-A,35.61643835616438,67.10526315789474,L2,-0.1546094110856749,-0.1284097495156727,True,True,False,2024,基础化工,YELLOW,STABLE,WARNING,OVERREACTION
301151,20240506,L5-B,22.93577981651376,80.91286307053942,L3,-0.0127280975520495,-0.0431737947850818,True,True,False,2024,机械设备,YELLOW,STABLE,WARNING,OVERREACTION
301239,20240506,L5-A,1.3824884792626728,13.18181818181818,L1,-0.2587068302443789,-0.232634377478657,False,False,False,2024,医药生物,GREEN,STABLE,HEALTHY,OVERREACTION
301257,20240506,L5-A,18.433179723502302,28.636363636363637,L1,-0.1959142749044591,-0.1698418221387372,False,False,False,2024,医药生物,GREEN,STABLE,HEALTHY,OVERREACTION
301289,20240506,L5-A,19.444444444444446,40.0,L2,0.0171673359803563,-0.0117473286850418,False,True,False,2024,社会服务,YELLOW,STABLE,WARNING,OVERREACTION
301333,20240506,L5-A,30.414746543778804,70.45454545454545,L3,0.1825142060067148,0.2085866587724366,True,True,True,2024,医药生物,GREEN,STABLE,HEALTHY,OVERREACTION
600055,20240506,L5-A,45.16129032258064,50.0,L2,-0.0900775179994117,-0.0640050652336898,True,True,False,2024,医药生物,GREEN,STABLE,HEALTHY,OVERREACTION
600085,20240506,L5-A,11.059907834101384,15.0,L1,-0.0703885383886636,-0.0443160856229417,False,False,False,2024,医药生物,GREEN,STABLE,HEALTHY,OVERREACTION
600186,20240506,L5-B,41.02564102564102,50.0,L2,0.0044052863436121,0.0586377601393893,True,True,True,2024,食品饮料,GREEN,STABLE,HEALTHY,OVERREACTION
600202,20240506,L5-A,6.422018348623854,74.27385892116183,L3,-0.0166334512046512,-0.0470791484376835,True,True,False,2024,机械设备,YELLOW,STABLE,WARNING,OVERREACTION
600216,20240506,L5-A,51.61290322580645,99.0909090909091,L3,0.7041332404997429,0.7302056932654648,True,True,True,2024,医药生物,GREEN,STABLE,HEALTHY,OVERREACTION
600250,20240506,L5-B,30.434782608695656,34.69387755102041,L1,0.2380396732788796,0.080585567022371,False,False,True,2024,商贸零售,YELLOW,STABLE,WARNING,OVERREACTION
600262,20240506,L5-A,52.752293577981646,61.82572614107884,L2,0.057957822085684,0.0275121248526516,True,True,False,2024,机械设备,YELLOW,STABLE,WARNING,OVERREACTION
600280,20240506,L5-B,13.043478260869565,93.87755102040816,L3,0.2454873646209387,0.0880332583644301,True,True,True,2024,商贸零售,YELLOW,STABLE,WARNING,OVERREACTION
600371,20240506,L5-B,17.5,55.00000000000001,L2,0.1968257569176708,0.2000065424461915,True,True,True,2024,农林牧渔,YELLOW,STABLE,WARNING,OVERREACTION
600399,20240506,L5-B,12.0,36.0,L1,0.1155117268986689,0.0817868811910395,False,False,True,2024,钢铁,YELLOW,STABLE,WARNING,OVERREACTION
600444,20240506,L5-A,44.03669724770643,60.99585062240664,L2,0.1127405509459031,0.0822948537128707,True,True,True,2024,机械设备,YELLOW,STABLE,WARNING,OVERREACTION
600448,20240506,L5-B,9.523809523809524,68.29268292682927,L2,0.0481927710843372,0.0750009158089328,True,True,True,2024,纺织服饰,YELLOW,STABLE,WARNING,OVERREACTION
600513,20240506,L5-A,30.87557603686636,74.0909090909091,L3,-0.0043174503385923,0.0217550024271295,True,True,False,2024,医药生物,GREEN,STABLE,HEALTHY,OVERREACTION
600520,20240506,L5-B,22.018348623853218,93.7759336099585,L0,1.27315296566077,1.2427072684277376,True,False,True,2024,机械设备,YELLOW,STABLE,WARNING,OVERREACTION
600540,20240506,L5-B,47.5,80.0,L3,-0.0441176470588235,-0.0409368615303027,True,True,False,2024,农林牧渔,YELLOW,STABLE,WARNING,OVERREACTION
600573,20240506,L5-A,43.58974358974359,89.47368421052632,L3,0.0413480623737501,0.0955805361695273,True,True,True,2024,食品饮料,GREEN,STABLE,HEALTHY,OVERREACTION
600595,20240506,L5-B,31.666666666666664,38.70967741935484,L0,-0.0925925925925925,-0.1782378220152057,False,False,False,2024,有色金属,YELLOW,STABLE,WARNING,OVERREACTION
600630,20240506,L5-B,4.761904761904762,29.268292682926827,L1,-0.0453664492271552,-0.0185583045025595,False,False,False,2024,纺织服饰,YELLOW,STABLE,WARNING,OVERREACTION
600712,20240506,L5-B,28.26086956521739,77.55102040816327,L3,0.4438775510204082,0.2864234447638997,True,True,True,2024,商贸零售,YELLOW,STABLE,WARNING,OVERREACTION
600779,20240506,L5-A,33.33333333333333,18.421052631578945,L1,-0.0255949547593842,0.028637519036393,False,False,False,2024,食品饮料,GREEN,STABLE,HEALTHY,OVERREACTION
600838,20240506,L5-A,26.08695652173913,61.224489795918366,L2,0.4306510444648952,0.2731969382083866,True,True,True,2024,商贸零售,YELLOW,STABLE,WARNING,OVERREACTION
600987,20240506,L5-A,66.66666666666666,39.02439024390244,L1,-0.0694725878769862,-0.0426644431523905,False,False,False,2024,纺织服饰,YELLOW,STABLE,WARNING,OVERREACTION
601116,20240506,L5-B,21.73913043478261,28.57142857142857,L1,0.2799069793150874,0.1224528730585788,False,False,True,2024,商贸零售,YELLOW,STABLE,WARNING,OVERREACTION
603036,20240506,L5-A,39.44954128440367,32.365145228215766,L1,0.2675635129609459,0.2371178157279135,False,False,True,2024,机械设备,YELLOW,STABLE,WARNING,OVERREACTION
603099,20240506,L5-A,2.7777777777777777,91.42857142857144,L3,0.6435758980725768,0.6146612334071786,True,True,True,2024,社会服务,YELLOW,STABLE,WARNING,OVERREACTION
603229,20240506,L5-B,54.83870967741935,59.09090909090909,L0,0.0090643056024077,0.0351367583681295,True,False,False,2024,医药生物,GREEN,STABLE,HEALTHY,OVERREACTION
603416,20240506,L5-A,47.706422018348626,60.16597510373444,L0,0.1593390104354821,0.1288933132024497,True,False,True,2024,机械设备,YELLOW,STABLE,WARNING,OVERREACTION
603439,20240506,L5-B,25.806451612903224,27.27272727272727,L1,-0.1264514973299934,-0.1003790445642715,False,False,False,2024,医药生物,GREEN,STABLE,HEALTHY,OVERREACTION
603536,20240506,L5-A,3.8461538461538463,56.57894736842105,L2,-0.043408586968984,0.0108238868267932,True,True,False,2024,食品饮料,GREEN,STABLE,HEALTHY,OVERREACTION
603538,20240506,L5-B,19.35483870967742,75.0,L3,-0.059038350862581,-0.0329658980968591,True,True,False,2024,医药生物,GREEN,STABLE,HEALTHY,OVERREACTION
603589,20240506,L5-A,61.53846153846154,55.26315789473685,L2,-0.0670884369546137,-0.0128559631588364,True,True,False,2024,食品饮料,GREEN,STABLE,HEALTHY,OVERREACTION
603683,20240506,L5-A,31.506849315068493,90.13157894736842,L3,-0.1244190949262677,-0.0982194333562655,True,True,False,2024,基础化工,YELLOW,STABLE,WARNING,OVERREACTION
603716,20240506,L5-B,3.686635944700461,81.81818181818183,L0,-0.0506666666666666,-0.0245942139009447,True,False,False,2024,医药生物,GREEN,STABLE,HEALTHY,OVERREACTION
603726,20240506,L5-B,31.48148148148148,93.10344827586206,L3,0.2518582471978727,0.2433018044262919,True,True,True,2024,家用电器,GREEN,STABLE,HEALTHY,OVERREACTION
603826,20240506,L5-A,17.80821917808219,96.71052631578948,L3,-0.1675292407237614,-0.1413295791537592,True,True,False,2024,基础化工,YELLOW,STABLE,WARNING,OVERREACTION
603896,20240506,L5-A,33.6405529953917,18.636363636363637,L1,-0.2187843814278323,-0.1927119286621104,False,False,False,2024,医药生物,GREEN,STABLE,HEALTHY,OVERREACTION
605086,20240506,L5-A,41.0958904109589,53.94736842105263,L2,0.7759566485861713,0.8021563101561735,True,True,True,2024,基础化工,YELLOW,STABLE,WARNING,OVERREACTION
605108,20240506,L5-B,36.11111111111111,2.857142857142857,L1,-0.2281116329697576,-0.2570262976351558,False,False,False,2024,社会服务,YELLOW,STABLE,WARNING,OVERREACTION
605116,20240506,L5-A,58.06451612903226,73.63636363636363,L3,-0.1131294875886999,-0.087057034822978,True,True,False,2024,医药生物,GREEN,STABLE,HEALTHY,OVERREACTION
605179,20240506,L5-A,28.205128205128204,52.63157894736842,L2,-0.1400984089974789,-0.0858659352017016,True,True,False,2024,食品饮料,GREEN,STABLE,HEALTHY,OVERREACTION
605188,20240506,L5-A,47.82608695652174,75.51020408163265,L3,-0.1091518061046495,-0.266605912361158,True,True,False,2024,商贸零售,YELLOW,STABLE,WARNING,OVERREACTION
605366,20240506,L5-B,4.10958904109589,28.947368421052634,L1,-0.1310323386413283,-0.1048326770713261,False,False,False,2024,基础化工,YELLOW,STABLE,WARNING,OVERREACTION
605555,20240506,L5-A,53.70370370370371,22.41379310344828,L1,-0.0952253493660285,-0.1037817921376092,False,False,False,2024,家用电器,GREEN,STABLE,HEALTHY,OVERREACTION
688016,20240506,L5-A,59.44700460829493,6.363636363636363,L1,-0.2353827434617179,-0.209310290695996,False,False,False,2024,医药生物,GREEN,STABLE,HEALTHY,OVERREACTION
688029,20240506,L5-A,22.119815668202765,52.27272727272727,L2,-0.0410564988773131,-0.0149840461115912,True,True,False,2024,医药生物,GREEN,STABLE,HEALTHY,OVERREACTION
688128,20240506,L5-A,55.04587155963303,48.13278008298755,L2,0.0759961899239249,0.0455504926908925,False,True,False,2024,机械设备,YELLOW,STABLE,WARNING,OVERREACTION
688276,20240506,L5-B,4.147465437788019,10.0,L1,-0.3773071870042812,-0.3512347342385593,False,False,False,2024,医药生物,GREEN,STABLE,HEALTHY,OVERREACTION
688300,20240506,L5-A,80.13698630136986,42.10526315789473,L2,0.0247948679071707,0.0509945294771728,False,True,True,2024,基础化工,YELLOW,STABLE,WARNING,OVERREACTION
688366,20240506,L5-A,53.45622119815668,52.72727272727272,L2,-0.0412910714923675,-0.0152186187266456,True,True,False,2024,医药生物,GREEN,STABLE,HEALTHY,OVERREACTION
688609,20240506,L5-B,25.925925925925924,25.86206896551724,L0,0.0939534883720929,0.0853970456005121,False,False,True,2024,家用电器,GREEN,STABLE,HEALTHY,OVERREACTION
688626,20240506,L5-A,24.88479262672811,10.909090909090908,L1,-0.3154533610213061,-0.2893809082555842,False,False,False,2024,医药生物,GREEN,STABLE,HEALTHY,OVERREACTION
688686,20240506,L5-B,15.59633027522936,3.319502074688797,L1,-0.2193203685042353,-0.2497660657372676,False,False,False,2024,机械设备,YELLOW,STABLE,WARNING,OVERREACTION
688690,20240506,L5-B,44.23963133640553,30.454545454545457,L1,-0.1025478835712848,-0.0764754308055629,False,False,False,2024,医药生物,GREEN,STABLE,HEALTHY,OVERREACTION
688698,20240506,L5-B,32.56880733944954,20.33195020746888,L0,0.1189457583153945,0.0885000610823621,False,False,True,2024,机械设备,YELLOW,STABLE,WARNING,OVERREACTION
000420,20240902,L5-A,45.39473684210527,75.73529411764706,L3,0.3904109589041096,0.0845029869740076,True,True,True,2024,基础化工,YELLOW,STABLE,WARNING,OVERREACTION
000423,20240902,L5-A,4.090909090909091,93.65079365079364,L3,0.183155376036638,-0.0063600714638499,True,True,False,2024,医药生物,GREEN,STABLE,HEALTHY,OVERREACTION
000516,20240902,L5-B,21.818181818181817,58.82352941176471,L2,0.4489311163895486,0.2594156688890606,True,True,True,2024,医药生物,GREEN,STABLE,HEALTHY,OVERREACTION
000521,20240902,L5-A,62.06896551724138,4.081632653061225,L1,-0.0463733650416171,-0.4504024758745718,False,False,False,2024,家用电器,GREEN,STABLE,HEALTHY,OVERREACTION
000534,20240902,L5-A,49.09090909090909,97.35449735449735,L3,0.7702407002188183,0.5807252527183304,True,True,True,2024,医药生物,GREEN,STABLE,HEALTHY,OVERREACTION
000568,20240902,L5-A,5.263157894736842,6.349206349206349,L1,0.1242301313564153,-0.2238911452502753,False,False,False,2024,食品饮料,GREEN,TURNING_UP,HEALTHY,NORMAL_DISCOUNT
000596,20240902,L5-A,2.631578947368421,4.761904761904762,L1,0.0245418064135933,-0.3235794701930973,False,False,False,2024,食品饮料,GREEN,TURNING_UP,HEALTHY,NORMAL_DISCOUNT
000612,20240902,L5-B,6.451612903225806,50.90909090909091,L2,0.3797709923664121,0.0131664606650397,True,True,False,2024,有色金属,YELLOW,STABLE,WARNING,OVERREACTION
000630,20240902,L5-B,25.806451612903224,25.454545454545453,L1,0.0728476821192052,-0.2937568495821671,False,False,False,2024,有色金属,YELLOW,STABLE,WARNING,OVERREACTION
000680,20240902,L5-A,19.50207468879668,85.79234972677595,L3,0.4612353253495369,-0.0838111937135128,True,True,False,2024,机械设备,YELLOW,STABLE,WARNING,OVERREACTION
000702,20240902,L5-B,32.5,6.976744186046512,L1,0.5436681222707425,0.30262300869025,False,False,True,2024,农林牧渔,YELLOW,STABLE,WARNING,OVERREACTION
000715,20240902,L5-B,51.02040816326531,51.28205128205128,L2,0.3445378151260503,-0.1596910867175954,True,True,False,2024,商贸零售,YELLOW,STABLE,WARNING,OVERREACTION
000737,20240902,L5-A,27.419354838709676,3.636363636363636,L1,0.0782396088019559,-0.2883649228994164,False,False,False,2024,有色金属,YELLOW,STABLE,WARNING,OVERREACTION
000786,20240902,L5-A,17.857142857142858,33.33333333333333,L1,0.1832927818329277,-0.1408922054737862,False,False,False,2024,建筑材料,YELLOW,STABLE,WARNING,OVERREACTION
000807,20240902,L5-A,20.967741935483872,58.18181818181818,L2,0.4562892573049704,0.089684725603598,True,True,True,2024,有色金属,YELLOW,STABLE,WARNING,OVERREACTION
000830,20240902,L5-A,30.26315789473684,37.5,L1,0.0787037037037037,-0.2272042682263982,False,False,False,2024,基础化工,YELLOW,STABLE,WARNING,OVERREACTION
000848,20240902,L5-B,36.84210526315789,58.730158730158735,L0,0.1966053748231966,-0.151515901783494,True,False,False,2024,食品饮料,GREEN,TURNING_UP,HEALTHY,NORMAL_DISCOUNT
000878,20240902,L5-A,32.25806451612903,17.647058823529413,L1,0.1480191685008112,-0.2185853632005611,False,False,False,2024,有色金属,YELLOW,STABLE,WARNING,OVERREACTION
000923,20240902,L5-A,4.0,7.142857142857142,L1,0.043010752688172,-0.2653713421055884,False,False,False,2024,钢铁,YELLOW,STABLE,WARNING,OVERREACTION
000930,20240902,L5-B,17.5,16.666666666666664,L0,0.155925155925156,-0.0851199576553364,False,False,False,2024,农林牧渔,YELLOW,STABLE,WARNING,OVERREACTION
000975,20240902,L5-A,40.32258064516129,27.27272727272727,L1,0.0132492113564668,-0.3533553203449055,False,False,False,2024,有色金属,YELLOW,STABLE,WARNING,OVERREACTION
000988,20240902,L5-A,67.21991701244814,48.97959183673469,L2,0.4824742268041238,-0.0625722922589259,False,True,False,2024,机械设备,YELLOW,STABLE,WARNING,OVERREACTION
001215,20240902,L5-A,6.578947368421052,20.77922077922078,L1,0.2477025898078528,-0.1004186867988378,False,False,False,2024,食品饮料,GREEN,TURNING_UP,HEALTHY,NORMAL_DISCOUNT
001217,20240902,L5-B,73.68421052631578,97.05882352941175,L0,0.2347729789590253,-0.0711349929710767,True,False,False,2024,基础化工,YELLOW,STABLE,WARNING,OVERREACTION
001338,20240902,L5-B,35.0,50.0,L2,0.1986827661909989,-0.0423623473894935,True,True,False,2024,农林牧渔,YELLOW,STABLE,WARNING,OVERREACTION
002003,20240902,L5-A,56.09756097560976,62.06896551724138,L2,0.0435386294726662,-0.2578843160387589,True,True,False,2024,纺织服饰,GREEN,TURNING_UP,WARNING,NORMAL_DISCOUNT
002008,20240902,L5-A,55.601659751037346,51.36612021857923,L2,0.4422669491525421,-0.1027795699105075,True,True,False,2024,机械设备,YELLOW,STABLE,WARNING,OVERREACTION
002011,20240902,L5-B,53.44827586206896,24.489795918367346,L1,0.1961722488038277,-0.207856862029127,False,False,False,2024,家用电器,GREEN,STABLE,HEALTHY,OVERREACTION
002032,20240902,L5-B,48.27586206896552,36.734693877551024,L1,0.061463809138698,-0.3425653016942567,False,False,False,2024,家用电器,GREEN,STABLE,HEALTHY,OVERREACTION
002035,20240902,L5-A,31.03448275862069,44.89795918367347,L2,0.1862416107382549,-0.2177875000946998,False,True,False,2024,家用电器,GREEN,STABLE,HEALTHY,OVERREACTION
002043,20240902,L5-A,28.57142857142857,66.66666666666666,L2,0.1362665375361085,-0.1879184497706054,True,True,False,2024,建筑材料,YELLOW,STABLE,WARNING,OVERREACTION
002050,20240902,L5-B,6.896551724137931,48.97959183673469,L0,0.8299533445616938,0.425924233728739,False,False,True,2024,家用电器,GREEN,STABLE,HEALTHY,OVERREACTION
002068,20240902,L5-B,2.631578947368421,99.26470588235294,L3,1.0452961672473866,0.7393881953172846,True,True,True,2024,基础化工,YELLOW,STABLE,WARNING,OVERREACTION
002073,20240902,L5-A,35.26970954356847,45.3551912568306,L2,0.3277182235834608,-0.2173282954795888,False,True,False,2024,机械设备,YELLOW,STABLE,WARNING,OVERREACTION
002091,20240902,L5-B,18.367346938775512,15.384615384615383,L0,0.2519584816136651,-0.2522704202299807,False,False,False,2024,商贸零售,YELLOW,STABLE,WARNING,OVERREACTION
002093,20240902,L5-B,57.14285714285714,82.35294117647058,L3,0.3577512776831346,0.113796755046322,True,True,True,2024,社会服务,GREEN,TURNING_UP,WARNING,NORMAL_DISCOUNT
002110,20240902,L5-B,20.0,88.46153846153845,L0,0.5132075471698112,0.2048254523760508,True,False,True,2024,钢铁,YELLOW,STABLE,WARNING,OVERREACTION
002150,20240902,L5-B,53.11203319502075,3.6734693877551026,L1,0.011049723756906,-0.5339967953061436,False,False,False,2024,机械设备,YELLOW,STABLE,WARNING,OVERREACTION
002166,20240902,L5-B,69.73684210526315,22.794117647058822,L0,0.1275964391691395,-0.1783115327609625,False,False,False,2024,基础化工,YELLOW,STABLE,WARNING,OVERREACTION
002182,20240902,L5-B,3.225806451612903,63.63636363636363,L2,0.3632336655592469,-0.0033708661421253,True,True,False,2024,有色金属,YELLOW,STABLE,WARNING,OVERREACTION
002225,20240902,L5-B,14.285714285714285,94.44444444444444,L0,0.8349206349206348,0.5107356476139209,True,False,True,2024,建筑材料,YELLOW,STABLE,WARNING,OVERREACTION
002237,20240902,L5-B,19.35483870967742,40.0,L0,0.0984848484848486,-0.2681196832165237,False,False,False,2024,有色金属,YELLOW,STABLE,WARNING,OVERREACTION
002290,20240902,L5-A,55.172413793103445,93.87755102040816,L3,0.8709136630343672,0.4668845522014125,True,True,True,2024,家用电器,GREEN,STABLE,HEALTHY,OVERREACTION
002315,20240902,L5-A,20.40816326530612,66.66666666666666,L2,0.8799467062223012,0.3757178043786554,True,True,True,2024,商贸零售,YELLOW,STABLE,WARNING,OVERREACTION
002318,20240902,L5-A,8.0,92.85714285714286,L3,0.203950880939669,-0.1044312138540913,True,True,False,2024,钢铁,YELLOW,STABLE,WARNING,OVERREACTION
002327,20240902,L5-A,14.634146341463412,37.93103448275862,L1,0.1097393689986281,-0.191683576512797,False,False,False,2024,纺织服饰,GREEN,TURNING_UP,WARNING,NORMAL_DISCOUNT
002329,20240902,L5-B,85.52631578947368,25.97402597402597,L0,0.2202166064981949,-0.1279046701084957,False,False,False,2024,食品饮料,GREEN,TURNING_UP,HEALTHY,NORMAL_DISCOUNT
002333,20240902,L5-B,35.714285714285715,11.11111111111111,L1,0.1214574898785423,-0.2027274974281716,False,False,False,2024,建筑材料,YELLOW,STABLE,WARNING,OVERREACTION
002377,20240902,L5-B,38.88888888888889,55.00000000000001,L2,0.5885714285714285,0.421934221120633,True,True,True,2024,石油石化,YELLOW,STABLE,WARNING,OVERREACTION
002378,20240902,L5-A,62.903225806451616,43.63636363636363,L2,0.154657293497364,-0.2119472382040083,False,True,False,2024,有色金属,YELLOW,STABLE,WARNING,OVERREACTION
002422,20240902,L5-B,47.72727272727273,49.2063492063492,L2,0.022484313236607,-0.1670311342638809,False,True,False,2024,医药生物,GREEN,STABLE,HEALTHY,OVERREACTION
002429,20240902,L5-A,50.0,77.55102040816327,L3,0.1732456140350875,-0.2307834967978672,True,True,False,2024,家用电器,GREEN,STABLE,HEALTHY,OVERREACTION
002455,20240902,L5-B,5.263157894736842,23.52941176470588,L1,0.1786743515850146,-0.1272336203450874,False,False,False,2024,基础化工,YELLOW,STABLE,WARNING,OVERREACTION
002535,20240902,L5-A,88.79668049792531,37.704918032786885,L1,0.2915360501567399,-0.2535104689063098,False,False,False,2024,机械设备,YELLOW,STABLE,WARNING,OVERREACTION
002548,20240902,L5-B,30.0,12.5,L0,0.016216216216216,-0.2248288973642764,False,False,False,2024,农林牧渔,YELLOW,STABLE,WARNING,OVERREACTION
002550,20240902,L5-B,49.54545454545455,76.71957671957672,L3,0.0520231213872832,-0.1374923261132047,True,True,False,2024,医药生物,GREEN,STABLE,HEALTHY,OVERREACTION
002552,20240902,L5-B,3.734439834024896,61.74863387978142,L2,0.3963908535516154,-0.1486556655114342,True,True,False,2024,机械设备,YELLOW,STABLE,WARNING,OVERREACTION
002557,20240902,L5-A,27.631578947368425,25.396825396825395,L1,0.0914157311157934,-0.2567055454908973,False,False,False,2024,食品饮料,GREEN,TURNING_UP,HEALTHY,NORMAL_DISCOUNT
002563,20240902,L5-A,17.073170731707318,75.86206896551724,L3,0.4240362811791383,0.1226133356677131,True,True,True,2024,纺织服饰,GREEN,TURNING_UP,WARNING,NORMAL_DISCOUNT
002570,20240902,L5-A,82.89473684210526,79.36507936507937,L3,0.9087136929460576,0.560592416339367,True,True,True,2024,食品饮料,GREEN,TURNING_UP,HEALTHY,NORMAL_DISCOUNT
002596,20240902,L5-B,78.57142857142857,88.0,L3,1.2884615384615383,0.9642765511548244,True,True,True,2024,建筑材料,YELLOW,STABLE,WARNING,OVERREACTION
002646,20240902,L5-A,31.57894736842105,34.92063492063492,L1,0.1012351905672235,-0.2468860860394671,False,False,False,2024,食品饮料,GREEN,TURNING_UP,HEALTHY,NORMAL_DISCOUNT
002668,20240902,L5-A,46.55172413793103,89.79591836734694,L3,0.3160854893138356,-0.0879436215191191,True,True,False,2024,家用电器,GREEN,STABLE,HEALTHY,OVERREACTION
002676,20240902,L5-A,13.79310344827586,29.09090909090909,L1,0.4108891017679286,0.0068599909349738,False,False,False,2024,家用电器,GREEN,STABLE,HEALTHY,OVERREACTION
002698,20240902,L5-B,32.780082987551864,75.40983606557377,L0,0.6336805555555556,0.0886340364925059,True,False,True,2024,机械设备,YELLOW,STABLE,WARNING,OVERREACTION
002705,20240902,L5-B,29.310344827586203,40.81632653061224,L2,0.268,-0.1360291108329547,False,True,False,2024,家用电器,GREEN,STABLE,HEALTHY,OVERREACTION
002716,20240902,L5-A,17.741935483870968,67.27272727272727,L2,0.1993006993006993,-0.167303832400673,True,True,False,2024,有色金属,YELLOW,STABLE,WARNING,OVERREACTION
002773,20240902,L5-A,14.09090909090909,42.32804232804233,L2,0.0323974082073432,-0.1571180392931447,False,True,False,2024,医药生物,GREEN,STABLE,HEALTHY,OVERREACTION
002832,20240902,L5-A,9.75609756097561,13.79310344827586,L1,0.0337078651685394,-0.2677150803428857,False,False,False,2024,纺织服饰,GREEN,TURNING_UP,WARNING,NORMAL_DISCOUNT
002833,20240902,L5-A,8.29875518672199,38.79781420765027,L1,0.2801951723705411,-0.2648513466925086,False,False,False,2024,机械设备,YELLOW,STABLE,WARNING,OVERREACTION
002847,20240902,L5-A,23.684210526315788,80.95238095238095,L3,0.4280940347408613,0.0799727581341706,True,True,True,2024,食品饮料,GREEN,TURNING_UP,HEALTHY,NORMAL_DISCOUNT
002849,20240902,L5-A,9.54356846473029,87.43169398907104,L3,0.8012752391073326,0.2562287200442829,True,True,True,2024,机械设备,YELLOW,STABLE,WARNING,OVERREACTION
002886,20240902,L5-B,63.81578947368421,80.88235294117648,L0,0.5307984790874525,0.2248905071573504,True,False,True,2024,基础化工,YELLOW,STABLE,WARNING,OVERREACTION
002895,20240902,L5-B,26.31578947368421,87.5,L0,0.2885264341957254,-0.0173815377343766,True,False,False,2024,基础化工,YELLOW,STABLE,WARNING,OVERREACTION
002901,20240902,L5-B,33.18181818181819,58.20105820105819,L2,0.4084033613445377,0.2188879138440497,True,True,True,2024,医药生物,GREEN,STABLE,HEALTHY,OVERREACTION
002917,20240902,L5-A,27.631578947368425,69.85294117647058,L2,0.9177750906892383,0.6118671187591364,True,True,True,2024,基础化工,YELLOW,STABLE,WARNING,OVERREACTION
002946,20240902,L5-A,67.10526315789474,84.12698412698413,L3,0.6627607714775503,0.3146394948708596,True,True,True,2024,食品饮料,GREEN,TURNING_UP,HEALTHY,NORMAL_DISCOUNT
002971,20240902,L5-A,13.815789473684212,62.5,L2,0.2054250823816439,-0.1004828895484581,True,True,False,2024,基础化工,YELLOW,STABLE,WARNING,OVERREACTION
002988,20240902,L5-B,50.0,96.36363636363636,L3,0.5859542548876331,0.2193497231862607,True,True,True,2024,有色金属,YELLOW,STABLE,WARNING,OVERREACTION
002991,20240902,L5-A,25.0,90.47619047619048,L3,0.4237826599714238,0.0756613833647331,True,True,True,2024,食品饮料,GREEN,TURNING_UP,HEALTHY,NORMAL_DISCOUNT
003000,20240902,L5-A,43.42105263157895,49.2063492063492,L2,0.1181351659491483,-0.2299861106575423,False,True,False,2024,食品饮料,GREEN,TURNING_UP,HEALTHY,NORMAL_DISCOUNT
300009,20240902,L5-A,33.63636363636363,24.867724867724867,L1,0.114631496606314,-0.0748839508941739,False,False,False,2024,医药生物,GREEN,STABLE,HEALTHY,OVERREACTION
300019,20240902,L5-B,17.105263157894736,44.11764705882353,L2,0.6478873239436622,0.3419793520135602,False,True,True,2024,基础化工,YELLOW,STABLE,WARNING,OVERREACTION
300049,20240902,L5-A,11.363636363636363,1.5873015873015872,L1,-0.1532154752754292,-0.3427309227759171,False,False,False,2024,医药生物,GREEN,STABLE,HEALTHY,OVERREACTION
300092,20240902,L5-B,33.19502074688796,42.62295081967213,L0,0.2850924918389552,-0.2599540272240945,False,False,False,2024,机械设备,YELLOW,STABLE,WARNING,OVERREACTION
300094,20240902,L5-B,97.5,11.627906976744184,L0,0.3010752688172042,0.0600301552367117,False,False,True,2024,农林牧渔,YELLOW,STABLE,WARNING,OVERREACTION
300124,20240902,L5-A,4.979253112033195,5.46448087431694,L0,0.7224072312083731,0.1773607121453234,False,False,True,2024,机械设备,YELLOW,STABLE,WARNING,OVERREACTION
300160,20240902,L5-A,51.72413793103448,28.57142857142857,L1,0.2139639639639641,-0.1900651468689906,False,False,False,2024,家用电器,GREEN,STABLE,HEALTHY,OVERREACTION
300174,20240902,L5-A,36.84210526315789,21.323529411764707,L1,0.3558416903944927,0.0499337184643907,False,False,False,2024,基础化工,YELLOW,STABLE,WARNING,OVERREACTION
300206,20240902,L5-B,61.81818181818181,64.55026455026454,L2,0.4259681093394079,0.2364526618389199,True,True,True,2024,医药生物,GREEN,STABLE,HEALTHY,OVERREACTION
300221,20240902,L5-B,52.63157894736842,19.852941176470587,L1,0.6624203821656052,0.3565124102355032,False,False,True,2024,基础化工,YELLOW,STABLE,WARNING,OVERREACTION
300233,20240902,L5-A,5.0,14.285714285714285,L1,0.178627865888119,-0.0108875816123689,False,False,False,2024,医药生物,GREEN,STABLE,HEALTHY,OVERREACTION
300260,20240902,L5-B,15.767634854771783,39.34426229508197,L1,0.4086146682188591,-0.1364318508441905,False,False,False,2024,机械设备,YELLOW,STABLE,WARNING,OVERREACTION
300320,20240902,L5-A,24.342105263157897,36.76470588235294,L1,0.388825738874117,0.0829177669440149,False,False,True,2024,基础化工,YELLOW,STABLE,WARNING,OVERREACTION
300342,20240902,L5-A,37.93103448275862,27.27272727272727,L1,0.3656422379826636,-0.0383868728502911,False,False,False,2024,家用电器,GREEN,STABLE,HEALTHY,OVERREACTION
300354,20240902,L5-A,23.236514522821576,46.93877551020408,L2,0.4981818181818183,-0.0468647008812314,False,True,False,2024,机械设备,YELLOW,STABLE,WARNING,OVERREACTION
300374,20240902,L5-B,39.285714285714285,24.0,L1,0.3872741555380989,0.0630891682313849,False,False,True,2024,建筑材料,YELLOW,STABLE,WARNING,OVERREACTION
300402,20240902,L5-B,37.75933609958506,24.043715846994537,L0,0.2758620689655173,-0.2691844500975324,False,False,False,2024,机械设备,YELLOW,STABLE,WARNING,OVERREACTION
300403,20240902,L5-A,44.827586206896555,90.9090909090909,L3,1.9780458986540248,1.57401678782107,True,True,True,2024,家用电器,GREEN,STABLE,HEALTHY,OVERREACTION
300445,20240902,L5-B,23.65145228215767,27.322404371584703,L1,0.2494729444834857,-0.295573574579564,False,False,False,2024,机械设备,YELLOW,STABLE,WARNING,OVERREACTION
300482,20240902,L5-B,7.727272727272727,14.814814814814811,L0,0.1166905786704926,-0.0728248688299953,False,False,False,2024,医药生物,GREEN,STABLE,HEALTHY,OVERREACTION
300529,20240902,L5-A,40.45454545454545,16.93121693121693,L1,0.0588235294117647,-0.1306919180887232,False,False,False,2024,医药生物,GREEN,STABLE,HEALTHY,OVERREACTION
300641,20240902,L5-A,4.605263157894736,16.99346405228758,L1,0.4323524536184253,0.1264444816883232,False,False,True,2024,基础化工,YELLOW,STABLE,WARNING,OVERREACTION
300653,20240902,L5-B,35.90909090909091,17.989417989417987,L1,0.0843749999999998,-0.1051404475004881,False,False,False,2024,医药生物,GREEN,STABLE,HEALTHY,OVERREACTION
300697,20240902,L5-B,33.87096774193548,60.0,L0,0.4858044164037853,0.119199884702413,True,False,True,2024,有色金属,YELLOW,STABLE,WARNING,OVERREACTION
300702,20240902,L5-B,15.454545454545451,52.38095238095239,L2,0.2255434782608694,0.0360280307603814,True,True,False,2024,医药生物,GREEN,STABLE,HEALTHY,OVERREACTION
300720,20240902,L5-A,50.62240663900415,57.92349726775956,L2,0.4366446551317005,-0.1084018639313492,True,True,False,2024,机械设备,YELLOW,STABLE,WARNING,OVERREACTION
300727,20240902,L5-B,68.42105263157895,94.11764705882352,L0,0.8384321223709368,0.5325241504408348,True,False,True,2024,基础化工,YELLOW,STABLE,WARNING,OVERREACTION
300731,20240902,L5-A,89.47368421052632,91.91176470588236,L3,0.5183923705722071,0.2124843986421051,True,True,True,2024,基础化工,YELLOW,STABLE,WARNING,OVERREACTION
300755,20240902,L5-B,6.122448979591836,10.256410256410255,L0,0.6258028135844655,0.1215739117408197,False,False,True,2024,商贸零售,YELLOW,STABLE,WARNING,OVERREACTION
300758,20240902,L5-A,49.34210526315789,11.76470588235294,L1,0.3333841358972411,0.027476163967139,False,False,False,2024,基础化工,YELLOW,STABLE,WARNING,OVERREACTION
300761,20240902,L5-A,12.5,25.581395348837212,L1,-0.050182958703607,-0.2912280722840994,False,False,False,2024,农林牧渔,YELLOW,STABLE,WARNING,OVERREACTION
300783,20240902,L5-A,7.894736842105263,88.88888888888889,L3,0.7073881938976991,0.3592669172910084,True,True,True,2024,食品饮料,GREEN,TURNING_UP,HEALTHY,NORMAL_DISCOUNT
300832,20240902,L5-A,37.72727272727273,26.984126984126984,L1,-0.0552647783251232,-0.2447802258256111,False,False,False,2024,医药生物,GREEN,STABLE,HEALTHY,OVERREACTION
300841,20240902,L5-A,48.63636363636364,3.7037037037037033,L1,0.047156995924704,-0.1423584515757839,False,False,False,2024,医药生物,GREEN,STABLE,HEALTHY,OVERREACTION
300856,20240902,L5-B,7.6923076923076925,33.33333333333333,L1,-0.0688212927756655,-0.2952341394529879,False,False,False,2024,美容护理,YELLOW,STABLE,WARNING,OVERREACTION
300869,20240902,L5-B,51.81818181818182,7.936507936507936,L0,0.0963480963480962,-0.0931673511523917,False,False,False,2024,医药生物,GREEN,STABLE,HEALTHY,OVERREACTION
300891,20240902,L5-B,53.289473684210535,35.947712418300654,L1,0.1869031377899044,-0.1190048341401976,False,False,False,2024,基础化工,YELLOW,STABLE,WARNING,OVERREACTION
300896,20240902,L5-A,15.384615384615383,25.0,L1,0.226269474899019,-0.0001433717783033,False,False,False,2024,美容护理,YELLOW,STABLE,WARNING,OVERREACTION
300902,20240902,L5-B,21.57676348547718,27.346938775510203,L0,0.0661719233147801,-0.4788745957482695,False,False,False,2024,机械设备,YELLOW,STABLE,WARNING,OVERREACTION
300905,20240902,L5-B,1.9736842105263157,2.941176470588235,L1,0.3121495327102801,0.0062415607801781,False,False,False,2024,基础化工,YELLOW,STABLE,WARNING,OVERREACTION
300918,20240902,L5-B,7.317073170731707,55.172413793103445,L2,1.3438320209973753,1.04240907548595,True,True,True,2024,纺织服饰,GREEN,TURNING_UP,WARNING,NORMAL_DISCOUNT
300927,20240902,L5-B,57.89473684210527,1.4705882352941175,L0,0.4246676514032497,0.1187596794731477,False,False,True,2024,基础化工,YELLOW,STABLE,WARNING,OVERREACTION
300950,20240902,L5-A,28.21576763485477,33.33333333333333,L1,0.3470031545741325,-0.1980433644889171,False,False,False,2024,机械设备,YELLOW,STABLE,WARNING,OVERREACTION
300957,20240902,L5-A,30.76923076923077,8.333333333333332,L1,0.0595325953259531,-0.1668802513513692,False,False,False,2024,美容护理,YELLOW,STABLE,WARNING,OVERREACTION
300973,20240902,L5-B,15.789473684210526,50.79365079365079,L2,0.8239210669328156,0.4757997903261249,True,True,True,2024,食品饮料,GREEN,TURNING_UP,HEALTHY,NORMAL_DISCOUNT
300988,20240902,L5-A,80.49792531120332,15.846994535519126,L1,0.3299874529485571,-0.2150590661144926,False,False,False,2024,机械设备,YELLOW,STABLE,WARNING,OVERREACTION
300990,20240902,L5-A,24.896265560165975,41.53005464480874,L2,0.8551991586419379,0.3101526395788881,False,True,True,2024,机械设备,YELLOW,STABLE,WARNING,OVERREACTION
301018,20240902,L5-A,71.36929460580913,93.98907103825135,L3,1.3684480986639258,0.8234015796008761,True,True,True,2024,机械设备,YELLOW,STABLE,WARNING,OVERREACTION
301066,20240902,L5-A,80.48780487804879,93.10344827586206,L3,0.6875753920386007,0.3861524465271756,True,True,True,2024,纺织服饰,GREEN,TURNING_UP,WARNING,NORMAL_DISCOUNT
301073,20240902,L5-A,14.285714285714285,14.705882352941178,L0,0.2958870472682628,0.0519325246314502,False,False,True,2024,社会服务,GREEN,TURNING_UP,WARNING,NORMAL_DISCOUNT
301131,20240902,L5-A,34.21052631578947,36.02941176470589,L1,0.2283517218321631,-0.0775562500979389,False,False,False,2024,基础化工,YELLOW,STABLE,WARNING,OVERREACTION
301158,20240902,L5-A,55.18672199170125,32.78688524590164,L1,0.2522596802300814,-0.2927868388329683,False,False,False,2024,机械设备,YELLOW,STABLE,WARNING,OVERREACTION
301188,20240902,L5-A,3.1818181818181817,68.25396825396825,L2,0.4359649122807019,0.2464494647802139,True,True,True,2024,医药生物,GREEN,STABLE,HEALTHY,OVERREACTION
301219,20240902,L5-B,58.06451612903226,1.818181818181818,L0,0.4877981142540208,0.1211935825526485,False,False,True,2024,有色金属,YELLOW,STABLE,WARNING,OVERREACTION
301230,20240902,L5-B,39.09090909090909,68.78306878306879,L2,0.7856471189407503,0.5961316714402625,True,True,True,2024,医药生物,GREEN,STABLE,HEALTHY,OVERREACTION
301239,20240902,L5-B,13.18181818181818,53.43915343915344,L0,0.7515817515817516,0.5620663040812637,True,False,True,2024,医药生物,GREEN,STABLE,HEALTHY,OVERREACTION
301252,20240902,L5-A,20.689655172413794,83.6734693877551,L3,0.6342763427634277,0.2302472319304729,True,True,True,2024,家用电器,GREEN,STABLE,HEALTHY,OVERREACTION
301289,20240902,L5-A,40.0,79.41176470588235,L3,0.4177954847277556,0.173840962090943,True,True,True,2024,社会服务,GREEN,TURNING_UP,WARNING,NORMAL_DISCOUNT
301293,20240902,L5-A,23.636363636363637,84.12698412698413,L3,0.5222849968612682,0.3327695493607802,True,True,True,2024,医药生物,GREEN,STABLE,HEALTHY,OVERREACTION
600054,20240902,L5-B,31.428571428571427,29.411764705882355,L1,0.0732394366197184,-0.1707150860170941,False,False,False,2024,社会服务,GREEN,TURNING_UP,WARNING,NORMAL_DISCOUNT
600060,20240902,L5-B,1.7241379310344829,34.69387755102041,L1,0.4730423620025674,0.0690132511696126,False,False,True,2024,家用电器,GREEN,STABLE,HEALTHY,OVERREACTION
600085,20240902,L5-A,15.0,82.01058201058201,L0,0.0678578338686732,-0.1216576136318147,True,False,False,2024,医药生物,GREEN,STABLE,HEALTHY,OVERREACTION
600161,20240902,L5-A,42.27272727272727,33.33333333333333,L1,-0.1555084745762712,-0.3450239220767591,False,False,False,2024,医药生物,GREEN,STABLE,HEALTHY,OVERREACTION
600186,20240902,L5-B,50.0,92.06349206349206,L3,1.158878504672897,0.8107572280662064,True,True,True,2024,食品饮料,GREEN,TURNING_UP,HEALTHY,NORMAL_DISCOUNT
600215,20240902,L5-A,6.224066390041494,59.56284153005464,L0,0.5311355311355312,-0.0139109879275184,True,False,False,2024,机械设备,YELLOW,STABLE,WARNING,OVERREACTION
600250,20240902,L5-B,34.69387755102041,17.94871794871795,L0,0.1233595800524935,-0.3808693217911523,False,False,False,2024,商贸零售,YELLOW,STABLE,WARNING,OVERREACTION
600262,20240902,L5-B,61.82572614107884,39.89071038251366,L1,0.1838709677419354,-0.3611755513211143,False,False,False,2024,机械设备,YELLOW,STABLE,WARNING,OVERREACTION
600295,20240902,L5-B,28.000000000000004,71.42857142857143,L0,0.0535917901938427,-0.2547903045999177,True,False,False,2024,钢铁,YELLOW,STABLE,WARNING,OVERREACTION
600301,20240902,L5-A,29.03225806451613,61.81818181818181,L2,0.282220753469927,-0.0843837782314453,True,True,False,2024,有色金属,YELLOW,STABLE,WARNING,OVERREACTION
600367,20240902,L5-A,36.18421052631579,66.17647058823529,L2,0.469042390211704,0.163134418281602,True,True,True,2024,基础化工,YELLOW,STABLE,WARNING,OVERREACTION
600398,20240902,L5-B,4.878048780487805,72.41379310344827,L3,0.3789237476829896,0.0775008021715644,True,True,True,2024,纺织服饰,GREEN,TURNING_UP,WARNING,NORMAL_DISCOUNT
600426,20240902,L5-B,12.5,13.23529411764706,L1,-0.0560302383426816,-0.3619382102727836,False,False,False,2024,基础化工,YELLOW,STABLE,WARNING,OVERREACTION
600511,20240902,L5-B,27.727272727272727,7.239819004524888,L1,0.0512373649355175,-0.1382780825649704,False,False,False,2024,医药生物,GREEN,STABLE,HEALTHY,OVERREACTION
600529,20240902,L5-A,58.18181818181818,11.312217194570136,L1,-0.0435362054984259,-0.2330516529989138,False,False,False,2024,医药生物,GREEN,STABLE,HEALTHY,OVERREACTION
600531,20240902,L5-B,14.516129032258066,18.181818181818183,L1,0.1431095406360425,-0.2234949910653298,False,False,False,2024,有色金属,YELLOW,STABLE,WARNING,OVERREACTION
600559,20240902,L5-A,34.21052631578947,26.984126984126984,L1,0.070730304772858,-0.2773909718338326,False,False,False,2024,食品饮料,GREEN,TURNING_UP,HEALTHY,NORMAL_DISCOUNT
600576,20240902,L5-A,54.285714285714285,91.17647058823528,L3,0.9746300211416488,0.7306754985048363,True,True,True,2024,社会服务,GREEN,TURNING_UP,WARNING,NORMAL_DISCOUNT
600582,20240902,L5-A,6.639004149377594,48.57142857142857,L2,0.0365853658536585,-0.5084611532093912,False,True,False,2024,机械设备,YELLOW,STABLE,WARNING,OVERREACTION
600595,20240902,L5-B,38.70967741935484,52.72727272727272,L0,0.5899581589958156,0.2233536272944433,True,False,True,2024,有色金属,YELLOW,STABLE,WARNING,OVERREACTION
600618,20240902,L5-B,30.92105263157895,77.20588235294117,L3,0.3047375160051218,-0.0011704559249802,True,True,False,2024,基础化工,YELLOW,STABLE,WARNING,OVERREACTION
600630,20240902,L5-B,29.268292682926827,65.51724137931035,L2,0.2775453277545328,-0.0238776177568923,True,True,False,2024,纺织服饰,GREEN,TURNING_UP,WARNING,NORMAL_DISCOUNT
600690,20240902,L5-B,18.96551724137931,18.367346938775512,L1,0.0618345618345619,-0.3421945489983928,False,False,False,2024,家用电器,GREEN,STABLE,HEALTHY,OVERREACTION
600691,20240902,L5-B,7.894736842105263,28.104575163398692,L1,0.361290322580645,0.0553823506505429,False,False,True,2024,基础化工,YELLOW,STABLE,WARNING,OVERREACTION
600722,20240902,L5-B,74.3421052631579,70.58823529411765,L3,0.471698113207547,0.165790141277445,True,True,True,2024,基础化工,YELLOW,STABLE,WARNING,OVERREACTION
600750,20240902,L5-B,15.909090909090908,87.3015873015873,L3,0.0738747086591635,-0.1156407388413244,True,True,False,2024,医药生物,GREEN,STABLE,HEALTHY,OVERREACTION
600771,20240902,L5-B,17.272727272727273,25.925925925925924,L1,0.0234604105571847,-0.1660550369433032,False,False,False,2024,医药生物,GREEN,STABLE,HEALTHY,OVERREACTION
600779,20240902,L5-A,18.421052631578945,71.42857142857143,L3,0.4976348155156103,0.1495135389089196,True,True,True,2024,食品饮料,GREEN,TURNING_UP,HEALTHY,NORMAL_DISCOUNT
600809,20240902,L5-A,9.210526315789473,7.936507936507936,L1,0.1929347018263083,-0.1551865747803823,False,False,False,2024,食品饮料,GREEN,TURNING_UP,HEALTHY,NORMAL_DISCOUNT
600861,20240902,L5-B,8.571428571428571,85.0,L3,0.4544117647058825,0.2104572420690699,True,True,True,2024,社会服务,GREEN,TURNING_UP,WARNING,NORMAL_DISCOUNT
600880,20240902,L5-B,25.71428571428571,67.64705882352942,L2,0.3342696629213484,0.0903151402845358,True,True,True,2024,社会服务,GREEN,TURNING_UP,WARNING,NORMAL_DISCOUNT
600955,20240902,L5-B,19.078947368421055,57.35294117647059,L0,0.0874439461883407,-0.2184640257417613,True,False,False,2024,基础化工,YELLOW,STABLE,WARNING,OVERREACTION
600987,20240902,L5-A,39.02439024390244,10.344827586206897,L1,0.0333333333333332,-0.2680896121780919,False,False,False,2024,纺织服饰,GREEN,TURNING_UP,WARNING,NORMAL_DISCOUNT
601001,20240902,L5-B,38.88888888888889,6.666666666666667,L1,-0.2135061391541609,-0.1461339887422204,False,False,False,2024,煤炭,GREEN,TURNING_UP,WARNING,NORMAL_DISCOUNT
601038,20240902,L5-B,46.058091286307054,3.278688524590164,L1,-0.0586297760210804,-0.6036762950841301,False,False,False,2024,机械设备,YELLOW,STABLE,WARNING,OVERREACTION
601061,20240902,L5-B,24.489795918367346,65.21739130434783,L0,0.0421511627906976,-0.4620777390529482,True,False,False,2024,商贸零售,YELLOW,STABLE,WARNING,OVERREACTION
601599,20240902,L5-A,75.60975609756098,40.0,L2,0.2745762711864405,-0.0268466743249846,False,True,False,2024,纺织服饰,GREEN,TURNING_UP,WARNING,NORMAL_DISCOUNT
601702,20240902,L5-A,22.58064516129032,70.9090909090909,L3,0.2820680628272252,-0.0845364688741471,True,True,False,2024,有色金属,YELLOW,STABLE,WARNING,OVERREACTION
601717,20240902,L5-A,7.468879668049793,36.6120218579235,L1,0.1522491349480967,-0.392797384114953,False,False,False,2024,机械设备,YELLOW,STABLE,WARNING,OVERREACTION
601969,20240902,L5-B,16.0,64.28571428571429,L2,0.3104887339824431,0.0021066391886827,True,True,False,2024,钢铁,YELLOW,STABLE,WARNING,OVERREACTION
603025,20240902,L5-A,13.278008298755188,66.12021857923497,L2,0.3009090909090908,-0.2441374281539589,True,True,False,2024,机械设备,YELLOW,STABLE,WARNING,OVERREACTION
603036,20240902,L5-A,32.365145228215766,94.53551912568308,L3,0.5553145336225596,0.0102680145595098,True,True,False,2024,机械设备,YELLOW,STABLE,WARNING,OVERREACTION
603055,20240902,L5-A,46.34146341463415,3.4482758620689653,L1,0.062380038387716,-0.2390429071237091,False,False,False,2024,纺织服饰,GREEN,TURNING_UP,WARNING,NORMAL_DISCOUNT
603076,20240902,L5-B,38.17427385892116,30.05464480874317,L1,0.1487437185929647,-0.396302800470085,False,False,False,2024,机械设备,YELLOW,STABLE,WARNING,OVERREACTION
603087,20240902,L5-B,29.09090909090909,48.67724867724868,L2,0.165084448943398,-0.0244309985570899,False,True,False,2024,医药生物,GREEN,STABLE,HEALTHY,OVERREACTION
603100,20240902,L5-A,18.67219917012448,19.183673469387756,L1,0.3449133360307719,-0.2001331830322777,False,False,False,2024,机械设备,YELLOW,STABLE,WARNING,OVERREACTION
603132,20240902,L5-B,11.29032258064516,34.54545454545455,L1,0.0759873887428166,-0.2906171429585557,False,False,False,2024,有色金属,YELLOW,STABLE,WARNING,OVERREACTION
603198,20240902,L5-A,13.157894736842104,3.1746031746031744,L1,0.1530864197530865,-0.1950348568536041,False,False,False,2024,食品饮料,GREEN,TURNING_UP,HEALTHY,NORMAL_DISCOUNT
603214,20240902,L5-B,32.6530612244898,74.35897435897436,L3,0.9678071651219644,0.4635782632783186,True,True,True,2024,商贸零售,YELLOW,STABLE,WARNING,OVERREACTION
603225,20240902,L5-B,6.578947368421052,27.941176470588236,L1,0.20188679245283,-0.1040211794772719,False,False,False,2024,基础化工,YELLOW,STABLE,WARNING,OVERREACTION
603279,20240902,L5-A,14.107883817427386,19.12568306010929,L1,0.0018244956993995,-0.5432220233636502,False,False,False,2024,机械设备,YELLOW,STABLE,WARNING,OVERREACTION
603298,20240902,L5-A,16.59751037344398,8.743169398907105,L1,0.2621082621082622,-0.2829382569547874,False,False,False,2024,机械设备,YELLOW,STABLE,WARNING,OVERREACTION
603308,20240902,L5-A,7.883817427385892,71.58469945355192,L3,0.7945344129554655,0.2494878938924157,True,True,True,2024,机械设备,YELLOW,STABLE,WARNING,OVERREACTION
603317,20240902,L5-B,28.947368421052634,66.66666666666666,L2,0.4299674267100977,0.081846150103407,True,True,True,2024,食品饮料,GREEN,TURNING_UP,HEALTHY,NORMAL_DISCOUNT
603337,20240902,L5-A,46.88796680497925,74.86338797814209,L3,0.2223033098429663,-0.3227432092200833,True,True,False,2024,机械设备,YELLOW,STABLE,WARNING,OVERREACTION
603338,20240902,L5-A,9.12863070539419,79.78142076502732,L3,0.231590181430096,-0.3134563376329536,True,True,False,2024,机械设备,YELLOW,STABLE,WARNING,OVERREACTION
603369,20240902,L5-A,11.842105263157894,12.698412698412698,L1,0.3336790251490795,-0.0144422514576111,False,False,False,2024,食品饮料,GREEN,TURNING_UP,HEALTHY,NORMAL_DISCOUNT
603379,20240902,L5-B,3.289473684210526,90.44117647058825,L3,0.4489267209474465,0.1430187490173445,True,True,True,2024,基础化工,YELLOW,STABLE,WARNING,OVERREACTION
603439,20240902,L5-B,27.27272727272727,43.386243386243386,L0,0.0986159169550171,-0.0908995305454708,False,False,False,2024,医药生物,GREEN,STABLE,HEALTHY,OVERREACTION
603486,20240902,L5-B,17.24137931034483,32.6530612244898,L1,0.4392244593586876,0.0351953485257328,False,False,False,2024,家用电器,GREEN,STABLE,HEALTHY,OVERREACTION
603520,20240902,L5-A,26.81818181818182,44.97354497354497,L2,0.0256090464422449,-0.163906401058243,False,True,False,2024,医药生物,GREEN,STABLE,HEALTHY,OVERREACTION
603536,20240902,L5-A,56.57894736842105,9.090909090909092,L0,0.4518828451882846,0.1037615685815939,False,False,True,2024,食品饮料,GREEN,TURNING_UP,HEALTHY,NORMAL_DISCOUNT
603558,20240902,L5-B,34.146341463414636,44.827586206896555,L2,0.1236080178173719,-0.1778149276940532,False,True,False,2024,纺织服饰,GREEN,TURNING_UP,WARNING,NORMAL_DISCOUNT
603566,20240902,L5-B,20.0,4.166666666666666,L1,0.0016611295681063,-0.2393839840123861,False,False,False,2024,农林牧渔,YELLOW,STABLE,WARNING,OVERREACTION
603583,20240902,L5-B,29.045643153526974,86.88524590163934,L3,1.3779874213836476,0.8329409023205979,True,True,True,2024,机械设备,YELLOW,STABLE,WARNING,OVERREACTION
603589,20240902,L5-B,55.26315789473685,9.523809523809524,L1,0.0199203187250995,-0.3282009578815912,False,False,False,2024,食品饮料,GREEN,TURNING_UP,HEALTHY,NORMAL_DISCOUNT
603613,20240902,L5-B,36.734693877551024,15.217391304347828,L1,0.4147489539748954,-0.0894799478687503,False,False,False,2024,商贸零售,YELLOW,STABLE,WARNING,OVERREACTION
603619,20240902,L5-A,16.666666666666664,11.76470588235294,L1,-0.0884569880459359,-0.2550941954967314,False,False,False,2024,石油石化,YELLOW,STABLE,WARNING,OVERREACTION
603658,20240902,L5-A,21.363636363636363,55.026455026455025,L2,0.02075,-0.1687654475004879,True,True,False,2024,医药生物,GREEN,STABLE,HEALTHY,OVERREACTION
603662,20240902,L5-A,54.35684647302904,99.4535519125683,L3,2.1718408395277655,1.626794320464716,True,True,True,2024,机械设备,YELLOW,STABLE,WARNING,OVERREACTION
603727,20240902,L5-A,5.555555555555555,52.94117647058824,L2,0.3175217812197484,0.1508845737689529,True,True,True,2024,石油石化,YELLOW,STABLE,WARNING,OVERREACTION
603855,20240902,L5-A,5.809128630705394,55.19125683060109,L2,0.3423586040914561,-0.2026879149715936,True,True,False,2024,机械设备,YELLOW,STABLE,WARNING,OVERREACTION
603867,20240902,L5-B,25.0,66.91176470588235,L0,0.1769268056228792,-0.1289811663072227,True,False,False,2024,基础化工,YELLOW,STABLE,WARNING,OVERREACTION
603915,20240902,L5-B,0.8298755186721992,66.66666666666666,L2,1.1840843114524515,0.6390377923894018,True,True,True,2024,机械设备,YELLOW,STABLE,WARNING,OVERREACTION
603919,20240902,L5-A,40.78947368421053,19.047619047619047,L1,0.1243932038834951,-0.2237280727231955,False,False,False,2024,食品饮料,GREEN,TURNING_UP,HEALTHY,NORMAL_DISCOUNT
603969,20240902,L5-B,34.85477178423236,89.61748633879782,L3,0.3886255924170614,-0.1564209266459882,True,True,False,2024,机械设备,YELLOW,STABLE,WARNING,OVERREACTION
603979,20240902,L5-B,9.67741935483871,9.090909090909092,L1,-0.0312660174269606,-0.3978705491283329,False,False,False,2024,有色金属,YELLOW,STABLE,WARNING,OVERREACTION
603983,20240902,L5-A,23.076923076923077,83.33333333333334,L3,0.588492852593034,0.3620800059157116,True,True,True,2024,美容护理,YELLOW,STABLE,WARNING,OVERREACTION
605020,20240902,L5-A,1.3157894736842104,72.05882352941177,L3,0.4242424242424243,0.1183344523123223,True,True,True,2024,基础化工,YELLOW,STABLE,WARNING,OVERREACTION
605098,20240902,L5-A,5.714285714285714,17.647058823529413,L1,0.2216739640105594,-0.0222805586262531,False,False,False,2024,社会服务,GREEN,TURNING_UP,WARNING,NORMAL_DISCOUNT
605166,20240902,L5-B,48.68421052631579,73.52941176470588,L0,0.3152289669861554,0.0093209950560533,True,False,False,2024,基础化工,YELLOW,STABLE,WARNING,OVERREACTION
605179,20240902,L5-A,52.63157894736842,100.0,L3,1.515691037921277,1.1675697613145863,True,True,True,2024,食品饮料,GREEN,TURNING_UP,HEALTHY,NORMAL_DISCOUNT
605188,20240902,L5-A,75.51020408163265,25.64102564102564,L1,0.173202614379085,-0.3310262874645607,False,False,False,2024,商贸零售,YELLOW,STABLE,WARNING,OVERREACTION
605305,20240902,L5-A,20.74688796680498,62.841530054644814,L2,0.2145328719723183,-0.3305136470907314,True,True,False,2024,机械设备,YELLOW,STABLE,WARNING,OVERREACTION
605365,20240902,L5-B,39.6551724137931,30.612244897959183,L0,0.1483636363636364,-0.2556654744693183,False,False,False,2024,家用电器,GREEN,STABLE,HEALTHY,OVERREACTION
605555,20240902,L5-A,22.41379310344828,81.63265306122449,L3,0.6428571428571428,0.238828032024188,True,True,True,2024,家用电器,GREEN,STABLE,HEALTHY,OVERREACTION
605599,20240902,L5-A,21.951219512195124,31.03448275862069,L1,0.113837095191364,-0.1875858503200611,False,False,False,2024,纺织服饰,GREEN,TURNING_UP,WARNING,NORMAL_DISCOUNT
688016,20240902,L5-A,6.363636363636363,52.910052910052904,L2,0.1339217982622134,-0.0555936492382745,True,True,False,2024,医药生物,GREEN,STABLE,HEALTHY,OVERREACTION
688025,20240902,L5-A,36.09958506224066,59.01639344262295,L2,0.4246418338108881,-0.1204046852521615,True,True,False,2024,机械设备,YELLOW,STABLE,WARNING,OVERREACTION
688065,20240902,L5-B,8.552631578947368,2.2058823529411766,L1,0.3976457077232271,0.0917377357931251,False,False,True,2024,基础化工,YELLOW,STABLE,WARNING,OVERREACTION
688108,20240902,L5-A,25.90909090909091,33.86243386243386,L1,0.2030162412993039,0.0135007937988159,False,False,False,2024,医药生物,GREEN,STABLE,HEALTHY,OVERREACTION
688166,20240902,L5-B,10.454545454545451,13.227513227513226,L1,0.3731697665215669,0.1836543190210789,False,False,True,2024,医药生物,GREEN,STABLE,HEALTHY,OVERREACTION
688169,20240902,L5-A,10.344827586206897,2.0408163265306123,L1,0.0725021700397459,-0.3315269407932088,False,False,False,2024,家用电器,GREEN,STABLE,HEALTHY,OVERREACTION
688190,20240902,L5-B,24.193548387096776,83.63636363636363,L3,0.3540925358085542,-0.012511995892818,True,True,False,2024,有色金属,YELLOW,STABLE,WARNING,OVERREACTION
688253,20240902,L5-A,55.45454545454545,9.523809523809524,L1,-0.1082715031602087,-0.2977869506606966,False,False,False,2024,医药生物,GREEN,STABLE,HEALTHY,OVERREACTION
688276,20240902,L5-B,10.0,6.349206349206349,L1,0.0029799914857386,-0.1865354560147493,False,False,False,2024,医药生物,GREEN,STABLE,HEALTHY,OVERREACTION
688300,20240902,L5-A,42.10526315789473,89.70588235294117,L3,0.4074248120300752,0.1015168400999732,True,True,True,2024,基础化工,YELLOW,STABLE,WARNING,OVERREACTION
688305,20240902,L5-A,39.41908713692946,71.42857142857143,L0,0.2975778546712804,-0.2474686643917693,True,False,False,2024,机械设备,YELLOW,STABLE,WARNING,OVERREACTION
688389,20240902,L5-B,2.272727272727273,20.105820105820104,L1,0.250390015600624,0.060874568100136,False,False,True,2024,医药生物,GREEN,STABLE,HEALTHY,OVERREACTION
688400,20240902,L5-B,70.53941908713693,74.28571428571429,L3,1.099116161616161,0.5540696425531114,True,True,True,2024,机械设备,YELLOW,STABLE,WARNING,OVERREACTION
688425,20240902,L5-B,52.282157676348554,46.99453551912568,L2,0.2176470588235293,-0.3273994602395204,False,True,False,2024,机械设备,YELLOW,STABLE,WARNING,OVERREACTION
688520,20240902,L5-A,12.272727272727272,12.698412698412698,L1,0.3049710277523636,0.1154555802518756,False,False,True,2024,医药生物,GREEN,STABLE,HEALTHY,OVERREACTION
688575,20240902,L5-B,20.0,1.058201058201058,L0,-0.1526603679761313,-0.3421758154766192,False,False,False,2024,医药生物,GREEN,STABLE,HEALTHY,OVERREACTION
688578,20240902,L5-B,5.909090909090909,79.8941798941799,L3,0.666279090522472,0.4767636430219841,True,True,True,2024,医药生物,GREEN,STABLE,HEALTHY,OVERREACTION
688626,20240902,L5-B,10.909090909090908,95.02262443438912,L3,0.5317796610169492,0.3422642135164612,True,True,True,2024,医药生物,GREEN,STABLE,HEALTHY,OVERREACTION
688628,20240902,L5-A,12.448132780082988,33.87978142076503,L1,0.3166775312642467,-0.228368987798803,False,False,False,2024,机械设备,YELLOW,STABLE,WARNING,OVERREACTION
688687,20240902,L5-B,4.545454545454546,4.761904761904762,L1,0.1749241658240647,-0.0145912816764232,False,False,False,2024,医药生物,GREEN,STABLE,HEALTHY,OVERREACTION
688690,20240902,L5-A,30.454545454545457,10.052910052910052,L1,0.4526748971193415,0.2631594496188535,False,False,True,2024,医药生物,GREEN,STABLE,HEALTHY,OVERREACTION
000521,20250102,L5-A,4.081632653061225,25.454545454545453,L1,-0.098040282922571,-0.2027294915082877,False,False,False,2025,家用电器,GREEN,TURNING_UP,HEALTHY,NORMAL_DISCOUNT
000524,20250102,L5-A,50.0,92.5,L3,0.225233359533342,0.1343961456062277,True,True,True,2025,社会服务,GREEN,TURNING_UP,WARNING,NORMAL_DISCOUNT
000568,20250102,L5-A,6.349206349206349,63.63636363636363,L2,-0.0596588120624779,-0.051876458769519,True,True,False,2025,食品饮料,GREEN,TURNING_UP,HEALTHY,NORMAL_DISCOUNT
000596,20250102,L5-B,4.761904761904762,31.16883116883117,L1,-0.1931827838741194,-0.1854004305811605,False,False,False,2025,食品饮料,GREEN,TURNING_UP,HEALTHY,NORMAL_DISCOUNT
000737,20250102,L5-B,3.636363636363636,41.17647058823529,L2,0.5151116951379764,0.2683614420174645,False,True,True,2025,有色金属,GREEN,TURNING_UP,WARNING,NORMAL_DISCOUNT
000795,20250102,L5-A,100.0,26.47058823529412,L1,0.1460085937234527,-0.1007416593970591,False,False,False,2025,有色金属,GREEN,TURNING_UP,WARNING,NORMAL_DISCOUNT
000807,20250102,L5-A,58.18181818181818,19.11764705882353,L1,0.2217356365349974,-0.0250146165855144,False,False,False,2025,有色金属,GREEN,TURNING_UP,WARNING,NORMAL_DISCOUNT
000830,20250102,L5-A,37.5,11.11111111111111,L1,-0.0685464922922101,-0.2800960206518938,False,False,False,2025,基础化工,GREEN,TURNING_UP,WARNING,NORMAL_DISCOUNT
000902,20250102,L5-A,46.32352941176471,53.59477124183007,L2,0.1038873163171967,-0.107662212042487,True,True,False,2025,基础化工,GREEN,TURNING_UP,WARNING,NORMAL_DISCOUNT
000931,20250102,L5-A,64.02116402116403,60.18099547511312,L2,0.1875,0.0510925878960901,True,True,True,2025,医药生物,GREEN,TURNING_UP,HEALTHY,NORMAL_DISCOUNT
000975,20250102,L5-A,27.27272727272727,86.76470588235294,L0,0.2439824493638487,-0.0027678037566631,True,False,False,2025,有色金属,GREEN,TURNING_UP,WARNING,NORMAL_DISCOUNT
002011,20250102,L5-A,24.489795918367346,45.45454545454545,L0,0.0810810810810809,-0.0236081275046358,False,False,False,2025,家用电器,GREEN,TURNING_UP,HEALTHY,NORMAL_DISCOUNT
002032,20250102,L5-B,36.734693877551024,65.45454545454545,L2,0.0351552531087349,-0.0695339554769818,True,True,False,2025,家用电器,GREEN,TURNING_UP,HEALTHY,NORMAL_DISCOUNT
002073,20250102,L5-A,45.3551912568306,7.755102040816326,L1,0.1510279920229098,-0.0648292877111208,False,False,False,2025,机械设备,GREEN,TURNING_UP,WARNING,NORMAL_DISCOUNT
002155,20250102,L5-A,47.27272727272727,94.11764705882352,L3,0.4971615569574688,0.2504113038369569,True,True,True,2025,有色金属,GREEN,TURNING_UP,WARNING,NORMAL_DISCOUNT
002166,20250102,L5-B,22.794117647058822,29.411764705882355,L1,0.1190743797653461,-0.0924751485943376,False,False,False,2025,基础化工,GREEN,TURNING_UP,WARNING,NORMAL_DISCOUNT
002237,20250102,L5-B,40.0,47.05882352941176,L0,0.2160123293567175,-0.0307379237637943,False,False,False,2025,有色金属,GREEN,TURNING_UP,WARNING,NORMAL_DISCOUNT
002262,20250102,L5-A,51.32275132275132,34.841628959276015,L1,-0.0976621278725583,-0.2340695399764681,False,False,False,2025,医药生物,GREEN,TURNING_UP,HEALTHY,NORMAL_DISCOUNT
002274,20250102,L5-A,42.64705882352941,5.88235294117647,L0,0.0055541953105131,-0.2059953330491706,False,False,False,2025,基础化工,GREEN,TURNING_UP,WARNING,NORMAL_DISCOUNT
002378,20250102,L5-A,43.63636363636363,45.588235294117645,L2,0.2820795103145985,0.0353292571940866,False,True,False,2025,有色金属,GREEN,TURNING_UP,WARNING,NORMAL_DISCOUNT
002422,20250102,L5-B,49.2063492063492,94.11764705882352,L3,0.253428993727735,0.1170215816238251,True,True,True,2025,医药生物,GREEN,TURNING_UP,HEALTHY,NORMAL_DISCOUNT
002483,20250102,L5-B,54.09836065573771,45.714285714285715,L0,0.295791483644459,0.0799342039104283,False,False,True,2025,机械设备,GREEN,TURNING_UP,WARNING,NORMAL_DISCOUNT
002557,20250102,L5-A,25.396825396825395,7.792207792207792,L0,-0.2331230354573946,-0.2253406821644357,False,False,False,2025,食品饮料,GREEN,TURNING_UP,HEALTHY,NORMAL_DISCOUNT
002653,20250102,L5-A,39.68253968253968,96.38009049773756,L3,0.3695726939490931,0.2331652818451832,True,True,True,2025,医药生物,GREEN,TURNING_UP,HEALTHY,NORMAL_DISCOUNT
002773,20250102,L5-B,42.32804232804233,97.73755656108597,L3,0.6231250852301058,0.4867176731261959,True,True,True,2025,医药生物,GREEN,TURNING_UP,HEALTHY,NORMAL_DISCOUNT
002901,20250102,L5-B,58.20105820105819,64.25339366515837,L2,0.2311364274459832,0.0947290153420733,True,True,True,2025,医药生物,GREEN,TURNING_UP,HEALTHY,NORMAL_DISCOUNT
002907,20250102,L5-A,59.78835978835979,84.61538461538461,L3,0.3316433598900004,0.1952359477860905,True,True,True,2025,医药生物,GREEN,TURNING_UP,HEALTHY,NORMAL_DISCOUNT
002971,20250102,L5-A,62.5,34.64052287581699,L1,0.3141364254404279,0.1025868970807442,False,False,True,2025,基础化工,GREEN,TURNING_UP,WARNING,NORMAL_DISCOUNT
003000,20250102,L5-A,49.2063492063492,66.23376623376623,L2,-0.0386221929366863,-0.0308398396437273,True,True,False,2025,食品饮料,GREEN,TURNING_UP,HEALTHY,NORMAL_DISCOUNT
003025,20250102,L5-A,28.96174863387978,67.75510204081633,L2,0.2146777749749489,-0.0011795047590817,True,True,False,2025,机械设备,GREEN,TURNING_UP,WARNING,NORMAL_DISCOUNT
300012,20250102,L5-B,2.941176470588235,2.5,L1,-0.0356279606112863,-0.1264651745384005,False,False,False,2025,社会服务,GREEN,TURNING_UP,WARNING,NORMAL_DISCOUNT
300049,20250102,L5-B,1.5873015873015872,13.574660633484164,L1,0.0572456656853124,-0.0791617464185974,False,False,False,2025,医药生物,GREEN,TURNING_UP,HEALTHY,NORMAL_DISCOUNT
300151,20250102,L5-A,20.76502732240437,2.0408163265306123,L1,-0.2471672999225072,-0.4630245796565378,False,False,False,2025,机械设备,GREEN,TURNING_UP,WARNING,NORMAL_DISCOUNT
300165,20250102,L5-B,1.092896174863388,60.0,L0,0.2682119205298012,0.0523546407957705,True,False,True,2025,机械设备,GREEN,TURNING_UP,WARNING,NORMAL_DISCOUNT
300180,20250102,L5-B,12.5,84.31372549019608,L3,0.4457050243111831,0.2341554959514993,True,True,True,2025,基础化工,GREEN,TURNING_UP,WARNING,NORMAL_DISCOUNT
300200,20250102,L5-B,18.38235294117647,51.633986928104584,L2,0.3021493967840651,0.0905998684243813,True,True,True,2025,基础化工,GREEN,TURNING_UP,WARNING,NORMAL_DISCOUNT
300218,20250102,L5-A,7.352941176470589,3.92156862745098,L1,-0.0107158792747008,-0.2222654076343845,False,False,False,2025,基础化工,GREEN,TURNING_UP,WARNING,NORMAL_DISCOUNT
300221,20250102,L5-A,19.852941176470587,93.4640522875817,L3,0.4535901926444834,0.2420406642847997,True,True,True,2025,基础化工,GREEN,TURNING_UP,WARNING,NORMAL_DISCOUNT
300228,20250102,L5-A,25.683060109289617,31.020408163265305,L1,0.1332681778559825,-0.0825891018780481,False,False,False,2025,机械设备,GREEN,TURNING_UP,WARNING,NORMAL_DISCOUNT
300238,20250102,L5-B,23.28042328042328,66.06334841628959,L2,0.4028716216216215,0.2664642095177116,True,True,True,2025,医药生物,GREEN,TURNING_UP,HEALTHY,NORMAL_DISCOUNT
300279,20250102,L5-B,12.244897959183673,63.63636363636363,L2,0.1641285956006768,0.05943938701496,True,True,True,2025,家用电器,GREEN,TURNING_UP,HEALTHY,NORMAL_DISCOUNT
300314,20250102,L5-B,13.756613756613756,72.39819004524887,L3,0.1859849966723348,0.0495775845684249,True,True,False,2025,医药生物,GREEN,TURNING_UP,HEALTHY,NORMAL_DISCOUNT
300320,20250102,L5-B,36.76470588235294,60.78431372549019,L0,0.0623854138518826,-0.1491641145078011,True,False,False,2025,基础化工,GREEN,TURNING_UP,WARNING,NORMAL_DISCOUNT
300402,20250102,L5-B,24.043715846994537,77.9591836734694,L0,0.3738644304682041,0.1580071507341734,True,False,True,2025,机械设备,GREEN,TURNING_UP,WARNING,NORMAL_DISCOUNT
300445,20250102,L5-A,27.322404371584703,28.57142857142857,L1,0.0949704167969187,-0.1208868629371119,False,False,False,2025,机械设备,GREEN,TURNING_UP,WARNING,NORMAL_DISCOUNT
300482,20250102,L5-B,14.814814814814811,12.669683257918551,L1,0.007128043910944,-0.1292793681929658,False,False,False,2025,医药生物,GREEN,TURNING_UP,HEALTHY,NORMAL_DISCOUNT
300487,20250102,L5-B,6.61764705882353,8.49673202614379,L1,0.0618446394179328,-0.1497048889417509,False,False,False,2025,基础化工,GREEN,TURNING_UP,WARNING,NORMAL_DISCOUNT
300529,20250102,L5-A,16.93121693121693,0.904977375565611,L1,-0.2278835699126579,-0.3642909820165677,False,False,False,2025,医药生物,GREEN,TURNING_UP,HEALTHY,NORMAL_DISCOUNT
300539,20250102,L5-A,59.55882352941176,80.3921568627451,L0,0.3113573163404335,0.0998077879807498,True,False,True,2025,基础化工,GREEN,TURNING_UP,WARNING,NORMAL_DISCOUNT
300549,20250102,L5-B,31.693989071038253,59.18367346938776,L2,0.1378100029248492,-0.0780472768091814,True,True,False,2025,机械设备,GREEN,TURNING_UP,WARNING,NORMAL_DISCOUNT
300653,20250102,L5-B,17.989417989417987,30.76923076923077,L1,0.0345771552749569,-0.1018302568289529,False,False,False,2025,医药生物,GREEN,TURNING_UP,HEALTHY,NORMAL_DISCOUNT
300662,20250102,L5-A,5.88235294117647,97.5,L3,0.36211336334306,0.2712761494159457,True,True,True,2025,社会服务,GREEN,TURNING_UP,WARNING,NORMAL_DISCOUNT
300677,20250102,L5-B,11.11111111111111,1.809954751131222,L1,0.0063690897981489,-0.1300383223057609,False,False,False,2025,医药生物,GREEN,TURNING_UP,HEALTHY,NORMAL_DISCOUNT
300685,20250102,L5-A,49.735449735449734,43.43891402714932,L2,-0.0137251037712949,-0.1501325158752047,False,True,False,2025,医药生物,GREEN,TURNING_UP,HEALTHY,NORMAL_DISCOUNT
300758,20250102,L5-A,11.76470588235294,44.44444444444444,L0,0.2745762711864405,0.0630267428267568,False,False,True,2025,基础化工,GREEN,TURNING_UP,WARNING,NORMAL_DISCOUNT
300760,20250102,L5-B,21.693121693121693,20.361990950226243,L1,-0.0782632345279195,-0.2146706466318293,False,False,False,2025,医药生物,GREEN,TURNING_UP,HEALTHY,NORMAL_DISCOUNT
300841,20250102,L5-B,3.7037037037037033,37.10407239819005,L1,0.2639203991856826,0.1275129870817727,False,False,True,2025,医药生物,GREEN,TURNING_UP,HEALTHY,NORMAL_DISCOUNT
300855,20250102,L5-B,5.454545454545454,60.29411764705882,L0,0.1075009707682084,-0.1392492823523034,True,False,False,2025,有色金属,GREEN,TURNING_UP,WARNING,NORMAL_DISCOUNT
300892,20250102,L5-B,23.809523809523807,75.32467532467533,L3,0.0752276204201858,0.0830099737131447,True,True,True,2025,食品饮料,GREEN,TURNING_UP,HEALTHY,NORMAL_DISCOUNT
300896,20250102,L5-A,25.0,28.57142857142857,L1,0.0044018374130614,-0.1951981787946869,False,False,False,2025,美容护理,GREEN,TURNING_UP,WARNING,NORMAL_DISCOUNT
300905,20250102,L5-B,2.941176470588235,32.6797385620915,L0,0.2613315071802906,0.0497819788206068,False,False,False,2025,基础化工,GREEN,TURNING_UP,WARNING,NORMAL_DISCOUNT
300950,20250102,L5-A,33.33333333333333,10.612244897959185,L1,0.4491018120307324,0.2332445322967017,False,False,True,2025,机械设备,GREEN,TURNING_UP,WARNING,NORMAL_DISCOUNT
300957,20250102,L5-A,8.333333333333332,35.714285714285715,L1,0.0719582568603887,-0.1276417593473596,False,False,False,2025,美容护理,GREEN,TURNING_UP,WARNING,NORMAL_DISCOUNT
301028,20250102,L5-A,38.25136612021858,42.44897959183673,L2,0.1903040890193101,-0.0255531907147205,False,True,False,2025,机械设备,GREEN,TURNING_UP,WARNING,NORMAL_DISCOUNT
301032,20250102,L5-B,56.284153005464475,93.46938775510203,L3,0.4634793133359514,0.2476220336019207,True,True,True,2025,机械设备,GREEN,TURNING_UP,WARNING,NORMAL_DISCOUNT
301036,20250102,L5-A,14.705882352941178,11.76470588235294,L1,0.0157936036346546,-0.1957559247250291,False,False,False,2025,基础化工,GREEN,TURNING_UP,WARNING,NORMAL_DISCOUNT
301073,20250102,L5-B,14.705882352941178,82.5,L0,0.1392598054018743,0.04842259147476,True,False,False,2025,社会服务,GREEN,TURNING_UP,WARNING,NORMAL_DISCOUNT
301128,20250102,L5-A,36.0655737704918,84.48979591836735,L3,0.2536767498912864,0.0378194701572557,True,True,False,2025,机械设备,GREEN,TURNING_UP,WARNING,NORMAL_DISCOUNT
301160,20250102,L5-B,42.857142857142854,96.15384615384616,L3,0.4313761467889909,0.3410888012783113,True,True,True,2025,钢铁,GREEN,TURNING_UP,WARNING,NORMAL_DISCOUNT
301188,20250102,L5-A,68.25396825396825,76.47058823529412,L3,0.515871415930139,0.3794640038262291,True,True,True,2025,医药生物,GREEN,TURNING_UP,HEALTHY,NORMAL_DISCOUNT
301207,20250102,L5-B,11.64021164021164,14.027149321266968,L1,0.0069188358007468,-0.129488576303163,False,False,False,2025,医药生物,GREEN,TURNING_UP,HEALTHY,NORMAL_DISCOUNT
301312,20250102,L5-B,26.229508196721312,26.53061224489796,L1,0.2793289216540542,0.0634716419200235,False,False,True,2025,机械设备,GREEN,TURNING_UP,WARNING,NORMAL_DISCOUNT
301448,20250102,L5-B,19.672131147540984,20.0,L0,0.4084248312597447,0.192567551525714,False,False,True,2025,机械设备,GREEN,TURNING_UP,WARNING,NORMAL_DISCOUNT
600062,20250102,L5-A,27.513227513227513,35.74660633484163,L1,-0.032642487046632,-0.1690498991505418,False,False,False,2025,医药生物,GREEN,TURNING_UP,HEALTHY,NORMAL_DISCOUNT
600114,20250102,L5-A,40.98360655737705,75.10204081632654,L3,0.3184396351749827,0.102582355440952,True,True,True,2025,机械设备,GREEN,TURNING_UP,WARNING,NORMAL_DISCOUNT
600161,20250102,L5-A,33.33333333333333,9.049773755656108,L1,-0.0439664252479641,-0.1803738373518739,False,False,False,2025,医药生物,GREEN,TURNING_UP,HEALTHY,NORMAL_DISCOUNT
600285,20250102,L5-A,41.7989417989418,65.15837104072398,L2,0.0898037995831317,-0.0466036125207781,True,True,False,2025,医药生物,GREEN,TURNING_UP,HEALTHY,NORMAL_DISCOUNT
600301,20250102,L5-B,61.81818181818181,77.94117647058823,L3,0.2211764705882353,-0.0255737825322765,True,True,False,2025,有色金属,GREEN,TURNING_UP,WARNING,NORMAL_DISCOUNT
600420,20250102,L5-B,42.857142857142854,4.072398190045249,L1,-0.0757314974182443,-0.2121389095221541,False,False,False,2025,医药生物,GREEN,TURNING_UP,HEALTHY,NORMAL_DISCOUNT
600426,20250102,L5-A,13.23529411764706,28.75816993464052,L1,0.037080469961658,-0.1744690583980257,False,False,False,2025,基础化工,GREEN,TURNING_UP,WARNING,NORMAL_DISCOUNT
600583,20250102,L5-B,47.05882352941176,65.0,L2,0.0557481515690161,-0.0360199097355885,True,True,False,2025,石油石化,GREEN,TURNING_UP,WARNING,NORMAL_DISCOUNT
600595,20250102,L5-B,52.72727272727272,89.70588235294117,L0,0.7338129496402876,0.4870626965197758,True,False,True,2025,有色金属,GREEN,TURNING_UP,WARNING,NORMAL_DISCOUNT
600661,20250102,L5-B,8.823529411764707,20.0,L1,-0.1069078947368421,-0.1977451086639564,False,False,False,2025,社会服务,GREEN,TURNING_UP,WARNING,NORMAL_DISCOUNT
600809,20250102,L5-A,7.936507936507936,85.71428571428571,L3,-0.0061956753376503,0.0015866779553086,True,True,False,2025,食品饮料,GREEN,TURNING_UP,HEALTHY,NORMAL_DISCOUNT
600961,20250102,L5-B,32.72727272727273,88.23529411764706,L0,0.4403080872913993,0.1935578341708874,True,False,True,2025,有色金属,GREEN,TURNING_UP,WARNING,NORMAL_DISCOUNT
600968,20250102,L5-B,35.294117647058826,50.0,L2,-0.011858137232272,-0.1036261985368766,True,True,False,2025,石油石化,GREEN,TURNING_UP,WARNING,NORMAL_DISCOUNT
600987,20250102,L5-A,10.344827586206897,42.5,L2,0.0624254566360764,-0.0126830766428481,False,True,False,2025,纺织服饰,GREEN,TURNING_UP,WARNING,NORMAL_DISCOUNT
600988,20250102,L5-A,12.727272727272728,97.05882352941175,L3,0.5683764409268184,0.3216261878063065,True,True,True,2025,有色金属,GREEN,TURNING_UP,WARNING,NORMAL_DISCOUNT
601001,20250102,L5-B,6.666666666666667,10.0,L0,-0.0949177877428998,0.0207011397565098,False,False,False,2025,煤炭,GREEN,TURNING_UP,WARNING,NORMAL_DISCOUNT
601038,20250102,L5-B,3.278688524590164,13.46938775510204,L1,-0.0594889929437523,-0.275346272677783,False,False,False,2025,机械设备,GREEN,TURNING_UP,WARNING,NORMAL_DISCOUNT
601100,20250102,L5-B,3.825136612021858,79.18367346938776,L3,0.3866596033886846,0.1708023236546539,True,True,True,2025,机械设备,GREEN,TURNING_UP,WARNING,NORMAL_DISCOUNT
601101,20250102,L5-A,13.333333333333334,55.00000000000001,L2,-0.1016109045848823,0.0140080229145273,True,True,False,2025,煤炭,GREEN,TURNING_UP,WARNING,NORMAL_DISCOUNT
601677,20250102,L5-A,7.272727272727272,30.88235294117647,L1,0.0689085338117381,-0.1778417193087737,False,False,False,2025,有色金属,GREEN,TURNING_UP,WARNING,NORMAL_DISCOUNT
601717,20250102,L5-A,36.6120218579235,67.3469387755102,L2,0.2967893500391543,0.0809320703051236,True,True,True,2025,机械设备,GREEN,TURNING_UP,WARNING,NORMAL_DISCOUNT
601898,20250102,L5-B,40.0,40.0,L0,-0.0905280804694047,0.0250908470300049,False,False,False,2025,煤炭,GREEN,TURNING_UP,WARNING,NORMAL_DISCOUNT
603055,20250102,L5-A,3.4482758620689653,12.5,L1,-0.1248656929806063,-0.1999742262595308,False,False,False,2025,纺织服饰,GREEN,TURNING_UP,WARNING,NORMAL_DISCOUNT
603087,20250102,L5-B,48.67724867724868,71.04072398190046,L3,0.3647210516624777,0.2283136395585678,True,True,True,2025,医药生物,GREEN,TURNING_UP,HEALTHY,NORMAL_DISCOUNT
603132,20250102,L5-A,34.54545454545455,38.23529411764706,L1,0.1997070686446977,-0.0470431844758141,False,False,False,2025,有色金属,GREEN,TURNING_UP,WARNING,NORMAL_DISCOUNT
603172,20250102,L5-B,15.441176470588236,62.74509803921568,L2,0.2432855879014852,0.0317360595418014,True,True,False,2025,基础化工,GREEN,TURNING_UP,WARNING,NORMAL_DISCOUNT
603198,20250102,L5-A,3.1746031746031744,2.5974025974025974,L0,-0.2272040890351838,-0.2194217357422249,False,False,False,2025,食品饮料,GREEN,TURNING_UP,HEALTHY,NORMAL_DISCOUNT
603225,20250102,L5-A,27.941176470588236,15.032679738562091,L1,-0.0291438979963569,-0.2406934263560406,False,False,False,2025,基础化工,GREEN,TURNING_UP,WARNING,NORMAL_DISCOUNT
603298,20250102,L5-A,8.743169398907105,26.122448979591837,L0,0.2143762242928821,-0.0014810554411485,False,False,False,2025,机械设备,GREEN,TURNING_UP,WARNING,NORMAL_DISCOUNT
603439,20250102,L5-B,43.386243386243386,11.76470588235294,L0,-0.0463357925124577,-0.1827432046163675,False,False,False,2025,医药生物,GREEN,TURNING_UP,HEALTHY,NORMAL_DISCOUNT
603605,20250102,L5-A,41.66666666666667,57.14285714285714,L2,-0.0166359386975007,-0.216235954905249,True,True,False,2025,美容护理,GREEN,TURNING_UP,WARNING,NORMAL_DISCOUNT
603619,20250102,L5-A,11.76470588235294,5.0,L1,0.0472937467157119,-0.0444743145888927,False,False,False,2025,石油石化,GREEN,TURNING_UP,WARNING,NORMAL_DISCOUNT
603658,20250102,L5-A,55.026455026455025,28.054298642533936,L1,-0.0829823672454846,-0.2193897793493944,False,False,False,2025,医药生物,GREEN,TURNING_UP,HEALTHY,NORMAL_DISCOUNT
603727,20250102,L5-A,52.94117647058824,90.0,L3,0.2830246977134829,0.1912566364088782,True,True,True,2025,石油石化,GREEN,TURNING_UP,WARNING,NORMAL_DISCOUNT
603979,20250102,L5-B,9.090909090909092,20.588235294117645,L0,0.3469068164139344,0.1001565632934225,False,False,True,2025,有色金属,GREEN,TURNING_UP,WARNING,NORMAL_DISCOUNT
603998,20250102,L5-B,32.804232804232804,53.39366515837104,L2,-0.0050432477634665,-0.1414506598673763,True,True,False,2025,医药生物,GREEN,TURNING_UP,HEALTHY,NORMAL_DISCOUNT
605098,20250102,L5-A,17.647058823529413,60.0,L2,0.0231800625796632,-0.067657151347451,True,True,False,2025,社会服务,GREEN,TURNING_UP,WARNING,NORMAL_DISCOUNT
688016,20250102,L5-A,52.910052910052904,1.3574660633484164,L1,-0.0937895093153485,-0.2301969214192583,False,False,False,2025,医药生物,GREEN,TURNING_UP,HEALTHY,NORMAL_DISCOUNT
688025,20250102,L5-A,59.01639344262295,39.18367346938776,L1,0.5393937098905879,0.3235364301565572,False,False,True,2025,机械设备,GREEN,TURNING_UP,WARNING,NORMAL_DISCOUNT
688065,20250102,L5-A,2.2058823529411766,81.69934640522875,L3,0.226264189886481,0.0147146615267972,True,True,False,2025,基础化工,GREEN,TURNING_UP,WARNING,NORMAL_DISCOUNT
688089,20250102,L5-A,17.647058823529413,87.58169934640523,L3,0.3620873269435571,0.1505377985838734,True,True,True,2025,基础化工,GREEN,TURNING_UP,WARNING,NORMAL_DISCOUNT
688169,20250102,L5-A,2.0408163265306123,7.272727272727272,L1,-0.0121659902943227,-0.1168551988800394,False,False,False,2025,家用电器,GREEN,TURNING_UP,HEALTHY,NORMAL_DISCOUNT
688187,20250102,L5-A,7.103825136612022,27.755102040816325,L1,-0.0697424892703862,-0.2855997690044168,False,False,False,2025,机械设备,GREEN,TURNING_UP,WARNING,NORMAL_DISCOUNT
688253,20250102,L5-A,9.523809523809524,57.46606334841629,L0,-0.1054459646399705,-0.2418533767438803,True,False,False,2025,医药生物,GREEN,TURNING_UP,HEALTHY,NORMAL_DISCOUNT
688351,20250102,L5-B,12.16931216931217,88.23529411764706,L3,0.0795271359484148,-0.056880276155495,True,True,False,2025,医药生物,GREEN,TURNING_UP,HEALTHY,NORMAL_DISCOUNT
688520,20250102,L5-A,12.698412698412698,51.58371040723983,L2,0.7817460317460316,0.6453386196421218,True,True,True,2025,医药生物,GREEN,TURNING_UP,HEALTHY,NORMAL_DISCOUNT
688575,20250102,L5-B,1.058201058201058,10.85972850678733,L1,-0.0590113861554489,-0.1954187982593587,False,False,False,2025,医药生物,GREEN,TURNING_UP,HEALTHY,NORMAL_DISCOUNT
688609,20250102,L5-B,10.20408163265306,40.0,L2,0.0155793573515092,-0.0891098512342075,False,True,False,2025,家用电器,GREEN,TURNING_UP,HEALTHY,NORMAL_DISCOUNT
688687,20250102,L5-B,4.761904761904762,87.33031674208145,L3,0.2825370834740917,0.1461296713701818,True,True,True,2025,医药生物,GREEN,TURNING_UP,HEALTHY,NORMAL_DISCOUNT
688690,20250102,L5-B,10.052910052910052,95.47511312217196,L3,0.340618865746245,0.2042114536423351,True,True,True,2025,医药生物,GREEN,TURNING_UP,HEALTHY,NORMAL_DISCOUNT
688789,20250102,L5-A,4.371584699453552,8.16326530612245,L1,0.1408893537329107,-0.0749679260011199,False,False,False,2025,机械设备,GREEN,TURNING_UP,WARNING,NORMAL_DISCOUNT
000019,20250506,L5-A,53.48837209302325,41.46341463414634,L2,0.0448076977695011,-0.1429110097212444,False,True,False,2025,农林牧渔,YELLOW,STABLE,WARNING,OVERREACTION
000333,20250506,L5-A,43.63636363636363,11.538461538461538,L1,0.0672972453938389,-0.1075301661479792,False,False,False,2025,家用电器,GREEN,STABLE,HEALTHY,OVERREACTION
000404,20250506,L5-B,23.636363636363637,42.30769230769231,L2,0.0488438398805839,-0.1259835716612343,False,True,False,2025,家用电器,GREEN,STABLE,HEALTHY,OVERREACTION
000423,20250506,L5-A,6.787330316742081,4.661016949152542,L1,-0.0790274241940532,-0.3345207221721692,False,False,False,2025,医药生物,GREEN,STABLE,HEALTHY,OVERREACTION
000513,20250506,L5-B,22.171945701357465,54.66101694915254,L2,0.0865031298283482,-0.1689901681497678,True,True,False,2025,医药生物,GREEN,STABLE,HEALTHY,OVERREACTION
000521,20250506,L5-A,25.454545454545453,38.46153846153847,L1,-0.0487586520349252,-0.2235860635767433,False,False,False,2025,家用电器,GREEN,STABLE,HEALTHY,OVERREACTION
000524,20250506,L5-A,92.5,64.86486486486487,L2,0.1737647039676311,0.0451747092670404,True,True,False,2025,社会服务,YELLOW,STABLE,WARNING,OVERREACTION
000530,20250506,L5-B,4.489795918367347,14.285714285714285,L1,0.2644909922801615,-0.0197651514147452,False,False,False,2025,机械设备,YELLOW,STABLE,WARNING,OVERREACTION
000538,20250506,L5-A,46.60633484162896,14.83050847457627,L1,0.0102153448965631,-0.2452779530815529,False,False,False,2025,医药生物,GREEN,STABLE,HEALTHY,OVERREACTION
000545,20250506,L5-B,33.98692810457516,59.523809523809526,L2,0.3364485981308409,0.0864150966202855,True,True,True,2025,基础化工,YELLOW,STABLE,WARNING,OVERREACTION
000603,20250506,L5-A,32.35294117647059,34.285714285714285,L1,0.6957631407631435,0.2718264917556494,False,False,True,2025,有色金属,YELLOW,STABLE,WARNING,OVERREACTION
000612,20250506,L5-A,23.52941176470588,38.57142857142858,L1,0.5056336565015167,0.0816970074940226,False,False,True,2025,有色金属,YELLOW,STABLE,WARNING,OVERREACTION
000619,20250506,L5-B,32.0,8.333333333333332,L1,0.0935875216637782,-0.2444420415587505,False,False,False,2025,建筑材料,YELLOW,STABLE,WARNING,OVERREACTION
000651,20250506,L5-B,50.90909090909091,3.8461538461538463,L1,-0.0728730067363546,-0.2477004182781728,False,False,False,2025,家用电器,GREEN,STABLE,HEALTHY,OVERREACTION
000657,20250506,L5-A,52.94117647058824,92.85714285714286,L3,1.3218670109978097,0.8979303619903156,True,True,True,2025,有色金属,YELLOW,STABLE,WARNING,OVERREACTION
000680,20250506,L5-A,4.081632653061225,17.669172932330827,L1,0.2734068834777263,-0.0108492602171804,False,False,False,2025,机械设备,YELLOW,STABLE,WARNING,OVERREACTION
000702,20250506,L5-A,6.976744186046512,73.17073170731707,L3,0.1145038167938932,-0.0732148906968523,True,True,False,2025,农林牧渔,YELLOW,STABLE,WARNING,OVERREACTION
000721,20250506,L5-B,65.0,72.97297297297297,L0,-0.0245261984392419,-0.1531161931398325,True,False,False,2025,社会服务,YELLOW,STABLE,WARNING,OVERREACTION
000737,20250506,L5-B,41.17647058823529,67.14285714285714,L2,0.6612691273094342,0.2373324783019401,True,True,True,2025,有色金属,YELLOW,STABLE,WARNING,OVERREACTION
000819,20250506,L5-A,20.0,63.63636363636363,L2,0.2730179693133345,0.0602643399233261,True,True,True,2025,石油石化,YELLOW,STABLE,WARNING,OVERREACTION
000830,20250506,L5-A,11.11111111111111,89.28571428571429,L3,0.2990449603739766,0.0490114588634212,True,True,False,2025,基础化工,YELLOW,STABLE,WARNING,OVERREACTION
000988,20250506,L5-B,48.97959183673469,88.34586466165413,L3,0.8826080120486914,0.5983518683537847,True,True,True,2025,机械设备,YELLOW,STABLE,WARNING,OVERREACTION
002003,20250506,L5-A,7.5,15.384615384615383,L1,-0.0071189548131547,-0.1745504395041295,False,False,False,2025,纺织服饰,YELLOW,STABLE,WARNING,OVERREACTION
002011,20250506,L5-B,45.45454545454545,57.692307692307686,L2,0.1918402777777779,0.0170128662359597,True,True,False,2025,家用电器,GREEN,STABLE,HEALTHY,OVERREACTION
002073,20250506,L5-A,7.755102040816326,27.06766917293233,L1,0.0996652747681858,-0.1845908689267209,False,False,False,2025,机械设备,YELLOW,STABLE,WARNING,OVERREACTION
002150,20250506,L5-A,3.6734693877551026,57.5187969924812,L2,0.8815419694461106,0.5972858257512039,True,True,True,2025,机械设备,YELLOW,STABLE,WARNING,OVERREACTION
002166,20250506,L5-A,29.411764705882355,14.88095238095238,L1,0.1055523691398943,-0.144481132370661,False,False,False,2025,基础化工,YELLOW,STABLE,WARNING,OVERREACTION
002192,20250506,L5-B,11.76470588235294,51.42857142857142,L2,0.7083120258545326,0.2843753768470385,True,True,True,2025,有色金属,YELLOW,STABLE,WARNING,OVERREACTION
002221,20250506,L5-A,10.0,36.36363636363637,L1,0.006082725060827,-0.2066709043291813,False,False,False,2025,石油石化,YELLOW,STABLE,WARNING,OVERREACTION
002262,20250506,L5-A,34.841628959276015,43.64406779661017,L2,0.1175796280839811,-0.1379136698941349,False,True,False,2025,医药生物,GREEN,STABLE,HEALTHY,OVERREACTION
002318,20250506,L5-A,38.46153846153847,3.7037037037037033,L1,0.0790029573299535,-0.1376983823385844,False,False,False,2025,钢铁,YELLOW,STABLE,WARNING,OVERREACTION
002329,20250506,L5-B,25.97402597402597,50.0,L0,0.1374999999999999,0.0897336939124484,True,False,True,2025,食品饮料,GREEN,STABLE,HEALTHY,OVERREACTION
002332,20250506,L5-B,8.144796380090497,53.813559322033896,L0,0.1034831212013833,-0.1520101767767327,True,False,False,2025,医药生物,GREEN,STABLE,HEALTHY,OVERREACTION
002344,20250506,L5-B,41.30434782608695,20.454545454545457,L0,0.1171343942651135,-0.0574065145292759,False,False,False,2025,商贸零售,YELLOW,STABLE,WARNING,OVERREACTION
002353,20250506,L5-A,1.6326530612244898,78.19548872180451,L3,0.6518027933233872,0.3675466496284804,True,True,True,2025,机械设备,YELLOW,STABLE,WARNING,OVERREACTION
002378,20250506,L5-B,45.588235294117645,95.71428571428572,L3,0.8144220359593122,0.3904853869518181,True,True,True,2025,有色金属,YELLOW,STABLE,WARNING,OVERREACTION
002398,20250506,L5-A,4.0,45.83333333333333,L2,0.1309763823719028,-0.2070531808506259,False,True,False,2025,建筑材料,YELLOW,STABLE,WARNING,OVERREACTION
002437,20250506,L5-B,38.91402714932127,70.33898305084746,L0,0.373015873015873,0.1175225750377569,True,False,True,2025,医药生物,GREEN,STABLE,HEALTHY,OVERREACTION
002440,20250506,L5-A,36.60130718954248,19.642857142857142,L1,0.0274154363899155,-0.2226180651206398,False,False,False,2025,基础化工,YELLOW,STABLE,WARNING,OVERREACTION
002444,20250506,L5-B,1.2244897959183674,72.55639097744361,L3,0.3117097797257124,0.0274536360308056,True,True,False,2025,机械设备,YELLOW,STABLE,WARNING,OVERREACTION
002445,20250506,L5-B,20.816326530612244,11.654135338345863,L0,0.1304347826086958,-0.1538213610862109,False,False,False,2025,机械设备,YELLOW,STABLE,WARNING,OVERREACTION
002481,20250506,L5-B,39.53488372093023,70.73170731707317,L3,0.073029353638782,-0.1146893538519635,True,True,False,2025,农林牧渔,YELLOW,STABLE,WARNING,OVERREACTION
002523,20250506,L5-A,64.48979591836735,13.909774436090224,L1,0.2360366399035569,-0.0482195037913498,False,False,False,2025,机械设备,YELLOW,STABLE,WARNING,OVERREACTION
002526,20250506,L5-A,48.16326530612245,12.781954887218044,L1,0.005242322924907,-0.2790138207699997,False,False,False,2025,机械设备,YELLOW,STABLE,WARNING,OVERREACTION
002543,20250506,L5-A,60.0,32.69230769230769,L1,0.0210409729859175,-0.1537864385559006,False,False,False,2025,家用电器,GREEN,STABLE,HEALTHY,OVERREACTION
002668,20250506,L5-A,1.818181818181818,30.76923076923077,L1,0.069835111542192,-0.1049922999996261,False,False,False,2025,家用电器,GREEN,STABLE,HEALTHY,OVERREACTION
002676,20250506,L5-A,29.09090909090909,100.0,L3,0.4697960943291901,0.2949686827873719,True,True,True,2025,家用电器,GREEN,STABLE,HEALTHY,OVERREACTION
002738,20250506,L5-B,2.941176470588235,70.0,L3,0.9781890214788316,0.5542523724713375,True,True,True,2025,有色金属,YELLOW,STABLE,WARNING,OVERREACTION
002746,20250506,L5-A,37.2093023255814,65.85365853658537,L2,0.0921632316924945,-0.095555475798251,True,True,False,2025,农林牧渔,YELLOW,STABLE,WARNING,OVERREACTION
002758,20250506,L5-A,38.56209150326798,17.857142857142858,L1,0.1162107584876273,-0.133822743022928,False,False,False,2025,基础化工,YELLOW,STABLE,WARNING,OVERREACTION
002786,20250506,L5-A,35.91836734693877,29.32330827067669,L1,0.0297356828193831,-0.2545204608755236,False,False,False,2025,机械设备,YELLOW,STABLE,WARNING,OVERREACTION
002832,20250506,L5-A,10.0,66.66666666666666,L2,-0.01675037482537,-0.1841818595163449,True,True,False,2025,纺织服饰,YELLOW,STABLE,WARNING,OVERREACTION
002895,20250506,L5-B,37.25490196078432,57.738095238095234,L2,0.6057944243239333,0.3557609228133779,True,True,True,2025,基础化工,YELLOW,STABLE,WARNING,OVERREACTION
002901,20250506,L5-B,64.25339366515837,87.28813559322035,L3,0.3500833447979756,0.0945900468198595,True,True,True,2025,医药生物,GREEN,STABLE,HEALTHY,OVERREACTION
002917,20250506,L5-A,1.30718954248366,34.523809523809526,L1,0.0277275314107146,-0.2223059700998407,False,False,False,2025,基础化工,YELLOW,STABLE,WARNING,OVERREACTION
300006,20250506,L5-B,25.339366515837103,77.11864406779661,L0,0.3691860465116279,0.1136927485335118,True,False,True,2025,医药生物,GREEN,STABLE,HEALTHY,OVERREACTION
300012,20250506,L5-A,2.5,78.37837837837837,L3,0.2848317052708951,0.1562417105703044,True,True,True,2025,社会服务,YELLOW,STABLE,WARNING,OVERREACTION
300049,20250506,L5-A,13.574660633484164,97.8813559322034,L3,1.2913702443550883,1.0358769463769724,True,True,True,2025,医药生物,GREEN,STABLE,HEALTHY,OVERREACTION
300094,20250506,L5-B,11.627906976744184,34.146341463414636,L0,0.0438596491228069,-0.1438590583679386,False,False,False,2025,农林牧渔,YELLOW,STABLE,WARNING,OVERREACTION
300121,20250506,L5-B,35.294117647058826,54.761904761904766,L2,0.3098898517418316,0.0598563502312762,True,True,True,2025,基础化工,YELLOW,STABLE,WARNING,OVERREACTION
300151,20250506,L5-A,2.0408163265306123,54.51127819548872,L2,0.043797723978191,-0.2404584197167157,True,True,False,2025,机械设备,YELLOW,STABLE,WARNING,OVERREACTION
300165,20250506,L5-B,60.0,75.18796992481202,L3,0.5015384615384615,0.2172823178435547,True,True,True,2025,机械设备,YELLOW,STABLE,WARNING,OVERREACTION
300179,20250506,L5-B,21.63265306122449,6.390977443609022,L1,0.5015802217402268,0.21732407804532,False,False,True,2025,机械设备,YELLOW,STABLE,WARNING,OVERREACTION
300193,20250506,L5-B,30.612244897959183,26.691729323308273,L1,-0.0114151312010013,-0.295671274895908,False,False,False,2025,机械设备,YELLOW,STABLE,WARNING,OVERREACTION
300201,20250506,L5-B,22.857142857142858,29.69924812030075,L1,0.1062409642830666,-0.1780151794118401,False,False,False,2025,机械设备,YELLOW,STABLE,WARNING,OVERREACTION
300218,20250506,L5-A,3.92156862745098,96.42857142857144,L3,0.3165573449048791,0.0665238433943237,True,True,True,2025,基础化工,YELLOW,STABLE,WARNING,OVERREACTION
300230,20250506,L5-A,32.02614379084967,55.35714285714286,L2,0.1459373408952951,-0.1040961606152602,True,True,False,2025,基础化工,YELLOW,STABLE,WARNING,OVERREACTION
300247,20250506,L5-A,47.27272727272727,55.769230769230774,L2,0.215258855585831,0.0404314440440128,True,True,False,2025,家用电器,GREEN,STABLE,HEALTHY,OVERREACTION
300320,20250506,L5-B,60.78431372549019,29.166666666666668,L1,-0.054210775352063,-0.3042442768626183,False,False,False,2025,基础化工,YELLOW,STABLE,WARNING,OVERREACTION
300341,20250506,L5-B,17.194570135746606,45.76271186440678,L2,0.1152345995147248,-0.1402586984633912,False,True,False,2025,医药生物,GREEN,STABLE,HEALTHY,OVERREACTION
300347,20250506,L5-B,8.597285067873303,75.0,L0,0.321696226367381,0.0662029283892649,True,False,True,2025,医药生物,GREEN,STABLE,HEALTHY,OVERREACTION
300370,20250506,L5-B,15.510204081632653,39.097744360902254,L1,0.0573476702508961,-0.2269084734440106,False,False,False,2025,机械设备,YELLOW,STABLE,WARNING,OVERREACTION
300400,20250506,L5-A,21.22448979591837,91.35338345864662,L3,0.4526482870807582,0.1683921433858514,True,True,True,2025,机械设备,YELLOW,STABLE,WARNING,OVERREACTION
300505,20250506,L5-B,64.70588235294117,51.19047619047619,L2,0.278543829993481,0.0285103284829256,True,True,False,2025,基础化工,YELLOW,STABLE,WARNING,OVERREACTION
300549,20250506,L5-A,59.18367346938776,37.59398496240601,L1,0.0412542870889962,-0.2430018566059105,False,False,False,2025,机械设备,YELLOW,STABLE,WARNING,OVERREACTION
300622,20250506,L5-A,13.043478260869565,65.9090909090909,L2,-0.0515449878821557,-0.2260858966765451,True,True,False,2025,商贸零售,YELLOW,STABLE,WARNING,OVERREACTION
300641,20250506,L5-A,16.99346405228758,20.833333333333336,L0,-0.2258363951366573,-0.4758698966472126,False,False,False,2025,基础化工,YELLOW,STABLE,WARNING,OVERREACTION
300677,20250506,L5-A,1.809954751131222,91.94915254237289,L3,0.7156802898683547,0.4601869918902387,True,True,True,2025,医药生物,GREEN,STABLE,HEALTHY,OVERREACTION
300697,20250506,L5-A,10.294117647058822,61.42857142857143,L2,0.4770668735930918,0.0531302245855977,True,True,True,2025,有色金属,YELLOW,STABLE,WARNING,OVERREACTION
300758,20250506,L5-B,44.44444444444444,21.428571428571427,L1,-0.0701754385964913,-0.3202089401070466,False,False,False,2025,基础化工,YELLOW,STABLE,WARNING,OVERREACTION
300761,20250506,L5-A,25.581395348837212,56.09756097560976,L2,0.1419818119615243,-0.0457368955292212,True,True,False,2025,农林牧渔,YELLOW,STABLE,WARNING,OVERREACTION
300780,20250506,L5-B,41.63265306122449,51.8796992481203,L2,0.2384150436534586,-0.0458411000414481,True,True,False,2025,机械设备,YELLOW,STABLE,WARNING,OVERREACTION
300783,20250506,L5-A,6.493506493506493,18.571428571428573,L1,-0.1387367652427893,-0.1865030713303407,False,False,False,2025,食品饮料,GREEN,STABLE,HEALTHY,OVERREACTION
300811,20250506,L5-A,1.4705882352941175,90.0,L3,0.8764481399870696,0.4525114909795755,True,True,True,2025,有色金属,YELLOW,STABLE,WARNING,OVERREACTION
300832,20250506,L5-B,2.7149321266968327,10.16949152542373,L0,0.2269579706087479,-0.0285353273693681,False,False,False,2025,医药生物,GREEN,STABLE,HEALTHY,OVERREACTION
300979,20250506,L5-A,2.5,51.28205128205128,L0,0.2196053232692145,0.0521738385782396,True,False,True,2025,纺织服饰,YELLOW,STABLE,WARNING,OVERREACTION
301001,20250506,L5-B,4.3478260869565215,34.090909090909086,L1,0.0318305251853923,-0.1427103836089971,False,False,False,2025,商贸零售,YELLOW,STABLE,WARNING,OVERREACTION
301018,20250506,L5-B,40.81632653061224,98.87218045112782,L3,0.3953109663162628,0.111054822621356,True,True,True,2025,机械设备,YELLOW,STABLE,WARNING,OVERREACTION
301036,20250506,L5-A,11.76470588235294,25.0,L1,-0.0706670772063153,-0.3207005787168706,False,False,False,2025,基础化工,YELLOW,STABLE,WARNING,OVERREACTION
301066,20250506,L5-A,50.0,12.82051282051282,L1,0.0512289143490483,-0.1162025703419265,False,False,False,2025,纺织服饰,YELLOW,STABLE,WARNING,OVERREACTION
301110,20250506,L5-A,2.1739130434782608,97.72727272727272,L3,0.5579388963848624,0.3833979875904729,True,True,True,2025,商贸零售,YELLOW,STABLE,WARNING,OVERREACTION
301138,20250506,L5-A,55.91836734693878,56.766917293233085,L2,0.2945494989764232,0.0102933552815164,True,True,False,2025,机械设备,YELLOW,STABLE,WARNING,OVERREACTION
301239,20250506,L5-B,60.633484162895925,22.45762711864407,L1,-0.1501590186278966,-0.4056523166060126,False,False,False,2025,医药生物,GREEN,STABLE,HEALTHY,OVERREACTION
301252,20250506,L5-B,16.363636363636363,65.38461538461539,L0,0.1453811732130774,-0.0294462383287407,True,False,False,2025,家用电器,GREEN,STABLE,HEALTHY,OVERREACTION
301293,20250506,L5-A,12.217194570135746,81.77966101694916,L3,0.4905181202540747,0.2350248222759586,True,True,True,2025,医药生物,GREEN,STABLE,HEALTHY,OVERREACTION
301312,20250506,L5-B,26.53061224489796,94.3609022556391,L3,0.5710098101806709,0.2867536664857641,True,True,True,2025,机械设备,YELLOW,STABLE,WARNING,OVERREACTION
301360,20250506,L5-A,12.653061224489797,41.72932330827068,L2,0.8540403291086616,0.5697841854137549,False,True,True,2025,机械设备,YELLOW,STABLE,WARNING,OVERREACTION
301363,20250506,L5-A,0.4524886877828055,84.7457627118644,L3,0.3547625567532255,0.0992692587751094,True,True,True,2025,医药生物,GREEN,STABLE,HEALTHY,OVERREACTION
600060,20250506,L5-A,49.09090909090909,5.769230769230769,L1,0.0908204215541179,-0.0840069899877002,False,False,False,2025,家用电器,GREEN,STABLE,HEALTHY,OVERREACTION
600161,20250506,L5-B,9.049773755656108,11.016949152542372,L1,-0.0258814409088311,-0.2813747388869471,False,False,False,2025,医药生物,GREEN,STABLE,HEALTHY,OVERREACTION
600189,20250506,L5-A,27.27272727272727,20.0,L1,0.0701754385964912,0.0224091325089397,False,False,False,2025,食品饮料,GREEN,STABLE,HEALTHY,OVERREACTION
600211,20250506,L5-B,44.79638009049774,74.15254237288136,L3,0.310528994870124,0.0550356968920079,True,True,True,2025,医药生物,GREEN,STABLE,HEALTHY,OVERREACTION
600216,20250506,L5-A,5.429864253393665,41.52542372881356,L2,0.1120052079204672,-0.1434880900576488,False,True,False,2025,医药生物,GREEN,STABLE,HEALTHY,OVERREACTION
600219,20250506,L5-A,13.23529411764706,18.571428571428573,L1,0.3255202970273827,-0.0984163519801113,False,False,False,2025,有色金属,YELLOW,STABLE,WARNING,OVERREACTION
600285,20250506,L5-A,65.15837104072398,13.135593220338984,L1,0.0084076920890772,-0.2470856058890388,False,False,False,2025,医药生物,GREEN,STABLE,HEALTHY,OVERREACTION
600299,20250506,L5-A,1.96078431372549,41.07142857142857,L2,-0.0220152895601647,-0.27204879107072,False,True,False,2025,基础化工,YELLOW,STABLE,WARNING,OVERREACTION
600301,20250506,L5-A,77.94117647058823,88.57142857142857,L3,0.5278904665314401,0.103953817523946,True,True,True,2025,有色金属,YELLOW,STABLE,WARNING,OVERREACTION
600367,20250506,L5-A,47.7124183006536,68.45238095238095,L2,0.1872595358981621,-0.0627739656123932,True,True,False,2025,基础化工,YELLOW,STABLE,WARNING,OVERREACTION
600378,20250506,L5-A,12.418300653594772,72.02380952380952,L3,0.2139822675661375,-0.0360512339444178,True,True,False,2025,基础化工,YELLOW,STABLE,WARNING,OVERREACTION
600380,20250506,L5-B,35.294117647058826,42.79661016949153,L2,0.1561674298020878,-0.0993258681760282,False,True,False,2025,医药生物,GREEN,STABLE,HEALTHY,OVERREACTION
600439,20250506,L5-A,52.5,7.6923076923076925,L1,-0.1020408163265306,-0.2694723010175054,False,False,False,2025,纺织服饰,YELLOW,STABLE,WARNING,OVERREACTION
600467,20250506,L5-B,48.837209302325576,39.02439024390244,L1,0.0655938157039446,-0.1221248917868009,False,False,False,2025,农林牧渔,YELLOW,STABLE,WARNING,OVERREACTION
600486,20250506,L5-B,13.725490196078432,64.88095238095238,L0,0.317845503474889,0.0678120019643336,True,False,True,2025,基础化工,YELLOW,STABLE,WARNING,OVERREACTION
600511,20250506,L5-A,7.239819004524888,10.59322033898305,L1,0.038153356598124,-0.217339941379992,False,False,False,2025,医药生物,GREEN,STABLE,HEALTHY,OVERREACTION
600559,20250506,L5-B,15.584415584415584,75.71428571428571,L3,-0.0091608229590791,-0.0569271290466305,True,True,False,2025,食品饮料,GREEN,STABLE,HEALTHY,OVERREACTION
600630,20250506,L5-A,15.0,53.84615384615385,L2,0.1638562719959106,-0.0035752126950642,True,True,False,2025,纺织服饰,YELLOW,STABLE,WARNING,OVERREACTION
600661,20250506,L5-A,20.0,21.62162162162162,L1,0.0229445506692158,-0.1056454440313748,False,False,False,2025,社会服务,YELLOW,STABLE,WARNING,OVERREACTION
600664,20250506,L5-A,33.93665158371041,7.627118644067797,L1,0.0,-0.255493297978116,False,False,False,2025,医药生物,GREEN,STABLE,HEALTHY,OVERREACTION
600690,20250506,L5-A,10.909090909090908,40.38461538461539,L2,0.1023009963517171,-0.072526415190101,False,True,False,2025,家用电器,GREEN,STABLE,HEALTHY,OVERREACTION
600691,20250506,L5-B,28.104575163398692,39.285714285714285,L1,0.3809523809523809,0.1309188794418255,False,False,True,2025,基础化工,YELLOW,STABLE,WARNING,OVERREACTION
600714,20250506,L5-A,39.21568627450981,58.333333333333336,L2,0.1087283011349673,-0.141305200375588,True,True,False,2025,基础化工,YELLOW,STABLE,WARNING,OVERREACTION
600721,20250506,L5-A,47.963800904977376,55.08474576271186,L2,0.3121387283236994,0.0566454303455833,True,True,True,2025,医药生物,GREEN,STABLE,HEALTHY,OVERREACTION
600778,20250506,L5-B,21.73913043478261,40.909090909090914,L2,0.0625,-0.1120409087943894,False,True,False,2025,商贸零售,YELLOW,STABLE,WARNING,OVERREACTION
600779,20250506,L5-B,29.87012987012987,78.57142857142857,L3,-0.0682691523482689,-0.1160354584358203,True,True,False,2025,食品饮料,GREEN,STABLE,HEALTHY,OVERREACTION
600833,20250506,L5-B,14.93212669683258,16.101694915254235,L0,0.181082777196621,-0.074410520781495,False,False,False,2025,医药生物,GREEN,STABLE,HEALTHY,OVERREACTION
600838,20250506,L5-A,50.0,70.45454545454545,L3,0.0651396875690195,-0.1094012212253699,True,True,False,2025,商贸零售,YELLOW,STABLE,WARNING,OVERREACTION
600968,20250506,L5-A,50.0,18.181818181818183,L1,0.0263930693750595,-0.1863605600149488,False,False,False,2025,石油石化,YELLOW,STABLE,WARNING,OVERREACTION
600993,20250506,L5-A,50.678733031674206,6.779661016949152,L1,0.1403086734212562,-0.1151846245568598,False,False,False,2025,医药生物,GREEN,STABLE,HEALTHY,OVERREACTION
601369,20250506,L5-B,46.12244897959184,7.142857142857142,L0,0.0984272373524111,-0.1858289063424956,False,False,False,2025,机械设备,YELLOW,STABLE,WARNING,OVERREACTION
601599,20250506,L5-B,40.0,41.02564102564102,L2,0.0445682451253481,-0.1228632395656267,False,True,False,2025,纺织服饰,YELLOW,STABLE,WARNING,OVERREACTION
601677,20250506,L5-A,30.88235294117647,27.142857142857142,L1,0.2790312226194844,-0.1449054263880096,False,False,False,2025,有色金属,YELLOW,STABLE,WARNING,OVERREACTION
601702,20250506,L5-A,8.823529411764707,24.285714285714285,L1,0.0546662648870026,-0.3692703841204914,False,False,False,2025,有色金属,YELLOW,STABLE,WARNING,OVERREACTION
601766,20250506,L5-A,17.142857142857142,33.45864661654135,L1,0.1147352292106707,-0.169520914484236,False,False,False,2025,机械设备,YELLOW,STABLE,WARNING,OVERREACTION
601958,20250506,L5-B,22.058823529411764,74.28571428571429,L0,0.5491709546440651,0.125234305636571,True,False,True,2025,有色金属,YELLOW,STABLE,WARNING,OVERREACTION
603025,20250506,L5-A,4.8979591836734695,73.68421052631578,L3,0.4516700301804974,0.1674138864855906,True,True,True,2025,机械设备,YELLOW,STABLE,WARNING,OVERREACTION
603088,20250506,L5-B,51.83673469387755,28.195488721804512,L0,0.2509971001517466,-0.0332590435431601,False,False,False,2025,机械设备,YELLOW,STABLE,WARNING,OVERREACTION
603099,20250506,L5-A,5.0,83.78378378378379,L0,0.6523896655590464,0.5237996708584558,True,False,True,2025,社会服务,YELLOW,STABLE,WARNING,OVERREACTION
603219,20250506,L5-B,34.54545454545455,84.61538461538461,L0,0.1756967270022065,0.0008693154603883,True,False,False,2025,家用电器,GREEN,STABLE,HEALTHY,OVERREACTION
603229,20250506,L5-B,13.12217194570136,71.61016949152543,L3,0.297897892315909,0.0424045943377929,True,True,False,2025,医药生物,GREEN,STABLE,HEALTHY,OVERREACTION
603288,20250506,L5-B,46.75324675324675,21.428571428571427,L1,-0.062550160352256,-0.1103164664398074,False,False,False,2025,食品饮料,GREEN,STABLE,HEALTHY,OVERREACTION
603298,20250506,L5-B,26.122448979591837,61.65413533834586,L0,0.4367338861623824,0.1524777424674756,True,False,True,2025,机械设备,YELLOW,STABLE,WARNING,OVERREACTION
603337,20250506,L5-A,38.775510204081634,77.81954887218046,L3,0.2971024892328568,0.01284634553795,True,True,False,2025,机械设备,YELLOW,STABLE,WARNING,OVERREACTION
603338,20250506,L5-B,0.4081632653061224,62.40601503759399,L2,0.2054998141143713,-0.0787563295805354,True,True,False,2025,机械设备,YELLOW,STABLE,WARNING,OVERREACTION
603527,20250506,L5-A,61.76470588235294,22.857142857142858,L1,0.2944526264113891,-0.1294840225961049,False,False,False,2025,有色金属,YELLOW,STABLE,WARNING,OVERREACTION
603605,20250506,L5-B,57.14285714285714,56.25,L2,-0.209656704776675,-0.164466472519811,True,True,False,2025,美容护理,YELLOW,STABLE,WARNING,OVERREACTION
603617,20250506,L5-A,9.79591836734694,63.53383458646616,L2,0.0867143688325311,-0.1975417748623756,True,True,False,2025,机械设备,YELLOW,STABLE,WARNING,OVERREACTION
603619,20250506,L5-B,5.0,72.72727272727273,L3,0.3664365146179853,0.1536828852279769,True,True,True,2025,石油石化,YELLOW,STABLE,WARNING,OVERREACTION
603656,20250506,L5-A,24.081632653061224,9.398496240601505,L1,0.3167687201746774,0.0325125764797706,False,False,False,2025,机械设备,YELLOW,STABLE,WARNING,OVERREACTION
603667,20250506,L5-A,2.857142857142857,34.21052631578947,L1,0.2135171232652462,-0.0707390204296605,False,False,False,2025,机械设备,YELLOW,STABLE,WARNING,OVERREACTION
603699,20250506,L5-A,25.71428571428571,12.030075187969924,L1,1.110516390863272,0.8262602471683653,False,False,True,2025,机械设备,YELLOW,STABLE,WARNING,OVERREACTION
603717,20250506,L5-B,4.651162790697675,87.8048780487805,L3,0.2875175315568021,0.0997988240660565,True,True,True,2025,农林牧渔,YELLOW,STABLE,WARNING,OVERREACTION
603777,20250506,L5-B,10.38961038961039,27.142857142857142,L1,-0.0328603435399552,-0.0806266496275066,False,False,False,2025,食品饮料,GREEN,STABLE,HEALTHY,OVERREACTION
603855,20250506,L5-B,41.224489795918366,10.902255639097744,L1,-0.0234524536930241,-0.3077085973879309,False,False,False,2025,机械设备,YELLOW,STABLE,WARNING,OVERREACTION
603979,20250506,L5-B,20.588235294117645,87.14285714285714,L3,0.730303277956956,0.306366628949462,True,True,True,2025,有色金属,YELLOW,STABLE,WARNING,OVERREACTION
605020,20250506,L5-A,45.751633986928105,86.90476190476191,L3,0.1764497661307296,-0.0735837353798257,True,True,False,2025,基础化工,YELLOW,STABLE,WARNING,OVERREACTION
605086,20250506,L5-B,6.535947712418301,28.57142857142857,L1,-0.0514382698572605,-0.3014717713678158,False,False,False,2025,基础化工,YELLOW,STABLE,WARNING,OVERREACTION
605108,20250506,L5-B,27.500000000000004,13.513513513513514,L1,-0.1148041699011409,-0.2433941646017315,False,False,False,2025,社会服务,YELLOW,STABLE,WARNING,OVERREACTION
605183,20250506,L5-A,15.68627450980392,60.71428571428571,L2,0.248320155480602,-0.0017133460299533,True,True,False,2025,基础化工,YELLOW,STABLE,WARNING,OVERREACTION
605555,20250506,L5-A,5.454545454545454,44.230769230769226,L2,0.3041166219512741,0.1292892104094559,False,True,True,2025,家用电器,GREEN,STABLE,HEALTHY,OVERREACTION
688009,20250506,L5-A,5.714285714285714,45.86466165413533,L2,0.075496802701648,-0.2087593409932587,False,True,False,2025,机械设备,YELLOW,STABLE,WARNING,OVERREACTION
688187,20250506,L5-A,27.755102040816325,46.99248120300752,L2,0.1537315481631025,-0.1305245955318042,False,True,False,2025,机械设备,YELLOW,STABLE,WARNING,OVERREACTION
688278,20250506,L5-A,10.407239819004523,52.118644067796616,L2,0.0284756509776888,-0.2270176470004272,True,True,False,2025,医药生物,GREEN,STABLE,HEALTHY,OVERREACTION
688300,20250506,L5-B,7.84313725490196,88.69047619047619,L3,0.4028817452654865,0.1528482437549311,True,True,True,2025,基础化工,YELLOW,STABLE,WARNING,OVERREACTION
688321,20250506,L5-A,47.511312217194565,92.3728813559322,L3,0.7928858290304075,0.5373925310522915,True,True,True,2025,医药生物,GREEN,STABLE,HEALTHY,OVERREACTION
688698,20250506,L5-A,32.6530612244898,60.526315789473685,L2,0.7130549904046086,0.4287988467097018,True,True,True,2025,机械设备,YELLOW,STABLE,WARNING,OVERREACTION
688789,20250506,L5-B,8.16326530612245,19.172932330827063,L1,0.2813799931159884,-0.0028761505789183,False,False,False,2025,机械设备,YELLOW,STABLE,WARNING,OVERREACTION
