code,day,state,rps_t0,rps_t1,state_t1,fwd6,fwd6_excess,R1_price,R2_state,R3_excess,year
000059,20220505,L5-A,46.666666666666664,88.88888888888889,L3,0.1597769640686366,0.10269635999749108,True,True,True,2022
000408,20220505,L5-B,34.78260869565217,53.96825396825397,L2,0.1659849022214568,0.07308856301491654,True,True,True,2022
000420,20220505,L5-B,26.01626016260163,57.23684210526315,L2,0.3775811209439528,0.2827277412817673,True,True,True,2022
000423,20220505,L5-A,35.02824858757062,80.47619047619048,L3,0.2617111626029835,0.17484479574496598,True,True,True,2022
000534,20220505,L5-B,9.6045197740113,89.04761904761904,L0,0.7590302360209848,0.6721638691629673,True,False,True,2022
000657,20220505,L5-A,8.695652173913043,14.285714285714285,L1,0.5262154440400415,0.4333191048335012,False,False,True,2022
000717,20220505,L5-A,21.428571428571427,69.23076923076923,L2,-0.199398498092271,-0.09966900885923516,True,True,False,2022
000811,20220505,L5-B,33.07086614173229,86.95652173913044,L3,0.314394297544851,0.045959014074577864,True,True,False,2022
000920,20220505,L5-A,27.64227642276423,63.1578947368421,L2,0.140650160312624,0.045796780650438504,True,True,False,2022
000969,20220505,L5-A,28.26086956521739,57.14285714285714,L2,0.1749644381223327,0.08206809891579245,True,True,True,2022
000989,20220505,L5-A,60.451977401129945,60.95238095238096,L2,0.0159781143434387,-0.07088825251457882,True,True,False,2022
002006,20220505,L5-A,81.88976377952756,82.6086956521739,L3,0.4439227960354721,0.17548751256519896,True,True,True,2022
002008,20220505,L5-A,10.236220472440944,19.565217391304348,L1,-0.0708689458689459,-0.339304229339219,False,False,False,2022
002011,20220505,L5-A,3.571428571428571,95.34883720930232,L3,0.6751677852348994,0.6796104532745567,True,True,True,2022
002026,20220505,L5-A,2.3622047244094486,57.608695652173914,L2,0.2003322255247475,-0.06810305794552562,True,True,False,2022
002043,20220505,L5-A,34.78260869565217,33.33333333333333,L1,-0.1682418926509025,-0.101491325759215,False,False,False,2022
002068,20220505,L5-A,43.90243902439025,78.94736842105263,L3,0.4028268551236749,0.3079734754614894,True,True,True,2022
002073,20220505,L5-A,52.75590551181102,84.23913043478261,L3,0.3278350515463917,0.059399768076118575,True,True,True,2022
002088,20220505,L5-B,21.73913043478261,95.83333333333334,L3,0.187773780489785,0.2545243473814725,True,True,True,2022
002141,20220505,L5-A,8.823529411764707,45.714285714285715,L2,0.1837270341207348,0.18125281034611251,False,True,True,2022
002158,20220505,L5-A,27.559055118110237,88.58695652173914,L3,0.8652875903381361,0.596852306867863,True,True,True,2022
002263,20220505,L5-A,25.203252032520325,34.868421052631575,L0,0.1284046692607003,0.03355128959851479,False,False,False,2022
002332,20220505,L5-A,36.15819209039548,73.33333333333333,L3,0.1670516991885944,0.08018533233057687,True,True,True,2022
002334,20220505,L5-A,31.496062992125985,96.19565217391305,L3,0.8919491525423728,0.6235138690720997,True,True,True,2022
002372,20220505,L5-B,30.434782608695656,79.16666666666666,L3,-0.0249625504884245,0.041788016403263004,True,True,False,2022
002416,20220505,L5-A,15.625,93.93939393939394,L3,0.3875338753387534,0.40141683787381044,True,True,True,2022
002483,20220505,L5-A,26.77165354330709,41.30434782608695,L2,0.1308631366242294,-0.1375721468460437,False,True,False,2022
002549,20220505,L5-A,68.29268292682927,84.86842105263158,L3,0.3154911692655799,0.22063778960339442,True,True,True,2022
002637,20220505,L5-A,56.09756097560976,13.157894736842104,L1,-0.2615475591784406,-0.35640093884062607,False,False,False,2022
002756,20220505,L5-A,73.91304347826086,50.79365079365079,L0,0.2206249435091176,0.12772860430257735,True,False,True,2022
002760,20220505,L5-B,62.20472440944882,24.456521739130434,L0,0.0651709401709401,-0.20326434329933302,False,False,False,2022
002824,20220505,L5-A,4.3478260869565215,12.698412698412698,L1,0.207982855836766,0.11508651663022576,False,False,True,2022
002860,20220505,L5-B,10.714285714285714,86.04651162790698,L3,0.3846825274501477,0.38912519548980495,True,True,True,2022
002886,20220505,L5-A,2.4390243902439024,84.21052631578947,L0,0.2256337535190595,0.13078037385687402,True,False,True,2022
002915,20220505,L5-A,40.65040650406504,57.89473684210527,L2,0.2805412593349576,0.18568787967277212,True,True,True,2022
002971,20220505,L5-B,60.97560975609756,23.026315789473685,L0,0.0396945747750414,-0.0551588048871441,False,False,False,2022
300005,20220505,L5-A,46.666666666666664,44.44444444444444,L2,0.0585831062670298,0.13462297928983663,False,True,True,2022
300026,20220505,L5-B,58.75706214689266,52.38095238095239,L2,0.1991913939324543,0.11232502707443678,True,True,True,2022
300048,20220505,L5-A,40.15748031496063,1.6304347826086956,L1,0.0355731225296442,-0.23286216094062892,False,False,False,2022
300092,20220505,L5-B,70.07874015748031,49.45652173913043,L2,0.2859265652746363,0.017491281804363157,False,True,False,2022
300095,20220505,L5-A,18.11023622047244,4.3478260869565215,L1,0.1011190195264684,-0.16731626394380472,False,False,False,2022
300099,20220505,L5-A,36.22047244094488,26.6304347826087,L1,0.063934426229508,-0.2045008572407651,False,False,False,2022
300109,20220505,L5-A,19.51219512195122,99.3421052631579,L3,1.0046566695826766,0.9098032899204911,True,True,True,2022
300112,20220505,L5-A,55.90551181102362,57.04225352112676,L2,0.250136522538918,-0.01829876093135513,True,True,False,2022
300127,20220505,L5-A,10.869565217391305,41.269841269841265,L0,0.0470248239111379,-0.04587151529540235,False,False,False,2022
300151,20220505,L5-A,3.149606299212598,42.934782608695656,L0,0.2457853754300425,-0.02264990804023062,False,False,False,2022
300171,20220505,L5-A,61.016949152542374,6.190476190476191,L1,-0.2389660474798475,-0.32583241433786503,False,False,False,2022
300194,20220505,L5-A,37.85310734463277,43.21608040201005,L0,0.0427350427350425,-0.04413132412297502,False,False,False,2022
300224,20220505,L5-A,36.95652173913043,61.904761904761905,L2,0.1215753424657535,0.028679003259213243,True,True,False,2022
300247,20220505,L5-A,53.57142857142857,65.11627906976744,L2,0.0868167202572347,0.09125938829689197,True,True,True,2022
300260,20220505,L5-A,38.582677165354326,98.36956521739133,L3,1.880064396596532,1.6116291131262588,True,True,True,2022
300305,20220505,L5-A,13.008130081300814,18.421052631578945,L1,0.1336412902348243,0.03878791057263879,False,False,False,2022
300320,20220505,L5-B,16.260162601626014,46.71052631578947,L2,0.2710428262191358,0.1761894465569503,False,True,True,2022
300351,20220505,L5-A,48.818897637795274,73.91304347826086,L3,0.4019933554817276,0.13355807201145448,True,True,True,2022
300358,20220505,L5-A,23.728813559322035,44.285714285714285,L2,0.0884927723481323,0.0016264054901147795,False,True,False,2022
300452,20220505,L5-B,38.983050847457626,87.61904761904762,L3,0.3804783338104185,0.293611966952401,True,True,True,2022
300470,20220505,L5-A,66.14173228346458,40.76086956521739,L2,0.2920415762714818,0.023606292801208684,False,True,False,2022
300487,20220505,L5-A,13.821138211382117,92.76315789473684,L3,0.7911179254909035,0.696264545828718,True,True,True,2022
300519,20220505,L5-A,53.10734463276836,35.23809523809524,L1,0.0409811915744215,-0.04588517528359602,False,False,False,2022
300610,20220505,L5-B,15.447154471544716,53.289473684210535,L2,0.0889182016018104,-0.005935178060375107,True,True,False,2022
300683,20220505,L5-B,1.694915254237288,90.47619047619048,L3,0.1399938328707985,0.05312746601278098,True,True,True,2022
300688,20220505,L5-A,29.411764705882355,9.523809523809524,L0,0.0340277777777777,-0.12953934663708633,False,False,False,2022
300748,20220505,L5-B,21.73913043478261,76.19047619047619,L3,0.2158863660123935,0.12299002680585325,True,True,True,2022
300755,20220505,L5-A,21.875,27.27272727272727,L1,-0.359324280820777,-0.34544131828571994,False,False,False,2022
300835,20220505,L5-A,6.521739130434782,68.25396825396825,L2,0.2214255588359341,0.12852921962939384,True,True,True,2022
300855,20220505,L5-A,13.043478260869565,77.77777777777779,L3,0.7046657449452891,0.6117694057387488,True,True,True,2022
300859,20220505,L5-B,52.94117647058824,58.82352941176471,L0,0.387363241318253,0.22379611690338896,True,False,True,2022
600010,20220505,L5-A,17.857142857142858,76.92307692307693,L3,-0.013646108536908,0.08608338069612785,True,True,True,2022
600085,20220505,L5-A,44.06779661016949,64.76190476190476,L2,0.1810425839973781,0.09417621713936059,True,True,True,2022
600114,20220505,L5-B,17.322834645669293,75.54347826086956,L3,0.52813373302522,0.2596984495549469,True,True,True,2022
600129,20220505,L5-A,27.68361581920904,92.38095238095238,L3,0.9366407650926484,0.8497743982346309,True,True,True,2022
600285,20220505,L5-A,46.32768361581921,80.0,L3,0.2773243378723498,0.19045797101433226,True,True,True,2022
600329,20220505,L5-B,21.468926553672315,67.14285714285714,L2,0.4449872660940188,0.35812089923600127,True,True,True,2022
600348,20220505,L5-A,10.526315789473683,100.0,L3,0.6989129123377158,0.6756819073503747,True,True,True,2022
600351,20220505,L5-A,57.06214689265536,59.04761904761905,L2,0.0061009433873251,-0.08076542347069242,True,True,False,2022
600378,20220505,L5-A,66.66666666666666,36.18421052631579,L1,0.2700249413761726,0.17517156171398712,False,False,True,2022
600399,20220505,L5-A,3.571428571428571,96.15384615384616,L3,0.3496608892238131,0.4493903784568489,True,True,True,2022
600403,20220505,L5-A,57.89473684210527,23.809523809523807,L1,-0.0520573558189966,-0.07528836080633775,False,False,False,2022
600516,20220505,L5-A,14.285714285714285,84.61538461538461,L3,-0.096774193548387,0.002955295684648848,True,True,False,2022
600529,20220505,L5-B,3.389830508474576,74.28571428571429,L3,0.370600031731324,0.2837336648733065,True,True,True,2022
600559,20220505,L5-A,64.0625,63.888888888888886,L2,0.0235926507612365,0.04110754150831559,True,True,False,2022
600566,20220505,L5-A,64.40677966101694,19.52380952380953,L1,0.4009398530905281,0.3140734862325106,False,False,True,2022
600587,20220505,L5-A,25.42372881355932,76.19047619047619,L3,0.4852647675626029,0.3983984007045854,True,True,True,2022
600594,20220505,L5-A,39.548022598870055,55.27638190954774,L0,0.0881226053639847,0.0012562385059671777,True,False,False,2022
600876,20220505,L5-A,4.3478260869565215,54.166666666666664,L0,0.1040748898678414,0.1708254567595289,True,False,True,2022
600976,20220505,L5-A,2.2598870056497176,32.38095238095238,L1,0.4343515892197884,0.3474852223617709,False,False,True,2022
601011,20220505,L5-A,5.263157894736842,61.904761904761905,L2,-0.093994778067885,-0.11722578305522616,True,True,False,2022
601677,20220505,L5-A,63.04347826086957,39.68253968253968,L1,-0.4323846622087239,-0.5252810014152641,False,False,False,2022
603088,20220505,L5-B,67.71653543307087,87.5,L3,0.4700782414561237,0.20164295798585058,True,True,True,2022
603115,20220505,L5-A,47.82608695652174,26.984126984126984,L1,-0.1914879992684753,-0.28438433847501554,False,False,False,2022
603198,20220505,L5-A,43.75,1.3888888888888888,L1,-0.1611026242419885,-0.14358773349490941,False,False,False,2022
603309,20220505,L5-B,48.58757062146893,96.1904761904762,L3,0.6509055072502976,0.5640391403922801,True,True,True,2022
603336,20220505,L5-B,41.17647058823529,60.0,L2,-0.0015974440894568,-0.004071667864079073,True,True,False,2022
603369,20220505,L5-A,50.0,36.11111111111111,L1,-0.1225538010313357,-0.10503891028425662,False,False,False,2022
603439,20220505,L5-B,51.9774011299435,45.23809523809524,L2,0.0252032520325202,-0.061663114825497314,False,True,False,2022
603520,20220505,L5-A,51.41242937853108,1.4285714285714286,L1,-0.4360451498362853,-0.5229115166943028,False,False,False,2022
603566,20220505,L5-A,44.11764705882353,91.42857142857144,L0,0.3694856856171526,0.36701146184253036,True,False,True,2022
603589,20220505,L5-A,17.1875,20.833333333333336,L1,-0.1588799704451484,-0.1413650796980693,False,False,False,2022
603666,20220505,L5-A,20.47244094488189,5.434782608695652,L0,-0.2765335234284558,-0.5449688068987288,False,False,False,2022
603698,20220505,L5-B,51.181102362204726,32.608695652173914,L0,0.1067207650159718,-0.16171451845430132,False,False,False,2022
603719,20220505,L5-A,6.25,91.66666666666666,L3,0.2662123782425305,0.2837272689896096,True,True,True,2022
603722,20220505,L5-A,18.69918699186992,19.73684210526316,L1,0.076333668192565,-0.018519711469620503,False,False,False,2022
605166,20220505,L5-A,39.02439024390244,41.44736842105263,L2,0.1616983334163155,0.06684495375413001,False,True,True,2022
605183,20220505,L5-B,72.35772357723577,69.07894736842105,L0,0.1534459598852253,0.0585925802230398,True,False,True,2022
605337,20220505,L5-B,45.3125,18.055555555555554,L0,-0.2094669549824709,-0.1919520642353918,False,False,False,2022
605369,20220505,L5-B,28.24858757062147,91.42857142857144,L3,0.0094550779659832,-0.07741128889203432,True,True,False,2022
688017,20220505,L5-B,6.299212598425196,96.7391304347826,L3,0.9941212835711526,0.7256860001008795,True,True,True,2022
688065,20220505,L5-B,3.2520325203252036,42.10526315789473,L0,0.0038974504041449,-0.09095592925804061,False,False,False,2022
688166,20220505,L5-B,4.519774011299435,27.142857142857142,L0,0.0300409853644509,-0.05682538149356662,False,False,False,2022
688298,20220505,L5-A,41.80790960451977,3.8095238095238098,L0,-0.3410507742345956,-0.42791714109261314,False,False,False,2022
688356,20220505,L5-B,14.124293785310735,84.76190476190476,L3,0.0290557896304057,-0.05781057722761182,True,True,False,2022
688357,20220505,L5-A,4.878048780487805,97.79411764705884,L3,-0.0222866406751804,-0.1171400203373659,True,True,False,2022
688399,20220505,L5-B,76.27118644067797,29.52380952380953,L1,-0.1952360005755404,-0.28210236743355793,False,False,False,2022
688658,20220505,L5-A,11.299435028248588,30.47619047619048,L0,0.1610287511510169,0.07416238429299937,False,False,True,2022
688665,20220505,L5-A,29.92125984251969,16.304347826086957,L1,-0.1978626647081922,-0.4662979481784653,False,False,False,2022
688696,20220505,L5-A,28.57142857142857,11.627906976744184,L1,-0.30715314475096,-0.30271047671130275,False,False,False,2022
000404,20220901,L5-A,67.44186046511628,86.04651162790698,L3,0.0787119856887299,0.02419152490622456,True,True,False,2022
000408,20220901,L5-A,53.96825396825397,20.0,L1,-0.0610790634543604,-0.14148415655262284,False,False,False,2022
000603,20220901,L5-B,34.92063492063492,92.72727272727272,L3,0.2532110091743118,0.17280591607604934,True,True,True,2022
000630,20220901,L5-B,7.936507936507936,87.27272727272727,L3,0.1937716262975779,0.11336653319931547,True,True,True,2022
000657,20220901,L5-A,14.285714285714285,98.1818181818182,L3,0.2068242521901773,0.12641915909191487,True,True,True,2022
000731,20220901,L5-A,46.05263157894737,18.38235294117647,L1,-0.0790305584826133,-0.10000084856022522,False,False,False,2022
000792,20220901,L5-B,10.526315789473683,33.82352941176471,L1,-0.0791127541589649,-0.10008304423657682,False,False,False,2022
000895,20220901,L5-B,45.83333333333333,25.0,L1,0.0351828490373313,-0.12563337785736903,False,False,False,2022
000902,20220901,L5-A,21.710526315789476,11.76470588235294,L1,-0.1774406332453826,-0.1984109233229945,False,False,False,2022
000968,20220901,L5-A,5.555555555555555,41.66666666666667,L2,-0.0999999999999998,-0.14766412626507436,False,True,False,2022
002041,20220901,L5-A,42.857142857142854,41.37931034482759,L2,-0.0803858520900321,-0.05602117484585836,False,True,False,2022
002192,20220901,L5-A,6.349206349206349,10.909090909090908,L1,-0.1635146443514644,-0.24391973744972684,False,False,False,2022
002216,20220901,L5-A,16.666666666666664,50.0,L2,-0.0108757870635375,-0.17169201395823783,True,True,False,2022
002304,20220901,L5-A,48.61111111111111,12.162162162162163,L1,0.0855370347161297,-0.07527919217857063,False,False,False,2022
002349,20220901,L5-A,4.285714285714286,56.28140703517588,L2,0.0265780730897009,-0.10117753280615219,True,True,False,2022
002365,20220901,L5-B,54.761904761904766,26.633165829145728,L1,0.0494791666666667,-0.07827643922918638,False,False,False,2022
002497,20220901,L5-A,15.789473684210526,22.058823529411764,L1,-0.1285612535612537,-0.14953154363886562,False,False,False,2022
002507,20220901,L5-B,22.22222222222222,4.166666666666666,L1,-0.1451239669421488,-0.3059401938368491,False,False,False,2022
002545,20220901,L5-B,6.578947368421052,55.14705882352941,L2,-0.0254777070063694,-0.04644799708398133,True,True,False,2022
002557,20220901,L5-A,4.166666666666666,31.944444444444443,L1,-0.0105172783859197,-0.17133350528062002,False,False,False,2022
002603,20220901,L5-B,45.714285714285715,92.964824120603,L3,0.3839567372690402,0.2562011313731871,True,True,True,2022
002613,20220901,L5-A,8.333333333333332,28.57142857142857,L1,0.0511811023622046,-0.013252306215342242,False,False,False,2022
002644,20220901,L5-A,39.523809523809526,35.678391959798994,L1,0.2087912087912089,0.08103560289535583,False,False,True,2022
002758,20220901,L5-A,11.842105263157894,99.26470588235294,L3,0.2006446414182112,0.17967435134059928,True,True,True,2022
002824,20220901,L5-B,12.698412698412698,10.16949152542373,L0,-0.0367936925098555,-0.11719878560811794,False,False,False,2022
002832,20220901,L5-A,8.333333333333332,70.83333333333334,L3,0.4299287410926367,0.33339313812428,True,True,True,2022
002864,20220901,L5-B,13.80952380952381,84.92462311557789,L3,0.141169521559362,0.013413915663508913,True,True,False,2022
002895,20220901,L5-A,0.6578947368421052,74.26470588235294,L3,0.1849366144668156,0.1639663243892037,True,True,True,2022
002915,20220901,L5-A,57.89473684210527,92.64705882352942,L3,0.1849648458626285,0.1639945557850166,True,True,True,2022
300005,20220901,L5-B,44.44444444444444,66.66666666666666,L2,0.0100882723833544,-0.08644733058500227,True,True,False,2022
300124,20220901,L5-A,12.5,83.80281690140845,L3,0.2984448715708543,0.21123270848588732,True,True,True,2022
300160,20220901,L5-A,39.53488372093023,41.86046511627907,L2,0.06640625,0.011885789217494655,False,True,False,2022
300164,20220901,L5-B,27.77777777777778,33.33333333333333,L1,-0.0584415584415585,-0.10610568470663305,False,False,False,2022
300171,20220901,L5-A,6.190476190476191,8.040201005025125,L1,0.0583613916947249,-0.06939421420112818,False,False,False,2022
300196,20220901,L5-A,20.833333333333336,73.68421052631578,L3,0.0633397312859884,-0.0010936772915584453,True,True,False,2022
300224,20220901,L5-B,61.904761904761905,58.18181818181818,L2,0.0066225165562914,-0.07378257654197104,True,True,False,2022
300233,20220901,L5-B,27.61904761904762,7.035175879396985,L1,-0.1698762035763411,-0.29763180947219414,False,False,False,2022
300404,20220901,L5-A,48.095238095238095,52.76381909547738,L0,0.3313539192399051,0.203598313344052,True,False,True,2022
300439,20220901,L5-B,74.76190476190476,38.19095477386934,L1,0.042776432606941,-0.08497917328891208,False,False,False,2022
300470,20220901,L5-A,40.76086956521739,68.30985915492957,L2,0.1384412153236458,0.051229052238678824,True,True,True,2022
300482,20220901,L5-B,7.142857142857142,53.266331658291456,L2,0.0093768905021172,-0.11837871539373587,True,True,False,2022
300505,20220901,L5-A,39.473684210526315,59.55882352941176,L2,0.0654429369513167,0.04447264687370478,True,True,False,2022
300519,20220901,L5-A,35.23809523809524,38.69346733668342,L1,0.1161000641436817,-0.011655541752171386,False,False,False,2022
300586,20220901,L5-B,96.71052631578948,66.91176470588235,L2,0.0209944751381214,2.4185060509475387e-05,True,True,False,2022
300610,20220901,L5-B,53.289473684210535,7.352941176470589,L0,-0.1711924439197166,-0.19216273399732853,False,False,False,2022
300636,20220901,L5-A,5.714285714285714,78.89447236180904,L3,0.1563876651982378,0.028632059302384716,True,True,False,2022
300683,20220901,L5-B,90.47619047619048,21.105527638190953,L1,-0.0012787723785165,-0.1290343782743696,False,False,False,2022
300755,20220901,L5-A,27.27272727272727,13.636363636363637,L0,0.0440944881889764,-0.05092266794343992,False,False,False,2022
300780,20220901,L5-A,32.065217391304344,47.183098591549296,L2,0.1024590163934426,0.01524685330847561,False,True,False,2022
300861,20220901,L5-A,10.326086956521738,8.450704225352112,L1,-0.2148975221780361,-0.3021096852630031,False,False,False,2022
300879,20220901,L5-A,11.41304347826087,31.690140845070424,L1,-0.1112181030332208,-0.1984302661181878,False,False,False,2022
300902,20220901,L5-B,27.173913043478255,14.084507042253522,L1,-0.0434662998624484,-0.1306784629474154,False,False,False,2022
300911,20220901,L5-B,18.6046511627907,81.3953488372093,L3,-0.0480326125487415,-0.10255307333124684,True,True,False,2022
300957,20220901,L5-B,9.090909090909092,9.090909090909092,L1,-0.2507336159113138,-0.39385014040196786,False,False,False,2022
600108,20220901,L5-A,28.57142857142857,34.48275862068966,L1,-0.0712250712250712,-0.04686039398089746,False,False,False,2022
600123,20220901,L5-A,28.57142857142857,50.0,L2,-0.0603448275862068,0.013366743372996655,True,True,False,2022
600251,20220901,L5-B,17.142857142857142,17.24137931034483,L1,-0.0799180327868851,-0.05555335554271136,False,False,False,2022
600295,20220901,L5-A,53.84615384615385,40.0,L2,-0.0565610859728505,-0.08884048555875837,False,True,False,2022
600367,20220901,L5-A,48.68421052631579,9.558823529411764,L1,-0.1746341463414634,-0.19560443641907532,False,False,False,2022
600371,20220901,L5-B,31.428571428571427,93.10344827586206,L3,-0.0267148014440434,-0.002350124199869661,True,True,False,2022
600378,20220901,L5-A,36.18421052631579,77.20588235294117,L3,0.2426509887760555,0.2216806986984436,True,True,True,2022
600380,20220901,L5-A,22.857142857142858,44.72361809045226,L2,0.1906934306569341,0.06293782476108101,False,True,True,2022
600392,20220901,L5-A,25.396825396825395,25.454545454545453,L1,-0.0493827160493827,-0.12978780914764515,False,False,False,2022
600403,20220901,L5-B,23.809523809523807,88.88888888888889,L3,-0.0343511450381679,0.03936042592103556,True,True,False,2022
600426,20220901,L5-A,40.131578947368425,85.29411764705883,L3,0.2797494780793319,0.25877918800172,True,True,True,2022
600470,20220901,L5-A,9.86842105263158,33.088235294117645,L1,-0.0435393258426967,-0.06450961592030863,False,False,False,2022
600486,20220901,L5-A,5.921052631578947,63.97058823529411,L2,-0.0725694444444443,-0.09353973452205622,True,True,False,2022
600508,20220901,L5-A,9.523809523809524,72.22222222222221,L3,-0.1348571428571429,-0.06114557189793944,True,True,False,2022
600546,20220901,L5-A,38.095238095238095,27.77777777777778,L1,-0.0203892988565616,0.05332227210264186,False,False,True,2022
600566,20220901,L5-A,19.52380952380953,77.38693467336684,L3,0.2976034858387799,0.1698478799429268,True,True,True,2022
600598,20220901,L5-B,37.142857142857146,37.93103448275862,L1,-0.0396505376344085,-0.01528586039023476,False,False,False,2022
600618,20220901,L5-A,12.5,48.52941176470589,L2,-0.0441839495040576,-0.06515423958166952,False,True,False,2022
600833,20220901,L5-A,78.0952380952381,80.40201005025126,L3,0.2227772227772226,0.09502161688136951,True,True,True,2022
600888,20220901,L5-A,52.38095238095239,69.0909090909091,L2,0.0256124721603565,-0.054792620937905934,True,True,False,2022
600976,20220901,L5-B,32.38095238095238,85.92964824120602,L3,0.5490654205607479,0.4213098146648948,True,True,True,2022
601088,20220901,L5-A,47.61904761904761,66.66666666666666,L2,-0.0980392156862745,-0.024327644727071038,True,True,False,2022
601116,20220901,L5-A,60.60606060606061,86.36363636363636,L3,0.0801644398766701,-0.014852716255746218,True,True,False,2022
601599,20220901,L5-B,50.0,45.83333333333333,L2,-0.0859598853868195,-0.18249548835517618,False,True,False,2022
601666,20220901,L5-A,4.761904761904762,22.22222222222222,L1,-0.1094674556213017,-0.03575588466209824,False,False,False,2022
601677,20220901,L5-A,39.68253968253968,49.09090909090909,L2,-0.2244210526315788,-0.30482614572984124,False,True,False,2022
601717,20220901,L5-A,54.34782608695651,7.746478873239436,L1,0.0611798980335032,-0.02603226505146379,False,False,False,2022
601898,20220901,L5-A,52.38095238095239,33.33333333333333,L1,-0.1423001949317738,-0.06858862397257033,False,False,False,2022
603067,20220901,L5-A,93.42105263157896,5.88235294117647,L1,-0.0770642201834862,-0.09803451026109812,False,False,False,2022
603115,20220901,L5-A,26.984126984126984,29.09090909090909,L1,-0.0703005603667855,-0.15070565346504794,False,False,False,2022
603169,20220901,L5-A,29.347826086956523,36.61971830985916,L1,-0.0337078651685394,-0.1209200282535064,False,False,False,2022
603198,20220901,L5-A,1.3888888888888888,45.83333333333333,L2,0.3470690655832851,0.18625283868858478,False,True,True,2022
603217,20220901,L5-A,59.86842105263158,84.55882352941177,L3,0.0665393186883158,0.045569028610703874,True,True,False,2022
603229,20220901,L5-A,15.23809523809524,15.07537688442211,L1,-0.0683387858960378,-0.19609439179189087,False,False,False,2022
603259,20220901,L5-A,16.666666666666664,66.33165829145729,L2,-0.0447863247863247,-0.17254193068217777,True,True,False,2022
603279,20220901,L5-A,39.130434782608695,71.12676056338029,L3,0.0837950138504155,-0.0034171492345514837,True,True,False,2022
603299,20220901,L5-A,51.973684210526315,50.0,L2,-0.0627650551314673,-0.08373534520907921,True,True,False,2022
603369,20220901,L5-A,36.11111111111111,38.88888888888889,L1,0.4412827461607949,0.28046651926609456,False,False,True,2022
603456,20220901,L5-A,14.761904761904765,49.74874371859296,L2,-0.0541324311261478,-0.18188803702200088,False,True,False,2022
603538,20220901,L5-A,18.571428571428573,50.753768844221106,L2,0.0018691588785046,-0.12588644701734847,True,True,False,2022
603589,20220901,L5-A,20.833333333333336,68.05555555555556,L2,0.3597999999999999,0.19898377310529958,True,True,True,2022
603599,20220901,L5-A,42.76315789473684,86.76470588235294,L3,0.2221882246531179,0.201217934575506,True,True,True,2022
603639,20220901,L5-A,60.526315789473685,87.5,L3,0.1031714171015656,0.08220112702395369,True,True,True,2022
603896,20220901,L5-A,42.38095238095238,73.86934673366834,L3,0.3402871850447033,0.2125315791488502,True,True,True,2022
603919,20220901,L5-A,2.7777777777777777,29.166666666666668,L1,0.0493827160493827,-0.11143351084531762,False,False,False,2022
603938,20220901,L5-A,22.36842105263158,30.14705882352941,L1,-0.1540074557315935,-0.17497774580920541,False,False,False,2022
603948,20220901,L5-A,21.052631578947366,51.47058823529411,L2,-0.0362838915470494,-0.057254181624661324,True,True,False,2022
603979,20220901,L5-A,22.22222222222222,94.54545454545456,L3,0.6736292428198432,0.5932241497215807,True,True,True,2022
605006,20220901,L5-A,29.166666666666668,15.789473684210526,L1,-0.0233297985153764,-0.08776320709292323,False,False,False,2022
605116,20220901,L5-A,64.28571428571429,40.20100502512563,L2,0.2116353641777371,0.08387975828188401,False,True,True,2022
605366,20220901,L5-A,7.894736842105263,12.5,L1,-0.0849812934259754,-0.10595158350358731,False,False,False,2022
605399,20220901,L5-A,17.763157894736842,32.35294117647059,L1,0.0965478529329215,0.07557756285530957,False,False,True,2022
688166,20220901,L5-B,27.142857142857142,81.4070351758794,L0,0.2119591638308215,0.08420355793496842,True,False,True,2022
688363,20220901,L5-A,36.36363636363637,27.27272727272727,L1,-0.09938553872535,-0.242502063216004,False,False,False,2022
688399,20220901,L5-B,29.52380952380953,3.5175879396984926,L1,-0.1975308641975308,-0.32528647009338385,False,False,False,2022
688575,20220901,L5-A,37.142857142857146,61.30653266331658,L2,0.0476907630522087,-0.08006484284364437,True,True,False,2022
688621,20220901,L5-B,47.14285714285714,86.4321608040201,L3,0.101034126163392,-0.026721479732461084,True,True,False,2022
688665,20220901,L5-B,16.304347826086957,27.464788732394368,L0,-0.0899006622516556,-0.1771128253366226,False,False,False,2022
688696,20220901,L5-B,11.627906976744184,15.909090909090908,L1,-0.2166635670448204,-0.27118402782732576,False,False,False,2022
000408,20230103,L5-A,20.0,52.54237288135594,L2,-0.097102507277508,-0.07061674782807029,True,True,False,2023
000568,20230103,L5-A,6.944444444444445,48.64864864864865,L2,-0.0084599290457563,0.05137358714853424,False,True,True,2023
000629,20230103,L5-A,50.0,10.526315789473683,L1,-0.1748971193415639,-0.15972142272109865,False,False,False,2023
000731,20230103,L5-A,18.38235294117647,82.96296296296296,L3,0.0124069478908188,0.08369297680563134,True,True,True,2023
000762,20230103,L5-A,27.27272727272727,13.559322033898304,L1,-0.2474330077635863,-0.22094724831414858,False,False,False,2023
000792,20230103,L5-A,33.82352941176471,27.40740740740741,L1,-0.1666666666666667,-0.09538063775185417,False,False,False,2023
000810,20230103,L5-A,18.6046511627907,68.18181818181817,L2,0.1176259435757254,-0.04965501277907752,True,True,False,2023
000895,20230103,L5-B,25.0,68.91891891891892,L2,-0.0013842515634121,0.05844926463087844,True,True,True,2023
000902,20230103,L5-A,11.76470588235294,61.48148148148148,L2,-0.0960768379704852,-0.024790809055672658,True,True,False,2023
000915,20230103,L5-B,57.78894472361809,12.206572769953052,L1,-0.164147600610329,-0.14131446202497552,False,False,False,2023
000968,20230103,L5-A,41.66666666666667,42.857142857142854,L2,-0.1287015945330295,-0.1255922728182588,False,True,False,2023
000969,20230103,L5-A,60.0,84.7457627118644,L3,0.1966026746971574,0.2230884341465951,True,True,True,2023
002003,20230103,L5-A,12.5,16.666666666666664,L1,-0.0395773543297628,-0.11144506988951147,False,False,False,2023
002006,20230103,L5-A,38.732394366197184,1.948051948051948,L1,-0.1480483229882407,-0.28492108732587995,False,False,False,2023
002011,20230103,L5-B,27.906976744186046,29.545454545454547,L1,0.0558490566037737,-0.11143189975102921,False,False,False,2023
002030,20230103,L5-B,10.050251256281408,47.417840375586856,L2,-0.2656471990777629,-0.24281406049240944,False,True,False,2023
002050,20230103,L5-B,13.953488372093023,45.45454545454545,L2,0.4140873937943192,0.24680643743951627,False,True,True,2023
002057,20230103,L5-A,11.76470588235294,5.0,L1,-0.0005930451288879,-0.03910569939178952,False,False,False,2023
002073,20230103,L5-B,53.52112676056338,24.67532467532467,L1,0.0084029325391039,-0.12846983179853533,False,False,False,2023
002166,20230103,L5-A,35.294117647058826,38.51851851851852,L1,-0.1477733690473577,-0.07648734013254514,False,False,False,2023
002182,20230103,L5-B,56.36363636363636,86.4406779661017,L3,0.0314075089476399,0.057893268397077605,True,True,True,2023
002192,20230103,L5-A,10.909090909090908,1.694915254237288,L1,-0.3220290865685092,-0.2955433271190715,False,False,False,2023
002216,20230103,L5-A,50.0,45.94594594594595,L0,-0.0729950789161709,-0.013161562721880356,False,False,False,2023
002318,20230103,L5-A,55.00000000000001,63.1578947368421,L2,0.040298551504726,0.055474248125191236,True,True,True,2023
002329,20230103,L5-A,55.55555555555556,1.351351351351351,L1,-0.1315104166666666,-0.07167690047237607,False,False,False,2023
002334,20230103,L5-B,33.098591549295776,62.33766233766234,L2,0.5278321833961186,0.39095941905847936,True,True,True,2023
002337,20230103,L5-B,9.859154929577464,50.64935064935064,L2,0.3241525423728812,0.18727977803524198,True,True,True,2023
002349,20230103,L5-A,56.28140703517588,25.821596244131456,L1,-0.2708108980659673,-0.24797775948061385,False,False,False,2023
002404,20230103,L5-A,54.166666666666664,40.0,L2,0.0662269884780093,-0.005640727081739377,False,True,False,2023
002444,20230103,L5-B,37.32394366197183,30.519480519480517,L1,0.1854348930534304,0.04856212871579116,False,False,False,2023
002483,20230103,L5-A,20.422535211267608,48.701298701298704,L2,0.0947320851463457,-0.04214067919129354,False,True,False,2023
002497,20230103,L5-A,22.058823529411764,8.88888888888889,L1,-0.2228720140158731,-0.15158598510106053,False,False,False,2023
002507,20230103,L5-B,4.166666666666666,50.0,L2,-0.053335467404963,0.00649804878932754,True,True,False,2023
002526,20230103,L5-B,45.774647887323944,50.0,L2,0.1061946902654866,-0.03067807407215263,True,True,False,2023
002545,20230103,L5-B,55.14705882352941,48.888888888888886,L2,-0.1245839427452687,-0.05329791383045615,False,True,False,2023
002549,20230103,L5-A,0.7352941176470588,5.185185185185185,L1,-0.2917431192660551,-0.22045709035124256,False,False,False,2023
002557,20230103,L5-A,31.944444444444443,43.24324324324324,L0,-0.1047950234547413,-0.04496150726045076,False,False,False,2023
002585,20230103,L5-B,6.61764705882353,2.9629629629629632,L0,-0.0011149073449057,0.07017112156990685,False,False,True,2023
002644,20230103,L5-A,35.678391959798994,94.3661971830986,L3,0.280880421876265,0.30371356046161846,True,True,True,2023
002661,20230103,L5-A,20.833333333333336,60.810810810810814,L2,-0.0253252964269814,0.03450821976730914,True,True,False,2023
002738,20230103,L5-A,1.818181818181818,55.932203389830505,L2,0.0138801175174236,0.04036587696686131,True,True,False,2023
002748,20230103,L5-A,22.794117647058822,57.03703703703704,L2,-0.0956097560975609,-0.024323727182748348,True,True,False,2023
002756,20230103,L5-A,3.636363636363636,23.728813559322035,L1,-0.0795600307949788,-0.05307427134554109,False,False,False,2023
002847,20230103,L5-B,59.72222222222222,81.08108108108108,L3,0.2404557560729621,0.30028927226725266,True,True,True,2023
002895,20230103,L5-B,74.26470588235294,11.851851851851851,L1,-0.1999989139669935,-0.12871288505218098,False,False,False,2023
002957,20230103,L5-B,47.88732394366197,19.480519480519483,L1,0.3226152752711964,0.18574251093355715,False,False,True,2023
002996,20230103,L5-A,30.909090909090907,30.508474576271187,L1,-0.0698622130216615,-0.04337645357222379,False,False,False,2023
300095,20230103,L5-B,33.80281690140845,22.07792207792208,L0,0.0205626067544375,-0.11631015758320173,False,False,False,2023
300109,20230103,L5-B,8.088235294117647,86.66666666666667,L3,-0.0019808118707485,0.06930521704406405,True,True,True,2023
300112,20230103,L5-A,57.04225352112676,27.27272727272727,L1,0.1611818845617298,0.02430912022409057,False,False,False,2023
300121,20230103,L5-A,36.02941176470589,19.25925925925926,L1,-0.064652647254046,0.006633381660766546,False,False,False,2023
300160,20230103,L5-A,41.86046511627907,59.09090909090909,L2,0.0451007262699727,-0.12218023008483023,True,True,False,2023
300164,20230103,L5-B,33.33333333333333,85.71428571428571,L3,0.1064356435643563,0.10954496527912702,True,True,True,2023
300171,20230103,L5-A,8.040201005025125,22.535211267605636,L1,-0.1003483895417044,-0.07751525095635095,False,False,False,2023
300179,20230103,L5-A,26.76056338028169,3.2467532467532463,L1,-0.1875486381322956,-0.32442140246993484,False,False,False,2023
300217,20230103,L5-A,25.581395348837212,6.8181818181818175,L1,0.0294185906696828,-0.13786236568512011,False,False,False,2023
300224,20230103,L5-B,58.18181818181818,61.016949152542374,L2,0.0093349528457,0.03582071229513771,True,True,False,2023
300233,20230103,L5-B,7.035175879396985,18.30985915492958,L0,-0.2123363846905467,-0.18950324610519323,False,False,False,2023
300239,20230103,L5-A,23.618090452261303,24.88262910798122,L1,-0.1865505790426359,-0.16371744045728243,False,False,False,2023
300260,20230103,L5-A,1.4084507042253522,64.93506493506493,L2,0.0064028938079385,-0.13046987052970074,True,True,False,2023
300289,20230103,L5-B,27.1356783919598,36.61971830985916,L0,-0.0442930153321975,-0.021459876746844044,False,False,False,2023
300320,20230103,L5-B,52.94117647058824,7.4074074074074066,L0,-0.2484445845387602,-0.17715855562394767,False,False,False,2023
300337,20230103,L5-A,5.454545454545454,8.47457627118644,L1,-0.1716049382716048,-0.1451191788221671,False,False,False,2023
300341,20230103,L5-A,58.79396984924623,85.44600938967136,L3,0.3252212389380531,0.34805437752340657,True,True,True,2023
300401,20230103,L5-A,5.025125628140704,13.145539906103288,L1,-0.1916622542003603,-0.16882911561500683,False,False,False,2023
300439,20230103,L5-A,38.19095477386934,39.906103286384976,L0,-0.0450910195749839,-0.022257880989630444,False,False,False,2023
300482,20230103,L5-B,53.266331658291456,32.863849765258216,L0,-0.1416267183690275,-0.11879357978367404,False,False,False,2023
300487,20230103,L5-B,36.76470588235294,94.07407407407408,L3,0.3102146392511866,0.38150066816599915,True,True,True,2023
300519,20230103,L5-A,38.69346733668342,53.52112676056338,L0,0.010035937564415,0.03286907614976845,True,False,False,2023
300586,20230103,L5-B,66.91176470588235,8.148148148148149,L0,-0.091192556776141,-0.01990652786132846,False,False,False,2023
300653,20230103,L5-B,2.0100502512562812,40.845070422535215,L0,-0.1937253719537801,-0.17089223336842663,False,False,False,2023
300683,20230103,L5-B,21.105527638190953,33.33333333333333,L1,0.058710033076075,0.08154317166142845,False,False,True,2023
300727,20230103,L5-A,16.176470588235293,96.29629629629628,L0,0.0496595915098116,0.12094562042462415,True,False,True,2023
300761,20230103,L5-B,13.79310344827586,76.66666666666667,L3,0.0199679693653309,0.04963271871490081,True,True,False,2023
300780,20230103,L5-A,47.183098591549296,91.78743961352656,L3,0.2107258109491459,0.07385304661150666,True,True,True,2023
300801,20230103,L5-A,23.52941176470588,21.48148148148148,L1,-0.2291137428503644,-0.15782771393555184,False,False,False,2023
300802,20230103,L5-B,49.29577464788733,59.09090909090909,L2,0.231574877517803,0.09470211318016378,True,True,True,2023
300806,20230103,L5-A,66.17647058823529,42.22222222222222,L2,0.0919300583308606,0.16321608724567316,False,True,True,2023
300861,20230103,L5-A,8.450704225352112,22.727272727272727,L1,-0.128103277060576,-0.26497604139821523,False,False,False,2023
300879,20230103,L5-A,31.690140845070424,38.961038961038966,L1,0.0675129832660128,-0.06935978107162644,False,False,False,2023
300902,20230103,L5-B,14.084507042253522,46.75324675324675,L0,0.2204873009866161,0.08361453664897686,False,False,True,2023
300911,20230103,L5-A,81.3953488372093,13.636363636363637,L1,-0.180689161967267,-0.3479701183220699,False,False,False,2023
300950,20230103,L5-B,39.436619718309856,59.74025974025974,L2,0.2067594849419762,0.06988672060433698,True,True,True,2023
300957,20230103,L5-B,9.090909090909092,18.181818181818183,L1,-0.3672014255622781,-0.27946104601251287,False,False,False,2023
300962,20230103,L5-A,23.52941176470588,35.0,L1,0.1923411215036909,0.15382846724078927,False,False,True,2023
301018,20230103,L5-B,5.633802816901409,85.06493506493507,L0,-0.0636541729110776,-0.20052693724871684,True,False,False,2023
301035,20230103,L5-A,5.147058823529411,84.44444444444444,L3,-0.0816345876825723,-0.010348558767759752,True,True,False,2023
301071,20230103,L5-A,3.6764705882352944,0.7407407407407408,L0,-0.3369759614237352,-0.26568993250892264,False,False,False,2023
600085,20230103,L5-A,20.100502512562816,88.73239436619718,L3,0.2220999339643408,0.24493307254969426,True,True,True,2023
600108,20230103,L5-A,34.48275862068966,73.33333333333333,L3,-0.0287539936102236,0.000910755739346316,True,True,False,2023
600230,20230103,L5-B,4.411764705882353,34.81481481481482,L1,-0.1270029673590504,-0.05571693844423785,False,False,False,2023
600251,20230103,L5-B,17.24137931034483,83.33333333333334,L3,0.0671540702712962,0.09681881962086612,True,True,True,2023
600367,20230103,L5-B,9.558823529411764,4.444444444444445,L0,-0.0019929586011255,0.06929307031368705,False,False,True,2023
600392,20230103,L5-A,25.454545454545453,33.89830508474576,L1,-0.1083505866114561,-0.0818648271620184,False,False,False,2023
600395,20230103,L5-A,16.666666666666664,44.44444444444444,L2,0.0443786982248521,0.03518302018417621,False,True,False,2023
600399,20230103,L5-B,10.0,5.263157894736842,L0,-0.2731512325116589,-0.25797553589119365,False,False,False,2023
600425,20230103,L5-B,57.89473684210527,95.23809523809524,L3,0.2254775504395467,0.2135912811810961,True,True,True,2023
600470,20230103,L5-A,33.088235294117645,46.666666666666664,L2,-0.1340872374798061,-0.06280120856499356,False,True,False,2023
600508,20230103,L5-A,72.22222222222221,55.55555555555556,L2,0.0171467764060357,0.007951098365359812,True,True,False,2023
600519,20230103,L5-A,1.3888888888888888,51.35135135135135,L2,0.0118826979339541,0.07171621412824464,True,True,True,2023
600546,20230103,L5-B,27.77777777777778,100.0,L3,0.1672526128504112,0.15805693480973532,True,True,True,2023
600559,20230103,L5-A,54.166666666666664,87.83783783783784,L3,-0.053004546174846,0.00682897001944454,True,True,False,2023
600582,20230103,L5-A,66.90140845070422,69.48051948051948,L2,0.1277892194412337,-0.009083544896405532,True,True,False,2023
600598,20230103,L5-B,37.93103448275862,66.66666666666666,L2,0.007577250502232,0.03724199985180192,True,True,False,2023
600600,20230103,L5-B,11.11111111111111,91.8918918918919,L0,0.0040886184273081,0.06392213462159864,True,False,True,2023
600784,20230103,L5-A,42.64705882352941,90.37037037037037,L3,0.1594202898550725,0.23070631876988507,True,True,True,2023
600873,20230103,L5-A,55.88235294117647,65.92592592592592,L2,-0.0839595154593616,-0.012673486544549056,True,True,False,2023
600929,20230103,L5-A,43.38235294117647,80.0,L3,0.0268311194949339,0.09811714840974645,True,True,True,2023
601001,20230103,L5-B,5.555555555555555,11.11111111111111,L1,-0.2019867549668873,-0.2111824330075632,False,False,False,2023
601088,20230103,L5-A,66.66666666666666,83.33333333333334,L3,0.1124598357729382,0.1032641577322623,True,True,True,2023
601225,20230103,L5-A,38.88888888888889,66.66666666666666,L2,-0.006423982869379,-0.01561966091005489,True,True,False,2023
601666,20230103,L5-A,22.22222222222222,5.555555555555555,L0,-0.2103070052650425,-0.2195026833057184,False,False,False,2023
601677,20230103,L5-A,49.09090909090909,5.084745762711865,L1,-0.1902289469930551,-0.16374318754361739,False,False,False,2023
601702,20230103,L5-B,12.727272727272728,49.15254237288136,L0,-0.0275750468978239,-0.001089287448386194,False,False,False,2023
601717,20230103,L5-A,7.746478873239436,77.92207792207793,L3,0.1374396509117073,0.0005668865740680595,True,True,False,2023
603067,20230103,L5-B,5.88235294117647,14.814814814814811,L0,-0.0660045717439392,0.0052814571708733465,False,False,False,2023
603086,20230103,L5-A,27.941176470588236,30.37037037037037,L1,-0.2568884956662595,-0.18560246675144693,False,False,False,2023
603088,20230103,L5-A,15.492957746478872,25.32467532467532,L1,0.1569623966184437,0.02008963228080446,False,False,False,2023
603115,20230103,L5-A,29.09090909090909,40.67796610169492,L2,-0.0292106898694841,-0.002724930420046394,False,True,False,2023
603169,20230103,L5-A,36.61971830985916,79.87012987012987,L3,0.2009345794392523,0.06406181510161307,True,True,True,2023
603214,20230103,L5-A,9.090909090909092,32.0,L1,-0.1037578472568657,-0.26736393114876533,False,False,False,2023
603217,20230103,L5-A,84.55882352941177,31.851851851851855,L1,-0.1839699882912507,-0.11268395937643814,False,False,False,2023
603229,20230103,L5-B,15.07537688442211,14.084507042253522,L1,-0.1341513292433537,-0.11131819065800026,False,False,False,2023
603299,20230103,L5-A,50.0,57.77777777777777,L0,0.0222167778202102,0.09350280673502274,True,False,True,2023
603309,20230103,L5-A,22.110552763819097,18.779342723004692,L1,-0.2361969170586086,-0.21336377847325513,False,False,False,2023
603317,20230103,L5-A,22.22222222222222,27.027027027027028,L1,-0.2340806169722862,-0.17424710077799566,False,False,False,2023
603339,20230103,L5-A,38.732394366197184,82.46753246753246,L3,0.2812420702316029,0.14436930589396368,True,True,True,2023
603527,20230103,L5-A,36.36363636363637,16.94915254237288,L0,-0.1396491228070175,-0.11316336335757979,False,False,False,2023
603538,20230103,L5-A,50.753768844221106,14.553990610328638,L1,-0.2895281397656916,-0.2666950011803381,False,False,False,2023
603605,20230103,L5-A,18.181818181818183,81.81818181818183,L3,-0.0381250258671069,0.0496153536826583,True,True,False,2023
603613,20230103,L5-A,4.545454545454546,4.0,L1,-0.386828022462595,-0.5504341063544946,False,False,False,2023
603619,20230103,L5-A,8.333333333333332,64.28571428571429,L2,-0.038195788675759,-0.03508646696098827,True,True,False,2023
603663,20230103,L5-B,45.588235294117645,71.11111111111111,L0,0.1458015267175572,0.21708755563236976,True,False,True,2023
603667,20230103,L5-B,28.87323943661972,8.441558441558442,L1,0.0777912394797049,-0.05908152485793433,False,False,False,2023
603681,20230103,L5-A,63.23529411764706,2.2222222222222223,L1,-0.3410073289267478,-0.2697213000119352,False,False,False,2023
603757,20230103,L5-A,3.5211267605633805,91.55844155844156,L3,0.4560272529116203,0.31915448857398104,True,True,True,2023
603868,20230103,L5-A,11.627906976744184,79.54545454545455,L3,-0.0302817770080047,-0.1975627333628076,True,True,False,2023
603908,20230103,L5-A,4.166666666666666,23.333333333333332,L1,-0.2185667752442995,-0.29043449080404815,False,False,False,2023
603938,20230103,L5-A,30.14705882352941,22.22222222222222,L1,-0.2159194163235406,-0.14463338740872805,False,False,False,2023
605006,20230103,L5-B,15.789473684210526,33.33333333333333,L0,-0.0492451288016021,-0.0611313980600527,False,False,False,2023
605116,20230103,L5-A,40.20100502512563,53.051643192488264,L2,-0.0299985571613682,-0.007165418576014746,True,True,False,2023
605166,20230103,L5-B,20.588235294117645,40.0,L0,-0.2104354025368562,-0.13914937362204366,False,False,False,2023
605366,20230103,L5-B,12.5,45.18518518518518,L2,-0.1177873046574907,-0.04650127574267815,False,True,False,2023
605399,20230103,L5-A,32.35294117647059,3.7037037037037033,L0,-0.2918001811775021,-0.22051415226268956,False,False,False,2023
605507,20230103,L5-A,34.17085427135678,10.328638497652582,L1,-0.1929864905831773,-0.17015335199782383,False,False,False,2023
688017,20230103,L5-A,2.112676056338028,29.87012987012987,L1,0.443538777672275,0.3066660133346358,False,False,True,2023
688329,20230103,L5-B,42.25352112676056,29.22077922077922,L1,-0.1622374831658615,-0.29911024750350074,False,False,False,2023
688356,20230103,L5-B,8.542713567839195,0.9389671361502347,L1,-0.3261438525412118,-0.30331071395585835,False,False,False,2023
688399,20230103,L5-B,3.5175879396984926,1.4084507042253522,L1,-0.35636447948064,-0.3335313408952865,False,False,False,2023
688575,20230103,L5-A,61.30653266331658,30.046948356807512,L1,-0.0228822579403304,-4.911935497694739e-05,False,False,False,2023
688686,20230103,L5-B,6.338028169014084,54.54545454545454,L2,0.147070362563199,0.010197598225559767,True,True,False,2023
688690,20230103,L5-A,1.507537688442211,1.8779342723004695,L1,-0.241536188235255,-0.21870304964990153,False,False,False,2023
688722,20230103,L5-A,61.76470588235294,55.55555555555556,L2,-0.0378947368421054,0.03339129207270715,True,True,False,2023
000153,20230504,L5-B,52.58215962441315,54.385964912280706,L2,-0.0035157768575491,0.07476963370959291,True,True,True,2023
000419,20230504,L5-B,28.000000000000004,76.08695652173914,L3,0.0190518651536903,0.09869322879625375,True,True,True,2023
000597,20230504,L5-A,38.497652582159624,67.10526315789474,L2,-0.0630960512875867,0.015189359279555309,True,True,False,2023
000657,20230504,L5-A,22.033898305084744,43.75,L2,-0.0501477145854826,0.00565408325834349,False,True,False,2023
000716,20230504,L5-B,16.216216216216218,51.24999999999999,L0,-0.131761442441054,-0.05674696333174399,True,False,False,2023
000756,20230504,L5-B,45.07042253521127,63.31658291457286,L2,-0.1846637538870703,-0.10637834331992828,True,True,False,2023
000831,20230504,L5-B,20.33898305084746,15.625,L0,-0.0494062897480512,0.006395508095774889,False,False,False,2023
000963,20230504,L5-A,23.004694835680752,60.08771929824561,L2,0.0148749854001621,0.09316039596730412,True,True,True,2023
001219,20230504,L5-B,35.13513513513514,57.49999999999999,L2,0.082969877420711,0.15798435653002102,True,True,True,2023
002003,20230504,L5-A,16.666666666666664,84.0909090909091,L3,0.1557981329789735,0.18386136550996174,True,True,True,2023
002006,20230504,L5-A,1.948051948051948,4.830917874396135,L1,-0.2054924334938488,-0.17903110139183354,False,False,False,2023
002011,20230504,L5-A,29.545454545454547,20.40816326530612,L1,-0.1596696490020646,-0.16088710526967334,False,False,False,2023
002050,20230504,L5-B,45.45454545454545,93.87755102040816,L3,0.1385248048897527,0.13730734862214394,True,True,True,2023
002057,20230504,L5-A,5.0,30.76923076923077,L1,-0.0954524264112929,-0.019214349226384597,False,False,False,2023
002088,20230504,L5-A,38.095238095238095,9.375,L1,-0.1963072371961425,-0.12223401652052614,False,False,False,2023
002158,20230504,L5-A,43.506493506493506,83.57487922705315,L3,-0.0067014792053358,0.019759852896679465,True,True,False,2023
002216,20230504,L5-B,45.94594594594595,38.75,L1,-0.1049721011357246,-0.029957622026414582,False,False,False,2023
002317,20230504,L5-A,34.74178403755869,9.547738693467336,L1,-0.1360358170051604,-0.05775040643801839,False,False,False,2023
002318,20230504,L5-A,63.1578947368421,87.5,L3,0.3092447916666667,0.3153269548940989,True,True,True,2023
002334,20230504,L5-B,62.33766233766234,6.763285024154589,L1,-0.2806300886959458,-0.2541687565939305,False,False,False,2023
002337,20230504,L5-B,50.64935064935064,68.59903381642512,L2,0.174081237911025,0.20054257001304027,True,True,True,2023
002349,20230504,L5-A,25.821596244131456,71.05263157894737,L3,-0.1527632646750155,-0.07447785410787348,True,True,False,2023
002404,20230504,L5-A,40.0,45.45454545454545,L2,-0.034375,-0.006311767469011759,False,True,False,2023
002497,20230504,L5-B,8.88888888888889,11.363636363636363,L0,-0.2382474219973339,-0.17104022032708244,False,False,False,2023
002507,20230504,L5-A,50.0,20.0,L1,-0.2041777468383575,-0.12916326772904746,False,False,False,2023
002545,20230504,L5-B,48.888888888888886,50.0,L2,-0.0695118633778586,-0.002304661707607153,True,True,False,2023
002570,20230504,L5-B,20.27027027027027,71.25,L3,-0.0495495495495497,0.025464929559760312,True,True,False,2023
002603,20230504,L5-A,66.66666666666666,25.877192982456144,L1,-0.3139384429199312,-0.23565303235278923,False,False,False,2023
002685,20230504,L5-B,37.01298701298701,21.73913043478261,L1,-0.0425531914893616,-0.016091859387346332,False,False,False,2023
002728,20230504,L5-A,77.93427230046949,62.71929824561403,L2,0.0209936261217578,0.09927903668889981,True,True,True,2023
002756,20230504,L5-A,23.728813559322035,3.125,L1,-0.2001920117453028,-0.14439021390147672,False,False,False,2023
002758,20230504,L5-A,28.88888888888889,28.030303030303028,L1,-0.1202994546769946,-0.053092253006743154,False,False,False,2023
002843,20230504,L5-A,3.896103896103896,9.178743961352655,L1,0.4876998769987701,0.5141612091007853,False,False,True,2023
002895,20230504,L5-B,11.851851851851851,4.545454545454546,L1,-0.1259974978872194,-0.05879029621696795,False,False,False,2023
002896,20230504,L5-A,14.935064935064934,97.58454106280192,L3,0.6063649837434479,0.6328263158454632,True,True,True,2023
002907,20230504,L5-B,9.859154929577464,92.98245614035088,L3,0.0136785438597628,0.09196395442690482,True,True,True,2023
002910,20230504,L5-B,29.72972972972973,50.0,L0,-0.0601131730317661,0.014901306077543912,True,False,False,2023
002917,20230504,L5-B,17.037037037037038,17.424242424242426,L1,-0.064790351043427,0.0024168506268244516,False,False,False,2023
002957,20230504,L5-A,19.480519480519483,26.08695652173913,L1,0.062509447122721,0.08897077922473626,False,False,True,2023
002979,20230504,L5-B,4.545454545454546,39.130434782608695,L1,-0.136121349439926,-0.10966001733791073,False,False,False,2023
002996,20230504,L5-A,30.508474576271187,35.9375,L0,-0.0379102205459906,0.01789157729783549,False,False,False,2023
300135,20230504,L5-A,14.285714285714285,26.666666666666668,L1,0.4750957854406132,0.41068647387620066,False,False,True,2023
300179,20230504,L5-A,3.2467532467532463,23.18840579710145,L1,-0.0939112487100103,-0.06744991660799504,False,False,False,2023
300217,20230504,L5-A,6.8181818181818175,40.81632653061224,L2,0.0196993459971368,0.018481889729528057,False,True,False,2023
300239,20230504,L5-A,24.88262910798122,69.73684210526315,L2,0.0153349156819224,0.09362032624906441,True,True,True,2023
300247,20230504,L5-B,52.27272727272727,42.857142857142854,L2,0.011049723756906,0.009832267489297258,False,True,False,2023
300260,20230504,L5-A,64.93506493506493,27.536231884057973,L1,-0.107799960641559,-0.08133862853954374,False,False,False,2023
300337,20230504,L5-A,8.47457627118644,20.3125,L1,0.2842415316642119,0.340043329508038,False,False,True,2023
300402,20230504,L5-A,26.623376623376625,42.028985507246375,L2,-0.0873876023672018,-0.060926270265186544,False,True,False,2023
300452,20230504,L5-A,49.29577464788733,14.473684210526317,L1,-0.1617036686984591,-0.08341825813131708,False,False,False,2023
300636,20230504,L5-B,23.474178403755868,29.82456140350877,L1,-0.1570566643824972,-0.0787712538153552,False,False,False,2023
300662,20230504,L5-B,10.0,51.28205128205128,L2,-0.2088533711390553,-0.132615293954147,True,True,False,2023
300748,20230504,L5-B,38.983050847457626,53.125,L2,-0.0179489972222237,0.037852800621602394,True,True,False,2023
300809,20230504,L5-B,32.467532467532465,60.38647342995169,L0,0.2151665857635907,0.24162791786560597,True,False,True,2023
300813,20230504,L5-B,18.83116883116883,25.120772946859905,L0,-0.1373878719259723,-0.11092653982395703,False,False,False,2023
300832,20230504,L5-A,27.230046948356808,86.8421052631579,L3,0.2528020198769467,0.3310874304440887,True,True,True,2023
300869,20230504,L5-A,42.72300469483568,41.22807017543859,L2,-0.1463084085827031,-0.0680229980155611,False,True,False,2023
300878,20230504,L5-B,51.173708920187785,73.86934673366834,L3,-0.00939158840343,0.06889382216371201,True,True,True,2023
300898,20230504,L5-B,39.189189189189186,93.75,L0,0.0954464570450073,0.17046093615431732,True,False,True,2023
300910,20230504,L5-B,41.48148148148148,8.333333333333332,L1,-0.1997550252139243,-0.13254782354367284,False,False,False,2023
300945,20230504,L5-A,43.333333333333336,50.0,L2,0.0383031111848486,0.06636634371583684,True,True,True,2023
300950,20230504,L5-A,59.74025974025974,26.570048309178745,L1,-0.1027594483168905,-0.07629811621487524,False,False,False,2023
300957,20230504,L5-A,18.181818181818183,100.0,L3,-0.3118379434120398,-0.16041760624758272,True,True,False,2023
301029,20230504,L5-A,17.532467532467532,14.975845410628018,L1,-0.3576149057168484,-0.3311535736148331,False,False,False,2023
301073,20230504,L5-B,25.0,48.717948717948715,L2,-0.3129203932375848,-0.2366823160526765,False,True,False,2023
600230,20230504,L5-B,34.81481481481482,58.333333333333336,L2,-0.0887088438155178,-0.021501642145266356,True,True,False,2023
600378,20230504,L5-A,45.92592592592592,28.78787878787879,L1,-0.1762491078002822,-0.10904190613003074,False,False,False,2023
600399,20230504,L5-B,5.263157894736842,79.16666666666666,L0,-0.1276794035414725,-0.12159724031404029,True,False,False,2023
600400,20230504,L5-B,13.333333333333334,36.36363636363637,L1,-0.159567514520368,-0.13150428198937975,False,False,False,2023
600508,20230504,L5-B,55.55555555555556,33.33333333333333,L0,-0.0555996762940359,-0.06365103487812326,False,False,False,2023
600586,20230504,L5-B,9.523809523809524,28.125,L0,-0.14741908614254,-0.07334586546692366,False,False,False,2023
600613,20230504,L5-A,27.699530516431924,96.9298245614035,L3,0.0508385330726453,0.1291239436397873,True,True,True,2023
600738,20230504,L5-B,12.0,86.95652173913044,L0,-0.0355871886120995,0.04405417503046395,True,False,False,2023
600779,20230504,L5-A,5.405405405405405,87.5,L3,-0.0084913354173652,0.06652314369194481,True,True,True,2023
600988,20230504,L5-B,32.20338983050847,32.8125,L1,-0.1441176470588234,-0.08831584921499731,False,False,False,2023
601702,20230504,L5-B,49.15254237288136,98.4375,L3,0.2496282510274656,0.3054300488712917,True,True,True,2023
601888,20230504,L5-B,8.0,34.78260869565217,L0,-0.3835885166296823,-0.30394715298711883,False,False,False,2023
601958,20230504,L5-B,11.864406779661016,50.0,L2,-0.0882419895447308,-0.0324401917009047,True,True,False,2023
603025,20230504,L5-A,13.636363636363637,94.68599033816425,L3,0.00314298215126,0.029604314253275265,True,True,False,2023
603067,20230504,L5-B,14.814814814814811,20.454545454545457,L0,-0.1082096815369926,-0.04100247986674116,False,False,False,2023
603088,20230504,L5-A,25.32467532467532,91.30434782608695,L3,0.0380186614960056,0.06447999359802087,True,True,True,2023
603115,20230504,L5-A,40.67796610169492,37.5,L0,0.0325277094378264,0.0883295072816525,False,False,True,2023
603198,20230504,L5-A,55.4054054054054,100.0,L3,0.2471208982674251,0.3221353773767351,True,True,True,2023
603214,20230504,L5-A,32.0,41.30434782608695,L2,-0.1125975600847227,-0.03295619644215925,False,True,False,2023
603217,20230504,L5-A,31.851851851851855,12.12121212121212,L0,-0.1865350013697665,-0.11932779969951506,False,False,False,2023
603229,20230504,L5-A,14.084507042253522,31.57894736842105,L1,-0.1005845149506413,-0.022299104383499288,False,False,False,2023
603259,20230504,L5-A,2.3474178403755865,97.80701754385966,L3,0.2795593952011326,0.3578448057682746,True,True,True,2023
603279,20230504,L5-B,49.35064935064935,55.55555555555556,L2,-0.1676588504722264,-0.14119751837021113,True,True,False,2023
603309,20230504,L5-A,18.779342723004692,3.508771929824561,L1,-0.2285421443330505,-0.15025673376590848,False,False,False,2023
603317,20230504,L5-A,27.027027027027028,21.25,L1,-0.1392773892773893,-0.06426291016807929,False,False,False,2023
603456,20230504,L5-A,3.286384976525822,72.36842105263158,L3,-0.0905677963059138,-0.012282385738771787,True,True,False,2023
603486,20230504,L5-B,4.545454545454546,6.122448979591836,L1,-0.3864869438950474,-0.3877044001626561,False,False,False,2023
603538,20230504,L5-A,14.553990610328638,33.771929824561404,L1,-0.0070922006313053,0.07119320993583672,False,False,True,2023
603613,20230504,L5-A,4.0,52.17391304347826,L2,-0.0395011720682723,0.040140191574291155,True,True,False,2023
603619,20230504,L5-A,64.28571428571429,93.33333333333331,L3,0.1591250660835363,0.09471575451912377,True,True,True,2023
603667,20230504,L5-B,8.441558441558442,98.06763285024157,L3,0.4353964216106125,0.46185775371262777,True,True,True,2023
603688,20230504,L5-A,62.96296296296296,16.666666666666664,L1,-0.1857020315624469,-0.11849482989219547,False,False,False,2023
603810,20230504,L5-B,20.74074074074074,33.33333333333333,L0,-0.0791303242110086,-0.011923122540757156,False,False,False,2023
603908,20230504,L5-A,23.333333333333332,31.818181818181817,L1,-0.2077583180924335,-0.17969508556144526,False,False,False,2023
603938,20230504,L5-A,22.22222222222222,32.57575757575758,L0,-0.2072588566577516,-0.14005165498750016,False,False,False,2023
603969,20230504,L5-B,37.66233766233766,72.46376811594203,L3,0.1414412039147095,0.16790253601672475,True,True,True,2023
605188,20230504,L5-A,20.0,95.65217391304348,L3,0.2826652593671257,0.3623066230096892,True,True,True,2023
605338,20230504,L5-A,22.972972972972975,35.0,L1,-0.0954161227415415,-0.020401643632231486,False,False,False,2023
605366,20230504,L5-B,45.18518518518518,5.303030303030303,L0,-0.1037844772639215,-0.03657727559367005,False,False,False,2023
605507,20230504,L5-A,10.328638497652582,49.56140350877193,L2,-0.1191742773636584,-0.04088886679651639,False,True,False,2023
605567,20230504,L5-B,36.48648648648648,37.5,L1,-0.0596271186089092,0.015387360500400814,False,False,False,2023
688016,20230504,L5-B,7.981220657276995,90.35087719298248,L3,0.1333480244841205,0.21163343505126253,True,True,True,2023
688017,20230504,L5-A,29.87012987012987,14.009661835748794,L0,0.0430051204970769,0.06946645259909216,False,False,True,2023
688190,20230504,L5-A,27.11864406779661,95.3125,L3,-0.1446919991992008,-0.08889020135537472,True,True,False,2023
688363,20230504,L5-A,9.090909090909092,85.71428571428571,L3,-0.2064271228714174,-0.055006785706960326,True,True,False,2023
688575,20230504,L5-A,30.046948356807512,56.57894736842105,L2,0.2876421485103619,0.3659275590775039,True,True,True,2023
688677,20230504,L5-A,11.267605633802818,38.59649122807017,L1,-0.1235596509181712,-0.045274240351029185,False,False,False,2023
688700,20230504,L5-B,0.6493506493506493,4.3478260869565215,L1,-0.0587035164132156,-0.032242184311200336,False,False,False,2023
688722,20230504,L5-A,55.55555555555556,24.24242424242424,L1,-0.2085364887677345,-0.14132928709748305,False,False,False,2023
000026,20230901,L5-B,27.27272727272727,33.33333333333333,L1,-0.170249355116079,-0.05518847816969254,False,False,False,2023
000420,20230901,L5-B,25.75757575757576,91.0958904109589,L3,-0.1503067484662575,0.01972114711012407,True,True,False,2023
000425,20230901,L5-B,54.589371980676326,12.195121951219512,L1,-0.0436817472698907,0.07695631662349514,False,False,True,2023
000516,20230901,L5-B,32.89473684210527,8.755760368663594,L1,-0.1592356687898088,-0.06654264776502124,False,False,False,2023
000521,20230901,L5-B,10.20408163265306,27.659574468085108,L1,0.4318181818181819,0.5023447045574796,False,False,True,2023
000534,20230901,L5-B,18.859649122807017,56.28140703517588,L2,-0.1513554216867471,-0.05866240066195953,True,True,False,2023
000715,20230901,L5-A,47.82608695652174,67.56756756756756,L2,-0.2199017199017199,-0.060872756915531956,True,True,False,2023
000716,20230901,L5-B,51.24999999999999,33.33333333333333,L1,-0.3084370677731672,-0.1249687662924748,False,False,False,2023
000729,20230901,L5-A,12.5,24.24242424242424,L1,-0.1653846153846154,0.018083686096076995,False,False,False,2023
000739,20230901,L5-A,64.91228070175438,9.045226130653267,L1,-0.2012542759407068,-0.10856125491591924,False,False,False,2023
000915,20230901,L5-B,28.07017543859649,17.08542713567839,L0,-0.0179067613460944,0.07478625967869316,False,False,True,2023
000989,20230901,L5-B,21.929824561403507,12.060301507537687,L1,-0.1853881278538813,-0.09269510682909375,False,False,False,2023
001212,20230901,L5-B,18.75,72.0,L3,0.1764940239043826,0.34009874755848946,True,True,True,2023
001219,20230901,L5-A,57.49999999999999,100.0,L3,-0.1096418732782369,0.0738264282024555,True,True,True,2023
002006,20230901,L5-B,4.830917874396135,21.341463414634145,L1,-0.2873432155074117,-0.16670515161402588,False,False,False,2023
002008,20230901,L5-B,17.874396135265698,22.5609756097561,L0,-0.0935123042505593,0.02712575964282654,False,False,False,2023
002020,20230901,L5-B,15.789473684210526,65.32663316582915,L2,-0.0270270270270269,0.06566599399776066,True,True,True,2023
002033,20230901,L5-A,43.58974358974359,24.0,L1,-0.0978809283551968,0.09728928695304256,False,False,True,2023
002038,20230901,L5-A,52.19298245614035,4.522613065326634,L1,0.0200445434298441,0.11273756445463166,False,False,True,2023
002066,20230901,L5-B,46.875,76.19047619047619,L3,-0.2321428571428571,-0.06853813348875026,True,True,False,2023
002093,20230901,L5-A,25.64102564102564,80.0,L3,-0.0041551246537395,0.19101509065449987,True,True,True,2023
002173,20230901,L5-B,1.7543859649122806,74.65437788018433,L3,0.0920245398773005,0.18471756090208807,True,True,True,2023
002204,20230901,L5-A,36.231884057971016,77.98165137614679,L3,-0.0806794055201699,0.03995865837321594,True,True,False,2023
002234,20230901,L5-B,5.88235294117647,50.0,L2,-0.3277925531914893,-0.08928496781228717,True,True,False,2023
002275,20230901,L5-B,28.50877192982456,12.562814070351758,L1,-0.0857827164675613,0.006910304557226257,False,False,False,2023
002315,20230901,L5-A,6.521739130434782,70.27027027027027,L3,0.0972307692307692,0.25625973221695714,True,True,True,2023
002332,20230901,L5-B,10.087719298245611,84.42211055276381,L3,-0.054367201426025,0.038325819598762564,True,True,False,2023
002334,20230901,L5-A,6.763285024154589,17.682926829268293,L1,-0.194059405940594,-0.07342134204720817,False,False,False,2023
002372,20230901,L5-B,34.375,9.523809523809524,L1,-0.2335124572545187,-0.06990773360041186,False,False,False,2023
002422,20230901,L5-A,41.66666666666667,55.27638190954774,L2,0.0296101949025489,0.12230321592733646,True,True,True,2023
002543,20230901,L5-B,67.3469387755102,63.82978723404256,L2,0.0858164481525625,0.15634297089186022,True,True,True,2023
002561,20230901,L5-A,63.04347826086957,89.1891891891892,L3,-0.1121495327102802,0.04687943027590773,True,True,False,2023
002563,20230901,L5-B,38.63636363636363,30.555555555555557,L1,-0.1114701130856219,0.0035907638607645675,False,False,False,2023
002568,20230901,L5-A,42.5,18.181818181818183,L1,-0.380049720323182,-0.1965814188424896,False,False,False,2023
002596,20230901,L5-B,25.0,8.0,L1,-0.2269503546099289,-0.06334563095582207,False,False,False,2023
002603,20230901,L5-A,25.877192982456144,49.74874371859296,L2,-0.0646701388888888,0.028022882135898763,False,True,False,2023
002638,20230901,L5-B,12.244897959183673,42.5531914893617,L0,-0.2465753424657533,-0.17604881972645559,False,False,False,2023
002644,20230901,L5-A,40.78947368421053,31.797235023041477,L1,-0.2859813084112149,-0.19328828738642734,False,False,False,2023
002653,20230901,L5-B,36.84210526315789,56.78391959798995,L2,0.1965044874822863,0.2891975085070739,True,True,True,2023
002685,20230901,L5-B,21.73913043478261,27.06422018348624,L0,-0.0401146131805157,0.08052345071287015,False,False,True,2023
002690,20230901,L5-A,24.637681159420293,33.53658536585366,L1,-0.1846999154691462,-0.06406185157576035,False,False,False,2023
002697,20230901,L5-A,4.3478260869565215,37.83783783783784,L1,-0.1205273069679848,0.03850165601820313,False,False,False,2023
002728,20230901,L5-A,62.71929824561403,91.4572864321608,L3,-0.0347222222222223,0.05797079880256526,True,True,True,2023
002737,20230901,L5-A,55.70175438596491,72.8643216080402,L3,0.152819629789066,0.24551265081385354,True,True,True,2023
002738,20230901,L5-B,1.5625,59.57446808510638,L2,0.0048348106365834,0.13993679155697808,True,True,True,2023
002746,20230901,L5-A,32.35294117647059,14.285714285714285,L1,-0.2238442822384428,0.014663303140759337,False,False,False,2023
002756,20230901,L5-B,3.125,20.0,L0,0.1144987134892931,0.2496006944096878,False,False,True,2023
002773,20230901,L5-B,9.210526315789473,92.46231155778896,L3,0.1384514435695538,0.23114446459434135,True,True,True,2023
002803,20230901,L5-A,21.73913043478261,86.48648648648648,L3,-0.0876614721725748,0.07136749081361313,True,True,True,2023
002843,20230901,L5-B,9.178743961352655,99.39024390243902,L0,0.2231308411214951,0.34376890501488094,True,False,True,2023
002864,20230901,L5-A,13.596491228070176,39.69849246231155,L1,-0.1125109874011134,-0.019817966376325838,False,False,False,2023
002895,20230901,L5-A,4.545454545454546,73.33333333333333,L3,-0.0034110289937464,0.16661686658263516,True,True,True,2023
002917,20230901,L5-A,17.424242424242426,70.47619047619048,L3,-0.2036290322580644,-0.033601136681682825,True,True,False,2023
002959,20230901,L5-A,2.0408163265306123,23.404255319148938,L1,-0.0875165125495377,-0.01698998981023997,False,False,False,2023
002991,20230901,L5-A,23.75,84.84848484848484,L3,-0.0100671140939596,0.1734011873867328,True,True,True,2023
003000,20230901,L5-A,2.5,95.45454545454544,L3,0.3084112149532712,0.49187951643396355,True,True,True,2023
003002,20230901,L5-A,23.484848484848484,31.428571428571427,L1,-0.2220812182741116,-0.052053322697730026,False,False,False,2023
003006,20230901,L5-A,14.285714285714285,88.88888888888889,L3,0.1486486486486486,0.32327917138920437,True,True,True,2023
003028,20230901,L5-B,30.612244897959183,87.2340425531915,L3,-0.0409688224684359,0.029557700270861825,True,True,False,2023
300026,20230901,L5-A,7.456140350877193,24.623115577889447,L1,-0.0979498861047835,-0.00525686507999594,False,False,False,2023
300039,20230901,L5-A,51.75438596491229,41.20603015075377,L2,-0.0552238805970148,0.03746914042777276,False,True,False,2023
300092,20230901,L5-A,17.391304347826086,33.48623853211009,L1,-0.1731843575418995,-0.05254629364851367,False,False,False,2023
300109,20230901,L5-A,7.575757575757576,10.476190476190476,L1,-0.1527846229669787,0.017243272609402865,False,False,False,2023
300146,20230901,L5-A,15.0,34.84848484848485,L1,-0.1341589267285862,0.0493093747521062,False,False,False,2023
300164,20230901,L5-A,53.333333333333336,53.84615384615385,L2,-0.1666666666666666,-0.09079095957293619,True,True,False,2023
300179,20230901,L5-A,23.18840579710145,46.34146341463415,L2,-0.2075471698113207,-0.08690910591793487,False,True,False,2023
300192,20230901,L5-B,5.128205128205128,84.0,L3,-0.0473887814313345,0.14778143387690484,True,True,True,2023
300206,20230901,L5-A,7.017543859649122,27.1356783919598,L1,-0.0808080808080806,0.011884940216706955,False,False,False,2023
300260,20230901,L5-A,27.536231884057973,5.487804878048781,L0,-0.097884433217556,0.022753630675829847,False,False,False,2023
300314,20230901,L5-A,7.894736842105263,58.79396984924623,L2,-0.2390594382756368,-0.14636641725084926,True,True,False,2023
300320,20230901,L5-B,59.84848484848485,79.04761904761905,L3,-0.1602739726027398,0.009753922973641777,True,True,False,2023
300337,20230901,L5-A,20.3125,97.87234042553192,L3,0.0506535947712418,0.18575557569163648,True,True,True,2023
300347,20230901,L5-A,42.10526315789473,5.025125628140704,L1,-0.3112905683376504,-0.21859754731286285,False,False,False,2023
300354,20230901,L5-A,19.32367149758454,69.72477064220183,L2,0.1207278091959676,0.24136587308935342,True,True,True,2023
300452,20230901,L5-A,14.473684210526317,29.14572864321608,L1,-0.121191135734072,-0.02849811470928444,False,False,False,2023
300470,20230901,L5-A,11.594202898550725,28.04878048780488,L1,-0.1384969918888022,-0.01785892799541637,False,False,False,2023
300487,20230901,L5-A,43.93939393939394,13.333333333333334,L1,-0.1734557595993322,-0.003427864022950644,False,False,False,2023
300511,20230901,L5-B,8.823529411764707,10.0,L0,-0.4076335877862596,-0.16912600240705744,False,False,False,2023
300534,20230901,L5-A,48.24561403508772,51.75879396984925,L2,-0.1302521008403362,-0.03755907981554864,True,True,False,2023
300539,20230901,L5-B,36.36363636363637,67.61904761904762,L2,-0.2596638655462184,-0.08963596996983683,True,True,False,2023
300633,20230901,L5-A,10.964912280701752,43.21608040201005,L2,-0.1368770764119601,-0.04418405538717253,False,True,False,2023
300636,20230901,L5-B,29.82456140350877,20.100502512562816,L0,-0.2921658986175115,-0.19947287759272397,False,False,False,2023
300653,20230901,L5-B,39.91228070175439,19.09547738693467,L1,-0.2239293886891141,-0.13123636766432656,False,False,False,2023
300662,20230901,L5-A,51.28205128205128,32.0,L1,-0.3046776232616941,-0.10950740795345476,False,False,False,2023
300697,20230901,L5-A,17.1875,91.48936170212764,L3,-0.1521539871677359,-0.01705200624734121,True,True,False,2023
300802,20230901,L5-B,8.212560386473431,53.04878048780488,L2,-0.109165808444902,0.011472255448483848,True,True,False,2023
300848,20230901,L5-B,26.515151515151516,89.72602739726028,L0,-0.2745463006049324,-0.10451840502855084,True,False,False,2023
300855,20230901,L5-A,59.375,45.0,L2,-0.3312464428002276,-0.1961444618798329,False,True,False,2023
300869,20230901,L5-A,41.22807017543859,36.68341708542713,L1,-0.1715225563909774,-0.07882953536618985,False,False,False,2023
300881,20230901,L5-A,4.166666666666666,10.526315789473683,L1,-0.3819510645058785,-0.26171916609992585,False,False,False,2023
300910,20230901,L5-A,8.333333333333332,61.904761904761905,L2,-0.1806754221388367,-0.010647526562455129,True,True,False,2023
300950,20230901,L5-A,26.570048309178745,20.73170731707317,L1,-0.2187670485542826,-0.09812898466089677,False,False,False,2023
300970,20230901,L5-B,17.647058823529413,17.857142857142858,L1,-0.4063537221431959,-0.16784613676399374,False,False,False,2023
300973,20230901,L5-B,33.75,1.5151515151515151,L1,-0.4900472576256622,-0.30657895614496977,False,False,False,2023
300988,20230901,L5-A,44.927536231884055,57.3170731707317,L2,-0.2217940184718632,-0.10115595457847736,True,True,False,2023
300990,20230901,L5-B,10.144927536231885,26.146788990825687,L0,-0.058852022281424,0.06178604161196184,False,False,True,2023
300997,20230901,L5-A,32.5,87.87878787878788,L3,-0.0477864074050351,0.1356818940756573,True,True,True,2023
301018,20230901,L5-A,0.4830917874396135,70.64220183486239,L3,-0.0551497443389336,0.06548831955445225,True,True,True,2023
301029,20230901,L5-B,14.975845410628018,1.2195121951219512,L1,-0.2135211267605633,-0.09288306286717747,False,False,False,2023
301073,20230901,L5-B,48.717948717948715,8.0,L1,-0.4777017783857729,-0.2825315630775335,False,False,False,2023
301087,20230901,L5-A,11.842105263157894,45.22613065326633,L2,-0.1257579752175061,-0.03306495419271853,False,True,False,2023
301089,20230901,L5-A,6.578947368421052,54.2713567839196,L2,-0.2281867145421904,-0.1354936935174028,True,True,False,2023
301103,20230901,L5-A,9.649122807017545,7.035175879396985,L1,-0.2662146226415094,-0.17352160161672187,False,False,False,2023
301116,20230901,L5-A,29.411764705882355,21.428571428571427,L1,-0.3710937499999999,-0.13258616462079775,False,False,False,2023
301211,20230901,L5-B,17.543859649122805,31.65829145728643,L1,-0.2131647776809067,-0.12047175665611913,False,False,False,2023
301239,20230901,L5-A,39.473684210526315,1.0050251256281406,L1,-0.3762822356437542,-0.28358921461896663,False,False,False,2023
301257,20230901,L5-B,64.03508771929825,29.64824120603015,L1,-0.1742708974558298,-0.08157787643104224,False,False,False,2023
600129,20230901,L5-A,1.3157894736842104,52.07373271889401,L2,-0.0833939393939393,0.009299081630848263,True,True,False,2023
600201,20230901,L5-A,20.588235294117645,96.42857142857144,L3,-0.0794491525423729,0.15905843283682924,True,True,True,2023
600211,20230901,L5-A,48.68421052631579,42.71356783919598,L2,-0.0780295760166535,0.01466344500813406,False,True,False,2023
600267,20230901,L5-B,39.03508771929825,8.542713567839195,L1,-0.2431409649952696,-0.15044794397048206,False,False,False,2023
600276,20230901,L5-A,43.42105263157895,61.30653266331658,L2,0.0238381892607753,0.11653121028556286,True,True,True,2023
600329,20230901,L5-B,2.631578947368421,24.120603015075375,L1,-0.1515408538309303,-0.05884783280614274,False,False,False,2023
600378,20230901,L5-A,28.78787878787879,22.857142857142858,L1,-0.0222900763358779,0.14773781924050366,False,False,True,2023
600420,20230901,L5-B,36.40350877192983,34.67336683417086,L1,-0.0837537840565085,0.008939236968279057,False,False,False,2023
600557,20230901,L5-A,0.4385964912280701,50.753768844221106,L2,-0.0071982281284606,0.08549479289632696,True,True,True,2023
600559,20230901,L5-A,28.749999999999996,63.63636363636363,L2,-0.2094481605351171,-0.02597985905442471,True,True,False,2023
600566,20230901,L5-A,44.29824561403509,89.9497487437186,L3,0.415267175572519,0.5079601965973066,True,True,True,2023
600582,20230901,L5-A,50.24154589371981,54.87804878048781,L2,0.2607879924953096,0.3814260563886954,True,True,True,2023
600583,20230901,L5-A,20.0,61.53846153846154,L2,0.0909090909090908,0.1667847980028212,True,True,True,2023
600587,20230901,L5-A,3.070175438596491,60.80402010050251,L2,-0.119698771304003,-0.027005750279215437,True,True,False,2023
600600,20230901,L5-A,30.0,19.696969696969695,L1,-0.1277934476025167,0.055674853878175695,False,False,True,2023
600750,20230901,L5-A,14.035087719298245,82.41206030150754,L3,0.3380750168356956,0.4307680378604831,True,True,True,2023
600784,20230901,L5-A,47.72727272727273,40.0,L2,-0.1863354037267081,-0.016307508150326527,False,True,False,2023
600839,20230901,L5-A,22.448979591836736,93.61702127659576,L3,0.3190954773869345,0.3896220001262322,True,True,True,2023
600916,20230901,L5-A,18.181818181818183,85.71428571428571,L3,-0.0771300448430494,0.03793083210333706,True,True,False,2023
600968,20230901,L5-A,33.33333333333333,30.76923076923077,L1,0.0576923076923077,0.1335680147860381,False,False,True,2023
600976,20230901,L5-A,43.859649122807014,50.25125628140703,L2,-0.143708913010243,-0.05101589198545543,True,True,False,2023
600988,20230901,L5-B,32.8125,38.297872340425535,L1,-0.1233509234828496,0.011751057437545093,False,False,False,2023
601882,20230901,L5-A,56.52173913043478,17.073170731707318,L1,-0.0507008769013653,0.06993718699202053,False,False,True,2023
601888,20230901,L5-B,34.78260869565217,5.405405405405405,L0,-0.2075903063557385,-0.048561343369550564,False,False,False,2023
603027,20230901,L5-A,11.25,50.0,L2,-0.1163310961968678,0.06713720528382461,True,True,True,2023
603076,20230901,L5-A,10.628019323671497,2.4390243902439024,L1,-0.3390724798667036,-0.21843441597331775,False,False,False,2023
603100,20230901,L5-A,11.11111111111111,10.365853658536585,L1,-0.1341463414634146,-0.013508277570028746,False,False,False,2023
603110,20230901,L5-A,29.545454545454547,14.285714285714285,L1,-0.2366071428571429,-0.06657924728076134,False,False,False,2023
603136,20230901,L5-B,10.256410256410255,20.0,L1,-0.2501061571125266,-0.054935941804287236,False,False,False,2023
603214,20230901,L5-B,41.30434782608695,62.16216216216216,L2,-0.2466585662211421,-0.08762960323495417,True,True,False,2023
603222,20230901,L5-A,20.175438596491222,2.512562814070352,L0,-0.3354363827549946,-0.24274336173020705,False,False,False,2023
603279,20230901,L5-A,55.55555555555556,7.926829268292683,L1,-0.239192745100775,-0.11855468120738917,False,False,False,2023
603308,20230901,L5-A,13.043478260869565,62.19512195121951,L2,-0.1807909604519773,-0.06015289655859145,True,True,False,2023
603317,20230901,L5-A,21.25,71.21212121212122,L3,-0.0842105263157894,0.099257775164903,True,True,True,2023
603345,20230901,L5-A,10.0,15.151515151515152,L1,-0.3280625891831872,-0.1445942877024948,False,False,False,2023
603439,20230901,L5-A,40.35087719298245,79.39698492462311,L3,0.0338321405335069,0.12652516155829446,True,True,True,2023
603605,20230901,L5-A,50.0,55.55555555555556,L2,-0.0820386376170976,0.09259188512345819,True,True,True,2023
603613,20230901,L5-A,52.17391304347826,2.702702702702702,L1,-0.3922971114167812,-0.23326814843059326,False,False,False,2023
603658,20230901,L5-A,25.0,95.47738693467338,L3,0.4013992129427197,0.49409223396750723,True,True,True,2023
603688,20230901,L5-A,16.666666666666664,2.857142857142857,L1,-0.1616678678017737,0.00836002777460787,False,False,False,2023
603699,20230901,L5-A,64.25120772946859,25.0,L1,0.0657894736842104,0.18642753757759623,False,False,True,2023
603719,20230901,L5-B,3.75,60.60606060606061,L2,-0.2984361424847958,-0.11496784100410337,True,True,False,2023
603757,20230901,L5-A,27.053140096618357,50.609756097560975,L2,-0.1100024093003545,0.01063565459303134,True,True,False,2023
603811,20230901,L5-B,45.614035087719294,14.57286432160804,L1,-0.311377245508982,-0.21868422448419444,False,False,False,2023
603855,20230901,L5-B,9.66183574879227,26.82926829268293,L1,-0.1628838451268358,-0.04224578123344995,False,False,False,2023
603868,20230901,L5-A,51.02040816326531,2.127659574468085,L1,-0.310395101326724,-0.23986857858742627,False,False,False,2023
603896,20230901,L5-B,50.43859649122807,33.6405529953917,L1,-0.3288461538461538,-0.23615313282136624,False,False,False,2023
603983,20230901,L5-B,7.142857142857142,77.77777777777779,L3,0.167097966728281,0.3417284894688368,True,True,True,2023
605009,20230901,L5-A,28.57142857142857,91.66666666666666,L3,-0.1049632047193792,0.0696673180211766,True,True,True,2023
605089,20230901,L5-A,45.0,46.96969696969697,L2,-0.3093577098869376,-0.1258894084062452,False,True,False,2023
605108,20230901,L5-B,56.41025641025641,36.0,L1,-0.1445427728613568,0.05062744244688255,False,False,True,2023
605116,20230901,L5-B,32.01754385964912,91.95979899497488,L3,0.0476631189264231,0.14035613995121066,True,True,True,2023
605300,20230901,L5-B,56.25,13.636363636363637,L1,-0.3213393303348326,-0.13787102885414018,False,False,False,2023
605337,20230901,L5-B,27.500000000000004,30.303030303030305,L0,-0.3232860520094562,-0.1398177505287638,False,False,False,2023
688050,20230901,L5-A,17.105263157894736,38.19095477386934,L1,0.0088377723970942,0.10153079342188176,False,False,True,2023
688091,20230901,L5-A,21.052631578947366,82.91457286432161,L3,-0.1928182437031994,-0.10012522267841183,True,True,False,2023
688128,20230901,L5-A,16.425120772946862,55.04587155963303,L2,-0.1054852320675105,0.015152831825875346,True,True,False,2023
688276,20230901,L5-B,21.49122807017544,7.537688442211055,L1,0.0231060606060606,0.11579908163084816,False,False,True,2023
688278,20230901,L5-A,12.719298245614036,97.48743718592964,L3,0.7607655502392345,0.8534585712640221,True,True,True,2023
688305,20230901,L5-A,18.84057971014493,48.78048780487805,L2,0.0050314465408805,0.12566951043426633,False,True,True,2023
688315,20230901,L5-A,3.9473684210526314,71.85929648241206,L3,-0.2905558065973791,-0.19786278557259157,True,True,False,2023
688389,20230901,L5-A,38.15789473684211,77.38693467336684,L3,-0.0897999023914105,0.002893118633377059,True,True,False,2023
688425,20230901,L5-A,13.526570048309178,36.58536585365854,L1,-0.0866666666666667,0.033971397226719144,False,False,False,2023
688518,20230901,L5-A,37.68115942028986,13.414634146341465,L1,-0.356911883589329,-0.2362738196959432,False,False,False,2023
688569,20230901,L5-A,42.99516908212561,6.097560975609756,L1,-0.304527885146328,-0.18388982125294218,False,False,False,2023
688639,20230901,L5-A,6.0606060606060606,96.1904761904762,L3,0.1273938384679434,0.2974217340443249,True,True,True,2023
688658,20230901,L5-A,0.8771929824561403,89.44723618090453,L3,0.0258671369782481,0.11856015800303565,True,True,True,2023
688677,20230901,L5-A,38.59649122807017,28.643216080402013,L1,0.0310679611650486,0.12376098218983617,False,False,True,2023
688686,20230901,L5-B,2.898550724637681,49.390243902439025,L2,-0.268976323119777,-0.14833825922639116,False,True,False,2023
688687,20230901,L5-A,6.140350877192982,98.99497487437183,L0,0.2591508052708637,0.35184382629565125,True,False,True,2023
688697,20230901,L5-A,21.256038647342994,9.75609756097561,L1,-0.0110132158590307,0.10962484803435514,False,False,True,2023
688700,20230901,L5-A,4.3478260869565215,88.41463414634147,L3,-0.3767178658043654,-0.25607980191097957,True,True,False,2023
688722,20230901,L5-A,24.24242424242424,81.9047619047619,L3,-0.2097812097812097,-0.03975331420482814,True,True,False,2023
000026,20240102,L5-B,33.33333333333333,54.761904761904766,L2,-0.1643064919774371,0.05877585536468702,True,True,True,2024
000404,20240102,L5-B,48.93617021276596,70.37037037037037,L0,-0.0437651915301513,0.05804080356248633,True,False,True,2024
000425,20240102,L5-B,12.195121951219512,89.90825688073394,L3,0.2780748663101604,0.47562499020712895,True,True,True,2024
000534,20240102,L5-B,56.28140703517588,46.54377880184332,L2,-0.2379125095932464,-0.03775358583555535,False,True,False,2024
000538,20240102,L5-A,22.61306532663317,85.71428571428571,L3,0.1041169974962186,0.3042759212539096,True,True,True,2024
000568,20240102,L5-A,9.090909090909092,89.74358974358975,L3,-0.1727888008329958,0.03060470007256111,True,True,False,2024
000596,20240102,L5-B,22.727272727272727,93.5897435897436,L3,-0.0555092810425854,0.1478842198629715,True,True,True,2024
000651,20240102,L5-A,19.148936170212767,87.03703703703704,L3,0.2144864189822042,0.3162924140748418,True,True,True,2024
000715,20240102,L5-A,67.56756756756756,15.217391304347828,L1,-0.3479157022800418,-0.13854063242695877,False,False,False,2024
000716,20240102,L5-B,33.33333333333333,19.230769230769234,L1,-0.4026186579378069,-0.19922515703224997,False,False,False,2024
000729,20240102,L5-A,24.24242424242424,91.02564102564102,L3,0.0196531791907512,0.22304668009630813,True,True,True,2024
000739,20240102,L5-A,9.045226130653267,57.6036866359447,L2,-0.0977429509803566,0.10241597277733444,True,True,True,2024
000756,20240102,L5-A,63.31658291457286,22.58064516129032,L0,-0.2776957163958642,-0.07753679263817317,False,False,False,2024
000786,20240102,L5-A,4.761904761904762,96.0,L3,0.2746906191131815,0.40235291229598485,True,True,True,2024
000819,20240102,L5-B,69.23076923076923,27.77777777777778,L1,-0.0213914641668435,-0.004232517029364287,False,False,False,2024
000915,20240102,L5-B,17.08542713567839,91.2442396313364,L0,0.0906367807864556,0.2907957045441466,True,False,True,2024
000932,20240102,L5-B,21.052631578947366,40.0,L2,-0.0899547476797297,0.0035344613558649235,False,True,False,2024
000963,20240102,L5-A,48.743718592964825,48.38709677419355,L2,-0.2949033514259308,-0.09474442766823979,False,True,False,2024
001215,20240102,L5-A,39.39393939393939,15.384615384615383,L1,-0.4235340262491641,-0.22014052534360717,False,False,False,2024
002033,20240102,L5-A,24.0,83.33333333333334,L3,0.1305005501665554,0.2794595128198133,True,True,True,2024
002041,20240102,L5-B,42.857142857142854,42.5,L0,-0.362228113514655,-0.1403694078248872,False,False,False,2024
002043,20240102,L5-B,38.095238095238095,92.0,L3,0.251985403516207,0.3796476966990104,True,True,True,2024
002050,20240102,L5-B,57.446808510638306,27.77777777777778,L1,-0.3357590349234451,-0.23395303983080748,False,False,False,2024
002073,20240102,L5-B,29.8780487804878,99.08256880733946,L3,0.191463465747439,0.3890135896444076,True,True,True,2024
002154,20240102,L5-A,8.333333333333332,47.61904761904761,L2,0.0027556835998432,0.22583803094196733,False,True,True,2024
002158,20240102,L5-A,21.951219512195124,51.37614678899083,L2,-0.2227675397409677,-0.025217415843999114,True,True,False,2024
002216,20240102,L5-A,42.42424242424242,56.41025641025641,L0,-0.1387964612456085,0.06459703965994842,True,False,True,2024
002237,20240102,L5-B,10.638297872340424,78.33333333333333,L0,0.0803318440257028,0.09165050065511776,True,False,True,2024
002275,20240102,L5-A,12.562814070351758,65.89861751152074,L2,-0.1138325019941626,0.08632642176352844,True,True,True,2024
002304,20240102,L5-B,16.666666666666664,53.84615384615385,L2,-0.1987393675052214,0.0046541334003355195,True,True,False,2024
002317,20240102,L5-B,9.547738693467336,72.35023041474655,L0,-0.2679836711177243,-0.06782474736003327,True,False,False,2024
002334,20240102,L5-A,17.682926829268293,32.11009174311927,L1,-0.3069592634294319,-0.10940913953246334,False,False,False,2024
002372,20240102,L5-B,9.523809523809524,100.0,L3,0.1724881918675471,0.30015048505035047,True,True,True,2024
002478,20240102,L5-A,5.263157894736842,64.0,L0,-0.0390859853490451,0.054403223686549526,True,False,True,2024
002483,20240102,L5-B,14.02439024390244,82.56880733944955,L3,-0.0921532138659766,0.10539691003099198,True,True,True,2024
002508,20240102,L5-A,4.25531914893617,59.25925925925925,L2,0.0919175077904734,0.19372350288311102,True,True,True,2024
002535,20240102,L5-A,8.536585365853659,23.394495412844037,L1,-0.4509018036072144,-0.2533516797102458,False,False,False,2024
002563,20240102,L5-B,30.555555555555557,83.33333333333334,L3,0.0470967009002867,0.2701790482424108,True,True,True,2024
002568,20240102,L5-A,18.181818181818183,32.05128205128205,L1,-0.282836760386068,-0.07944325948051106,False,False,False,2024
002595,20240102,L5-A,9.146341463414634,97.70642201834865,L3,0.3068373189626139,0.5043874428595825,True,True,True,2024
002653,20240102,L5-A,56.78391959798995,95.85253456221196,L3,0.3057400477971344,0.5058989715548254,True,True,True,2024
002690,20240102,L5-A,33.53658536585366,59.174311926605505,L2,-0.1232350443965941,0.07431507950037447,True,True,True,2024
002697,20240102,L5-A,37.83783783783784,84.78260869565217,L3,-0.0539587404504503,0.15541632940263275,True,True,True,2024
002746,20240102,L5-A,14.285714285714285,60.0,L2,-0.1565241902787071,0.06533451541106072,True,True,True,2024
002832,20240102,L5-A,41.66666666666667,64.28571428571429,L2,-0.2430512662137122,-0.01996891887158808,True,True,False,2024
002833,20240102,L5-B,32.31707317073171,90.82568807339447,L3,0.0744347493059023,0.2719848732028709,True,True,True,2024
002847,20240102,L5-A,51.51515151515152,74.35897435897436,L3,-0.1225484319521946,0.08084506895336231,True,True,True,2024
002867,20240102,L5-B,11.11111111111111,57.14285714285714,L2,-0.1145695364238409,0.10851281091828321,True,True,True,2024
002896,20240102,L5-A,28.65853658536585,71.55963302752293,L3,-0.2189249720044793,-0.021374848107510724,True,True,False,2024
002946,20240102,L5-A,6.0606060606060606,47.43589743589743,L2,-0.2345786272806255,-0.031185126375068595,False,True,False,2024
002959,20240102,L5-A,23.404255319148938,74.07407407407408,L3,-0.0075584986281788,0.09424749646445883,True,True,True,2024
003002,20240102,L5-A,31.428571428571427,29.45205479452055,L1,-0.2475104468271296,-0.09238233241868965,False,False,False,2024
003023,20240102,L5-A,46.808510638297875,24.074074074074073,L1,-0.2000585003756457,-0.09825250528300808,False,False,False,2024
300005,20240102,L5-A,5.555555555555555,61.904761904761905,L2,-0.2324159021406727,-0.009333554798548582,True,True,False,2024
300012,20240102,L5-A,12.0,52.77777777777778,L2,-0.2890722109592696,-0.1401132483060117,True,True,False,2024
300026,20240102,L5-A,24.623115577889447,47.465437788018434,L2,-0.2640178071197472,-0.06385888336205617,False,True,False,2024
300109,20240102,L5-A,10.476190476190476,93.83561643835615,L3,0.0152074671900059,0.17033558159844586,True,True,True,2024
300124,20240102,L5-A,38.41463414634146,63.30275229357798,L2,-0.1921696770307299,0.005380446866238675,True,True,False,2024
300146,20240102,L5-A,34.84848484848485,66.66666666666666,L2,-0.1371397897643386,0.06625371114121831,True,True,True,2024
300164,20240102,L5-A,53.84615384615385,50.0,L2,-0.2717842323651452,-0.254625285227666,True,True,False,2024
300174,20240102,L5-B,65.71428571428571,69.17808219178082,L0,-0.1559842004987756,-0.0008560860903356338,True,False,False,2024
300206,20240102,L5-A,27.1356783919598,68.66359447004609,L0,-0.1414620840980599,0.05869683965963113,True,False,True,2024
300307,20240102,L5-A,23.78048780487805,63.76146788990825,L2,-0.0762052877138413,0.12134483618312727,True,True,True,2024
300314,20240102,L5-B,58.79396984924623,19.81566820276498,L1,-0.2941508760524298,-0.09399195229473875,False,False,False,2024
300347,20240102,L5-A,5.025125628140704,89.86175115207374,L3,-0.0863824971708788,0.11377642658681224,True,True,True,2024
300349,20240102,L5-A,42.073170731707314,84.86238532110092,L3,-0.0125831291112461,0.18496699478572248,True,True,True,2024
300452,20240102,L5-A,29.14572864321608,56.22119815668203,L2,-0.2126273179477644,-0.012468394190073367,True,True,False,2024
300470,20240102,L5-A,28.04878048780488,50.0,L2,-0.1077363087352414,0.08981381516172718,True,True,True,2024
300487,20240102,L5-A,13.333333333333334,36.3013698630137,L1,-0.2032818532818533,-0.04815373887341334,False,False,False,2024
300633,20240102,L5-A,43.21608040201005,64.97695852534562,L0,-0.172437240606331,0.027721683151360033,True,False,False,2024
300636,20240102,L5-B,20.100502512562816,86.63594470046083,L0,-0.0353958929833149,0.16476303077437615,True,False,True,2024
300700,20240102,L5-A,40.85365853658536,3.211009174311927,L1,-0.3446973446133876,-0.147147220716419,False,False,False,2024
300755,20240102,L5-B,24.324324324324326,78.26086956521739,L0,-0.2258235748193132,-0.016448504966230154,True,False,False,2024
300809,20240102,L5-B,43.292682926829265,37.15596330275229,L1,-0.3443329910374026,-0.14678286714043404,False,False,False,2024
300881,20240102,L5-A,10.526315789473683,72.0,L3,0.0287159725831389,0.12220518161873353,True,True,True,2024
300896,20240102,L5-A,22.22222222222222,50.0,L2,-0.1445229427157877,-0.07134232824140976,True,True,False,2024
300910,20240102,L5-B,61.904761904761905,81.5068493150685,L3,0.0201526558170699,0.17528077022550986,True,True,True,2024
300950,20240102,L5-A,20.73170731707317,73.85321100917432,L3,-0.0414293306122633,0.15612079328470527,True,True,True,2024
300957,20240102,L5-B,11.11111111111111,16.666666666666664,L1,-0.2534494377147952,-0.1802688232404173,False,False,False,2024
300962,20240102,L5-A,16.0,63.888888888888886,L2,-0.0898892506518839,0.059069712001373995,True,True,True,2024
300970,20240102,L5-B,17.857142857142858,30.0,L0,-0.3149515237689215,-0.09309281807915368,False,False,False,2024
300973,20240102,L5-B,1.5151515151515151,30.76923076923077,L1,-0.4090920667454906,-0.20569856583993368,False,False,False,2024
301029,20240102,L5-B,1.2195121951219512,76.14678899082568,L0,-0.2292019255580698,-0.031651801661101236,True,False,False,2024
301048,20240102,L5-B,15.853658536585366,14.678899082568808,L1,-0.1827651515151516,0.014784972381816974,False,False,False,2024
301066,20240102,L5-A,25.0,33.33333333333333,L1,-0.3668017875954228,-0.1437194402532987,False,False,False,2024
301073,20240102,L5-A,8.0,80.55555555555556,L3,-0.1744444809474176,-0.02548551829415971,True,True,False,2024
301087,20240102,L5-A,45.22613065326633,83.87096774193549,L0,-0.0740626971400029,0.12609622661768816,True,False,True,2024
301103,20240102,L5-A,7.035175879396985,33.17972350230415,L1,-0.2744436952124073,-0.07428477145471626,False,False,False,2024
301116,20240102,L5-A,21.428571428571427,40.0,L2,-0.294162826420891,-0.07230412073112316,False,True,False,2024
301137,20240102,L5-A,25.609756097560975,9.174311926605505,L1,-0.1981200900749279,-0.000569966177959319,False,False,False,2024
301158,20240102,L5-A,1.829268292682927,35.321100917431195,L1,-0.2164395235587298,-0.01888939966176123,False,False,False,2024
301211,20240102,L5-A,31.65829145728643,28.110599078341014,L1,-0.2900935548478235,-0.08993463109013247,False,False,False,2024
301234,20240102,L5-B,22.110552763819097,9.216589861751151,L0,-0.3430365226855889,-0.14287759892789784,False,False,False,2024
301239,20240102,L5-A,1.0050251256281406,1.3824884792626728,L1,-0.5701185964054285,-0.36995967264773744,False,False,False,2024
301257,20240102,L5-B,29.64824120603015,18.433179723502302,L1,-0.3905914116750314,-0.19043248791734038,False,False,False,2024
301331,20240102,L5-B,34.17085427135678,66.82027649769586,L2,-0.1870250903983084,0.013133833359382646,True,True,False,2024
301333,20240102,L5-A,18.090452261306535,30.414746543778804,L1,-0.4567528963656563,-0.25659397260796524,False,False,False,2024
600055,20240102,L5-B,23.11557788944724,45.16129032258064,L2,-0.2924528454449027,-0.09229392168721165,False,True,False,2024
600060,20240102,L5-A,31.91489361702128,88.88888888888889,L3,0.2014354066985646,0.30324140179120224,True,True,True,2024
600085,20240102,L5-A,46.733668341708544,11.059907834101384,L1,-0.2716910583861751,-0.07153213462848404,False,False,False,2024
600211,20240102,L5-A,42.71356783919598,78.3410138248848,L3,-0.1029301823255216,0.09722874143216943,True,True,True,2024
600230,20240102,L5-A,35.23809523809524,12.32876712328767,L0,-0.2205842327327382,-0.06545611832429823,False,False,False,2024
600251,20240102,L5-B,28.57142857142857,72.5,L0,-0.1003849101782509,0.12147379551151692,True,False,True,2024
600329,20240102,L5-A,24.120603015075375,84.33179723502305,L3,-0.0335570469798658,0.16660187677782523,True,True,True,2024
600351,20240102,L5-A,3.5175879396984926,60.82949308755761,L2,-0.1561251593399095,0.044033764417781535,True,True,False,2024
600371,20240102,L5-B,53.57142857142857,17.5,L1,-0.3273056610552075,-0.10544695536543966,False,False,False,2024
600398,20240102,L5-B,47.22222222222222,97.61904761904762,L3,0.3152719097858174,0.5383542571279415,True,True,True,2024
600415,20240102,L5-B,8.108108108108109,91.30434782608695,L0,0.0671128515714263,0.27648792142450934,True,False,True,2024
600511,20240102,L5-A,10.050251256281408,78.80184331797236,L0,0.1170327719673216,0.31719169572501266,True,False,True,2024
600529,20240102,L5-A,21.105527638190953,77.41935483870968,L3,-0.0085007727975271,0.19165815096016395,True,True,True,2024
600531,20240102,L5-A,17.02127659574468,61.66666666666667,L0,0.0741935483870968,0.08551220501651176,True,False,True,2024
600540,20240102,L5-B,3.571428571428571,47.5,L2,-0.2947154471544715,-0.0728567414647037,False,True,False,2024
600582,20240102,L5-A,54.87804878048781,93.11926605504588,L3,0.3161748565827982,0.5137249804797668,True,True,True,2024
600583,20240102,L5-A,61.53846153846154,72.22222222222221,L3,0.0287644053428197,0.04592335248029891,True,True,False,2024
600600,20240102,L5-A,19.696969696969695,76.92307692307693,L3,-0.0177901320361361,0.1856033688694208,True,True,True,2024
600690,20240102,L5-A,21.27659574468085,94.44444444444444,L3,0.3655603655603656,0.4673663606530032,True,True,True,2024
600729,20240102,L5-A,18.91891891891892,54.34782608695651,L2,-0.1006399595438201,0.10873511030926294,True,True,True,2024
600861,20240102,L5-B,4.0,75.0,L3,-0.0960300429184549,0.05292891973480299,True,True,True,2024
600968,20240102,L5-A,30.76923076923077,100.0,L3,0.5192355611666917,0.5363945083041709,True,True,True,2024
600976,20240102,L5-A,50.25125628140703,62.21198156682027,L2,-0.213775576386307,-0.013616652628615972,True,True,False,2024
600988,20240102,L5-B,38.297872340425535,98.33333333333331,L3,0.1907634269906619,0.20208208362007687,True,True,True,2024
601086,20240102,L5-A,35.13513513513514,60.86956521739131,L2,-0.2713938620444496,-0.06201879219136655,True,True,False,2024
601100,20240102,L5-B,11.585365853658535,42.201834862385326,L2,-0.1309879229392677,0.06656220095770088,False,True,True,2024
601116,20240102,L5-B,29.72972972972973,21.73913043478261,L1,-0.2690869017414506,-0.05971183188836757,False,False,False,2024
601677,20240102,L5-B,8.51063829787234,68.33333333333333,L0,0.0654985694116603,0.07681722604107526,True,False,True,2024
601882,20240102,L5-A,17.073170731707318,87.61467889908256,L3,-0.1284999905928791,0.06905013330408949,True,True,True,2024
601888,20240102,L5-B,5.405405405405405,45.65217391304348,L2,-0.2060626499279253,0.003312419925157739,False,True,False,2024
601958,20240102,L5-A,4.25531914893617,66.66666666666666,L0,0.1636935991605457,0.17501225578996069,True,False,True,2024
603027,20240102,L5-A,50.0,67.94871794871796,L2,-0.1188138825272632,0.08457961837829371,True,True,True,2024
603067,20240102,L5-B,51.42857142857142,89.04109589041096,L3,0.1658520800672844,0.32098019447572435,True,True,True,2024
603100,20240102,L5-A,10.365853658536585,71.10091743119266,L3,-0.1471547662196447,0.050395357677323865,True,True,True,2024
603136,20240102,L5-B,20.0,50.0,L0,-0.1198260758477427,0.029132886805515193,True,False,False,2024
603156,20240102,L5-A,25.75757575757576,88.46153846153845,L3,0.0990216069180254,0.30241510782358233,True,True,True,2024
603169,20240102,L5-A,37.19512195121951,38.99082568807339,L1,-0.2784,-0.0808498761030314,False,False,False,2024
603198,20240102,L5-A,37.878787878787875,92.3076923076923,L3,-0.0621922803610701,0.1412012205444868,True,True,True,2024
603199,20240102,L5-A,28.000000000000004,88.88888888888889,L3,0.2077467354199154,0.3567056980731733,True,True,True,2024
603215,20240102,L5-A,14.893617021276595,12.962962962962962,L1,-0.2378617461448805,-0.13605575105224288,False,False,False,2024
603279,20240102,L5-A,7.926829268292683,92.20183486238533,L3,0.0675067338452162,0.2650568577421848,True,True,True,2024
603298,20240102,L5-A,43.90243902439025,86.23853211009175,L3,0.1161384004424741,0.31368852433944266,True,True,True,2024
603338,20240102,L5-A,42.68292682926829,88.9908256880734,L3,0.2098241562953005,0.40737428019226907,True,True,True,2024
603345,20240102,L5-A,15.151515151515152,83.33333333333334,L3,-0.2697269422363131,-0.0663334413307562,True,True,False,2024
603369,20240102,L5-A,12.12121212121212,98.71794871794872,L3,0.001757847473033,0.20515134837858992,True,True,True,2024
603505,20240102,L5-A,19.047619047619047,90.41095890410958,L0,0.0477954798073361,0.20292359421577605,True,False,True,2024
603589,20240102,L5-A,28.78787878787879,61.53846153846154,L2,-0.1114628080488358,0.09193069285672112,True,True,True,2024
603605,20240102,L5-A,55.55555555555556,75.0,L3,0.0885426801371325,0.16172329461151042,True,True,True,2024
603613,20240102,L5-A,2.702702702702702,97.82608695652172,L3,-0.1253321523472098,0.08404291750587325,True,True,True,2024
603699,20240102,L5-A,25.0,94.03669724770644,L3,0.208448753462604,0.4059988773595726,True,True,True,2024
603757,20240102,L5-A,50.609756097560975,45.41284403669725,L0,-0.1795307638724133,0.018019360024555287,False,False,False,2024
603868,20240102,L5-A,2.127659574468085,40.74074074074074,L2,-0.1551666300082225,-0.053360634915584876,False,True,False,2024
603979,20240102,L5-A,55.319148936170215,95.0,L3,0.3058064516129031,0.31712510824231804,True,True,True,2024
605089,20240102,L5-A,46.96969696969697,26.923076923076923,L1,-0.3933486594523944,-0.18995515854683748,False,False,False,2024
605098,20240102,L5-A,52.0,100.0,L3,0.1294909141005062,0.2784498767537641,True,True,True,2024
605108,20240102,L5-B,36.0,36.11111111111111,L1,-0.2912972085385878,-0.14233824588532992,False,False,False,2024
605188,20240102,L5-A,43.24324324324324,47.82608695652174,L2,-0.1890598864048714,0.02031518344821165,False,True,False,2024
605300,20240102,L5-B,13.636363636363637,48.717948717948715,L0,-0.2799608063620964,-0.0765673054565395,False,False,False,2024
605337,20240102,L5-B,30.303030303030305,52.56410256410257,L0,-0.2596280328839415,-0.05623453197838457,True,False,False,2024
605599,20240102,L5-A,61.111111111111114,80.95238095238095,L3,-0.0941116686205513,0.1289706787215728,True,True,True,2024
688050,20240102,L5-A,38.19095477386934,31.336405529953915,L1,-0.2229995107354297,-0.022840586977738664,False,False,False,2024
688169,20240102,L5-B,40.42553191489361,98.14814814814817,L3,0.3961720073532062,0.4979780024458438,True,True,True,2024
688276,20240102,L5-B,7.537688442211055,4.147465437788019,L1,-0.4231586922608462,-0.22299976850315514,False,False,False,2024
688305,20240102,L5-A,48.78048780487805,57.798165137614674,L2,-0.1605445966171236,0.03700552727984496,True,True,False,2024
688366,20240102,L5-A,38.69346733668342,53.45622119815668,L2,-0.1817984615004357,0.01836046225725535,True,True,False,2024
688518,20240102,L5-A,13.414634146341465,13.761467889908255,L0,-0.1413926342160923,0.05615748968087628,False,False,True,2024
688569,20240102,L5-A,6.097560975609756,5.5045871559633035,L0,-0.2432735680939693,-0.04572344419700072,False,False,False,2024
688617,20240102,L5-A,64.321608040201,97.23502304147466,L3,0.176856468118604,0.37701539187629507,True,True,True,2024
688628,20240102,L5-B,24.390243902439025,96.3302752293578,L3,-0.1459803027160964,0.051569821180872166,True,True,True,2024
688677,20240102,L5-A,28.643216080402013,17.050691244239633,L1,-0.2334065629478759,-0.03324763919018486,False,False,False,2024
688697,20240102,L5-A,9.75609756097561,79.81651376146789,L0,-0.1458950335234213,0.05165509037354726,True,False,True,2024
000428,20240506,L5-A,13.88888888888889,85.71428571428571,L3,0.0740740740740739,0.04515940940867573,True,True,False,2024
000516,20240506,L5-B,8.755760368663594,21.818181818181817,L1,-0.12,-0.09392754723427814,False,False,False,2024
000534,20240506,L5-A,46.54377880184332,49.09090909090909,L2,-0.0383435615638128,-0.012271108798090943,False,True,False,2024
000541,20240506,L5-A,31.48148148148148,56.896551724137936,L2,-0.0462927661568873,-0.05484920892846809,True,True,False,2024
000655,20240506,L5-B,20.0,88.0,L3,0.0231332855171306,-0.010591560190498742,True,True,False,2024
000721,20240506,L5-A,22.22222222222222,28.57142857142857,L1,0.0619883040935671,0.03307363942816892,False,False,False,2024
000762,20240506,L5-B,10.0,82.25806451612904,L0,0.0973898893242135,0.01174465990160023,True,False,False,2024
000811,20240506,L5-A,27.52293577981651,5.394190871369295,L1,-0.1146027231042988,-0.14504842033733117,False,False,False,2024
000819,20240506,L5-A,27.77777777777778,50.0,L2,0.0770746359440437,0.08817758957499425,True,True,True,2024
000920,20240506,L5-A,30.136986301369863,77.63157894736842,L3,0.0045575898683127,0.030757251438314846,True,True,False,2024
000931,20240506,L5-A,9.67741935483871,94.0909090909091,L3,0.1193693693693691,0.14544182213509094,True,True,True,2024
000955,20240506,L5-B,14.285714285714285,51.21951219512195,L2,-0.0449438202247191,-0.018135675500123474,True,True,False,2024
000989,20240506,L5-B,16.589861751152075,64.54545454545455,L2,-0.0585376148581742,-0.03246516209245234,True,True,False,2024
001215,20240506,L5-A,15.384615384615383,6.578947368421052,L1,-0.1768264783460509,-0.12259400455027367,False,False,False,2024
001219,20240506,L5-A,16.666666666666664,84.21052631578947,L3,0.0339389773961189,0.08817145119189612,True,True,True,2024
001234,20240506,L5-A,26.190476190476193,65.85365853658537,L0,0.043593414242586,0.07040155896718162,True,False,True,2024
002011,20240506,L5-B,33.33333333333333,53.44827586206896,L2,-0.1223832528180354,-0.13093969558961618,True,True,False,2024
002026,20240506,L5-B,50.917431192660544,65.97510373443983,L0,0.0036084869829395,-0.02683721025009287,True,False,False,2024
002050,20240506,L5-A,27.77777777777778,6.896551724137931,L1,-0.0322206166628958,-0.04077705943447659,False,False,False,2024
002093,20240506,L5-B,69.44444444444444,57.14285714285714,L2,0.1245999768348218,0.09568531216942362,True,True,True,2024
002114,20240506,L5-B,3.3333333333333335,98.38709677419357,L3,0.115830115830116,0.030184886407502734,True,True,False,2024
002150,20240506,L5-B,4.587155963302752,53.11203319502075,L2,0.0982918473475147,0.06784615011448233,True,True,True,2024
002154,20240506,L5-A,47.61904761904761,2.4390243902439024,L1,-0.3037797196465401,-0.27697157492194446,False,False,False,2024
002165,20240506,L5-A,24.65753424657534,85.52631578947368,L3,0.0327275256092662,0.05892718717926834,True,True,True,2024
002242,20240506,L5-B,37.03703703703704,32.758620689655174,L0,-0.1695444932529738,-0.1781009360245546,False,False,False,2024
002262,20240506,L5-A,39.1705069124424,88.63636363636364,L3,0.0548481677502212,0.08092062051594306,True,True,True,2024
002277,20240506,L5-B,4.3478260869565215,71.42857142857143,L3,0.0921373346833633,-0.06531677157314525,True,True,False,2024
002429,20240506,L5-A,46.2962962962963,50.0,L2,-0.0479707921698587,-0.05652723494143949,True,True,False,2024
002494,20240506,L5-B,11.904761904761903,73.17073170731707,L3,-0.0103092783505154,0.016498866374080226,True,True,False,2024
002508,20240506,L5-A,59.25925925925925,12.06896551724138,L1,0.0151785558901516,0.006622113118570812,False,False,False,2024
002515,20240506,L5-B,25.64102564102564,98.68421052631578,L0,0.0203063931809375,0.07453886697671472,True,False,True,2024
002535,20240506,L5-A,23.394495412844037,88.79668049792531,L3,-0.051413881748072,-0.08185957898110438,True,True,False,2024
002568,20240506,L5-A,32.05128205128205,30.26315789473684,L1,0.074537037037037,0.12876951083281424,False,False,True,2024
002570,20240506,L5-A,20.51282051282051,82.89473684210526,L3,0.6151419558359623,0.6693744296317395,True,True,True,2024
002591,20240506,L5-B,4.794520547945205,94.07894736842104,L0,0.0909090909090908,0.11710875247909294,True,False,True,2024
002596,20240506,L5-B,8.0,78.57142857142857,L3,0.4761904761904763,0.3187073926236327,True,True,True,2024
002613,20240506,L5-A,52.0,53.57142857142857,L2,-0.0053713324589189,-0.1628544160257625,True,True,False,2024
002632,20240506,L5-B,57.534246575342465,94.73684210526316,L0,0.1156616478687411,0.14186130943874325,True,False,True,2024
002676,20240506,L5-A,38.88888888888889,13.79310344827586,L1,0.433696499234258,0.4251400564626772,False,False,True,2024
002686,20240506,L5-B,8.715596330275229,67.63485477178423,L2,0.1962137802217265,0.16576808298869414,True,True,True,2024
002702,20240506,L5-B,11.538461538461538,63.1578947368421,L0,-0.1199933838441569,-0.06576091004837968,True,False,False,2024
002824,20240506,L5-B,25.0,96.7741935483871,L0,0.0312239183243407,-0.05442131109827257,True,False,False,2024
002825,20240506,L5-A,30.82191780821918,82.23684210526315,L3,0.0008120779090576,0.027011739479059747,True,True,False,2024
002826,20240506,L5-B,13.36405529953917,81.36363636363636,L3,0.0056006700016282,0.031673122767350056,True,True,False,2024
002867,20240506,L5-B,57.14285714285714,12.195121951219512,L1,-0.2647940796045775,-0.23798593487998188,False,False,False,2024
002877,20240506,L5-A,31.19266055045872,49.79253112033195,L2,-0.1281858846393061,-0.15863158187233847,False,True,False,2024
002917,20240506,L5-A,55.47945205479452,27.631578947368425,L1,-0.0194613331251179,0.006738328444884246,False,False,False,2024
002946,20240506,L5-A,47.43589743589743,67.10526315789474,L2,0.1522165261921859,0.20644899998796312,True,True,True,2024
002988,20240506,L5-A,23.333333333333332,50.0,L2,-0.0194177666803656,-0.10506299610297887,True,True,False,2024
003023,20240506,L5-A,24.074074074074073,84.48275862068965,L3,-0.0043921112439155,-0.01294855401549629,True,True,False,2024
300005,20240506,L5-A,61.904761904761905,82.92682926829268,L3,0.4007696022897316,0.4275777470143272,True,True,True,2024
300011,20240506,L5-A,16.055045871559635,96.6804979253112,L3,0.2716666666666667,0.24122096943363436,True,True,True,2024
300012,20240506,L5-B,52.77777777777778,34.285714285714285,L1,0.0587555304021836,0.029840865736785422,False,False,False,2024
300016,20240506,L5-B,6.451612903225806,89.0909090909091,L0,0.406679764243615,0.43275221700933686,True,False,True,2024
300160,20240506,L5-B,50.0,51.72413793103448,L2,0.0111151646417693,0.0025587218701885114,True,True,False,2024
300169,20240506,L5-A,2.73972602739726,98.68421052631578,L3,0.5574614065180103,0.5836610680880125,True,True,True,2024
300174,20240506,L5-B,69.17808219178082,36.84210526315789,L1,-0.1089882129424433,-0.08278855137244116,False,False,False,2024
300180,20240506,L5-B,63.6986301369863,96.05263157894736,L3,0.9128329297820824,0.9390325913520846,True,True,True,2024
300189,20240506,L5-A,22.5,100.0,L3,0.2806324110671938,0.2838131965957145,True,True,True,2024
300247,20240506,L5-B,3.7037037037037033,79.3103448275862,L0,0.3972602739726028,0.388703831201022,True,False,True,2024
300279,20240506,L5-B,11.11111111111111,98.27586206896552,L3,0.2454361054766733,0.2368796627050925,True,True,True,2024
300307,20240506,L5-A,63.76146788990825,57.67634854771784,L2,0.218108437775387,0.18766274054235463,True,True,True,2024
300337,20240506,L5-A,36.666666666666664,100.0,L3,1.2130010763407917,1.1273558469181784,True,True,True,2024
300341,20240506,L5-B,34.56221198156682,65.9090909090909,L2,1.3592695222809557,1.3853419750466776,True,True,True,2024
300351,20240506,L5-A,61.00917431192661,64.31535269709543,L2,-0.0536212641661251,-0.08406696139915748,True,True,False,2024
300402,20240506,L5-B,20.642201834862387,37.75933609958506,L0,-0.010470673263934,-0.04091637049696637,False,False,False,2024
300403,20240506,L5-B,57.407407407407405,44.827586206896555,L2,0.0620157870907616,0.05345934431918081,False,True,True,2024
300439,20240506,L5-B,43.77880184331797,85.0,L3,0.0292849591897959,0.05535741195551776,True,True,True,2024
300470,20240506,L5-A,50.0,29.87551867219917,L1,0.0353224841247856,0.004876786891753228,False,False,False,2024
300482,20240506,L5-B,46.08294930875576,7.727272727272727,L0,-0.1647615868087726,-0.13868913404305072,False,False,False,2024
300519,20240506,L5-B,20.737327188940093,83.18181818181817,L0,0.1508887348893524,0.17696118765507424,True,False,True,2024
300538,20240506,L5-A,28.767123287671232,93.42105263157896,L3,0.1448286762004729,0.17102833777047505,True,True,True,2024
300543,20240506,L5-A,7.4074074074074066,94.82758620689656,L0,0.1791835003194763,0.1706270575478955,True,False,True,2024
300562,20240506,L5-B,26.72811059907834,100.0,L3,0.2872316440178255,0.31330409678354737,True,True,True,2024
300606,20240506,L5-A,16.972477064220186,99.1701244813278,L3,0.0695490798111706,0.03910338257813823,True,True,False,2024
300662,20240506,L5-A,38.88888888888889,5.88235294117647,L1,-0.0649461132545655,-0.09386077791996367,False,False,False,2024
300718,20240506,L5-B,40.36697247706422,73.44398340248964,L3,0.1223221333521422,0.09187643611910984,True,True,True,2024
300727,20240506,L5-B,58.9041095890411,68.42105263157895,L0,0.0633501121484807,0.08954977371848284,True,False,True,2024
300731,20240506,L5-A,32.19178082191781,89.47368421052632,L3,0.3138719768429192,0.3400716384129213,True,True,True,2024
300809,20240506,L5-A,37.15596330275229,49.37759336099585,L2,-0.0829811347899224,-0.11342683202295478,False,True,False,2024
300832,20240506,L5-A,35.944700460829495,37.72727272727273,L1,-0.0705616287520044,-0.04448917598628255,False,False,False,2024
300840,20240506,L5-A,21.428571428571427,63.41463414634146,L2,-0.2272867687010896,-0.20047862397649396,True,True,False,2024
300841,20240506,L5-A,55.29953917050692,48.63636363636364,L2,-0.0847074798165973,-0.05863502705087545,False,True,False,2024
300902,20240506,L5-B,62.38532110091744,21.57676348547718,L1,-0.1500358301953092,-0.18048152742834156,False,False,False,2024
300918,20240506,L5-B,52.38095238095239,7.317073170731707,L1,0.035241534320402,0.06204967904499763,False,False,True,2024
300942,20240506,L5-B,3.225806451612903,93.63636363636364,L0,0.0418250950570342,0.06789754782275606,True,False,True,2024
300943,20240506,L5-A,19.26605504587156,83.40248962655602,L3,0.1418724758474223,0.11142677861438993,True,True,True,2024
300957,20240506,L5-A,16.666666666666664,30.76923076923077,L1,-0.1328449922689539,-0.10155865932329151,False,False,False,2024
300966,20240506,L5-A,21.19815668202765,38.63636363636363,L1,0.0524206851116866,0.07849313787740846,False,False,True,2024
300972,20240506,L5-B,8.695652173913043,97.95918367346938,L3,1.3882433356117567,1.2307892293552483,True,True,True,2024
300973,20240506,L5-B,30.76923076923077,15.789473684210526,L1,-0.0090050557432194,0.045227418052557825,False,False,False,2024
300990,20240506,L5-B,26.146788990825687,24.896265560165975,L1,0.0111687292956565,-0.01927696793737587,False,False,False,2024
300992,20240506,L5-A,31.65137614678899,83.81742738589212,L3,0.0970313723870401,0.06658567515400773,True,True,True,2024
301028,20240506,L5-A,41.284403669724774,77.59336099585063,L3,0.1821230810933976,0.15167738386036522,True,True,True,2024
301066,20240506,L5-A,33.33333333333333,80.48780487804879,L3,-0.0717634866358188,-0.044955341911223176,True,True,False,2024
301128,20240506,L5-A,72.47706422018348,97.9253112033195,L3,0.3037153262891574,0.273269629056125,True,True,True,2024
301131,20240506,L5-A,33.56164383561644,34.21052631578947,L1,-0.1463910210347331,-0.12019135946473095,False,False,False,2024
301149,20240506,L5-A,35.61643835616438,67.10526315789474,L2,-0.1546094110856749,-0.12840974951567277,True,True,False,2024
301151,20240506,L5-B,22.93577981651376,80.91286307053942,L3,-0.0127280975520495,-0.043173794785081876,True,True,False,2024
301239,20240506,L5-A,1.3824884792626728,13.18181818181818,L1,-0.2587068302443789,-0.23263437747865706,False,False,False,2024
301257,20240506,L5-A,18.433179723502302,28.636363636363637,L1,-0.1959142749044591,-0.16984182213873722,False,False,False,2024
301289,20240506,L5-A,19.444444444444446,40.0,L2,0.0171673359803563,-0.011747328685041879,False,True,False,2024
301333,20240506,L5-A,30.414746543778804,70.45454545454545,L3,0.1825142060067148,0.20858665877243665,True,True,True,2024
600055,20240506,L5-A,45.16129032258064,50.0,L2,-0.0900775179994117,-0.06400506523368985,True,True,False,2024
600085,20240506,L5-A,11.059907834101384,15.0,L1,-0.0703885383886636,-0.044316085622941745,False,False,False,2024
600186,20240506,L5-B,41.02564102564102,50.0,L2,0.0044052863436121,0.058637760139389324,True,True,True,2024
600202,20240506,L5-A,6.422018348623854,74.27385892116183,L3,-0.0166334512046512,-0.04707914843768357,True,True,False,2024
600216,20240506,L5-A,51.61290322580645,99.0909090909091,L3,0.7041332404997429,0.7302056932654648,True,True,True,2024
600250,20240506,L5-B,30.434782608695656,34.69387755102041,L1,0.2380396732788796,0.08058556702237105,False,False,True,2024
600262,20240506,L5-A,52.752293577981646,61.82572614107884,L2,0.057957822085684,0.02751212485265163,True,True,False,2024
600280,20240506,L5-B,13.043478260869565,93.87755102040816,L3,0.2454873646209387,0.08803325836443016,True,True,True,2024
600371,20240506,L5-B,17.5,55.00000000000001,L2,0.1968257569176708,0.20000654244619154,True,True,True,2024
600399,20240506,L5-B,12.0,36.0,L1,0.1155117268986689,0.08178688119103955,False,False,True,2024
600444,20240506,L5-A,44.03669724770643,60.99585062240664,L2,0.1127405509459031,0.08229485371287074,True,True,True,2024
600448,20240506,L5-B,9.523809523809524,68.29268292682927,L2,0.0481927710843372,0.07500091580893282,True,True,True,2024
600513,20240506,L5-A,30.87557603686636,74.0909090909091,L3,-0.0043174503385923,0.021755002427129556,True,True,False,2024
600520,20240506,L5-B,22.018348623853218,93.7759336099585,L0,1.27315296566077,1.2427072684277376,True,False,True,2024
600540,20240506,L5-B,47.5,80.0,L3,-0.0441176470588235,-0.04093686153030276,True,True,False,2024
600573,20240506,L5-A,43.58974358974359,89.47368421052632,L3,0.0413480623737501,0.09558053616952733,True,True,True,2024
600595,20240506,L5-B,31.666666666666664,38.70967741935484,L0,-0.0925925925925925,-0.17823782201520577,False,False,False,2024
600630,20240506,L5-B,4.761904761904762,29.268292682926827,L1,-0.0453664492271552,-0.018558304502559575,False,False,False,2024
600712,20240506,L5-B,28.26086956521739,77.55102040816327,L3,0.4438775510204082,0.2864234447638997,True,True,True,2024
600779,20240506,L5-A,33.33333333333333,18.421052631578945,L1,-0.0255949547593842,0.028637519036393024,False,False,False,2024
600838,20240506,L5-A,26.08695652173913,61.224489795918366,L2,0.4306510444648952,0.27319693820838664,True,True,True,2024
600987,20240506,L5-A,66.66666666666666,39.02439024390244,L1,-0.0694725878769862,-0.04266444315239057,False,False,False,2024
601116,20240506,L5-B,21.73913043478261,28.57142857142857,L1,0.2799069793150874,0.12245287305857885,False,False,True,2024
603036,20240506,L5-A,39.44954128440367,32.365145228215766,L1,0.2675635129609459,0.23711781572791352,False,False,True,2024
603099,20240506,L5-A,2.7777777777777777,91.42857142857144,L3,0.6435758980725768,0.6146612334071786,True,True,True,2024
603229,20240506,L5-B,54.83870967741935,59.09090909090909,L0,0.0090643056024077,0.03513675836812956,True,False,False,2024
603416,20240506,L5-A,47.706422018348626,60.16597510373444,L0,0.1593390104354821,0.12889331320244973,True,False,True,2024
603439,20240506,L5-B,25.806451612903224,27.27272727272727,L1,-0.1264514973299934,-0.10037904456427153,False,False,False,2024
603536,20240506,L5-A,3.8461538461538463,56.57894736842105,L2,-0.043408586968984,0.010823886826793222,True,True,False,2024
603538,20240506,L5-B,19.35483870967742,75.0,L3,-0.059038350862581,-0.032965898096859146,True,True,False,2024
603589,20240506,L5-A,61.53846153846154,55.26315789473685,L2,-0.0670884369546137,-0.01285596315883647,True,True,False,2024
603683,20240506,L5-A,31.506849315068493,90.13157894736842,L3,-0.1244190949262677,-0.09821943335626555,True,True,False,2024
603716,20240506,L5-B,3.686635944700461,81.81818181818183,L0,-0.0506666666666666,-0.024594213900944746,True,False,False,2024
603726,20240506,L5-B,31.48148148148148,93.10344827586206,L3,0.2518582471978727,0.2433018044262919,True,True,True,2024
603826,20240506,L5-A,17.80821917808219,96.71052631578948,L3,-0.1675292407237614,-0.14132957915375927,True,True,False,2024
603896,20240506,L5-A,33.6405529953917,18.636363636363637,L1,-0.2187843814278323,-0.19271192866211045,False,False,False,2024
605086,20240506,L5-A,41.0958904109589,53.94736842105263,L2,0.7759566485861713,0.8021563101561735,True,True,True,2024
605108,20240506,L5-B,36.11111111111111,2.857142857142857,L1,-0.2281116329697576,-0.2570262976351558,False,False,False,2024
605116,20240506,L5-A,58.06451612903226,73.63636363636363,L3,-0.1131294875886999,-0.08705703482297804,True,True,False,2024
605179,20240506,L5-A,28.205128205128204,52.63157894736842,L2,-0.1400984089974789,-0.08586593520170169,True,True,False,2024
605188,20240506,L5-A,47.82608695652174,75.51020408163265,L3,-0.1091518061046495,-0.26660591236115805,True,True,False,2024
605366,20240506,L5-B,4.10958904109589,28.947368421052634,L1,-0.1310323386413283,-0.10483267707132615,False,False,False,2024
605555,20240506,L5-A,53.70370370370371,22.41379310344828,L1,-0.0952253493660285,-0.10378179213760928,False,False,False,2024
688016,20240506,L5-A,59.44700460829493,6.363636363636363,L1,-0.2353827434617179,-0.20931029069599605,False,False,False,2024
688029,20240506,L5-A,22.119815668202765,52.27272727272727,L2,-0.0410564988773131,-0.014984046111591244,True,True,False,2024
688128,20240506,L5-A,55.04587155963303,48.13278008298755,L2,0.0759961899239249,0.04555049269089253,False,True,False,2024
688276,20240506,L5-B,4.147465437788019,10.0,L1,-0.3773071870042812,-0.35123473423855933,False,False,False,2024
688300,20240506,L5-A,80.13698630136986,42.10526315789473,L2,0.0247948679071707,0.05099452947717285,False,True,True,2024
688366,20240506,L5-A,53.45622119815668,52.72727272727272,L2,-0.0412910714923675,-0.015218618726645643,True,True,False,2024
688609,20240506,L5-B,25.925925925925924,25.86206896551724,L0,0.0939534883720929,0.08539704560051212,False,False,True,2024
688626,20240506,L5-A,24.88479262672811,10.909090909090908,L1,-0.3154533610213061,-0.28938090825558427,False,False,False,2024
688686,20240506,L5-B,15.59633027522936,3.319502074688797,L1,-0.2193203685042353,-0.24976606573726767,False,False,False,2024
688690,20240506,L5-B,44.23963133640553,30.454545454545457,L1,-0.1025478835712848,-0.07647543080556295,False,False,False,2024
688698,20240506,L5-B,32.56880733944954,20.33195020746888,L0,0.1189457583153945,0.08850006108236214,False,False,True,2024
000420,20240902,L5-A,45.39473684210527,75.73529411764706,L3,0.3904109589041096,0.0845029869740076,True,True,True,2024
000423,20240902,L5-A,4.090909090909091,93.65079365079364,L3,0.183155376036638,-0.006360071463849926,True,True,False,2024
000516,20240902,L5-B,21.818181818181817,58.82352941176471,L2,0.4489311163895486,0.25941566888906065,True,True,True,2024
000521,20240902,L5-A,62.06896551724138,4.081632653061225,L1,-0.0463733650416171,-0.45040247587457183,False,False,False,2024
000534,20240902,L5-A,49.09090909090909,97.35449735449735,L3,0.7702407002188183,0.5807252527183304,True,True,True,2024
000568,20240902,L5-A,5.263157894736842,6.349206349206349,L1,0.1242301313564153,-0.22389114525027537,False,False,False,2024
000596,20240902,L5-A,2.631578947368421,4.761904761904762,L1,0.0245418064135933,-0.32357947019309735,False,False,False,2024
000612,20240902,L5-B,6.451612903225806,50.90909090909091,L2,0.3797709923664121,0.013166460665039792,True,True,False,2024
000630,20240902,L5-B,25.806451612903224,25.454545454545453,L1,0.0728476821192052,-0.2937568495821671,False,False,False,2024
000680,20240902,L5-A,19.50207468879668,85.79234972677595,L3,0.4612353253495369,-0.08381119371351281,True,True,False,2024
000702,20240902,L5-B,32.5,6.976744186046512,L1,0.5436681222707425,0.30262300869025005,False,False,True,2024
000715,20240902,L5-B,51.02040816326531,51.28205128205128,L2,0.3445378151260503,-0.15969108671759547,True,True,False,2024
000737,20240902,L5-A,27.419354838709676,3.636363636363636,L1,0.0782396088019559,-0.2883649228994164,False,False,False,2024
000786,20240902,L5-A,17.857142857142858,33.33333333333333,L1,0.1832927818329277,-0.14089220547378628,False,False,False,2024
000807,20240902,L5-A,20.967741935483872,58.18181818181818,L2,0.4562892573049704,0.08968472560359808,True,True,True,2024
000830,20240902,L5-A,30.26315789473684,37.5,L1,0.0787037037037037,-0.22720426822639828,False,False,False,2024
000848,20240902,L5-B,36.84210526315789,58.730158730158735,L0,0.1966053748231966,-0.15151590178349408,True,False,False,2024
000878,20240902,L5-A,32.25806451612903,17.647058823529413,L1,0.1480191685008112,-0.2185853632005611,False,False,False,2024
000923,20240902,L5-A,4.0,7.142857142857142,L1,0.043010752688172,-0.2653713421055884,False,False,False,2024
000930,20240902,L5-B,17.5,16.666666666666664,L0,0.155925155925156,-0.08511995765533645,False,False,False,2024
000975,20240902,L5-A,40.32258064516129,27.27272727272727,L1,0.0132492113564668,-0.3533553203449055,False,False,False,2024
000988,20240902,L5-A,67.21991701244814,48.97959183673469,L2,0.4824742268041238,-0.06257229225892591,False,True,False,2024
001215,20240902,L5-A,6.578947368421052,20.77922077922078,L1,0.2477025898078528,-0.10041868679883786,False,False,False,2024
001217,20240902,L5-B,73.68421052631578,97.05882352941175,L0,0.2347729789590253,-0.0711349929710767,True,False,False,2024
001338,20240902,L5-B,35.0,50.0,L2,0.1986827661909989,-0.04236234738949354,True,True,False,2024
002003,20240902,L5-A,56.09756097560976,62.06896551724138,L2,0.0435386294726662,-0.25788431603875894,True,True,False,2024
002008,20240902,L5-A,55.601659751037346,51.36612021857923,L2,0.4422669491525421,-0.10277956991050757,True,True,False,2024
002011,20240902,L5-B,53.44827586206896,24.489795918367346,L1,0.1961722488038277,-0.20785686202912704,False,False,False,2024
002032,20240902,L5-B,48.27586206896552,36.734693877551024,L1,0.061463809138698,-0.34256530169425675,False,False,False,2024
002035,20240902,L5-A,31.03448275862069,44.89795918367347,L2,0.1862416107382549,-0.21778750009469983,False,True,False,2024
002043,20240902,L5-A,28.57142857142857,66.66666666666666,L2,0.1362665375361085,-0.18791844977060546,True,True,False,2024
002050,20240902,L5-B,6.896551724137931,48.97959183673469,L0,0.8299533445616938,0.42592423372873905,False,False,True,2024
002068,20240902,L5-B,2.631578947368421,99.26470588235294,L3,1.0452961672473866,0.7393881953172846,True,True,True,2024
002073,20240902,L5-A,35.26970954356847,45.3551912568306,L2,0.3277182235834608,-0.21732829547958887,False,True,False,2024
002091,20240902,L5-B,18.367346938775512,15.384615384615383,L0,0.2519584816136651,-0.2522704202299807,False,False,False,2024
002093,20240902,L5-B,57.14285714285714,82.35294117647058,L3,0.3577512776831346,0.11379675504632203,True,True,True,2024
002110,20240902,L5-B,20.0,88.46153846153845,L0,0.5132075471698112,0.20482545237605082,True,False,True,2024
002150,20240902,L5-B,53.11203319502075,3.6734693877551026,L1,0.011049723756906,-0.5339967953061436,False,False,False,2024
002166,20240902,L5-B,69.73684210526315,22.794117647058822,L0,0.1275964391691395,-0.1783115327609625,False,False,False,2024
002182,20240902,L5-B,3.225806451612903,63.63636363636363,L2,0.3632336655592469,-0.003370866142125395,True,True,False,2024
002225,20240902,L5-B,14.285714285714285,94.44444444444444,L0,0.8349206349206348,0.5107356476139209,True,False,True,2024
002237,20240902,L5-B,19.35483870967742,40.0,L0,0.0984848484848486,-0.2681196832165237,False,False,False,2024
002290,20240902,L5-A,55.172413793103445,93.87755102040816,L3,0.8709136630343672,0.4668845522014125,True,True,True,2024
002315,20240902,L5-A,20.40816326530612,66.66666666666666,L2,0.8799467062223012,0.37571780437865543,True,True,True,2024
002318,20240902,L5-A,8.0,92.85714285714286,L3,0.203950880939669,-0.10443121385409138,True,True,False,2024
002327,20240902,L5-A,14.634146341463412,37.93103448275862,L1,0.1097393689986281,-0.19168357651279702,False,False,False,2024
002329,20240902,L5-B,85.52631578947368,25.97402597402597,L0,0.2202166064981949,-0.12790467010849577,False,False,False,2024
002333,20240902,L5-B,35.714285714285715,11.11111111111111,L1,0.1214574898785423,-0.20272749742817167,False,False,False,2024
002377,20240902,L5-B,38.88888888888889,55.00000000000001,L2,0.5885714285714285,0.42193422112063306,True,True,True,2024
002378,20240902,L5-A,62.903225806451616,43.63636363636363,L2,0.154657293497364,-0.2119472382040083,False,True,False,2024
002422,20240902,L5-B,47.72727272727273,49.2063492063492,L2,0.022484313236607,-0.16703113426388094,False,True,False,2024
002429,20240902,L5-A,50.0,77.55102040816327,L3,0.1732456140350875,-0.23078349679786722,True,True,False,2024
002455,20240902,L5-B,5.263157894736842,23.52941176470588,L1,0.1786743515850146,-0.1272336203450874,False,False,False,2024
002535,20240902,L5-A,88.79668049792531,37.704918032786885,L1,0.2915360501567399,-0.2535104689063098,False,False,False,2024
002548,20240902,L5-B,30.0,12.5,L0,0.016216216216216,-0.22482889736427644,False,False,False,2024
002550,20240902,L5-B,49.54545454545455,76.71957671957672,L3,0.0520231213872832,-0.13749232611320472,True,True,False,2024
002552,20240902,L5-B,3.734439834024896,61.74863387978142,L2,0.3963908535516154,-0.14865566551143428,True,True,False,2024
002557,20240902,L5-A,27.631578947368425,25.396825396825395,L1,0.0914157311157934,-0.2567055454908973,False,False,False,2024
002563,20240902,L5-A,17.073170731707318,75.86206896551724,L3,0.4240362811791383,0.12261333566771315,True,True,True,2024
002570,20240902,L5-A,82.89473684210526,79.36507936507937,L3,0.9087136929460576,0.560592416339367,True,True,True,2024
002596,20240902,L5-B,78.57142857142857,88.0,L3,1.2884615384615383,0.9642765511548244,True,True,True,2024
002646,20240902,L5-A,31.57894736842105,34.92063492063492,L1,0.1012351905672235,-0.24688608603946718,False,False,False,2024
002668,20240902,L5-A,46.55172413793103,89.79591836734694,L3,0.3160854893138356,-0.08794362151911911,True,True,False,2024
002676,20240902,L5-A,13.79310344827586,29.09090909090909,L1,0.4108891017679286,0.006859990934973859,False,False,False,2024
002698,20240902,L5-B,32.780082987551864,75.40983606557377,L0,0.6336805555555556,0.0886340364925059,True,False,True,2024
002705,20240902,L5-B,29.310344827586203,40.81632653061224,L2,0.268,-0.1360291108329547,False,True,False,2024
002716,20240902,L5-A,17.741935483870968,67.27272727272727,L2,0.1993006993006993,-0.167303832400673,True,True,False,2024
002773,20240902,L5-A,14.09090909090909,42.32804232804233,L2,0.0323974082073432,-0.15711803929314472,False,True,False,2024
002832,20240902,L5-A,9.75609756097561,13.79310344827586,L1,0.0337078651685394,-0.2677150803428857,False,False,False,2024
002833,20240902,L5-A,8.29875518672199,38.79781420765027,L1,0.2801951723705411,-0.2648513466925086,False,False,False,2024
002847,20240902,L5-A,23.684210526315788,80.95238095238095,L3,0.4280940347408613,0.0799727581341706,True,True,True,2024
002849,20240902,L5-A,9.54356846473029,87.43169398907104,L3,0.8012752391073326,0.2562287200442829,True,True,True,2024
002886,20240902,L5-B,63.81578947368421,80.88235294117648,L0,0.5307984790874525,0.22489050715735048,True,False,True,2024
002895,20240902,L5-B,26.31578947368421,87.5,L0,0.2885264341957254,-0.017381537734376618,True,False,False,2024
002901,20240902,L5-B,33.18181818181819,58.20105820105819,L2,0.4084033613445377,0.21888791384404976,True,True,True,2024
002917,20240902,L5-A,27.631578947368425,69.85294117647058,L2,0.9177750906892383,0.6118671187591364,True,True,True,2024
002946,20240902,L5-A,67.10526315789474,84.12698412698413,L3,0.6627607714775503,0.3146394948708596,True,True,True,2024
002971,20240902,L5-A,13.815789473684212,62.5,L2,0.2054250823816439,-0.1004828895484581,True,True,False,2024
002988,20240902,L5-B,50.0,96.36363636363636,L3,0.5859542548876331,0.21934972318626078,True,True,True,2024
002991,20240902,L5-A,25.0,90.47619047619048,L3,0.4237826599714238,0.0756613833647331,True,True,True,2024
003000,20240902,L5-A,43.42105263157895,49.2063492063492,L2,0.1181351659491483,-0.22998611065754238,False,True,False,2024
300009,20240902,L5-A,33.63636363636363,24.867724867724867,L1,0.114631496606314,-0.07488395089417393,False,False,False,2024
300019,20240902,L5-B,17.105263157894736,44.11764705882353,L2,0.6478873239436622,0.3419793520135602,False,True,True,2024
300049,20240902,L5-A,11.363636363636363,1.5873015873015872,L1,-0.1532154752754292,-0.3427309227759171,False,False,False,2024
300092,20240902,L5-B,33.19502074688796,42.62295081967213,L0,0.2850924918389552,-0.2599540272240945,False,False,False,2024
300094,20240902,L5-B,97.5,11.627906976744184,L0,0.3010752688172042,0.06003015523671176,False,False,True,2024
300124,20240902,L5-A,4.979253112033195,5.46448087431694,L0,0.7224072312083731,0.17736071214532345,False,False,True,2024
300160,20240902,L5-A,51.72413793103448,28.57142857142857,L1,0.2139639639639641,-0.19006514686899062,False,False,False,2024
300174,20240902,L5-A,36.84210526315789,21.323529411764707,L1,0.3558416903944927,0.04993371846439071,False,False,False,2024
300206,20240902,L5-B,61.81818181818181,64.55026455026454,L2,0.4259681093394079,0.23645266183891994,True,True,True,2024
300221,20240902,L5-B,52.63157894736842,19.852941176470587,L1,0.6624203821656052,0.3565124102355032,False,False,True,2024
300233,20240902,L5-A,5.0,14.285714285714285,L1,0.178627865888119,-0.01088758161236894,False,False,False,2024
300260,20240902,L5-B,15.767634854771783,39.34426229508197,L1,0.4086146682188591,-0.13643185084419057,False,False,False,2024
300320,20240902,L5-A,24.342105263157897,36.76470588235294,L1,0.388825738874117,0.08291776694401498,False,False,True,2024
300342,20240902,L5-A,37.93103448275862,27.27272727272727,L1,0.3656422379826636,-0.03838687285029113,False,False,False,2024
300354,20240902,L5-A,23.236514522821576,46.93877551020408,L2,0.4981818181818183,-0.0468647008812314,False,True,False,2024
300374,20240902,L5-B,39.285714285714285,24.0,L1,0.3872741555380989,0.06308916823138494,False,False,True,2024
300402,20240902,L5-B,37.75933609958506,24.043715846994537,L0,0.2758620689655173,-0.2691844500975324,False,False,False,2024
300403,20240902,L5-A,44.827586206896555,90.9090909090909,L3,1.9780458986540248,1.57401678782107,True,True,True,2024
300445,20240902,L5-B,23.65145228215767,27.322404371584703,L1,0.2494729444834857,-0.295573574579564,False,False,False,2024
300482,20240902,L5-B,7.727272727272727,14.814814814814811,L0,0.1166905786704926,-0.07282486882999534,False,False,False,2024
300529,20240902,L5-A,40.45454545454545,16.93121693121693,L1,0.0588235294117647,-0.13069191808872324,False,False,False,2024
300641,20240902,L5-A,4.605263157894736,16.99346405228758,L1,0.4323524536184253,0.12644448168832328,False,False,True,2024
300653,20240902,L5-B,35.90909090909091,17.989417989417987,L1,0.0843749999999998,-0.10514044750048814,False,False,False,2024
300697,20240902,L5-B,33.87096774193548,60.0,L0,0.4858044164037853,0.119199884702413,True,False,True,2024
300702,20240902,L5-B,15.454545454545451,52.38095238095239,L2,0.2255434782608694,0.03602803076038147,True,True,False,2024
300720,20240902,L5-A,50.62240663900415,57.92349726775956,L2,0.4366446551317005,-0.10840186393134921,True,True,False,2024
300727,20240902,L5-B,68.42105263157895,94.11764705882352,L0,0.8384321223709368,0.5325241504408348,True,False,True,2024
300731,20240902,L5-A,89.47368421052632,91.91176470588236,L3,0.5183923705722071,0.2124843986421051,True,True,True,2024
300755,20240902,L5-B,6.122448979591836,10.256410256410255,L0,0.6258028135844655,0.12157391174081977,False,False,True,2024
300758,20240902,L5-A,49.34210526315789,11.76470588235294,L1,0.3333841358972411,0.02747616396713909,False,False,False,2024
300761,20240902,L5-A,12.5,25.581395348837212,L1,-0.050182958703607,-0.2912280722840994,False,False,False,2024
300783,20240902,L5-A,7.894736842105263,88.88888888888889,L3,0.7073881938976991,0.35926691729100846,True,True,True,2024
300832,20240902,L5-A,37.72727272727273,26.984126984126984,L1,-0.0552647783251232,-0.24478022582561113,False,False,False,2024
300841,20240902,L5-A,48.63636363636364,3.7037037037037033,L1,0.047156995924704,-0.14235845157578392,False,False,False,2024
300856,20240902,L5-B,7.6923076923076925,33.33333333333333,L1,-0.0688212927756655,-0.2952341394529879,False,False,False,2024
300869,20240902,L5-B,51.81818181818182,7.936507936507936,L0,0.0963480963480962,-0.09316735115239173,False,False,False,2024
300891,20240902,L5-B,53.289473684210535,35.947712418300654,L1,0.1869031377899044,-0.11900483414019761,False,False,False,2024
300896,20240902,L5-A,15.384615384615383,25.0,L1,0.226269474899019,-0.00014337177830336945,False,False,False,2024
300902,20240902,L5-B,21.57676348547718,27.346938775510203,L0,0.0661719233147801,-0.47887459574826957,False,False,False,2024
300905,20240902,L5-B,1.9736842105263157,2.941176470588235,L1,0.3121495327102801,0.006241560780178124,False,False,False,2024
300918,20240902,L5-B,7.317073170731707,55.172413793103445,L2,1.3438320209973753,1.04240907548595,True,True,True,2024
300927,20240902,L5-B,57.89473684210527,1.4705882352941175,L0,0.4246676514032497,0.1187596794731477,False,False,True,2024
300950,20240902,L5-A,28.21576763485477,33.33333333333333,L1,0.3470031545741325,-0.19804336448891718,False,False,False,2024
300957,20240902,L5-A,30.76923076923077,8.333333333333332,L1,0.0595325953259531,-0.16688025135136927,False,False,False,2024
300973,20240902,L5-B,15.789473684210526,50.79365079365079,L2,0.8239210669328156,0.47579979032612496,True,True,True,2024
300988,20240902,L5-A,80.49792531120332,15.846994535519126,L1,0.3299874529485571,-0.2150590661144926,False,False,False,2024
300990,20240902,L5-A,24.896265560165975,41.53005464480874,L2,0.8551991586419379,0.31015263957888817,False,True,True,2024
301018,20240902,L5-A,71.36929460580913,93.98907103825135,L3,1.3684480986639258,0.8234015796008761,True,True,True,2024
301066,20240902,L5-A,80.48780487804879,93.10344827586206,L3,0.6875753920386007,0.3861524465271756,True,True,True,2024
301073,20240902,L5-A,14.285714285714285,14.705882352941178,L0,0.2958870472682628,0.05193252463145026,False,False,True,2024
301131,20240902,L5-A,34.21052631578947,36.02941176470589,L1,0.2283517218321631,-0.0775562500979389,False,False,False,2024
301158,20240902,L5-A,55.18672199170125,32.78688524590164,L1,0.2522596802300814,-0.2927868388329683,False,False,False,2024
301188,20240902,L5-A,3.1818181818181817,68.25396825396825,L2,0.4359649122807019,0.24644946478021396,True,True,True,2024
301219,20240902,L5-B,58.06451612903226,1.818181818181818,L0,0.4877981142540208,0.1211935825526485,False,False,True,2024
301230,20240902,L5-B,39.09090909090909,68.78306878306879,L2,0.7856471189407503,0.5961316714402625,True,True,True,2024
301239,20240902,L5-B,13.18181818181818,53.43915343915344,L0,0.7515817515817516,0.5620663040812637,True,False,True,2024
301252,20240902,L5-A,20.689655172413794,83.6734693877551,L3,0.6342763427634277,0.23024723193047297,True,True,True,2024
301289,20240902,L5-A,40.0,79.41176470588235,L3,0.4177954847277556,0.17384096209094302,True,True,True,2024
301293,20240902,L5-A,23.636363636363637,84.12698412698413,L3,0.5222849968612682,0.33276954936078024,True,True,True,2024
600054,20240902,L5-B,31.428571428571427,29.411764705882355,L1,0.0732394366197184,-0.17071508601709415,False,False,False,2024
600060,20240902,L5-B,1.7241379310344829,34.69387755102041,L1,0.4730423620025674,0.06901325116961265,False,False,True,2024
600085,20240902,L5-A,15.0,82.01058201058201,L0,0.0678578338686732,-0.12165761363181474,True,False,False,2024
600161,20240902,L5-A,42.27272727272727,33.33333333333333,L1,-0.1555084745762712,-0.34502392207675914,False,False,False,2024
600186,20240902,L5-B,50.0,92.06349206349206,L3,1.158878504672897,0.8107572280662064,True,True,True,2024
600215,20240902,L5-A,6.224066390041494,59.56284153005464,L0,0.5311355311355312,-0.013910987927518437,True,False,False,2024
600250,20240902,L5-B,34.69387755102041,17.94871794871795,L0,0.1233595800524935,-0.3808693217911523,False,False,False,2024
600262,20240902,L5-B,61.82572614107884,39.89071038251366,L1,0.1838709677419354,-0.3611755513211143,False,False,False,2024
600295,20240902,L5-B,28.000000000000004,71.42857142857143,L0,0.0535917901938427,-0.2547903045999177,True,False,False,2024
600301,20240902,L5-A,29.03225806451613,61.81818181818181,L2,0.282220753469927,-0.08438377823144533,True,True,False,2024
600367,20240902,L5-A,36.18421052631579,66.17647058823529,L2,0.469042390211704,0.16313441828160202,True,True,True,2024
600398,20240902,L5-B,4.878048780487805,72.41379310344827,L3,0.3789237476829896,0.07750080217156446,True,True,True,2024
600426,20240902,L5-B,12.5,13.23529411764706,L1,-0.0560302383426816,-0.3619382102727836,False,False,False,2024
600511,20240902,L5-B,27.727272727272727,7.239819004524888,L1,0.0512373649355175,-0.13827808256497043,False,False,False,2024
600529,20240902,L5-A,58.18181818181818,11.312217194570136,L1,-0.0435362054984259,-0.23305165299891384,False,False,False,2024
600531,20240902,L5-B,14.516129032258066,18.181818181818183,L1,0.1431095406360425,-0.2234949910653298,False,False,False,2024
600559,20240902,L5-A,34.21052631578947,26.984126984126984,L1,0.070730304772858,-0.27739097183383266,False,False,False,2024
600576,20240902,L5-A,54.285714285714285,91.17647058823528,L3,0.9746300211416488,0.7306754985048363,True,True,True,2024
600582,20240902,L5-A,6.639004149377594,48.57142857142857,L2,0.0365853658536585,-0.5084611532093912,False,True,False,2024
600595,20240902,L5-B,38.70967741935484,52.72727272727272,L0,0.5899581589958156,0.2233536272944433,True,False,True,2024
600618,20240902,L5-B,30.92105263157895,77.20588235294117,L3,0.3047375160051218,-0.0011704559249802182,True,True,False,2024
600630,20240902,L5-B,29.268292682926827,65.51724137931035,L2,0.2775453277545328,-0.023877617756892344,True,True,False,2024
600690,20240902,L5-B,18.96551724137931,18.367346938775512,L1,0.0618345618345619,-0.34219454899839286,False,False,False,2024
600691,20240902,L5-B,7.894736842105263,28.104575163398692,L1,0.361290322580645,0.05538235065054298,False,False,True,2024
600722,20240902,L5-B,74.3421052631579,70.58823529411765,L3,0.471698113207547,0.165790141277445,True,True,True,2024
600750,20240902,L5-B,15.909090909090908,87.3015873015873,L3,0.0738747086591635,-0.11564073884132443,True,True,False,2024
600771,20240902,L5-B,17.272727272727273,25.925925925925924,L1,0.0234604105571847,-0.16605503694330323,False,False,False,2024
600779,20240902,L5-A,18.421052631578945,71.42857142857143,L3,0.4976348155156103,0.1495135389089196,True,True,True,2024
600809,20240902,L5-A,9.210526315789473,7.936507936507936,L1,0.1929347018263083,-0.15518657478038236,False,False,False,2024
600861,20240902,L5-B,8.571428571428571,85.0,L3,0.4544117647058825,0.21045724206906996,True,True,True,2024
600880,20240902,L5-B,25.71428571428571,67.64705882352942,L2,0.3342696629213484,0.09031514028453586,True,True,True,2024
600955,20240902,L5-B,19.078947368421055,57.35294117647059,L0,0.0874439461883407,-0.2184640257417613,True,False,False,2024
600987,20240902,L5-A,39.02439024390244,10.344827586206897,L1,0.0333333333333332,-0.2680896121780919,False,False,False,2024
601001,20240902,L5-B,38.88888888888889,6.666666666666667,L1,-0.2135061391541609,-0.1461339887422204,False,False,False,2024
601038,20240902,L5-B,46.058091286307054,3.278688524590164,L1,-0.0586297760210804,-0.6036762950841301,False,False,False,2024
601061,20240902,L5-B,24.489795918367346,65.21739130434783,L0,0.0421511627906976,-0.4620777390529482,True,False,False,2024
601599,20240902,L5-A,75.60975609756098,40.0,L2,0.2745762711864405,-0.02684667432498461,False,True,False,2024
601702,20240902,L5-A,22.58064516129032,70.9090909090909,L3,0.2820680628272252,-0.08453646887414712,True,True,False,2024
601717,20240902,L5-A,7.468879668049793,36.6120218579235,L1,0.1522491349480967,-0.392797384114953,False,False,False,2024
601969,20240902,L5-B,16.0,64.28571428571429,L2,0.3104887339824431,0.002106639188682702,True,True,False,2024
603025,20240902,L5-A,13.278008298755188,66.12021857923497,L2,0.3009090909090908,-0.2441374281539589,True,True,False,2024
603036,20240902,L5-A,32.365145228215766,94.53551912568308,L3,0.5553145336225596,0.010268014559509875,True,True,False,2024
603055,20240902,L5-A,46.34146341463415,3.4482758620689653,L1,0.062380038387716,-0.23904290712370913,False,False,False,2024
603076,20240902,L5-B,38.17427385892116,30.05464480874317,L1,0.1487437185929647,-0.396302800470085,False,False,False,2024
603087,20240902,L5-B,29.09090909090909,48.67724867724868,L2,0.165084448943398,-0.02443099855708994,False,True,False,2024
603100,20240902,L5-A,18.67219917012448,19.183673469387756,L1,0.3449133360307719,-0.20013318303227778,False,False,False,2024
603132,20240902,L5-B,11.29032258064516,34.54545454545455,L1,0.0759873887428166,-0.2906171429585557,False,False,False,2024
603198,20240902,L5-A,13.157894736842104,3.1746031746031744,L1,0.1530864197530865,-0.19503485685360417,False,False,False,2024
603214,20240902,L5-B,32.6530612244898,74.35897435897436,L3,0.9678071651219644,0.46357826327831864,True,True,True,2024
603225,20240902,L5-B,6.578947368421052,27.941176470588236,L1,0.20188679245283,-0.10402117947727199,False,False,False,2024
603279,20240902,L5-A,14.107883817427386,19.12568306010929,L1,0.0018244956993995,-0.5432220233636502,False,False,False,2024
603298,20240902,L5-A,16.59751037344398,8.743169398907105,L1,0.2621082621082622,-0.28293825695478747,False,False,False,2024
603308,20240902,L5-A,7.883817427385892,71.58469945355192,L3,0.7945344129554655,0.24948789389241577,True,True,True,2024
603317,20240902,L5-B,28.947368421052634,66.66666666666666,L2,0.4299674267100977,0.08184615010340701,True,True,True,2024
603337,20240902,L5-A,46.88796680497925,74.86338797814209,L3,0.2223033098429663,-0.32274320922008337,True,True,False,2024
603338,20240902,L5-A,9.12863070539419,79.78142076502732,L3,0.231590181430096,-0.31345633763295366,True,True,False,2024
603369,20240902,L5-A,11.842105263157894,12.698412698412698,L1,0.3336790251490795,-0.014442251457611188,False,False,False,2024
603379,20240902,L5-B,3.289473684210526,90.44117647058825,L3,0.4489267209474465,0.14301874901734452,True,True,True,2024
603439,20240902,L5-B,27.27272727272727,43.386243386243386,L0,0.0986159169550171,-0.09089953054547083,False,False,False,2024
603486,20240902,L5-B,17.24137931034483,32.6530612244898,L1,0.4392244593586876,0.03519534852573286,False,False,False,2024
603520,20240902,L5-A,26.81818181818182,44.97354497354497,L2,0.0256090464422449,-0.16390640105824303,False,True,False,2024
603536,20240902,L5-A,56.57894736842105,9.090909090909092,L0,0.4518828451882846,0.10376156858159391,False,False,True,2024
603558,20240902,L5-B,34.146341463414636,44.827586206896555,L2,0.1236080178173719,-0.17781492769405322,False,True,False,2024
603566,20240902,L5-B,20.0,4.166666666666666,L1,0.0016611295681063,-0.23938398401238614,False,False,False,2024
603583,20240902,L5-B,29.045643153526974,86.88524590163934,L3,1.3779874213836476,0.8329409023205979,True,True,True,2024
603589,20240902,L5-B,55.26315789473685,9.523809523809524,L1,0.0199203187250995,-0.3282009578815912,False,False,False,2024
603613,20240902,L5-B,36.734693877551024,15.217391304347828,L1,0.4147489539748954,-0.08947994786875035,False,False,False,2024
603619,20240902,L5-A,16.666666666666664,11.76470588235294,L1,-0.0884569880459359,-0.2550941954967314,False,False,False,2024
603658,20240902,L5-A,21.363636363636363,55.026455026455025,L2,0.02075,-0.16876544750048794,True,True,False,2024
603662,20240902,L5-A,54.35684647302904,99.4535519125683,L3,2.1718408395277655,1.626794320464716,True,True,True,2024
603727,20240902,L5-A,5.555555555555555,52.94117647058824,L2,0.3175217812197484,0.1508845737689529,True,True,True,2024
603855,20240902,L5-A,5.809128630705394,55.19125683060109,L2,0.3423586040914561,-0.2026879149715936,True,True,False,2024
603867,20240902,L5-B,25.0,66.91176470588235,L0,0.1769268056228792,-0.12898116630722278,True,False,False,2024
603915,20240902,L5-B,0.8298755186721992,66.66666666666666,L2,1.1840843114524515,0.6390377923894018,True,True,True,2024
603919,20240902,L5-A,40.78947368421053,19.047619047619047,L1,0.1243932038834951,-0.22372807272319556,False,False,False,2024
603969,20240902,L5-B,34.85477178423236,89.61748633879782,L3,0.3886255924170614,-0.15642092664598828,True,True,False,2024
603979,20240902,L5-B,9.67741935483871,9.090909090909092,L1,-0.0312660174269606,-0.3978705491283329,False,False,False,2024
603983,20240902,L5-A,23.076923076923077,83.33333333333334,L3,0.588492852593034,0.3620800059157116,True,True,True,2024
605020,20240902,L5-A,1.3157894736842104,72.05882352941177,L3,0.4242424242424243,0.11833445231232231,True,True,True,2024
605098,20240902,L5-A,5.714285714285714,17.647058823529413,L1,0.2216739640105594,-0.022280558626253166,False,False,False,2024
605166,20240902,L5-B,48.68421052631579,73.52941176470588,L0,0.3152289669861554,0.009320995056053383,True,False,False,2024
605179,20240902,L5-A,52.63157894736842,100.0,L3,1.515691037921277,1.1675697613145863,True,True,True,2024
605188,20240902,L5-A,75.51020408163265,25.64102564102564,L1,0.173202614379085,-0.33102628746456075,False,False,False,2024
605305,20240902,L5-A,20.74688796680498,62.841530054644814,L2,0.2145328719723183,-0.3305136470907314,True,True,False,2024
605365,20240902,L5-B,39.6551724137931,30.612244897959183,L0,0.1483636363636364,-0.2556654744693183,False,False,False,2024
605555,20240902,L5-A,22.41379310344828,81.63265306122449,L3,0.6428571428571428,0.23882803202418806,True,True,True,2024
605599,20240902,L5-A,21.951219512195124,31.03448275862069,L1,0.113837095191364,-0.18758585032006114,False,False,False,2024
688016,20240902,L5-A,6.363636363636363,52.910052910052904,L2,0.1339217982622134,-0.055593649238274534,True,True,False,2024
688025,20240902,L5-A,36.09958506224066,59.01639344262295,L2,0.4246418338108881,-0.12040468525216158,True,True,False,2024
688065,20240902,L5-B,8.552631578947368,2.2058823529411766,L1,0.3976457077232271,0.09173773579312511,False,False,True,2024
688108,20240902,L5-A,25.90909090909091,33.86243386243386,L1,0.2030162412993039,0.013500793798815969,False,False,False,2024
688166,20240902,L5-B,10.454545454545451,13.227513227513226,L1,0.3731697665215669,0.18365431902107898,False,False,True,2024
688169,20240902,L5-A,10.344827586206897,2.0408163265306123,L1,0.0725021700397459,-0.3315269407932088,False,False,False,2024
688190,20240902,L5-B,24.193548387096776,83.63636363636363,L3,0.3540925358085542,-0.012511995892818095,True,True,False,2024
688253,20240902,L5-A,55.45454545454545,9.523809523809524,L1,-0.1082715031602087,-0.2977869506606966,False,False,False,2024
688276,20240902,L5-B,10.0,6.349206349206349,L1,0.0029799914857386,-0.18653545601474933,False,False,False,2024
688300,20240902,L5-A,42.10526315789473,89.70588235294117,L3,0.4074248120300752,0.1015168400999732,True,True,True,2024
688305,20240902,L5-A,39.41908713692946,71.42857142857143,L0,0.2975778546712804,-0.2474686643917693,True,False,False,2024
688389,20240902,L5-B,2.272727272727273,20.105820105820104,L1,0.250390015600624,0.060874568100136084,False,False,True,2024
688400,20240902,L5-B,70.53941908713693,74.28571428571429,L3,1.099116161616161,0.5540696425531114,True,True,True,2024
688425,20240902,L5-B,52.282157676348554,46.99453551912568,L2,0.2176470588235293,-0.3273994602395204,False,True,False,2024
688520,20240902,L5-A,12.272727272727272,12.698412698412698,L1,0.3049710277523636,0.11545558025187569,False,False,True,2024
688575,20240902,L5-B,20.0,1.058201058201058,L0,-0.1526603679761313,-0.34217581547661924,False,False,False,2024
688578,20240902,L5-B,5.909090909090909,79.8941798941799,L3,0.666279090522472,0.4767636430219841,True,True,True,2024
688626,20240902,L5-B,10.909090909090908,95.02262443438912,L3,0.5317796610169492,0.34226421351646125,True,True,True,2024
688628,20240902,L5-A,12.448132780082988,33.87978142076503,L1,0.3166775312642467,-0.228368987798803,False,False,False,2024
688687,20240902,L5-B,4.545454545454546,4.761904761904762,L1,0.1749241658240647,-0.014591281676423234,False,False,False,2024
688690,20240902,L5-A,30.454545454545457,10.052910052910052,L1,0.4526748971193415,0.26315944961885357,False,False,True,2024
000521,20250102,L5-A,4.081632653061225,25.454545454545453,L1,-0.098040282922571,-0.20272949150828773,False,False,False,2025
000524,20250102,L5-A,50.0,92.5,L3,0.225233359533342,0.13439614560622773,True,True,True,2025
000568,20250102,L5-A,6.349206349206349,63.63636363636363,L2,-0.0596588120624779,-0.051876458769519,True,True,False,2025
000596,20250102,L5-B,4.761904761904762,31.16883116883117,L1,-0.1931827838741194,-0.1854004305811605,False,False,False,2025
000737,20250102,L5-B,3.636363636363636,41.17647058823529,L2,0.5151116951379764,0.26836144201746454,False,True,True,2025
000795,20250102,L5-A,100.0,26.47058823529412,L1,0.1460085937234527,-0.10074165939705915,False,False,False,2025
000807,20250102,L5-A,58.18181818181818,19.11764705882353,L1,0.2217356365349974,-0.02501461658551446,False,False,False,2025
000830,20250102,L5-A,37.5,11.11111111111111,L1,-0.0685464922922101,-0.2800960206518938,False,False,False,2025
000902,20250102,L5-A,46.32352941176471,53.59477124183007,L2,0.1038873163171967,-0.10766221204248701,True,True,False,2025
000931,20250102,L5-A,64.02116402116403,60.18099547511312,L2,0.1875,0.05109258789609014,True,True,True,2025
000975,20250102,L5-A,27.27272727272727,86.76470588235294,L0,0.2439824493638487,-0.002767803756663162,True,False,False,2025
002011,20250102,L5-A,24.489795918367346,45.45454545454545,L0,0.0810810810810809,-0.02360812750463584,False,False,False,2025
002032,20250102,L5-B,36.734693877551024,65.45454545454545,L2,0.0351552531087349,-0.06953395547698185,True,True,False,2025
002073,20250102,L5-A,45.3551912568306,7.755102040816326,L1,0.1510279920229098,-0.06482928771112087,False,False,False,2025
002155,20250102,L5-A,47.27272727272727,94.11764705882352,L3,0.4971615569574688,0.2504113038369569,True,True,True,2025
002166,20250102,L5-B,22.794117647058822,29.411764705882355,L1,0.1190743797653461,-0.09247514859433761,False,False,False,2025
002237,20250102,L5-B,40.0,47.05882352941176,L0,0.2160123293567175,-0.03073792376379436,False,False,False,2025
002262,20250102,L5-A,51.32275132275132,34.841628959276015,L1,-0.0976621278725583,-0.23406953997646818,False,False,False,2025
002274,20250102,L5-A,42.64705882352941,5.88235294117647,L0,0.0055541953105131,-0.20599533304917061,False,False,False,2025
002378,20250102,L5-A,43.63636363636363,45.588235294117645,L2,0.2820795103145985,0.03532925719408664,False,True,False,2025
002422,20250102,L5-B,49.2063492063492,94.11764705882352,L3,0.253428993727735,0.11702158162382512,True,True,True,2025
002483,20250102,L5-B,54.09836065573771,45.714285714285715,L0,0.295791483644459,0.07993420391042833,False,False,True,2025
002557,20250102,L5-A,25.396825396825395,7.792207792207792,L0,-0.2331230354573946,-0.2253406821644357,False,False,False,2025
002653,20250102,L5-A,39.68253968253968,96.38009049773756,L3,0.3695726939490931,0.23316528184518323,True,True,True,2025
002773,20250102,L5-B,42.32804232804233,97.73755656108597,L3,0.6231250852301058,0.48671767312619596,True,True,True,2025
002901,20250102,L5-B,58.20105820105819,64.25339366515837,L2,0.2311364274459832,0.09472901534207334,True,True,True,2025
002907,20250102,L5-A,59.78835978835979,84.61538461538461,L3,0.3316433598900004,0.19523594778609052,True,True,True,2025
002971,20250102,L5-A,62.5,34.64052287581699,L1,0.3141364254404279,0.1025868970807442,False,False,True,2025
003000,20250102,L5-A,49.2063492063492,66.23376623376623,L2,-0.0386221929366863,-0.030839839643727388,True,True,False,2025
003025,20250102,L5-A,28.96174863387978,67.75510204081633,L2,0.2146777749749489,-0.0011795047590817953,True,True,False,2025
300012,20250102,L5-B,2.941176470588235,2.5,L1,-0.0356279606112863,-0.12646517453840056,False,False,False,2025
300049,20250102,L5-B,1.5873015873015872,13.574660633484164,L1,0.0572456656853124,-0.07916174641859747,False,False,False,2025
300151,20250102,L5-A,20.76502732240437,2.0408163265306123,L1,-0.2471672999225072,-0.46302457965653787,False,False,False,2025
300165,20250102,L5-B,1.092896174863388,60.0,L0,0.2682119205298012,0.05235464079577051,True,False,True,2025
300180,20250102,L5-B,12.5,84.31372549019608,L3,0.4457050243111831,0.23415549595149937,True,True,True,2025
300200,20250102,L5-B,18.38235294117647,51.633986928104584,L2,0.3021493967840651,0.09059986842438139,True,True,True,2025
300218,20250102,L5-A,7.352941176470589,3.92156862745098,L1,-0.0107158792747008,-0.22226540763438452,False,False,False,2025
300221,20250102,L5-A,19.852941176470587,93.4640522875817,L3,0.4535901926444834,0.2420406642847997,True,True,True,2025
300228,20250102,L5-A,25.683060109289617,31.020408163265305,L1,0.1332681778559825,-0.08258910187804819,False,False,False,2025
300238,20250102,L5-B,23.28042328042328,66.06334841628959,L2,0.4028716216216215,0.26646420951771166,True,True,True,2025
300279,20250102,L5-B,12.244897959183673,63.63636363636363,L2,0.1641285956006768,0.05943938701496006,True,True,True,2025
300314,20250102,L5-B,13.756613756613756,72.39819004524887,L3,0.1859849966723348,0.049577584568424954,True,True,False,2025
300320,20250102,L5-B,36.76470588235294,60.78431372549019,L0,0.0623854138518826,-0.14916411450780112,True,False,False,2025
300402,20250102,L5-B,24.043715846994537,77.9591836734694,L0,0.3738644304682041,0.15800715073417343,True,False,True,2025
300445,20250102,L5-A,27.322404371584703,28.57142857142857,L1,0.0949704167969187,-0.12088686293711198,False,False,False,2025
300482,20250102,L5-B,14.814814814814811,12.669683257918551,L1,0.007128043910944,-0.12927936819296587,False,False,False,2025
300487,20250102,L5-B,6.61764705882353,8.49673202614379,L1,0.0618446394179328,-0.1497048889417509,False,False,False,2025
300529,20250102,L5-A,16.93121693121693,0.904977375565611,L1,-0.2278835699126579,-0.36429098201656773,False,False,False,2025
300539,20250102,L5-A,59.55882352941176,80.3921568627451,L0,0.3113573163404335,0.0998077879807498,True,False,True,2025
300549,20250102,L5-B,31.693989071038253,59.18367346938776,L2,0.1378100029248492,-0.07804727680918147,True,True,False,2025
300653,20250102,L5-B,17.989417989417987,30.76923076923077,L1,0.0345771552749569,-0.10183025682895296,False,False,False,2025
300662,20250102,L5-A,5.88235294117647,97.5,L3,0.36211336334306,0.2712761494159457,True,True,True,2025
300677,20250102,L5-B,11.11111111111111,1.809954751131222,L1,0.0063690897981489,-0.13003832230576096,False,False,False,2025
300685,20250102,L5-A,49.735449735449734,43.43891402714932,L2,-0.0137251037712949,-0.15013251587520476,False,True,False,2025
300758,20250102,L5-A,11.76470588235294,44.44444444444444,L0,0.2745762711864405,0.0630267428267568,False,False,True,2025
300760,20250102,L5-B,21.693121693121693,20.361990950226243,L1,-0.0782632345279195,-0.21467064663182936,False,False,False,2025
300841,20250102,L5-B,3.7037037037037033,37.10407239819005,L1,0.2639203991856826,0.12751298708177275,False,False,True,2025
300855,20250102,L5-B,5.454545454545454,60.29411764705882,L0,0.1075009707682084,-0.13924928235230344,True,False,False,2025
300892,20250102,L5-B,23.809523809523807,75.32467532467533,L3,0.0752276204201858,0.08300997371314471,True,True,True,2025
300896,20250102,L5-A,25.0,28.57142857142857,L1,0.0044018374130614,-0.19519817879468696,False,False,False,2025
300905,20250102,L5-B,2.941176470588235,32.6797385620915,L0,0.2613315071802906,0.049781978820606865,False,False,False,2025
300950,20250102,L5-A,33.33333333333333,10.612244897959185,L1,0.4491018120307324,0.23324453229670172,False,False,True,2025
300957,20250102,L5-A,8.333333333333332,35.714285714285715,L1,0.0719582568603887,-0.12764175934735966,False,False,False,2025
301028,20250102,L5-A,38.25136612021858,42.44897959183673,L2,0.1903040890193101,-0.02555319071472059,False,True,False,2025
301032,20250102,L5-B,56.284153005464475,93.46938775510203,L3,0.4634793133359514,0.2476220336019207,True,True,True,2025
301036,20250102,L5-A,14.705882352941178,11.76470588235294,L1,0.0157936036346546,-0.19575592472502912,False,False,False,2025
301073,20250102,L5-B,14.705882352941178,82.5,L0,0.1392598054018743,0.048422591474760024,True,False,False,2025
301128,20250102,L5-A,36.0655737704918,84.48979591836735,L3,0.2536767498912864,0.03781947015725573,True,True,False,2025
301160,20250102,L5-B,42.857142857142854,96.15384615384616,L3,0.4313761467889909,0.34108880127831137,True,True,True,2025
301188,20250102,L5-A,68.25396825396825,76.47058823529412,L3,0.515871415930139,0.37946400382622913,True,True,True,2025
301207,20250102,L5-B,11.64021164021164,14.027149321266968,L1,0.0069188358007468,-0.12948857630316307,False,False,False,2025
301312,20250102,L5-B,26.229508196721312,26.53061224489796,L1,0.2793289216540542,0.06347164192002352,False,False,True,2025
301448,20250102,L5-B,19.672131147540984,20.0,L0,0.4084248312597447,0.19256755152571403,False,False,True,2025
600062,20250102,L5-A,27.513227513227513,35.74660633484163,L1,-0.032642487046632,-0.16904989915054186,False,False,False,2025
600114,20250102,L5-A,40.98360655737705,75.10204081632654,L3,0.3184396351749827,0.10258235544095201,True,True,True,2025
600161,20250102,L5-A,33.33333333333333,9.049773755656108,L1,-0.0439664252479641,-0.18037383735187396,False,False,False,2025
600285,20250102,L5-A,41.7989417989418,65.15837104072398,L2,0.0898037995831317,-0.04660361252077816,True,True,False,2025
600301,20250102,L5-B,61.81818181818181,77.94117647058823,L3,0.2211764705882353,-0.025573782532276546,True,True,False,2025
600420,20250102,L5-B,42.857142857142854,4.072398190045249,L1,-0.0757314974182443,-0.21213890952215414,False,False,False,2025
600426,20250102,L5-A,13.23529411764706,28.75816993464052,L1,0.037080469961658,-0.1744690583980257,False,False,False,2025
600583,20250102,L5-B,47.05882352941176,65.0,L2,0.0557481515690161,-0.036019909735588544,True,True,False,2025
600595,20250102,L5-B,52.72727272727272,89.70588235294117,L0,0.7338129496402876,0.4870626965197758,True,False,True,2025
600661,20250102,L5-B,8.823529411764707,20.0,L1,-0.1069078947368421,-0.1977451086639564,False,False,False,2025
600809,20250102,L5-A,7.936507936507936,85.71428571428571,L3,-0.0061956753376503,0.0015866779553086081,True,True,False,2025
600961,20250102,L5-B,32.72727272727273,88.23529411764706,L0,0.4403080872913993,0.19355783417088746,True,False,True,2025
600968,20250102,L5-B,35.294117647058826,50.0,L2,-0.011858137232272,-0.10362619853687664,True,True,False,2025
600987,20250102,L5-A,10.344827586206897,42.5,L2,0.0624254566360764,-0.012683076642848186,False,True,False,2025
600988,20250102,L5-A,12.727272727272728,97.05882352941175,L3,0.5683764409268184,0.32162618780630653,True,True,True,2025
601001,20250102,L5-B,6.666666666666667,10.0,L0,-0.0949177877428998,0.020701139756509862,False,False,False,2025
601038,20250102,L5-B,3.278688524590164,13.46938775510204,L1,-0.0594889929437523,-0.275346272677783,False,False,False,2025
601100,20250102,L5-B,3.825136612021858,79.18367346938776,L3,0.3866596033886846,0.17080232365465392,True,True,True,2025
601101,20250102,L5-A,13.333333333333334,55.00000000000001,L2,-0.1016109045848823,0.014008022914527365,True,True,False,2025
601677,20250102,L5-A,7.272727272727272,30.88235294117647,L1,0.0689085338117381,-0.17784171930877374,False,False,False,2025
601717,20250102,L5-A,36.6120218579235,67.3469387755102,L2,0.2967893500391543,0.08093207030512362,True,True,True,2025
601898,20250102,L5-B,40.0,40.0,L0,-0.0905280804694047,0.025090847030004956,False,False,False,2025
603055,20250102,L5-A,3.4482758620689653,12.5,L1,-0.1248656929806063,-0.19997422625953087,False,False,False,2025
603087,20250102,L5-B,48.67724867724868,71.04072398190046,L3,0.3647210516624777,0.22831363955856784,True,True,True,2025
603132,20250102,L5-A,34.54545454545455,38.23529411764706,L1,0.1997070686446977,-0.047043184475814154,False,False,False,2025
603172,20250102,L5-B,15.441176470588236,62.74509803921568,L2,0.2432855879014852,0.031736059541801476,True,True,False,2025
603198,20250102,L5-A,3.1746031746031744,2.5974025974025974,L0,-0.2272040890351838,-0.2194217357422249,False,False,False,2025
603225,20250102,L5-A,27.941176470588236,15.032679738562091,L1,-0.0291438979963569,-0.24069342635604063,False,False,False,2025
603298,20250102,L5-A,8.743169398907105,26.122448979591837,L0,0.2143762242928821,-0.001481055441148571,False,False,False,2025
603439,20250102,L5-B,43.386243386243386,11.76470588235294,L0,-0.0463357925124577,-0.18274320461636756,False,False,False,2025
603605,20250102,L5-A,41.66666666666667,57.14285714285714,L2,-0.0166359386975007,-0.21623595490524905,True,True,False,2025
603619,20250102,L5-A,11.76470588235294,5.0,L1,0.0472937467157119,-0.04447431458889275,False,False,False,2025
603658,20250102,L5-A,55.026455026455025,28.054298642533936,L1,-0.0829823672454846,-0.21938977934939446,False,False,False,2025
603727,20250102,L5-A,52.94117647058824,90.0,L3,0.2830246977134829,0.19125663640887824,True,True,True,2025
603979,20250102,L5-B,9.090909090909092,20.588235294117645,L0,0.3469068164139344,0.10015656329342254,False,False,True,2025
603998,20250102,L5-B,32.804232804232804,53.39366515837104,L2,-0.0050432477634665,-0.14145065986737637,True,True,False,2025
605098,20250102,L5-A,17.647058823529413,60.0,L2,0.0231800625796632,-0.06765715134745107,True,True,False,2025
688016,20250102,L5-A,52.910052910052904,1.3574660633484164,L1,-0.0937895093153485,-0.23019692141925835,False,False,False,2025
688025,20250102,L5-A,59.01639344262295,39.18367346938776,L1,0.5393937098905879,0.3235364301565572,False,False,True,2025
688065,20250102,L5-A,2.2058823529411766,81.69934640522875,L3,0.226264189886481,0.01471466152679729,True,True,False,2025
688089,20250102,L5-A,17.647058823529413,87.58169934640523,L3,0.3620873269435571,0.1505377985838734,True,True,True,2025
688169,20250102,L5-A,2.0408163265306123,7.272727272727272,L1,-0.0121659902943227,-0.11685519888003945,False,False,False,2025
688187,20250102,L5-A,7.103825136612022,27.755102040816325,L1,-0.0697424892703862,-0.28559976900441686,False,False,False,2025
688253,20250102,L5-A,9.523809523809524,57.46606334841629,L0,-0.1054459646399705,-0.24185337674388036,True,False,False,2025
688351,20250102,L5-B,12.16931216931217,88.23529411764706,L3,0.0795271359484148,-0.056880276155495055,True,True,False,2025
688520,20250102,L5-A,12.698412698412698,51.58371040723983,L2,0.7817460317460316,0.6453386196421218,True,True,True,2025
688575,20250102,L5-B,1.058201058201058,10.85972850678733,L1,-0.0590113861554489,-0.19541879825935876,False,False,False,2025
688609,20250102,L5-B,10.20408163265306,40.0,L2,0.0155793573515092,-0.08910985123420755,False,True,False,2025
688687,20250102,L5-B,4.761904761904762,87.33031674208145,L3,0.2825370834740917,0.14612967137018182,True,True,True,2025
688690,20250102,L5-B,10.052910052910052,95.47511312217196,L3,0.340618865746245,0.20421145364233514,True,True,True,2025
688789,20250102,L5-A,4.371584699453552,8.16326530612245,L1,0.1408893537329107,-0.07496792600111998,False,False,False,2025
000019,20250506,L5-A,53.48837209302325,41.46341463414634,L2,0.0448076977695011,-0.14291100972124443,False,True,False,2025
000333,20250506,L5-A,43.63636363636363,11.538461538461538,L1,0.0672972453938389,-0.10753016614797929,False,False,False,2025
000404,20250506,L5-B,23.636363636363637,42.30769230769231,L2,0.0488438398805839,-0.1259835716612343,False,True,False,2025
000423,20250506,L5-A,6.787330316742081,4.661016949152542,L1,-0.0790274241940532,-0.3345207221721692,False,False,False,2025
000513,20250506,L5-B,22.171945701357465,54.66101694915254,L2,0.0865031298283482,-0.16899016814976786,True,True,False,2025
000521,20250506,L5-A,25.454545454545453,38.46153846153847,L1,-0.0487586520349252,-0.22358606357674338,False,False,False,2025
000524,20250506,L5-A,92.5,64.86486486486487,L2,0.1737647039676311,0.04517470926704045,True,True,False,2025
000530,20250506,L5-B,4.489795918367347,14.285714285714285,L1,0.2644909922801615,-0.019765151414745274,False,False,False,2025
000538,20250506,L5-A,46.60633484162896,14.83050847457627,L1,0.0102153448965631,-0.24527795308155295,False,False,False,2025
000545,20250506,L5-B,33.98692810457516,59.523809523809526,L2,0.3364485981308409,0.08641509662028557,True,True,True,2025
000603,20250506,L5-A,32.35294117647059,34.285714285714285,L1,0.6957631407631435,0.27182649175564944,False,False,True,2025
000612,20250506,L5-A,23.52941176470588,38.57142857142858,L1,0.5056336565015167,0.08169700749402264,False,False,True,2025
000619,20250506,L5-B,32.0,8.333333333333332,L1,0.0935875216637782,-0.24444204155875054,False,False,False,2025
000651,20250506,L5-B,50.90909090909091,3.8461538461538463,L1,-0.0728730067363546,-0.2477004182781728,False,False,False,2025
000657,20250506,L5-A,52.94117647058824,92.85714285714286,L3,1.3218670109978097,0.8979303619903156,True,True,True,2025
000680,20250506,L5-A,4.081632653061225,17.669172932330827,L1,0.2734068834777263,-0.010849260217180468,False,False,False,2025
000702,20250506,L5-A,6.976744186046512,73.17073170731707,L3,0.1145038167938932,-0.07321489069685234,True,True,False,2025
000721,20250506,L5-B,65.0,72.97297297297297,L0,-0.0245261984392419,-0.15311619313983255,True,False,False,2025
000737,20250506,L5-B,41.17647058823529,67.14285714285714,L2,0.6612691273094342,0.23733247830194015,True,True,True,2025
000819,20250506,L5-A,20.0,63.63636363636363,L2,0.2730179693133345,0.06026433992332614,True,True,True,2025
000830,20250506,L5-A,11.11111111111111,89.28571428571429,L3,0.2990449603739766,0.04901145886342129,True,True,False,2025
000988,20250506,L5-B,48.97959183673469,88.34586466165413,L3,0.8826080120486914,0.5983518683537847,True,True,True,2025
002003,20250506,L5-A,7.5,15.384615384615383,L1,-0.0071189548131547,-0.17455043950412957,False,False,False,2025
002011,20250506,L5-B,45.45454545454545,57.692307692307686,L2,0.1918402777777779,0.01701286623595971,True,True,False,2025
002073,20250506,L5-A,7.755102040816326,27.06766917293233,L1,0.0996652747681858,-0.18459086892672094,False,False,False,2025
002150,20250506,L5-A,3.6734693877551026,57.5187969924812,L2,0.8815419694461106,0.5972858257512039,True,True,True,2025
002166,20250506,L5-A,29.411764705882355,14.88095238095238,L1,0.1055523691398943,-0.14448113237066101,False,False,False,2025
002192,20250506,L5-B,11.76470588235294,51.42857142857142,L2,0.7083120258545326,0.2843753768470385,True,True,True,2025
002221,20250506,L5-A,10.0,36.36363636363637,L1,0.006082725060827,-0.20667090432918137,False,False,False,2025
002262,20250506,L5-A,34.841628959276015,43.64406779661017,L2,0.1175796280839811,-0.13791366989413495,False,True,False,2025
002318,20250506,L5-A,38.46153846153847,3.7037037037037033,L1,0.0790029573299535,-0.1376983823385844,False,False,False,2025
002329,20250506,L5-B,25.97402597402597,50.0,L0,0.1374999999999999,0.08973369391244845,True,False,True,2025
002332,20250506,L5-B,8.144796380090497,53.813559322033896,L0,0.1034831212013833,-0.15201017677673273,True,False,False,2025
002344,20250506,L5-B,41.30434782608695,20.454545454545457,L0,0.1171343942651135,-0.05740651452927591,False,False,False,2025
002353,20250506,L5-A,1.6326530612244898,78.19548872180451,L3,0.6518027933233872,0.36754664962848044,True,True,True,2025
002378,20250506,L5-B,45.588235294117645,95.71428571428572,L3,0.8144220359593122,0.3904853869518181,True,True,True,2025
002398,20250506,L5-A,4.0,45.83333333333333,L2,0.1309763823719028,-0.20705318085062596,False,True,False,2025
002437,20250506,L5-B,38.91402714932127,70.33898305084746,L0,0.373015873015873,0.11752257503775698,True,False,True,2025
002440,20250506,L5-A,36.60130718954248,19.642857142857142,L1,0.0274154363899155,-0.2226180651206398,False,False,False,2025
002444,20250506,L5-B,1.2244897959183674,72.55639097744361,L3,0.3117097797257124,0.02745363603080564,True,True,False,2025
002445,20250506,L5-B,20.816326530612244,11.654135338345863,L0,0.1304347826086958,-0.15382136108621097,False,False,False,2025
002481,20250506,L5-B,39.53488372093023,70.73170731707317,L3,0.073029353638782,-0.11468935385196354,True,True,False,2025
002523,20250506,L5-A,64.48979591836735,13.909774436090224,L1,0.2360366399035569,-0.04821950379134987,False,False,False,2025
002526,20250506,L5-A,48.16326530612245,12.781954887218044,L1,0.005242322924907,-0.27901382076999975,False,False,False,2025
002543,20250506,L5-A,60.0,32.69230769230769,L1,0.0210409729859175,-0.15378643855590068,False,False,False,2025
002668,20250506,L5-A,1.818181818181818,30.76923076923077,L1,0.069835111542192,-0.10499229999962618,False,False,False,2025
002676,20250506,L5-A,29.09090909090909,100.0,L3,0.4697960943291901,0.2949686827873719,True,True,True,2025
002738,20250506,L5-B,2.941176470588235,70.0,L3,0.9781890214788316,0.5542523724713375,True,True,True,2025
002746,20250506,L5-A,37.2093023255814,65.85365853658537,L2,0.0921632316924945,-0.09555547579825104,True,True,False,2025
002758,20250506,L5-A,38.56209150326798,17.857142857142858,L1,0.1162107584876273,-0.13382274302292801,False,False,False,2025
002786,20250506,L5-A,35.91836734693877,29.32330827067669,L1,0.0297356828193831,-0.25452046087552366,False,False,False,2025
002832,20250506,L5-A,10.0,66.66666666666666,L2,-0.01675037482537,-0.1841818595163449,True,True,False,2025
002895,20250506,L5-B,37.25490196078432,57.738095238095234,L2,0.6057944243239333,0.35576092281337796,True,True,True,2025
002901,20250506,L5-B,64.25339366515837,87.28813559322035,L3,0.3500833447979756,0.09459004681985955,True,True,True,2025
002917,20250506,L5-A,1.30718954248366,34.523809523809526,L1,0.0277275314107146,-0.2223059700998407,False,False,False,2025
300006,20250506,L5-B,25.339366515837103,77.11864406779661,L0,0.3691860465116279,0.11369274853351186,True,False,True,2025
300012,20250506,L5-A,2.5,78.37837837837837,L3,0.2848317052708951,0.15624171057030442,True,True,True,2025
300049,20250506,L5-A,13.574660633484164,97.8813559322034,L3,1.2913702443550883,1.0358769463769724,True,True,True,2025
300094,20250506,L5-B,11.627906976744184,34.146341463414636,L0,0.0438596491228069,-0.14385905836793864,False,False,False,2025
300121,20250506,L5-B,35.294117647058826,54.761904761904766,L2,0.3098898517418316,0.05985635023127628,True,True,True,2025
300151,20250506,L5-A,2.0408163265306123,54.51127819548872,L2,0.043797723978191,-0.24045841971671578,True,True,False,2025
300165,20250506,L5-B,60.0,75.18796992481202,L3,0.5015384615384615,0.21728231784355473,True,True,True,2025
300179,20250506,L5-B,21.63265306122449,6.390977443609022,L1,0.5015802217402268,0.21732407804532,False,False,True,2025
300193,20250506,L5-B,30.612244897959183,26.691729323308273,L1,-0.0114151312010013,-0.29567127489590805,False,False,False,2025
300201,20250506,L5-B,22.857142857142858,29.69924812030075,L1,0.1062409642830666,-0.17801517941184014,False,False,False,2025
300218,20250506,L5-A,3.92156862745098,96.42857142857144,L3,0.3165573449048791,0.06652384339432377,True,True,True,2025
300230,20250506,L5-A,32.02614379084967,55.35714285714286,L2,0.1459373408952951,-0.10409616061526022,True,True,False,2025
300247,20250506,L5-A,47.27272727272727,55.769230769230774,L2,0.215258855585831,0.040431444044012804,True,True,False,2025
300320,20250506,L5-B,60.78431372549019,29.166666666666668,L1,-0.054210775352063,-0.3042442768626183,False,False,False,2025
300341,20250506,L5-B,17.194570135746606,45.76271186440678,L2,0.1152345995147248,-0.14025869846339123,False,True,False,2025
300347,20250506,L5-B,8.597285067873303,75.0,L0,0.321696226367381,0.06620292838926495,True,False,True,2025
300370,20250506,L5-B,15.510204081632653,39.097744360902254,L1,0.0573476702508961,-0.22690847344401066,False,False,False,2025
300400,20250506,L5-A,21.22448979591837,91.35338345864662,L3,0.4526482870807582,0.16839214338585146,True,True,True,2025
300505,20250506,L5-B,64.70588235294117,51.19047619047619,L2,0.278543829993481,0.028510328482925673,True,True,False,2025
300549,20250506,L5-A,59.18367346938776,37.59398496240601,L1,0.0412542870889962,-0.24300185660591056,False,False,False,2025
300622,20250506,L5-A,13.043478260869565,65.9090909090909,L2,-0.0515449878821557,-0.2260858966765451,True,True,False,2025
300641,20250506,L5-A,16.99346405228758,20.833333333333336,L0,-0.2258363951366573,-0.4758698966472126,False,False,False,2025
300677,20250506,L5-A,1.809954751131222,91.94915254237289,L3,0.7156802898683547,0.4601869918902387,True,True,True,2025
300697,20250506,L5-A,10.294117647058822,61.42857142857143,L2,0.4770668735930918,0.05313022458559774,True,True,True,2025
300758,20250506,L5-B,44.44444444444444,21.428571428571427,L1,-0.0701754385964913,-0.3202089401070466,False,False,False,2025
300761,20250506,L5-A,25.581395348837212,56.09756097560976,L2,0.1419818119615243,-0.04573689552922125,True,True,False,2025
300780,20250506,L5-B,41.63265306122449,51.8796992481203,L2,0.2384150436534586,-0.045841100041448146,True,True,False,2025
300783,20250506,L5-A,6.493506493506493,18.571428571428573,L1,-0.1387367652427893,-0.18650307133034075,False,False,False,2025
300811,20250506,L5-A,1.4705882352941175,90.0,L3,0.8764481399870696,0.45251149097957555,True,True,True,2025
300832,20250506,L5-B,2.7149321266968327,10.16949152542373,L0,0.2269579706087479,-0.028535327369368146,False,False,False,2025
300979,20250506,L5-A,2.5,51.28205128205128,L0,0.2196053232692145,0.05217383857823962,True,False,True,2025
301001,20250506,L5-B,4.3478260869565215,34.090909090909086,L1,0.0318305251853923,-0.14271038360899713,False,False,False,2025
301018,20250506,L5-B,40.81632653061224,98.87218045112782,L3,0.3953109663162628,0.11105482262135602,True,True,True,2025
301036,20250506,L5-A,11.76470588235294,25.0,L1,-0.0706670772063153,-0.32070057871687063,False,False,False,2025
301066,20250506,L5-A,50.0,12.82051282051282,L1,0.0512289143490483,-0.11620257034192658,False,False,False,2025
301110,20250506,L5-A,2.1739130434782608,97.72727272727272,L3,0.5579388963848624,0.38339798759047294,True,True,True,2025
301138,20250506,L5-A,55.91836734693878,56.766917293233085,L2,0.2945494989764232,0.010293355281516425,True,True,False,2025
301239,20250506,L5-B,60.633484162895925,22.45762711864407,L1,-0.1501590186278966,-0.40565231660601264,False,False,False,2025
301252,20250506,L5-B,16.363636363636363,65.38461538461539,L0,0.1453811732130774,-0.029446238328740798,True,False,False,2025
301293,20250506,L5-A,12.217194570135746,81.77966101694916,L3,0.4905181202540747,0.23502482227595867,True,True,True,2025
301312,20250506,L5-B,26.53061224489796,94.3609022556391,L3,0.5710098101806709,0.2867536664857641,True,True,True,2025
301360,20250506,L5-A,12.653061224489797,41.72932330827068,L2,0.8540403291086616,0.5697841854137549,False,True,True,2025
301363,20250506,L5-A,0.4524886877828055,84.7457627118644,L3,0.3547625567532255,0.09926925877510945,True,True,True,2025
600060,20250506,L5-A,49.09090909090909,5.769230769230769,L1,0.0908204215541179,-0.08400698998770029,False,False,False,2025
600161,20250506,L5-B,9.049773755656108,11.016949152542372,L1,-0.0258814409088311,-0.28137473888694714,False,False,False,2025
600189,20250506,L5-A,27.27272727272727,20.0,L1,0.0701754385964912,0.022409132508939757,False,False,False,2025
600211,20250506,L5-B,44.79638009049774,74.15254237288136,L3,0.310528994870124,0.055035696892007935,True,True,True,2025
600216,20250506,L5-A,5.429864253393665,41.52542372881356,L2,0.1120052079204672,-0.14348809005764884,False,True,False,2025
600219,20250506,L5-A,13.23529411764706,18.571428571428573,L1,0.3255202970273827,-0.09841635198011134,False,False,False,2025
600285,20250506,L5-A,65.15837104072398,13.135593220338984,L1,0.0084076920890772,-0.24708560588903883,False,False,False,2025
600299,20250506,L5-A,1.96078431372549,41.07142857142857,L2,-0.0220152895601647,-0.27204879107072,False,True,False,2025
600301,20250506,L5-A,77.94117647058823,88.57142857142857,L3,0.5278904665314401,0.10395381752394606,True,True,True,2025
600367,20250506,L5-A,47.7124183006536,68.45238095238095,L2,0.1872595358981621,-0.0627739656123932,True,True,False,2025
600378,20250506,L5-A,12.418300653594772,72.02380952380952,L3,0.2139822675661375,-0.03605123394441781,True,True,False,2025
600380,20250506,L5-B,35.294117647058826,42.79661016949153,L2,0.1561674298020878,-0.09932586817602823,False,True,False,2025
600439,20250506,L5-A,52.5,7.6923076923076925,L1,-0.1020408163265306,-0.26947230101750547,False,False,False,2025
600467,20250506,L5-B,48.837209302325576,39.02439024390244,L1,0.0655938157039446,-0.12212489178680094,False,False,False,2025
600486,20250506,L5-B,13.725490196078432,64.88095238095238,L0,0.317845503474889,0.06781200196433368,True,False,True,2025
600511,20250506,L5-A,7.239819004524888,10.59322033898305,L1,0.038153356598124,-0.21733994137999205,False,False,False,2025
600559,20250506,L5-B,15.584415584415584,75.71428571428571,L3,-0.0091608229590791,-0.05692712904663054,True,True,False,2025
600630,20250506,L5-A,15.0,53.84615384615385,L2,0.1638562719959106,-0.003575212695064278,True,True,False,2025
600661,20250506,L5-A,20.0,21.62162162162162,L1,0.0229445506692158,-0.10564544403137485,False,False,False,2025
600664,20250506,L5-A,33.93665158371041,7.627118644067797,L1,0.0,-0.25549329797811604,False,False,False,2025
600690,20250506,L5-A,10.909090909090908,40.38461538461539,L2,0.1023009963517171,-0.07252641519010108,False,True,False,2025
600691,20250506,L5-B,28.104575163398692,39.285714285714285,L1,0.3809523809523809,0.13091887944182556,False,False,True,2025
600714,20250506,L5-A,39.21568627450981,58.333333333333336,L2,0.1087283011349673,-0.14130520037558802,True,True,False,2025
600721,20250506,L5-A,47.963800904977376,55.08474576271186,L2,0.3121387283236994,0.056645430345583336,True,True,True,2025
600778,20250506,L5-B,21.73913043478261,40.909090909090914,L2,0.0625,-0.11204090879438941,False,True,False,2025
600779,20250506,L5-B,29.87012987012987,78.57142857142857,L3,-0.0682691523482689,-0.11603545843582033,True,True,False,2025
600833,20250506,L5-B,14.93212669683258,16.101694915254235,L0,0.181082777196621,-0.07441052078149504,False,False,False,2025
600838,20250506,L5-A,50.0,70.45454545454545,L3,0.0651396875690195,-0.10940122122536991,True,True,False,2025
600968,20250506,L5-A,50.0,18.181818181818183,L1,0.0263930693750595,-0.18636056001494886,False,False,False,2025
600993,20250506,L5-A,50.678733031674206,6.779661016949152,L1,0.1403086734212562,-0.11518462455685985,False,False,False,2025
601369,20250506,L5-B,46.12244897959184,7.142857142857142,L0,0.0984272373524111,-0.18582890634249566,False,False,False,2025
601599,20250506,L5-B,40.0,41.02564102564102,L2,0.0445682451253481,-0.12286323956562678,False,True,False,2025
601677,20250506,L5-A,30.88235294117647,27.142857142857142,L1,0.2790312226194844,-0.14490542638800968,False,False,False,2025
601702,20250506,L5-A,8.823529411764707,24.285714285714285,L1,0.0546662648870026,-0.36927038412049146,False,False,False,2025
601766,20250506,L5-A,17.142857142857142,33.45864661654135,L1,0.1147352292106707,-0.16952091448423606,False,False,False,2025
601958,20250506,L5-B,22.058823529411764,74.28571428571429,L0,0.5491709546440651,0.125234305636571,True,False,True,2025
603025,20250506,L5-A,4.8979591836734695,73.68421052631578,L3,0.4516700301804974,0.16741388648559064,True,True,True,2025
603088,20250506,L5-B,51.83673469387755,28.195488721804512,L0,0.2509971001517466,-0.03325904354316017,False,False,False,2025
603099,20250506,L5-A,5.0,83.78378378378379,L0,0.6523896655590464,0.5237996708584558,True,False,True,2025
603219,20250506,L5-B,34.54545454545455,84.61538461538461,L0,0.1756967270022065,0.0008693154603883202,True,False,False,2025
603229,20250506,L5-B,13.12217194570136,71.61016949152543,L3,0.297897892315909,0.04240459433779298,True,True,False,2025
603288,20250506,L5-B,46.75324675324675,21.428571428571427,L1,-0.062550160352256,-0.11031646643980744,False,False,False,2025
603298,20250506,L5-B,26.122448979591837,61.65413533834586,L0,0.4367338861623824,0.15247774246747564,True,False,True,2025
603337,20250506,L5-A,38.775510204081634,77.81954887218046,L3,0.2971024892328568,0.012846345537950055,True,True,False,2025
603338,20250506,L5-B,0.4081632653061224,62.40601503759399,L2,0.2054998141143713,-0.07875632958053547,True,True,False,2025
603527,20250506,L5-A,61.76470588235294,22.857142857142858,L1,0.2944526264113891,-0.12948402259610498,False,False,False,2025
603605,20250506,L5-B,57.14285714285714,56.25,L2,-0.209656704776675,-0.16446647251981109,True,True,False,2025
603617,20250506,L5-A,9.79591836734694,63.53383458646616,L2,0.0867143688325311,-0.19754177486237567,True,True,False,2025
603619,20250506,L5-B,5.0,72.72727272727273,L3,0.3664365146179853,0.15368288522797696,True,True,True,2025
603656,20250506,L5-A,24.081632653061224,9.398496240601505,L1,0.3167687201746774,0.03251257647977063,False,False,False,2025
603667,20250506,L5-A,2.857142857142857,34.21052631578947,L1,0.2135171232652462,-0.07073902042966057,False,False,False,2025
603699,20250506,L5-A,25.71428571428571,12.030075187969924,L1,1.110516390863272,0.8262602471683653,False,False,True,2025
603717,20250506,L5-B,4.651162790697675,87.8048780487805,L3,0.2875175315568021,0.09979882406605656,True,True,True,2025
603777,20250506,L5-B,10.38961038961039,27.142857142857142,L1,-0.0328603435399552,-0.08062664962750664,False,False,False,2025
603855,20250506,L5-B,41.224489795918366,10.902255639097744,L1,-0.0234524536930241,-0.3077085973879309,False,False,False,2025
603979,20250506,L5-B,20.588235294117645,87.14285714285714,L3,0.730303277956956,0.306366628949462,True,True,True,2025
605020,20250506,L5-A,45.751633986928105,86.90476190476191,L3,0.1764497661307296,-0.07358373537982571,True,True,False,2025
605086,20250506,L5-B,6.535947712418301,28.57142857142857,L1,-0.0514382698572605,-0.30147177136781583,False,False,False,2025
605108,20250506,L5-B,27.500000000000004,13.513513513513514,L1,-0.1148041699011409,-0.24339416460173155,False,False,False,2025
605183,20250506,L5-A,15.68627450980392,60.71428571428571,L2,0.248320155480602,-0.001713346029953322,True,True,False,2025
605555,20250506,L5-A,5.454545454545454,44.230769230769226,L2,0.3041166219512741,0.1292892104094559,False,True,True,2025
688009,20250506,L5-A,5.714285714285714,45.86466165413533,L2,0.075496802701648,-0.20875934099325877,False,True,False,2025
688187,20250506,L5-A,27.755102040816325,46.99248120300752,L2,0.1537315481631025,-0.13052459553180426,False,True,False,2025
688278,20250506,L5-A,10.407239819004523,52.118644067796616,L2,0.0284756509776888,-0.22701764700042723,True,True,False,2025
688300,20250506,L5-B,7.84313725490196,88.69047619047619,L3,0.4028817452654865,0.15284824375493117,True,True,True,2025
688321,20250506,L5-A,47.511312217194565,92.3728813559322,L3,0.7928858290304075,0.5373925310522915,True,True,True,2025
688698,20250506,L5-A,32.6530612244898,60.526315789473685,L2,0.7130549904046086,0.42879884670970186,True,True,True,2025
688789,20250506,L5-B,8.16326530612245,19.172932330827063,L1,0.2813799931159884,-0.0028761505789183794,False,False,False,2025
