day,code,rps,order,capex,margin,discovery,fwd1,fwd3,fwd6,disc_q,state,lc_score,ev_score,ms_score,ex_score,rpi,rpi_q,n_green,n_red,ev,unconfirmed,exec,growth_ra,recovery_ra
20220104,688699,0.6993006993006993,1.0,1.0,1.0,1.0,-0.2221256374594342,-0.2051460361613352,-0.3720073186689332,high,L1,0.7,1.0,0.993006993006993,1.0,0.8786013986013985,Q5高,3,0,1.0,0.993006993006993,1.0,0.9979020979020978,0.6986013986013986
20220104,300488,0.8064516129032258,1.0,1.0,1.0,1.0,0.04302203567681,-0.1073802028681356,-0.1149827303664187,high,L1,0.7,1.0,0.9919354838709676,1.0,0.8783870967741935,Q5高,3,0,1.0,0.9919354838709677,1.0,0.9975806451612903,0.6983870967741936
20220104,603655,1.098901098901099,1.0,1.0,1.0,1.0,-0.0845571873609256,-0.1188251001335114,-0.1802403204272363,high,L1,0.7,1.0,0.989010989010989,1.0,0.8778021978021978,Q5高,3,0,1.0,0.989010989010989,1.0,0.9967032967032967,0.6978021978021978
20220104,688202,1.257861635220126,1.0,1.0,1.0,1.0,-0.2004833099959347,0.0095306924431997,0.0598497491205576,high,L1,0.7,1.0,0.9874213836477987,1.0,0.8774842767295598,Q5高,3,0,1.0,0.9874213836477987,1.0,0.9962264150943396,0.6974842767295597
20220104,000799,1.694915254237288,1.0,1.0,1.0,1.0,-0.2136320305052431,-0.2477597712106768,-0.1354146806482364,high,L1,0.7,1.0,0.9830508474576272,1.0,0.8766101694915254,Q5高,3,0,1.0,0.9830508474576272,1.0,0.9949152542372881,0.6966101694915254
20220104,300671,2.097902097902098,1.0,1.0,1.0,1.0,-0.1891994917407877,0.0421855146124523,-0.0384084994063896,high,L1,0.7,1.0,0.9790209790209792,1.0,0.8758041958041958,Q5高,3,0,1.0,0.9790209790209791,1.0,0.9937062937062937,0.6958041958041958
20220104,600746,2.380952380952381,1.0,1.0,1.0,1.0,-0.024337866857552,-0.0422333571939871,-0.0959039075085331,high,L1,0.7,1.0,0.9761904761904762,1.0,0.8752380952380951,Q5高,3,0,1.0,0.9761904761904762,1.0,0.9928571428571427,0.6952380952380952
20220104,300595,2.515723270440252,1.0,1.0,1.0,1.0,-0.3275217932752179,-0.3504714463618573,-0.0002305556104029,high,L1,0.7,1.0,0.9748427672955976,1.0,0.8749685534591195,Q5高,3,0,1.0,0.9748427672955975,1.0,0.9924528301886792,0.6949685534591195
20220104,688012,2.797202797202797,1.0,1.0,1.0,1.0,-0.0006660561152277,-0.0242277911914078,-0.0320539505453335,high,L1,0.7,1.0,0.972027972027972,1.0,0.8744055944055943,Q5高,3,0,1.0,0.972027972027972,1.0,0.9916083916083915,0.6944055944055945
20220104,603393,2.898550724637681,1.0,1.0,1.0,1.0,-0.0370221327967806,-0.1187122736418511,-0.1233732941596126,high,L1,0.7,1.0,0.9710144927536232,1.0,0.8742028985507245,Q5高,3,0,1.0,0.9710144927536232,1.0,0.9913043478260868,0.6942028985507247
20220104,300725,3.1446540880503147,1.0,1.0,1.0,1.0,-0.2860571154307656,-0.2408607311415087,-0.2193491049642494,high,L1,0.7,1.0,0.9685534591194968,1.0,0.8737106918238994,Q5高,3,0,1.0,0.9685534591194969,1.0,0.990566037735849,0.6937106918238993
20220104,600582,3.225806451612903,1.0,1.0,1.0,1.0,-0.0888382687927107,0.1366742596810932,0.1150746215125952,high,L1,0.7,1.0,0.967741935483871,1.0,0.8735483870967742,Q5高,3,0,1.0,0.967741935483871,1.0,0.9903225806451612,0.6935483870967742
20220104,688368,3.4965034965034967,1.0,1.0,1.0,1.0,-0.224978614200171,-0.3810949529512403,-0.4678902192193584,high,L1,0.7,1.0,0.965034965034965,1.0,0.8730069930069929,Q5高,3,0,1.0,0.965034965034965,1.0,0.9895104895104894,0.6930069930069931
20220104,002978,4.3478260869565215,1.0,1.0,1.0,1.0,-0.0645760743321718,-0.1421602787456445,-0.0418914712720761,high,L1,0.7,1.0,0.9565217391304348,1.0,0.8713043478260869,Q5高,3,0,1.0,0.9565217391304348,1.0,0.9869565217391303,0.691304347826087
20220104,300458,6.293706293706294,1.0,1.0,1.0,1.0,-0.1409942950285249,-0.1396903015484922,-0.1001455595410202,high,L1,0.7,1.0,0.9370629370629372,1.0,0.8674125874125874,Q5高,3,0,1.0,0.9370629370629371,1.0,0.9811188811188811,0.6874125874125874
20220104,603259,6.918238993710692,1.0,1.0,1.0,1.0,-0.0395220588235293,0.002481617647059,-0.0504439274025039,high,L1,0.7,1.0,0.9308176100628932,1.0,0.8661635220125786,Q5高,3,0,1.0,0.9308176100628931,1.0,0.9792452830188678,0.6861635220125786
20220104,300782,6.993006993006993,1.0,1.0,1.0,1.0,-0.202008520998174,-0.3539561777236761,-0.3122976724377216,high,L1,0.7,1.0,0.93006993006993,1.0,0.8660139860139859,Q5高,3,0,1.0,0.9300699300699301,1.0,0.979020979020979,0.686013986013986
20220104,300720,8.870967741935484,1.0,1.0,1.0,1.0,-0.0872434017595308,-0.1568914956011731,-0.0346569083671048,high,L1,0.7,1.0,0.9112903225806452,1.0,0.862258064516129,Q5高,3,0,1.0,0.9112903225806451,1.0,0.9733870967741935,0.682258064516129
20220104,688139,9.433962264150944,1.0,1.0,1.0,1.0,-0.1346306143228872,-0.1969679828034846,-0.1646142876636923,high,L1,0.7,1.0,0.9056603773584906,1.0,0.8611320754716981,Q5高,3,0,1.0,0.9056603773584906,1.0,0.9716981132075471,0.6811320754716981
20220104,002064,9.523809523809524,1.0,1.0,1.0,1.0,-0.0738636363636362,-0.1448863636363635,-0.1713734866037846,high,L1,0.7,1.0,0.9047619047619048,1.0,0.8609523809523809,Q5高,3,0,1.0,0.9047619047619048,1.0,0.9714285714285713,0.680952380952381
20220104,300503,9.67741935483871,1.0,1.0,1.0,1.0,-0.1179071481208549,-0.2070744288872512,-0.1245394252026529,high,L1,0.7,1.0,0.9032258064516128,1.0,0.8606451612903225,Q5高,3,0,1.0,0.9032258064516129,1.0,0.9709677419354839,0.6806451612903226
20220104,300642,10.69182389937107,1.0,1.0,1.0,1.0,-0.1088825214899713,-0.1276663482967207,-0.2555379867103229,high,L1,0.7,1.0,0.8930817610062893,1.0,0.8586163522012579,Q5高,3,0,1.0,0.8930817610062893,1.0,0.9679245283018867,0.6786163522012578
20220104,600075,11.11111111111111,1.0,1.0,1.0,1.0,-0.1256038647342996,-0.1256038647342996,-0.2206416283092287,high,L1,0.7,1.0,0.8888888888888888,1.0,0.8577777777777778,Q5高,3,0,1.0,0.8888888888888888,1.0,0.9666666666666666,0.6777777777777778
20220104,002287,11.320754716981131,1.0,1.0,1.0,1.0,-0.1726342710997442,-0.112851662404092,-0.1841432225063939,high,L1,0.7,1.0,0.8867924528301887,1.0,0.8573584905660377,Q5高,3,0,1.0,0.8867924528301887,1.0,0.9660377358490566,0.6773584905660377
20220104,600189,11.864406779661016,1.0,1.0,1.0,1.0,-0.0864661654135339,-0.1879699248120301,-0.175438596491228,high,L1,0.7,1.0,0.8813559322033898,1.0,0.8562711864406779,Q5高,3,0,1.0,0.8813559322033898,1.0,0.964406779661017,0.676271186440678
20220505,300677,0.5649717514124294,1.0,1.0,1.0,1.0,-0.0518982932776035,-0.0208396246610448,-0.0666908982545977,high,L1,0.7,1.0,0.9943502824858758,1.0,0.8788700564971751,Q5高,3,0,1.0,0.9943502824858758,1.0,0.9983050847457626,0.6988700564971752
20220505,600201,2.941176470588235,1.0,1.0,1.0,1.0,0.021608643457383,0.0173337588030799,0.0489355243095077,high,L1,0.7,1.0,0.9705882352941176,1.0,0.8741176470588234,Q5高,3,0,1.0,0.9705882352941176,1.0,0.9911764705882351,0.6941176470588235
20220505,002651,5.263157894736842,1.0,1.0,1.0,1.0,0.200626959247649,0.3659654402901642,0.0638164028066254,high,L1,0.7,1.0,0.9473684210526316,1.0,0.8694736842105263,Q5高,3,0,1.0,0.9473684210526316,1.0,0.9842105263157894,0.6894736842105263
20220505,688518,5.511811023622047,1.0,1.0,1.0,1.0,0.2675496688741721,0.6523272840460659,0.6098008981832179,high,L1,0.7,1.0,0.9448818897637796,1.0,0.8689763779527558,Q5高,3,0,1.0,0.9448818897637795,1.0,0.9834645669291338,0.6889763779527559
20220505,688468,6.779661016949152,1.0,1.0,1.0,1.0,0.1087751371115175,0.0375789757990114,0.2293458043618645,high,L1,0.7,1.0,0.9322033898305084,1.0,0.8664406779661017,Q5高,3,0,1.0,0.9322033898305084,1.0,0.9796610169491524,0.6864406779661016
20220505,300726,7.894736842105263,1.0,1.0,1.0,1.0,0.089549185837968,0.0051541662212759,-0.1238090098222085,high,L1,0.7,1.0,0.9210526315789472,1.0,0.8642105263157894,Q5高,3,0,1.0,0.9210526315789473,1.0,0.976315789473684,0.6842105263157895
20220505,688613,7.909604519774012,1.0,1.0,1.0,1.0,-0.0288461538461538,-0.0831089462478288,-0.1115999111949302,high,L1,0.7,1.0,0.9209039548022598,1.0,0.8641807909604519,Q5高,3,0,1.0,0.9209039548022598,1.0,0.9762711864406779,0.684180790960452
20220505,601100,8.661417322834646,1.0,1.0,1.0,1.0,0.1108760050782904,0.1282736138581539,0.2846446147141606,high,L1,0.7,1.0,0.9133858267716536,1.0,0.8626771653543307,Q5高,3,0,1.0,0.9133858267716535,1.0,0.9740157480314959,0.6826771653543307
20220505,300286,9.411764705882351,1.0,1.0,1.0,1.0,0.2375690607734806,0.7348066298342542,0.4447513812154695,high,L1,0.7,1.0,0.9058823529411764,1.0,0.8611764705882352,Q5高,3,0,1.0,0.9058823529411765,1.0,0.9717647058823529,0.6811764705882353
20220505,002979,9.448818897637794,1.0,1.0,1.0,1.0,0.1238513040789863,0.5189501164477306,0.2758123857592724,high,L1,0.7,1.0,0.905511811023622,1.0,0.8611023622047244,Q5高,3,0,1.0,0.905511811023622,1.0,0.9716535433070865,0.6811023622047244
20220505,002022,10.16949152542373,1.0,1.0,1.0,1.0,-0.0644444444444444,0.1573583143863546,0.3823380254034314,high,L1,0.7,1.0,0.8983050847457628,1.0,0.8596610169491525,Q5高,3,0,1.0,0.8983050847457628,1.0,0.9694915254237289,0.6796610169491526
20220505,601969,10.714285714285714,1.0,1.0,1.0,1.0,0.0915032679738561,0.0692810457516339,-0.1202614379084967,high,L1,0.7,1.0,0.8928571428571429,1.0,0.8585714285714285,Q5高,3,0,1.0,0.8928571428571429,1.0,0.9678571428571427,0.6785714285714286
20220505,600779,10.9375,1.0,1.0,1.0,1.0,0.0652448435526869,0.0176308539006215,-0.133470192733384,high,L1,0.7,1.0,0.890625,1.0,0.8581249999999999,Q5高,3,0,1.0,0.890625,1.0,0.9671874999999999,0.6781250000000001
20220505,603297,11.347517730496454,1.0,1.0,1.0,1.0,0.2069719660842863,0.6186337131373487,0.3068859805180983,high,L1,0.7,1.0,0.8865248226950355,1.0,0.8573049645390071,Q5高,3,0,1.0,0.8865248226950355,1.0,0.9659574468085106,0.6773049645390071
20220505,300215,11.76470588235294,1.0,1.0,1.0,1.0,0.1160409556313992,0.2013651877133104,-0.0119453924914676,high,L1,0.7,1.0,0.8823529411764706,1.0,0.8564705882352941,Q5高,3,0,1.0,0.8823529411764706,1.0,0.9647058823529411,0.6764705882352942
20220505,300642,12.429378531073446,1.0,1.0,1.0,1.0,0.0580641545393072,0.0777125139550789,0.1238861585821424,high,L1,0.7,1.0,0.8757062146892656,1.0,0.8551412429378531,Q5高,3,0,1.0,0.8757062146892656,1.0,0.9627118644067796,0.6751412429378532
20220505,688299,12.76595744680851,1.0,1.0,1.0,1.0,0.1221227621483376,0.1819925469732541,0.0868157804052227,high,L1,0.7,1.0,0.8723404255319149,1.0,0.854468085106383,Q5高,3,0,1.0,0.8723404255319149,1.0,0.9617021276595743,0.674468085106383
20220505,300762,13.157894736842104,1.0,1.0,1.0,1.0,0.1057631412286257,0.4120405629323735,0.269718259973027,high,L1,0.7,1.0,0.868421052631579,1.0,0.8536842105263157,Q5高,3,0,1.0,0.868421052631579,1.0,0.9605263157894737,0.6736842105263159
20220505,688368,15.602836879432624,1.0,1.0,1.0,1.0,0.0760690174966736,-0.0717921604556933,-0.24925417383953,high,L1,0.7,1.0,0.8439716312056738,1.0,0.8487943262411347,Q5高,3,0,1.0,0.8439716312056738,1.0,0.953191489361702,0.6687943262411348
20220505,603308,15.748031496062993,1.0,1.0,1.0,1.0,0.1883589329021828,0.398658288797918,0.601256260822747,high,L1,0.7,1.0,0.8425196850393701,1.0,0.848503937007874,Q5高,3,0,1.0,0.8425196850393701,1.0,0.9527559055118109,0.668503937007874
20220505,002901,15.819209039548024,1.0,1.0,1.0,1.0,0.0274581503093314,0.0292124897805481,0.1862258724544556,high,L1,0.7,1.0,0.8418079096045198,1.0,0.8483615819209039,Q5高,3,0,1.0,0.8418079096045198,1.0,0.9525423728813558,0.6683615819209039
20220505,300450,16.470588235294116,1.0,1.0,1.0,1.0,0.0922112802148611,0.4050872893526624,0.1201016773915319,high,L1,0.7,1.0,0.8352941176470589,1.0,0.8470588235294118,Q5高,3,0,1.0,0.8352941176470589,1.0,0.9505882352941175,0.6670588235294117
20220505,300496,16.666666666666664,1.0,1.0,1.0,1.0,0.1792903091927786,0.5425399460468978,0.0319568375181573,high,L1,0.7,1.0,0.8333333333333334,1.0,0.8466666666666666,Q5高,3,0,1.0,0.8333333333333334,1.0,0.95,0.6666666666666667
20220505,300261,0.8130081300813009,1.0,1.0,0.5,0.8333333333333334,-0.0093795093795094,-0.0396825396825397,-0.1695526695526695,high,L1,0.7,0.8333333333333334,0.8265582655826558,1.0,0.7953116531165312,Q5高,3,0,0.8333333333333334,0.991869918699187,1.0,0.947560975609756,0.6983739837398374
20220505,603982,1.020408163265306,1.0,1.0,0.5,0.8333333333333334,0.2227862380146643,0.8158795013669988,0.3193543683242628,high,L1,0.7,0.8333333333333334,0.8248299319727891,1.0,0.7949659863945578,Q5高,3,0,0.8333333333333334,0.9897959183673469,1.0,0.9469387755102041,0.6979591836734693
20220901,301029,1.0869565217391304,1.0,1.0,1.0,1.0,0.1159891598915989,0.2263775971093045,0.0964769647696477,high,L1,0.7,1.0,0.9891304347826086,1.0,0.8778260869565216,Q5高,3,0,1.0,0.9891304347826086,1.0,0.9967391304347826,0.6978260869565218
20220901,688111,1.3157894736842104,1.0,1.0,1.0,1.0,0.0435968731965794,0.3954147211583863,0.5738943392266933,high,L1,0.7,1.0,0.986842105263158,1.0,0.8773684210526315,Q5高,3,0,1.0,0.9868421052631579,1.0,0.9960526315789473,0.6973684210526316
20220901,300327,1.8404907975460123,1.0,1.0,1.0,1.0,-0.1740932642487046,-0.0033678756476683,0.027720207253886,high,L1,0.7,1.0,0.98159509202454,1.0,0.8763190184049079,Q5高,3,0,1.0,0.9815950920245399,1.0,0.9944785276073618,0.696319018404908
20220901,688303,3.816793893129771,1.0,1.0,1.0,1.0,-0.137943585077343,-0.0181983621474066,-0.1252047315741583,high,L1,0.7,1.0,0.9618320610687024,1.0,0.8723664122137404,Q5高,3,0,1.0,0.9618320610687023,1.0,0.9885496183206106,0.6923664122137405
20220901,688601,4.294478527607362,1.0,1.0,1.0,1.0,-0.2710396829295204,-0.1708847290443715,-0.0502547476408301,high,L1,0.7,1.0,0.9570552147239264,1.0,0.8714110429447852,Q5高,3,0,1.0,0.9570552147239264,1.0,0.9871165644171778,0.6914110429447853
20220901,688733,4.580152671755725,1.0,1.0,1.0,1.0,-0.1387421987518002,-0.3133301328212513,-0.3467754840774524,high,L1,0.7,1.0,0.9541984732824428,1.0,0.8708396946564885,Q5高,3,0,1.0,0.9541984732824428,1.0,0.9862595419847326,0.6908396946564885
20220901,603486,4.651162790697675,1.0,1.0,1.0,1.0,-0.2123882972212021,-0.098053617333823,0.1306157424409351,high,L1,0.7,1.0,0.9534883720930232,1.0,0.8706976744186046,Q5高,3,0,1.0,0.9534883720930233,1.0,0.9860465116279069,0.6906976744186046
20220901,000993,4.705882352941177,1.0,1.0,1.0,1.0,-0.1544920235096557,-0.070528967254408,-0.1133501259445843,high,L1,0.7,1.0,0.9529411764705882,1.0,0.8705882352941176,Q5高,3,0,1.0,0.9529411764705882,1.0,0.9858823529411764,0.6905882352941177
20220901,600714,5.263157894736842,1.0,1.0,1.0,1.0,-0.1208372978116081,-0.0519880264784541,-0.0154149757233081,high,L1,0.7,1.0,0.9473684210526316,1.0,0.8694736842105263,Q5高,3,0,1.0,0.9473684210526316,1.0,0.9842105263157894,0.6894736842105263
20220901,002646,5.555555555555555,1.0,1.0,1.0,1.0,-0.1287688442211055,-0.0785175879396985,0.0628140703517587,high,L1,0.7,1.0,0.9444444444444444,1.0,0.8688888888888888,Q5高,3,0,1.0,0.9444444444444444,1.0,0.9833333333333332,0.6888888888888889
20220901,600283,6.0606060606060606,1.0,1.0,1.0,1.0,-0.1133786848072562,-0.0052910052910052,-0.0030234315948601,high,L1,0.7,1.0,0.9393939393939394,1.0,0.8678787878787878,Q5高,3,0,1.0,0.9393939393939394,1.0,0.9818181818181817,0.687878787878788
20220901,002396,7.6923076923076925,1.0,1.0,1.0,1.0,-0.1129032258064516,0.0493951612903225,0.1910282258064517,high,L1,0.7,1.0,0.9230769230769232,1.0,0.8646153846153846,Q5高,3,0,1.0,0.9230769230769231,1.0,0.9769230769230768,0.6846153846153846
20220901,605577,8.928571428571429,1.0,1.0,1.0,1.0,-0.1985428051001821,0.0127504553734061,-0.0382513661202186,high,L1,0.7,1.0,0.9107142857142856,1.0,0.8621428571428571,Q5高,3,0,1.0,0.9107142857142857,1.0,0.9732142857142856,0.6821428571428572
20220901,300573,9.090909090909092,1.0,1.0,1.0,1.0,-0.0079355034511764,0.2574852609763598,0.3901956431901277,high,L1,0.7,1.0,0.9090909090909092,1.0,0.8618181818181817,Q5高,3,0,1.0,0.9090909090909091,1.0,0.9727272727272727,0.6818181818181819
20220901,002432,9.523809523809524,1.0,1.0,1.0,1.0,-0.2071137458317895,0.0778065950351982,-0.0885513153019637,high,L1,0.7,1.0,0.9047619047619048,1.0,0.8609523809523809,Q5高,3,0,1.0,0.9047619047619048,1.0,0.9714285714285713,0.680952380952381
20220901,300373,12.883435582822086,1.0,1.0,1.0,1.0,-0.1880565741225773,-0.0103020778767243,-0.0392875851231011,high,L1,0.7,1.0,0.8711656441717791,1.0,0.8542331288343558,Q5高,3,0,1.0,0.8711656441717791,1.0,0.9613496932515337,0.6742331288343558
20220901,000733,14.000000000000002,1.0,1.0,1.0,1.0,-0.0233612273361227,0.0062761506276149,-0.0999825662482566,high,L1,0.7,1.0,0.86,1.0,0.852,Q5高,3,0,1.0,0.86,1.0,0.958,0.6719999999999999
20220901,688536,14.11042944785276,1.0,1.0,1.0,1.0,-0.2836273246059384,0.0216510643377021,-0.1785720085727017,high,L1,0.7,1.0,0.8588957055214724,1.0,0.8517791411042944,Q5高,3,0,1.0,0.8588957055214724,1.0,0.9576687116564417,0.6717791411042945
20220901,300306,14.130434782608695,1.0,1.0,1.0,1.0,-0.1467980295566502,0.0137931034482758,0.1221674876847291,high,L1,0.7,1.0,0.8586956521739131,1.0,0.8517391304347826,Q5高,3,0,1.0,0.8586956521739131,1.0,0.9576086956521739,0.6717391304347826
20220901,600779,15.27777777777778,1.0,1.0,1.0,1.0,-0.1965893587994543,-0.1091405184174625,0.1347885402455662,high,L1,0.7,1.0,0.8472222222222222,1.0,0.8494444444444443,Q5高,3,0,1.0,0.8472222222222222,1.0,0.9541666666666666,0.6694444444444445
20220901,688018,15.950920245398772,1.0,1.0,1.0,1.0,-0.2336170212765957,0.0988297872340426,0.1595744680851063,high,L1,0.7,1.0,0.8404907975460123,1.0,0.8480981595092024,Q5高,3,0,1.0,0.8404907975460123,1.0,0.9521472392638035,0.6680981595092025
20220901,300661,16.56441717791411,1.0,1.0,1.0,1.0,-0.1272284211876362,0.1442221367192511,-0.0008977811978967,high,L1,0.7,1.0,0.834355828220859,1.0,0.8468711656441718,Q5高,3,0,1.0,0.834355828220859,1.0,0.9503067484662575,0.6668711656441718
20220901,600648,16.666666666666664,1.0,1.0,1.0,1.0,-0.0338842975206612,0.0355371900826446,0.028099173553719,high,L1,0.7,1.0,0.8333333333333334,1.0,0.8466666666666666,Q5高,3,0,1.0,0.8333333333333334,1.0,0.95,0.6666666666666667
20220901,002821,17.142857142857142,1.0,1.0,1.0,1.0,-0.2357327383748237,-0.1928135274776891,-0.1559417566932833,high,L1,0.7,1.0,0.8285714285714285,1.0,0.8457142857142856,Q5高,3,0,1.0,0.8285714285714285,1.0,0.9485714285714284,0.6657142857142857
20220901,300223,17.791411042944784,1.0,1.0,1.0,1.0,-0.1793120576182788,-0.02396622376754,-0.0504159940394883,high,L1,0.7,1.0,0.8220858895705522,1.0,0.8444171779141104,Q5高,3,0,1.0,0.8220858895705522,1.0,0.9466257668711655,0.6644171779141104
20230103,688019,1.4184397163120568,1.0,1.0,1.0,1.0,0.0851145667344357,0.214242540798945,0.1728010535026796,high,L1,0.7,1.0,0.9858156028368794,1.0,0.8771631205673759,Q5高,3,0,1.0,0.9858156028368794,1.0,0.9957446808510637,0.6971631205673758
20230103,688037,2.127659574468085,1.0,1.0,1.0,1.0,0.1705445698958267,0.5080780986838,0.544784833344665,high,L1,0.7,1.0,0.9787234042553192,1.0,0.8757446808510637,Q5高,3,0,1.0,0.9787234042553191,1.0,0.9936170212765956,0.6957446808510639
20230103,601928,2.272727272727273,1.0,1.0,1.0,1.0,0.0164141414141414,0.4141414141414141,0.4343434343434342,high,L1,0.7,1.0,0.9772727272727272,1.0,0.8754545454545454,Q5高,3,0,1.0,0.9772727272727273,1.0,0.9931818181818182,0.6954545454545455
20230103,600809,2.7777777777777777,1.0,1.0,1.0,1.0,0.0547056264501162,-0.0290748259860789,-0.2770376129994114,high,L1,0.7,1.0,0.9722222222222222,1.0,0.8744444444444444,Q5高,3,0,1.0,0.9722222222222222,1.0,0.9916666666666665,0.6944444444444444
20230103,688499,5.681818181818182,1.0,1.0,1.0,1.0,0.09375,-0.1785539215686273,-0.4465604873571457,high,L1,0.7,1.0,0.9431818181818182,1.0,0.8686363636363635,Q5高,3,0,1.0,0.9431818181818182,1.0,0.9829545454545454,0.6886363636363637
20230103,600862,8.695652173913043,1.0,1.0,1.0,1.0,0.091261300043048,-0.0365906155832974,0.1271561315098088,high,L1,0.7,1.0,0.9130434782608696,1.0,0.8626086956521739,Q5高,3,0,1.0,0.9130434782608696,1.0,0.9739130434782608,0.682608695652174
20230103,002835,13.513513513513514,1.0,1.0,1.0,1.0,0.5088207985143918,0.4726090993500462,1.098051956627137,high,L1,0.7,1.0,0.8648648648648649,1.0,0.8529729729729729,Q5高,3,0,1.0,0.8648648648648649,1.0,0.9594594594594594,0.672972972972973
20230103,000869,13.88888888888889,1.0,1.0,1.0,1.0,0.0156875834445928,0.0657543391188251,0.0570775659438529,high,L1,0.7,1.0,0.8611111111111112,1.0,0.8522222222222222,Q5高,3,0,1.0,0.8611111111111112,1.0,0.9583333333333333,0.6722222222222223
20230103,002049,15.602836879432624,1.0,1.0,1.0,1.0,-0.0496163301795425,-0.1344706846457574,-0.3033599046412873,high,L1,0.7,1.0,0.8439716312056738,1.0,0.8487943262411347,Q5高,3,0,1.0,0.8439716312056738,1.0,0.953191489361702,0.6687943262411348
20230103,002241,0.7092198581560284,1.0,1.0,0.5,0.8333333333333334,0.1883974727168293,0.2533026995979321,0.0736475598018919,high,L1,0.7,0.8333333333333334,0.8274231678486997,1.0,0.79548463356974,Q5高,3,0,0.8333333333333334,0.9929078014184397,1.0,0.9478723404255318,0.698581560283688
20230103,688733,1.1363636363636365,1.0,0.5,1.0,0.8333333333333334,0.1019881229021431,0.0049057578104829,-0.1966828727962284,high,L1,0.7,0.8333333333333334,0.8238636363636364,1.0,0.7947727272727273,Q5高,3,0,0.8333333333333334,0.9886363636363636,1.0,0.946590909090909,0.6977272727272728
20230103,688668,18.6046511627907,1.0,1.0,1.0,1.0,-0.0421567129983198,0.0059569268367192,0.446969345093112,high,L1,0.7,1.0,0.813953488372093,1.0,0.8427906976744185,Q5高,3,0,1.0,0.813953488372093,1.0,0.9441860465116279,0.6627906976744187
20230103,688385,19.148936170212767,1.0,1.0,1.0,1.0,-0.0756068444090727,-0.1261440509351373,-0.2757660167130918,high,L1,0.7,1.0,0.8085106382978723,1.0,0.8417021276595744,Q5高,3,0,1.0,0.8085106382978723,1.0,0.9425531914893617,0.6617021276595745
20230103,002920,2.702702702702702,1.0,1.0,0.5,0.8333333333333334,0.1989978525411597,-0.0089477451682176,0.4111592162077881,high,L1,0.7,0.8333333333333334,0.8108108108108109,1.0,0.7921621621621622,Q5高,3,0,0.8333333333333334,0.972972972972973,1.0,0.9418918918918919,0.6945945945945946
20230103,688196,2.941176470588235,1.0,1.0,0.5,0.8333333333333334,0.0453664836938974,-0.0479496286729093,-0.2244731615408721,high,L1,0.7,0.8333333333333334,0.8088235294117647,1.0,0.7917647058823529,Q5高,3,0,0.8333333333333334,0.9705882352941176,1.0,0.9411764705882353,0.6941176470588235
20230103,689009,3.296703296703297,1.0,1.0,0.5,0.8333333333333334,0.1231221423905943,0.219790986283475,0.1894186806009143,high,L1,0.7,0.8333333333333334,0.8058608058608059,1.0,0.7911721611721612,Q5高,3,0,0.8333333333333334,0.967032967032967,1.0,0.9401098901098901,0.6934065934065934
20230103,300481,3.546099290780142,1.0,1.0,0.5,0.8333333333333334,0.164319248826291,-0.0220296135789093,-0.2442366565719068,high,L1,0.7,0.8333333333333334,0.8037825059101654,1.0,0.7907565011820331,Q5高,3,0,0.8333333333333334,0.9645390070921985,1.0,0.9393617021276595,0.6929078014184398
20230103,603568,4.545454545454546,1.0,0.5,1.0,0.8333333333333334,0.0801526717557252,0.0174482006543075,-0.0414394765539803,high,L1,0.7,0.8333333333333334,0.7954545454545455,1.0,0.7890909090909092,Q5高,3,0,0.8333333333333334,0.9545454545454546,1.0,0.9363636363636363,0.6909090909090909
20230103,002906,5.4945054945054945,1.0,1.0,0.5,0.8333333333333334,0.1657925407925409,-0.0276806526806526,0.0259954426858137,high,L1,0.7,0.8333333333333334,0.7875457875457875,1.0,0.7875091575091575,Q5高,3,0,0.8333333333333334,0.945054945054945,1.0,0.9335164835164835,0.689010989010989
20230103,688800,5.673758865248227,1.0,1.0,0.5,0.8333333333333334,0.0578703703703704,-0.2155555555555555,-0.2022724296812931,high,L1,0.7,0.8333333333333334,0.7860520094562649,1.0,0.787210401891253,Q5高,3,0,0.8333333333333334,0.9432624113475178,1.0,0.9329787234042553,0.6886524822695035
20230103,603080,22.36842105263158,1.0,1.0,1.0,1.0,0.0567375886524823,0.0021276595744681,0.0185347489081242,high,L1,0.7,1.0,0.7763157894736842,1.0,0.8352631578947368,Q5高,3,0,1.0,0.7763157894736842,1.0,0.9328947368421052,0.6552631578947368
20230103,688075,22.61306532663317,1.0,1.0,1.0,1.0,0.0581911661603178,-0.0753680766534237,-0.2425874204255532,high,L1,0.7,1.0,0.7738693467336684,1.0,0.8347738693467336,Q5高,3,0,1.0,0.7738693467336684,1.0,0.9321608040201004,0.6547738693467338
20230103,300595,6.030150753768844,1.0,0.5,1.0,0.8333333333333334,0.0905159988469299,-0.060247910060536,-0.1080133796414903,high,L1,0.7,0.8333333333333334,0.7830820770519263,1.0,0.7866164154103853,Q5高,3,0,0.8333333333333334,0.9396984924623115,1.0,0.9319095477386934,0.6879396984924624
20230103,603987,7.537688442211055,1.0,1.0,0.5,0.8333333333333334,0.0711768851303735,0.0965468639887243,-0.0580548215387602,high,L1,0.7,0.8333333333333334,0.7705192629815746,1.0,0.784103852596315,Q5高,3,0,0.8333333333333334,0.9246231155778895,1.0,0.9273869346733667,0.6849246231155779
20230103,002267,7.894736842105263,1.0,1.0,0.5,0.8333333333333334,0.0110650069156292,0.0193637621023514,0.0995850622406639,high,L1,0.7,0.8333333333333334,0.7675438596491229,1.0,0.7835087719298246,Q5高,3,0,0.8333333333333334,0.9210526315789473,1.0,0.9263157894736842,0.6842105263157895
20230504,002821,4.225352112676056,1.0,1.0,1.0,1.0,0.071867612293144,0.0056912967420474,0.1689492367966829,high,L1,0.7,1.0,0.9577464788732396,1.0,0.8715492957746479,Q5高,3,0,1.0,0.9577464788732395,1.0,0.9873239436619718,0.6915492957746479
20230504,688075,8.450704225352112,1.0,1.0,1.0,1.0,-0.0075416968817983,-0.1027384355446507,-0.0841638537183711,high,L1,0.7,1.0,0.9154929577464788,1.0,0.8630985915492957,Q5高,3,0,1.0,0.9154929577464789,1.0,0.9746478873239435,0.6830985915492958
20230504,688536,15.24390243902439,1.0,1.0,1.0,1.0,-0.0132756482710389,0.0364148806105844,-0.3050716498926095,high,L1,0.7,1.0,0.8475609756097561,1.0,0.8495121951219512,Q5高,3,0,1.0,0.8475609756097561,1.0,0.9542682926829267,0.6695121951219511
20230504,688385,17.073170731707318,1.0,1.0,1.0,1.0,0.0503731343283582,0.0554439253793712,-0.1229567664724925,high,L1,0.7,1.0,0.8292682926829268,1.0,0.8458536585365853,Q5高,3,0,1.0,0.8292682926829268,1.0,0.948780487804878,0.6658536585365853
20230504,688800,1.829268292682927,1.0,1.0,0.5,0.8333333333333334,0.0281473146304134,-0.0221350564181149,-0.2373514305557846,high,L1,0.7,0.8333333333333334,0.818089430894309,1.0,0.7936178861788618,Q5高,3,0,0.8333333333333334,0.9817073170731707,1.0,0.9445121951219511,0.6963414634146341
20230504,002432,19.248826291079812,1.0,1.0,1.0,1.0,-0.0774315391879131,-0.1115351198705272,-0.0987243455175154,high,L1,0.7,1.0,0.8075117370892019,1.0,0.8415023474178404,Q5高,3,0,1.0,0.8075117370892019,1.0,0.9422535211267604,0.6615023474178403
20230504,688308,2.5974025974025974,1.0,0.5,1.0,0.8333333333333334,-0.031015037593985,0.1005489533137251,-0.0934930999709422,high,L1,0.7,0.8333333333333334,0.8116883116883117,1.0,0.7923376623376623,Q5高,3,0,0.8333333333333334,0.974025974025974,1.0,0.942207792207792,0.6948051948051948
20230504,000799,2.702702702702702,0.5,1.0,1.0,0.8333333333333334,-0.1158878504672896,-0.0363551401869157,-0.2740033231647998,high,L1,0.7,0.8333333333333334,0.8108108108108109,1.0,0.7921621621621622,Q5高,3,0,0.8333333333333334,0.972972972972973,1.0,0.9418918918918919,0.6945945945945946
20230504,002729,3.658536585365854,1.0,0.5,1.0,0.8333333333333334,0.1220043572984748,0.0849673202614378,0.0784313725490195,high,L1,0.7,0.8333333333333334,0.8028455284552846,1.0,0.790569105691057,Q5高,3,0,0.8333333333333334,0.9634146341463414,1.0,0.9390243902439024,0.6926829268292682
20230504,300900,20.689655172413794,1.0,1.0,1.0,1.0,0.0230632487613207,-0.0233243161842863,-0.1088513890527496,high,L1,0.7,1.0,0.7931034482758621,1.0,0.8386206896551723,Q5高,3,0,1.0,0.7931034482758621,1.0,0.9379310344827585,0.6586206896551725
20230504,300565,4.25531914893617,1.0,1.0,0.5,0.8333333333333334,0.0173652694610777,0.010179640718563,-0.1113772455089819,high,L1,0.7,0.8333333333333334,0.797872340425532,1.0,0.7895744680851065,Q5高,3,0,0.8333333333333334,0.9574468085106383,1.0,0.9372340425531915,0.6914893617021276
20230504,688046,4.694835680751173,1.0,0.5,1.0,0.8333333333333334,-0.0129464285714284,-0.1330245080141219,-0.2260745092179727,high,L1,0.7,0.8333333333333334,0.7942097026604069,1.0,0.7888419405320813,Q5高,3,0,0.8333333333333334,0.9530516431924883,1.0,0.9359154929577465,0.6906103286384977
20230504,002326,5.9259259259259265,1.0,0.5,1.0,0.8333333333333334,-0.0414213214932503,-0.1000373123346144,-0.2462812490802395,high,L1,0.7,0.8333333333333334,0.7839506172839507,1.0,0.7867901234567901,Q5高,3,0,0.8333333333333334,0.9407407407407408,1.0,0.9322222222222221,0.6881481481481482
20230504,301031,6.097560975609756,1.0,0.5,1.0,0.8333333333333334,-0.0606938679614692,0.0108403004210395,-0.0493381299153103,high,L1,0.7,0.8333333333333334,0.782520325203252,1.0,0.7865040650406504,Q5高,3,0,0.8333333333333334,0.9390243902439024,1.0,0.9317073170731707,0.6878048780487804
20230504,603127,6.103286384976526,1.0,0.5,1.0,0.8333333333333334,-0.066519735523943,-0.2157826714101397,-0.2517897577192187,high,L1,0.7,0.8333333333333334,0.782472613458529,1.0,0.7864945226917058,Q5高,3,0,0.8333333333333334,0.9389671361502347,1.0,0.9316901408450704,0.687793427230047
20230504,600313,6.666666666666667,1.0,1.0,0.5,0.8333333333333334,-0.0088790233074361,0.0710321864594896,-0.1320754716981131,high,L1,0.7,0.8333333333333334,0.7777777777777778,1.0,0.7855555555555556,Q5高,3,0,0.8333333333333334,0.9333333333333333,1.0,0.9299999999999999,0.6866666666666668
20230504,300679,6.707317073170732,1.0,0.5,1.0,0.8333333333333334,0.1400949796472186,0.2791643445983065,0.4193607567662809,high,L1,0.7,0.8333333333333334,0.7774390243902439,1.0,0.7854878048780488,Q5高,3,0,0.8333333333333334,0.9329268292682926,1.0,0.9298780487804876,0.6865853658536585
20230504,601222,7.59493670886076,1.0,0.5,1.0,0.8333333333333334,-0.0251256281407034,0.0083750501946318,-0.1485404550652472,high,L1,0.7,0.8333333333333334,0.770042194092827,1.0,0.7840084388185654,Q5高,3,0,0.8333333333333334,0.9240506329113924,1.0,0.9272151898734176,0.6848101265822786
20230504,301162,7.84313725490196,1.0,0.5,1.0,0.8333333333333334,0.1777996070726915,0.179068074481733,-0.0045615332466142,high,L1,0.7,0.8333333333333334,0.7679738562091504,1.0,0.7835947712418301,Q5高,3,0,0.8333333333333334,0.9215686274509804,1.0,0.9264705882352942,0.6843137254901961
20230504,300142,8.92018779342723,1.0,0.5,1.0,0.8333333333333334,-0.0854356256444976,-0.1168846958290044,-0.266506029737112,high,L1,0.7,0.8333333333333334,0.7589984350547732,1.0,0.7817996870109546,Q5高,3,0,0.8333333333333334,0.9107981220657277,1.0,0.9232394366197183,0.6821596244131456
20230504,603105,12.658227848101266,1.0,0.5,1.0,0.8333333333333334,0.0,0.0505731625084289,-0.1706001348617666,high,L1,0.7,0.8333333333333334,0.7278481012658228,1.0,0.7755696202531646,Q5高,3,0,0.8333333333333334,0.8734177215189873,1.0,0.9120253164556962,0.6746835443037975
20230504,301201,12.676056338028168,1.0,0.5,1.0,0.8333333333333334,-0.0464908359409924,-0.0663337746525188,0.0114717441264378,high,L1,0.7,0.8333333333333334,0.7276995305164319,1.0,0.7755399061032864,Q5高,3,0,0.8333333333333334,0.8732394366197183,1.0,0.9119718309859155,0.6746478873239437
20230504,300357,13.615023474178404,1.0,0.5,1.0,0.8333333333333334,-0.1833224472022643,-0.1684422648139917,-0.3712398583831895,high,L1,0.7,0.8333333333333334,0.7198748043818467,1.0,0.7739749608763694,Q5高,3,0,0.8333333333333334,0.863849765258216,1.0,0.9091549295774648,0.6727699530516432
20230504,002053,13.924050632911392,1.0,1.0,0.5,0.8333333333333334,-0.0403587443946187,0.0407840726375681,-0.1051960310570517,high,L1,0.7,0.8333333333333334,0.7172995780590717,1.0,0.7734599156118144,Q5高,3,0,0.8333333333333334,0.8607594936708861,1.0,0.9082278481012658,0.6721518987341772
20230504,002455,14.074074074074074,1.0,1.0,0.5,0.8333333333333334,-0.0112927395861025,-0.0062159372219747,-0.0937907780031799,high,L1,0.7,0.8333333333333334,0.7160493827160495,1.0,0.7732098765432099,Q5高,3,0,0.8333333333333334,0.8592592592592593,1.0,0.9077777777777778,0.6718518518518519
20230901,605117,3.289473684210526,1.0,1.0,1.0,1.0,-0.1628771316134674,-0.3232400524704854,-0.0582641014429383,high,L1,0.7,1.0,0.9671052631578948,1.0,0.8734210526315789,Q5高,3,0,1.0,0.9671052631578947,1.0,0.9901315789473684,0.6934210526315789
20230901,300533,5.714285714285714,1.0,1.0,1.0,1.0,-0.0991271820448878,0.0344978417781136,-0.1004088607034574,high,L1,0.7,1.0,0.9428571428571428,1.0,0.8685714285714285,Q5高,3,0,1.0,0.9428571428571428,1.0,0.9828571428571429,0.6885714285714286
20230901,002518,9.210526315789473,1.0,1.0,1.0,1.0,-0.0669291338582677,-0.1630577427821522,-0.2076771653543307,high,L1,0.7,1.0,0.9078947368421052,1.0,0.861578947368421,Q5高,3,0,1.0,0.9078947368421053,1.0,0.9723684210526315,0.6815789473684211
20230901,300820,13.157894736842104,1.0,1.0,1.0,1.0,-0.0947267190254848,-0.0315755730084948,-0.2292033979804455,high,L1,0.7,1.0,0.868421052631579,1.0,0.8536842105263157,Q5高,3,0,1.0,0.868421052631579,1.0,0.9605263157894737,0.6736842105263159
20230901,601298,13.953488372093023,1.0,1.0,1.0,1.0,0.009493670886076,-0.0205696202531645,0.1281645569620253,high,L1,0.7,1.0,0.8604651162790697,1.0,0.8520930232558139,Q5高,3,0,1.0,0.8604651162790697,1.0,0.958139534883721,0.672093023255814
20230901,300693,15.789473684210526,1.0,1.0,1.0,1.0,-0.0553459119496855,-0.1267295597484276,-0.0314465408805031,high,L1,0.7,1.0,0.8421052631578947,1.0,0.8484210526315789,Q5高,3,0,1.0,0.8421052631578947,1.0,0.9526315789473683,0.668421052631579
20230901,000155,16.666666666666664,1.0,1.0,1.0,1.0,-0.0738413197172034,-0.0848389630793401,-0.1068342498036134,high,L1,0.7,1.0,0.8333333333333334,1.0,0.8466666666666666,Q5高,3,0,1.0,0.8333333333333334,1.0,0.95,0.6666666666666667
20230901,300624,0.9523809523809524,0.5,1.0,1.0,0.8333333333333334,0.0367291924070538,0.0608783556104683,0.1807255981129956,high,L1,0.7,0.8333333333333334,0.8253968253968255,1.0,0.7950793650793652,Q5高,3,0,0.8333333333333334,0.9904761904761905,1.0,0.9471428571428571,0.6980952380952381
20230901,301268,1.4492753623188406,1.0,1.0,0.5,0.8333333333333334,-0.0875630843127187,0.0080223395364835,-0.1754074351037112,high,L1,0.7,0.8333333333333334,0.8212560386473431,1.0,0.7942512077294687,Q5高,3,0,0.8333333333333334,0.9855072463768116,1.0,0.9456521739130435,0.6971014492753623
20230901,002965,1.5151515151515151,1.0,1.0,0.5,0.8333333333333334,0.0653164556962024,0.0901265822784811,-0.1050632911392406,high,L1,0.7,0.8333333333333334,0.8207070707070707,1.0,0.7941414141414141,Q5高,3,0,0.8333333333333334,0.9848484848484849,1.0,0.9454545454545453,0.696969696969697
20230901,603083,1.6666666666666667,1.0,1.0,0.5,0.8333333333333334,0.1164529914529914,-0.1175213675213675,0.0294871794871793,high,L1,0.7,0.8333333333333334,0.8194444444444444,1.0,0.7938888888888889,Q5高,3,0,0.8333333333333334,0.9833333333333333,1.0,0.9449999999999998,0.6966666666666667
20230901,301101,1.8867924528301887,0.5,1.0,1.0,0.8333333333333334,0.0140032948929158,0.0757825370675451,-0.1603514552443713,high,L1,0.7,0.8333333333333334,0.8176100628930818,1.0,0.7935220125786163,Q5高,3,0,0.8333333333333334,0.9811320754716981,1.0,0.9443396226415093,0.6962264150943396
20230901,603529,2.272727272727273,1.0,1.0,0.5,0.8333333333333334,0.0301837222715621,0.0117559432698006,0.1418135373783879,high,L1,0.7,0.8333333333333334,0.8143939393939394,1.0,0.7928787878787878,Q5高,3,0,0.8333333333333334,0.9772727272727273,1.0,0.9431818181818181,0.6954545454545455
20230901,002045,2.403846153846154,1.0,1.0,0.5,0.8333333333333334,0.055933484504913,0.183673469387755,0.0075585789871503,high,L1,0.7,0.8333333333333334,0.813301282051282,1.0,0.7926602564102564,Q5高,3,0,0.8333333333333334,0.9759615384615384,1.0,0.9427884615384614,0.6951923076923077
20230901,688517,2.631578947368421,1.0,1.0,0.5,0.8333333333333334,-0.0494699646643108,-0.0954063604240281,-0.2638398115429917,high,L1,0.7,0.8333333333333334,0.8114035087719299,1.0,0.792280701754386,Q5高,3,0,0.8333333333333334,0.9736842105263158,1.0,0.9421052631578948,0.6947368421052631
20230901,002410,2.857142857142857,1.0,0.5,1.0,0.8333333333333334,-0.0434077079107504,-0.1983772819472616,-0.4328600405679513,high,L1,0.7,0.8333333333333334,0.8095238095238095,1.0,0.7919047619047619,Q5高,3,0,0.8333333333333334,0.9714285714285714,1.0,0.9414285714285713,0.6942857142857143
20230901,000913,3.0303030303030303,1.0,1.0,0.5,0.8333333333333334,-0.0159059474412172,-0.0733056708160443,-0.1708160442600276,high,L1,0.7,0.8333333333333334,0.8080808080808082,1.0,0.7916161616161617,Q5高,3,0,0.8333333333333334,0.9696969696969697,1.0,0.9409090909090909,0.693939393939394
20230901,688072,19.71153846153846,1.0,1.0,1.0,1.0,-0.0538546740152381,0.0314240033754573,-0.1608530145499992,high,L1,0.7,1.0,0.8028846153846154,1.0,0.840576923076923,Q5高,3,0,1.0,0.8028846153846154,1.0,0.9408653846153845,0.6605769230769232
20230901,688037,3.3653846153846154,0.5,1.0,1.0,0.8333333333333334,-0.1138513513513513,0.0319594594594594,-0.2121621621621622,high,L1,0.7,0.8333333333333334,0.8052884615384616,1.0,0.7910576923076923,Q5高,3,0,0.8333333333333334,0.9663461538461539,1.0,0.939903846153846,0.6932692307692307
20230901,603309,3.508771929824561,1.0,1.0,0.5,0.8333333333333334,0.0063593004769475,0.2098569157392686,-0.0930047694753577,high,L1,0.7,0.8333333333333334,0.804093567251462,1.0,0.7908187134502924,Q5高,3,0,0.8333333333333334,0.9649122807017544,1.0,0.9394736842105262,0.6929824561403508
20230901,688337,20.28985507246377,1.0,1.0,1.0,1.0,-0.0412228796844181,-0.0424063116370809,-0.2564102564102565,high,L1,0.7,1.0,0.7971014492753623,1.0,0.8394202898550724,Q5高,3,0,1.0,0.7971014492753623,1.0,0.9391304347826086,0.6594202898550725
20230901,300389,5.769230769230769,1.0,1.0,0.5,0.8333333333333334,0.0568690095846644,-0.0115015974440895,0.1297124600638977,high,L1,0.7,0.8333333333333334,0.7852564102564102,1.0,0.787051282051282,Q5高,3,0,0.8333333333333334,0.9423076923076923,1.0,0.9326923076923077,0.6884615384615385
20230901,688063,5.921052631578947,0.5,1.0,1.0,0.8333333333333334,-0.0573164482834346,-0.2592050362345363,-0.3706170851328599,high,L1,0.7,0.8333333333333334,0.7839912280701754,1.0,0.7867982456140351,Q5高,3,0,0.8333333333333334,0.9407894736842105,1.0,0.9322368421052631,0.6881578947368421
20230901,600686,6.0606060606060606,1.0,1.0,0.5,0.8333333333333334,0.005641748942172,0.2397743300423132,-0.0550070521861777,high,L1,0.7,0.8333333333333334,0.7828282828282829,1.0,0.7865656565656566,Q5高,3,0,0.8333333333333334,0.9393939393939394,1.0,0.9318181818181817,0.687878787878788
20230901,300316,23.026315789473685,1.0,1.0,1.0,1.0,-0.1360215053763441,-0.2336917562724014,-0.3383512544802868,high,L1,0.7,1.0,0.7697368421052632,1.0,0.8339473684210525,Q5高,3,0,1.0,0.7697368421052632,1.0,0.930921052631579,0.6539473684210526
20240102,603688,2.857142857142857,1.0,1.0,1.0,1.0,-0.1704952095117164,0.0751471776520835,-0.4357697876238378,high,L1,0.7,1.0,0.9714285714285714,1.0,0.8742857142857142,Q5高,3,0,1.0,0.9714285714285714,1.0,0.9914285714285713,0.6942857142857143
20240102,002038,4.522613065326634,1.0,1.0,1.0,1.0,-0.1701701701701702,-0.0960960960960961,-0.2542542542542543,high,L1,0.7,1.0,0.9547738693467336,1.0,0.8709547738693467,Q5高,3,0,1.0,0.9547738693467337,1.0,0.9864321608040201,0.6909547738693467
20240102,688410,5.527638190954774,1.0,1.0,1.0,1.0,-0.1521284019539428,-0.0638520586182832,-0.2704117236566643,high,L1,0.7,1.0,0.9447236180904522,1.0,0.8689447236180904,Q5高,3,0,1.0,0.9447236180904522,1.0,0.9834170854271356,0.6889447236180904
20240102,601900,5.555555555555555,1.0,1.0,1.0,1.0,-0.1450498848810438,0.2217958557175747,-0.0107747563177229,high,L1,0.7,1.0,0.9444444444444444,1.0,0.8688888888888888,Q5高,3,0,1.0,0.9444444444444444,1.0,0.9833333333333332,0.6888888888888889
20240102,000415,10.638297872340424,1.0,1.0,1.0,1.0,-0.0613207547169811,0.1226415094339621,0.2075471698113207,high,L1,0.7,1.0,0.8936170212765957,1.0,0.8587234042553191,Q5高,3,0,1.0,0.8936170212765957,1.0,0.9680851063829787,0.6787234042553192
20240102,688556,13.79310344827586,1.0,1.0,1.0,1.0,-0.2897442657527024,-0.1608225678882151,-0.4875421865906817,high,L1,0.7,1.0,0.8620689655172414,1.0,0.8524137931034482,Q5高,3,0,1.0,0.8620689655172414,1.0,0.9586206896551723,0.6724137931034483
20240102,688147,14.6551724137931,1.0,1.0,1.0,1.0,-0.1308928101132472,-0.0345009217803528,-0.3576507769291546,high,L1,0.7,1.0,0.853448275862069,1.0,0.8506896551724138,Q5高,3,0,1.0,0.853448275862069,1.0,0.9560344827586207,0.6706896551724137
20240102,603619,15.384615384615383,1.0,1.0,1.0,1.0,-0.0546999468932555,0.3483802442910249,0.3049408081752776,high,L1,0.7,1.0,0.8461538461538461,1.0,0.8492307692307691,Q5高,3,0,1.0,0.8461538461538461,1.0,0.9538461538461538,0.6692307692307693
20240102,300866,16.666666666666664,1.0,1.0,1.0,1.0,-0.1877286135693215,-0.0412979351032448,0.1141054886377188,high,L1,0.7,1.0,0.8333333333333334,1.0,0.8466666666666666,Q5高,3,0,1.0,0.8333333333333334,1.0,0.95,0.6666666666666667
20240102,603693,17.105263157894736,1.0,1.0,1.0,1.0,-0.1452612931798051,-0.0761736049601417,0.0719708963916374,high,L1,0.7,1.0,0.8289473684210527,1.0,0.8457894736842105,Q5高,3,0,1.0,0.8289473684210527,1.0,0.9486842105263158,0.6657894736842105
20240102,002049,1.0752688172043012,1.0,0.5,1.0,0.8333333333333334,-0.1981531940660006,-0.0105964274901605,-0.1946397824242474,high,L1,0.7,0.8333333333333334,0.8243727598566308,1.0,0.7948745519713262,Q5高,3,0,0.8333333333333334,0.989247311827957,1.0,0.9467741935483871,0.6978494623655914
20240102,603767,1.574803149606299,1.0,1.0,0.5,0.8333333333333334,0.039380245319561,-0.012265978050355,-0.206084676281306,high,L1,0.7,0.8333333333333334,0.8202099737532809,1.0,0.7940419947506562,Q5高,3,0,0.8333333333333334,0.984251968503937,1.0,0.9452755905511809,0.6968503937007875
20240102,002821,2.0100502512562812,1.0,1.0,0.5,0.8333333333333334,-0.188550983899821,-0.2218246869409659,-0.4012918452361761,high,L1,0.7,0.8333333333333334,0.8165829145728644,1.0,0.7933165829145729,Q5高,3,0,0.8333333333333334,0.9798994974874372,1.0,0.9439698492462312,0.6959798994974875
20240102,301039,3.149606299212598,1.0,1.0,0.5,0.8333333333333334,-0.0796555435952637,0.0688912809472552,-0.0592034445640472,high,L1,0.7,0.8333333333333334,0.8070866141732285,1.0,0.7914173228346457,Q5高,3,0,0.8333333333333334,0.9685039370078741,1.0,0.9405511811023621,0.6937007874015748
20240102,300360,19.82758620689655,1.0,1.0,1.0,1.0,0.0715328467153284,0.2080291970802918,0.2748242148591069,high,L1,0.7,1.0,0.8017241379310345,1.0,0.8403448275862069,Q5高,3,0,1.0,0.8017241379310345,1.0,0.9405172413793104,0.6603448275862069
20240102,300457,3.4482758620689653,1.0,1.0,0.5,0.8333333333333334,-0.2156436719174362,-0.1797935904399783,-0.0559478544269418,high,L1,0.7,0.8333333333333334,0.8045977011494253,1.0,0.7909195402298851,Q5高,3,0,0.8333333333333334,0.9655172413793104,1.0,0.9396551724137931,0.693103448275862
20240102,300332,3.9473684210526314,1.0,1.0,0.5,0.8333333333333334,-0.1590909090909091,-0.1691919191919192,-0.3027275795271378,high,L1,0.7,0.8333333333333334,0.8004385964912281,1.0,0.7900877192982456,Q5高,3,0,0.8333333333333334,0.9605263157894737,1.0,0.9381578947368421,0.6921052631578948
20240102,603083,4.081632653061225,1.0,1.0,0.5,0.8333333333333334,0.0230377712295741,0.1194749531208143,-0.1165282614519153,high,L1,0.7,0.8333333333333334,0.7993197278911565,1.0,0.7898639455782314,Q5高,3,0,0.8333333333333334,0.9591836734693877,1.0,0.9377551020408161,0.6918367346938776
20240102,300223,4.301075268817205,1.0,0.5,1.0,0.8333333333333334,-0.2374861834833411,-0.0036317700931628,-0.1204094279832314,high,L1,0.7,0.8333333333333334,0.7974910394265233,1.0,0.7894982078853047,Q5高,3,0,0.8333333333333334,0.956989247311828,1.0,0.9370967741935483,0.6913978494623656
20240102,300275,20.967741935483872,1.0,1.0,1.0,1.0,-0.2773851590106007,-0.1360424028268551,-0.1415120237350188,high,L1,0.7,1.0,0.7903225806451613,1.0,0.8380645161290322,Q5高,3,0,1.0,0.7903225806451613,1.0,0.9370967741935483,0.6580645161290323
20240102,600199,4.545454545454546,1.0,1.0,0.5,0.8333333333333334,-0.2014348785871964,-0.0618101545253864,-0.3394039735099338,high,L1,0.7,0.8333333333333334,0.7954545454545455,1.0,0.7890909090909092,Q5高,3,0,0.8333333333333334,0.9545454545454546,1.0,0.9363636363636363,0.6909090909090909
20240102,300576,4.838709677419355,1.0,1.0,0.5,0.8333333333333334,-0.213572343149808,0.0217669654289371,0.1438561201566219,high,L1,0.7,0.8333333333333334,0.7930107526881721,1.0,0.7886021505376345,Q5高,3,0,0.8333333333333334,0.9516129032258065,1.0,0.9354838709677418,0.6903225806451614
20240102,300395,5.128205128205128,1.0,0.5,1.0,0.8333333333333334,-0.322213181448332,-0.1901274749118524,-0.1655893495384309,high,L1,0.7,0.8333333333333334,0.7905982905982906,1.0,0.7881196581196581,Q5高,3,0,0.8333333333333334,0.9487179487179487,1.0,0.9346153846153846,0.6897435897435897
20240102,000552,5.88235294117647,1.0,1.0,0.5,0.8333333333333334,-0.0709677419354838,-0.0419354838709677,0.1930515447619596,high,L1,0.7,0.8333333333333334,0.7843137254901961,1.0,0.7868627450980392,Q5高,3,0,0.8333333333333334,0.9411764705882353,1.0,0.9323529411764706,0.6882352941176471
20240102,300613,5.913978494623656,1.0,0.5,1.0,0.8333333333333334,-0.2741626794258373,-0.18444976076555,-0.216019215809368,high,L1,0.7,0.8333333333333334,0.7840501792114696,1.0,0.7868100358422939,Q5高,3,0,0.8333333333333334,0.9408602150537635,1.0,0.9322580645161289,0.6881720430107527
20240506,688478,9.090909090909092,1.0,1.0,1.0,1.0,-0.0533541341653664,-0.0931615015298531,-0.1019535645344114,high,L1,0.7,1.0,0.9090909090909092,1.0,0.8618181818181817,Q5高,3,0,1.0,0.9090909090909091,1.0,0.9727272727272727,0.6818181818181819
20240506,600834,10.526315789473683,1.0,1.0,1.0,1.0,-0.0458333333333332,0.1903510733692082,0.1682757932219925,high,L1,0.7,1.0,0.8947368421052632,1.0,0.8589473684210526,Q5高,3,0,1.0,0.8947368421052632,1.0,0.9684210526315788,0.6789473684210526
20240506,688361,13.223140495867767,1.0,1.0,1.0,1.0,-0.0171282798833819,0.0198628719537294,0.237504276808933,high,L1,0.7,1.0,0.8677685950413223,1.0,0.8535537190082644,Q5高,3,0,1.0,0.8677685950413223,1.0,0.9603305785123966,0.6735537190082646
20240506,300031,15.068493150684931,1.0,1.0,1.0,1.0,-0.0171939477303988,0.1002210712843783,0.2500942492308378,high,L1,0.7,1.0,0.8493150684931507,1.0,0.8498630136986302,Q5高,3,0,1.0,0.8493150684931507,1.0,0.9547945205479451,0.6698630136986301
20240506,603628,0.641025641025641,1.0,1.0,0.5,0.8333333333333334,-0.000659195781147,-0.1216410834623574,0.0259710887339759,high,L1,0.7,0.8333333333333334,0.827991452991453,1.0,0.7955982905982907,Q5高,3,0,0.8333333333333334,0.9935897435897436,1.0,0.948076923076923,0.6987179487179487
20240506,688091,2.3041474654377883,1.0,0.5,1.0,0.8333333333333334,-0.1297740858012742,-0.224212052798767,0.2878811485256645,high,L1,0.7,0.8333333333333334,0.8141321044546851,1.0,0.792826420890937,Q5高,3,0,0.8333333333333334,0.9769585253456221,1.0,0.9430875576036866,0.6953917050691245
20240506,000678,2.4096385542168677,1.0,1.0,0.5,0.8333333333333334,-0.1512096774193548,-0.2056451612903226,0.1693548387096775,high,L1,0.7,0.8333333333333334,0.8132530120481928,1.0,0.7926506024096386,Q5高,3,0,0.8333333333333334,0.9759036144578314,1.0,0.9427710843373494,0.6951807228915663
20240506,002197,19.82758620689655,1.0,1.0,1.0,1.0,-0.5919395465994962,-0.5365239294710327,-0.4181360201511335,high,L1,0.7,1.0,0.8017241379310345,1.0,0.8403448275862069,Q5高,3,0,1.0,0.8017241379310345,1.0,0.9405172413793104,0.6603448275862069
20240506,300700,3.211009174311927,1.0,0.5,1.0,0.8333333333333334,0.0836697460007931,-0.1295523105039926,-0.0028733239923258,high,L1,0.7,0.8333333333333334,0.8065749235474006,1.0,0.7913149847094801,Q5高,3,0,0.8333333333333334,0.9678899082568807,1.0,0.9403669724770642,0.6935779816513761
20240506,301161,4.128440366972478,1.0,0.5,1.0,0.8333333333333334,-0.0891538898353209,-0.0817437836591105,0.1331429907422026,high,L1,0.7,0.8333333333333334,0.7989296636085628,1.0,0.7897859327217126,Q5高,3,0,0.8333333333333334,0.9587155963302753,1.0,0.9376146788990825,0.691743119266055
20240506,002861,4.545454545454546,1.0,1.0,0.5,0.8333333333333334,-0.0573482067387499,0.0563276636659058,0.2322035386315999,high,L1,0.7,0.8333333333333334,0.7954545454545455,1.0,0.7890909090909092,Q5高,3,0,0.8333333333333334,0.9545454545454546,1.0,0.9363636363636363,0.6909090909090909
20240506,002551,5.990783410138248,1.0,1.0,0.5,0.8333333333333334,-0.1353135313531354,-0.1716171617161715,0.0264026402640262,high,L1,0.7,0.8333333333333334,0.783410138248848,1.0,0.7866820276497696,Q5高,3,0,0.8333333333333334,0.9400921658986175,1.0,0.9320276497695852,0.6880184331797234
20240506,600721,23.04147465437788,1.0,1.0,1.0,1.0,-0.0901771336553944,0.0483091787439613,0.1658615136876007,high,L1,0.7,1.0,0.7695852534562212,1.0,0.8339170506912442,Q5高,3,0,1.0,0.7695852534562212,1.0,0.9308755760368663,0.6539170506912442
20240506,600333,6.382978723404255,1.0,1.0,0.5,0.8333333333333334,-0.0619047619047619,-0.0976190476190476,0.0761904761904761,high,L1,0.7,0.8333333333333334,0.7801418439716312,1.0,0.7860283687943262,Q5高,3,0,0.8333333333333334,0.9361702127659575,1.0,0.9308510638297871,0.6872340425531915
20240506,603197,6.626506024096386,1.0,1.0,0.5,0.8333333333333334,-0.1049746226759478,-0.263832943204874,-0.107213571724466,high,L1,0.7,0.8333333333333334,0.7781124497991968,1.0,0.7856224899598394,Q5高,3,0,0.8333333333333334,0.9337349397590361,1.0,0.9301204819277107,0.6867469879518072
20240506,002172,8.294930875576037,1.0,1.0,0.5,0.8333333333333334,-0.1146496815286625,-0.2070063694267515,-0.0605095541401273,high,L1,0.7,0.8333333333333334,0.7642089093701997,1.0,0.78284178187404,Q5高,3,0,0.8333333333333334,0.9170506912442397,1.0,0.9251152073732718,0.683410138248848
20240506,603105,9.574468085106384,1.0,0.5,1.0,0.8333333333333334,0.1448500227548836,-0.1074615842017749,-0.0040916306908971,high,L1,0.7,0.8333333333333334,0.7535460992907802,1.0,0.7807092198581561,Q5高,3,0,0.8333333333333334,0.9042553191489362,1.0,0.9212765957446807,0.6808510638297873
20240506,603701,10.240963855421686,1.0,1.0,0.5,0.8333333333333334,-0.0099909173478656,-0.0345598576350794,0.2193117726380713,high,L1,0.7,0.8333333333333334,0.747991967871486,1.0,0.7795983935742973,Q5高,3,0,0.8333333333333334,0.8975903614457832,1.0,0.9192771084337348,0.6795180722891567
20240506,688435,11.20689655172414,1.0,0.5,1.0,0.8333333333333334,-0.1474908200734394,-0.29406364749082,-0.0177478580171358,high,L1,0.7,0.8333333333333334,0.7399425287356322,1.0,0.7779885057471264,Q5高,3,0,0.8333333333333334,0.8879310344827586,1.0,0.9163793103448274,0.6775862068965517
20240506,603029,12.385321100917432,1.0,0.5,1.0,0.8333333333333334,-0.0867054007476821,-0.1084062228616205,-0.0798851423690159,high,L1,0.7,0.8333333333333334,0.7301223241590215,1.0,0.7760244648318043,Q5高,3,0,0.8333333333333334,0.8761467889908257,1.0,0.9128440366972477,0.6752293577981652
20240506,002229,12.5,1.0,1.0,0.5,0.8333333333333334,-0.21875,-0.4385775862068964,-0.2650862068965516,high,L1,0.7,0.8333333333333334,0.7291666666666667,1.0,0.7758333333333334,Q5高,3,0,0.8333333333333334,0.875,1.0,0.9124999999999999,0.675
20240506,001269,12.82051282051282,1.0,1.0,0.5,0.8333333333333334,-0.1388603696098563,-0.2732641715083778,-0.2578243626979331,high,L1,0.7,0.8333333333333334,0.7264957264957266,1.0,0.7752991452991453,Q5高,3,0,0.8333333333333334,0.8717948717948718,1.0,0.9115384615384614,0.6743589743589744
20240506,300722,13.20754716981132,1.0,0.5,1.0,0.8333333333333334,0.1949440933398152,0.2197895959405538,1.1004553888731037,high,L1,0.7,0.8333333333333334,0.7232704402515724,1.0,0.7746540880503144,Q5高,3,0,0.8333333333333334,0.8679245283018868,1.0,0.9103773584905659,0.6735849056603773
20240506,603396,13.461538461538462,1.0,1.0,0.5,0.8333333333333334,-0.0423623224520308,-0.3038061233340842,-0.2017712267539517,high,L1,0.7,0.8333333333333334,0.7211538461538463,1.0,0.7742307692307693,Q5高,3,0,0.8333333333333334,0.8653846153846154,1.0,0.9096153846153845,0.6730769230769231
20240506,688292,13.79310344827586,1.0,0.5,1.0,0.8333333333333334,-0.1206715634837356,-0.2242163632922418,0.2070094184199726,high,L1,0.7,0.8333333333333334,0.7183908045977012,1.0,0.7736781609195402,Q5高,3,0,0.8333333333333334,0.8620689655172414,1.0,0.9086206896551723,0.6724137931034483
20240902,002154,2.4390243902439024,1.0,1.0,1.0,1.0,0.3719484469467584,0.4746934848238284,0.2692034090696884,high,L1,0.7,1.0,0.975609756097561,1.0,0.8751219512195122,Q5高,3,0,1.0,0.975609756097561,1.0,0.9926829268292683,0.6951219512195121
20240902,688111,2.5210084033613445,1.0,1.0,1.0,1.0,0.8801400344152375,0.7485907553551296,1.1124428885064974,high,L1,0.7,1.0,0.9747899159663864,1.0,0.8749579831932772,Q5高,3,0,1.0,0.9747899159663865,1.0,0.9924369747899158,0.6949579831932773
20240902,300492,3.7735849056603774,1.0,1.0,1.0,1.0,0.3390855457227137,0.1001474926253687,0.2011071535044266,high,L1,0.7,1.0,0.9622641509433962,1.0,0.8724528301886793,Q5高,3,0,1.0,0.9622641509433962,1.0,0.9886792452830189,0.6924528301886792
20240902,688147,6.25,1.0,1.0,1.0,1.0,0.5051984877126656,0.4158790170132325,0.4012287334593571,high,L1,0.7,1.0,0.9375,1.0,0.8674999999999999,Q5高,3,0,1.0,0.9375,1.0,0.98125,0.6875
20240902,603568,9.67741935483871,1.0,1.0,1.0,1.0,0.2795580110497238,0.1911602209944751,0.0596685082872927,high,L1,0.7,1.0,0.9032258064516128,1.0,0.8606451612903225,Q5高,3,0,1.0,0.9032258064516129,1.0,0.9709677419354839,0.6806451612903226
20240902,603530,10.0,1.0,1.0,1.0,1.0,0.2531041069723019,0.1566380133715379,0.3013371537726839,high,L1,0.7,1.0,0.9,1.0,0.86,Q5高,3,0,1.0,0.9,1.0,0.97,0.6799999999999999
20240902,688188,10.084033613445378,1.0,1.0,1.0,1.0,0.5232972587648239,0.1823641016738773,0.2193678514044992,high,L1,0.7,1.0,0.8991596638655462,1.0,0.8598319327731092,Q5高,3,0,1.0,0.8991596638655462,1.0,0.9697478991596638,0.6798319327731093
20240902,300394,10.606060606060606,1.0,1.0,1.0,1.0,0.6652858326429163,0.5392982099504506,0.2135332957255895,high,L1,0.7,1.0,0.8939393939393939,1.0,0.8587878787878788,Q5高,3,0,1.0,0.8939393939393939,1.0,0.968181818181818,0.6787878787878787
20240902,301096,0.9090909090909092,0.5,1.0,1.0,0.8333333333333334,0.4944806113784319,0.1681290687800738,0.0608547976224171,high,L1,0.7,0.8333333333333334,0.8257575757575758,1.0,0.7951515151515152,Q5高,3,0,0.8333333333333334,0.990909090909091,1.0,0.9472727272727273,0.6981818181818182
20240902,000155,18.75,1.0,1.0,1.0,1.0,0.3533834586466164,0.3058693876744685,0.2055855949649099,high,L1,0.7,1.0,0.8125,1.0,0.8424999999999999,Q5高,3,0,1.0,0.8125,1.0,0.9437499999999999,0.6625000000000001
20240902,605011,2.083333333333333,1.0,1.0,0.5,0.8333333333333334,0.3042541733979536,0.2331717824448036,0.2256327409800753,high,L1,0.7,0.8333333333333334,0.8159722222222222,1.0,0.7931944444444444,Q5高,3,0,0.8333333333333334,0.9791666666666666,1.0,0.9437499999999999,0.6958333333333333
20240902,605108,2.857142857142857,1.0,1.0,0.5,0.8333333333333334,0.3290123456790121,0.6098765432098763,0.3129629629629629,high,L1,0.7,0.8333333333333334,0.8095238095238095,1.0,0.7919047619047619,Q5高,3,0,0.8333333333333334,0.9714285714285714,1.0,0.9414285714285713,0.6942857142857143
20240902,603119,2.941176470588235,1.0,0.5,1.0,0.8333333333333334,0.2552881108679796,0.524434719183078,1.308533916849015,high,L1,0.7,0.8333333333333334,0.8088235294117647,1.0,0.7917647058823529,Q5高,3,0,0.8333333333333334,0.9705882352941176,1.0,0.9411764705882353,0.6941176470588235
20240902,300719,19.642857142857142,1.0,1.0,1.0,1.0,0.5933147632311979,0.3976323119777158,0.2534818941504178,high,L1,0.7,1.0,0.8035714285714286,1.0,0.8407142857142856,Q5高,3,0,1.0,0.8035714285714286,1.0,0.9410714285714286,0.6607142857142858
20240902,300776,20.0,1.0,1.0,1.0,1.0,0.7629774730656218,0.8134182174338882,0.5891283055827619,high,L1,0.7,1.0,0.8,1.0,0.84,Q5高,3,0,1.0,0.8,1.0,0.94,0.66
20240902,603239,20.0,1.0,1.0,1.0,1.0,0.2210264900662251,0.1779801324503311,0.1821192052980134,high,L1,0.7,1.0,0.8,1.0,0.84,Q5高,3,0,1.0,0.8,1.0,0.94,0.66
20240902,002229,3.7037037037037033,1.0,1.0,0.5,0.8333333333333334,0.542168674698795,0.8963855421686746,0.5337349397590361,high,L1,0.7,0.8333333333333334,0.8024691358024693,1.0,0.7904938271604939,Q5高,3,0,0.8333333333333334,0.962962962962963,1.0,0.9388888888888889,0.6925925925925926
20240902,300573,3.8461538461538463,0.5,1.0,1.0,0.8333333333333334,0.5067368936795689,0.0576391356822085,-0.1331695087589446,high,L1,0.7,0.8333333333333334,0.8012820512820513,1.0,0.7902564102564102,Q5高,3,0,0.8333333333333334,0.9615384615384616,1.0,0.9384615384615385,0.6923076923076923
20240902,603859,4.201680672268908,1.0,1.0,0.5,0.8333333333333334,0.4303797468354431,1.1230661040787622,1.258790436005626,high,L1,0.7,0.8333333333333334,0.7983193277310925,1.0,0.7896638655462185,Q5高,3,0,0.8333333333333334,0.957983193277311,1.0,0.9373949579831933,0.6915966386554622
20240902,688506,20.909090909090907,1.0,1.0,1.0,1.0,0.3629140691846961,0.4300818970785967,0.3140202909179805,high,L1,0.7,1.0,0.7909090909090909,1.0,0.8381818181818181,Q5高,3,0,1.0,0.7909090909090909,1.0,0.9372727272727273,0.6581818181818182
20240902,002959,5.172413793103448,1.0,0.5,1.0,0.8333333333333334,0.3488433927147036,0.1816006381281574,0.1193831427811753,high,L1,0.7,0.8333333333333334,0.7902298850574713,1.0,0.7880459770114943,Q5高,3,0,0.8333333333333334,0.9482758620689655,1.0,0.9344827586206896,0.6896551724137931
20240902,000600,5.208333333333334,1.0,1.0,0.5,0.8333333333333334,0.2091503267973855,0.1328976034858389,0.1808278867102397,high,L1,0.7,0.8333333333333334,0.7899305555555556,1.0,0.7879861111111112,Q5高,3,0,0.8333333333333334,0.9479166666666666,1.0,0.934375,0.6895833333333333
20240902,600480,5.294117647058823,1.0,1.0,0.5,0.8333333333333334,0.3145478374836175,0.4852391459967309,0.976785732227585,high,L1,0.7,0.8333333333333334,0.7892156862745098,1.0,0.787843137254902,Q5高,3,0,0.8333333333333334,0.9470588235294117,1.0,0.9341176470588235,0.6894117647058824
20240902,603516,5.88235294117647,1.0,1.0,0.5,0.8333333333333334,0.3022256930886371,0.7137836782506832,0.906286606794221,high,L1,0.7,0.8333333333333334,0.7843137254901961,1.0,0.7868627450980392,Q5高,3,0,0.8333333333333334,0.9411764705882353,1.0,0.9323529411764706,0.6882352941176471
20240902,002296,6.0606060606060606,0.5,1.0,1.0,0.8333333333333334,0.2921052631578948,0.3973684210526313,0.4328947368421052,high,L1,0.7,0.8333333333333334,0.7828282828282829,1.0,0.7865656565656566,Q5高,3,0,0.8333333333333334,0.9393939393939394,1.0,0.9318181818181817,0.687878787878788
20250102,688475,5.357142857142857,1.0,1.0,1.0,1.0,0.2835051546391753,0.3120274914089347,0.1010273818496048,high,L1,0.7,1.0,0.9464285714285714,1.0,0.8692857142857142,Q5高,3,0,1.0,0.9464285714285714,1.0,0.9839285714285713,0.6892857142857143
20250102,688366,5.82010582010582,1.0,1.0,1.0,1.0,-0.0105603815363651,0.0255493101686254,-0.1223124722951121,high,L1,0.7,1.0,0.941798941798942,1.0,0.8683597883597883,Q5高,3,0,1.0,0.9417989417989419,1.0,0.9825396825396824,0.6883597883597884
20250102,688188,10.714285714285714,1.0,1.0,1.0,1.0,0.0219896394967755,-0.021091024421186,-0.0161981489048361,high,L1,0.7,1.0,0.8928571428571429,1.0,0.8585714285714285,Q5高,3,0,1.0,0.8928571428571429,1.0,0.9678571428571427,0.6785714285714286
20250102,300394,11.11111111111111,1.0,1.0,1.0,1.0,-0.0664066852367687,-0.0618384401114205,0.2364892400924858,high,L1,0.7,1.0,0.8888888888888888,1.0,0.8577777777777778,Q5高,3,0,1.0,0.8888888888888888,1.0,0.9666666666666666,0.6777777777777778
20250102,301020,14.925373134328357,1.0,1.0,1.0,1.0,0.0498063087991145,0.1931377974543442,0.2238854145144599,high,L1,0.7,1.0,0.8507462686567164,1.0,0.8501492537313432,Q5高,3,0,1.0,0.8507462686567164,1.0,0.9552238805970148,0.6701492537313434
20250102,300628,15.555555555555555,1.0,1.0,1.0,1.0,0.1146666666666667,0.0832000000000001,-0.0380369099815514,high,L1,0.7,1.0,0.8444444444444444,1.0,0.8488888888888888,Q5高,3,0,1.0,0.8444444444444444,1.0,0.9533333333333331,0.6688888888888889
20250102,300606,1.639344262295082,1.0,1.0,0.5,0.8333333333333334,-0.0250266240681575,-0.0117145899893503,0.1623600040887434,high,L1,0.7,0.8333333333333334,0.819672131147541,1.0,0.7939344262295082,Q5高,3,0,0.8333333333333334,0.9836065573770492,1.0,0.9450819672131148,0.6967213114754098
20250102,603871,1.8518518518518516,1.0,1.0,0.5,0.8333333333333334,-0.1022727272727272,-0.2076446280991736,-0.1886244631377491,high,L1,0.7,0.8333333333333334,0.8179012345679013,1.0,0.7935802469135803,Q5高,3,0,0.8333333333333334,0.9814814814814815,1.0,0.9444444444444444,0.6962962962962963
20250102,301267,2.1164021164021163,1.0,0.5,1.0,0.8333333333333334,-0.0471092077087794,0.0819057815845822,0.0273019271948609,high,L1,0.7,0.8333333333333334,0.8156966490299824,1.0,0.7931393298059964,Q5高,3,0,0.8333333333333334,0.9788359788359788,1.0,0.9436507936507936,0.6957671957671958
20250102,002590,2.2388059701492535,1.0,1.0,0.5,0.8333333333333334,0.03781512605042,0.0966386554621849,0.2171745119408152,high,L1,0.7,0.8333333333333334,0.8146766169154229,1.0,0.7929353233830846,Q5高,3,0,0.8333333333333334,0.9776119402985075,1.0,0.9432835820895522,0.6955223880597015
20250102,300002,2.3255813953488373,0.5,1.0,1.0,0.8333333333333334,0.1466905187835421,0.1699463327370303,0.0474060822898032,high,L1,0.7,0.8333333333333334,0.813953488372093,1.0,0.7927906976744187,Q5高,3,0,0.8333333333333334,0.9767441860465116,1.0,0.9430232558139533,0.6953488372093024
20250102,603919,19.047619047619047,1.0,1.0,1.0,1.0,-0.0375782881002088,0.0073068893528185,-0.0302833812106509,high,L1,0.7,1.0,0.8095238095238095,1.0,0.8419047619047618,Q5高,3,0,1.0,0.8095238095238095,1.0,0.9428571428571428,0.661904761904762
20250102,300947,2.564102564102564,0.5,1.0,1.0,0.8333333333333334,-0.0772058823529411,-0.0756302521008401,0.3224789915966386,high,L1,0.7,0.8333333333333334,0.811965811965812,1.0,0.7923931623931624,Q5高,3,0,0.8333333333333334,0.9743589743589743,1.0,0.9423076923076923,0.6948717948717948
20250102,300011,2.73224043715847,1.0,1.0,0.5,0.8333333333333334,0.0240793201133144,0.1203966005665724,0.0524079320113315,high,L1,0.7,0.8333333333333334,0.8105646630236795,1.0,0.7921129326047359,Q5高,3,0,0.8333333333333334,0.9726775956284153,1.0,0.9418032786885244,0.694535519125683
20250102,300274,2.752293577981652,1.0,1.0,0.5,0.8333333333333334,-0.0154359616186899,0.0065359477124182,-0.0285884444751732,high,L1,0.7,0.8333333333333334,0.8103975535168195,1.0,0.7920795107033639,Q5高,3,0,0.8333333333333334,0.9724770642201834,1.0,0.941743119266055,0.6944954128440367
20250102,603566,4.166666666666666,1.0,0.5,1.0,0.8333333333333334,-0.0112721417069242,-0.0032206119162641,0.1379954226041961,high,L1,0.7,0.8333333333333334,0.7986111111111112,1.0,0.7897222222222222,Q5高,3,0,0.8333333333333334,0.9583333333333334,1.0,0.9375,0.6916666666666667
20250102,000550,4.477611940298507,1.0,1.0,0.5,0.8333333333333334,-0.0122645641699519,-0.0127025843188787,-0.1103810775295663,high,L1,0.7,0.8333333333333334,0.7960199004975125,1.0,0.7892039800995025,Q5高,3,0,0.8333333333333334,0.9552238805970149,1.0,0.9365671641791045,0.691044776119403
20250102,688063,4.587155963302752,1.0,0.5,1.0,0.8333333333333334,-0.0156973751930007,0.0509521358723621,0.1877730910581045,high,L1,0.7,0.8333333333333334,0.7951070336391438,1.0,0.7890214067278288,Q5高,3,0,0.8333333333333334,0.9541284403669725,1.0,0.9362385321100917,0.6908256880733945
20250102,300357,5.291005291005291,1.0,0.5,1.0,0.8333333333333334,0.0165668341330318,0.1406259233212285,0.1267846199820494,high,L1,0.7,0.8333333333333334,0.7892416225749559,1.0,0.7878483245149912,Q5高,3,0,0.8333333333333334,0.9470899470899471,1.0,0.9341269841269841,0.6894179894179895
20250102,003043,5.627705627705628,1.0,0.5,1.0,0.8333333333333334,0.0180603661553686,0.2315685304304799,0.5473131186934463,high,L1,0.7,0.8333333333333334,0.7864357864357865,1.0,0.7872871572871573,Q5高,3,0,0.8333333333333334,0.9437229437229437,1.0,0.933116883116883,0.6887445887445888
20250102,600612,6.896551724137931,1.0,1.0,0.5,0.8333333333333334,-0.0777596519847743,-0.0759470726844299,-0.0967917346383905,high,L1,0.7,0.8333333333333334,0.7758620689655172,1.0,0.7851724137931034,Q5高,3,0,0.8333333333333334,0.9310344827586207,1.0,0.9293103448275861,0.6862068965517241
20250102,000923,7.142857142857142,1.0,1.0,0.5,0.8333333333333334,0.0167272727272727,0.1483636363636362,0.068590935315157,high,L1,0.7,0.8333333333333334,0.7738095238095238,1.0,0.7847619047619048,Q5高,3,0,0.8333333333333334,0.9285714285714286,1.0,0.9285714285714286,0.6857142857142857
20250102,300774,7.6923076923076925,0.5,1.0,1.0,0.8333333333333334,0.0243619489559163,0.0324825986078887,0.0372834386549112,high,L1,0.7,0.8333333333333334,0.7692307692307693,1.0,0.7838461538461539,Q5高,3,0,0.8333333333333334,0.9230769230769231,1.0,0.926923076923077,0.6846153846153846
20250102,688099,9.090909090909092,0.5,1.0,1.0,0.8333333333333334,0.2727272727272727,0.2511556240369799,0.0955315870570105,high,L1,0.7,0.8333333333333334,0.7575757575757576,1.0,0.7815151515151515,Q5高,3,0,0.8333333333333334,0.9090909090909091,1.0,0.9227272727272726,0.6818181818181819
20250102,603556,9.174311926605505,1.0,1.0,0.5,0.8333333333333334,0.0148168856583728,-0.0422141459323456,-0.2705979601136755,high,L1,0.7,0.8333333333333334,0.7568807339449541,1.0,0.7813761467889908,Q5高,3,0,0.8333333333333334,0.908256880733945,1.0,0.9224770642201834,0.6816513761467891
20250506,688787,1.4925373134328357,1.0,1.0,1.0,1.0,-0.0734074823053589,0.3924393025198289,0.2358076339280603,high,L1,0.7,1.0,0.9850746268656716,1.0,0.8770149253731343,Q5高,3,0,1.0,0.9850746268656716,1.0,0.9955223880597015,0.6970149253731344
20250506,002862,1.96078431372549,1.0,1.0,1.0,1.0,0.1500187507792578,0.0522755349529489,0.000331997399539,high,L1,0.7,1.0,0.9803921568627452,1.0,0.8760784313725489,Q5高,3,0,1.0,0.9803921568627451,1.0,0.9941176470588233,0.696078431372549
20250506,002362,3.731343283582089,1.0,1.0,1.0,1.0,-0.0129091747349009,0.1798063623789765,0.091286307053942,high,L1,0.7,1.0,0.9626865671641792,1.0,0.8725373134328358,Q5高,3,0,1.0,0.9626865671641791,1.0,0.9888059701492538,0.6925373134328359
20250506,300394,7.017543859649122,1.0,1.0,1.0,1.0,0.1406053842934858,1.1184373730950927,2.0533985245772746,high,L1,0.7,1.0,0.9298245614035088,1.0,0.8659649122807017,Q5高,3,0,1.0,0.9298245614035088,1.0,0.9789473684210526,0.6859649122807018
20250506,605305,11.020408163265309,1.0,1.0,1.0,1.0,0.0124068529459944,0.4830940791036158,0.7683312234372541,high,L1,0.7,1.0,0.889795918367347,1.0,0.8579591836734693,Q5高,3,0,1.0,0.889795918367347,1.0,0.9669387755102039,0.6779591836734694
20250506,600338,14.705882352941178,1.0,1.0,1.0,1.0,0.0165803108808291,0.2119368098435985,0.4720090866340702,high,L1,0.7,1.0,0.8529411764705882,1.0,0.8505882352941175,Q5高,3,0,1.0,0.8529411764705882,1.0,0.9558823529411764,0.6705882352941177
20250506,002463,0.7067137809187279,1.0,1.0,0.5,0.8333333333333334,0.0514383153401791,0.8223351554898182,1.4240272458261036,high,L1,0.7,0.8333333333333334,0.8274440518256773,1.0,0.7954888103651355,Q5高,3,0,0.8333333333333334,0.9929328621908127,1.0,0.9478798586572437,0.6985865724381626
20250506,002730,0.8163265306122449,1.0,0.5,1.0,0.8333333333333334,-0.023255189095639,-0.0018073801915078,-0.0435436569779255,high,L1,0.7,0.8333333333333334,0.826530612244898,1.0,0.7953061224489796,Q5高,3,0,0.8333333333333334,0.9918367346938776,1.0,0.9475510204081632,0.6983673469387754
20250506,600150,1.6129032258064515,1.0,1.0,0.5,0.8333333333333334,0.0405542412977357,0.1543384803612131,0.2412205088417649,high,L1,0.7,0.8333333333333334,0.8198924731182796,1.0,0.793978494623656,Q5高,3,0,0.8333333333333334,0.9838709677419355,1.0,0.9451612903225806,0.6967741935483871
20250506,300570,1.7543859649122806,0.5,1.0,1.0,0.8333333333333334,-0.0805994329688133,0.5127565298647379,0.3401930542782949,high,L1,0.7,0.8333333333333334,0.8187134502923976,1.0,0.7937426900584795,Q5高,3,0,0.8333333333333334,0.9824561403508771,1.0,0.9447368421052631,0.6964912280701754
20250506,688183,1.76678445229682,1.0,1.0,0.5,0.8333333333333334,-0.0050369375419745,0.7823312064820584,2.559671973743495,high,L1,0.7,0.8333333333333334,0.8186101295641932,1.0,0.7937220259128387,Q5高,3,0,0.8333333333333334,0.9823321554770318,1.0,0.9446996466431095,0.6964664310954063
20250506,601156,1.818181818181818,1.0,1.0,0.5,0.8333333333333334,0.0396825396825397,0.1444802593713696,0.3003243797964072,high,L1,0.7,0.8333333333333334,0.8181818181818182,1.0,0.7936363636363637,Q5高,3,0,0.8333333333333334,0.9818181818181818,1.0,0.9445454545454546,0.6963636363636363
20250506,000913,1.875,1.0,1.0,0.5,0.8333333333333334,-0.0305436576675349,0.0528151476650466,0.0760312079790512,high,L1,0.7,0.8333333333333334,0.8177083333333334,1.0,0.7935416666666667,Q5高,3,0,0.8333333333333334,0.98125,1.0,0.944375,0.69625
20250506,301536,2.1201413427561837,1.0,0.5,1.0,0.8333333333333334,0.0142626047088934,-0.0389966168387835,-0.0116157004318273,high,L1,0.7,0.8333333333333334,0.8156654888103652,1.0,0.7931330977620731,Q5高,3,0,0.8333333333333334,0.9787985865724381,1.0,0.9436395759717313,0.6957597173144876
20250506,300307,2.4489795918367347,1.0,1.0,0.5,0.8333333333333334,0.0689655172413792,-0.0162557703568302,-0.1354610074861739,high,L1,0.7,0.8333333333333334,0.8129251700680272,1.0,0.7925850340136055,Q5高,3,0,0.8333333333333334,0.9755102040816327,1.0,0.9426530612244897,0.6951020408163265
20250506,301299,2.857142857142857,1.0,1.0,0.5,0.8333333333333334,-0.0450888367415353,0.1173968094556148,-0.0252157910925374,high,L1,0.7,0.8333333333333334,0.8095238095238095,1.0,0.7919047619047619,Q5高,3,0,0.8333333333333334,0.9714285714285714,1.0,0.9414285714285713,0.6942857142857143
20250506,300613,3.53356890459364,1.0,0.5,1.0,0.8333333333333334,-0.045103616416091,-0.0344558027845325,-0.0371039197811149,high,L1,0.7,0.8333333333333334,0.803886925795053,1.0,0.7907773851590106,Q5高,3,0,0.8333333333333334,0.9646643109540636,1.0,0.939399293286219,0.6929328621908127
20250506,000923,3.8461538461538463,1.0,0.5,1.0,0.8333333333333334,0.0,0.1037982972962077,0.4648240219714294,high,L1,0.7,0.8333333333333334,0.8012820512820513,1.0,0.7902564102564102,Q5高,3,0,0.8333333333333334,0.9615384615384616,1.0,0.9384615384615385,0.6923076923076923
20250506,002991,3.896103896103896,0.5,1.0,1.0,0.8333333333333334,-0.0317028985507246,-0.1292657257203968,-0.0997416487825365,high,L1,0.7,0.8333333333333334,0.8008658008658008,1.0,0.7901731601731602,Q5高,3,0,0.8333333333333334,0.961038961038961,1.0,0.9383116883116882,0.6922077922077923
20250506,300654,4.285714285714286,1.0,0.5,1.0,0.8333333333333334,-0.035859220709248,0.1273614623990289,-0.0159311140506794,high,L1,0.7,0.8333333333333334,0.7976190476190477,1.0,0.7895238095238095,Q5高,3,0,0.8333333333333334,0.9571428571428572,1.0,0.937142857142857,0.6914285714285715
20250506,300679,4.593639575971731,1.0,0.5,1.0,0.8333333333333334,-0.0866485920773999,0.0136297386154242,0.0455550847135477,high,L1,0.7,0.8333333333333334,0.7950530035335689,1.0,0.7890106007067138,Q5高,3,0,0.8333333333333334,0.9540636042402827,1.0,0.9362190812720848,0.6908127208480566
20250506,301318,21.641791044776117,1.0,1.0,1.0,1.0,-0.013033662668887,0.1502263481066021,-0.0301002910142537,high,L1,0.7,1.0,0.7835820895522388,1.0,0.8367164179104477,Q5高,3,0,1.0,0.7835820895522388,1.0,0.9350746268656716,0.6567164179104478
20250506,603317,5.194805194805195,0.5,1.0,1.0,0.8333333333333334,0.0723353332651877,0.0537184003960002,0.1542498378896115,high,L1,0.7,0.8333333333333334,0.7900432900432901,1.0,0.788008658008658,Q5高,3,0,0.8333333333333334,0.948051948051948,1.0,0.9344155844155844,0.6896103896103896
20250506,300563,5.263157894736842,1.0,1.0,0.5,0.8333333333333334,-0.0763107329124348,0.0399724975937132,0.0586848830333461,high,L1,0.7,0.8333333333333334,0.7894736842105264,1.0,0.7878947368421053,Q5高,3,0,0.8333333333333334,0.9473684210526316,1.0,0.9342105263157894,0.6894736842105263
20250506,001226,5.3061224489795915,1.0,1.0,0.5,0.8333333333333334,0.051291651067016,0.3960294411057878,0.4131283319195493,high,L1,0.7,0.8333333333333334,0.7891156462585035,1.0,0.7878231292517007,Q5高,3,0,0.8333333333333334,0.9469387755102041,1.0,0.9340816326530612,0.6893877551020409
20250901,300652,1.7964071856287425,1.0,1.0,1.0,1.0,-0.0014997500416596,-0.1143142809531744,-0.1143142809531744,high,L1,0.7,1.0,0.9820359281437124,1.0,0.8764071856287424,Q5高,3,0,1.0,0.9820359281437125,1.0,0.9946107784431137,0.6964071856287426
20250901,002595,1.8796992481203008,1.0,1.0,1.0,1.0,-0.0152710186272864,0.1721765396878671,0.1721765396878671,high,L1,0.7,1.0,0.981203007518797,1.0,0.8762406015037594,Q5高,3,0,1.0,0.981203007518797,1.0,0.994360902255639,0.6962406015037594
20250901,688266,2.5423728813559325,1.0,1.0,1.0,1.0,0.0038606403013181,0.0245762711864405,0.0245762711864405,high,L1,0.7,1.0,0.9745762711864406,1.0,0.8749152542372881,Q5高,3,0,1.0,0.9745762711864406,1.0,0.992372881355932,0.6949152542372881
20250901,002970,4.316546762589928,1.0,1.0,1.0,1.0,0.0072271080040557,-0.0137190266155047,-0.0137190266155047,high,L1,0.7,1.0,0.9568345323741008,1.0,0.8713669064748201,Q5高,3,0,1.0,0.9568345323741008,1.0,0.9870503597122302,0.6913669064748202
20250901,688608,4.697986577181208,1.0,1.0,1.0,1.0,0.1281540268336951,-0.1527100608562582,-0.1527100608562582,high,L1,0.7,1.0,0.953020134228188,1.0,0.8706040268456375,Q5高,3,0,1.0,0.9530201342281879,1.0,0.9859060402684563,0.6906040268456376
20250901,301498,4.878048780487805,1.0,1.0,1.0,1.0,-0.0560124800711611,-0.2932289821721419,-0.2932289821721419,high,L1,0.7,1.0,0.951219512195122,1.0,0.8702439024390244,Q5高,3,0,1.0,0.9512195121951219,1.0,0.9853658536585366,0.6902439024390243
20250901,002907,5.084745762711865,1.0,1.0,1.0,1.0,-0.08195526036945,-0.0791287679444791,-0.0791287679444791,high,L1,0.7,1.0,0.9491525423728814,1.0,0.8698305084745762,Q5高,3,0,1.0,0.9491525423728814,1.0,0.9847457627118643,0.6898305084745763
20250901,300831,5.704697986577181,1.0,1.0,1.0,1.0,-0.038107752956636,-0.1136762425269526,-0.1136762425269526,high,L1,0.7,1.0,0.9429530201342282,1.0,0.8685906040268456,Q5高,3,0,1.0,0.9429530201342282,1.0,0.9828859060402684,0.6885906040268457
20250901,300139,5.714285714285714,1.0,1.0,1.0,1.0,0.3534405719392315,0.126005361930295,0.126005361930295,high,L1,0.7,1.0,0.9428571428571428,1.0,0.8685714285714285,Q5高,3,0,1.0,0.9428571428571428,1.0,0.9828571428571429,0.6885714285714286
20250901,002979,9.774436090225564,1.0,1.0,1.0,1.0,0.0139544869042507,-0.1406182911120652,-0.1406182911120652,high,L1,0.7,1.0,0.9022556390977444,1.0,0.8604511278195488,Q5高,3,0,1.0,0.9022556390977443,1.0,0.9706766917293232,0.6804511278195489
20250901,688685,10.44776119402985,1.0,1.0,1.0,1.0,0.0292579274272637,-0.169172932330827,-0.169172932330827,high,L1,0.7,1.0,0.8955223880597015,1.0,0.8591044776119402,Q5高,3,0,1.0,0.8955223880597015,1.0,0.9686567164179103,0.6791044776119404
20250901,301318,12.23021582733813,1.0,1.0,1.0,1.0,-0.0407350689127105,-0.1062787136294027,-0.1062787136294027,high,L1,0.7,1.0,0.8776978417266187,1.0,0.8555395683453236,Q5高,3,0,1.0,0.8776978417266187,1.0,0.9633093525179854,0.6755395683453238
20250901,002003,15.384615384615383,1.0,1.0,1.0,1.0,-0.0493482309124767,0.0235052416952785,0.0235052416952785,high,L1,0.7,1.0,0.8461538461538461,1.0,0.8492307692307691,Q5高,3,0,1.0,0.8461538461538461,1.0,0.9538461538461538,0.6692307692307693
20250901,600573,15.714285714285714,1.0,1.0,1.0,1.0,-0.0657354149548069,0.0024650780608053,0.0024650780608053,high,L1,0.7,1.0,0.8428571428571429,1.0,0.8485714285714285,Q5高,3,0,1.0,0.8428571428571429,1.0,0.9528571428571428,0.6685714285714286
20250901,605016,16.071428571428573,1.0,1.0,1.0,1.0,-0.0431859725501994,-0.022729307240291,-0.022729307240291,high,L1,0.7,1.0,0.8392857142857143,1.0,0.8478571428571428,Q5高,3,0,1.0,0.8392857142857143,1.0,0.9517857142857142,0.6678571428571429
20250901,605499,17.142857142857142,1.0,1.0,1.0,1.0,-0.0426430431193244,-0.1457737981837811,-0.1457737981837811,high,L1,0.7,1.0,0.8285714285714285,1.0,0.8457142857142856,Q5高,3,0,1.0,0.8285714285714285,1.0,0.9485714285714284,0.6657142857142857
20250901,002427,0.5952380952380952,1.0,1.0,0.5,0.8333333333333334,-0.1029023746701847,-0.1464379947229551,-0.1464379947229551,high,L1,0.7,0.8333333333333334,0.8283730158730159,1.0,0.7956746031746033,Q5高,3,0,0.8333333333333334,0.9940476190476191,1.0,0.9482142857142857,0.6988095238095238
20250901,300489,1.342281879194631,1.0,1.0,0.5,0.8333333333333334,0.0142575126124149,-0.1044088615924545,-0.1044088615924545,high,L1,0.7,0.8333333333333334,0.8221476510067115,1.0,0.7944295302013423,Q5高,3,0,0.8333333333333334,0.9865771812080537,1.0,0.9459731543624161,0.6973154362416107
20250901,301270,1.4388489208633095,1.0,0.5,1.0,0.8333333333333334,-0.0397932816537467,-0.0023255813953488,-0.0023255813953488,high,L1,0.7,0.8333333333333334,0.8213429256594724,1.0,0.7942685851318945,Q5高,3,0,0.8333333333333334,0.9856115107913669,1.0,0.9456834532374101,0.6971223021582733
20250901,301611,18.120805369127517,1.0,1.0,1.0,1.0,0.0791182501708815,-0.0934723171565278,-0.0934723171565278,high,L1,0.7,1.0,0.8187919463087249,1.0,0.843758389261745,Q5高,3,0,1.0,0.8187919463087249,1.0,0.9456375838926174,0.6637583892617449
20250901,002032,1.9230769230769231,1.0,1.0,0.5,0.8333333333333334,-0.0798294904088355,-0.0412710714977717,-0.0412710714977717,high,L1,0.7,0.8333333333333334,0.8173076923076923,1.0,0.7934615384615384,Q5高,3,0,0.8333333333333334,0.9807692307692307,1.0,0.9442307692307692,0.6961538461538461
20250901,603416,18.79699248120301,1.0,1.0,1.0,1.0,0.0653872282608696,-0.0662951942235615,-0.0662951942235615,high,L1,0.7,1.0,0.8120300751879699,1.0,0.8424060150375939,Q5高,3,0,1.0,0.8120300751879699,1.0,0.9436090225563909,0.662406015037594
20250901,002862,19.148936170212767,1.0,1.0,1.0,1.0,-0.0233384069000507,0.2734652460679858,0.2734652460679858,high,L1,0.7,1.0,0.8085106382978723,1.0,0.8417021276595744,Q5高,3,0,1.0,0.8085106382978723,1.0,0.9425531914893617,0.6617021276595745
20250901,600988,2.857142857142857,0.5,1.0,1.0,0.8333333333333334,0.1443850267379678,0.1479500891265597,0.1479500891265597,high,L1,0.7,0.8333333333333334,0.8095238095238095,1.0,0.7919047619047619,Q5高,3,0,0.8333333333333334,0.9714285714285714,1.0,0.9414285714285713,0.6942857142857143
20250901,003002,2.976190476190476,1.0,0.5,1.0,0.8333333333333334,0.0484704012713548,0.0639650377433451,0.0639650377433451,high,L1,0.7,0.8333333333333334,0.808531746031746,1.0,0.7917063492063492,Q5高,3,0,0.8333333333333334,0.9702380952380952,1.0,0.9410714285714286,0.694047619047619
20220505,600976,2.2598870056497176,,1.0,1.0,1.0,0.1363045057455467,0.0892172060994427,0.4343515892197884,high,L5-A,1.0,0.0,0.9774011299435028,0.6666666666666666,0.6621468926553673,Q5高,2,0,0.0,0.9774011299435028,0.6666666666666666,0.4265536723163842,0.9954802259887006
20220505,002026,2.3622047244094486,0.5,1.0,0.5,0.6666666666666666,0.1560818083961248,0.5423506636506736,0.2003322255247475,high,L5-A,1.0,0.6666666666666666,0.6509186351706037,1.0,0.8301837270341207,Q5高,3,0,0.6666666666666666,0.9763779527559056,1.0,0.6929133858267718,0.9952755905511812
20220505,002886,2.4390243902439024,0.5,1.0,0.5,0.6666666666666666,0.2266666666666665,0.4175360378943842,0.2256337535190595,high,L5-A,1.0,0.6666666666666666,0.6504065040650406,1.0,0.8300813008130081,Q5高,3,0,0.6666666666666666,0.975609756097561,1.0,0.6926829268292682,0.9951219512195122
20220505,300151,3.149606299212598,1.0,0.5,1.0,0.8333333333333334,0.0498879208169644,0.2831283277156604,0.2457853754300425,high,L5-A,1.0,0.8333333333333334,0.8070866141732285,1.0,0.9114173228346456,Q5高,3,0,0.8333333333333334,0.9685039370078741,1.0,0.7405511811023622,0.9937007874015749
20220505,002011,3.571428571428571,,0.5,0.5,0.5,0.2120805369127516,1.5798657718120803,0.6751677852348994,high,L5-A,1.0,0.0,0.4821428571428571,0.6666666666666666,0.5630952380952381,Q4,2,0,0.0,0.9642857142857143,0.6666666666666666,0.42261904761904756,0.9928571428571429
20220505,600399,3.571428571428571,1.0,1.0,0.5,0.8333333333333334,0.1929163526752071,0.3376036171816128,0.3496608892238131,high,L5-A,1.0,0.8333333333333334,0.8035714285714286,1.0,0.9107142857142856,Q5高,3,0,0.8333333333333334,0.9642857142857143,1.0,0.7392857142857143,0.9928571428571429
20220505,002824,4.3478260869565215,0.5,1.0,0.5,0.6666666666666666,0.7628075427664256,1.116967969725848,0.207982855836766,high,L5-A,1.0,0.6666666666666666,0.6376811594202898,1.0,0.8275362318840579,Q5高,3,0,0.6666666666666666,0.9565217391304348,1.0,0.6869565217391305,0.991304347826087
20220505,600876,4.3478260869565215,1.0,1.0,0.5,0.8333333333333334,0.3270925110132159,0.40363436123348,0.1040748898678414,high,L5-A,1.0,0.8333333333333334,0.7971014492753624,1.0,0.9094202898550724,Q5高,3,0,0.8333333333333334,0.9565217391304348,1.0,0.7369565217391305,0.991304347826087
20220505,688357,4.878048780487805,1.0,1.0,1.0,1.0,0.2266051731877247,-0.0051766568869962,-0.0222866406751804,high,L5-A,1.0,1.0,0.951219512195122,1.0,0.9902439024390244,Q5高,3,0,1.0,0.9512195121951219,1.0,0.7853658536585366,0.9902439024390244
20220505,601011,5.263157894736842,1.0,1.0,0.5,0.8333333333333334,0.0939947780678851,0.1253263707571801,-0.093994778067885,high,L5-A,1.0,0.8333333333333334,0.7894736842105264,1.0,0.9078947368421052,Q5高,3,0,0.8333333333333334,0.9473684210526316,1.0,0.7342105263157894,0.9894736842105263
20220505,603719,6.25,1.0,0.5,1.0,0.8333333333333334,0.0643832239924626,0.0223177792119222,0.2662123782425305,high,L5-A,1.0,0.8333333333333334,0.78125,1.0,0.90625,Q5高,3,0,0.8333333333333334,0.9375,1.0,0.73125,0.9875
20220505,300835,6.521739130434782,1.0,1.0,1.0,1.0,0.1206242091944327,0.7283846478279208,0.2214255588359341,high,L5-A,1.0,1.0,0.9347826086956522,1.0,0.9869565217391304,Q5高,3,0,1.0,0.9347826086956522,1.0,0.7804347826086957,0.9869565217391305
20220505,000657,8.695652173913043,1.0,1.0,0.5,0.8333333333333334,0.3932926829268293,0.8008130081300813,0.5262154440400415,high,L5-A,1.0,0.8333333333333334,0.7608695652173914,1.0,0.9021739130434784,Q5高,3,0,0.8333333333333334,0.9130434782608696,1.0,0.7239130434782608,0.982608695652174
20220505,002141,8.823529411764707,1.0,0.5,0.5,0.6666666666666666,0.3123359580052494,0.4173228346456694,0.1837270341207348,high,L5-A,1.0,0.6666666666666666,0.6078431372549019,1.0,0.8215686274509804,Q5高,3,0,0.6666666666666666,0.9117647058823529,1.0,0.6735294117647059,0.9823529411764707
20220505,002008,10.236220472440944,1.0,1.0,1.0,1.0,0.054131054131054,0.2037037037037037,-0.0708689458689459,high,L5-A,1.0,1.0,0.8976377952755905,1.0,0.979527559055118,Q5高,3,0,1.0,0.8976377952755905,1.0,0.7692913385826772,0.979527559055118
20220505,600348,10.526315789473683,1.0,1.0,0.5,0.8333333333333334,0.2248576850094876,1.2435875381682102,0.6989129123377158,high,L5-A,1.0,0.8333333333333334,0.7456140350877193,1.0,0.8991228070175439,Q5高,3,0,0.8333333333333334,0.8947368421052632,1.0,0.7184210526315788,0.9789473684210526
20220505,300127,10.869565217391305,0.5,1.0,1.0,0.8333333333333334,0.082315112540193,0.3120777075460734,0.0470248239111379,high,L5-A,1.0,0.8333333333333334,0.7427536231884058,1.0,0.8985507246376812,Q5高,3,0,0.8333333333333334,0.8913043478260869,1.0,0.7173913043478259,0.9782608695652173
20220505,688658,11.299435028248588,1.0,0.5,0.5,0.6666666666666666,0.0267045454545455,-0.0344445533408379,0.1610287511510169,high,L5-A,1.0,0.6666666666666666,0.591337099811676,1.0,0.8182674199623352,Q5高,3,0,0.6666666666666666,0.887005649717514,1.0,0.6661016949152543,0.9774011299435028
20220505,300305,13.008130081300814,,1.0,0.5,0.75,0.2095588235294117,0.4769138591425639,0.1336412902348243,high,L5-A,1.0,0.0,0.6524390243902438,0.6666666666666666,0.5971544715447155,Q4,2,0,0.0,0.8699186991869918,0.6666666666666666,0.3943089430894309,0.9739837398373983
20220505,300855,13.043478260869565,1.0,0.5,1.0,0.8333333333333334,0.2350427350427351,0.4936731546275326,0.7046657449452891,high,L5-A,1.0,0.8333333333333334,0.7246376811594203,1.0,0.894927536231884,Q5高,3,0,0.8333333333333334,0.8695652173913043,1.0,0.7108695652173913,0.9739130434782608
20220505,300487,13.821138211382117,1.0,0.5,1.0,0.8333333333333334,0.1702520290876867,0.7785173261174065,0.7911179254909035,high,L5-A,1.0,0.8333333333333334,0.7181571815718157,1.0,0.8936314363143631,Q5高,3,0,0.8333333333333334,0.8617886178861789,1.0,0.7085365853658536,0.9723577235772358
20220505,600516,14.285714285714285,,0.5,1.0,0.75,0.0513196480938416,0.0454545454545454,-0.096774193548387,high,L5-A,1.0,0.0,0.6428571428571429,0.6666666666666666,0.5952380952380952,Q4,2,0,0.0,0.8571428571428572,0.6666666666666666,0.39047619047619053,0.9714285714285715
20220505,002416,15.625,1.0,1.0,0.5,0.8333333333333334,0.121951219512195,0.1856368563685637,0.3875338753387534,high,L5-A,1.0,0.8333333333333334,0.703125,1.0,0.890625,Q5高,3,0,0.8333333333333334,0.84375,1.0,0.703125,0.96875
20220505,603589,17.1875,,0.5,1.0,0.75,0.0152509652509653,0.0146183854861328,-0.1588799704451484,high,L5-A,1.0,0.0,0.62109375,0.6666666666666666,0.5908854166666667,Q4,2,0,0.0,0.828125,0.6666666666666666,0.3817708333333333,0.965625
20220505,600010,17.857142857142858,1.0,1.0,0.5,0.8333333333333334,0.075268817204301,0.1868763858814126,-0.013646108536908,high,L5-A,1.0,0.8333333333333334,0.6845238095238095,1.0,0.886904761904762,Q5高,3,0,0.8333333333333334,0.8214285714285714,1.0,0.6964285714285714,0.9642857142857142
20220901,002895,0.6578947368421052,0.5,1.0,0.5,0.6666666666666666,-0.1517524235645041,-0.0973154362416107,0.1849366144668156,high,L5-A,1.0,0.6666666666666666,0.6622807017543859,1.0,0.8324561403508771,Q5高,3,0,0.6666666666666666,0.993421052631579,1.0,0.6980263157894737,0.9986842105263158
20220901,603198,1.3888888888888888,0.5,1.0,1.0,0.8333333333333334,0.0640355968272394,-0.0199264848133101,0.3470690655832851,high,L5-A,1.0,0.8333333333333334,0.8217592592592593,1.0,0.914351851851852,Q5高,3,0,0.8333333333333334,0.9861111111111112,1.0,0.7458333333333333,0.9972222222222222
20220901,603919,2.7777777777777777,1.0,1.0,1.0,1.0,-0.1648511256354393,-0.159041394335512,0.0493827160493827,high,L5-A,1.0,1.0,0.9722222222222222,1.0,0.9944444444444444,Q5高,3,0,1.0,0.9722222222222222,1.0,0.7916666666666665,0.9944444444444445
20220901,002557,4.166666666666666,0.5,0.5,1.0,0.6666666666666666,-0.0429276668813048,0.0512985619231596,-0.0105172783859197,high,L5-A,1.0,0.6666666666666666,0.6388888888888888,1.0,0.8277777777777777,Q5高,3,0,0.6666666666666666,0.9583333333333334,1.0,0.6875,0.9916666666666667
20220901,002349,4.285714285714286,1.0,1.0,1.0,1.0,-0.0980066445182723,0.1088039867109635,0.0265780730897009,high,L5-A,1.0,1.0,0.9571428571428572,1.0,0.9914285714285714,Q5高,3,0,1.0,0.9571428571428572,1.0,0.7871428571428571,0.9914285714285713
20220901,601666,4.761904761904762,1.0,1.0,0.5,0.8333333333333334,0.0059171597633136,-0.0902366863905325,-0.1094674556213017,high,L5-A,1.0,0.8333333333333334,0.7936507936507936,1.0,0.9087301587301588,Q5高,3,0,0.8333333333333334,0.9523809523809523,1.0,0.7357142857142858,0.9904761904761905
20220901,000968,5.555555555555555,0.5,1.0,1.0,0.8333333333333334,-0.0909999999999999,-0.0229999999999999,-0.0999999999999998,high,L5-A,1.0,0.8333333333333334,0.7870370370370371,1.0,0.9074074074074074,Q5高,3,0,0.8333333333333334,0.9444444444444444,1.0,0.7333333333333334,0.9888888888888889
20220901,300636,5.714285714285714,1.0,0.5,0.5,0.6666666666666666,-0.1079295154185022,0.1666666666666667,0.1563876651982378,high,L5-A,1.0,0.6666666666666666,0.6285714285714286,1.0,0.8257142857142857,Q5高,3,0,0.6666666666666666,0.9428571428571428,1.0,0.6828571428571428,0.9885714285714287
20220901,600486,5.921052631578947,1.0,1.0,0.5,0.8333333333333334,-0.1401909722222222,-0.0866319444444443,-0.0725694444444443,high,L5-A,1.0,0.8333333333333334,0.7839912280701754,1.0,0.9067982456140352,Q5高,3,0,0.8333333333333334,0.9407894736842105,1.0,0.7322368421052632,0.9881578947368421
20220901,300171,6.190476190476191,1.0,1.0,1.0,1.0,-0.048260381593715,-0.0905349794238683,0.0583613916947249,high,L5-A,1.0,1.0,0.938095238095238,1.0,0.9876190476190476,Q5高,3,0,1.0,0.9380952380952381,1.0,0.7814285714285714,0.9876190476190476
20220901,002192,6.349206349206349,1.0,1.0,0.5,0.8333333333333334,-0.0794979079497907,-0.002928870292887,-0.1635146443514644,high,L5-A,1.0,0.8333333333333334,0.7804232804232805,1.0,0.9060846560846562,Q5高,3,0,0.8333333333333334,0.9365079365079365,1.0,0.730952380952381,0.9873015873015873
20220901,605366,7.894736842105263,1.0,1.0,0.5,0.8333333333333334,-0.1416354890432922,-0.0448957776590058,-0.0849812934259754,high,L5-A,1.0,0.8333333333333334,0.7675438596491229,1.0,0.9035087719298246,Q5高,3,0,0.8333333333333334,0.9210526315789473,1.0,0.7263157894736842,0.9842105263157894
20220901,002613,8.333333333333332,1.0,1.0,0.5,0.8333333333333334,-0.1594488188976378,0.0019685039370078,0.0511811023622046,high,L5-A,1.0,0.8333333333333334,0.763888888888889,1.0,0.9027777777777778,Q5高,3,0,0.8333333333333334,0.9166666666666667,1.0,0.7250000000000001,0.9833333333333334
20220901,002832,8.333333333333332,1.0,0.5,1.0,0.8333333333333334,0.0427553444180524,0.1429928741092638,0.4299287410926367,high,L5-A,1.0,0.8333333333333334,0.763888888888889,1.0,0.9027777777777778,Q5高,3,0,0.8333333333333334,0.9166666666666667,1.0,0.7250000000000001,0.9833333333333334
20220901,600508,9.523809523809524,1.0,1.0,0.5,0.8333333333333334,-0.0725714285714285,-0.0931428571428572,-0.1348571428571429,high,L5-A,1.0,0.8333333333333334,0.753968253968254,1.0,0.9007936507936508,Q5高,3,0,0.8333333333333334,0.9047619047619048,1.0,0.7214285714285713,0.980952380952381
20220901,600470,9.86842105263158,1.0,1.0,0.5,0.8333333333333334,-0.1292134831460674,-0.1039325842696629,-0.0435393258426967,high,L5-A,1.0,0.8333333333333334,0.7510964912280702,1.0,0.9002192982456141,Q5高,3,0,0.8333333333333334,0.9013157894736842,1.0,0.7203947368421053,0.9802631578947367
20220901,300861,10.326086956521738,1.0,1.0,1.0,1.0,-0.1566228204343837,-0.1306209850107066,-0.2148975221780361,high,L5-A,1.0,1.0,0.8967391304347826,1.0,0.9793478260869564,Q5高,3,0,1.0,0.8967391304347826,1.0,0.7690217391304348,0.9793478260869566
20220901,300879,11.41304347826087,1.0,0.5,0.5,0.6666666666666666,-0.1863264323543572,-0.1097737120847376,-0.1112181030332208,high,L5-A,1.0,0.6666666666666666,0.5905797101449275,1.0,0.8181159420289855,Q5高,3,0,0.6666666666666666,0.8858695652173914,1.0,0.6657608695652173,0.9771739130434782
20220901,002758,11.842105263157894,1.0,1.0,0.5,0.8333333333333334,-0.1418211120064463,0.2643029814665592,0.2006446414182112,high,L5-A,1.0,0.8333333333333334,0.7346491228070176,1.0,0.8969298245614036,Q5高,3,0,0.8333333333333334,0.881578947368421,1.0,0.7144736842105264,0.9763157894736842
20220901,300124,12.5,1.0,1.0,0.5,0.8333333333333334,0.0124060807268915,0.2215621177704001,0.2984448715708543,high,L5-A,1.0,0.8333333333333334,0.7291666666666667,1.0,0.8958333333333334,Q5高,3,0,0.8333333333333334,0.875,1.0,0.7124999999999999,0.9750000000000001
20220901,600618,12.5,1.0,1.0,0.5,0.8333333333333334,-0.1253381424706943,-0.0613165013525699,-0.0441839495040576,high,L5-A,1.0,0.8333333333333334,0.7291666666666667,1.0,0.8958333333333334,Q5高,3,0,0.8333333333333334,0.875,1.0,0.7124999999999999,0.9750000000000001
20220901,000657,14.285714285714285,1.0,1.0,0.5,0.8333333333333334,-0.0662983425414364,0.3167527979342328,0.2068242521901773,high,L5-A,1.0,0.8333333333333334,0.7142857142857144,1.0,0.8928571428571429,Q5高,3,0,0.8333333333333334,0.8571428571428572,1.0,0.7071428571428571,0.9714285714285715
20220901,603456,14.761904761904765,1.0,1.0,1.0,1.0,-0.0768487191880136,-0.0280328661188981,-0.0541324311261478,high,L5-A,1.0,1.0,0.8523809523809524,1.0,0.9704761904761904,Q5高,3,0,1.0,0.8523809523809524,1.0,0.7557142857142856,0.9704761904761905
20220901,603229,15.23809523809524,1.0,1.0,0.5,0.8333333333333334,-0.1384950926935659,-0.0301708469647401,-0.0683387858960378,high,L5-A,1.0,0.8333333333333334,0.7063492063492064,1.0,0.8912698412698413,Q5高,3,0,0.8333333333333334,0.8476190476190476,1.0,0.7042857142857142,0.9695238095238095
20220901,002497,15.789473684210526,1.0,1.0,1.0,1.0,-0.0897435897435898,-0.0316951566951567,-0.1285612535612537,high,L5-A,1.0,1.0,0.8421052631578947,1.0,0.9684210526315788,Q5高,3,0,1.0,0.8421052631578947,1.0,0.7526315789473683,0.9684210526315788
20230103,002549,0.7352941176470588,1.0,1.0,0.5,0.8333333333333334,-0.0238532110091744,-0.1180428134556574,-0.2917431192660551,high,L5-A,1.0,0.8333333333333334,0.8272058823529412,1.0,0.9154411764705882,Q5高,3,0,0.8333333333333334,0.9926470588235294,1.0,0.7477941176470588,0.9985294117647059
20230103,600519,1.3888888888888888,1.0,0.5,1.0,0.8333333333333334,0.0664504829451853,0.0416529384223212,0.0118826979339541,high,L5-A,1.0,0.8333333333333334,0.8217592592592593,1.0,0.914351851851852,Q5高,3,0,0.8333333333333334,0.9861111111111112,1.0,0.7458333333333333,0.9972222222222222
20230103,300260,1.4084507042253522,1.0,1.0,0.5,0.8333333333333334,0.012313486889758,0.0127480805446906,0.0064028938079385,high,L5-A,1.0,0.8333333333333334,0.8215962441314555,1.0,0.9143192488262912,Q5高,3,0,0.8333333333333334,0.9859154929577465,1.0,0.745774647887324,0.9971830985915493
20230103,688690,1.507537688442211,1.0,1.0,1.0,1.0,0.1192091490598952,-0.0366350067842605,-0.241536188235255,high,L5-A,1.0,1.0,0.984924623115578,1.0,0.9969849246231156,Q5高,3,0,1.0,0.9849246231155779,1.0,0.7954773869346734,0.9969849246231155
20230103,002738,1.818181818181818,1.0,1.0,1.0,1.0,0.2461581447331657,0.0153674210673373,0.0138801175174236,high,L5-A,1.0,1.0,0.9818181818181818,1.0,0.9963636363636365,Q5高,3,0,1.0,0.9818181818181818,1.0,0.7945454545454544,0.9963636363636363
20230103,688017,2.112676056338028,1.0,1.0,1.0,1.0,0.2840931714115071,0.1347800119450526,0.443538777672275,high,L5-A,1.0,1.0,0.9788732394366196,1.0,0.9957746478873238,Q5高,3,0,1.0,0.9788732394366197,1.0,0.7936619718309859,0.995774647887324
20230103,603757,3.5211267605633805,1.0,0.5,0.5,0.6666666666666666,0.3521400778210115,0.277237354085603,0.4560272529116203,high,L5-A,1.0,0.6666666666666666,0.6431924882629108,1.0,0.8286384976525821,Q5高,3,0,0.6666666666666666,0.9647887323943662,1.0,0.6894366197183099,0.9929577464788732
20230103,002756,3.636363636363636,1.0,1.0,1.0,1.0,0.2237093690248566,-0.073401317187168,-0.0795600307949788,high,L5-A,1.0,1.0,0.9636363636363636,1.0,0.9927272727272728,Q5高,3,0,1.0,0.9636363636363636,1.0,0.7890909090909091,0.9927272727272727
20230103,301071,3.6764705882352944,1.0,1.0,1.0,1.0,0.1390532544378699,-0.1907462195923733,-0.3369759614237352,high,L5-A,1.0,1.0,0.9632352941176472,1.0,0.9926470588235292,Q5高,3,0,1.0,0.9632352941176471,1.0,0.788970588235294,0.9926470588235294
20230103,603908,4.166666666666666,1.0,1.0,0.5,0.8333333333333334,0.0504885993485342,0.0374592833876221,-0.2185667752442995,high,L5-A,1.0,0.8333333333333334,0.7986111111111112,1.0,0.9097222222222222,Q5高,3,0,0.8333333333333334,0.9583333333333334,1.0,0.7375,0.9916666666666667
20230103,603613,4.545454545454546,1.0,1.0,0.5,0.8333333333333334,0.0646556504380613,-0.1266496617500278,-0.386828022462595,high,L5-A,1.0,0.8333333333333334,0.7954545454545455,1.0,0.9090909090909092,Q5高,3,0,0.8333333333333334,0.9545454545454546,1.0,0.7363636363636363,0.990909090909091
20230103,300401,5.025125628140704,1.0,1.0,1.0,1.0,0.0385144429160935,-0.0797799174690508,-0.1916622542003603,high,L5-A,1.0,1.0,0.949748743718593,1.0,0.9899497487437184,Q5高,3,0,1.0,0.949748743718593,1.0,0.7849246231155778,0.9899497487437185
20230103,301035,5.147058823529411,1.0,1.0,0.5,0.8333333333333334,-0.1062379275082376,-0.2319054652880353,-0.0816345876825723,high,L5-A,1.0,0.8333333333333334,0.7904411764705882,1.0,0.9080882352941176,Q5高,3,0,0.8333333333333334,0.9485294117647058,1.0,0.7345588235294118,0.9897058823529412
20230103,300337,5.454545454545454,1.0,1.0,0.5,0.8333333333333334,0.2111111111111112,-0.0518518518518518,-0.1716049382716048,high,L5-A,1.0,0.8333333333333334,0.7878787878787878,1.0,0.9075757575757576,Q5高,3,0,0.8333333333333334,0.9454545454545454,1.0,0.7336363636363636,0.989090909090909
20230103,000568,6.944444444444445,1.0,1.0,1.0,1.0,0.0846902574365504,0.1565996543254799,-0.0084599290457563,high,L5-A,1.0,1.0,0.9305555555555556,1.0,0.986111111111111,Q5高,3,0,1.0,0.9305555555555556,1.0,0.7791666666666666,0.9861111111111112
20230103,601717,7.746478873239436,1.0,1.0,0.5,0.8333333333333334,0.1198957428323195,0.258036490008688,0.1374396509117073,high,L5-A,1.0,0.8333333333333334,0.7687793427230047,1.0,0.903755868544601,Q5高,3,0,0.8333333333333334,0.9225352112676056,1.0,0.7267605633802816,0.9845070422535211
20230103,300171,8.040201005025125,1.0,1.0,1.0,1.0,0.0935922330097087,0.0236893203883494,-0.1003483895417044,high,L5-A,1.0,1.0,0.9195979899497488,1.0,0.9839195979899495,Q5高,3,0,1.0,0.9195979899497487,1.0,0.7758793969849245,0.9839195979899498
20230103,603619,8.333333333333332,1.0,1.0,1.0,1.0,0.0798898071625344,-0.062809917355372,-0.038195788675759,high,L5-A,1.0,1.0,0.9166666666666669,1.0,0.9833333333333332,Q5高,3,0,1.0,0.9166666666666667,1.0,0.7749999999999999,0.9833333333333334
20230103,300861,8.450704225352112,1.0,1.0,0.5,0.8333333333333334,0.0760675273088382,-0.0871896722939424,-0.128103277060576,high,L5-A,1.0,0.8333333333333334,0.7629107981220657,1.0,0.9025821596244132,Q5高,3,0,0.8333333333333334,0.9154929577464789,1.0,0.7246478873239437,0.9830985915492958
20230103,603214,9.090909090909092,1.0,0.5,0.5,0.6666666666666666,0.1324396782841823,-0.015549597855228,-0.1037578472568657,high,L5-A,1.0,0.6666666666666666,0.606060606060606,1.0,0.8212121212121212,Q5高,3,0,0.6666666666666666,0.9090909090909091,1.0,0.6727272727272726,0.9818181818181817
20230103,002192,10.909090909090908,1.0,1.0,0.5,0.8333333333333334,0.1553677932405566,-0.2162027833001989,-0.3220290865685092,high,L5-A,1.0,0.8333333333333334,0.7424242424242424,1.0,0.8984848484848486,Q5高,3,0,0.8333333333333334,0.8909090909090909,1.0,0.7172727272727273,0.9781818181818183
20230103,603868,11.627906976744184,1.0,1.0,1.0,1.0,0.0015997673065735,0.1881908086096568,-0.0302817770080047,high,L5-A,1.0,1.0,0.8837209302325582,1.0,0.9767441860465116,Q5高,3,0,1.0,0.8837209302325582,1.0,0.7651162790697674,0.9767441860465116
20230103,000902,11.76470588235294,1.0,1.0,0.5,0.8333333333333334,0.0843373493975905,-0.0344234079173837,-0.0960768379704852,high,L5-A,1.0,0.8333333333333334,0.7352941176470589,1.0,0.8970588235294118,Q5高,3,0,0.8333333333333334,0.8823529411764706,1.0,0.7147058823529411,0.9764705882352942
20230103,002057,11.76470588235294,1.0,1.0,0.5,0.8333333333333334,0.1522556390977445,-0.0178571428571427,-0.0005930451288879,high,L5-A,1.0,0.8333333333333334,0.7352941176470589,1.0,0.8970588235294118,Q5高,3,0,0.8333333333333334,0.8823529411764706,1.0,0.7147058823529411,0.9764705882352942
20230103,002003,12.5,0.5,1.0,1.0,0.8333333333333334,0.0931615460852326,-0.0753221010901884,-0.0395773543297628,high,L5-A,1.0,0.8333333333333334,0.7291666666666667,1.0,0.8958333333333334,Q5高,3,0,0.8333333333333334,0.875,1.0,0.7124999999999999,0.9750000000000001
20230504,002006,1.948051948051948,1.0,1.0,0.5,0.8333333333333334,0.1198179979777553,-0.0482248689155103,-0.2054924334938488,high,L5-A,1.0,0.8333333333333334,0.8170995670995672,1.0,0.9134199134199136,Q5高,3,0,0.8333333333333334,0.9805194805194806,1.0,0.7441558441558442,0.9961038961038962
20230504,603259,2.3474178403755865,1.0,0.5,1.0,0.8333333333333334,-0.0023788284269996,0.1293862678302639,0.2795593952011326,high,L5-A,1.0,0.8333333333333334,0.8137715179968701,1.0,0.912754303599374,Q5高,3,0,0.8333333333333334,0.9765258215962441,1.0,0.7429577464788732,0.9953051643192488
20230504,300179,3.2467532467532463,1.0,1.0,1.0,1.0,-0.0268317853457172,0.0165118679050566,-0.0939112487100103,high,L5-A,1.0,1.0,0.9675324675324676,1.0,0.9935064935064934,Q5高,3,0,1.0,0.9675324675324676,1.0,0.7902597402597402,0.9935064935064934
20230504,603456,3.286384976525822,1.0,0.5,1.0,0.8333333333333334,-0.0718995290423861,-0.1167064015295084,-0.0905677963059138,high,L5-A,1.0,0.8333333333333334,0.8059467918622848,1.0,0.911189358372457,Q5高,3,0,0.8333333333333334,0.9671361502347418,1.0,0.7401408450704225,0.9934272300469484
20230504,002843,3.896103896103896,1.0,1.0,1.0,1.0,0.2152521525215252,0.0977859778597787,0.4876998769987701,high,L5-A,1.0,1.0,0.961038961038961,1.0,0.9922077922077922,Q5高,3,0,1.0,0.961038961038961,1.0,0.7883116883116883,0.9922077922077921
20230504,603613,4.0,1.0,0.5,0.5,0.6666666666666666,-0.1893237212495709,-0.0035573489855879,-0.0395011720682723,high,L5-A,1.0,0.6666666666666666,0.6399999999999999,1.0,0.828,Q5高,3,0,0.6666666666666666,0.96,1.0,0.688,0.992
20230504,002057,5.0,1.0,1.0,0.5,0.8333333333333334,0.0376175548589343,0.0597657962755264,-0.0954524264112929,high,L5-A,1.0,0.8333333333333334,0.7916666666666666,1.0,0.9083333333333332,Q5高,3,0,0.8333333333333334,0.95,1.0,0.7349999999999999,0.99
20230504,600779,5.405405405405405,1.0,0.5,1.0,0.8333333333333334,-0.0670062072258474,0.1623428298583478,-0.0084913354173652,high,L5-A,1.0,0.8333333333333334,0.7882882882882883,1.0,0.9076576576576576,Q5高,3,0,0.8333333333333334,0.9459459459459459,1.0,0.7337837837837837,0.9891891891891891
20230504,300217,6.8181818181818175,1.0,0.5,0.5,0.6666666666666666,-0.0194514142331199,0.0428338861331973,0.0196993459971368,high,L5-A,1.0,0.6666666666666666,0.6212121212121212,1.0,0.8242424242424242,Q5高,3,0,0.6666666666666666,0.9318181818181819,1.0,0.6795454545454545,0.9863636363636363
20230504,300337,8.47457627118644,1.0,1.0,0.5,0.8333333333333334,-0.0500736377025037,0.0088365243004417,0.2842415316642119,high,L5-A,1.0,0.8333333333333334,0.7627118644067797,1.0,0.902542372881356,Q5高,3,0,0.8333333333333334,0.9152542372881356,1.0,0.7245762711864407,0.9830508474576272
20230504,688363,9.090909090909092,0.5,1.0,1.0,0.8333333333333334,-0.0647925593060927,0.0013557794657099,-0.2064271228714174,high,L5-A,1.0,0.8333333333333334,0.7575757575757576,1.0,0.9015151515151516,Q5高,3,0,0.8333333333333334,0.9090909090909091,1.0,0.7227272727272727,0.9818181818181817
20230504,605507,10.328638497652582,1.0,0.5,0.5,0.6666666666666666,-0.0110648828348518,-0.0735379345912524,-0.1191742773636584,high,L5-A,1.0,0.6666666666666666,0.5978090766823161,1.0,0.8195618153364632,Q5高,3,0,0.6666666666666666,0.8967136150234742,1.0,0.6690140845070423,0.9793427230046949
20230504,688677,11.267605633802818,1.0,0.5,1.0,0.8333333333333334,-0.0272581507215393,-0.242422059108314,-0.1235596509181712,high,L5-A,1.0,0.8333333333333334,0.7394366197183099,1.0,0.897887323943662,Q5高,3,0,0.8333333333333334,0.8873239436619718,1.0,0.7161971830985916,0.9774647887323944
20230504,603025,13.636363636363637,1.0,0.5,1.0,0.8333333333333334,0.0102739726027396,0.0614652485554032,0.00314298215126,high,L5-A,1.0,0.8333333333333334,0.7196969696969697,1.0,0.8939393939393939,Q5高,3,0,0.8333333333333334,0.8636363636363636,1.0,0.709090909090909,0.9727272727272727
20230504,603229,14.084507042253522,0.5,0.5,1.0,0.6666666666666666,-0.0541116318704729,-0.1233697072385583,-0.1005845149506413,high,L5-A,1.0,0.6666666666666666,0.5727699530516431,1.0,0.8145539906103286,Q5高,3,0,0.6666666666666666,0.8591549295774648,1.0,0.6577464788732394,0.971830985915493
20230504,300135,14.285714285714285,1.0,1.0,0.5,0.8333333333333334,0.1302681992337164,0.2068965517241381,0.4750957854406132,high,L5-A,1.0,0.8333333333333334,0.7142857142857144,1.0,0.8928571428571429,Q5高,3,0,0.8333333333333334,0.8571428571428572,1.0,0.7071428571428571,0.9714285714285715
20230504,603538,14.553990610328638,1.0,1.0,1.0,1.0,-0.0317217228919101,-0.1572839932400913,-0.0070922006313053,high,L5-A,1.0,1.0,0.8544600938967136,1.0,0.9708920187793428,Q5高,3,0,1.0,0.8544600938967136,1.0,0.756338028169014,0.9708920187793426
20230504,002896,14.935064935064934,1.0,0.5,0.5,0.6666666666666666,0.2144449398127508,0.3973633678435495,0.6063649837434479,high,L5-A,1.0,0.6666666666666666,0.5670995670995671,1.0,0.8134199134199134,Q5高,3,0,0.6666666666666666,0.8506493506493507,1.0,0.6551948051948051,0.9701298701298702
20230504,002003,16.666666666666664,0.5,1.0,1.0,0.8333333333333334,-0.0193566033894616,0.1279072513916432,0.1557981329789735,high,L5-A,1.0,0.8333333333333334,0.6944444444444445,1.0,0.888888888888889,Q5高,3,0,0.8333333333333334,0.8333333333333334,1.0,0.7,0.9666666666666666
20230504,301029,17.532467532467532,0.5,0.5,0.5,0.5,-0.0495977853625347,-0.1357362899044673,-0.3576149057168484,high,L5-A,1.0,0.5,0.4123376623376623,1.0,0.7324675324675325,Q5高,3,0,0.5,0.8246753246753247,1.0,0.5974025974025974,0.964935064935065
20230504,300957,18.181818181818183,1.0,0.5,1.0,0.8333333333333334,-0.174652100593207,-0.0717627184790824,-0.3118379434120398,high,L5-A,1.0,0.8333333333333334,0.6818181818181818,1.0,0.8863636363636364,Q5高,3,0,0.8333333333333334,0.8181818181818181,1.0,0.6954545454545454,0.9636363636363636
20230504,603309,18.779342723004692,1.0,0.5,1.0,0.8333333333333334,-0.0112078371090054,-0.2248585120072193,-0.2285421443330505,high,L5-A,1.0,0.8333333333333334,0.6768388106416277,1.0,0.8853677621283256,Q5高,3,0,0.8333333333333334,0.8122065727699531,1.0,0.693661971830986,0.9624413145539905
20230504,002957,19.480519480519483,1.0,0.5,1.0,0.8333333333333334,0.244314489928525,0.0658009881608954,0.062509447122721,high,L5-A,1.0,0.8333333333333334,0.6709956709956709,1.0,0.8841991341991342,Q5高,3,0,0.8333333333333334,0.8051948051948051,1.0,0.6915584415584415,0.9610389610389609
20230504,605188,20.0,1.0,0.5,0.5,0.6666666666666666,-0.0104712041884816,0.5289789148942141,0.2826652593671257,high,L5-A,1.0,0.6666666666666666,0.5333333333333333,1.0,0.8066666666666666,Q5高,3,0,0.6666666666666666,0.8,1.0,0.6399999999999999,0.96
20230504,000657,22.033898305084744,1.0,0.5,0.5,0.6666666666666666,-0.0802752293577981,0.0328998696204352,-0.0501477145854826,high,L5-A,1.0,0.6666666666666666,0.519774011299435,1.0,0.8039548022598869,Q5高,3,0,0.6666666666666666,0.7796610169491526,1.0,0.6338983050847458,0.9559322033898305
20230901,600557,0.4385964912280701,1.0,1.0,1.0,1.0,0.1234772978959024,0.040420819490587,-0.0071982281284606,high,L5-A,1.0,1.0,0.9956140350877192,1.0,0.999122807017544,Q5高,3,0,1.0,0.9956140350877193,1.0,0.7986842105263157,0.9991228070175437
20230901,301018,0.4830917874396135,0.5,0.5,0.5,0.5,0.0317750182615046,0.0398100803506209,-0.0551497443389336,high,L5-A,1.0,0.5,0.4975845410628019,1.0,0.7495169082125605,Q5高,3,0,0.5,0.9951690821256038,1.0,0.6485507246376812,0.9990338164251207
20230901,688658,0.8771929824561403,1.0,0.5,0.5,0.6666666666666666,0.0734861845972958,0.3686067019400352,0.0258671369782481,high,L5-A,1.0,0.6666666666666666,0.6608187134502923,1.0,0.8321637426900584,Q5高,3,0,0.6666666666666666,0.9912280701754386,1.0,0.6973684210526316,0.9982456140350877
20230901,600129,1.3157894736842104,1.0,1.0,1.0,1.0,0.0487272727272727,0.2327272727272726,-0.0833939393939393,high,L5-A,1.0,1.0,0.986842105263158,1.0,0.9973684210526316,Q5高,3,0,1.0,0.9868421052631579,1.0,0.7960526315789473,0.9973684210526315
20230901,002959,2.0408163265306123,1.0,1.0,1.0,1.0,-0.0546565389696169,-0.1405217965653896,-0.0875165125495377,high,L5-A,1.0,1.0,0.979591836734694,1.0,0.9959183673469388,Q5高,3,0,1.0,0.9795918367346939,1.0,0.7938775510204081,0.9959183673469387
20230901,003000,2.5,1.0,1.0,0.5,0.8333333333333334,-0.0261682242990654,0.1691588785046729,0.3084112149532712,high,L5-A,1.0,0.8333333333333334,0.8125,1.0,0.9125,Q5高,3,0,0.8333333333333334,0.975,1.0,0.7424999999999999,0.9949999999999999
20230901,600587,3.070175438596491,1.0,1.0,0.5,0.8333333333333334,0.0099088386841064,0.0630202140309157,-0.119698771304003,high,L5-A,1.0,0.8333333333333334,0.807748538011696,1.0,0.9115497076023392,Q5高,3,0,0.8333333333333334,0.9692982456140351,1.0,0.7407894736842104,0.9938596491228071
20230901,688315,3.9473684210526314,1.0,0.5,1.0,0.8333333333333334,0.0081337550835969,0.1224582015363759,-0.2905558065973791,high,L5-A,1.0,0.8333333333333334,0.8004385964912281,1.0,0.9100877192982456,Q5高,3,0,0.8333333333333334,0.9605263157894737,1.0,0.7381578947368421,0.9921052631578948
20230901,300881,4.166666666666666,1.0,1.0,0.5,0.8333333333333334,-0.0336828725770574,-0.1283762313314267,-0.3819510645058785,high,L5-A,1.0,0.8333333333333334,0.7986111111111112,1.0,0.9097222222222222,Q5高,3,0,0.8333333333333334,0.9583333333333334,1.0,0.7375,0.9916666666666667
20230901,002697,4.3478260869565215,1.0,0.5,0.5,0.6666666666666666,-0.0169491525423728,0.0207156308851224,-0.1205273069679848,high,L5-A,1.0,0.6666666666666666,0.6376811594202898,1.0,0.8275362318840579,Q5高,3,0,0.6666666666666666,0.9565217391304348,1.0,0.6869565217391305,0.991304347826087
20230901,688700,4.3478260869565215,1.0,0.5,1.0,0.8333333333333334,-0.1590945836701697,0.1052546483427647,-0.3767178658043654,high,L5-A,1.0,0.8333333333333334,0.7971014492753624,1.0,0.9094202898550724,Q5高,3,0,0.8333333333333334,0.9565217391304348,1.0,0.7369565217391305,0.991304347826087
20230901,002895,4.545454545454546,1.0,1.0,0.5,0.8333333333333334,0.0130756111426948,0.0574189880613986,-0.0034110289937464,high,L5-A,1.0,0.8333333333333334,0.7954545454545455,1.0,0.9090909090909092,Q5高,3,0,0.8333333333333334,0.9545454545454546,1.0,0.7363636363636363,0.990909090909091
20230901,688639,6.0606060606060606,0.5,1.0,1.0,0.8333333333333334,0.0497502081598668,0.1750624479600333,0.1273938384679434,high,L5-A,1.0,0.8333333333333334,0.7828282828282829,1.0,0.9065656565656566,Q5高,3,0,0.8333333333333334,0.9393939393939394,1.0,0.7318181818181817,0.9878787878787878
20230901,688687,6.140350877192982,1.0,0.5,0.5,0.6666666666666666,0.2835529526598339,0.5641776476329916,0.2591508052708637,high,L5-A,1.0,0.6666666666666666,0.6257309941520468,1.0,0.8251461988304093,Q5高,3,0,0.6666666666666666,0.9385964912280702,1.0,0.6815789473684211,0.987719298245614
20230901,002315,6.521739130434782,0.5,1.0,1.0,0.8333333333333334,-0.0319999999999999,0.0323076923076923,0.0972307692307692,high,L5-A,1.0,0.8333333333333334,0.7789855072463768,1.0,0.9057971014492754,Q5高,3,0,0.8333333333333334,0.9347826086956522,1.0,0.7304347826086957,0.9869565217391305
20230901,301089,6.578947368421052,1.0,1.0,1.0,1.0,-0.0145421903052065,-0.0631956912028725,-0.2281867145421904,high,L5-A,1.0,1.0,0.9342105263157896,1.0,0.986842105263158,Q5高,3,0,1.0,0.9342105263157895,1.0,0.7802631578947368,0.986842105263158
20230901,002334,6.763285024154589,1.0,1.0,1.0,1.0,-0.0148514851485147,-0.1316831683168315,-0.194059405940594,high,L5-A,1.0,1.0,0.932367149758454,1.0,0.9864734299516909,Q5高,3,0,1.0,0.9323671497584541,1.0,0.7797101449275361,0.9864734299516909
20230901,300206,7.017543859649122,1.0,1.0,1.0,1.0,-0.0110192837465564,0.0156106519742884,-0.0808080808080806,high,L5-A,1.0,1.0,0.9298245614035088,1.0,0.9859649122807016,Q5高,3,0,1.0,0.9298245614035088,1.0,0.7789473684210526,0.9859649122807017
20230901,300026,7.456140350877193,1.0,0.5,1.0,0.8333333333333334,0.0341685649202734,0.0296127562642369,-0.0979498861047835,high,L5-A,1.0,0.8333333333333334,0.7711988304093568,1.0,0.9042397660818714,Q5高,3,0,0.8333333333333334,0.9254385964912281,1.0,0.7276315789473684,0.9850877192982457
20230901,300109,7.575757575757576,1.0,1.0,0.5,0.8333333333333334,-0.0019714144898964,-0.0290783637259733,-0.1527846229669787,high,L5-A,1.0,0.8333333333333334,0.7702020202020202,1.0,0.904040404040404,Q5高,3,0,0.8333333333333334,0.9242424242424242,1.0,0.7272727272727273,0.9848484848484849
20230901,300314,7.894736842105263,0.5,1.0,1.0,0.8333333333333334,-0.0235140431090791,-0.0169823644676682,-0.2390594382756368,high,L5-A,1.0,0.8333333333333334,0.7675438596491229,1.0,0.9035087719298246,Q5高,3,0,0.8333333333333334,0.9210526315789473,1.0,0.7263157894736842,0.9842105263157894
20230901,300910,8.333333333333332,1.0,1.0,0.5,0.8333333333333334,-0.172795497185741,-0.0607879924953095,-0.1806754221388367,high,L5-A,1.0,0.8333333333333334,0.763888888888889,1.0,0.9027777777777778,Q5高,3,0,0.8333333333333334,0.9166666666666667,1.0,0.7250000000000001,0.9833333333333334
20230901,301103,9.649122807017545,0.5,0.5,1.0,0.6666666666666666,0.0309551886792451,-0.0309551886792454,-0.2662146226415094,high,L5-A,1.0,0.6666666666666666,0.6023391812865497,1.0,0.8204678362573099,Q5高,3,0,0.6666666666666666,0.9035087719298246,1.0,0.6710526315789473,0.9807017543859649
20230901,603345,10.0,0.5,0.5,0.5,0.5,-0.0880503144654086,-0.1690245945386875,-0.3280625891831872,high,L5-A,1.0,0.5,0.45,1.0,0.74,Q5高,3,0,0.5,0.9,1.0,0.6200000000000001,0.98
20230901,603076,10.628019323671497,0.5,0.5,0.5,0.5,-0.0591502360455429,-0.2127186892529853,-0.3390724798667036,high,L5-A,1.0,0.5,0.4468599033816425,1.0,0.7393719806763285,Q5高,3,0,0.5,0.893719806763285,1.0,0.6181159420289855,0.978743961352657
20240102,301239,1.0050251256281406,0.5,1.0,1.0,0.8333333333333334,-0.2373150751925663,-0.2916004401516078,-0.5701185964054285,high,L5-A,1.0,0.8333333333333334,0.8249581239530989,1.0,0.9149916247906198,Q5高,3,0,0.8333333333333334,0.9899497487437185,1.0,0.7469849246231155,0.9979899497487437
20240102,301158,1.829268292682927,1.0,0.5,0.5,0.6666666666666666,-0.2218788627935722,-0.1316440049443757,-0.2164395235587298,high,L5-A,1.0,0.6666666666666666,0.6544715447154471,1.0,0.8308943089430894,Q5高,3,0,0.6666666666666666,0.9817073170731707,1.0,0.6945121951219513,0.9963414634146341
20240102,603868,2.127659574468085,1.0,1.0,0.5,0.8333333333333334,-0.1119834710743802,0.0142561983471074,-0.1551666300082225,high,L5-A,1.0,0.8333333333333334,0.8156028368794326,1.0,0.9131205673758864,Q5高,3,0,0.8333333333333334,0.9787234042553191,1.0,0.7436170212765958,0.9957446808510637
20240102,603613,2.702702702702702,0.5,1.0,0.5,0.6666666666666666,-0.2174490699734277,0.0482728077945084,-0.1253321523472098,high,L5-A,1.0,0.6666666666666666,0.6486486486486487,1.0,0.8297297297297297,Q5高,3,0,0.6666666666666666,0.972972972972973,1.0,0.6918918918918919,0.9945945945945946
20240102,600351,3.5175879396984926,1.0,1.0,1.0,1.0,-0.1862464183381088,-0.0902578796561603,-0.1561251593399095,high,L5-A,1.0,1.0,0.964824120603015,1.0,0.9929648241206028,Q5高,3,0,1.0,0.964824120603015,1.0,0.7894472361809044,0.992964824120603
20240102,002508,4.25531914893617,0.5,1.0,1.0,0.8333333333333334,0.0502363974772914,0.171968343548523,0.0919175077904734,high,L5-A,1.0,0.8333333333333334,0.797872340425532,1.0,0.9095744680851064,Q5高,3,0,0.8333333333333334,0.9574468085106383,1.0,0.7372340425531916,0.9914893617021276
20240102,601958,4.25531914893617,0.5,1.0,1.0,0.8333333333333334,-0.0587618048268625,0.21196222455404,0.1636935991605457,high,L5-A,1.0,0.8333333333333334,0.797872340425532,1.0,0.9095744680851064,Q5高,3,0,0.8333333333333334,0.9574468085106383,1.0,0.7372340425531916,0.9914893617021276
20240102,000786,4.761904761904762,0.5,0.5,0.5,0.5,0.0797570850202429,0.1894736842105264,0.2746906191131815,high,L5-A,1.0,0.5,0.4761904761904761,1.0,0.7452380952380953,Q5高,3,0,0.5,0.9523809523809523,1.0,0.6357142857142857,0.9904761904761905
20240102,300347,5.025125628140704,0.5,0.5,1.0,0.6666666666666666,-0.2265182949830252,0.0015088645794039,-0.0863824971708788,high,L5-A,1.0,0.6666666666666666,0.6331658291457286,1.0,0.8266331658291457,Q5高,3,0,0.6666666666666666,0.949748743718593,1.0,0.6849246231155779,0.9899497487437185
20240102,002478,5.263157894736842,1.0,1.0,0.5,0.8333333333333334,-0.0894454382826476,0.1717352415026831,-0.0390859853490451,high,L5-A,1.0,0.8333333333333334,0.7894736842105264,1.0,0.9078947368421052,Q5高,3,0,0.8333333333333334,0.9473684210526316,1.0,0.7342105263157894,0.9894736842105263
20240102,300005,5.555555555555555,1.0,1.0,1.0,1.0,-0.3073394495412844,-0.1773700305810398,-0.2324159021406727,high,L5-A,1.0,1.0,0.9444444444444444,1.0,0.9888888888888888,Q5高,3,0,1.0,0.9444444444444444,1.0,0.7833333333333332,0.9888888888888889
20240102,002946,6.0606060606060606,1.0,1.0,0.5,0.8333333333333334,-0.1702867072111207,-0.0781928757602086,-0.2345786272806255,high,L5-A,1.0,0.8333333333333334,0.7828282828282829,1.0,0.9065656565656566,Q5高,3,0,0.8333333333333334,0.9393939393939394,1.0,0.7318181818181817,0.9878787878787878
20240102,688569,6.097560975609756,1.0,1.0,1.0,1.0,-0.1506751954513148,-0.1250888415067519,-0.2432735680939693,high,L5-A,1.0,1.0,0.9390243902439024,1.0,0.9878048780487804,Q5高,3,0,1.0,0.9390243902439024,1.0,0.7817073170731708,0.9878048780487805
20240102,301103,7.035175879396985,0.5,0.5,1.0,0.6666666666666666,-0.2090357383681726,-0.057316250842886,-0.2744436952124073,high,L5-A,1.0,0.6666666666666666,0.6197654941373534,1.0,0.8239530988274707,Q5高,3,0,0.6666666666666666,0.9296482412060302,1.0,0.6788944723618091,0.9859296482412061
20240102,603279,7.926829268292683,1.0,1.0,1.0,1.0,-0.1835326586936522,0.0166269303709776,0.0675067338452162,high,L5-A,1.0,1.0,0.9207317073170732,1.0,0.9841463414634146,Q5高,3,0,1.0,0.9207317073170732,1.0,0.7762195121951219,0.9841463414634146
20240102,301073,8.0,0.5,0.5,1.0,0.6666666666666666,-0.1761565836298932,0.0404804270462633,-0.1744444809474176,high,L5-A,1.0,0.6666666666666666,0.6133333333333333,1.0,0.8226666666666667,Q5高,3,0,0.6666666666666666,0.92,1.0,0.6759999999999999,0.984
20240102,002154,8.333333333333332,0.5,1.0,1.0,0.8333333333333334,0.0498281786941581,0.0189003436426116,0.0027556835998432,high,L5-A,1.0,0.8333333333333334,0.763888888888889,1.0,0.9027777777777778,Q5高,3,0,0.8333333333333334,0.9166666666666667,1.0,0.7250000000000001,0.9833333333333334
20240102,002535,8.536585365853659,1.0,1.0,0.5,0.8333333333333334,-0.1663326653306613,-0.0961923847695391,-0.4509018036072144,high,L5-A,1.0,0.8333333333333334,0.7621951219512195,1.0,0.902439024390244,Q5高,3,0,0.8333333333333334,0.9146341463414634,1.0,0.724390243902439,0.9829268292682927
20240102,000739,9.045226130653267,1.0,0.5,0.5,0.6666666666666666,-0.2265978050355067,-0.1697869593285991,-0.0977429509803566,high,L5-A,1.0,0.6666666666666666,0.6063651591289783,1.0,0.8212730318257956,Q5高,3,0,0.6666666666666666,0.9095477386934674,1.0,0.6728643216080401,0.9819095477386934
20240102,000568,9.090909090909092,0.5,0.5,1.0,0.6666666666666666,-0.1500549545901545,0.106901139584659,-0.1727888008329958,high,L5-A,1.0,0.6666666666666666,0.606060606060606,1.0,0.8212121212121212,Q5高,3,0,0.6666666666666666,0.9090909090909091,1.0,0.6727272727272726,0.9818181818181817
20240102,002595,9.146341463414634,1.0,1.0,0.5,0.8333333333333334,-0.0906028965981812,0.2068036375884137,0.3068373189626139,high,L5-A,1.0,0.8333333333333334,0.7571138211382115,1.0,0.9014227642276424,Q5高,3,0,0.8333333333333334,0.9085365853658537,1.0,0.7225609756097562,0.9817073170731707
20240102,688697,9.75609756097561,0.5,1.0,0.5,0.6666666666666666,-0.2690246516613076,0.0659163987138262,-0.1458950335234213,high,L5-A,1.0,0.6666666666666666,0.6016260162601625,1.0,0.8203252032520325,Q5高,3,0,0.6666666666666666,0.9024390243902439,1.0,0.6707317073170731,0.9804878048780488
20240102,600511,10.050251256281408,1.0,0.5,0.5,0.6666666666666666,-0.0100069013112492,0.1414768806073154,0.1170327719673216,high,L5-A,1.0,0.6666666666666666,0.5996649916247906,1.0,0.819932998324958,Q5高,3,0,0.6666666666666666,0.8994974874371859,1.0,0.6698492462311558,0.9798994974874371
20240102,603100,10.365853658536585,0.5,1.0,1.0,0.8333333333333334,-0.1736136281261326,0.0583544762595142,-0.1471547662196447,high,L5-A,1.0,0.8333333333333334,0.7469512195121951,1.0,0.899390243902439,Q5高,3,0,0.8333333333333334,0.8963414634146342,1.0,0.7189024390243903,0.9792682926829268
20240102,300109,10.476190476190476,1.0,1.0,0.5,0.8333333333333334,-0.1699669966996699,0.0786578657865786,0.0152074671900059,high,L5-A,1.0,0.8333333333333334,0.746031746031746,1.0,0.8992063492063492,Q5高,3,0,0.8333333333333334,0.8952380952380953,1.0,0.7185714285714286,0.9790476190476189
20240506,301239,1.3824884792626728,0.5,1.0,1.0,0.8333333333333334,-0.154219204655674,-0.2449791789526081,-0.2587068302443789,high,L5-A,1.0,0.8333333333333334,0.8218125960061444,1.0,0.9143625192012288,Q5高,3,0,0.8333333333333334,0.9861751152073732,1.0,0.745852534562212,0.9972350230414746
20240506,300169,2.73972602739726,1.0,0.5,0.5,0.6666666666666666,-0.1835334476843911,-0.0205831903945111,0.5574614065180103,high,L5-A,1.0,0.6666666666666666,0.6484018264840182,1.0,0.8296803652968036,Q5高,3,0,0.6666666666666666,0.9726027397260274,1.0,0.6917808219178081,0.9945205479452055
20240506,603099,2.7777777777777777,1.0,1.0,1.0,1.0,0.1182588549199821,0.0731756758434536,0.6435758980725768,high,L5-A,1.0,1.0,0.9722222222222222,1.0,0.9944444444444444,Q5高,3,0,1.0,0.9722222222222222,1.0,0.7916666666666665,0.9944444444444445
20240506,603536,3.8461538461538463,1.0,1.0,0.5,0.8333333333333334,-0.1070466640766441,-0.2262417926274993,-0.043408586968984,high,L5-A,1.0,0.8333333333333334,0.8012820512820513,1.0,0.9102564102564102,Q5高,3,0,0.8333333333333334,0.9615384615384616,1.0,0.7384615384615385,0.9923076923076923
20240506,600202,6.422018348623854,1.0,0.5,0.5,0.6666666666666666,-0.0905263157894736,-0.2252631578947368,-0.0166334512046512,high,L5-A,1.0,0.6666666666666666,0.6238532110091742,1.0,0.8247706422018348,Q5高,3,0,0.6666666666666666,0.9357798165137614,1.0,0.6807339449541283,0.9871559633027522
20240506,300543,7.4074074074074066,0.5,0.5,0.5,0.5,0.0535031847133757,-0.0646085182449419,0.1791835003194763,high,L5-A,1.0,0.5,0.4629629629629629,1.0,0.7425925925925926,Q5高,3,0,0.5,0.9259259259259259,1.0,0.6277777777777778,0.9851851851851852
20240506,000931,9.67741935483871,1.0,1.0,0.5,0.8333333333333334,-0.0923423423423424,-0.1013513513513514,0.1193693693693691,high,L5-A,1.0,0.8333333333333334,0.7526881720430108,1.0,0.9005376344086021,Q5高,3,0,0.8333333333333334,0.9032258064516129,1.0,0.7209677419354839,0.9806451612903226
20240506,600085,11.059907834101384,0.5,0.5,0.5,0.5,-0.0161434977578475,-0.1767685493090504,-0.0703885383886636,high,L5-A,1.0,0.5,0.4447004608294931,1.0,0.7389400921658986,Q5高,3,0,0.5,0.8894009216589862,1.0,0.6168202764976958,0.9778801843317972
20240506,000428,13.88888888888889,0.5,1.0,0.5,0.6666666666666666,-0.095679012345679,-0.1203703703703703,0.0740740740740739,high,L5-A,1.0,0.6666666666666666,0.5740740740740741,1.0,0.8148148148148148,Q5高,3,0,0.6666666666666666,0.8611111111111112,1.0,0.6583333333333334,0.9722222222222223
20240506,001215,15.384615384615383,1.0,0.5,0.5,0.6666666666666666,-0.0635504201680672,-0.3166655255377462,-0.1768264783460509,high,L5-A,1.0,0.6666666666666666,0.5641025641025641,1.0,0.8128205128205128,Q5高,3,0,0.6666666666666666,0.8461538461538461,1.0,0.6538461538461537,0.9692307692307691
20240506,300011,16.055045871559635,1.0,1.0,1.0,1.0,-0.1066666666666665,-0.0116666666666667,0.2716666666666667,high,L5-A,1.0,1.0,0.8394495412844036,1.0,0.9678899082568808,Q5高,3,0,1.0,0.8394495412844036,1.0,0.751834862385321,0.9678899082568808
20240506,001219,16.666666666666664,0.5,0.5,1.0,0.6666666666666666,-0.0560046189376444,-0.1459097714477655,0.0339389773961189,high,L5-A,1.0,0.6666666666666666,0.5555555555555556,1.0,0.8111111111111111,Q5高,3,0,0.6666666666666666,0.8333333333333334,1.0,0.6499999999999999,0.9666666666666666
20240506,300957,16.666666666666664,0.5,0.5,1.0,0.6666666666666666,-0.1338028169014083,-0.2138611937936926,-0.1328449922689539,high,L5-A,1.0,0.6666666666666666,0.5555555555555556,1.0,0.8111111111111111,Q5高,3,0,0.6666666666666666,0.8333333333333334,1.0,0.6499999999999999,0.9666666666666666
20240506,300606,16.972477064220186,1.0,1.0,0.5,0.8333333333333334,-0.1641202562838837,-0.0726596774301101,0.0695490798111706,high,L5-A,1.0,0.8333333333333334,0.6918960244648319,1.0,0.8883792048929664,Q5高,3,0,0.8333333333333334,0.8302752293577982,1.0,0.6990825688073394,0.9660550458715595
20240506,603826,17.80821917808219,1.0,0.5,0.5,0.6666666666666666,-0.125503355704698,-0.0859144604025614,-0.1675292407237614,high,L5-A,1.0,0.6666666666666666,0.547945205479452,1.0,0.8095890410958904,Q5高,3,0,0.6666666666666666,0.821917808219178,1.0,0.6465753424657534,0.9643835616438357
20240506,301257,18.433179723502302,1.0,1.0,0.5,0.8333333333333334,-0.1174711661683041,-0.2187604792433614,-0.1959142749044591,high,L5-A,1.0,0.8333333333333334,0.6797235023041475,1.0,0.8859447004608295,Q5高,3,0,0.8333333333333334,0.815668202764977,1.0,0.6947004608294931,0.9631336405529953
20240506,300943,19.26605504587156,1.0,0.5,0.5,0.6666666666666666,0.1949402671928954,0.2251340105446302,0.1418724758474223,high,L5-A,1.0,0.6666666666666666,0.5382262996941896,1.0,0.8076452599388378,Q5高,3,0,0.6666666666666666,0.8073394495412844,1.0,0.6422018348623852,0.9614678899082569
20240506,301289,19.444444444444446,1.0,0.5,1.0,0.8333333333333334,-0.0285714285714285,0.0062860109907991,0.0171673359803563,high,L5-A,1.0,0.8333333333333334,0.6712962962962964,1.0,0.8842592592592593,Q5高,3,0,0.8333333333333334,0.8055555555555556,1.0,0.6916666666666667,0.961111111111111
20240506,002570,20.51282051282051,1.0,1.0,1.0,1.0,-0.1324921135646687,-0.1987381703470031,0.6151419558359623,high,L5-A,1.0,1.0,0.7948717948717949,1.0,0.9589743589743588,Q5高,3,0,1.0,0.7948717948717949,1.0,0.7384615384615385,0.9589743589743589
20240506,300966,21.19815668202765,1.0,0.5,0.5,0.6666666666666666,0.0,-0.1024929935244494,0.0524206851116866,high,L5-A,1.0,0.6666666666666666,0.5253456221198156,1.0,0.8050691244239631,Q5高,3,0,0.6666666666666666,0.7880184331797235,1.0,0.6364055299539171,0.9576036866359448
20240506,300840,21.428571428571427,0.5,1.0,1.0,0.8333333333333334,-0.206559665038381,-0.3894091632787902,-0.2272867687010896,high,L5-A,1.0,0.8333333333333334,0.6547619047619048,1.0,0.8809523809523809,Q5高,3,0,0.8333333333333334,0.7857142857142857,1.0,0.6857142857142857,0.9571428571428571
20240506,688029,22.119815668202765,1.0,0.5,0.5,0.6666666666666666,-0.139078947368421,-0.1996932943365179,-0.0410564988773131,high,L5-A,1.0,0.6666666666666666,0.5192012288786482,1.0,0.8038402457757295,Q5高,3,0,0.6666666666666666,0.7788018433179723,1.0,0.6336405529953917,0.9557603686635945
20240506,000721,22.22222222222222,1.0,1.0,0.5,0.8333333333333334,-0.0748538011695907,-0.176608187134503,0.0619883040935671,high,L5-A,1.0,0.8333333333333334,0.6481481481481481,1.0,0.8796296296296297,Q5高,3,0,0.8333333333333334,0.7777777777777778,1.0,0.6833333333333333,0.9555555555555555
20240506,300189,22.5,0.5,1.0,1.0,0.8333333333333334,-0.1462450592885374,-0.2332015810276679,0.2806324110671938,high,L5-A,1.0,0.8333333333333334,0.6458333333333334,1.0,0.8791666666666667,Q5高,3,0,0.8333333333333334,0.775,1.0,0.6825,0.9550000000000001
20240506,002988,23.333333333333332,0.5,1.0,0.5,0.6666666666666666,-0.1131498470948012,-0.2303771661569826,-0.0194177666803656,high,L5-A,1.0,0.6666666666666666,0.5111111111111111,1.0,0.8022222222222222,Q5高,3,0,0.6666666666666666,0.7666666666666667,1.0,0.63,0.9533333333333334
20240902,605020,1.3157894736842104,1.0,0.5,0.5,0.6666666666666666,0.3569023569023568,0.2101010101010101,0.4242424242424243,high,L5-A,1.0,0.6666666666666666,0.6578947368421052,1.0,0.831578947368421,Q5高,3,0,0.6666666666666666,0.9868421052631579,1.0,0.6960526315789473,0.9973684210526315
20240902,000596,2.631578947368421,0.5,1.0,1.0,0.8333333333333334,0.3516343825665857,0.1546610169491526,0.0245418064135933,high,L5-A,1.0,0.8333333333333334,0.8114035087719299,1.0,0.912280701754386,Q5高,3,0,0.8333333333333334,0.9736842105263158,1.0,0.7421052631578948,0.9947368421052631
20240902,301188,3.1818181818181817,1.0,0.5,0.5,0.6666666666666666,0.443859649122807,0.4517543859649124,0.4359649122807019,high,L5-A,1.0,0.6666666666666666,0.6454545454545454,1.0,0.829090909090909,Q5高,3,0,0.6666666666666666,0.9681818181818181,1.0,0.6904545454545454,0.9936363636363637
20240902,000923,4.0,1.0,1.0,1.0,1.0,0.2887864823348693,0.1720430107526882,0.043010752688172,high,L5-A,1.0,1.0,0.96,1.0,0.992,Q5高,3,0,1.0,0.96,1.0,0.788,0.992
20240902,000423,4.090909090909091,0.5,1.0,1.0,0.8333333333333334,0.2302173833179277,0.2019388964866264,0.183155376036638,high,L5-A,1.0,0.8333333333333334,0.7992424242424243,1.0,0.9098484848484848,Q5高,3,0,0.8333333333333334,0.9590909090909091,1.0,0.7377272727272728,0.9918181818181817
20240902,300641,4.605263157894736,0.5,1.0,0.5,0.6666666666666666,0.5362971299943726,0.3032808210355848,0.4323524536184253,high,L5-A,1.0,0.6666666666666666,0.6359649122807017,1.0,0.8271929824561403,Q5高,3,0,0.6666666666666666,0.9539473684210527,1.0,0.6861842105263158,0.9907894736842104
20240902,300124,4.979253112033195,0.5,0.5,0.5,0.5,0.7816365366317792,0.4980970504281639,0.7224072312083731,high,L5-A,1.0,0.5,0.475103734439834,1.0,0.7450207468879668,Q5高,3,0,0.5,0.950207468879668,1.0,0.6350622406639004,0.9900414937759336
20240902,300233,5.0,1.0,0.5,1.0,0.8333333333333334,0.3856845152189896,0.2045551162560437,0.178627865888119,high,L5-A,1.0,0.8333333333333334,0.7916666666666666,1.0,0.9083333333333332,Q5高,3,0,0.8333333333333334,0.95,1.0,0.7349999999999999,0.99
20240902,000568,5.263157894736842,1.0,0.5,1.0,0.8333333333333334,0.4133333333333333,0.2357333333333333,0.1242301313564153,high,L5-A,1.0,0.8333333333333334,0.7894736842105264,1.0,0.9078947368421052,Q5高,3,0,0.8333333333333334,0.9473684210526316,1.0,0.7342105263157894,0.9894736842105263
20240902,603727,5.555555555555555,1.0,0.5,0.5,0.6666666666666666,0.2158760890609874,0.2071636011616651,0.3175217812197484,high,L5-A,1.0,0.6666666666666666,0.6296296296296295,1.0,0.8259259259259258,Q5高,3,0,0.6666666666666666,0.9444444444444444,1.0,0.6833333333333333,0.9888888888888889
20240902,605098,5.714285714285714,0.5,1.0,1.0,0.8333333333333334,0.2983576642335765,0.1158572545015641,0.2216739640105594,high,L5-A,1.0,0.8333333333333334,0.7857142857142857,1.0,0.9071428571428573,Q5高,3,0,0.8333333333333334,0.9428571428571428,1.0,0.7328571428571429,0.9885714285714287
20240902,603855,5.809128630705394,0.5,1.0,1.0,0.8333333333333334,0.2545126353790612,0.1606498194945849,0.3423586040914561,high,L5-A,1.0,0.8333333333333334,0.784923928077455,1.0,0.906984785615491,Q5高,3,0,0.8333333333333334,0.941908713692946,1.0,0.7325726141078839,0.9883817427385893
20240902,600215,6.224066390041494,1.0,1.0,0.5,0.8333333333333334,0.271062271062271,0.4725274725274726,0.5311355311355312,high,L5-A,1.0,0.8333333333333334,0.7814661134163209,1.0,0.9062932226832642,Q5高,3,0,0.8333333333333334,0.9377593360995851,1.0,0.7313278008298756,0.9875518672199171
20240902,688016,6.363636363636363,1.0,0.5,1.0,0.8333333333333334,0.5596887916362752,0.3108886831358524,0.1339217982622134,high,L5-A,1.0,0.8333333333333334,0.7803030303030304,1.0,0.906060606060606,Q5高,3,0,0.8333333333333334,0.9363636363636364,1.0,0.730909090909091,0.9872727272727273
20240902,001215,6.578947368421052,0.5,1.0,0.5,0.6666666666666666,0.3575605680868838,0.5451127819548873,0.2477025898078528,high,L5-A,1.0,0.6666666666666666,0.6228070175438596,1.0,0.8245614035087719,Q5高,3,0,0.6666666666666666,0.9342105263157895,1.0,0.6802631578947369,0.986842105263158
20240902,600582,6.639004149377594,0.5,1.0,1.0,0.8333333333333334,0.1602787456445993,0.0557491289198606,0.0365853658536585,high,L5-A,1.0,0.8333333333333334,0.7780082987551867,1.0,0.9056016597510372,Q5高,3,0,0.8333333333333334,0.9336099585062241,1.0,0.7300829875518673,0.9867219917012449
20240902,601717,7.468879668049793,1.0,1.0,0.5,0.8333333333333334,0.2179930795847751,0.093425605536332,0.1522491349480967,high,L5-A,1.0,0.8333333333333334,0.7710926694329184,1.0,0.9042185338865836,Q5高,3,0,0.8333333333333334,0.9253112033195021,1.0,0.7275933609958507,0.9850622406639005
20240902,603308,7.883817427385892,1.0,0.5,1.0,0.8333333333333334,0.3744939271255061,0.4321862348178138,0.7945344129554655,high,L5-A,1.0,0.8333333333333334,0.7676348547717843,1.0,0.9035269709543567,Q5高,3,0,0.8333333333333334,0.9211618257261411,1.0,0.7263485477178424,0.9842323651452283
20240902,300783,7.894736842105263,0.5,1.0,0.5,0.6666666666666666,0.6006845407872219,0.9315459212778096,0.7073881938976991,high,L5-A,1.0,0.6666666666666666,0.6140350877192982,1.0,0.8228070175438597,Q5高,3,0,0.6666666666666666,0.9210526315789473,1.0,0.6763157894736842,0.9842105263157894
20240902,002318,8.0,1.0,0.5,0.5,0.6666666666666666,0.1986118526428191,0.3112653497063535,0.203950880939669,high,L5-A,1.0,0.6666666666666666,0.6133333333333333,1.0,0.8226666666666667,Q5高,3,0,0.6666666666666666,0.92,1.0,0.6759999999999999,0.984
20240902,002833,8.29875518672199,1.0,1.0,1.0,1.0,0.268359643102265,0.2920812007322557,0.2801951723705411,high,L5-A,1.0,1.0,0.9170124481327802,1.0,0.983402489626556,Q5高,3,0,1.0,0.9170124481327802,1.0,0.7751037344398339,0.9834024896265561
20240902,603338,9.12863070539419,1.0,1.0,1.0,1.0,0.2467449306296691,0.2779082177161152,0.231590181430096,high,L5-A,1.0,1.0,0.908713692946058,1.0,0.9817427385892116,Q5高,3,0,1.0,0.9087136929460581,1.0,0.7726141078838173,0.9817427385892117
20240902,600809,9.210526315789473,0.5,0.5,1.0,0.6666666666666666,0.3784042044911611,0.2032369804108935,0.1929347018263083,high,L5-A,1.0,0.6666666666666666,0.6052631578947368,1.0,0.8210526315789474,Q5高,3,0,0.6666666666666666,0.9078947368421053,1.0,0.6723684210526315,0.9815789473684211
20240902,002849,9.54356846473029,0.5,0.5,0.5,0.5,0.5515409139213601,1.2667375132837404,0.8012752391073326,high,L5-A,1.0,0.5,0.4522821576763485,1.0,0.7404564315352697,Q5高,3,0,0.5,0.9045643153526971,1.0,0.6213692946058091,0.9809128630705395
20240902,002832,9.75609756097561,1.0,1.0,1.0,1.0,0.3646067415730338,0.1016853932584269,0.0337078651685394,high,L5-A,1.0,1.0,0.902439024390244,1.0,0.9804878048780488,Q5高,3,0,1.0,0.9024390243902439,1.0,0.7707317073170732,0.9804878048780488
20250102,688169,2.0408163265306123,1.0,1.0,1.0,1.0,0.0147526100771675,0.113572401270994,-0.0121659902943227,high,L5-A,1.0,1.0,0.979591836734694,1.0,0.9959183673469388,Q5高,3,0,1.0,0.9795918367346939,1.0,0.7938775510204081,0.9959183673469387
20250102,688065,2.2058823529411766,0.5,0.5,1.0,0.6666666666666666,0.0990712074303405,0.3054695562435501,0.226264189886481,high,L5-A,1.0,0.6666666666666666,0.6519607843137254,1.0,0.830392156862745,Q5高,3,0,0.6666666666666666,0.9779411764705882,1.0,0.6933823529411764,0.9955882352941177
20250102,603198,3.1746031746031744,0.5,1.0,0.5,0.6666666666666666,0.0313575525812619,0.0342256214149139,-0.2272040890351838,high,L5-A,1.0,0.6666666666666666,0.6455026455026455,1.0,0.829100529100529,Q5高,3,0,0.6666666666666666,0.9682539682539683,1.0,0.6904761904761905,0.9936507936507937
20250102,603055,3.4482758620689653,1.0,1.0,0.5,0.8333333333333334,-0.0148560817084494,0.0770659238625812,-0.1248656929806063,high,L5-A,1.0,0.8333333333333334,0.8045977011494253,1.0,0.9109195402298852,Q5高,3,0,0.8333333333333334,0.9655172413793104,1.0,0.7396551724137932,0.993103448275862
20250102,000521,4.081632653061225,1.0,1.0,0.5,0.8333333333333334,-0.0285714285714284,0.0236024844720497,-0.098040282922571,high,L5-A,1.0,0.8333333333333334,0.7993197278911565,1.0,0.9098639455782312,Q5高,3,0,0.8333333333333334,0.9591836734693877,1.0,0.7377551020408162,0.9918367346938775
20250102,688789,4.371584699453552,1.0,0.5,1.0,0.8333333333333334,0.0456184354914563,0.2534880075246903,0.1408893537329107,high,L5-A,1.0,0.8333333333333334,0.7969034608378871,1.0,0.9093806921675774,Q5高,3,0,0.8333333333333334,0.9562841530054644,1.0,0.7368852459016393,0.9912568306010929
20250102,300662,5.88235294117647,1.0,0.5,0.5,0.6666666666666666,-0.0075117370892018,0.5586854460093895,0.36211336334306,high,L5-A,1.0,0.6666666666666666,0.6274509803921569,1.0,0.8254901960784313,Q5高,3,0,0.6666666666666666,0.9411764705882353,1.0,0.6823529411764706,0.9882352941176471
20250102,000568,6.349206349206349,1.0,0.5,1.0,0.8333333333333334,-0.0487090613407166,0.0940556274590422,-0.0596588120624779,high,L5-A,1.0,0.8333333333333334,0.7804232804232805,1.0,0.9060846560846562,Q5高,3,0,0.8333333333333334,0.9365079365079365,1.0,0.730952380952381,0.9873015873015873
20250102,688187,7.103825136612022,1.0,1.0,1.0,1.0,-0.0371244635193134,0.0036480686695277,-0.0697424892703862,high,L5-A,1.0,1.0,0.9289617486338798,1.0,0.985792349726776,Q5高,3,0,1.0,0.9289617486338798,1.0,0.7786885245901638,0.985792349726776
20250102,601677,7.272727272727272,0.5,0.5,0.5,0.5,0.0203031010970553,0.0923344662077279,0.0689085338117381,high,L5-A,1.0,0.5,0.4636363636363636,1.0,0.7427272727272728,Q5高,3,0,0.5,0.9272727272727272,1.0,0.6281818181818182,0.9854545454545454
20250102,300218,7.352941176470589,0.5,1.0,0.5,0.6666666666666666,0.0468445022771633,0.0709173715029276,-0.0107158792747008,high,L5-A,1.0,0.6666666666666666,0.6176470588235294,1.0,0.8235294117647058,Q5高,3,0,0.6666666666666666,0.9264705882352942,1.0,0.6779411764705883,0.9852941176470589
20250102,600809,7.936507936507936,0.5,0.5,1.0,0.6666666666666666,-0.0328042419938432,0.2103764057334189,-0.0061956753376503,high,L5-A,1.0,0.6666666666666666,0.6137566137566137,1.0,0.8227513227513227,Q5高,3,0,0.6666666666666666,0.9206349206349207,1.0,0.6761904761904762,0.9841269841269842
20250102,300957,8.333333333333332,0.5,0.5,0.5,0.5,-0.0581533349157369,0.038215048658913,0.0719582568603887,high,L5-A,1.0,0.5,0.4583333333333333,1.0,0.7416666666666667,Q5高,3,0,0.5,0.9166666666666667,1.0,0.625,0.9833333333333334
20250102,603298,8.743169398907105,1.0,1.0,0.5,0.8333333333333334,0.0639599555061181,0.185761957730812,0.2143762242928821,high,L5-A,1.0,0.8333333333333334,0.7604735883424408,1.0,0.902094717668488,Q5高,3,0,0.8333333333333334,0.912568306010929,1.0,0.7237704918032786,0.9825136612021859
20250102,688253,9.523809523809524,1.0,1.0,1.0,1.0,-0.1619237336368809,0.0187820147979511,-0.1054459646399705,high,L5-A,1.0,1.0,0.9047619047619048,1.0,0.9809523809523808,Q5高,3,0,1.0,0.9047619047619048,1.0,0.7714285714285714,0.980952380952381
20250102,600987,10.344827586206897,1.0,0.5,0.5,0.6666666666666666,0.0,0.0345323741007195,0.0624254566360764,high,L5-A,1.0,0.6666666666666666,0.5977011494252873,1.0,0.8195402298850575,Q5高,3,0,0.6666666666666666,0.896551724137931,1.0,0.6689655172413793,0.9793103448275862
20250102,300758,11.76470588235294,0.5,1.0,0.5,0.6666666666666666,0.1415254237288135,0.1389830508474576,0.2745762711864405,high,L5-A,1.0,0.6666666666666666,0.588235294117647,1.0,0.8176470588235294,Q5高,3,0,0.6666666666666666,0.8823529411764706,1.0,0.6647058823529413,0.9764705882352942
20250102,603619,11.76470588235294,1.0,0.5,1.0,0.8333333333333334,-0.0010509721492381,-0.023646873357856,0.0472937467157119,high,L5-A,1.0,0.8333333333333334,0.7352941176470589,1.0,0.8970588235294118,Q5高,3,0,0.8333333333333334,0.8823529411764706,1.0,0.7147058823529411,0.9764705882352942
20250102,688520,12.698412698412698,1.0,1.0,1.0,1.0,0.0376984126984125,0.1933106575963719,0.7817460317460316,high,L5-A,1.0,1.0,0.873015873015873,1.0,0.9746031746031746,Q5高,3,0,1.0,0.873015873015873,1.0,0.7619047619047619,0.9746031746031747
20250102,600988,12.727272727272728,0.5,1.0,1.0,0.8333333333333334,0.1939655172413792,0.4008620689655171,0.5683764409268184,high,L5-A,1.0,0.8333333333333334,0.7272727272727273,1.0,0.8954545454545455,Q5高,3,0,0.8333333333333334,0.8727272727272727,1.0,0.7118181818181817,0.9745454545454546
20250102,600426,13.23529411764706,0.5,0.5,0.5,0.5,-0.0165876777251186,0.0758293838862558,0.037080469961658,high,L5-A,1.0,0.5,0.4338235294117647,1.0,0.736764705882353,Q5高,3,0,0.5,0.8676470588235294,1.0,0.6102941176470589,0.973529411764706
20250102,601101,13.333333333333334,1.0,0.5,0.5,0.6666666666666666,-0.0495662949194547,-0.0830235439900867,-0.1016109045848823,high,L5-A,1.0,0.6666666666666666,0.5777777777777777,1.0,0.8155555555555555,Q5高,3,0,0.6666666666666666,0.8666666666666667,1.0,0.6599999999999999,0.9733333333333334
20250102,301036,14.705882352941178,0.5,1.0,0.5,0.6666666666666666,0.052910052910053,0.1060846560846562,0.0157936036346546,high,L5-A,1.0,0.6666666666666666,0.5686274509803921,1.0,0.8137254901960784,Q5高,3,0,0.6666666666666666,0.8529411764705882,1.0,0.6558823529411764,0.9705882352941175
20250102,300529,16.93121693121693,1.0,1.0,1.0,1.0,-0.0769764216366157,-0.073509015256588,-0.2278835699126579,high,L5-A,1.0,1.0,0.8306878306878307,1.0,0.966137566137566,Q5高,3,0,1.0,0.8306878306878307,1.0,0.7492063492063492,0.9661375661375662
20250102,605098,17.647058823529413,1.0,1.0,1.0,1.0,0.0295429208472686,0.0939241917502786,0.0231800625796632,high,L5-A,1.0,1.0,0.8235294117647058,1.0,0.9647058823529412,Q5高,3,0,1.0,0.8235294117647058,1.0,0.7470588235294118,0.9647058823529411
20250506,301363,0.4524886877828055,1.0,0.5,1.0,0.8333333333333334,-0.0164609053497941,0.077336777213316,0.3547625567532255,high,L5-A,1.0,0.8333333333333334,0.8295625942684767,1.0,0.9159125188536952,Q5高,3,0,0.8333333333333334,0.995475113122172,1.0,0.7486425339366516,0.9990950226244344
20250506,002917,1.30718954248366,1.0,0.5,0.5,0.6666666666666666,-0.0406681190994916,0.0767366023036097,0.0277275314107146,high,L5-A,1.0,0.6666666666666666,0.6579520697167756,1.0,0.8315904139433551,Q5高,3,0,0.6666666666666666,0.9869281045751634,1.0,0.696078431372549,0.9973856209150327
20250506,300811,1.4705882352941175,1.0,0.5,1.0,0.8333333333333334,-0.0352278064819163,0.3854524680000091,0.8764481399870696,high,L5-A,1.0,0.8333333333333334,0.8210784313725491,1.0,0.9142156862745098,Q5高,3,0,0.8333333333333334,0.9852941176470589,1.0,0.7455882352941177,0.9970588235294118
20250506,002353,1.6326530612244898,1.0,0.5,1.0,0.8333333333333334,0.1324315125490918,0.2579681477713633,0.6518027933233872,high,L5-A,1.0,0.8333333333333334,0.8197278911564626,1.0,0.9139455782312924,Q5高,3,0,0.8333333333333334,0.9836734693877551,1.0,0.7451020408163265,0.996734693877551
20250506,300677,1.809954751131222,0.5,1.0,0.5,0.6666666666666666,0.0478935698447893,0.6603310433438951,0.7156802898683547,high,L5-A,1.0,0.6666666666666666,0.6546003016591251,1.0,0.830920060331825,Q5高,3,0,0.6666666666666666,0.9819004524886877,1.0,0.6945701357466063,0.9963800904977376
20250506,002668,1.818181818181818,1.0,0.5,0.5,0.6666666666666666,-0.0213385063045586,0.0019398642095054,0.069835111542192,high,L5-A,1.0,0.6666666666666666,0.6545454545454545,1.0,0.8309090909090909,Q5高,3,0,0.6666666666666666,0.9818181818181818,1.0,0.6945454545454546,0.9963636363636363
20250506,600299,1.96078431372549,1.0,1.0,0.5,0.8333333333333334,-0.0105950859350709,0.0371621292244115,-0.0220152895601647,high,L5-A,1.0,0.8333333333333334,0.8169934640522876,1.0,0.9133986928104576,Q5高,3,0,0.8333333333333334,0.9803921568627451,1.0,0.7441176470588236,0.996078431372549
20250506,300151,2.0408163265306123,1.0,0.5,0.5,0.6666666666666666,-0.0838281986042952,0.0346815866508707,0.043797723978191,high,L5-A,1.0,0.6666666666666666,0.6530612244897959,1.0,0.8306122448979592,Q5高,3,0,0.6666666666666666,0.9795918367346939,1.0,0.693877551020408,0.9959183673469387
20250506,301110,2.1739130434782608,0.5,1.0,1.0,0.8333333333333334,-0.0402602684017895,0.1141313028752273,0.5579388963848624,high,L5-A,1.0,0.8333333333333334,0.8152173913043479,1.0,0.9130434782608696,Q5高,3,0,0.8333333333333334,0.9782608695652174,1.0,0.7434782608695651,0.9956521739130435
20250506,300012,2.5,0.5,0.5,1.0,0.6666666666666666,-0.0255889450599862,0.0655992552686248,0.2848317052708951,high,L5-A,1.0,0.6666666666666666,0.6499999999999999,1.0,0.83,Q5高,3,0,0.6666666666666666,0.975,1.0,0.6924999999999999,0.9949999999999999
20250506,300979,2.5,0.5,1.0,0.5,0.6666666666666666,0.069152185563835,0.0489718876105729,0.2196053232692145,high,L5-A,1.0,0.6666666666666666,0.6499999999999999,1.0,0.83,Q5高,3,0,0.6666666666666666,0.975,1.0,0.6924999999999999,0.9949999999999999
20250506,603667,2.857142857142857,0.5,0.5,0.5,0.5,-0.0463157894736843,-0.1049123046411697,0.2135171232652462,high,L5-A,1.0,0.5,0.4857142857142857,1.0,0.7471428571428572,Q5高,3,0,0.5,0.9714285714285714,1.0,0.6414285714285715,0.9942857142857142
20250506,002150,3.6734693877551026,0.5,0.5,0.5,0.5,-0.043924606913029,0.1424290714005331,0.8815419694461106,high,L5-A,1.0,0.5,0.4816326530612245,1.0,0.746326530612245,Q5高,3,0,0.5,0.963265306122449,1.0,0.6389795918367347,0.9926530612244897
20250506,300218,3.92156862745098,1.0,1.0,0.5,0.8333333333333334,0.0590327169274538,0.1328180231434288,0.3165573449048791,high,L5-A,1.0,0.8333333333333334,0.8006535947712419,1.0,0.9101307189542484,Q5高,3,0,0.8333333333333334,0.9607843137254902,1.0,0.7382352941176471,0.9921568627450981
20250506,002398,4.0,0.5,0.5,0.5,0.5,-0.0146137787056367,0.1797802412735045,0.1309763823719028,high,L5-A,1.0,0.5,0.48,1.0,0.746,Q5高,3,0,0.5,0.96,1.0,0.6379999999999999,0.992
20250506,000680,4.081632653061225,1.0,0.5,0.5,0.6666666666666666,0.013651877133106,0.1322341360899512,0.2734068834777263,high,L5-A,1.0,0.6666666666666666,0.6394557823129251,1.0,0.8278911564625849,Q5高,3,0,0.6666666666666666,0.9591836734693877,1.0,0.6877551020408164,0.9918367346938775
20250506,603025,4.8979591836734695,1.0,1.0,1.0,1.0,-0.0294199850818451,0.0561071287425711,0.4516700301804974,high,L5-A,1.0,1.0,0.9510204081632652,1.0,0.990204081632653,Q5高,3,0,1.0,0.9510204081632653,1.0,0.7853061224489795,0.9902040816326529
20250506,603099,5.0,0.5,0.5,1.0,0.6666666666666666,0.0140629776826659,0.1168107418807202,0.6523896655590464,high,L5-A,1.0,0.6666666666666666,0.6333333333333333,1.0,0.8266666666666667,Q5高,3,0,0.6666666666666666,0.95,1.0,0.685,0.99
20250506,600216,5.429864253393665,0.5,1.0,0.5,0.6666666666666666,0.133630289532294,0.2124051309338062,0.1120052079204672,high,L5-A,1.0,0.6666666666666666,0.6304675716440422,1.0,0.8260935143288084,Q5高,3,0,0.6666666666666666,0.9457013574660633,1.0,0.683710407239819,0.9891402714932127
20250506,605555,5.454545454545454,0.5,1.0,0.5,0.6666666666666666,-0.0128078817733989,0.0650502881570096,0.3041166219512741,high,L5-A,1.0,0.6666666666666666,0.6303030303030303,1.0,0.826060606060606,Q5高,3,0,0.6666666666666666,0.9454545454545454,1.0,0.6836363636363636,0.989090909090909
20250506,688009,5.714285714285714,1.0,0.5,0.5,0.6666666666666666,-0.007843137254902,0.075496802701648,0.075496802701648,high,L5-A,1.0,0.6666666666666666,0.6285714285714286,1.0,0.8257142857142857,Q5高,3,0,0.6666666666666666,0.9428571428571428,1.0,0.6828571428571428,0.9885714285714287
20250506,300783,6.493506493506493,1.0,1.0,0.5,0.8333333333333334,0.0346841913106972,-0.0653523183643665,-0.1387367652427893,high,L5-A,1.0,0.8333333333333334,0.7792207792207793,1.0,0.905844155844156,Q5高,3,0,0.8333333333333334,0.935064935064935,1.0,0.7305194805194806,0.9870129870129869
20250506,000423,6.787330316742081,0.5,1.0,0.5,0.6666666666666666,0.0238007380073801,-0.0237047694086184,-0.0790274241940532,high,L5-A,1.0,0.6666666666666666,0.6214177978883861,1.0,0.8242835595776772,Q5高,3,0,0.6666666666666666,0.9321266968325792,1.0,0.6796380090497738,0.9864253393665159
20250506,000702,6.976744186046512,1.0,1.0,0.5,0.8333333333333334,0.0595419847328244,0.1541984732824426,0.1145038167938932,high,L5-A,1.0,0.8333333333333334,0.7751937984496124,1.0,0.9050387596899224,Q5高,3,0,0.8333333333333334,0.9302325581395349,1.0,0.7290697674418605,0.9860465116279069
20250506,600511,7.239819004524888,1.0,0.5,0.5,0.6666666666666666,0.0406091370558376,0.0371099863904877,0.038153356598124,high,L5-A,1.0,0.6666666666666666,0.6184012066365008,1.0,0.8236802413273001,Q5高,3,0,0.6666666666666666,0.9276018099547512,1.0,0.6782805429864254,0.9855203619909503
